lead_indices,lead_names,measurement_contacts,sensitivity_threshold,meets_af,meets_ischemia,meets_conduction,meets_ectopy,disease_groups_met
0,I,2,0.5,1,1,1,0,3
0,I,2,0.6,1,0,1,0,2
0,I,2,0.7,1,0,1,0,2
0,I,2,0.8,1,0,0,0,1
0,I,2,0.9,1,0,0,0,1
0;1,I;II,3,0.5,1,1,1,0,3
0;1,I;II,3,0.6,1,1,1,0,3
0;1,I;II,3,0.7,1,0,1,0,2
0;1,I;II,3,0.8,1,0,1,0,2
0;1,I;II,3,0.9,1,0,0,0,1
0;1;2,I;II;III,3,0.5,1,1,1,0,3
0;1;2,I;II;III,3,0.6,1,1,1,0,3
0;1;2,I;II;III,3,0.7,1,0,1,0,2
0;1;2,I;II;III,3,0.8,1,0,1,0,2
0;1;2,I;II;III,3,0.9,1,0,0,0,1
0;1;2;3,I;II;III;aVR,3,0.5,1,1,1,0,3
0;1;2;3,I;II;III;aVR,3,0.6,1,1,1,0,3
0;1;2;3,I;II;III;aVR,3,0.7,1,0,1,0,2
0;1;2;3,I;II;III;aVR,3,0.8,1,0,1,0,2
0;1;2;3,I;II;III;aVR,3,0.9,1,0,0,0,1
0;1;2;3;4,I;II;III;aVR;aVL,3,0.5,1,1,1,0,3
0;1;2;3;4,I;II;III;aVR;aVL,3,0.6,1,1,1,0,3
0;1;2;3;4,I;II;III;aVR;aVL,3,0.7,1,0,1,0,2
0;1;2;3;4,I;II;III;aVR;aVL,3,0.8,1,0,1,0,2
0;1;2;3;4,I;II;III;aVR;aVL,3,0.9,1,0,0,0,1
0;1;2;3;4;5,I;II;III;aVR;aVL;aVF,3,0.5,1,1,1,0,3
0;1;2;3;4;5,I;II;III;aVR;aVL;aVF,3,0.6,1,1,1,0,3
0;1;2;3;4;5,I;II;III;aVR;aVL;aVF,3,0.7,1,0,1,0,2
0;1;2;3;4;5,I;II;III;aVR;aVL;aVF,3,0.8,1,0,1,0,2
0;1;2;3;4;5,I;II;III;aVR;aVL;aVF,3,0.9,1,0,0,0,1
0;1;2;3;4;5;6,I;II;III;aVR;aVL;aVF;V1,4,0.5,1,1,1,0,3
0;1;2;3;4;5;6,I;II;III;aVR;aVL;aVF;V1,4,0.6,1,1,1,0,3
0;1;2;3;4;5;6,I;II;III;aVR;aVL;aVF;V1,4,0.7,1,0,1,0,2
0;1;2;3;4;5;6,I;II;III;aVR;aVL;aVF;V1,4,0.8,1,0,1,0,2
0;1;2;3;4;5;6,I;II;III;aVR;aVL;aVF;V1,4,0.9,1,0,0,0,1
0;1;2;3;4;5;6;7,I;II;III;aVR;aVL;aVF;V1;V2,5,0.5,1,1,1,0,3
0;1;2;3;4;5;6;7,I;II;III;aVR;aVL;aVF;V1;V2,5,0.6,1,1,1,0,3
0;1;2;3;4;5;6;7,I;II;III;aVR;aVL;aVF;V1;V2,5,0.7,1,0,1,0,2
0;1;2;3;4;5;6;7,I;II;III;aVR;aVL;aVF;V1;V2,5,0.8,1,0,1,0,2
0;1;2;3;4;5;6;7,I;II;III;aVR;aVL;aVF;V1;V2,5,0.9,1,0,0,0,1
0;1;2;3;4;5;6;7;8,I;II;III;aVR;aVL;aVF;V1;V2;V3,6,0.5,1,1,1,0,3
0;1;2;3;4;5;6;7;8,I;II;III;aVR;aVL;aVF;V1;V2;V3,6,0.6,1,0,1,0,2
0;1;2;3;4;5;6;7;8,I;II;III;aVR;aVL;aVF;V1;V2;V3,6,0.7,1,0,1,0,2
0;1;2;3;4;5;6;7;8,I;II;III;aVR;aVL;aVF;V1;V2;V3,6,0.8,1,0,1,0,2
0;1;2;3;4;5;6;7;8,I;II;III;aVR;aVL;aVF;V1;V2;V3,6,0.9,1,0,0,0,1
0;1;2;3;4;5;6;7;8;9,I;II;III;aVR;aVL;aVF;V1;V2;V3;V4,7,0.5,1,1,1,0,3
0;1;2;3;4;5;6;7;8;9,I;II;III;aVR;aVL;aVF;V1;V2;V3;V4,7,0.6,1,0,1,0,2
0;1;2;3;4;5;6;7;8;9,I;II;III;aVR;aVL;aVF;V1;V2;V3;V4,7,0.7,1,0,1,0,2
0;1;2;3;4;5;6;7;8;9,I;II;III;aVR;aVL;aVF;V1;V2;V3;V4,7,0.8,1,0,1,0,2
0;1;2;3;4;5;6;7;8;9,I;II;III;aVR;aVL;aVF;V1;V2;V3;V4,7,0.9,1,0,0,0,1
0;1;2;3;4;5;6;7;8;9;10,I;II;III;aVR;aVL;aVF;V1;V2;V3;V4;V5,8,0.5,1,1,1,0,3
0;1;2;3;4;5;6;7;8;9;10,I;II;III;aVR;aVL;aVF;V1;V2;V3;V4;V5,8,0.6,1,0,1,0,2
0;1;2;3;4;5;6;7;8;9;10,I;II;III;aVR;aVL;aVF;V1;V2;V3;V4;V5,8,0.7,1,0,1,0,2
0;1;2;3;4;5;6;7;8;9;10,I;II;III;aVR;aVL;aVF;V1;V2;V3;V4;V5,8,0.8,1,0,1,0,2
0;1;2;3;4;5;6;7;8;9;10,I;II;III;aVR;aVL;aVF;V1;V2;V3;V4;V5,8,0.9,1,0,0,0,1
0;1;2;3;4;5;6;7;8;9;10;11,I;II;III;aVR;aVL;aVF;V1;V2;V3;V4;V5;V6,9,0.5,1,1,1,0,3
0;1;2;3;4;5;6;7;8;9;10;11,I;II;III;aVR;aVL;aVF;V1;V2;V3;V4;V5;V6,9,0.6,1,0,1,0,2
0;1;2;3;4;5;6;7;8;9;10;11,I;II;III;aVR;aVL;aVF;V1;V2;V3;V4;V5;V6,9,0.7,1,0,1,0,2
0;1;2;3;4;5;6;7;8;9;10;11,I;II;III;aVR;aVL;aVF;V1;V2;V3;V4;V5;V6,9,0.8,1,0,1,0,2
0;1;2;3;4;5;6;7;8;9;10;11,I;II;III;aVR;aVL;aVF;V1;V2;V3;V4;V5;V6,9,0.9,1,0,0,0,1
0;1;2;3;4;5;6;7;8;9;11,I;II;III;aVR;aVL;aVF;V1;V2;V3;V4;V6,8,0.5,1,1,1,0,3
0;1;2;3;4;5;6;7;8;9;11,I;II;III;aVR;aVL;aVF;V1;V2;V3;V4;V6,8,0.6,1,0,1,0,2
0;1;2;3;4;5;6;7;8;9;11,I;II;III;aVR;aVL;aVF;V1;V2;V3;V4;V6,8,0.7,1,0,1,0,2
0;1;2;3;4;5;6;7;8;9;11,I;II;III;aVR;aVL;aVF;V1;V2;V3;V4;V6,8,0.8,1,0,1,0,2
0;1;2;3;4;5;6;7;8;9;11,I;II;III;aVR;aVL;aVF;V1;V2;V3;V4;V6,8,0.9,1,0,0,0,1
0;1;2;3;4;5;6;7;8;10,I;II;III;aVR;aVL;aVF;V1;V2;V3;V5,7,0.5,1,1,1,0,3
0;1;2;3;4;5;6;7;8;10,I;II;III;aVR;aVL;aVF;V1;V2;V3;V5,7,0.6,1,0,1,0,2
0;1;2;3;4;5;6;7;8;10,I;II;III;aVR;aVL;aVF;V1;V2;V3;V5,7,0.7,1,0,1,0,2
0;1;2;3;4;5;6;7;8;10,I;II;III;aVR;aVL;aVF;V1;V2;V3;V5,7,0.8,1,0,1,0,2
0;1;2;3;4;5;6;7;8;10,I;II;III;aVR;aVL;aVF;V1;V2;V3;V5,7,0.9,1,0,0,0,1
0;1;2;3;4;5;6;7;8;10;11,I;II;III;aVR;aVL;aVF;V1;V2;V3;V5;V6,8,0.5,1,1,1,0,3
0;1;2;3;4;5;6;7;8;10;11,I;II;III;aVR;aVL;aVF;V1;V2;V3;V5;V6,8,0.6,1,0,1,0,2
0;1;2;3;4;5;6;7;8;10;11,I;II;III;aVR;aVL;aVF;V1;V2;V3;V5;V6,8,0.7,1,0,1,0,2
0;1;2;3;4;5;6;7;8;10;11,I;II;III;aVR;aVL;aVF;V1;V2;V3;V5;V6,8,0.8,1,0,1,0,2
0;1;2;3;4;5;6;7;8;10;11,I;II;III;aVR;aVL;aVF;V1;V2;V3;V5;V6,8,0.9,1,0,0,0,1
0;1;2;3;4;5;6;7;8;11,I;II;III;aVR;aVL;aVF;V1;V2;V3;V6,7,0.5,1,1,1,0,3
0;1;2;3;4;5;6;7;8;11,I;II;III;aVR;aVL;aVF;V1;V2;V3;V6,7,0.6,1,0,1,0,2
0;1;2;3;4;5;6;7;8;11,I;II;III;aVR;aVL;aVF;V1;V2;V3;V6,7,0.7,1,0,1,0,2
0;1;2;3;4;5;6;7;8;11,I;II;III;aVR;aVL;aVF;V1;V2;V3;V6,7,0.8,1,0,1,0,2
0;1;2;3;4;5;6;7;8;11,I;II;III;aVR;aVL;aVF;V1;V2;V3;V6,7,0.9,1,0,0,0,1
0;1;2;3;4;5;6;7;9,I;II;III;aVR;aVL;aVF;V1;V2;V4,6,0.5,1,1,1,0,3
0;1;2;3;4;5;6;7;9,I;II;III;aVR;aVL;aVF;V1;V2;V4,6,0.6,1,0,1,0,2
0;1;2;3;4;5;6;7;9,I;II;III;aVR;aVL;aVF;V1;V2;V4,6,0.7,1,0,1,0,2
0;1;2;3;4;5;6;7;9,I;II;III;aVR;aVL;aVF;V1;V2;V4,6,0.8,1,0,1,0,2
0;1;2;3;4;5;6;7;9,I;II;III;aVR;aVL;aVF;V1;V2;V4,6,0.9,1,0,0,0,1
0;1;2;3;4;5;6;7;9;10,I;II;III;aVR;aVL;aVF;V1;V2;V4;V5,7,0.5,1,1,1,0,3
0;1;2;3;4;5;6;7;9;10,I;II;III;aVR;aVL;aVF;V1;V2;V4;V5,7,0.6,1,0,1,0,2
0;1;2;3;4;5;6;7;9;10,I;II;III;aVR;aVL;aVF;V1;V2;V4;V5,7,0.7,1,0,1,0,2
0;1;2;3;4;5;6;7;9;10,I;II;III;aVR;aVL;aVF;V1;V2;V4;V5,7,0.8,1,0,1,0,2
0;1;2;3;4;5;6;7;9;10,I;II;III;aVR;aVL;aVF;V1;V2;V4;V5,7,0.9,1,0,0,0,1
0;1;2;3;4;5;6;7;9;10;11,I;II;III;aVR;aVL;aVF;V1;V2;V4;V5;V6,8,0.5,1,1,1,0,3
0;1;2;3;4;5;6;7;9;10;11,I;II;III;aVR;aVL;aVF;V1;V2;V4;V5;V6,8,0.6,1,0,1,0,2
0;1;2;3;4;5;6;7;9;10;11,I;II;III;aVR;aVL;aVF;V1;V2;V4;V5;V6,8,0.7,1,0,1,0,2
0;1;2;3;4;5;6;7;9;10;11,I;II;III;aVR;aVL;aVF;V1;V2;V4;V5;V6,8,0.8,1,0,1,0,2
0;1;2;3;4;5;6;7;9;10;11,I;II;III;aVR;aVL;aVF;V1;V2;V4;V5;V6,8,0.9,1,0,0,0,1
0;1;2;3;4;5;6;7;9;11,I;II;III;aVR;aVL;aVF;V1;V2;V4;V6,7,0.5,1,1,1,0,3
0;1;2;3;4;5;6;7;9;11,I;II;III;aVR;aVL;aVF;V1;V2;V4;V6,7,0.6,1,1,1,0,3
0;1;2;3;4;5;6;7;9;11,I;II;III;aVR;aVL;aVF;V1;V2;V4;V6,7,0.7,1,0,1,0,2
0;1;2;3;4;5;6;7;9;11,I;II;III;aVR;aVL;aVF;V1;V2;V4;V6,7,0.8,1,0,1,0,2
0;1;2;3;4;5;6;7;9;11,I;II;III;aVR;aVL;aVF;V1;V2;V4;V6,7,0.9,1,0,0,0,1
0;1;2;3;4;5;6;7;10,I;II;III;aVR;aVL;aVF;V1;V2;V5,6,0.5,1,1,1,0,3
0;1;2;3;4;5;6;7;10,I;II;III;aVR;aVL;aVF;V1;V2;V5,6,0.6,1,0,1,0,2
0;1;2;3;4;5;6;7;10,I;II;III;aVR;aVL;aVF;V1;V2;V5,6,0.7,1,0,1,0,2
0;1;2;3;4;5;6;7;10,I;II;III;aVR;aVL;aVF;V1;V2;V5,6,0.8,1,0,1,0,2
0;1;2;3;4;5;6;7;10,I;II;III;aVR;aVL;aVF;V1;V2;V5,6,0.9,1,0,0,0,1
0;1;2;3;4;5;6;7;10;11,I;II;III;aVR;aVL;aVF;V1;V2;V5;V6,7,0.5,1,1,1,0,3
0;1;2;3;4;5;6;7;10;11,I;II;III;aVR;aVL;aVF;V1;V2;V5;V6,7,0.6,1,1,1,0,3
0;1;2;3;4;5;6;7;10;11,I;II;III;aVR;aVL;aVF;V1;V2;V5;V6,7,0.7,1,0,1,0,2
0;1;2;3;4;5;6;7;10;11,I;II;III;aVR;aVL;aVF;V1;V2;V5;V6,7,0.8,1,0,1,0,2
0;1;2;3;4;5;6;7;10;11,I;II;III;aVR;aVL;aVF;V1;V2;V5;V6,7,0.9,1,0,0,0,1
0;1;2;3;4;5;6;7;11,I;II;III;aVR;aVL;aVF;V1;V2;V6,6,0.5,1,1,1,0,3
0;1;2;3;4;5;6;7;11,I;II;III;aVR;aVL;aVF;V1;V2;V6,6,0.6,1,1,1,0,3
0;1;2;3;4;5;6;7;11,I;II;III;aVR;aVL;aVF;V1;V2;V6,6,0.7,1,0,1,0,2
0;1;2;3;4;5;6;7;11,I;II;III;aVR;aVL;aVF;V1;V2;V6,6,0.8,1,0,1,0,2
0;1;2;3;4;5;6;7;11,I;II;III;aVR;aVL;aVF;V1;V2;V6,6,0.9,1,0,0,0,1
0;1;2;3;4;5;6;8,I;II;III;aVR;aVL;aVF;V1;V3,5,0.5,1,1,1,0,3
0;1;2;3;4;5;6;8,I;II;III;aVR;aVL;aVF;V1;V3,5,0.6,1,0,1,0,2
0;1;2;3;4;5;6;8,I;II;III;aVR;aVL;aVF;V1;V3,5,0.7,1,0,1,0,2
0;1;2;3;4;5;6;8,I;II;III;aVR;aVL;aVF;V1;V3,5,0.8,1,0,1,0,2
0;1;2;3;4;5;6;8,I;II;III;aVR;aVL;aVF;V1;V3,5,0.9,1,0,0,0,1
0;1;2;3;4;5;6;8;9,I;II;III;aVR;aVL;aVF;V1;V3;V4,6,0.5,1,1,1,0,3
0;1;2;3;4;5;6;8;9,I;II;III;aVR;aVL;aVF;V1;V3;V4,6,0.6,1,0,1,0,2
0;1;2;3;4;5;6;8;9,I;II;III;aVR;aVL;aVF;V1;V3;V4,6,0.7,1,0,1,0,2
0;1;2;3;4;5;6;8;9,I;II;III;aVR;aVL;aVF;V1;V3;V4,6,0.8,1,0,1,0,2
0;1;2;3;4;5;6;8;9,I;II;III;aVR;aVL;aVF;V1;V3;V4,6,0.9,1,0,0,0,1
0;1;2;3;4;5;6;8;9;10,I;II;III;aVR;aVL;aVF;V1;V3;V4;V5,7,0.5,1,1,1,0,3
0;1;2;3;4;5;6;8;9;10,I;II;III;aVR;aVL;aVF;V1;V3;V4;V5,7,0.6,1,0,1,0,2
0;1;2;3;4;5;6;8;9;10,I;II;III;aVR;aVL;aVF;V1;V3;V4;V5,7,0.7,1,0,1,0,2
0;1;2;3;4;5;6;8;9;10,I;II;III;aVR;aVL;aVF;V1;V3;V4;V5,7,0.8,1,0,1,0,2
0;1;2;3;4;5;6;8;9;10,I;II;III;aVR;aVL;aVF;V1;V3;V4;V5,7,0.9,1,0,0,0,1
0;1;2;3;4;5;6;8;9;10;11,I;II;III;aVR;aVL;aVF;V1;V3;V4;V5;V6,8,0.5,1,1,1,0,3
0;1;2;3;4;5;6;8;9;10;11,I;II;III;aVR;aVL;aVF;V1;V3;V4;V5;V6,8,0.6,1,0,1,0,2
0;1;2;3;4;5;6;8;9;10;11,I;II;III;aVR;aVL;aVF;V1;V3;V4;V5;V6,8,0.7,1,0,1,0,2
0;1;2;3;4;5;6;8;9;10;11,I;II;III;aVR;aVL;aVF;V1;V3;V4;V5;V6,8,0.8,1,0,1,0,2
0;1;2;3;4;5;6;8;9;10;11,I;II;III;aVR;aVL;aVF;V1;V3;V4;V5;V6,8,0.9,1,0,0,0,1
0;1;2;3;4;5;6;8;9;11,I;II;III;aVR;aVL;aVF;V1;V3;V4;V6,7,0.5,1,1,1,0,3
0;1;2;3;4;5;6;8;9;11,I;II;III;aVR;aVL;aVF;V1;V3;V4;V6,7,0.6,1,0,1,0,2
0;1;2;3;4;5;6;8;9;11,I;II;III;aVR;aVL;aVF;V1;V3;V4;V6,7,0.7,1,0,1,0,2
0;1;2;3;4;5;6;8;9;11,I;II;III;aVR;aVL;aVF;V1;V3;V4;V6,7,0.8,1,0,1,0,2
0;1;2;3;4;5;6;8;9;11,I;II;III;aVR;aVL;aVF;V1;V3;V4;V6,7,0.9,1,0,0,0,1
0;1;2;3;4;5;6;8;10,I;II;III;aVR;aVL;aVF;V1;V3;V5,6,0.5,1,1,1,0,3
0;1;2;3;4;5;6;8;10,I;II;III;aVR;aVL;aVF;V1;V3;V5,6,0.6,1,0,1,0,2
0;1;2;3;4;5;6;8;10,I;II;III;aVR;aVL;aVF;V1;V3;V5,6,0.7,1,0,1,0,2
0;1;2;3;4;5;6;8;10,I;II;III;aVR;aVL;aVF;V1;V3;V5,6,0.8,1,0,1,0,2
0;1;2;3;4;5;6;8;10,I;II;III;aVR;aVL;aVF;V1;V3;V5,6,0.9,1,0,0,0,1
0;1;2;3;4;5;6;8;10;11,I;II;III;aVR;aVL;aVF;V1;V3;V5;V6,7,0.5,1,1,1,0,3
0;1;2;3;4;5;6;8;10;11,I;II;III;aVR;aVL;aVF;V1;V3;V5;V6,7,0.6,1,0,1,0,2
0;1;2;3;4;5;6;8;10;11,I;II;III;aVR;aVL;aVF;V1;V3;V5;V6,7,0.7,1,0,1,0,2
0;1;2;3;4;5;6;8;10;11,I;II;III;aVR;aVL;aVF;V1;V3;V5;V6,7,0.8,1,0,1,0,2
0;1;2;3;4;5;6;8;10;11,I;II;III;aVR;aVL;aVF;V1;V3;V5;V6,7,0.9,1,0,0,0,1
0;1;2;3;4;5;6;8;11,I;II;III;aVR;aVL;aVF;V1;V3;V6,6,0.5,1,1,1,0,3
0;1;2;3;4;5;6;8;11,I;II;III;aVR;aVL;aVF;V1;V3;V6,6,0.6,1,0,1,0,2
0;1;2;3;4;5;6;8;11,I;II;III;aVR;aVL;aVF;V1;V3;V6,6,0.7,1,0,1,0,2
0;1;2;3;4;5;6;8;11,I;II;III;aVR;aVL;aVF;V1;V3;V6,6,0.8,1,0,1,0,2
0;1;2;3;4;5;6;8;11,I;II;III;aVR;aVL;aVF;V1;V3;V6,6,0.9,1,0,0,0,1
0;1;2;3;4;5;6;9,I;II;III;aVR;aVL;aVF;V1;V4,5,0.5,1,1,1,0,3
0;1;2;3;4;5;6;9,I;II;III;aVR;aVL;aVF;V1;V4,5,0.6,1,0,1,0,2
0;1;2;3;4;5;6;9,I;II;III;aVR;aVL;aVF;V1;V4,5,0.7,1,0,1,0,2
0;1;2;3;4;5;6;9,I;II;III;aVR;aVL;aVF;V1;V4,5,0.8,1,0,1,0,2
0;1;2;3;4;5;6;9,I;II;III;aVR;aVL;aVF;V1;V4,5,0.9,1,0,0,0,1
0;1;2;3;4;5;6;9;10,I;II;III;aVR;aVL;aVF;V1;V4;V5,6,0.5,1,1,1,0,3
0;1;2;3;4;5;6;9;10,I;II;III;aVR;aVL;aVF;V1;V4;V5,6,0.6,1,0,1,0,2
0;1;2;3;4;5;6;9;10,I;II;III;aVR;aVL;aVF;V1;V4;V5,6,0.7,1,0,1,0,2
0;1;2;3;4;5;6;9;10,I;II;III;aVR;aVL;aVF;V1;V4;V5,6,0.8,1,0,1,0,2
0;1;2;3;4;5;6;9;10,I;II;III;aVR;aVL;aVF;V1;V4;V5,6,0.9,1,0,0,0,1
0;1;2;3;4;5;6;9;10;11,I;II;III;aVR;aVL;aVF;V1;V4;V5;V6,7,0.5,1,1,1,0,3
0;1;2;3;4;5;6;9;10;11,I;II;III;aVR;aVL;aVF;V1;V4;V5;V6,7,0.6,1,0,1,0,2
0;1;2;3;4;5;6;9;10;11,I;II;III;aVR;aVL;aVF;V1;V4;V5;V6,7,0.7,1,0,1,0,2
0;1;2;3;4;5;6;9;10;11,I;II;III;aVR;aVL;aVF;V1;V4;V5;V6,7,0.8,1,0,1,0,2
0;1;2;3;4;5;6;9;10;11,I;II;III;aVR;aVL;aVF;V1;V4;V5;V6,7,0.9,1,0,0,0,1
0;1;2;3;4;5;6;9;11,I;II;III;aVR;aVL;aVF;V1;V4;V6,6,0.5,1,1,1,0,3
0;1;2;3;4;5;6;9;11,I;II;III;aVR;aVL;aVF;V1;V4;V6,6,0.6,1,0,1,0,2
0;1;2;3;4;5;6;9;11,I;II;III;aVR;aVL;aVF;V1;V4;V6,6,0.7,1,0,1,0,2
0;1;2;3;4;5;6;9;11,I;II;III;aVR;aVL;aVF;V1;V4;V6,6,0.8,1,0,1,0,2
0;1;2;3;4;5;6;9;11,I;II;III;aVR;aVL;aVF;V1;V4;V6,6,0.9,1,0,0,0,1
0;1;2;3;4;5;6;10,I;II;III;aVR;aVL;aVF;V1;V5,5,0.5,1,1,1,0,3
0;1;2;3;4;5;6;10,I;II;III;aVR;aVL;aVF;V1;V5,5,0.6,1,0,1,0,2
0;1;2;3;4;5;6;10,I;II;III;aVR;aVL;aVF;V1;V5,5,0.7,1,0,1,0,2
0;1;2;3;4;5;6;10,I;II;III;aVR;aVL;aVF;V1;V5,5,0.8,1,0,1,0,2
0;1;2;3;4;5;6;10,I;II;III;aVR;aVL;aVF;V1;V5,5,0.9,1,0,0,0,1
0;1;2;3;4;5;6;10;11,I;II;III;aVR;aVL;aVF;V1;V5;V6,6,0.5,1,1,1,0,3
0;1;2;3;4;5;6;10;11,I;II;III;aVR;aVL;aVF;V1;V5;V6,6,0.6,1,0,1,0,2
0;1;2;3;4;5;6;10;11,I;II;III;aVR;aVL;aVF;V1;V5;V6,6,0.7,1,0,1,0,2
0;1;2;3;4;5;6;10;11,I;II;III;aVR;aVL;aVF;V1;V5;V6,6,0.8,1,0,1,0,2
0;1;2;3;4;5;6;10;11,I;II;III;aVR;aVL;aVF;V1;V5;V6,6,0.9,1,0,0,0,1
0;1;2;3;4;5;6;11,I;II;III;aVR;aVL;aVF;V1;V6,5,0.5,1,1,1,0,3
0;1;2;3;4;5;6;11,I;II;III;aVR;aVL;aVF;V1;V6,5,0.6,1,1,1,0,3
0;1;2;3;4;5;6;11,I;II;III;aVR;aVL;aVF;V1;V6,5,0.7,1,0,1,0,2
0;1;2;3;4;5;6;11,I;II;III;aVR;aVL;aVF;V1;V6,5,0.8,1,0,1,0,2
0;1;2;3;4;5;6;11,I;II;III;aVR;aVL;aVF;V1;V6,5,0.9,1,0,0,0,1
0;1;2;3;4;5;7,I;II;III;aVR;aVL;aVF;V2,4,0.5,1,1,1,0,3
0;1;2;3;4;5;7,I;II;III;aVR;aVL;aVF;V2,4,0.6,1,0,1,0,2
0;1;2;3;4;5;7,I;II;III;aVR;aVL;aVF;V2,4,0.7,1,0,1,0,2
0;1;2;3;4;5;7,I;II;III;aVR;aVL;aVF;V2,4,0.8,1,0,1,0,2
0;1;2;3;4;5;7,I;II;III;aVR;aVL;aVF;V2,4,0.9,1,0,0,0,1
0;1;2;3;4;5;7;8,I;II;III;aVR;aVL;aVF;V2;V3,5,0.5,1,1,1,0,3
0;1;2;3;4;5;7;8,I;II;III;aVR;aVL;aVF;V2;V3,5,0.6,1,1,1,0,3
0;1;2;3;4;5;7;8,I;II;III;aVR;aVL;aVF;V2;V3,5,0.7,1,0,1,0,2
0;1;2;3;4;5;7;8,I;II;III;aVR;aVL;aVF;V2;V3,5,0.8,1,0,1,0,2
0;1;2;3;4;5;7;8,I;II;III;aVR;aVL;aVF;V2;V3,5,0.9,1,0,0,0,1
0;1;2;3;4;5;7;8;9,I;II;III;aVR;aVL;aVF;V2;V3;V4,6,0.5,1,1,1,0,3
0;1;2;3;4;5;7;8;9,I;II;III;aVR;aVL;aVF;V2;V3;V4,6,0.6,1,1,1,0,3
0;1;2;3;4;5;7;8;9,I;II;III;aVR;aVL;aVF;V2;V3;V4,6,0.7,1,0,1,0,2
0;1;2;3;4;5;7;8;9,I;II;III;aVR;aVL;aVF;V2;V3;V4,6,0.8,1,0,1,0,2
0;1;2;3;4;5;7;8;9,I;II;III;aVR;aVL;aVF;V2;V3;V4,6,0.9,1,0,0,0,1
0;1;2;3;4;5;7;8;9;10,I;II;III;aVR;aVL;aVF;V2;V3;V4;V5,7,0.5,1,1,1,0,3
0;1;2;3;4;5;7;8;9;10,I;II;III;aVR;aVL;aVF;V2;V3;V4;V5,7,0.6,1,0,1,0,2
0;1;2;3;4;5;7;8;9;10,I;II;III;aVR;aVL;aVF;V2;V3;V4;V5,7,0.7,1,0,1,0,2
0;1;2;3;4;5;7;8;9;10,I;II;III;aVR;aVL;aVF;V2;V3;V4;V5,7,0.8,1,0,1,0,2
0;1;2;3;4;5;7;8;9;10,I;II;III;aVR;aVL;aVF;V2;V3;V4;V5,7,0.9,1,0,0,0,1
0;1;2;3;4;5;7;8;9;10;11,I;II;III;aVR;aVL;aVF;V2;V3;V4;V5;V6,8,0.5,1,1,1,0,3
0;1;2;3;4;5;7;8;9;10;11,I;II;III;aVR;aVL;aVF;V2;V3;V4;V5;V6,8,0.6,1,1,1,0,3
0;1;2;3;4;5;7;8;9;10;11,I;II;III;aVR;aVL;aVF;V2;V3;V4;V5;V6,8,0.7,1,0,1,0,2
0;1;2;3;4;5;7;8;9;10;11,I;II;III;aVR;aVL;aVF;V2;V3;V4;V5;V6,8,0.8,1,0,1,0,2
0;1;2;3;4;5;7;8;9;10;11,I;II;III;aVR;aVL;aVF;V2;V3;V4;V5;V6,8,0.9,1,0,0,0,1
0;1;2;3;4;5;7;8;9;11,I;II;III;aVR;aVL;aVF;V2;V3;V4;V6,7,0.5,1,1,1,0,3
0;1;2;3;4;5;7;8;9;11,I;II;III;aVR;aVL;aVF;V2;V3;V4;V6,7,0.6,1,1,1,0,3
0;1;2;3;4;5;7;8;9;11,I;II;III;aVR;aVL;aVF;V2;V3;V4;V6,7,0.7,1,0,1,0,2
0;1;2;3;4;5;7;8;9;11,I;II;III;aVR;aVL;aVF;V2;V3;V4;V6,7,0.8,1,0,1,0,2
0;1;2;3;4;5;7;8;9;11,I;II;III;aVR;aVL;aVF;V2;V3;V4;V6,7,0.9,1,0,0,0,1
0;1;2;3;4;5;7;8;10,I;II;III;aVR;aVL;aVF;V2;V3;V5,6,0.5,1,1,1,0,3
0;1;2;3;4;5;7;8;10,I;II;III;aVR;aVL;aVF;V2;V3;V5,6,0.6,1,0,1,0,2
0;1;2;3;4;5;7;8;10,I;II;III;aVR;aVL;aVF;V2;V3;V5,6,0.7,1,0,1,0,2
0;1;2;3;4;5;7;8;10,I;II;III;aVR;aVL;aVF;V2;V3;V5,6,0.8,1,0,0,0,1
0;1;2;3;4;5;7;8;10,I;II;III;aVR;aVL;aVF;V2;V3;V5,6,0.9,1,0,0,0,1
0;1;2;3;4;5;7;8;10;11,I;II;III;aVR;aVL;aVF;V2;V3;V5;V6,7,0.5,1,1,1,0,3
0;1;2;3;4;5;7;8;10;11,I;II;III;aVR;aVL;aVF;V2;V3;V5;V6,7,0.6,1,0,1,0,2
0;1;2;3;4;5;7;8;10;11,I;II;III;aVR;aVL;aVF;V2;V3;V5;V6,7,0.7,1,0,1,0,2
0;1;2;3;4;5;7;8;10;11,I;II;III;aVR;aVL;aVF;V2;V3;V5;V6,7,0.8,1,0,0,0,1
0;1;2;3;4;5;7;8;10;11,I;II;III;aVR;aVL;aVF;V2;V3;V5;V6,7,0.9,1,0,0,0,1
0;1;2;3;4;5;7;8;11,I;II;III;aVR;aVL;aVF;V2;V3;V6,6,0.5,1,1,1,0,3
0;1;2;3;4;5;7;8;11,I;II;III;aVR;aVL;aVF;V2;V3;V6,6,0.6,1,1,1,0,3
0;1;2;3;4;5;7;8;11,I;II;III;aVR;aVL;aVF;V2;V3;V6,6,0.7,1,0,1,0,2
0;1;2;3;4;5;7;8;11,I;II;III;aVR;aVL;aVF;V2;V3;V6,6,0.8,1,0,1,0,2
0;1;2;3;4;5;7;8;11,I;II;III;aVR;aVL;aVF;V2;V3;V6,6,0.9,1,0,0,0,1
0;1;2;3;4;5;7;9,I;II;III;aVR;aVL;aVF;V2;V4,5,0.5,1,1,1,0,3
0;1;2;3;4;5;7;9,I;II;III;aVR;aVL;aVF;V2;V4,5,0.6,1,1,1,0,3
0;1;2;3;4;5;7;9,I;II;III;aVR;aVL;aVF;V2;V4,5,0.7,1,0,1,0,2
0;1;2;3;4;5;7;9,I;II;III;aVR;aVL;aVF;V2;V4,5,0.8,1,0,1,0,2
0;1;2;3;4;5;7;9,I;II;III;aVR;aVL;aVF;V2;V4,5,0.9,1,0,0,0,1
0;1;2;3;4;5;7;9;10,I;II;III;aVR;aVL;aVF;V2;V4;V5,6,0.5,1,1,1,0,3
0;1;2;3;4;5;7;9;10,I;II;III;aVR;aVL;aVF;V2;V4;V5,6,0.6,1,0,1,0,2
0;1;2;3;4;5;7;9;10,I;II;III;aVR;aVL;aVF;V2;V4;V5,6,0.7,1,0,1,0,2
0;1;2;3;4;5;7;9;10,I;II;III;aVR;aVL;aVF;V2;V4;V5,6,0.8,1,0,1,0,2
0;1;2;3;4;5;7;9;10,I;II;III;aVR;aVL;aVF;V2;V4;V5,6,0.9,1,0,0,0,1
0;1;2;3;4;5;7;9;10;11,I;II;III;aVR;aVL;aVF;V2;V4;V5;V6,7,0.5,1,1,1,0,3
0;1;2;3;4;5;7;9;10;11,I;II;III;aVR;aVL;aVF;V2;V4;V5;V6,7,0.6,1,0,1,0,2
0;1;2;3;4;5;7;9;10;11,I;II;III;aVR;aVL;aVF;V2;V4;V5;V6,7,0.7,1,0,1,0,2
0;1;2;3;4;5;7;9;10;11,I;II;III;aVR;aVL;aVF;V2;V4;V5;V6,7,0.8,1,0,0,0,1
0;1;2;3;4;5;7;9;10;11,I;II;III;aVR;aVL;aVF;V2;V4;V5;V6,7,0.9,1,0,0,0,1
0;1;2;3;4;5;7;9;11,I;II;III;aVR;aVL;aVF;V2;V4;V6,6,0.5,1,1,1,0,3
0;1;2;3;4;5;7;9;11,I;II;III;aVR;aVL;aVF;V2;V4;V6,6,0.6,1,0,1,0,2
0;1;2;3;4;5;7;9;11,I;II;III;aVR;aVL;aVF;V2;V4;V6,6,0.7,1,0,1,0,2
0;1;2;3;4;5;7;9;11,I;II;III;aVR;aVL;aVF;V2;V4;V6,6,0.8,1,0,1,0,2
0;1;2;3;4;5;7;9;11,I;II;III;aVR;aVL;aVF;V2;V4;V6,6,0.9,1,0,0,0,1
0;1;2;3;4;5;7;10,I;II;III;aVR;aVL;aVF;V2;V5,5,0.5,1,1,1,0,3
0;1;2;3;4;5;7;10,I;II;III;aVR;aVL;aVF;V2;V5,5,0.6,1,0,1,0,2
0;1;2;3;4;5;7;10,I;II;III;aVR;aVL;aVF;V2;V5,5,0.7,1,0,1,0,2
0;1;2;3;4;5;7;10,I;II;III;aVR;aVL;aVF;V2;V5,5,0.8,1,0,1,0,2
0;1;2;3;4;5;7;10,I;II;III;aVR;aVL;aVF;V2;V5,5,0.9,1,0,0,0,1
0;1;2;3;4;5;7;10;11,I;II;III;aVR;aVL;aVF;V2;V5;V6,6,0.5,1,1,1,0,3
0;1;2;3;4;5;7;10;11,I;II;III;aVR;aVL;aVF;V2;V5;V6,6,0.6,1,0,1,0,2
0;1;2;3;4;5;7;10;11,I;II;III;aVR;aVL;aVF;V2;V5;V6,6,0.7,1,0,1,0,2
0;1;2;3;4;5;7;10;11,I;II;III;aVR;aVL;aVF;V2;V5;V6,6,0.8,1,0,0,0,1
0;1;2;3;4;5;7;10;11,I;II;III;aVR;aVL;aVF;V2;V5;V6,6,0.9,1,0,0,0,1
0;1;2;3;4;5;7;11,I;II;III;aVR;aVL;aVF;V2;V6,5,0.5,1,1,1,0,3
0;1;2;3;4;5;7;11,I;II;III;aVR;aVL;aVF;V2;V6,5,0.6,1,1,1,0,3
0;1;2;3;4;5;7;11,I;II;III;aVR;aVL;aVF;V2;V6,5,0.7,1,0,1,0,2
0;1;2;3;4;5;7;11,I;II;III;aVR;aVL;aVF;V2;V6,5,0.8,1,0,1,0,2
0;1;2;3;4;5;7;11,I;II;III;aVR;aVL;aVF;V2;V6,5,0.9,1,0,0,0,1
0;1;2;3;4;5;8,I;II;III;aVR;aVL;aVF;V3,4,0.5,1,1,1,0,3
0;1;2;3;4;5;8,I;II;III;aVR;aVL;aVF;V3,4,0.6,1,0,1,0,2
0;1;2;3;4;5;8,I;II;III;aVR;aVL;aVF;V3,4,0.7,1,0,1,0,2
0;1;2;3;4;5;8,I;II;III;aVR;aVL;aVF;V3,4,0.8,1,0,0,0,1
0;1;2;3;4;5;8,I;II;III;aVR;aVL;aVF;V3,4,0.9,1,0,0,0,1
0;1;2;3;4;5;8;9,I;II;III;aVR;aVL;aVF;V3;V4,5,0.5,1,1,1,0,3
0;1;2;3;4;5;8;9,I;II;III;aVR;aVL;aVF;V3;V4,5,0.6,1,1,1,0,3
0;1;2;3;4;5;8;9,I;II;III;aVR;aVL;aVF;V3;V4,5,0.7,1,0,1,0,2
0;1;2;3;4;5;8;9,I;II;III;aVR;aVL;aVF;V3;V4,5,0.8,1,0,1,0,2
0;1;2;3;4;5;8;9,I;II;III;aVR;aVL;aVF;V3;V4,5,0.9,1,0,0,0,1
0;1;2;3;4;5;8;9;10,I;II;III;aVR;aVL;aVF;V3;V4;V5,6,0.5,1,1,1,0,3
0;1;2;3;4;5;8;9;10,I;II;III;aVR;aVL;aVF;V3;V4;V5,6,0.6,1,0,1,0,2
0;1;2;3;4;5;8;9;10,I;II;III;aVR;aVL;aVF;V3;V4;V5,6,0.7,1,0,1,0,2
0;1;2;3;4;5;8;9;10,I;II;III;aVR;aVL;aVF;V3;V4;V5,6,0.8,1,0,0,0,1
0;1;2;3;4;5;8;9;10,I;II;III;aVR;aVL;aVF;V3;V4;V5,6,0.9,1,0,0,0,1
0;1;2;3;4;5;8;9;10;11,I;II;III;aVR;aVL;aVF;V3;V4;V5;V6,7,0.5,1,1,1,0,3
0;1;2;3;4;5;8;9;10;11,I;II;III;aVR;aVL;aVF;V3;V4;V5;V6,7,0.6,1,0,1,0,2
0;1;2;3;4;5;8;9;10;11,I;II;III;aVR;aVL;aVF;V3;V4;V5;V6,7,0.7,1,0,1,0,2
0;1;2;3;4;5;8;9;10;11,I;II;III;aVR;aVL;aVF;V3;V4;V5;V6,7,0.8,1,0,0,0,1
0;1;2;3;4;5;8;9;10;11,I;II;III;aVR;aVL;aVF;V3;V4;V5;V6,7,0.9,1,0,0,0,1
0;1;2;3;4;5;8;9;11,I;II;III;aVR;aVL;aVF;V3;V4;V6,6,0.5,1,1,1,0,3
0;1;2;3;4;5;8;9;11,I;II;III;aVR;aVL;aVF;V3;V4;V6,6,0.6,1,0,1,0,2
0;1;2;3;4;5;8;9;11,I;II;III;aVR;aVL;aVF;V3;V4;V6,6,0.7,1,0,1,0,2
0;1;2;3;4;5;8;9;11,I;II;III;aVR;aVL;aVF;V3;V4;V6,6,0.8,1,0,0,0,1
0;1;2;3;4;5;8;9;11,I;II;III;aVR;aVL;aVF;V3;V4;V6,6,0.9,1,0,0,0,1
0;1;2;3;4;5;8;10,I;II;III;aVR;aVL;aVF;V3;V5,5,0.5,1,1,1,0,3
0;1;2;3;4;5;8;10,I;II;III;aVR;aVL;aVF;V3;V5,5,0.6,1,0,1,0,2
0;1;2;3;4;5;8;10,I;II;III;aVR;aVL;aVF;V3;V5,5,0.7,1,0,1,0,2
0;1;2;3;4;5;8;10,I;II;III;aVR;aVL;aVF;V3;V5,5,0.8,1,0,0,0,1
0;1;2;3;4;5;8;10,I;II;III;aVR;aVL;aVF;V3;V5,5,0.9,1,0,0,0,1
0;1;2;3;4;5;8;10;11,I;II;III;aVR;aVL;aVF;V3;V5;V6,6,0.5,1,1,1,0,3
0;1;2;3;4;5;8;10;11,I;II;III;aVR;aVL;aVF;V3;V5;V6,6,0.6,1,0,1,0,2
0;1;2;3;4;5;8;10;11,I;II;III;aVR;aVL;aVF;V3;V5;V6,6,0.7,1,0,1,0,2
0;1;2;3;4;5;8;10;11,I;II;III;aVR;aVL;aVF;V3;V5;V6,6,0.8,1,0,0,0,1
0;1;2;3;4;5;8;10;11,I;II;III;aVR;aVL;aVF;V3;V5;V6,6,0.9,1,0,0,0,1
0;1;2;3;4;5;8;11,I;II;III;aVR;aVL;aVF;V3;V6,5,0.5,1,1,1,0,3
0;1;2;3;4;5;8;11,I;II;III;aVR;aVL;aVF;V3;V6,5,0.6,1,0,1,0,2
0;1;2;3;4;5;8;11,I;II;III;aVR;aVL;aVF;V3;V6,5,0.7,1,0,1,0,2
0;1;2;3;4;5;8;11,I;II;III;aVR;aVL;aVF;V3;V6,5,0.8,1,0,0,0,1
0;1;2;3;4;5;8;11,I;II;III;aVR;aVL;aVF;V3;V6,5,0.9,1,0,0,0,1
0;1;2;3;4;5;9,I;II;III;aVR;aVL;aVF;V4,4,0.5,1,1,1,0,3
0;1;2;3;4;5;9,I;II;III;aVR;aVL;aVF;V4,4,0.6,1,0,1,0,2
0;1;2;3;4;5;9,I;II;III;aVR;aVL;aVF;V4,4,0.7,1,0,1,0,2
0;1;2;3;4;5;9,I;II;III;aVR;aVL;aVF;V4,4,0.8,1,0,1,0,2
0;1;2;3;4;5;9,I;II;III;aVR;aVL;aVF;V4,4,0.9,1,0,0,0,1
0;1;2;3;4;5;9;10,I;II;III;aVR;aVL;aVF;V4;V5,5,0.5,1,1,1,0,3
0;1;2;3;4;5;9;10,I;II;III;aVR;aVL;aVF;V4;V5,5,0.6,1,0,1,0,2
0;1;2;3;4;5;9;10,I;II;III;aVR;aVL;aVF;V4;V5,5,0.7,1,0,1,0,2
0;1;2;3;4;5;9;10,I;II;III;aVR;aVL;aVF;V4;V5,5,0.8,1,0,1,0,2
0;1;2;3;4;5;9;10,I;II;III;aVR;aVL;aVF;V4;V5,5,0.9,1,0,0,0,1
0;1;2;3;4;5;9;10;11,I;II;III;aVR;aVL;aVF;V4;V5;V6,6,0.5,1,1,1,0,3
0;1;2;3;4;5;9;10;11,I;II;III;aVR;aVL;aVF;V4;V5;V6,6,0.6,1,0,1,0,2
0;1;2;3;4;5;9;10;11,I;II;III;aVR;aVL;aVF;V4;V5;V6,6,0.7,1,0,1,0,2
0;1;2;3;4;5;9;10;11,I;II;III;aVR;aVL;aVF;V4;V5;V6,6,0.8,1,0,1,0,2
0;1;2;3;4;5;9;10;11,I;II;III;aVR;aVL;aVF;V4;V5;V6,6,0.9,1,0,0,0,1
0;1;2;3;4;5;9;11,I;II;III;aVR;aVL;aVF;V4;V6,5,0.5,1,1,1,0,3
0;1;2;3;4;5;9;11,I;II;III;aVR;aVL;aVF;V4;V6,5,0.6,1,0,1,0,2
0;1;2;3;4;5;9;11,I;II;III;aVR;aVL;aVF;V4;V6,5,0.7,1,0,1,0,2
0;1;2;3;4;5;9;11,I;II;III;aVR;aVL;aVF;V4;V6,5,0.8,1,0,0,0,1
0;1;2;3;4;5;9;11,I;II;III;aVR;aVL;aVF;V4;V6,5,0.9,1,0,0,0,1
0;1;2;3;4;5;10,I;II;III;aVR;aVL;aVF;V5,4,0.5,1,1,1,0,3
0;1;2;3;4;5;10,I;II;III;aVR;aVL;aVF;V5,4,0.6,1,0,1,0,2
0;1;2;3;4;5;10,I;II;III;aVR;aVL;aVF;V5,4,0.7,1,0,1,0,2
0;1;2;3;4;5;10,I;II;III;aVR;aVL;aVF;V5,4,0.8,1,0,0,0,1
0;1;2;3;4;5;10,I;II;III;aVR;aVL;aVF;V5,4,0.9,1,0,0,0,1
0;1;2;3;4;5;10;11,I;II;III;aVR;aVL;aVF;V5;V6,5,0.5,1,1,1,0,3
0;1;2;3;4;5;10;11,I;II;III;aVR;aVL;aVF;V5;V6,5,0.6,1,1,1,0,3
0;1;2;3;4;5;10;11,I;II;III;aVR;aVL;aVF;V5;V6,5,0.7,1,0,1,0,2
0;1;2;3;4;5;10;11,I;II;III;aVR;aVL;aVF;V5;V6,5,0.8,1,0,0,0,1
0;1;2;3;4;5;10;11,I;II;III;aVR;aVL;aVF;V5;V6,5,0.9,1,0,0,0,1
0;1;2;3;4;5;11,I;II;III;aVR;aVL;aVF;V6,4,0.5,1,1,1,0,3
0;1;2;3;4;5;11,I;II;III;aVR;aVL;aVF;V6,4,0.6,1,1,1,0,3
0;1;2;3;4;5;11,I;II;III;aVR;aVL;aVF;V6,4,0.7,1,0,1,0,2
0;1;2;3;4;5;11,I;II;III;aVR;aVL;aVF;V6,4,0.8,1,0,1,0,2
0;1;2;3;4;5;11,I;II;III;aVR;aVL;aVF;V6,4,0.9,1,0,0,0,1
0;1;2;3;4;6,I;II;III;aVR;aVL;V1,4,0.5,1,1,1,0,3
0;1;2;3;4;6,I;II;III;aVR;aVL;V1,4,0.6,1,1,1,0,3
0;1;2;3;4;6,I;II;III;aVR;aVL;V1,4,0.7,1,0,1,0,2
0;1;2;3;4;6,I;II;III;aVR;aVL;V1,4,0.8,1,0,1,0,2
0;1;2;3;4;6,I;II;III;aVR;aVL;V1,4,0.9,1,0,0,0,1
0;1;2;3;4;6;7,I;II;III;aVR;aVL;V1;V2,5,0.5,1,1,1,0,3
0;1;2;3;4;6;7,I;II;III;aVR;aVL;V1;V2,5,0.6,1,0,1,0,2
0;1;2;3;4;6;7,I;II;III;aVR;aVL;V1;V2,5,0.7,1,0,1,0,2
0;1;2;3;4;6;7,I;II;III;aVR;aVL;V1;V2,5,0.8,1,0,1,0,2
0;1;2;3;4;6;7,I;II;III;aVR;aVL;V1;V2,5,0.9,1,0,0,0,1
0;1;2;3;4;6;7;8,I;II;III;aVR;aVL;V1;V2;V3,6,0.5,1,1,1,0,3
0;1;2;3;4;6;7;8,I;II;III;aVR;aVL;V1;V2;V3,6,0.6,1,0,1,0,2
0;1;2;3;4;6;7;8,I;II;III;aVR;aVL;V1;V2;V3,6,0.7,1,0,1,0,2
0;1;2;3;4;6;7;8,I;II;III;aVR;aVL;V1;V2;V3,6,0.8,1,0,1,0,2
0;1;2;3;4;6;7;8,I;II;III;aVR;aVL;V1;V2;V3,6,0.9,1,0,0,0,1
0;1;2;3;4;6;7;8;9,I;II;III;aVR;aVL;V1;V2;V3;V4,7,0.5,1,1,1,0,3
0;1;2;3;4;6;7;8;9,I;II;III;aVR;aVL;V1;V2;V3;V4,7,0.6,1,0,1,0,2
0;1;2;3;4;6;7;8;9,I;II;III;aVR;aVL;V1;V2;V3;V4,7,0.7,1,0,1,0,2
0;1;2;3;4;6;7;8;9,I;II;III;aVR;aVL;V1;V2;V3;V4,7,0.8,1,0,1,0,2
0;1;2;3;4;6;7;8;9,I;II;III;aVR;aVL;V1;V2;V3;V4,7,0.9,1,0,0,0,1
0;1;2;3;4;6;7;8;9;10,I;II;III;aVR;aVL;V1;V2;V3;V4;V5,8,0.5,1,1,1,0,3
0;1;2;3;4;6;7;8;9;10,I;II;III;aVR;aVL;V1;V2;V3;V4;V5,8,0.6,1,0,1,0,2
0;1;2;3;4;6;7;8;9;10,I;II;III;aVR;aVL;V1;V2;V3;V4;V5,8,0.7,1,0,1,0,2
0;1;2;3;4;6;7;8;9;10,I;II;III;aVR;aVL;V1;V2;V3;V4;V5,8,0.8,1,0,1,0,2
0;1;2;3;4;6;7;8;9;10,I;II;III;aVR;aVL;V1;V2;V3;V4;V5,8,0.9,1,0,0,0,1
0;1;2;3;4;6;7;8;9;10;11,I;II;III;aVR;aVL;V1;V2;V3;V4;V5;V6,9,0.5,1,1,1,0,3
0;1;2;3;4;6;7;8;9;10;11,I;II;III;aVR;aVL;V1;V2;V3;V4;V5;V6,9,0.6,1,0,1,0,2
0;1;2;3;4;6;7;8;9;10;11,I;II;III;aVR;aVL;V1;V2;V3;V4;V5;V6,9,0.7,1,0,1,0,2
0;1;2;3;4;6;7;8;9;10;11,I;II;III;aVR;aVL;V1;V2;V3;V4;V5;V6,9,0.8,1,0,1,0,2
0;1;2;3;4;6;7;8;9;10;11,I;II;III;aVR;aVL;V1;V2;V3;V4;V5;V6,9,0.9,1,0,0,0,1
0;1;2;3;4;6;7;8;9;11,I;II;III;aVR;aVL;V1;V2;V3;V4;V6,8,0.5,1,1,1,0,3
0;1;2;3;4;6;7;8;9;11,I;II;III;aVR;aVL;V1;V2;V3;V4;V6,8,0.6,1,0,1,0,2
0;1;2;3;4;6;7;8;9;11,I;II;III;aVR;aVL;V1;V2;V3;V4;V6,8,0.7,1,0,1,0,2
0;1;2;3;4;6;7;8;9;11,I;II;III;aVR;aVL;V1;V2;V3;V4;V6,8,0.8,1,0,1,0,2
0;1;2;3;4;6;7;8;9;11,I;II;III;aVR;aVL;V1;V2;V3;V4;V6,8,0.9,1,0,0,0,1
0;1;2;3;4;6;7;8;10,I;II;III;aVR;aVL;V1;V2;V3;V5,7,0.5,1,1,1,0,3
0;1;2;3;4;6;7;8;10,I;II;III;aVR;aVL;V1;V2;V3;V5,7,0.6,1,0,1,0,2
0;1;2;3;4;6;7;8;10,I;II;III;aVR;aVL;V1;V2;V3;V5,7,0.7,1,0,1,0,2
0;1;2;3;4;6;7;8;10,I;II;III;aVR;aVL;V1;V2;V3;V5,7,0.8,1,0,1,0,2
0;1;2;3;4;6;7;8;10,I;II;III;aVR;aVL;V1;V2;V3;V5,7,0.9,1,0,0,0,1
0;1;2;3;4;6;7;8;10;11,I;II;III;aVR;aVL;V1;V2;V3;V5;V6,8,0.5,1,1,1,0,3
0;1;2;3;4;6;7;8;10;11,I;II;III;aVR;aVL;V1;V2;V3;V5;V6,8,0.6,1,0,1,0,2
0;1;2;3;4;6;7;8;10;11,I;II;III;aVR;aVL;V1;V2;V3;V5;V6,8,0.7,1,0,1,0,2
0;1;2;3;4;6;7;8;10;11,I;II;III;aVR;aVL;V1;V2;V3;V5;V6,8,0.8,1,0,1,0,2
0;1;2;3;4;6;7;8;10;11,I;II;III;aVR;aVL;V1;V2;V3;V5;V6,8,0.9,1,0,0,0,1
0;1;2;3;4;6;7;8;11,I;II;III;aVR;aVL;V1;V2;V3;V6,7,0.5,1,1,1,0,3
0;1;2;3;4;6;7;8;11,I;II;III;aVR;aVL;V1;V2;V3;V6,7,0.6,1,0,1,0,2
0;1;2;3;4;6;7;8;11,I;II;III;aVR;aVL;V1;V2;V3;V6,7,0.7,1,0,1,0,2
0;1;2;3;4;6;7;8;11,I;II;III;aVR;aVL;V1;V2;V3;V6,7,0.8,1,0,1,0,2
0;1;2;3;4;6;7;8;11,I;II;III;aVR;aVL;V1;V2;V3;V6,7,0.9,1,0,0,0,1
0;1;2;3;4;6;7;9,I;II;III;aVR;aVL;V1;V2;V4,6,0.5,1,1,1,0,3
0;1;2;3;4;6;7;9,I;II;III;aVR;aVL;V1;V2;V4,6,0.6,1,0,1,0,2
0;1;2;3;4;6;7;9,I;II;III;aVR;aVL;V1;V2;V4,6,0.7,1,0,1,0,2
0;1;2;3;4;6;7;9,I;II;III;aVR;aVL;V1;V2;V4,6,0.8,1,0,1,0,2
0;1;2;3;4;6;7;9,I;II;III;aVR;aVL;V1;V2;V4,6,0.9,1,0,0,0,1
0;1;2;3;4;6;7;9;10,I;II;III;aVR;aVL;V1;V2;V4;V5,7,0.5,1,1,1,0,3
0;1;2;3;4;6;7;9;10,I;II;III;aVR;aVL;V1;V2;V4;V5,7,0.6,1,0,1,0,2
0;1;2;3;4;6;7;9;10,I;II;III;aVR;aVL;V1;V2;V4;V5,7,0.7,1,0,1,0,2
0;1;2;3;4;6;7;9;10,I;II;III;aVR;aVL;V1;V2;V4;V5,7,0.8,1,0,1,0,2
0;1;2;3;4;6;7;9;10,I;II;III;aVR;aVL;V1;V2;V4;V5,7,0.9,1,0,0,0,1
0;1;2;3;4;6;7;9;10;11,I;II;III;aVR;aVL;V1;V2;V4;V5;V6,8,0.5,1,1,1,0,3
0;1;2;3;4;6;7;9;10;11,I;II;III;aVR;aVL;V1;V2;V4;V5;V6,8,0.6,1,0,1,0,2
0;1;2;3;4;6;7;9;10;11,I;II;III;aVR;aVL;V1;V2;V4;V5;V6,8,0.7,1,0,1,0,2
0;1;2;3;4;6;7;9;10;11,I;II;III;aVR;aVL;V1;V2;V4;V5;V6,8,0.8,1,0,1,0,2
0;1;2;3;4;6;7;9;10;11,I;II;III;aVR;aVL;V1;V2;V4;V5;V6,8,0.9,1,0,0,0,1
0;1;2;3;4;6;7;9;11,I;II;III;aVR;aVL;V1;V2;V4;V6,7,0.5,1,1,1,0,3
0;1;2;3;4;6;7;9;11,I;II;III;aVR;aVL;V1;V2;V4;V6,7,0.6,1,0,1,0,2
0;1;2;3;4;6;7;9;11,I;II;III;aVR;aVL;V1;V2;V4;V6,7,0.7,1,0,1,0,2
0;1;2;3;4;6;7;9;11,I;II;III;aVR;aVL;V1;V2;V4;V6,7,0.8,1,0,1,0,2
0;1;2;3;4;6;7;9;11,I;II;III;aVR;aVL;V1;V2;V4;V6,7,0.9,1,0,0,0,1
0;1;2;3;4;6;7;10,I;II;III;aVR;aVL;V1;V2;V5,6,0.5,1,1,1,0,3
0;1;2;3;4;6;7;10,I;II;III;aVR;aVL;V1;V2;V5,6,0.6,1,0,1,0,2
0;1;2;3;4;6;7;10,I;II;III;aVR;aVL;V1;V2;V5,6,0.7,1,0,1,0,2
0;1;2;3;4;6;7;10,I;II;III;aVR;aVL;V1;V2;V5,6,0.8,1,0,1,0,2
0;1;2;3;4;6;7;10,I;II;III;aVR;aVL;V1;V2;V5,6,0.9,1,0,0,0,1
0;1;2;3;4;6;7;10;11,I;II;III;aVR;aVL;V1;V2;V5;V6,7,0.5,1,1,1,0,3
0;1;2;3;4;6;7;10;11,I;II;III;aVR;aVL;V1;V2;V5;V6,7,0.6,1,0,1,0,2
0;1;2;3;4;6;7;10;11,I;II;III;aVR;aVL;V1;V2;V5;V6,7,0.7,1,0,1,0,2
0;1;2;3;4;6;7;10;11,I;II;III;aVR;aVL;V1;V2;V5;V6,7,0.8,1,0,1,0,2
0;1;2;3;4;6;7;10;11,I;II;III;aVR;aVL;V1;V2;V5;V6,7,0.9,1,0,0,0,1
0;1;2;3;4;6;7;11,I;II;III;aVR;aVL;V1;V2;V6,6,0.5,1,1,1,0,3
0;1;2;3;4;6;7;11,I;II;III;aVR;aVL;V1;V2;V6,6,0.6,1,0,1,0,2
0;1;2;3;4;6;7;11,I;II;III;aVR;aVL;V1;V2;V6,6,0.7,1,0,1,0,2
0;1;2;3;4;6;7;11,I;II;III;aVR;aVL;V1;V2;V6,6,0.8,1,0,1,0,2
0;1;2;3;4;6;7;11,I;II;III;aVR;aVL;V1;V2;V6,6,0.9,1,0,0,0,1
0;1;2;3;4;6;8,I;II;III;aVR;aVL;V1;V3,5,0.5,1,1,1,0,3
0;1;2;3;4;6;8,I;II;III;aVR;aVL;V1;V3,5,0.6,1,0,1,0,2
0;1;2;3;4;6;8,I;II;III;aVR;aVL;V1;V3,5,0.7,1,0,1,0,2
0;1;2;3;4;6;8,I;II;III;aVR;aVL;V1;V3,5,0.8,1,0,1,0,2
0;1;2;3;4;6;8,I;II;III;aVR;aVL;V1;V3,5,0.9,1,0,0,0,1
0;1;2;3;4;6;8;9,I;II;III;aVR;aVL;V1;V3;V4,6,0.5,1,1,1,0,3
0;1;2;3;4;6;8;9,I;II;III;aVR;aVL;V1;V3;V4,6,0.6,1,0,1,0,2
0;1;2;3;4;6;8;9,I;II;III;aVR;aVL;V1;V3;V4,6,0.7,1,0,1,0,2
0;1;2;3;4;6;8;9,I;II;III;aVR;aVL;V1;V3;V4,6,0.8,1,0,1,0,2
0;1;2;3;4;6;8;9,I;II;III;aVR;aVL;V1;V3;V4,6,0.9,1,0,0,0,1
0;1;2;3;4;6;8;9;10,I;II;III;aVR;aVL;V1;V3;V4;V5,7,0.5,1,1,1,0,3
0;1;2;3;4;6;8;9;10,I;II;III;aVR;aVL;V1;V3;V4;V5,7,0.6,1,0,1,0,2
0;1;2;3;4;6;8;9;10,I;II;III;aVR;aVL;V1;V3;V4;V5,7,0.7,1,0,1,0,2
0;1;2;3;4;6;8;9;10,I;II;III;aVR;aVL;V1;V3;V4;V5,7,0.8,1,0,1,0,2
0;1;2;3;4;6;8;9;10,I;II;III;aVR;aVL;V1;V3;V4;V5,7,0.9,1,0,0,0,1
0;1;2;3;4;6;8;9;10;11,I;II;III;aVR;aVL;V1;V3;V4;V5;V6,8,0.5,1,1,1,0,3
0;1;2;3;4;6;8;9;10;11,I;II;III;aVR;aVL;V1;V3;V4;V5;V6,8,0.6,1,0,1,0,2
0;1;2;3;4;6;8;9;10;11,I;II;III;aVR;aVL;V1;V3;V4;V5;V6,8,0.7,1,0,1,0,2
0;1;2;3;4;6;8;9;10;11,I;II;III;aVR;aVL;V1;V3;V4;V5;V6,8,0.8,1,0,1,0,2
0;1;2;3;4;6;8;9;10;11,I;II;III;aVR;aVL;V1;V3;V4;V5;V6,8,0.9,1,0,0,0,1
0;1;2;3;4;6;8;9;11,I;II;III;aVR;aVL;V1;V3;V4;V6,7,0.5,1,1,1,0,3
0;1;2;3;4;6;8;9;11,I;II;III;aVR;aVL;V1;V3;V4;V6,7,0.6,1,0,1,0,2
0;1;2;3;4;6;8;9;11,I;II;III;aVR;aVL;V1;V3;V4;V6,7,0.7,1,0,1,0,2
0;1;2;3;4;6;8;9;11,I;II;III;aVR;aVL;V1;V3;V4;V6,7,0.8,1,0,1,0,2
0;1;2;3;4;6;8;9;11,I;II;III;aVR;aVL;V1;V3;V4;V6,7,0.9,1,0,0,0,1
0;1;2;3;4;6;8;10,I;II;III;aVR;aVL;V1;V3;V5,6,0.5,1,1,1,0,3
0;1;2;3;4;6;8;10,I;II;III;aVR;aVL;V1;V3;V5,6,0.6,1,0,1,0,2
0;1;2;3;4;6;8;10,I;II;III;aVR;aVL;V1;V3;V5,6,0.7,1,0,1,0,2
0;1;2;3;4;6;8;10,I;II;III;aVR;aVL;V1;V3;V5,6,0.8,1,0,1,0,2
0;1;2;3;4;6;8;10,I;II;III;aVR;aVL;V1;V3;V5,6,0.9,1,0,0,0,1
0;1;2;3;4;6;8;10;11,I;II;III;aVR;aVL;V1;V3;V5;V6,7,0.5,1,1,1,0,3
0;1;2;3;4;6;8;10;11,I;II;III;aVR;aVL;V1;V3;V5;V6,7,0.6,1,0,1,0,2
0;1;2;3;4;6;8;10;11,I;II;III;aVR;aVL;V1;V3;V5;V6,7,0.7,1,0,1,0,2
0;1;2;3;4;6;8;10;11,I;II;III;aVR;aVL;V1;V3;V5;V6,7,0.8,1,0,1,0,2
0;1;2;3;4;6;8;10;11,I;II;III;aVR;aVL;V1;V3;V5;V6,7,0.9,1,0,0,0,1
0;1;2;3;4;6;8;11,I;II;III;aVR;aVL;V1;V3;V6,6,0.5,1,1,1,0,3
0;1;2;3;4;6;8;11,I;II;III;aVR;aVL;V1;V3;V6,6,0.6,1,0,1,0,2
0;1;2;3;4;6;8;11,I;II;III;aVR;aVL;V1;V3;V6,6,0.7,1,0,1,0,2
0;1;2;3;4;6;8;11,I;II;III;aVR;aVL;V1;V3;V6,6,0.8,1,0,1,0,2
0;1;2;3;4;6;8;11,I;II;III;aVR;aVL;V1;V3;V6,6,0.9,1,0,0,0,1
0;1;2;3;4;6;9,I;II;III;aVR;aVL;V1;V4,5,0.5,1,1,1,0,3
0;1;2;3;4;6;9,I;II;III;aVR;aVL;V1;V4,5,0.6,1,0,1,0,2
0;1;2;3;4;6;9,I;II;III;aVR;aVL;V1;V4,5,0.7,1,0,1,0,2
0;1;2;3;4;6;9,I;II;III;aVR;aVL;V1;V4,5,0.8,1,0,1,0,2
0;1;2;3;4;6;9,I;II;III;aVR;aVL;V1;V4,5,0.9,1,0,0,0,1
0;1;2;3;4;6;9;10,I;II;III;aVR;aVL;V1;V4;V5,6,0.5,1,1,1,0,3
0;1;2;3;4;6;9;10,I;II;III;aVR;aVL;V1;V4;V5,6,0.6,1,0,1,0,2
0;1;2;3;4;6;9;10,I;II;III;aVR;aVL;V1;V4;V5,6,0.7,1,0,1,0,2
0;1;2;3;4;6;9;10,I;II;III;aVR;aVL;V1;V4;V5,6,0.8,1,0,1,0,2
0;1;2;3;4;6;9;10,I;II;III;aVR;aVL;V1;V4;V5,6,0.9,1,0,0,0,1
0;1;2;3;4;6;9;10;11,I;II;III;aVR;aVL;V1;V4;V5;V6,7,0.5,1,1,1,0,3
0;1;2;3;4;6;9;10;11,I;II;III;aVR;aVL;V1;V4;V5;V6,7,0.6,1,0,1,0,2
0;1;2;3;4;6;9;10;11,I;II;III;aVR;aVL;V1;V4;V5;V6,7,0.7,1,0,1,0,2
0;1;2;3;4;6;9;10;11,I;II;III;aVR;aVL;V1;V4;V5;V6,7,0.8,1,0,1,0,2
0;1;2;3;4;6;9;10;11,I;II;III;aVR;aVL;V1;V4;V5;V6,7,0.9,1,0,0,0,1
0;1;2;3;4;6;9;11,I;II;III;aVR;aVL;V1;V4;V6,6,0.5,1,1,1,0,3
0;1;2;3;4;6;9;11,I;II;III;aVR;aVL;V1;V4;V6,6,0.6,1,0,1,0,2
0;1;2;3;4;6;9;11,I;II;III;aVR;aVL;V1;V4;V6,6,0.7,1,0,1,0,2
0;1;2;3;4;6;9;11,I;II;III;aVR;aVL;V1;V4;V6,6,0.8,1,0,1,0,2
0;1;2;3;4;6;9;11,I;II;III;aVR;aVL;V1;V4;V6,6,0.9,1,0,0,0,1
0;1;2;3;4;6;10,I;II;III;aVR;aVL;V1;V5,5,0.5,1,1,1,0,3
0;1;2;3;4;6;10,I;II;III;aVR;aVL;V1;V5,5,0.6,1,0,1,0,2
0;1;2;3;4;6;10,I;II;III;aVR;aVL;V1;V5,5,0.7,1,0,1,0,2
0;1;2;3;4;6;10,I;II;III;aVR;aVL;V1;V5,5,0.8,1,0,1,0,2
0;1;2;3;4;6;10,I;II;III;aVR;aVL;V1;V5,5,0.9,1,0,0,0,1
0;1;2;3;4;6;10;11,I;II;III;aVR;aVL;V1;V5;V6,6,0.5,1,1,1,0,3
0;1;2;3;4;6;10;11,I;II;III;aVR;aVL;V1;V5;V6,6,0.6,1,0,1,0,2
0;1;2;3;4;6;10;11,I;II;III;aVR;aVL;V1;V5;V6,6,0.7,1,0,1,0,2
0;1;2;3;4;6;10;11,I;II;III;aVR;aVL;V1;V5;V6,6,0.8,1,0,1,0,2
0;1;2;3;4;6;10;11,I;II;III;aVR;aVL;V1;V5;V6,6,0.9,1,0,0,0,1
0;1;2;3;4;6;11,I;II;III;aVR;aVL;V1;V6,5,0.5,1,1,1,0,3
0;1;2;3;4;6;11,I;II;III;aVR;aVL;V1;V6,5,0.6,1,1,1,0,3
0;1;2;3;4;6;11,I;II;III;aVR;aVL;V1;V6,5,0.7,1,0,1,0,2
0;1;2;3;4;6;11,I;II;III;aVR;aVL;V1;V6,5,0.8,1,0,1,0,2
0;1;2;3;4;6;11,I;II;III;aVR;aVL;V1;V6,5,0.9,1,0,0,0,1
0;1;2;3;4;7,I;II;III;aVR;aVL;V2,4,0.5,1,1,1,0,3
0;1;2;3;4;7,I;II;III;aVR;aVL;V2,4,0.6,1,0,1,0,2
0;1;2;3;4;7,I;II;III;aVR;aVL;V2,4,0.7,1,0,1,0,2
0;1;2;3;4;7,I;II;III;aVR;aVL;V2,4,0.8,1,0,1,0,2
0;1;2;3;4;7,I;II;III;aVR;aVL;V2,4,0.9,1,0,0,0,1
0;1;2;3;4;7;8,I;II;III;aVR;aVL;V2;V3,5,0.5,1,1,1,0,3
0;1;2;3;4;7;8,I;II;III;aVR;aVL;V2;V3,5,0.6,1,1,1,0,3
0;1;2;3;4;7;8,I;II;III;aVR;aVL;V2;V3,5,0.7,1,0,1,0,2
0;1;2;3;4;7;8,I;II;III;aVR;aVL;V2;V3,5,0.8,1,0,1,0,2
0;1;2;3;4;7;8,I;II;III;aVR;aVL;V2;V3,5,0.9,1,0,0,0,1
0;1;2;3;4;7;8;9,I;II;III;aVR;aVL;V2;V3;V4,6,0.5,1,1,1,0,3
0;1;2;3;4;7;8;9,I;II;III;aVR;aVL;V2;V3;V4,6,0.6,1,1,1,0,3
0;1;2;3;4;7;8;9,I;II;III;aVR;aVL;V2;V3;V4,6,0.7,1,0,1,0,2
0;1;2;3;4;7;8;9,I;II;III;aVR;aVL;V2;V3;V4,6,0.8,1,0,1,0,2
0;1;2;3;4;7;8;9,I;II;III;aVR;aVL;V2;V3;V4,6,0.9,1,0,0,0,1
0;1;2;3;4;7;8;9;10,I;II;III;aVR;aVL;V2;V3;V4;V5,7,0.5,1,1,1,0,3
0;1;2;3;4;7;8;9;10,I;II;III;aVR;aVL;V2;V3;V4;V5,7,0.6,1,0,1,0,2
0;1;2;3;4;7;8;9;10,I;II;III;aVR;aVL;V2;V3;V4;V5,7,0.7,1,0,1,0,2
0;1;2;3;4;7;8;9;10,I;II;III;aVR;aVL;V2;V3;V4;V5,7,0.8,1,0,1,0,2
0;1;2;3;4;7;8;9;10,I;II;III;aVR;aVL;V2;V3;V4;V5,7,0.9,1,0,0,0,1
0;1;2;3;4;7;8;9;10;11,I;II;III;aVR;aVL;V2;V3;V4;V5;V6,8,0.5,1,1,1,0,3
0;1;2;3;4;7;8;9;10;11,I;II;III;aVR;aVL;V2;V3;V4;V5;V6,8,0.6,1,0,1,0,2
0;1;2;3;4;7;8;9;10;11,I;II;III;aVR;aVL;V2;V3;V4;V5;V6,8,0.7,1,0,1,0,2
0;1;2;3;4;7;8;9;10;11,I;II;III;aVR;aVL;V2;V3;V4;V5;V6,8,0.8,1,0,0,0,1
0;1;2;3;4;7;8;9;10;11,I;II;III;aVR;aVL;V2;V3;V4;V5;V6,8,0.9,1,0,0,0,1
0;1;2;3;4;7;8;9;11,I;II;III;aVR;aVL;V2;V3;V4;V6,7,0.5,1,1,1,0,3
0;1;2;3;4;7;8;9;11,I;II;III;aVR;aVL;V2;V3;V4;V6,7,0.6,1,0,1,0,2
0;1;2;3;4;7;8;9;11,I;II;III;aVR;aVL;V2;V3;V4;V6,7,0.7,1,0,1,0,2
0;1;2;3;4;7;8;9;11,I;II;III;aVR;aVL;V2;V3;V4;V6,7,0.8,1,0,1,0,2
0;1;2;3;4;7;8;9;11,I;II;III;aVR;aVL;V2;V3;V4;V6,7,0.9,1,0,0,0,1
0;1;2;3;4;7;8;10,I;II;III;aVR;aVL;V2;V3;V5,6,0.5,1,1,1,0,3
0;1;2;3;4;7;8;10,I;II;III;aVR;aVL;V2;V3;V5,6,0.6,1,0,1,0,2
0;1;2;3;4;7;8;10,I;II;III;aVR;aVL;V2;V3;V5,6,0.7,1,0,1,0,2
0;1;2;3;4;7;8;10,I;II;III;aVR;aVL;V2;V3;V5,6,0.8,1,0,1,0,2
0;1;2;3;4;7;8;10,I;II;III;aVR;aVL;V2;V3;V5,6,0.9,1,0,0,0,1
0;1;2;3;4;7;8;10;11,I;II;III;aVR;aVL;V2;V3;V5;V6,7,0.5,1,1,1,0,3
0;1;2;3;4;7;8;10;11,I;II;III;aVR;aVL;V2;V3;V5;V6,7,0.6,1,0,1,0,2
0;1;2;3;4;7;8;10;11,I;II;III;aVR;aVL;V2;V3;V5;V6,7,0.7,1,0,1,0,2
0;1;2;3;4;7;8;10;11,I;II;III;aVR;aVL;V2;V3;V5;V6,7,0.8,1,0,0,0,1
0;1;2;3;4;7;8;10;11,I;II;III;aVR;aVL;V2;V3;V5;V6,7,0.9,1,0,0,0,1
0;1;2;3;4;7;8;11,I;II;III;aVR;aVL;V2;V3;V6,6,0.5,1,1,1,0,3
0;1;2;3;4;7;8;11,I;II;III;aVR;aVL;V2;V3;V6,6,0.6,1,1,1,0,3
0;1;2;3;4;7;8;11,I;II;III;aVR;aVL;V2;V3;V6,6,0.7,1,0,1,0,2
0;1;2;3;4;7;8;11,I;II;III;aVR;aVL;V2;V3;V6,6,0.8,1,0,1,0,2
0;1;2;3;4;7;8;11,I;II;III;aVR;aVL;V2;V3;V6,6,0.9,1,0,0,0,1
0;1;2;3;4;7;9,I;II;III;aVR;aVL;V2;V4,5,0.5,1,1,1,0,3
0;1;2;3;4;7;9,I;II;III;aVR;aVL;V2;V4,5,0.6,1,1,1,0,3
0;1;2;3;4;7;9,I;II;III;aVR;aVL;V2;V4,5,0.7,1,0,1,0,2
0;1;2;3;4;7;9,I;II;III;aVR;aVL;V2;V4,5,0.8,1,0,1,0,2
0;1;2;3;4;7;9,I;II;III;aVR;aVL;V2;V4,5,0.9,1,0,0,0,1
0;1;2;3;4;7;9;10,I;II;III;aVR;aVL;V2;V4;V5,6,0.5,1,1,1,0,3
0;1;2;3;4;7;9;10,I;II;III;aVR;aVL;V2;V4;V5,6,0.6,1,0,1,0,2
0;1;2;3;4;7;9;10,I;II;III;aVR;aVL;V2;V4;V5,6,0.7,1,0,1,0,2
0;1;2;3;4;7;9;10,I;II;III;aVR;aVL;V2;V4;V5,6,0.8,1,0,0,0,1
0;1;2;3;4;7;9;10,I;II;III;aVR;aVL;V2;V4;V5,6,0.9,1,0,0,0,1
0;1;2;3;4;7;9;10;11,I;II;III;aVR;aVL;V2;V4;V5;V6,7,0.5,1,1,1,0,3
0;1;2;3;4;7;9;10;11,I;II;III;aVR;aVL;V2;V4;V5;V6,7,0.6,1,0,1,0,2
0;1;2;3;4;7;9;10;11,I;II;III;aVR;aVL;V2;V4;V5;V6,7,0.7,1,0,1,0,2
0;1;2;3;4;7;9;10;11,I;II;III;aVR;aVL;V2;V4;V5;V6,7,0.8,1,0,1,0,2
0;1;2;3;4;7;9;10;11,I;II;III;aVR;aVL;V2;V4;V5;V6,7,0.9,1,0,0,0,1
0;1;2;3;4;7;9;11,I;II;III;aVR;aVL;V2;V4;V6,6,0.5,1,1,1,0,3
0;1;2;3;4;7;9;11,I;II;III;aVR;aVL;V2;V4;V6,6,0.6,1,0,1,0,2
0;1;2;3;4;7;9;11,I;II;III;aVR;aVL;V2;V4;V6,6,0.7,1,0,1,0,2
0;1;2;3;4;7;9;11,I;II;III;aVR;aVL;V2;V4;V6,6,0.8,1,0,0,0,1
0;1;2;3;4;7;9;11,I;II;III;aVR;aVL;V2;V4;V6,6,0.9,1,0,0,0,1
0;1;2;3;4;7;10,I;II;III;aVR;aVL;V2;V5,5,0.5,1,1,1,0,3
0;1;2;3;4;7;10,I;II;III;aVR;aVL;V2;V5,5,0.6,1,1,1,0,3
0;1;2;3;4;7;10,I;II;III;aVR;aVL;V2;V5,5,0.7,1,0,1,0,2
0;1;2;3;4;7;10,I;II;III;aVR;aVL;V2;V5,5,0.8,1,0,0,0,1
0;1;2;3;4;7;10,I;II;III;aVR;aVL;V2;V5,5,0.9,1,0,0,0,1
0;1;2;3;4;7;10;11,I;II;III;aVR;aVL;V2;V5;V6,6,0.5,1,1,1,0,3
0;1;2;3;4;7;10;11,I;II;III;aVR;aVL;V2;V5;V6,6,0.6,1,0,1,0,2
0;1;2;3;4;7;10;11,I;II;III;aVR;aVL;V2;V5;V6,6,0.7,1,0,1,0,2
0;1;2;3;4;7;10;11,I;II;III;aVR;aVL;V2;V5;V6,6,0.8,1,0,0,0,1
0;1;2;3;4;7;10;11,I;II;III;aVR;aVL;V2;V5;V6,6,0.9,1,0,0,0,1
0;1;2;3;4;7;11,I;II;III;aVR;aVL;V2;V6,5,0.5,1,1,1,0,3
0;1;2;3;4;7;11,I;II;III;aVR;aVL;V2;V6,5,0.6,1,1,1,0,3
0;1;2;3;4;7;11,I;II;III;aVR;aVL;V2;V6,5,0.7,1,0,1,0,2
0;1;2;3;4;7;11,I;II;III;aVR;aVL;V2;V6,5,0.8,1,0,1,0,2
0;1;2;3;4;7;11,I;II;III;aVR;aVL;V2;V6,5,0.9,1,0,0,0,1
0;1;2;3;4;8,I;II;III;aVR;aVL;V3,4,0.5,1,1,1,0,3
0;1;2;3;4;8,I;II;III;aVR;aVL;V3,4,0.6,1,0,1,0,2
0;1;2;3;4;8,I;II;III;aVR;aVL;V3,4,0.7,1,0,1,0,2
0;1;2;3;4;8,I;II;III;aVR;aVL;V3,4,0.8,1,0,0,0,1
0;1;2;3;4;8,I;II;III;aVR;aVL;V3,4,0.9,1,0,0,0,1
0;1;2;3;4;8;9,I;II;III;aVR;aVL;V3;V4,5,0.5,1,1,1,0,3
0;1;2;3;4;8;9,I;II;III;aVR;aVL;V3;V4,5,0.6,1,1,1,0,3
0;1;2;3;4;8;9,I;II;III;aVR;aVL;V3;V4,5,0.7,1,0,1,0,2
0;1;2;3;4;8;9,I;II;III;aVR;aVL;V3;V4,5,0.8,1,0,1,0,2
0;1;2;3;4;8;9,I;II;III;aVR;aVL;V3;V4,5,0.9,1,0,0,0,1
0;1;2;3;4;8;9;10,I;II;III;aVR;aVL;V3;V4;V5,6,0.5,1,1,1,0,3
0;1;2;3;4;8;9;10,I;II;III;aVR;aVL;V3;V4;V5,6,0.6,1,0,1,0,2
0;1;2;3;4;8;9;10,I;II;III;aVR;aVL;V3;V4;V5,6,0.7,1,0,1,0,2
0;1;2;3;4;8;9;10,I;II;III;aVR;aVL;V3;V4;V5,6,0.8,1,0,0,0,1
0;1;2;3;4;8;9;10,I;II;III;aVR;aVL;V3;V4;V5,6,0.9,1,0,0,0,1
0;1;2;3;4;8;9;10;11,I;II;III;aVR;aVL;V3;V4;V5;V6,7,0.5,1,1,1,0,3
0;1;2;3;4;8;9;10;11,I;II;III;aVR;aVL;V3;V4;V5;V6,7,0.6,1,0,1,0,2
0;1;2;3;4;8;9;10;11,I;II;III;aVR;aVL;V3;V4;V5;V6,7,0.7,1,0,1,0,2
0;1;2;3;4;8;9;10;11,I;II;III;aVR;aVL;V3;V4;V5;V6,7,0.8,1,0,0,0,1
0;1;2;3;4;8;9;10;11,I;II;III;aVR;aVL;V3;V4;V5;V6,7,0.9,1,0,0,0,1
0;1;2;3;4;8;9;11,I;II;III;aVR;aVL;V3;V4;V6,6,0.5,1,1,1,0,3
0;1;2;3;4;8;9;11,I;II;III;aVR;aVL;V3;V4;V6,6,0.6,1,0,1,0,2
0;1;2;3;4;8;9;11,I;II;III;aVR;aVL;V3;V4;V6,6,0.7,1,0,1,0,2
0;1;2;3;4;8;9;11,I;II;III;aVR;aVL;V3;V4;V6,6,0.8,1,0,0,0,1
0;1;2;3;4;8;9;11,I;II;III;aVR;aVL;V3;V4;V6,6,0.9,1,0,0,0,1
0;1;2;3;4;8;10,I;II;III;aVR;aVL;V3;V5,5,0.5,1,1,1,0,3
0;1;2;3;4;8;10,I;II;III;aVR;aVL;V3;V5,5,0.6,1,0,1,0,2
0;1;2;3;4;8;10,I;II;III;aVR;aVL;V3;V5,5,0.7,1,0,1,0,2
0;1;2;3;4;8;10,I;II;III;aVR;aVL;V3;V5,5,0.8,1,0,0,0,1
0;1;2;3;4;8;10,I;II;III;aVR;aVL;V3;V5,5,0.9,1,0,0,0,1
0;1;2;3;4;8;10;11,I;II;III;aVR;aVL;V3;V5;V6,6,0.5,1,1,1,0,3
0;1;2;3;4;8;10;11,I;II;III;aVR;aVL;V3;V5;V6,6,0.6,1,0,1,0,2
0;1;2;3;4;8;10;11,I;II;III;aVR;aVL;V3;V5;V6,6,0.7,1,0,1,0,2
0;1;2;3;4;8;10;11,I;II;III;aVR;aVL;V3;V5;V6,6,0.8,1,0,0,0,1
0;1;2;3;4;8;10;11,I;II;III;aVR;aVL;V3;V5;V6,6,0.9,1,0,0,0,1
0;1;2;3;4;8;11,I;II;III;aVR;aVL;V3;V6,5,0.5,1,1,1,0,3
0;1;2;3;4;8;11,I;II;III;aVR;aVL;V3;V6,5,0.6,1,0,1,0,2
0;1;2;3;4;8;11,I;II;III;aVR;aVL;V3;V6,5,0.7,1,0,1,0,2
0;1;2;3;4;8;11,I;II;III;aVR;aVL;V3;V6,5,0.8,1,0,0,0,1
0;1;2;3;4;8;11,I;II;III;aVR;aVL;V3;V6,5,0.9,1,0,0,0,1
0;1;2;3;4;9,I;II;III;aVR;aVL;V4,4,0.5,1,1,1,0,3
0;1;2;3;4;9,I;II;III;aVR;aVL;V4,4,0.6,1,0,1,0,2
0;1;2;3;4;9,I;II;III;aVR;aVL;V4,4,0.7,1,0,1,0,2
0;1;2;3;4;9,I;II;III;aVR;aVL;V4,4,0.8,1,0,1,0,2
0;1;2;3;4;9,I;II;III;aVR;aVL;V4,4,0.9,1,0,0,0,1
0;1;2;3;4;9;10,I;II;III;aVR;aVL;V4;V5,5,0.5,1,1,1,0,3
0;1;2;3;4;9;10,I;II;III;aVR;aVL;V4;V5,5,0.6,1,0,1,0,2
0;1;2;3;4;9;10,I;II;III;aVR;aVL;V4;V5,5,0.7,1,0,1,0,2
0;1;2;3;4;9;10,I;II;III;aVR;aVL;V4;V5,5,0.8,1,0,1,0,2
0;1;2;3;4;9;10,I;II;III;aVR;aVL;V4;V5,5,0.9,1,0,0,0,1
0;1;2;3;4;9;10;11,I;II;III;aVR;aVL;V4;V5;V6,6,0.5,1,1,1,0,3
0;1;2;3;4;9;10;11,I;II;III;aVR;aVL;V4;V5;V6,6,0.6,1,0,1,0,2
0;1;2;3;4;9;10;11,I;II;III;aVR;aVL;V4;V5;V6,6,0.7,1,0,1,0,2
0;1;2;3;4;9;10;11,I;II;III;aVR;aVL;V4;V5;V6,6,0.8,1,0,0,0,1
0;1;2;3;4;9;10;11,I;II;III;aVR;aVL;V4;V5;V6,6,0.9,1,0,0,0,1
0;1;2;3;4;9;11,I;II;III;aVR;aVL;V4;V6,5,0.5,1,1,1,0,3
0;1;2;3;4;9;11,I;II;III;aVR;aVL;V4;V6,5,0.6,1,0,1,0,2
0;1;2;3;4;9;11,I;II;III;aVR;aVL;V4;V6,5,0.7,1,0,1,0,2
0;1;2;3;4;9;11,I;II;III;aVR;aVL;V4;V6,5,0.8,1,0,0,0,1
0;1;2;3;4;9;11,I;II;III;aVR;aVL;V4;V6,5,0.9,1,0,0,0,1
0;1;2;3;4;10,I;II;III;aVR;aVL;V5,4,0.5,1,1,1,0,3
0;1;2;3;4;10,I;II;III;aVR;aVL;V5,4,0.6,1,0,1,0,2
0;1;2;3;4;10,I;II;III;aVR;aVL;V5,4,0.7,1,0,1,0,2
0;1;2;3;4;10,I;II;III;aVR;aVL;V5,4,0.8,1,0,0,0,1
0;1;2;3;4;10,I;II;III;aVR;aVL;V5,4,0.9,1,0,0,0,1
0;1;2;3;4;10;11,I;II;III;aVR;aVL;V5;V6,5,0.5,1,1,1,0,3
0;1;2;3;4;10;11,I;II;III;aVR;aVL;V5;V6,5,0.6,1,0,1,0,2
0;1;2;3;4;10;11,I;II;III;aVR;aVL;V5;V6,5,0.7,1,0,1,0,2
0;1;2;3;4;10;11,I;II;III;aVR;aVL;V5;V6,5,0.8,1,0,0,0,1
0;1;2;3;4;10;11,I;II;III;aVR;aVL;V5;V6,5,0.9,1,0,0,0,1
0;1;2;3;4;11,I;II;III;aVR;aVL;V6,4,0.5,1,1,1,0,3
0;1;2;3;4;11,I;II;III;aVR;aVL;V6,4,0.6,1,0,1,0,2
0;1;2;3;4;11,I;II;III;aVR;aVL;V6,4,0.7,1,0,1,0,2
0;1;2;3;4;11,I;II;III;aVR;aVL;V6,4,0.8,1,0,1,0,2
0;1;2;3;4;11,I;II;III;aVR;aVL;V6,4,0.9,1,0,0,0,1
0;1;2;3;5,I;II;III;aVR;aVF,3,0.5,1,1,1,0,3
0;1;2;3;5,I;II;III;aVR;aVF,3,0.6,1,1,1,0,3
0;1;2;3;5,I;II;III;aVR;aVF,3,0.7,1,0,1,0,2
0;1;2;3;5,I;II;III;aVR;aVF,3,0.8,1,0,1,0,2
0;1;2;3;5,I;II;III;aVR;aVF,3,0.9,1,0,0,0,1
0;1;2;3;5;6,I;II;III;aVR;aVF;V1,4,0.5,1,1,1,0,3
0;1;2;3;5;6,I;II;III;aVR;aVF;V1,4,0.6,1,1,1,0,3
0;1;2;3;5;6,I;II;III;aVR;aVF;V1,4,0.7,1,0,1,0,2
0;1;2;3;5;6,I;II;III;aVR;aVF;V1,4,0.8,1,0,1,0,2
0;1;2;3;5;6,I;II;III;aVR;aVF;V1,4,0.9,1,0,0,0,1
0;1;2;3;5;6;7,I;II;III;aVR;aVF;V1;V2,5,0.5,1,1,1,0,3
0;1;2;3;5;6;7,I;II;III;aVR;aVF;V1;V2,5,0.6,1,0,1,0,2
0;1;2;3;5;6;7,I;II;III;aVR;aVF;V1;V2,5,0.7,1,0,1,0,2
0;1;2;3;5;6;7,I;II;III;aVR;aVF;V1;V2,5,0.8,1,0,1,0,2
0;1;2;3;5;6;7,I;II;III;aVR;aVF;V1;V2,5,0.9,1,0,0,0,1
0;1;2;3;5;6;7;8,I;II;III;aVR;aVF;V1;V2;V3,6,0.5,1,1,1,0,3
0;1;2;3;5;6;7;8,I;II;III;aVR;aVF;V1;V2;V3,6,0.6,1,0,1,0,2
0;1;2;3;5;6;7;8,I;II;III;aVR;aVF;V1;V2;V3,6,0.7,1,0,1,0,2
0;1;2;3;5;6;7;8,I;II;III;aVR;aVF;V1;V2;V3,6,0.8,1,0,1,0,2
0;1;2;3;5;6;7;8,I;II;III;aVR;aVF;V1;V2;V3,6,0.9,1,0,0,0,1
0;1;2;3;5;6;7;8;9,I;II;III;aVR;aVF;V1;V2;V3;V4,7,0.5,1,1,1,0,3
0;1;2;3;5;6;7;8;9,I;II;III;aVR;aVF;V1;V2;V3;V4,7,0.6,1,0,1,0,2
0;1;2;3;5;6;7;8;9,I;II;III;aVR;aVF;V1;V2;V3;V4,7,0.7,1,0,1,0,2
0;1;2;3;5;6;7;8;9,I;II;III;aVR;aVF;V1;V2;V3;V4,7,0.8,1,0,1,0,2
0;1;2;3;5;6;7;8;9,I;II;III;aVR;aVF;V1;V2;V3;V4,7,0.9,1,0,0,0,1
0;1;2;3;5;6;7;8;9;10,I;II;III;aVR;aVF;V1;V2;V3;V4;V5,8,0.5,1,1,1,0,3
0;1;2;3;5;6;7;8;9;10,I;II;III;aVR;aVF;V1;V2;V3;V4;V5,8,0.6,1,0,1,0,2
0;1;2;3;5;6;7;8;9;10,I;II;III;aVR;aVF;V1;V2;V3;V4;V5,8,0.7,1,0,1,0,2
0;1;2;3;5;6;7;8;9;10,I;II;III;aVR;aVF;V1;V2;V3;V4;V5,8,0.8,1,0,1,0,2
0;1;2;3;5;6;7;8;9;10,I;II;III;aVR;aVF;V1;V2;V3;V4;V5,8,0.9,1,0,0,0,1
0;1;2;3;5;6;7;8;9;10;11,I;II;III;aVR;aVF;V1;V2;V3;V4;V5;V6,9,0.5,1,1,1,0,3
0;1;2;3;5;6;7;8;9;10;11,I;II;III;aVR;aVF;V1;V2;V3;V4;V5;V6,9,0.6,1,0,1,0,2
0;1;2;3;5;6;7;8;9;10;11,I;II;III;aVR;aVF;V1;V2;V3;V4;V5;V6,9,0.7,1,0,1,0,2
0;1;2;3;5;6;7;8;9;10;11,I;II;III;aVR;aVF;V1;V2;V3;V4;V5;V6,9,0.8,1,0,1,0,2
0;1;2;3;5;6;7;8;9;10;11,I;II;III;aVR;aVF;V1;V2;V3;V4;V5;V6,9,0.9,1,0,0,0,1
0;1;2;3;5;6;7;8;9;11,I;II;III;aVR;aVF;V1;V2;V3;V4;V6,8,0.5,1,1,1,0,3
0;1;2;3;5;6;7;8;9;11,I;II;III;aVR;aVF;V1;V2;V3;V4;V6,8,0.6,1,0,1,0,2
0;1;2;3;5;6;7;8;9;11,I;II;III;aVR;aVF;V1;V2;V3;V4;V6,8,0.7,1,0,1,0,2
0;1;2;3;5;6;7;8;9;11,I;II;III;aVR;aVF;V1;V2;V3;V4;V6,8,0.8,1,0,1,0,2
0;1;2;3;5;6;7;8;9;11,I;II;III;aVR;aVF;V1;V2;V3;V4;V6,8,0.9,1,0,0,0,1
0;1;2;3;5;6;7;8;10,I;II;III;aVR;aVF;V1;V2;V3;V5,7,0.5,1,1,1,0,3
0;1;2;3;5;6;7;8;10,I;II;III;aVR;aVF;V1;V2;V3;V5,7,0.6,1,0,1,0,2
0;1;2;3;5;6;7;8;10,I;II;III;aVR;aVF;V1;V2;V3;V5,7,0.7,1,0,1,0,2
0;1;2;3;5;6;7;8;10,I;II;III;aVR;aVF;V1;V2;V3;V5,7,0.8,1,0,1,0,2
0;1;2;3;5;6;7;8;10,I;II;III;aVR;aVF;V1;V2;V3;V5,7,0.9,1,0,0,0,1
0;1;2;3;5;6;7;8;10;11,I;II;III;aVR;aVF;V1;V2;V3;V5;V6,8,0.5,1,1,1,0,3
0;1;2;3;5;6;7;8;10;11,I;II;III;aVR;aVF;V1;V2;V3;V5;V6,8,0.6,1,0,1,0,2
0;1;2;3;5;6;7;8;10;11,I;II;III;aVR;aVF;V1;V2;V3;V5;V6,8,0.7,1,0,1,0,2
0;1;2;3;5;6;7;8;10;11,I;II;III;aVR;aVF;V1;V2;V3;V5;V6,8,0.8,1,0,1,0,2
0;1;2;3;5;6;7;8;10;11,I;II;III;aVR;aVF;V1;V2;V3;V5;V6,8,0.9,1,0,0,0,1
0;1;2;3;5;6;7;8;11,I;II;III;aVR;aVF;V1;V2;V3;V6,7,0.5,1,1,1,0,3
0;1;2;3;5;6;7;8;11,I;II;III;aVR;aVF;V1;V2;V3;V6,7,0.6,1,1,1,0,3
0;1;2;3;5;6;7;8;11,I;II;III;aVR;aVF;V1;V2;V3;V6,7,0.7,1,0,1,0,2
0;1;2;3;5;6;7;8;11,I;II;III;aVR;aVF;V1;V2;V3;V6,7,0.8,1,0,1,0,2
0;1;2;3;5;6;7;8;11,I;II;III;aVR;aVF;V1;V2;V3;V6,7,0.9,1,0,0,0,1
0;1;2;3;5;6;7;9,I;II;III;aVR;aVF;V1;V2;V4,6,0.5,1,1,1,0,3
0;1;2;3;5;6;7;9,I;II;III;aVR;aVF;V1;V2;V4,6,0.6,1,0,1,0,2
0;1;2;3;5;6;7;9,I;II;III;aVR;aVF;V1;V2;V4,6,0.7,1,0,1,0,2
0;1;2;3;5;6;7;9,I;II;III;aVR;aVF;V1;V2;V4,6,0.8,1,0,1,0,2
0;1;2;3;5;6;7;9,I;II;III;aVR;aVF;V1;V2;V4,6,0.9,1,0,0,0,1
0;1;2;3;5;6;7;9;10,I;II;III;aVR;aVF;V1;V2;V4;V5,7,0.5,1,1,1,0,3
0;1;2;3;5;6;7;9;10,I;II;III;aVR;aVF;V1;V2;V4;V5,7,0.6,1,0,1,0,2
0;1;2;3;5;6;7;9;10,I;II;III;aVR;aVF;V1;V2;V4;V5,7,0.7,1,0,1,0,2
0;1;2;3;5;6;7;9;10,I;II;III;aVR;aVF;V1;V2;V4;V5,7,0.8,1,0,1,0,2
0;1;2;3;5;6;7;9;10,I;II;III;aVR;aVF;V1;V2;V4;V5,7,0.9,1,0,0,0,1
0;1;2;3;5;6;7;9;10;11,I;II;III;aVR;aVF;V1;V2;V4;V5;V6,8,0.5,1,1,1,0,3
0;1;2;3;5;6;7;9;10;11,I;II;III;aVR;aVF;V1;V2;V4;V5;V6,8,0.6,1,0,1,0,2
0;1;2;3;5;6;7;9;10;11,I;II;III;aVR;aVF;V1;V2;V4;V5;V6,8,0.7,1,0,1,0,2
0;1;2;3;5;6;7;9;10;11,I;II;III;aVR;aVF;V1;V2;V4;V5;V6,8,0.8,1,0,1,0,2
0;1;2;3;5;6;7;9;10;11,I;II;III;aVR;aVF;V1;V2;V4;V5;V6,8,0.9,1,0,0,0,1
0;1;2;3;5;6;7;9;11,I;II;III;aVR;aVF;V1;V2;V4;V6,7,0.5,1,1,1,0,3
0;1;2;3;5;6;7;9;11,I;II;III;aVR;aVF;V1;V2;V4;V6,7,0.6,1,0,1,0,2
0;1;2;3;5;6;7;9;11,I;II;III;aVR;aVF;V1;V2;V4;V6,7,0.7,1,0,1,0,2
0;1;2;3;5;6;7;9;11,I;II;III;aVR;aVF;V1;V2;V4;V6,7,0.8,1,0,1,0,2
0;1;2;3;5;6;7;9;11,I;II;III;aVR;aVF;V1;V2;V4;V6,7,0.9,1,0,0,0,1
0;1;2;3;5;6;7;10,I;II;III;aVR;aVF;V1;V2;V5,6,0.5,1,1,1,0,3
0;1;2;3;5;6;7;10,I;II;III;aVR;aVF;V1;V2;V5,6,0.6,1,0,1,0,2
0;1;2;3;5;6;7;10,I;II;III;aVR;aVF;V1;V2;V5,6,0.7,1,0,1,0,2
0;1;2;3;5;6;7;10,I;II;III;aVR;aVF;V1;V2;V5,6,0.8,1,0,1,0,2
0;1;2;3;5;6;7;10,I;II;III;aVR;aVF;V1;V2;V5,6,0.9,1,0,0,0,1
0;1;2;3;5;6;7;10;11,I;II;III;aVR;aVF;V1;V2;V5;V6,7,0.5,1,1,1,0,3
0;1;2;3;5;6;7;10;11,I;II;III;aVR;aVF;V1;V2;V5;V6,7,0.6,1,0,1,0,2
0;1;2;3;5;6;7;10;11,I;II;III;aVR;aVF;V1;V2;V5;V6,7,0.7,1,0,1,0,2
0;1;2;3;5;6;7;10;11,I;II;III;aVR;aVF;V1;V2;V5;V6,7,0.8,1,0,1,0,2
0;1;2;3;5;6;7;10;11,I;II;III;aVR;aVF;V1;V2;V5;V6,7,0.9,1,0,0,0,1
0;1;2;3;5;6;7;11,I;II;III;aVR;aVF;V1;V2;V6,6,0.5,1,1,1,0,3
0;1;2;3;5;6;7;11,I;II;III;aVR;aVF;V1;V2;V6,6,0.6,1,0,1,0,2
0;1;2;3;5;6;7;11,I;II;III;aVR;aVF;V1;V2;V6,6,0.7,1,0,1,0,2
0;1;2;3;5;6;7;11,I;II;III;aVR;aVF;V1;V2;V6,6,0.8,1,0,1,0,2
0;1;2;3;5;6;7;11,I;II;III;aVR;aVF;V1;V2;V6,6,0.9,1,0,0,0,1
0;1;2;3;5;6;8,I;II;III;aVR;aVF;V1;V3,5,0.5,1,1,1,0,3
0;1;2;3;5;6;8,I;II;III;aVR;aVF;V1;V3,5,0.6,1,0,1,0,2
0;1;2;3;5;6;8,I;II;III;aVR;aVF;V1;V3,5,0.7,1,0,1,0,2
0;1;2;3;5;6;8,I;II;III;aVR;aVF;V1;V3,5,0.8,1,0,1,0,2
0;1;2;3;5;6;8,I;II;III;aVR;aVF;V1;V3,5,0.9,1,0,0,0,1
0;1;2;3;5;6;8;9,I;II;III;aVR;aVF;V1;V3;V4,6,0.5,1,1,1,0,3
0;1;2;3;5;6;8;9,I;II;III;aVR;aVF;V1;V3;V4,6,0.6,1,0,1,0,2
0;1;2;3;5;6;8;9,I;II;III;aVR;aVF;V1;V3;V4,6,0.7,1,0,1,0,2
0;1;2;3;5;6;8;9,I;II;III;aVR;aVF;V1;V3;V4,6,0.8,1,0,1,0,2
0;1;2;3;5;6;8;9,I;II;III;aVR;aVF;V1;V3;V4,6,0.9,1,0,0,0,1
0;1;2;3;5;6;8;9;10,I;II;III;aVR;aVF;V1;V3;V4;V5,7,0.5,1,1,1,0,3
0;1;2;3;5;6;8;9;10,I;II;III;aVR;aVF;V1;V3;V4;V5,7,0.6,1,0,1,0,2
0;1;2;3;5;6;8;9;10,I;II;III;aVR;aVF;V1;V3;V4;V5,7,0.7,1,0,1,0,2
0;1;2;3;5;6;8;9;10,I;II;III;aVR;aVF;V1;V3;V4;V5,7,0.8,1,0,1,0,2
0;1;2;3;5;6;8;9;10,I;II;III;aVR;aVF;V1;V3;V4;V5,7,0.9,1,0,0,0,1
0;1;2;3;5;6;8;9;10;11,I;II;III;aVR;aVF;V1;V3;V4;V5;V6,8,0.5,1,1,1,0,3
0;1;2;3;5;6;8;9;10;11,I;II;III;aVR;aVF;V1;V3;V4;V5;V6,8,0.6,1,0,1,0,2
0;1;2;3;5;6;8;9;10;11,I;II;III;aVR;aVF;V1;V3;V4;V5;V6,8,0.7,1,0,1,0,2
0;1;2;3;5;6;8;9;10;11,I;II;III;aVR;aVF;V1;V3;V4;V5;V6,8,0.8,1,0,1,0,2
0;1;2;3;5;6;8;9;10;11,I;II;III;aVR;aVF;V1;V3;V4;V5;V6,8,0.9,1,0,0,0,1
0;1;2;3;5;6;8;9;11,I;II;III;aVR;aVF;V1;V3;V4;V6,7,0.5,1,1,1,0,3
0;1;2;3;5;6;8;9;11,I;II;III;aVR;aVF;V1;V3;V4;V6,7,0.6,1,0,1,0,2
0;1;2;3;5;6;8;9;11,I;II;III;aVR;aVF;V1;V3;V4;V6,7,0.7,1,0,1,0,2
0;1;2;3;5;6;8;9;11,I;II;III;aVR;aVF;V1;V3;V4;V6,7,0.8,1,0,1,0,2
0;1;2;3;5;6;8;9;11,I;II;III;aVR;aVF;V1;V3;V4;V6,7,0.9,1,0,0,0,1
0;1;2;3;5;6;8;10,I;II;III;aVR;aVF;V1;V3;V5,6,0.5,1,1,1,0,3
0;1;2;3;5;6;8;10,I;II;III;aVR;aVF;V1;V3;V5,6,0.6,1,0,1,0,2
0;1;2;3;5;6;8;10,I;II;III;aVR;aVF;V1;V3;V5,6,0.7,1,0,1,0,2
0;1;2;3;5;6;8;10,I;II;III;aVR;aVF;V1;V3;V5,6,0.8,1,0,1,0,2
0;1;2;3;5;6;8;10,I;II;III;aVR;aVF;V1;V3;V5,6,0.9,1,0,0,0,1
0;1;2;3;5;6;8;10;11,I;II;III;aVR;aVF;V1;V3;V5;V6,7,0.5,1,1,1,0,3
0;1;2;3;5;6;8;10;11,I;II;III;aVR;aVF;V1;V3;V5;V6,7,0.6,1,0,1,0,2
0;1;2;3;5;6;8;10;11,I;II;III;aVR;aVF;V1;V3;V5;V6,7,0.7,1,0,1,0,2
0;1;2;3;5;6;8;10;11,I;II;III;aVR;aVF;V1;V3;V5;V6,7,0.8,1,0,1,0,2
0;1;2;3;5;6;8;10;11,I;II;III;aVR;aVF;V1;V3;V5;V6,7,0.9,1,0,0,0,1
0;1;2;3;5;6;8;11,I;II;III;aVR;aVF;V1;V3;V6,6,0.5,1,1,1,0,3
0;1;2;3;5;6;8;11,I;II;III;aVR;aVF;V1;V3;V6,6,0.6,1,0,1,0,2
0;1;2;3;5;6;8;11,I;II;III;aVR;aVF;V1;V3;V6,6,0.7,1,0,1,0,2
0;1;2;3;5;6;8;11,I;II;III;aVR;aVF;V1;V3;V6,6,0.8,1,0,1,0,2
0;1;2;3;5;6;8;11,I;II;III;aVR;aVF;V1;V3;V6,6,0.9,1,0,0,0,1
0;1;2;3;5;6;9,I;II;III;aVR;aVF;V1;V4,5,0.5,1,1,1,0,3
0;1;2;3;5;6;9,I;II;III;aVR;aVF;V1;V4,5,0.6,1,0,1,0,2
0;1;2;3;5;6;9,I;II;III;aVR;aVF;V1;V4,5,0.7,1,0,1,0,2
0;1;2;3;5;6;9,I;II;III;aVR;aVF;V1;V4,5,0.8,1,0,1,0,2
0;1;2;3;5;6;9,I;II;III;aVR;aVF;V1;V4,5,0.9,1,0,0,0,1
0;1;2;3;5;6;9;10,I;II;III;aVR;aVF;V1;V4;V5,6,0.5,1,1,1,0,3
0;1;2;3;5;6;9;10,I;II;III;aVR;aVF;V1;V4;V5,6,0.6,1,0,1,0,2
0;1;2;3;5;6;9;10,I;II;III;aVR;aVF;V1;V4;V5,6,0.7,1,0,1,0,2
0;1;2;3;5;6;9;10,I;II;III;aVR;aVF;V1;V4;V5,6,0.8,1,0,1,0,2
0;1;2;3;5;6;9;10,I;II;III;aVR;aVF;V1;V4;V5,6,0.9,1,0,0,0,1
0;1;2;3;5;6;9;10;11,I;II;III;aVR;aVF;V1;V4;V5;V6,7,0.5,1,1,1,0,3
0;1;2;3;5;6;9;10;11,I;II;III;aVR;aVF;V1;V4;V5;V6,7,0.6,1,0,1,0,2
0;1;2;3;5;6;9;10;11,I;II;III;aVR;aVF;V1;V4;V5;V6,7,0.7,1,0,1,0,2
0;1;2;3;5;6;9;10;11,I;II;III;aVR;aVF;V1;V4;V5;V6,7,0.8,1,0,1,0,2
0;1;2;3;5;6;9;10;11,I;II;III;aVR;aVF;V1;V4;V5;V6,7,0.9,1,0,0,0,1
0;1;2;3;5;6;9;11,I;II;III;aVR;aVF;V1;V4;V6,6,0.5,1,1,1,0,3
0;1;2;3;5;6;9;11,I;II;III;aVR;aVF;V1;V4;V6,6,0.6,1,0,1,0,2
0;1;2;3;5;6;9;11,I;II;III;aVR;aVF;V1;V4;V6,6,0.7,1,0,1,0,2
0;1;2;3;5;6;9;11,I;II;III;aVR;aVF;V1;V4;V6,6,0.8,1,0,1,0,2
0;1;2;3;5;6;9;11,I;II;III;aVR;aVF;V1;V4;V6,6,0.9,1,0,0,0,1
0;1;2;3;5;6;10,I;II;III;aVR;aVF;V1;V5,5,0.5,1,1,1,0,3
0;1;2;3;5;6;10,I;II;III;aVR;aVF;V1;V5,5,0.6,1,0,1,0,2
0;1;2;3;5;6;10,I;II;III;aVR;aVF;V1;V5,5,0.7,1,0,1,0,2
0;1;2;3;5;6;10,I;II;III;aVR;aVF;V1;V5,5,0.8,1,0,1,0,2
0;1;2;3;5;6;10,I;II;III;aVR;aVF;V1;V5,5,0.9,1,0,0,0,1
0;1;2;3;5;6;10;11,I;II;III;aVR;aVF;V1;V5;V6,6,0.5,1,1,1,0,3
0;1;2;3;5;6;10;11,I;II;III;aVR;aVF;V1;V5;V6,6,0.6,1,0,1,0,2
0;1;2;3;5;6;10;11,I;II;III;aVR;aVF;V1;V5;V6,6,0.7,1,0,1,0,2
0;1;2;3;5;6;10;11,I;II;III;aVR;aVF;V1;V5;V6,6,0.8,1,0,1,0,2
0;1;2;3;5;6;10;11,I;II;III;aVR;aVF;V1;V5;V6,6,0.9,1,0,0,0,1
0;1;2;3;5;6;11,I;II;III;aVR;aVF;V1;V6,5,0.5,1,1,1,0,3
0;1;2;3;5;6;11,I;II;III;aVR;aVF;V1;V6,5,0.6,1,1,1,0,3
0;1;2;3;5;6;11,I;II;III;aVR;aVF;V1;V6,5,0.7,1,0,1,0,2
0;1;2;3;5;6;11,I;II;III;aVR;aVF;V1;V6,5,0.8,1,0,1,0,2
0;1;2;3;5;6;11,I;II;III;aVR;aVF;V1;V6,5,0.9,1,0,0,0,1
0;1;2;3;5;7,I;II;III;aVR;aVF;V2,4,0.5,1,1,1,0,3
0;1;2;3;5;7,I;II;III;aVR;aVF;V2,4,0.6,1,0,1,0,2
0;1;2;3;5;7,I;II;III;aVR;aVF;V2,4,0.7,1,0,1,0,2
0;1;2;3;5;7,I;II;III;aVR;aVF;V2,4,0.8,1,0,1,0,2
0;1;2;3;5;7,I;II;III;aVR;aVF;V2,4,0.9,1,0,0,0,1
0;1;2;3;5;7;8,I;II;III;aVR;aVF;V2;V3,5,0.5,1,1,1,0,3
0;1;2;3;5;7;8,I;II;III;aVR;aVF;V2;V3,5,0.6,1,1,1,0,3
0;1;2;3;5;7;8,I;II;III;aVR;aVF;V2;V3,5,0.7,1,0,1,0,2
0;1;2;3;5;7;8,I;II;III;aVR;aVF;V2;V3,5,0.8,1,0,1,0,2
0;1;2;3;5;7;8,I;II;III;aVR;aVF;V2;V3,5,0.9,1,0,0,0,1
0;1;2;3;5;7;8;9,I;II;III;aVR;aVF;V2;V3;V4,6,0.5,1,1,1,0,3
0;1;2;3;5;7;8;9,I;II;III;aVR;aVF;V2;V3;V4,6,0.6,1,1,1,0,3
0;1;2;3;5;7;8;9,I;II;III;aVR;aVF;V2;V3;V4,6,0.7,1,0,1,0,2
0;1;2;3;5;7;8;9,I;II;III;aVR;aVF;V2;V3;V4,6,0.8,1,0,1,0,2
0;1;2;3;5;7;8;9,I;II;III;aVR;aVF;V2;V3;V4,6,0.9,1,0,0,0,1
0;1;2;3;5;7;8;9;10,I;II;III;aVR;aVF;V2;V3;V4;V5,7,0.5,1,1,1,0,3
0;1;2;3;5;7;8;9;10,I;II;III;aVR;aVF;V2;V3;V4;V5,7,0.6,1,0,1,0,2
0;1;2;3;5;7;8;9;10,I;II;III;aVR;aVF;V2;V3;V4;V5,7,0.7,1,0,1,0,2
0;1;2;3;5;7;8;9;10,I;II;III;aVR;aVF;V2;V3;V4;V5,7,0.8,1,0,0,0,1
0;1;2;3;5;7;8;9;10,I;II;III;aVR;aVF;V2;V3;V4;V5,7,0.9,1,0,0,0,1
0;1;2;3;5;7;8;9;10;11,I;II;III;aVR;aVF;V2;V3;V4;V5;V6,8,0.5,1,1,1,0,3
0;1;2;3;5;7;8;9;10;11,I;II;III;aVR;aVF;V2;V3;V4;V5;V6,8,0.6,1,1,1,0,3
0;1;2;3;5;7;8;9;10;11,I;II;III;aVR;aVF;V2;V3;V4;V5;V6,8,0.7,1,0,1,0,2
0;1;2;3;5;7;8;9;10;11,I;II;III;aVR;aVF;V2;V3;V4;V5;V6,8,0.8,1,0,1,0,2
0;1;2;3;5;7;8;9;10;11,I;II;III;aVR;aVF;V2;V3;V4;V5;V6,8,0.9,1,0,0,0,1
0;1;2;3;5;7;8;9;11,I;II;III;aVR;aVF;V2;V3;V4;V6,7,0.5,1,1,1,0,3
0;1;2;3;5;7;8;9;11,I;II;III;aVR;aVF;V2;V3;V4;V6,7,0.6,1,0,1,0,2
0;1;2;3;5;7;8;9;11,I;II;III;aVR;aVF;V2;V3;V4;V6,7,0.7,1,0,1,0,2
0;1;2;3;5;7;8;9;11,I;II;III;aVR;aVF;V2;V3;V4;V6,7,0.8,1,0,0,0,1
0;1;2;3;5;7;8;9;11,I;II;III;aVR;aVF;V2;V3;V4;V6,7,0.9,1,0,0,0,1
0;1;2;3;5;7;8;10,I;II;III;aVR;aVF;V2;V3;V5,6,0.5,1,1,1,0,3
0;1;2;3;5;7;8;10,I;II;III;aVR;aVF;V2;V3;V5,6,0.6,1,0,1,0,2
0;1;2;3;5;7;8;10,I;II;III;aVR;aVF;V2;V3;V5,6,0.7,1,0,1,0,2
0;1;2;3;5;7;8;10,I;II;III;aVR;aVF;V2;V3;V5,6,0.8,1,0,0,0,1
0;1;2;3;5;7;8;10,I;II;III;aVR;aVF;V2;V3;V5,6,0.9,1,0,0,0,1
0;1;2;3;5;7;8;10;11,I;II;III;aVR;aVF;V2;V3;V5;V6,7,0.5,1,1,1,0,3
0;1;2;3;5;7;8;10;11,I;II;III;aVR;aVF;V2;V3;V5;V6,7,0.6,1,1,1,0,3
0;1;2;3;5;7;8;10;11,I;II;III;aVR;aVF;V2;V3;V5;V6,7,0.7,1,0,1,0,2
0;1;2;3;5;7;8;10;11,I;II;III;aVR;aVF;V2;V3;V5;V6,7,0.8,1,0,0,0,1
0;1;2;3;5;7;8;10;11,I;II;III;aVR;aVF;V2;V3;V5;V6,7,0.9,1,0,0,0,1
0;1;2;3;5;7;8;11,I;II;III;aVR;aVF;V2;V3;V6,6,0.5,1,1,1,0,3
0;1;2;3;5;7;8;11,I;II;III;aVR;aVF;V2;V3;V6,6,0.6,1,1,1,0,3
0;1;2;3;5;7;8;11,I;II;III;aVR;aVF;V2;V3;V6,6,0.7,1,0,1,0,2
0;1;2;3;5;7;8;11,I;II;III;aVR;aVF;V2;V3;V6,6,0.8,1,0,0,0,1
0;1;2;3;5;7;8;11,I;II;III;aVR;aVF;V2;V3;V6,6,0.9,1,0,0,0,1
0;1;2;3;5;7;9,I;II;III;aVR;aVF;V2;V4,5,0.5,1,1,1,0,3
0;1;2;3;5;7;9,I;II;III;aVR;aVF;V2;V4,5,0.6,1,1,1,0,3
0;1;2;3;5;7;9,I;II;III;aVR;aVF;V2;V4,5,0.7,1,0,1,0,2
0;1;2;3;5;7;9,I;II;III;aVR;aVF;V2;V4,5,0.8,1,0,1,0,2
0;1;2;3;5;7;9,I;II;III;aVR;aVF;V2;V4,5,0.9,1,0,0,0,1
0;1;2;3;5;7;9;10,I;II;III;aVR;aVF;V2;V4;V5,6,0.5,1,1,1,0,3
0;1;2;3;5;7;9;10,I;II;III;aVR;aVF;V2;V4;V5,6,0.6,1,0,1,0,2
0;1;2;3;5;7;9;10,I;II;III;aVR;aVF;V2;V4;V5,6,0.7,1,0,1,0,2
0;1;2;3;5;7;9;10,I;II;III;aVR;aVF;V2;V4;V5,6,0.8,1,0,1,0,2
0;1;2;3;5;7;9;10,I;II;III;aVR;aVF;V2;V4;V5,6,0.9,1,0,0,0,1
0;1;2;3;5;7;9;10;11,I;II;III;aVR;aVF;V2;V4;V5;V6,7,0.5,1,1,1,0,3
0;1;2;3;5;7;9;10;11,I;II;III;aVR;aVF;V2;V4;V5;V6,7,0.6,1,0,1,0,2
0;1;2;3;5;7;9;10;11,I;II;III;aVR;aVF;V2;V4;V5;V6,7,0.7,1,0,1,0,2
0;1;2;3;5;7;9;10;11,I;II;III;aVR;aVF;V2;V4;V5;V6,7,0.8,1,0,0,0,1
0;1;2;3;5;7;9;10;11,I;II;III;aVR;aVF;V2;V4;V5;V6,7,0.9,1,0,0,0,1
0;1;2;3;5;7;9;11,I;II;III;aVR;aVF;V2;V4;V6,6,0.5,1,1,1,0,3
0;1;2;3;5;7;9;11,I;II;III;aVR;aVF;V2;V4;V6,6,0.6,1,0,1,0,2
0;1;2;3;5;7;9;11,I;II;III;aVR;aVF;V2;V4;V6,6,0.7,1,0,1,0,2
0;1;2;3;5;7;9;11,I;II;III;aVR;aVF;V2;V4;V6,6,0.8,1,0,1,0,2
0;1;2;3;5;7;9;11,I;II;III;aVR;aVF;V2;V4;V6,6,0.9,1,0,0,0,1
0;1;2;3;5;7;10,I;II;III;aVR;aVF;V2;V5,5,0.5,1,1,1,0,3
0;1;2;3;5;7;10,I;II;III;aVR;aVF;V2;V5,5,0.6,1,0,1,0,2
0;1;2;3;5;7;10,I;II;III;aVR;aVF;V2;V5,5,0.7,1,0,1,0,2
0;1;2;3;5;7;10,I;II;III;aVR;aVF;V2;V5,5,0.8,1,0,0,0,1
0;1;2;3;5;7;10,I;II;III;aVR;aVF;V2;V5,5,0.9,1,0,0,0,1
0;1;2;3;5;7;10;11,I;II;III;aVR;aVF;V2;V5;V6,6,0.5,1,1,1,0,3
0;1;2;3;5;7;10;11,I;II;III;aVR;aVF;V2;V5;V6,6,0.6,1,0,1,0,2
0;1;2;3;5;7;10;11,I;II;III;aVR;aVF;V2;V5;V6,6,0.7,1,0,1,0,2
0;1;2;3;5;7;10;11,I;II;III;aVR;aVF;V2;V5;V6,6,0.8,1,0,1,0,2
0;1;2;3;5;7;10;11,I;II;III;aVR;aVF;V2;V5;V6,6,0.9,1,0,0,0,1
0;1;2;3;5;7;11,I;II;III;aVR;aVF;V2;V6,5,0.5,1,1,1,0,3
0;1;2;3;5;7;11,I;II;III;aVR;aVF;V2;V6,5,0.6,1,1,1,0,3
0;1;2;3;5;7;11,I;II;III;aVR;aVF;V2;V6,5,0.7,1,0,1,0,2
0;1;2;3;5;7;11,I;II;III;aVR;aVF;V2;V6,5,0.8,1,0,1,0,2
0;1;2;3;5;7;11,I;II;III;aVR;aVF;V2;V6,5,0.9,1,0,0,0,1
0;1;2;3;5;8,I;II;III;aVR;aVF;V3,4,0.5,1,1,1,0,3
0;1;2;3;5;8,I;II;III;aVR;aVF;V3,4,0.6,1,0,1,0,2
0;1;2;3;5;8,I;II;III;aVR;aVF;V3,4,0.7,1,0,1,0,2
0;1;2;3;5;8,I;II;III;aVR;aVF;V3,4,0.8,1,0,0,0,1
0;1;2;3;5;8,I;II;III;aVR;aVF;V3,4,0.9,1,0,0,0,1
0;1;2;3;5;8;9,I;II;III;aVR;aVF;V3;V4,5,0.5,1,1,1,0,3
0;1;2;3;5;8;9,I;II;III;aVR;aVF;V3;V4,5,0.6,1,1,1,0,3
0;1;2;3;5;8;9,I;II;III;aVR;aVF;V3;V4,5,0.7,1,0,1,0,2
0;1;2;3;5;8;9,I;II;III;aVR;aVF;V3;V4,5,0.8,1,0,1,0,2
0;1;2;3;5;8;9,I;II;III;aVR;aVF;V3;V4,5,0.9,1,0,0,0,1
0;1;2;3;5;8;9;10,I;II;III;aVR;aVF;V3;V4;V5,6,0.5,1,1,1,0,3
0;1;2;3;5;8;9;10,I;II;III;aVR;aVF;V3;V4;V5,6,0.6,1,0,1,0,2
0;1;2;3;5;8;9;10,I;II;III;aVR;aVF;V3;V4;V5,6,0.7,1,0,1,0,2
0;1;2;3;5;8;9;10,I;II;III;aVR;aVF;V3;V4;V5,6,0.8,1,0,0,0,1
0;1;2;3;5;8;9;10,I;II;III;aVR;aVF;V3;V4;V5,6,0.9,1,0,0,0,1
0;1;2;3;5;8;9;10;11,I;II;III;aVR;aVF;V3;V4;V5;V6,7,0.5,1,1,1,0,3
0;1;2;3;5;8;9;10;11,I;II;III;aVR;aVF;V3;V4;V5;V6,7,0.6,1,0,1,0,2
0;1;2;3;5;8;9;10;11,I;II;III;aVR;aVF;V3;V4;V5;V6,7,0.7,1,0,1,0,2
0;1;2;3;5;8;9;10;11,I;II;III;aVR;aVF;V3;V4;V5;V6,7,0.8,1,0,0,0,1
0;1;2;3;5;8;9;10;11,I;II;III;aVR;aVF;V3;V4;V5;V6,7,0.9,1,0,0,0,1
0;1;2;3;5;8;9;11,I;II;III;aVR;aVF;V3;V4;V6,6,0.5,1,1,1,0,3
0;1;2;3;5;8;9;11,I;II;III;aVR;aVF;V3;V4;V6,6,0.6,1,0,1,0,2
0;1;2;3;5;8;9;11,I;II;III;aVR;aVF;V3;V4;V6,6,0.7,1,0,1,0,2
0;1;2;3;5;8;9;11,I;II;III;aVR;aVF;V3;V4;V6,6,0.8,1,0,0,0,1
0;1;2;3;5;8;9;11,I;II;III;aVR;aVF;V3;V4;V6,6,0.9,1,0,0,0,1
0;1;2;3;5;8;10,I;II;III;aVR;aVF;V3;V5,5,0.5,1,1,1,0,3
0;1;2;3;5;8;10,I;II;III;aVR;aVF;V3;V5,5,0.6,1,0,1,0,2
0;1;2;3;5;8;10,I;II;III;aVR;aVF;V3;V5,5,0.7,1,0,1,0,2
0;1;2;3;5;8;10,I;II;III;aVR;aVF;V3;V5,5,0.8,1,0,0,0,1
0;1;2;3;5;8;10,I;II;III;aVR;aVF;V3;V5,5,0.9,1,0,0,0,1
0;1;2;3;5;8;10;11,I;II;III;aVR;aVF;V3;V5;V6,6,0.5,1,1,1,0,3
0;1;2;3;5;8;10;11,I;II;III;aVR;aVF;V3;V5;V6,6,0.6,1,0,1,0,2
0;1;2;3;5;8;10;11,I;II;III;aVR;aVF;V3;V5;V6,6,0.7,1,0,1,0,2
0;1;2;3;5;8;10;11,I;II;III;aVR;aVF;V3;V5;V6,6,0.8,1,0,0,0,1
0;1;2;3;5;8;10;11,I;II;III;aVR;aVF;V3;V5;V6,6,0.9,1,0,0,0,1
0;1;2;3;5;8;11,I;II;III;aVR;aVF;V3;V6,5,0.5,1,1,1,0,3
0;1;2;3;5;8;11,I;II;III;aVR;aVF;V3;V6,5,0.6,1,0,1,0,2
0;1;2;3;5;8;11,I;II;III;aVR;aVF;V3;V6,5,0.7,1,0,1,0,2
0;1;2;3;5;8;11,I;II;III;aVR;aVF;V3;V6,5,0.8,1,0,0,0,1
0;1;2;3;5;8;11,I;II;III;aVR;aVF;V3;V6,5,0.9,1,0,0,0,1
0;1;2;3;5;9,I;II;III;aVR;aVF;V4,4,0.5,1,1,1,0,3
0;1;2;3;5;9,I;II;III;aVR;aVF;V4,4,0.6,1,0,1,0,2
0;1;2;3;5;9,I;II;III;aVR;aVF;V4,4,0.7,1,0,1,0,2
0;1;2;3;5;9,I;II;III;aVR;aVF;V4,4,0.8,1,0,1,0,2
0;1;2;3;5;9,I;II;III;aVR;aVF;V4,4,0.9,1,0,0,0,1
0;1;2;3;5;9;10,I;II;III;aVR;aVF;V4;V5,5,0.5,1,1,1,0,3
0;1;2;3;5;9;10,I;II;III;aVR;aVF;V4;V5,5,0.6,1,0,1,0,2
0;1;2;3;5;9;10,I;II;III;aVR;aVF;V4;V5,5,0.7,1,0,1,0,2
0;1;2;3;5;9;10,I;II;III;aVR;aVF;V4;V5,5,0.8,1,0,0,0,1
0;1;2;3;5;9;10,I;II;III;aVR;aVF;V4;V5,5,0.9,1,0,0,0,1
0;1;2;3;5;9;10;11,I;II;III;aVR;aVF;V4;V5;V6,6,0.5,1,1,1,0,3
0;1;2;3;5;9;10;11,I;II;III;aVR;aVF;V4;V5;V6,6,0.6,1,0,1,0,2
0;1;2;3;5;9;10;11,I;II;III;aVR;aVF;V4;V5;V6,6,0.7,1,0,1,0,2
0;1;2;3;5;9;10;11,I;II;III;aVR;aVF;V4;V5;V6,6,0.8,1,0,1,0,2
0;1;2;3;5;9;10;11,I;II;III;aVR;aVF;V4;V5;V6,6,0.9,1,0,0,0,1
0;1;2;3;5;9;11,I;II;III;aVR;aVF;V4;V6,5,0.5,1,1,1,0,3
0;1;2;3;5;9;11,I;II;III;aVR;aVF;V4;V6,5,0.6,1,0,1,0,2
0;1;2;3;5;9;11,I;II;III;aVR;aVF;V4;V6,5,0.7,1,0,1,0,2
0;1;2;3;5;9;11,I;II;III;aVR;aVF;V4;V6,5,0.8,1,0,0,0,1
0;1;2;3;5;9;11,I;II;III;aVR;aVF;V4;V6,5,0.9,1,0,0,0,1
0;1;2;3;5;10,I;II;III;aVR;aVF;V5,4,0.5,1,1,1,0,3
0;1;2;3;5;10,I;II;III;aVR;aVF;V5,4,0.6,1,0,1,0,2
0;1;2;3;5;10,I;II;III;aVR;aVF;V5,4,0.7,1,0,1,0,2
0;1;2;3;5;10,I;II;III;aVR;aVF;V5,4,0.8,1,0,0,0,1
0;1;2;3;5;10,I;II;III;aVR;aVF;V5,4,0.9,1,0,0,0,1
0;1;2;3;5;10;11,I;II;III;aVR;aVF;V5;V6,5,0.5,1,1,1,0,3
0;1;2;3;5;10;11,I;II;III;aVR;aVF;V5;V6,5,0.6,1,0,1,0,2
0;1;2;3;5;10;11,I;II;III;aVR;aVF;V5;V6,5,0.7,1,0,1,0,2
0;1;2;3;5;10;11,I;II;III;aVR;aVF;V5;V6,5,0.8,1,0,0,0,1
0;1;2;3;5;10;11,I;II;III;aVR;aVF;V5;V6,5,0.9,1,0,0,0,1
0;1;2;3;5;11,I;II;III;aVR;aVF;V6,4,0.5,1,1,1,0,3
0;1;2;3;5;11,I;II;III;aVR;aVF;V6,4,0.6,1,0,1,0,2
0;1;2;3;5;11,I;II;III;aVR;aVF;V6,4,0.7,1,0,1,0,2
0;1;2;3;5;11,I;II;III;aVR;aVF;V6,4,0.8,1,0,0,0,1
0;1;2;3;5;11,I;II;III;aVR;aVF;V6,4,0.9,1,0,0,0,1
0;1;2;3;6,I;II;III;aVR;V1,4,0.5,1,1,1,0,3
0;1;2;3;6,I;II;III;aVR;V1,4,0.6,1,1,1,0,3
0;1;2;3;6,I;II;III;aVR;V1,4,0.7,1,0,1,0,2
0;1;2;3;6,I;II;III;aVR;V1,4,0.8,1,0,1,0,2
0;1;2;3;6,I;II;III;aVR;V1,4,0.9,1,0,0,0,1
0;1;2;3;6;7,I;II;III;aVR;V1;V2,5,0.5,1,1,1,0,3
0;1;2;3;6;7,I;II;III;aVR;V1;V2,5,0.6,1,0,1,0,2
0;1;2;3;6;7,I;II;III;aVR;V1;V2,5,0.7,1,0,1,0,2
0;1;2;3;6;7,I;II;III;aVR;V1;V2,5,0.8,1,0,1,0,2
0;1;2;3;6;7,I;II;III;aVR;V1;V2,5,0.9,1,0,0,0,1
0;1;2;3;6;7;8,I;II;III;aVR;V1;V2;V3,6,0.5,1,1,1,0,3
0;1;2;3;6;7;8,I;II;III;aVR;V1;V2;V3,6,0.6,1,0,1,0,2
0;1;2;3;6;7;8,I;II;III;aVR;V1;V2;V3,6,0.7,1,0,1,0,2
0;1;2;3;6;7;8,I;II;III;aVR;V1;V2;V3,6,0.8,1,0,1,0,2
0;1;2;3;6;7;8,I;II;III;aVR;V1;V2;V3,6,0.9,1,0,0,0,1
0;1;2;3;6;7;8;9,I;II;III;aVR;V1;V2;V3;V4,7,0.5,1,1,1,0,3
0;1;2;3;6;7;8;9,I;II;III;aVR;V1;V2;V3;V4,7,0.6,1,0,1,0,2
0;1;2;3;6;7;8;9,I;II;III;aVR;V1;V2;V3;V4,7,0.7,1,0,1,0,2
0;1;2;3;6;7;8;9,I;II;III;aVR;V1;V2;V3;V4,7,0.8,1,0,1,0,2
0;1;2;3;6;7;8;9,I;II;III;aVR;V1;V2;V3;V4,7,0.9,1,0,0,0,1
0;1;2;3;6;7;8;9;10,I;II;III;aVR;V1;V2;V3;V4;V5,8,0.5,1,1,1,0,3
0;1;2;3;6;7;8;9;10,I;II;III;aVR;V1;V2;V3;V4;V5,8,0.6,1,0,1,0,2
0;1;2;3;6;7;8;9;10,I;II;III;aVR;V1;V2;V3;V4;V5,8,0.7,1,0,1,0,2
0;1;2;3;6;7;8;9;10,I;II;III;aVR;V1;V2;V3;V4;V5,8,0.8,1,0,1,0,2
0;1;2;3;6;7;8;9;10,I;II;III;aVR;V1;V2;V3;V4;V5,8,0.9,1,0,0,0,1
0;1;2;3;6;7;8;9;10;11,I;II;III;aVR;V1;V2;V3;V4;V5;V6,9,0.5,1,1,1,0,3
0;1;2;3;6;7;8;9;10;11,I;II;III;aVR;V1;V2;V3;V4;V5;V6,9,0.6,1,0,1,0,2
0;1;2;3;6;7;8;9;10;11,I;II;III;aVR;V1;V2;V3;V4;V5;V6,9,0.7,1,0,1,0,2
0;1;2;3;6;7;8;9;10;11,I;II;III;aVR;V1;V2;V3;V4;V5;V6,9,0.8,1,0,1,0,2
0;1;2;3;6;7;8;9;10;11,I;II;III;aVR;V1;V2;V3;V4;V5;V6,9,0.9,1,0,0,0,1
0;1;2;3;6;7;8;9;11,I;II;III;aVR;V1;V2;V3;V4;V6,8,0.5,1,1,1,0,3
0;1;2;3;6;7;8;9;11,I;II;III;aVR;V1;V2;V3;V4;V6,8,0.6,1,0,1,0,2
0;1;2;3;6;7;8;9;11,I;II;III;aVR;V1;V2;V3;V4;V6,8,0.7,1,0,1,0,2
0;1;2;3;6;7;8;9;11,I;II;III;aVR;V1;V2;V3;V4;V6,8,0.8,1,0,1,0,2
0;1;2;3;6;7;8;9;11,I;II;III;aVR;V1;V2;V3;V4;V6,8,0.9,1,0,0,0,1
0;1;2;3;6;7;8;10,I;II;III;aVR;V1;V2;V3;V5,7,0.5,1,1,1,0,3
0;1;2;3;6;7;8;10,I;II;III;aVR;V1;V2;V3;V5,7,0.6,1,0,1,0,2
0;1;2;3;6;7;8;10,I;II;III;aVR;V1;V2;V3;V5,7,0.7,1,0,1,0,2
0;1;2;3;6;7;8;10,I;II;III;aVR;V1;V2;V3;V5,7,0.8,1,0,1,0,2
0;1;2;3;6;7;8;10,I;II;III;aVR;V1;V2;V3;V5,7,0.9,1,0,0,0,1
0;1;2;3;6;7;8;10;11,I;II;III;aVR;V1;V2;V3;V5;V6,8,0.5,1,1,1,0,3
0;1;2;3;6;7;8;10;11,I;II;III;aVR;V1;V2;V3;V5;V6,8,0.6,1,0,1,0,2
0;1;2;3;6;7;8;10;11,I;II;III;aVR;V1;V2;V3;V5;V6,8,0.7,1,0,1,0,2
0;1;2;3;6;7;8;10;11,I;II;III;aVR;V1;V2;V3;V5;V6,8,0.8,1,0,1,0,2
0;1;2;3;6;7;8;10;11,I;II;III;aVR;V1;V2;V3;V5;V6,8,0.9,1,0,0,0,1
0;1;2;3;6;7;8;11,I;II;III;aVR;V1;V2;V3;V6,7,0.5,1,1,1,0,3
0;1;2;3;6;7;8;11,I;II;III;aVR;V1;V2;V3;V6,7,0.6,1,0,1,0,2
0;1;2;3;6;7;8;11,I;II;III;aVR;V1;V2;V3;V6,7,0.7,1,0,1,0,2
0;1;2;3;6;7;8;11,I;II;III;aVR;V1;V2;V3;V6,7,0.8,1,0,1,0,2
0;1;2;3;6;7;8;11,I;II;III;aVR;V1;V2;V3;V6,7,0.9,1,0,0,0,1
0;1;2;3;6;7;9,I;II;III;aVR;V1;V2;V4,6,0.5,1,1,1,0,3
0;1;2;3;6;7;9,I;II;III;aVR;V1;V2;V4,6,0.6,1,0,1,0,2
0;1;2;3;6;7;9,I;II;III;aVR;V1;V2;V4,6,0.7,1,0,1,0,2
0;1;2;3;6;7;9,I;II;III;aVR;V1;V2;V4,6,0.8,1,0,1,0,2
0;1;2;3;6;7;9,I;II;III;aVR;V1;V2;V4,6,0.9,1,0,0,0,1
0;1;2;3;6;7;9;10,I;II;III;aVR;V1;V2;V4;V5,7,0.5,1,1,1,0,3
0;1;2;3;6;7;9;10,I;II;III;aVR;V1;V2;V4;V5,7,0.6,1,0,1,0,2
0;1;2;3;6;7;9;10,I;II;III;aVR;V1;V2;V4;V5,7,0.7,1,0,1,0,2
0;1;2;3;6;7;9;10,I;II;III;aVR;V1;V2;V4;V5,7,0.8,1,0,1,0,2
0;1;2;3;6;7;9;10,I;II;III;aVR;V1;V2;V4;V5,7,0.9,1,0,0,0,1
0;1;2;3;6;7;9;10;11,I;II;III;aVR;V1;V2;V4;V5;V6,8,0.5,1,1,1,0,3
0;1;2;3;6;7;9;10;11,I;II;III;aVR;V1;V2;V4;V5;V6,8,0.6,1,0,1,0,2
0;1;2;3;6;7;9;10;11,I;II;III;aVR;V1;V2;V4;V5;V6,8,0.7,1,0,1,0,2
0;1;2;3;6;7;9;10;11,I;II;III;aVR;V1;V2;V4;V5;V6,8,0.8,1,0,1,0,2
0;1;2;3;6;7;9;10;11,I;II;III;aVR;V1;V2;V4;V5;V6,8,0.9,1,0,0,0,1
0;1;2;3;6;7;9;11,I;II;III;aVR;V1;V2;V4;V6,7,0.5,1,1,1,0,3
0;1;2;3;6;7;9;11,I;II;III;aVR;V1;V2;V4;V6,7,0.6,1,0,1,0,2
0;1;2;3;6;7;9;11,I;II;III;aVR;V1;V2;V4;V6,7,0.7,1,0,1,0,2
0;1;2;3;6;7;9;11,I;II;III;aVR;V1;V2;V4;V6,7,0.8,1,0,1,0,2
0;1;2;3;6;7;9;11,I;II;III;aVR;V1;V2;V4;V6,7,0.9,1,0,0,0,1
0;1;2;3;6;7;10,I;II;III;aVR;V1;V2;V5,6,0.5,1,1,1,0,3
0;1;2;3;6;7;10,I;II;III;aVR;V1;V2;V5,6,0.6,1,0,1,0,2
0;1;2;3;6;7;10,I;II;III;aVR;V1;V2;V5,6,0.7,1,0,1,0,2
0;1;2;3;6;7;10,I;II;III;aVR;V1;V2;V5,6,0.8,1,0,1,0,2
0;1;2;3;6;7;10,I;II;III;aVR;V1;V2;V5,6,0.9,1,0,0,0,1
0;1;2;3;6;7;10;11,I;II;III;aVR;V1;V2;V5;V6,7,0.5,1,1,1,0,3
0;1;2;3;6;7;10;11,I;II;III;aVR;V1;V2;V5;V6,7,0.6,1,0,1,0,2
0;1;2;3;6;7;10;11,I;II;III;aVR;V1;V2;V5;V6,7,0.7,1,0,1,0,2
0;1;2;3;6;7;10;11,I;II;III;aVR;V1;V2;V5;V6,7,0.8,1,0,1,0,2
0;1;2;3;6;7;10;11,I;II;III;aVR;V1;V2;V5;V6,7,0.9,1,0,0,0,1
0;1;2;3;6;7;11,I;II;III;aVR;V1;V2;V6,6,0.5,1,1,1,0,3
0;1;2;3;6;7;11,I;II;III;aVR;V1;V2;V6,6,0.6,1,0,1,0,2
0;1;2;3;6;7;11,I;II;III;aVR;V1;V2;V6,6,0.7,1,0,1,0,2
0;1;2;3;6;7;11,I;II;III;aVR;V1;V2;V6,6,0.8,1,0,1,0,2
0;1;2;3;6;7;11,I;II;III;aVR;V1;V2;V6,6,0.9,1,0,0,0,1
0;1;2;3;6;8,I;II;III;aVR;V1;V3,5,0.5,1,1,1,0,3
0;1;2;3;6;8,I;II;III;aVR;V1;V3,5,0.6,1,0,1,0,2
0;1;2;3;6;8,I;II;III;aVR;V1;V3,5,0.7,1,0,1,0,2
0;1;2;3;6;8,I;II;III;aVR;V1;V3,5,0.8,1,0,1,0,2
0;1;2;3;6;8,I;II;III;aVR;V1;V3,5,0.9,1,0,0,0,1
0;1;2;3;6;8;9,I;II;III;aVR;V1;V3;V4,6,0.5,1,1,1,0,3
0;1;2;3;6;8;9,I;II;III;aVR;V1;V3;V4,6,0.6,1,0,1,0,2
0;1;2;3;6;8;9,I;II;III;aVR;V1;V3;V4,6,0.7,1,0,1,0,2
0;1;2;3;6;8;9,I;II;III;aVR;V1;V3;V4,6,0.8,1,0,1,0,2
0;1;2;3;6;8;9,I;II;III;aVR;V1;V3;V4,6,0.9,1,0,0,0,1
0;1;2;3;6;8;9;10,I;II;III;aVR;V1;V3;V4;V5,7,0.5,1,1,1,0,3
0;1;2;3;6;8;9;10,I;II;III;aVR;V1;V3;V4;V5,7,0.6,1,0,1,0,2
0;1;2;3;6;8;9;10,I;II;III;aVR;V1;V3;V4;V5,7,0.7,1,0,1,0,2
0;1;2;3;6;8;9;10,I;II;III;aVR;V1;V3;V4;V5,7,0.8,1,0,1,0,2
0;1;2;3;6;8;9;10,I;II;III;aVR;V1;V3;V4;V5,7,0.9,1,0,0,0,1
0;1;2;3;6;8;9;10;11,I;II;III;aVR;V1;V3;V4;V5;V6,8,0.5,1,1,1,0,3
0;1;2;3;6;8;9;10;11,I;II;III;aVR;V1;V3;V4;V5;V6,8,0.6,1,0,1,0,2
0;1;2;3;6;8;9;10;11,I;II;III;aVR;V1;V3;V4;V5;V6,8,0.7,1,0,1,0,2
0;1;2;3;6;8;9;10;11,I;II;III;aVR;V1;V3;V4;V5;V6,8,0.8,1,0,1,0,2
0;1;2;3;6;8;9;10;11,I;II;III;aVR;V1;V3;V4;V5;V6,8,0.9,1,0,0,0,1
0;1;2;3;6;8;9;11,I;II;III;aVR;V1;V3;V4;V6,7,0.5,1,1,1,0,3
0;1;2;3;6;8;9;11,I;II;III;aVR;V1;V3;V4;V6,7,0.6,1,0,1,0,2
0;1;2;3;6;8;9;11,I;II;III;aVR;V1;V3;V4;V6,7,0.7,1,0,1,0,2
0;1;2;3;6;8;9;11,I;II;III;aVR;V1;V3;V4;V6,7,0.8,1,0,1,0,2
0;1;2;3;6;8;9;11,I;II;III;aVR;V1;V3;V4;V6,7,0.9,1,0,0,0,1
0;1;2;3;6;8;10,I;II;III;aVR;V1;V3;V5,6,0.5,1,1,1,0,3
0;1;2;3;6;8;10,I;II;III;aVR;V1;V3;V5,6,0.6,1,0,1,0,2
0;1;2;3;6;8;10,I;II;III;aVR;V1;V3;V5,6,0.7,1,0,1,0,2
0;1;2;3;6;8;10,I;II;III;aVR;V1;V3;V5,6,0.8,1,0,1,0,2
0;1;2;3;6;8;10,I;II;III;aVR;V1;V3;V5,6,0.9,1,0,0,0,1
0;1;2;3;6;8;10;11,I;II;III;aVR;V1;V3;V5;V6,7,0.5,1,1,1,0,3
0;1;2;3;6;8;10;11,I;II;III;aVR;V1;V3;V5;V6,7,0.6,1,0,1,0,2
0;1;2;3;6;8;10;11,I;II;III;aVR;V1;V3;V5;V6,7,0.7,1,0,1,0,2
0;1;2;3;6;8;10;11,I;II;III;aVR;V1;V3;V5;V6,7,0.8,1,0,1,0,2
0;1;2;3;6;8;10;11,I;II;III;aVR;V1;V3;V5;V6,7,0.9,1,0,0,0,1
0;1;2;3;6;8;11,I;II;III;aVR;V1;V3;V6,6,0.5,1,1,1,0,3
0;1;2;3;6;8;11,I;II;III;aVR;V1;V3;V6,6,0.6,1,0,1,0,2
0;1;2;3;6;8;11,I;II;III;aVR;V1;V3;V6,6,0.7,1,0,1,0,2
0;1;2;3;6;8;11,I;II;III;aVR;V1;V3;V6,6,0.8,1,0,1,0,2
0;1;2;3;6;8;11,I;II;III;aVR;V1;V3;V6,6,0.9,1,0,0,0,1
0;1;2;3;6;9,I;II;III;aVR;V1;V4,5,0.5,1,1,1,0,3
0;1;2;3;6;9,I;II;III;aVR;V1;V4,5,0.6,1,0,1,0,2
0;1;2;3;6;9,I;II;III;aVR;V1;V4,5,0.7,1,0,1,0,2
0;1;2;3;6;9,I;II;III;aVR;V1;V4,5,0.8,1,0,1,0,2
0;1;2;3;6;9,I;II;III;aVR;V1;V4,5,0.9,1,0,0,0,1
0;1;2;3;6;9;10,I;II;III;aVR;V1;V4;V5,6,0.5,1,1,1,0,3
0;1;2;3;6;9;10,I;II;III;aVR;V1;V4;V5,6,0.6,1,0,1,0,2
0;1;2;3;6;9;10,I;II;III;aVR;V1;V4;V5,6,0.7,1,0,1,0,2
0;1;2;3;6;9;10,I;II;III;aVR;V1;V4;V5,6,0.8,1,0,1,0,2
0;1;2;3;6;9;10,I;II;III;aVR;V1;V4;V5,6,0.9,1,0,0,0,1
0;1;2;3;6;9;10;11,I;II;III;aVR;V1;V4;V5;V6,7,0.5,1,1,1,0,3
0;1;2;3;6;9;10;11,I;II;III;aVR;V1;V4;V5;V6,7,0.6,1,0,1,0,2
0;1;2;3;6;9;10;11,I;II;III;aVR;V1;V4;V5;V6,7,0.7,1,0,1,0,2
0;1;2;3;6;9;10;11,I;II;III;aVR;V1;V4;V5;V6,7,0.8,1,0,1,0,2
0;1;2;3;6;9;10;11,I;II;III;aVR;V1;V4;V5;V6,7,0.9,1,0,0,0,1
0;1;2;3;6;9;11,I;II;III;aVR;V1;V4;V6,6,0.5,1,1,1,0,3
0;1;2;3;6;9;11,I;II;III;aVR;V1;V4;V6,6,0.6,1,0,1,0,2
0;1;2;3;6;9;11,I;II;III;aVR;V1;V4;V6,6,0.7,1,0,1,0,2
0;1;2;3;6;9;11,I;II;III;aVR;V1;V4;V6,6,0.8,1,0,1,0,2
0;1;2;3;6;9;11,I;II;III;aVR;V1;V4;V6,6,0.9,1,0,0,0,1
0;1;2;3;6;10,I;II;III;aVR;V1;V5,5,0.5,1,1,1,0,3
0;1;2;3;6;10,I;II;III;aVR;V1;V5,5,0.6,1,0,1,0,2
0;1;2;3;6;10,I;II;III;aVR;V1;V5,5,0.7,1,0,1,0,2
0;1;2;3;6;10,I;II;III;aVR;V1;V5,5,0.8,1,0,1,0,2
0;1;2;3;6;10,I;II;III;aVR;V1;V5,5,0.9,1,0,0,0,1
0;1;2;3;6;10;11,I;II;III;aVR;V1;V5;V6,6,0.5,1,1,1,0,3
0;1;2;3;6;10;11,I;II;III;aVR;V1;V5;V6,6,0.6,1,0,1,0,2
0;1;2;3;6;10;11,I;II;III;aVR;V1;V5;V6,6,0.7,1,0,1,0,2
0;1;2;3;6;10;11,I;II;III;aVR;V1;V5;V6,6,0.8,1,0,1,0,2
0;1;2;3;6;10;11,I;II;III;aVR;V1;V5;V6,6,0.9,1,0,0,0,1
0;1;2;3;6;11,I;II;III;aVR;V1;V6,5,0.5,1,1,1,0,3
0;1;2;3;6;11,I;II;III;aVR;V1;V6,5,0.6,1,1,1,0,3
0;1;2;3;6;11,I;II;III;aVR;V1;V6,5,0.7,1,0,1,0,2
0;1;2;3;6;11,I;II;III;aVR;V1;V6,5,0.8,1,0,1,0,2
0;1;2;3;6;11,I;II;III;aVR;V1;V6,5,0.9,1,0,0,0,1
0;1;2;3;7,I;II;III;aVR;V2,4,0.5,1,1,1,0,3
0;1;2;3;7,I;II;III;aVR;V2,4,0.6,1,0,1,0,2
0;1;2;3;7,I;II;III;aVR;V2,4,0.7,1,0,1,0,2
0;1;2;3;7,I;II;III;aVR;V2,4,0.8,1,0,1,0,2
0;1;2;3;7,I;II;III;aVR;V2,4,0.9,1,0,0,0,1
0;1;2;3;7;8,I;II;III;aVR;V2;V3,5,0.5,1,1,1,0,3
0;1;2;3;7;8,I;II;III;aVR;V2;V3,5,0.6,1,0,1,0,2
0;1;2;3;7;8,I;II;III;aVR;V2;V3,5,0.7,1,0,1,0,2
0;1;2;3;7;8,I;II;III;aVR;V2;V3,5,0.8,1,0,1,0,2
0;1;2;3;7;8,I;II;III;aVR;V2;V3,5,0.9,1,0,0,0,1
0;1;2;3;7;8;9,I;II;III;aVR;V2;V3;V4,6,0.5,1,1,1,0,3
0;1;2;3;7;8;9,I;II;III;aVR;V2;V3;V4,6,0.6,1,1,1,0,3
0;1;2;3;7;8;9,I;II;III;aVR;V2;V3;V4,6,0.7,1,0,1,0,2
0;1;2;3;7;8;9,I;II;III;aVR;V2;V3;V4,6,0.8,1,0,1,0,2
0;1;2;3;7;8;9,I;II;III;aVR;V2;V3;V4,6,0.9,1,0,0,0,1
0;1;2;3;7;8;9;10,I;II;III;aVR;V2;V3;V4;V5,7,0.5,1,1,1,0,3
0;1;2;3;7;8;9;10,I;II;III;aVR;V2;V3;V4;V5,7,0.6,1,1,1,0,3
0;1;2;3;7;8;9;10,I;II;III;aVR;V2;V3;V4;V5,7,0.7,1,0,1,0,2
0;1;2;3;7;8;9;10,I;II;III;aVR;V2;V3;V4;V5,7,0.8,1,0,1,0,2
0;1;2;3;7;8;9;10,I;II;III;aVR;V2;V3;V4;V5,7,0.9,1,0,0,0,1
0;1;2;3;7;8;9;10;11,I;II;III;aVR;V2;V3;V4;V5;V6,8,0.5,1,1,1,0,3
0;1;2;3;7;8;9;10;11,I;II;III;aVR;V2;V3;V4;V5;V6,8,0.6,1,0,1,0,2
0;1;2;3;7;8;9;10;11,I;II;III;aVR;V2;V3;V4;V5;V6,8,0.7,1,0,1,0,2
0;1;2;3;7;8;9;10;11,I;II;III;aVR;V2;V3;V4;V5;V6,8,0.8,1,0,0,0,1
0;1;2;3;7;8;9;10;11,I;II;III;aVR;V2;V3;V4;V5;V6,8,0.9,1,0,0,0,1
0;1;2;3;7;8;9;11,I;II;III;aVR;V2;V3;V4;V6,7,0.5,1,1,1,0,3
0;1;2;3;7;8;9;11,I;II;III;aVR;V2;V3;V4;V6,7,0.6,1,0,1,0,2
0;1;2;3;7;8;9;11,I;II;III;aVR;V2;V3;V4;V6,7,0.7,1,0,1,0,2
0;1;2;3;7;8;9;11,I;II;III;aVR;V2;V3;V4;V6,7,0.8,1,0,0,0,1
0;1;2;3;7;8;9;11,I;II;III;aVR;V2;V3;V4;V6,7,0.9,1,0,0,0,1
0;1;2;3;7;8;10,I;II;III;aVR;V2;V3;V5,6,0.5,1,1,1,0,3
0;1;2;3;7;8;10,I;II;III;aVR;V2;V3;V5,6,0.6,1,0,1,0,2
0;1;2;3;7;8;10,I;II;III;aVR;V2;V3;V5,6,0.7,1,0,1,0,2
0;1;2;3;7;8;10,I;II;III;aVR;V2;V3;V5,6,0.8,1,0,0,0,1
0;1;2;3;7;8;10,I;II;III;aVR;V2;V3;V5,6,0.9,1,0,0,0,1
0;1;2;3;7;8;10;11,I;II;III;aVR;V2;V3;V5;V6,7,0.5,1,1,1,0,3
0;1;2;3;7;8;10;11,I;II;III;aVR;V2;V3;V5;V6,7,0.6,1,0,1,0,2
0;1;2;3;7;8;10;11,I;II;III;aVR;V2;V3;V5;V6,7,0.7,1,0,1,0,2
0;1;2;3;7;8;10;11,I;II;III;aVR;V2;V3;V5;V6,7,0.8,1,0,0,0,1
0;1;2;3;7;8;10;11,I;II;III;aVR;V2;V3;V5;V6,7,0.9,1,0,0,0,1
0;1;2;3;7;8;11,I;II;III;aVR;V2;V3;V6,6,0.5,1,1,1,0,3
0;1;2;3;7;8;11,I;II;III;aVR;V2;V3;V6,6,0.6,1,0,1,0,2
0;1;2;3;7;8;11,I;II;III;aVR;V2;V3;V6,6,0.7,1,0,1,0,2
0;1;2;3;7;8;11,I;II;III;aVR;V2;V3;V6,6,0.8,1,0,0,0,1
0;1;2;3;7;8;11,I;II;III;aVR;V2;V3;V6,6,0.9,1,0,0,0,1
0;1;2;3;7;9,I;II;III;aVR;V2;V4,5,0.5,1,1,1,0,3
0;1;2;3;7;9,I;II;III;aVR;V2;V4,5,0.6,1,1,1,0,3
0;1;2;3;7;9,I;II;III;aVR;V2;V4,5,0.7,1,0,1,0,2
0;1;2;3;7;9,I;II;III;aVR;V2;V4,5,0.8,1,0,1,0,2
0;1;2;3;7;9,I;II;III;aVR;V2;V4,5,0.9,1,0,0,0,1
0;1;2;3;7;9;10,I;II;III;aVR;V2;V4;V5,6,0.5,1,1,1,0,3
0;1;2;3;7;9;10,I;II;III;aVR;V2;V4;V5,6,0.6,1,0,1,0,2
0;1;2;3;7;9;10,I;II;III;aVR;V2;V4;V5,6,0.7,1,0,1,0,2
0;1;2;3;7;9;10,I;II;III;aVR;V2;V4;V5,6,0.8,1,0,1,0,2
0;1;2;3;7;9;10,I;II;III;aVR;V2;V4;V5,6,0.9,1,0,0,0,1
0;1;2;3;7;9;10;11,I;II;III;aVR;V2;V4;V5;V6,7,0.5,1,1,1,0,3
0;1;2;3;7;9;10;11,I;II;III;aVR;V2;V4;V5;V6,7,0.6,1,0,1,0,2
0;1;2;3;7;9;10;11,I;II;III;aVR;V2;V4;V5;V6,7,0.7,1,0,1,0,2
0;1;2;3;7;9;10;11,I;II;III;aVR;V2;V4;V5;V6,7,0.8,1,0,0,0,1
0;1;2;3;7;9;10;11,I;II;III;aVR;V2;V4;V5;V6,7,0.9,1,0,0,0,1
0;1;2;3;7;9;11,I;II;III;aVR;V2;V4;V6,6,0.5,1,1,1,0,3
0;1;2;3;7;9;11,I;II;III;aVR;V2;V4;V6,6,0.6,1,0,1,0,2
0;1;2;3;7;9;11,I;II;III;aVR;V2;V4;V6,6,0.7,1,0,1,0,2
0;1;2;3;7;9;11,I;II;III;aVR;V2;V4;V6,6,0.8,1,0,1,0,2
0;1;2;3;7;9;11,I;II;III;aVR;V2;V4;V6,6,0.9,1,0,0,0,1
0;1;2;3;7;10,I;II;III;aVR;V2;V5,5,0.5,1,1,1,0,3
0;1;2;3;7;10,I;II;III;aVR;V2;V5,5,0.6,1,0,1,0,2
0;1;2;3;7;10,I;II;III;aVR;V2;V5,5,0.7,1,0,1,0,2
0;1;2;3;7;10,I;II;III;aVR;V2;V5,5,0.8,1,0,0,0,1
0;1;2;3;7;10,I;II;III;aVR;V2;V5,5,0.9,1,0,0,0,1
0;1;2;3;7;10;11,I;II;III;aVR;V2;V5;V6,6,0.5,1,1,1,0,3
0;1;2;3;7;10;11,I;II;III;aVR;V2;V5;V6,6,0.6,1,0,1,0,2
0;1;2;3;7;10;11,I;II;III;aVR;V2;V5;V6,6,0.7,1,0,1,0,2
0;1;2;3;7;10;11,I;II;III;aVR;V2;V5;V6,6,0.8,1,0,0,0,1
0;1;2;3;7;10;11,I;II;III;aVR;V2;V5;V6,6,0.9,1,0,0,0,1
0;1;2;3;7;11,I;II;III;aVR;V2;V6,5,0.5,1,1,1,0,3
0;1;2;3;7;11,I;II;III;aVR;V2;V6,5,0.6,1,0,1,0,2
0;1;2;3;7;11,I;II;III;aVR;V2;V6,5,0.7,1,0,1,0,2
0;1;2;3;7;11,I;II;III;aVR;V2;V6,5,0.8,1,0,1,0,2
0;1;2;3;7;11,I;II;III;aVR;V2;V6,5,0.9,1,0,0,0,1
0;1;2;3;8,I;II;III;aVR;V3,4,0.5,1,1,1,0,3
0;1;2;3;8,I;II;III;aVR;V3,4,0.6,1,0,1,0,2
0;1;2;3;8,I;II;III;aVR;V3,4,0.7,1,0,1,0,2
0;1;2;3;8,I;II;III;aVR;V3,4,0.8,1,0,0,0,1
0;1;2;3;8,I;II;III;aVR;V3,4,0.9,1,0,0,0,1
0;1;2;3;8;9,I;II;III;aVR;V3;V4,5,0.5,1,1,1,0,3
0;1;2;3;8;9,I;II;III;aVR;V3;V4,5,0.6,1,1,1,0,3
0;1;2;3;8;9,I;II;III;aVR;V3;V4,5,0.7,1,0,1,0,2
0;1;2;3;8;9,I;II;III;aVR;V3;V4,5,0.8,1,0,1,0,2
0;1;2;3;8;9,I;II;III;aVR;V3;V4,5,0.9,1,0,0,0,1
0;1;2;3;8;9;10,I;II;III;aVR;V3;V4;V5,6,0.5,1,1,1,0,3
0;1;2;3;8;9;10,I;II;III;aVR;V3;V4;V5,6,0.6,1,0,1,0,2
0;1;2;3;8;9;10,I;II;III;aVR;V3;V4;V5,6,0.7,1,0,1,0,2
0;1;2;3;8;9;10,I;II;III;aVR;V3;V4;V5,6,0.8,1,0,0,0,1
0;1;2;3;8;9;10,I;II;III;aVR;V3;V4;V5,6,0.9,1,0,0,0,1
0;1;2;3;8;9;10;11,I;II;III;aVR;V3;V4;V5;V6,7,0.5,1,1,1,0,3
0;1;2;3;8;9;10;11,I;II;III;aVR;V3;V4;V5;V6,7,0.6,1,0,1,0,2
0;1;2;3;8;9;10;11,I;II;III;aVR;V3;V4;V5;V6,7,0.7,1,0,1,0,2
0;1;2;3;8;9;10;11,I;II;III;aVR;V3;V4;V5;V6,7,0.8,1,0,0,0,1
0;1;2;3;8;9;10;11,I;II;III;aVR;V3;V4;V5;V6,7,0.9,1,0,0,0,1
0;1;2;3;8;9;11,I;II;III;aVR;V3;V4;V6,6,0.5,1,1,1,0,3
0;1;2;3;8;9;11,I;II;III;aVR;V3;V4;V6,6,0.6,1,0,1,0,2
0;1;2;3;8;9;11,I;II;III;aVR;V3;V4;V6,6,0.7,1,0,1,0,2
0;1;2;3;8;9;11,I;II;III;aVR;V3;V4;V6,6,0.8,1,0,0,0,1
0;1;2;3;8;9;11,I;II;III;aVR;V3;V4;V6,6,0.9,1,0,0,0,1
0;1;2;3;8;10,I;II;III;aVR;V3;V5,5,0.5,1,1,1,0,3
0;1;2;3;8;10,I;II;III;aVR;V3;V5,5,0.6,1,0,1,0,2
0;1;2;3;8;10,I;II;III;aVR;V3;V5,5,0.7,1,0,1,0,2
0;1;2;3;8;10,I;II;III;aVR;V3;V5,5,0.8,1,0,0,0,1
0;1;2;3;8;10,I;II;III;aVR;V3;V5,5,0.9,1,0,0,0,1
0;1;2;3;8;10;11,I;II;III;aVR;V3;V5;V6,6,0.5,1,1,1,0,3
0;1;2;3;8;10;11,I;II;III;aVR;V3;V5;V6,6,0.6,1,0,1,0,2
0;1;2;3;8;10;11,I;II;III;aVR;V3;V5;V6,6,0.7,1,0,1,0,2
0;1;2;3;8;10;11,I;II;III;aVR;V3;V5;V6,6,0.8,1,0,0,0,1
0;1;2;3;8;10;11,I;II;III;aVR;V3;V5;V6,6,0.9,1,0,0,0,1
0;1;2;3;8;11,I;II;III;aVR;V3;V6,5,0.5,1,1,1,0,3
0;1;2;3;8;11,I;II;III;aVR;V3;V6,5,0.6,1,0,1,0,2
0;1;2;3;8;11,I;II;III;aVR;V3;V6,5,0.7,1,0,1,0,2
0;1;2;3;8;11,I;II;III;aVR;V3;V6,5,0.8,1,0,0,0,1
0;1;2;3;8;11,I;II;III;aVR;V3;V6,5,0.9,1,0,0,0,1
0;1;2;3;9,I;II;III;aVR;V4,4,0.5,1,1,1,0,3
0;1;2;3;9,I;II;III;aVR;V4,4,0.6,1,0,1,0,2
0;1;2;3;9,I;II;III;aVR;V4,4,0.7,1,0,1,0,2
0;1;2;3;9,I;II;III;aVR;V4,4,0.8,1,0,1,0,2
0;1;2;3;9,I;II;III;aVR;V4,4,0.9,1,0,0,0,1
0;1;2;3;9;10,I;II;III;aVR;V4;V5,5,0.5,1,1,1,0,3
0;1;2;3;9;10,I;II;III;aVR;V4;V5,5,0.6,1,0,1,0,2
0;1;2;3;9;10,I;II;III;aVR;V4;V5,5,0.7,1,0,1,0,2
0;1;2;3;9;10,I;II;III;aVR;V4;V5,5,0.8,1,0,1,0,2
0;1;2;3;9;10,I;II;III;aVR;V4;V5,5,0.9,1,0,0,0,1
0;1;2;3;9;10;11,I;II;III;aVR;V4;V5;V6,6,0.5,1,1,1,0,3
0;1;2;3;9;10;11,I;II;III;aVR;V4;V5;V6,6,0.6,1,0,1,0,2
0;1;2;3;9;10;11,I;II;III;aVR;V4;V5;V6,6,0.7,1,0,1,0,2
0;1;2;3;9;10;11,I;II;III;aVR;V4;V5;V6,6,0.8,1,0,0,0,1
0;1;2;3;9;10;11,I;II;III;aVR;V4;V5;V6,6,0.9,1,0,0,0,1
0;1;2;3;9;11,I;II;III;aVR;V4;V6,5,0.5,1,1,1,0,3
0;1;2;3;9;11,I;II;III;aVR;V4;V6,5,0.6,1,0,1,0,2
0;1;2;3;9;11,I;II;III;aVR;V4;V6,5,0.7,1,0,1,0,2
0;1;2;3;9;11,I;II;III;aVR;V4;V6,5,0.8,1,0,0,0,1
0;1;2;3;9;11,I;II;III;aVR;V4;V6,5,0.9,1,0,0,0,1
0;1;2;3;10,I;II;III;aVR;V5,4,0.5,1,1,1,0,3
0;1;2;3;10,I;II;III;aVR;V5,4,0.6,1,0,1,0,2
0;1;2;3;10,I;II;III;aVR;V5,4,0.7,1,0,1,0,2
0;1;2;3;10,I;II;III;aVR;V5,4,0.8,1,0,0,0,1
0;1;2;3;10,I;II;III;aVR;V5,4,0.9,1,0,0,0,1
0;1;2;3;10;11,I;II;III;aVR;V5;V6,5,0.5,1,1,1,0,3
0;1;2;3;10;11,I;II;III;aVR;V5;V6,5,0.6,1,0,1,0,2
0;1;2;3;10;11,I;II;III;aVR;V5;V6,5,0.7,1,0,1,0,2
0;1;2;3;10;11,I;II;III;aVR;V5;V6,5,0.8,1,0,0,0,1
0;1;2;3;10;11,I;II;III;aVR;V5;V6,5,0.9,1,0,0,0,1
0;1;2;3;11,I;II;III;aVR;V6,4,0.5,1,1,1,0,3
0;1;2;3;11,I;II;III;aVR;V6,4,0.6,1,0,1,0,2
0;1;2;3;11,I;II;III;aVR;V6,4,0.7,1,0,1,0,2
0;1;2;3;11,I;II;III;aVR;V6,4,0.8,1,0,1,0,2
0;1;2;3;11,I;II;III;aVR;V6,4,0.9,1,0,0,0,1
0;1;2;4,I;II;III;aVL,3,0.5,1,1,1,0,3
0;1;2;4,I;II;III;aVL,3,0.6,1,1,1,0,3
0;1;2;4,I;II;III;aVL,3,0.7,1,0,1,0,2
0;1;2;4,I;II;III;aVL,3,0.8,1,0,1,0,2
0;1;2;4,I;II;III;aVL,3,0.9,1,0,0,0,1
0;1;2;4;5,I;II;III;aVL;aVF,3,0.5,1,1,1,0,3
0;1;2;4;5,I;II;III;aVL;aVF,3,0.6,1,1,1,0,3
0;1;2;4;5,I;II;III;aVL;aVF,3,0.7,1,0,1,0,2
0;1;2;4;5,I;II;III;aVL;aVF,3,0.8,1,0,1,0,2
0;1;2;4;5,I;II;III;aVL;aVF,3,0.9,1,0,0,0,1
0;1;2;4;5;6,I;II;III;aVL;aVF;V1,4,0.5,1,1,1,0,3
0;1;2;4;5;6,I;II;III;aVL;aVF;V1,4,0.6,1,0,1,0,2
0;1;2;4;5;6,I;II;III;aVL;aVF;V1,4,0.7,1,0,1,0,2
0;1;2;4;5;6,I;II;III;aVL;aVF;V1,4,0.8,1,0,1,0,2
0;1;2;4;5;6,I;II;III;aVL;aVF;V1,4,0.9,1,0,0,0,1
0;1;2;4;5;6;7,I;II;III;aVL;aVF;V1;V2,5,0.5,1,1,1,0,3
0;1;2;4;5;6;7,I;II;III;aVL;aVF;V1;V2,5,0.6,1,1,1,0,3
0;1;2;4;5;6;7,I;II;III;aVL;aVF;V1;V2,5,0.7,1,0,1,0,2
0;1;2;4;5;6;7,I;II;III;aVL;aVF;V1;V2,5,0.8,1,0,1,0,2
0;1;2;4;5;6;7,I;II;III;aVL;aVF;V1;V2,5,0.9,1,0,0,0,1
0;1;2;4;5;6;7;8,I;II;III;aVL;aVF;V1;V2;V3,6,0.5,1,1,1,0,3
0;1;2;4;5;6;7;8,I;II;III;aVL;aVF;V1;V2;V3,6,0.6,1,1,1,0,3
0;1;2;4;5;6;7;8,I;II;III;aVL;aVF;V1;V2;V3,6,0.7,1,0,1,0,2
0;1;2;4;5;6;7;8,I;II;III;aVL;aVF;V1;V2;V3,6,0.8,1,0,1,0,2
0;1;2;4;5;6;7;8,I;II;III;aVL;aVF;V1;V2;V3,6,0.9,1,0,0,0,1
0;1;2;4;5;6;7;8;9,I;II;III;aVL;aVF;V1;V2;V3;V4,7,0.5,1,1,1,0,3
0;1;2;4;5;6;7;8;9,I;II;III;aVL;aVF;V1;V2;V3;V4,7,0.6,1,0,1,0,2
0;1;2;4;5;6;7;8;9,I;II;III;aVL;aVF;V1;V2;V3;V4,7,0.7,1,0,1,0,2
0;1;2;4;5;6;7;8;9,I;II;III;aVL;aVF;V1;V2;V3;V4,7,0.8,1,0,1,0,2
0;1;2;4;5;6;7;8;9,I;II;III;aVL;aVF;V1;V2;V3;V4,7,0.9,1,0,0,0,1
0;1;2;4;5;6;7;8;9;10,I;II;III;aVL;aVF;V1;V2;V3;V4;V5,8,0.5,1,1,1,0,3
0;1;2;4;5;6;7;8;9;10,I;II;III;aVL;aVF;V1;V2;V3;V4;V5,8,0.6,1,0,1,0,2
0;1;2;4;5;6;7;8;9;10,I;II;III;aVL;aVF;V1;V2;V3;V4;V5,8,0.7,1,0,1,0,2
0;1;2;4;5;6;7;8;9;10,I;II;III;aVL;aVF;V1;V2;V3;V4;V5,8,0.8,1,0,1,0,2
0;1;2;4;5;6;7;8;9;10,I;II;III;aVL;aVF;V1;V2;V3;V4;V5,8,0.9,1,0,0,0,1
0;1;2;4;5;6;7;8;9;10;11,I;II;III;aVL;aVF;V1;V2;V3;V4;V5;V6,9,0.5,1,1,1,0,3
0;1;2;4;5;6;7;8;9;10;11,I;II;III;aVL;aVF;V1;V2;V3;V4;V5;V6,9,0.6,1,0,1,0,2
0;1;2;4;5;6;7;8;9;10;11,I;II;III;aVL;aVF;V1;V2;V3;V4;V5;V6,9,0.7,1,0,1,0,2
0;1;2;4;5;6;7;8;9;10;11,I;II;III;aVL;aVF;V1;V2;V3;V4;V5;V6,9,0.8,1,0,1,0,2
0;1;2;4;5;6;7;8;9;10;11,I;II;III;aVL;aVF;V1;V2;V3;V4;V5;V6,9,0.9,1,0,0,0,1
0;1;2;4;5;6;7;8;9;11,I;II;III;aVL;aVF;V1;V2;V3;V4;V6,8,0.5,1,1,1,0,3
0;1;2;4;5;6;7;8;9;11,I;II;III;aVL;aVF;V1;V2;V3;V4;V6,8,0.6,1,0,1,0,2
0;1;2;4;5;6;7;8;9;11,I;II;III;aVL;aVF;V1;V2;V3;V4;V6,8,0.7,1,0,1,0,2
0;1;2;4;5;6;7;8;9;11,I;II;III;aVL;aVF;V1;V2;V3;V4;V6,8,0.8,1,0,1,0,2
0;1;2;4;5;6;7;8;9;11,I;II;III;aVL;aVF;V1;V2;V3;V4;V6,8,0.9,1,0,0,0,1
0;1;2;4;5;6;7;8;10,I;II;III;aVL;aVF;V1;V2;V3;V5,7,0.5,1,1,1,0,3
0;1;2;4;5;6;7;8;10,I;II;III;aVL;aVF;V1;V2;V3;V5,7,0.6,1,0,1,0,2
0;1;2;4;5;6;7;8;10,I;II;III;aVL;aVF;V1;V2;V3;V5,7,0.7,1,0,1,0,2
0;1;2;4;5;6;7;8;10,I;II;III;aVL;aVF;V1;V2;V3;V5,7,0.8,1,0,1,0,2
0;1;2;4;5;6;7;8;10,I;II;III;aVL;aVF;V1;V2;V3;V5,7,0.9,1,0,0,0,1
0;1;2;4;5;6;7;8;10;11,I;II;III;aVL;aVF;V1;V2;V3;V5;V6,8,0.5,1,1,1,0,3
0;1;2;4;5;6;7;8;10;11,I;II;III;aVL;aVF;V1;V2;V3;V5;V6,8,0.6,1,0,1,0,2
0;1;2;4;5;6;7;8;10;11,I;II;III;aVL;aVF;V1;V2;V3;V5;V6,8,0.7,1,0,1,0,2
0;1;2;4;5;6;7;8;10;11,I;II;III;aVL;aVF;V1;V2;V3;V5;V6,8,0.8,1,0,1,0,2
0;1;2;4;5;6;7;8;10;11,I;II;III;aVL;aVF;V1;V2;V3;V5;V6,8,0.9,1,0,0,0,1
0;1;2;4;5;6;7;8;11,I;II;III;aVL;aVF;V1;V2;V3;V6,7,0.5,1,1,1,0,3
0;1;2;4;5;6;7;8;11,I;II;III;aVL;aVF;V1;V2;V3;V6,7,0.6,1,0,1,0,2
0;1;2;4;5;6;7;8;11,I;II;III;aVL;aVF;V1;V2;V3;V6,7,0.7,1,0,1,0,2
0;1;2;4;5;6;7;8;11,I;II;III;aVL;aVF;V1;V2;V3;V6,7,0.8,1,0,1,0,2
0;1;2;4;5;6;7;8;11,I;II;III;aVL;aVF;V1;V2;V3;V6,7,0.9,1,0,0,0,1
0;1;2;4;5;6;7;9,I;II;III;aVL;aVF;V1;V2;V4,6,0.5,1,1,1,0,3
0;1;2;4;5;6;7;9,I;II;III;aVL;aVF;V1;V2;V4,6,0.6,1,0,1,0,2
0;1;2;4;5;6;7;9,I;II;III;aVL;aVF;V1;V2;V4,6,0.7,1,0,1,0,2
0;1;2;4;5;6;7;9,I;II;III;aVL;aVF;V1;V2;V4,6,0.8,1,0,1,0,2
0;1;2;4;5;6;7;9,I;II;III;aVL;aVF;V1;V2;V4,6,0.9,1,0,0,0,1
0;1;2;4;5;6;7;9;10,I;II;III;aVL;aVF;V1;V2;V4;V5,7,0.5,1,1,1,0,3
0;1;2;4;5;6;7;9;10,I;II;III;aVL;aVF;V1;V2;V4;V5,7,0.6,1,0,1,0,2
0;1;2;4;5;6;7;9;10,I;II;III;aVL;aVF;V1;V2;V4;V5,7,0.7,1,0,1,0,2
0;1;2;4;5;6;7;9;10,I;II;III;aVL;aVF;V1;V2;V4;V5,7,0.8,1,0,1,0,2
0;1;2;4;5;6;7;9;10,I;II;III;aVL;aVF;V1;V2;V4;V5,7,0.9,1,0,0,0,1
0;1;2;4;5;6;7;9;10;11,I;II;III;aVL;aVF;V1;V2;V4;V5;V6,8,0.5,1,1,1,0,3
0;1;2;4;5;6;7;9;10;11,I;II;III;aVL;aVF;V1;V2;V4;V5;V6,8,0.6,1,0,1,0,2
0;1;2;4;5;6;7;9;10;11,I;II;III;aVL;aVF;V1;V2;V4;V5;V6,8,0.7,1,0,1,0,2
0;1;2;4;5;6;7;9;10;11,I;II;III;aVL;aVF;V1;V2;V4;V5;V6,8,0.8,1,0,1,0,2
0;1;2;4;5;6;7;9;10;11,I;II;III;aVL;aVF;V1;V2;V4;V5;V6,8,0.9,1,0,0,0,1
0;1;2;4;5;6;7;9;11,I;II;III;aVL;aVF;V1;V2;V4;V6,7,0.5,1,1,1,0,3
0;1;2;4;5;6;7;9;11,I;II;III;aVL;aVF;V1;V2;V4;V6,7,0.6,1,0,1,0,2
0;1;2;4;5;6;7;9;11,I;II;III;aVL;aVF;V1;V2;V4;V6,7,0.7,1,0,1,0,2
0;1;2;4;5;6;7;9;11,I;II;III;aVL;aVF;V1;V2;V4;V6,7,0.8,1,0,1,0,2
0;1;2;4;5;6;7;9;11,I;II;III;aVL;aVF;V1;V2;V4;V6,7,0.9,1,0,0,0,1
0;1;2;4;5;6;7;10,I;II;III;aVL;aVF;V1;V2;V5,6,0.5,1,1,1,0,3
0;1;2;4;5;6;7;10,I;II;III;aVL;aVF;V1;V2;V5,6,0.6,1,0,1,0,2
0;1;2;4;5;6;7;10,I;II;III;aVL;aVF;V1;V2;V5,6,0.7,1,0,1,0,2
0;1;2;4;5;6;7;10,I;II;III;aVL;aVF;V1;V2;V5,6,0.8,1,0,1,0,2
0;1;2;4;5;6;7;10,I;II;III;aVL;aVF;V1;V2;V5,6,0.9,1,0,0,0,1
0;1;2;4;5;6;7;10;11,I;II;III;aVL;aVF;V1;V2;V5;V6,7,0.5,1,1,1,0,3
0;1;2;4;5;6;7;10;11,I;II;III;aVL;aVF;V1;V2;V5;V6,7,0.6,1,0,1,0,2
0;1;2;4;5;6;7;10;11,I;II;III;aVL;aVF;V1;V2;V5;V6,7,0.7,1,0,1,0,2
0;1;2;4;5;6;7;10;11,I;II;III;aVL;aVF;V1;V2;V5;V6,7,0.8,1,0,1,0,2
0;1;2;4;5;6;7;10;11,I;II;III;aVL;aVF;V1;V2;V5;V6,7,0.9,1,0,0,0,1
0;1;2;4;5;6;7;11,I;II;III;aVL;aVF;V1;V2;V6,6,0.5,1,1,1,0,3
0;1;2;4;5;6;7;11,I;II;III;aVL;aVF;V1;V2;V6,6,0.6,1,0,1,0,2
0;1;2;4;5;6;7;11,I;II;III;aVL;aVF;V1;V2;V6,6,0.7,1,0,1,0,2
0;1;2;4;5;6;7;11,I;II;III;aVL;aVF;V1;V2;V6,6,0.8,1,0,1,0,2
0;1;2;4;5;6;7;11,I;II;III;aVL;aVF;V1;V2;V6,6,0.9,1,0,0,0,1
0;1;2;4;5;6;8,I;II;III;aVL;aVF;V1;V3,5,0.5,1,1,1,0,3
0;1;2;4;5;6;8,I;II;III;aVL;aVF;V1;V3,5,0.6,1,0,1,0,2
0;1;2;4;5;6;8,I;II;III;aVL;aVF;V1;V3,5,0.7,1,0,1,0,2
0;1;2;4;5;6;8,I;II;III;aVL;aVF;V1;V3,5,0.8,1,0,1,0,2
0;1;2;4;5;6;8,I;II;III;aVL;aVF;V1;V3,5,0.9,1,0,0,0,1
0;1;2;4;5;6;8;9,I;II;III;aVL;aVF;V1;V3;V4,6,0.5,1,1,1,0,3
0;1;2;4;5;6;8;9,I;II;III;aVL;aVF;V1;V3;V4,6,0.6,1,0,1,0,2
0;1;2;4;5;6;8;9,I;II;III;aVL;aVF;V1;V3;V4,6,0.7,1,0,1,0,2
0;1;2;4;5;6;8;9,I;II;III;aVL;aVF;V1;V3;V4,6,0.8,1,0,1,0,2
0;1;2;4;5;6;8;9,I;II;III;aVL;aVF;V1;V3;V4,6,0.9,1,0,0,0,1
0;1;2;4;5;6;8;9;10,I;II;III;aVL;aVF;V1;V3;V4;V5,7,0.5,1,1,1,0,3
0;1;2;4;5;6;8;9;10,I;II;III;aVL;aVF;V1;V3;V4;V5,7,0.6,1,0,1,0,2
0;1;2;4;5;6;8;9;10,I;II;III;aVL;aVF;V1;V3;V4;V5,7,0.7,1,0,1,0,2
0;1;2;4;5;6;8;9;10,I;II;III;aVL;aVF;V1;V3;V4;V5,7,0.8,1,0,1,0,2
0;1;2;4;5;6;8;9;10,I;II;III;aVL;aVF;V1;V3;V4;V5,7,0.9,1,0,0,0,1
0;1;2;4;5;6;8;9;10;11,I;II;III;aVL;aVF;V1;V3;V4;V5;V6,8,0.5,1,1,1,0,3
0;1;2;4;5;6;8;9;10;11,I;II;III;aVL;aVF;V1;V3;V4;V5;V6,8,0.6,1,0,1,0,2
0;1;2;4;5;6;8;9;10;11,I;II;III;aVL;aVF;V1;V3;V4;V5;V6,8,0.7,1,0,1,0,2
0;1;2;4;5;6;8;9;10;11,I;II;III;aVL;aVF;V1;V3;V4;V5;V6,8,0.8,1,0,1,0,2
0;1;2;4;5;6;8;9;10;11,I;II;III;aVL;aVF;V1;V3;V4;V5;V6,8,0.9,1,0,0,0,1
0;1;2;4;5;6;8;9;11,I;II;III;aVL;aVF;V1;V3;V4;V6,7,0.5,1,1,1,0,3
0;1;2;4;5;6;8;9;11,I;II;III;aVL;aVF;V1;V3;V4;V6,7,0.6,1,0,1,0,2
0;1;2;4;5;6;8;9;11,I;II;III;aVL;aVF;V1;V3;V4;V6,7,0.7,1,0,1,0,2
0;1;2;4;5;6;8;9;11,I;II;III;aVL;aVF;V1;V3;V4;V6,7,0.8,1,0,1,0,2
0;1;2;4;5;6;8;9;11,I;II;III;aVL;aVF;V1;V3;V4;V6,7,0.9,1,0,0,0,1
0;1;2;4;5;6;8;10,I;II;III;aVL;aVF;V1;V3;V5,6,0.5,1,1,1,0,3
0;1;2;4;5;6;8;10,I;II;III;aVL;aVF;V1;V3;V5,6,0.6,1,0,1,0,2
0;1;2;4;5;6;8;10,I;II;III;aVL;aVF;V1;V3;V5,6,0.7,1,0,1,0,2
0;1;2;4;5;6;8;10,I;II;III;aVL;aVF;V1;V3;V5,6,0.8,1,0,1,0,2
0;1;2;4;5;6;8;10,I;II;III;aVL;aVF;V1;V3;V5,6,0.9,1,0,0,0,1
0;1;2;4;5;6;8;10;11,I;II;III;aVL;aVF;V1;V3;V5;V6,7,0.5,1,1,1,0,3
0;1;2;4;5;6;8;10;11,I;II;III;aVL;aVF;V1;V3;V5;V6,7,0.6,1,0,1,0,2
0;1;2;4;5;6;8;10;11,I;II;III;aVL;aVF;V1;V3;V5;V6,7,0.7,1,0,1,0,2
0;1;2;4;5;6;8;10;11,I;II;III;aVL;aVF;V1;V3;V5;V6,7,0.8,1,0,1,0,2
0;1;2;4;5;6;8;10;11,I;II;III;aVL;aVF;V1;V3;V5;V6,7,0.9,1,0,0,0,1
0;1;2;4;5;6;8;11,I;II;III;aVL;aVF;V1;V3;V6,6,0.5,1,1,1,0,3
0;1;2;4;5;6;8;11,I;II;III;aVL;aVF;V1;V3;V6,6,0.6,1,0,1,0,2
0;1;2;4;5;6;8;11,I;II;III;aVL;aVF;V1;V3;V6,6,0.7,1,0,1,0,2
0;1;2;4;5;6;8;11,I;II;III;aVL;aVF;V1;V3;V6,6,0.8,1,0,1,0,2
0;1;2;4;5;6;8;11,I;II;III;aVL;aVF;V1;V3;V6,6,0.9,1,0,0,0,1
0;1;2;4;5;6;9,I;II;III;aVL;aVF;V1;V4,5,0.5,1,1,1,0,3
0;1;2;4;5;6;9,I;II;III;aVL;aVF;V1;V4,5,0.6,1,0,1,0,2
0;1;2;4;5;6;9,I;II;III;aVL;aVF;V1;V4,5,0.7,1,0,1,0,2
0;1;2;4;5;6;9,I;II;III;aVL;aVF;V1;V4,5,0.8,1,0,1,0,2
0;1;2;4;5;6;9,I;II;III;aVL;aVF;V1;V4,5,0.9,1,0,0,0,1
0;1;2;4;5;6;9;10,I;II;III;aVL;aVF;V1;V4;V5,6,0.5,1,1,1,0,3
0;1;2;4;5;6;9;10,I;II;III;aVL;aVF;V1;V4;V5,6,0.6,1,0,1,0,2
0;1;2;4;5;6;9;10,I;II;III;aVL;aVF;V1;V4;V5,6,0.7,1,0,1,0,2
0;1;2;4;5;6;9;10,I;II;III;aVL;aVF;V1;V4;V5,6,0.8,1,0,1,0,2
0;1;2;4;5;6;9;10,I;II;III;aVL;aVF;V1;V4;V5,6,0.9,1,0,0,0,1
0;1;2;4;5;6;9;10;11,I;II;III;aVL;aVF;V1;V4;V5;V6,7,0.5,1,1,1,0,3
0;1;2;4;5;6;9;10;11,I;II;III;aVL;aVF;V1;V4;V5;V6,7,0.6,1,0,1,0,2
0;1;2;4;5;6;9;10;11,I;II;III;aVL;aVF;V1;V4;V5;V6,7,0.7,1,0,1,0,2
0;1;2;4;5;6;9;10;11,I;II;III;aVL;aVF;V1;V4;V5;V6,7,0.8,1,0,1,0,2
0;1;2;4;5;6;9;10;11,I;II;III;aVL;aVF;V1;V4;V5;V6,7,0.9,1,0,0,0,1
0;1;2;4;5;6;9;11,I;II;III;aVL;aVF;V1;V4;V6,6,0.5,1,1,1,0,3
0;1;2;4;5;6;9;11,I;II;III;aVL;aVF;V1;V4;V6,6,0.6,1,0,1,0,2
0;1;2;4;5;6;9;11,I;II;III;aVL;aVF;V1;V4;V6,6,0.7,1,0,1,0,2
0;1;2;4;5;6;9;11,I;II;III;aVL;aVF;V1;V4;V6,6,0.8,1,0,1,0,2
0;1;2;4;5;6;9;11,I;II;III;aVL;aVF;V1;V4;V6,6,0.9,1,0,0,0,1
0;1;2;4;5;6;10,I;II;III;aVL;aVF;V1;V5,5,0.5,1,1,1,0,3
0;1;2;4;5;6;10,I;II;III;aVL;aVF;V1;V5,5,0.6,1,0,1,0,2
0;1;2;4;5;6;10,I;II;III;aVL;aVF;V1;V5,5,0.7,1,0,1,0,2
0;1;2;4;5;6;10,I;II;III;aVL;aVF;V1;V5,5,0.8,1,0,1,0,2
0;1;2;4;5;6;10,I;II;III;aVL;aVF;V1;V5,5,0.9,1,0,0,0,1
0;1;2;4;5;6;10;11,I;II;III;aVL;aVF;V1;V5;V6,6,0.5,1,1,1,0,3
0;1;2;4;5;6;10;11,I;II;III;aVL;aVF;V1;V5;V6,6,0.6,1,1,1,0,3
0;1;2;4;5;6;10;11,I;II;III;aVL;aVF;V1;V5;V6,6,0.7,1,0,1,0,2
0;1;2;4;5;6;10;11,I;II;III;aVL;aVF;V1;V5;V6,6,0.8,1,0,1,0,2
0;1;2;4;5;6;10;11,I;II;III;aVL;aVF;V1;V5;V6,6,0.9,1,0,0,0,1
0;1;2;4;5;6;11,I;II;III;aVL;aVF;V1;V6,5,0.5,1,1,1,0,3
0;1;2;4;5;6;11,I;II;III;aVL;aVF;V1;V6,5,0.6,1,1,1,0,3
0;1;2;4;5;6;11,I;II;III;aVL;aVF;V1;V6,5,0.7,1,0,1,0,2
0;1;2;4;5;6;11,I;II;III;aVL;aVF;V1;V6,5,0.8,1,0,1,0,2
0;1;2;4;5;6;11,I;II;III;aVL;aVF;V1;V6,5,0.9,1,0,0,0,1
0;1;2;4;5;7,I;II;III;aVL;aVF;V2,4,0.5,1,1,1,0,3
0;1;2;4;5;7,I;II;III;aVL;aVF;V2,4,0.6,1,0,1,0,2
0;1;2;4;5;7,I;II;III;aVL;aVF;V2,4,0.7,1,0,1,0,2
0;1;2;4;5;7,I;II;III;aVL;aVF;V2,4,0.8,1,0,1,0,2
0;1;2;4;5;7,I;II;III;aVL;aVF;V2,4,0.9,1,0,0,0,1
0;1;2;4;5;7;8,I;II;III;aVL;aVF;V2;V3,5,0.5,1,1,1,0,3
0;1;2;4;5;7;8,I;II;III;aVL;aVF;V2;V3,5,0.6,1,1,1,0,3
0;1;2;4;5;7;8,I;II;III;aVL;aVF;V2;V3,5,0.7,1,0,1,0,2
0;1;2;4;5;7;8,I;II;III;aVL;aVF;V2;V3,5,0.8,1,0,1,0,2
0;1;2;4;5;7;8,I;II;III;aVL;aVF;V2;V3,5,0.9,1,0,0,0,1
0;1;2;4;5;7;8;9,I;II;III;aVL;aVF;V2;V3;V4,6,0.5,1,1,1,0,3
0;1;2;4;5;7;8;9,I;II;III;aVL;aVF;V2;V3;V4,6,0.6,1,1,1,0,3
0;1;2;4;5;7;8;9,I;II;III;aVL;aVF;V2;V3;V4,6,0.7,1,0,1,0,2
0;1;2;4;5;7;8;9,I;II;III;aVL;aVF;V2;V3;V4,6,0.8,1,0,1,0,2
0;1;2;4;5;7;8;9,I;II;III;aVL;aVF;V2;V3;V4,6,0.9,1,0,0,0,1
0;1;2;4;5;7;8;9;10,I;II;III;aVL;aVF;V2;V3;V4;V5,7,0.5,1,1,1,0,3
0;1;2;4;5;7;8;9;10,I;II;III;aVL;aVF;V2;V3;V4;V5,7,0.6,1,1,1,0,3
0;1;2;4;5;7;8;9;10,I;II;III;aVL;aVF;V2;V3;V4;V5,7,0.7,1,0,1,0,2
0;1;2;4;5;7;8;9;10,I;II;III;aVL;aVF;V2;V3;V4;V5,7,0.8,1,0,1,0,2
0;1;2;4;5;7;8;9;10,I;II;III;aVL;aVF;V2;V3;V4;V5,7,0.9,1,0,0,0,1
0;1;2;4;5;7;8;9;10;11,I;II;III;aVL;aVF;V2;V3;V4;V5;V6,8,0.5,1,1,1,0,3
0;1;2;4;5;7;8;9;10;11,I;II;III;aVL;aVF;V2;V3;V4;V5;V6,8,0.6,1,0,1,0,2
0;1;2;4;5;7;8;9;10;11,I;II;III;aVL;aVF;V2;V3;V4;V5;V6,8,0.7,1,0,1,0,2
0;1;2;4;5;7;8;9;10;11,I;II;III;aVL;aVF;V2;V3;V4;V5;V6,8,0.8,1,0,0,0,1
0;1;2;4;5;7;8;9;10;11,I;II;III;aVL;aVF;V2;V3;V4;V5;V6,8,0.9,1,0,0,0,1
0;1;2;4;5;7;8;9;11,I;II;III;aVL;aVF;V2;V3;V4;V6,7,0.5,1,1,1,0,3
0;1;2;4;5;7;8;9;11,I;II;III;aVL;aVF;V2;V3;V4;V6,7,0.6,1,0,1,0,2
0;1;2;4;5;7;8;9;11,I;II;III;aVL;aVF;V2;V3;V4;V6,7,0.7,1,0,1,0,2
0;1;2;4;5;7;8;9;11,I;II;III;aVL;aVF;V2;V3;V4;V6,7,0.8,1,0,1,0,2
0;1;2;4;5;7;8;9;11,I;II;III;aVL;aVF;V2;V3;V4;V6,7,0.9,1,0,0,0,1
0;1;2;4;5;7;8;10,I;II;III;aVL;aVF;V2;V3;V5,6,0.5,1,1,1,0,3
0;1;2;4;5;7;8;10,I;II;III;aVL;aVF;V2;V3;V5,6,0.6,1,0,1,0,2
0;1;2;4;5;7;8;10,I;II;III;aVL;aVF;V2;V3;V5,6,0.7,1,0,1,0,2
0;1;2;4;5;7;8;10,I;II;III;aVL;aVF;V2;V3;V5,6,0.8,1,0,1,0,2
0;1;2;4;5;7;8;10,I;II;III;aVL;aVF;V2;V3;V5,6,0.9,1,0,0,0,1
0;1;2;4;5;7;8;10;11,I;II;III;aVL;aVF;V2;V3;V5;V6,7,0.5,1,1,1,0,3
0;1;2;4;5;7;8;10;11,I;II;III;aVL;aVF;V2;V3;V5;V6,7,0.6,1,1,1,0,3
0;1;2;4;5;7;8;10;11,I;II;III;aVL;aVF;V2;V3;V5;V6,7,0.7,1,0,1,0,2
0;1;2;4;5;7;8;10;11,I;II;III;aVL;aVF;V2;V3;V5;V6,7,0.8,1,0,1,0,2
0;1;2;4;5;7;8;10;11,I;II;III;aVL;aVF;V2;V3;V5;V6,7,0.9,1,0,0,0,1
0;1;2;4;5;7;8;11,I;II;III;aVL;aVF;V2;V3;V6,6,0.5,1,1,1,0,3
0;1;2;4;5;7;8;11,I;II;III;aVL;aVF;V2;V3;V6,6,0.6,1,1,1,0,3
0;1;2;4;5;7;8;11,I;II;III;aVL;aVF;V2;V3;V6,6,0.7,1,0,1,0,2
0;1;2;4;5;7;8;11,I;II;III;aVL;aVF;V2;V3;V6,6,0.8,1,0,1,0,2
0;1;2;4;5;7;8;11,I;II;III;aVL;aVF;V2;V3;V6,6,0.9,1,0,0,0,1
0;1;2;4;5;7;9,I;II;III;aVL;aVF;V2;V4,5,0.5,1,1,1,0,3
0;1;2;4;5;7;9,I;II;III;aVL;aVF;V2;V4,5,0.6,1,1,1,0,3
0;1;2;4;5;7;9,I;II;III;aVL;aVF;V2;V4,5,0.7,1,0,1,0,2
0;1;2;4;5;7;9,I;II;III;aVL;aVF;V2;V4,5,0.8,1,0,1,0,2
0;1;2;4;5;7;9,I;II;III;aVL;aVF;V2;V4,5,0.9,1,0,0,0,1
0;1;2;4;5;7;9;10,I;II;III;aVL;aVF;V2;V4;V5,6,0.5,1,1,1,0,3
0;1;2;4;5;7;9;10,I;II;III;aVL;aVF;V2;V4;V5,6,0.6,1,0,1,0,2
0;1;2;4;5;7;9;10,I;II;III;aVL;aVF;V2;V4;V5,6,0.7,1,0,1,0,2
0;1;2;4;5;7;9;10,I;II;III;aVL;aVF;V2;V4;V5,6,0.8,1,0,1,0,2
0;1;2;4;5;7;9;10,I;II;III;aVL;aVF;V2;V4;V5,6,0.9,1,0,0,0,1
0;1;2;4;5;7;9;10;11,I;II;III;aVL;aVF;V2;V4;V5;V6,7,0.5,1,1,1,0,3
0;1;2;4;5;7;9;10;11,I;II;III;aVL;aVF;V2;V4;V5;V6,7,0.6,1,0,1,0,2
0;1;2;4;5;7;9;10;11,I;II;III;aVL;aVF;V2;V4;V5;V6,7,0.7,1,0,1,0,2
0;1;2;4;5;7;9;10;11,I;II;III;aVL;aVF;V2;V4;V5;V6,7,0.8,1,0,0,0,1
0;1;2;4;5;7;9;10;11,I;II;III;aVL;aVF;V2;V4;V5;V6,7,0.9,1,0,0,0,1
0;1;2;4;5;7;9;11,I;II;III;aVL;aVF;V2;V4;V6,6,0.5,1,1,1,0,3
0;1;2;4;5;7;9;11,I;II;III;aVL;aVF;V2;V4;V6,6,0.6,1,0,1,0,2
0;1;2;4;5;7;9;11,I;II;III;aVL;aVF;V2;V4;V6,6,0.7,1,0,1,0,2
0;1;2;4;5;7;9;11,I;II;III;aVL;aVF;V2;V4;V6,6,0.8,1,0,1,0,2
0;1;2;4;5;7;9;11,I;II;III;aVL;aVF;V2;V4;V6,6,0.9,1,0,0,0,1
0;1;2;4;5;7;10,I;II;III;aVL;aVF;V2;V5,5,0.5,1,1,1,0,3
0;1;2;4;5;7;10,I;II;III;aVL;aVF;V2;V5,5,0.6,1,1,1,0,3
0;1;2;4;5;7;10,I;II;III;aVL;aVF;V2;V5,5,0.7,1,0,1,0,2
0;1;2;4;5;7;10,I;II;III;aVL;aVF;V2;V5,5,0.8,1,0,1,0,2
0;1;2;4;5;7;10,I;II;III;aVL;aVF;V2;V5,5,0.9,1,0,0,0,1
0;1;2;4;5;7;10;11,I;II;III;aVL;aVF;V2;V5;V6,6,0.5,1,1,1,0,3
0;1;2;4;5;7;10;11,I;II;III;aVL;aVF;V2;V5;V6,6,0.6,1,0,1,0,2
0;1;2;4;5;7;10;11,I;II;III;aVL;aVF;V2;V5;V6,6,0.7,1,0,1,0,2
0;1;2;4;5;7;10;11,I;II;III;aVL;aVF;V2;V5;V6,6,0.8,1,0,0,0,1
0;1;2;4;5;7;10;11,I;II;III;aVL;aVF;V2;V5;V6,6,0.9,1,0,0,0,1
0;1;2;4;5;7;11,I;II;III;aVL;aVF;V2;V6,5,0.5,1,1,1,0,3
0;1;2;4;5;7;11,I;II;III;aVL;aVF;V2;V6,5,0.6,1,0,1,0,2
0;1;2;4;5;7;11,I;II;III;aVL;aVF;V2;V6,5,0.7,1,0,1,0,2
0;1;2;4;5;7;11,I;II;III;aVL;aVF;V2;V6,5,0.8,1,0,1,0,2
0;1;2;4;5;7;11,I;II;III;aVL;aVF;V2;V6,5,0.9,1,0,0,0,1
0;1;2;4;5;8,I;II;III;aVL;aVF;V3,4,0.5,1,1,1,0,3
0;1;2;4;5;8,I;II;III;aVL;aVF;V3,4,0.6,1,0,1,0,2
0;1;2;4;5;8,I;II;III;aVL;aVF;V3,4,0.7,1,0,1,0,2
0;1;2;4;5;8,I;II;III;aVL;aVF;V3,4,0.8,1,0,0,0,1
0;1;2;4;5;8,I;II;III;aVL;aVF;V3,4,0.9,1,0,0,0,1
0;1;2;4;5;8;9,I;II;III;aVL;aVF;V3;V4,5,0.5,1,1,1,0,3
0;1;2;4;5;8;9,I;II;III;aVL;aVF;V3;V4,5,0.6,1,1,1,0,3
0;1;2;4;5;8;9,I;II;III;aVL;aVF;V3;V4,5,0.7,1,0,1,0,2
0;1;2;4;5;8;9,I;II;III;aVL;aVF;V3;V4,5,0.8,1,0,1,0,2
0;1;2;4;5;8;9,I;II;III;aVL;aVF;V3;V4,5,0.9,1,0,0,0,1
0;1;2;4;5;8;9;10,I;II;III;aVL;aVF;V3;V4;V5,6,0.5,1,1,1,0,3
0;1;2;4;5;8;9;10,I;II;III;aVL;aVF;V3;V4;V5,6,0.6,1,0,1,0,2
0;1;2;4;5;8;9;10,I;II;III;aVL;aVF;V3;V4;V5,6,0.7,1,0,1,0,2
0;1;2;4;5;8;9;10,I;II;III;aVL;aVF;V3;V4;V5,6,0.8,1,0,1,0,2
0;1;2;4;5;8;9;10,I;II;III;aVL;aVF;V3;V4;V5,6,0.9,1,0,0,0,1
0;1;2;4;5;8;9;10;11,I;II;III;aVL;aVF;V3;V4;V5;V6,7,0.5,1,1,1,0,3
0;1;2;4;5;8;9;10;11,I;II;III;aVL;aVF;V3;V4;V5;V6,7,0.6,1,0,1,0,2
0;1;2;4;5;8;9;10;11,I;II;III;aVL;aVF;V3;V4;V5;V6,7,0.7,1,0,1,0,2
0;1;2;4;5;8;9;10;11,I;II;III;aVL;aVF;V3;V4;V5;V6,7,0.8,1,0,1,0,2
0;1;2;4;5;8;9;10;11,I;II;III;aVL;aVF;V3;V4;V5;V6,7,0.9,1,0,0,0,1
0;1;2;4;5;8;9;11,I;II;III;aVL;aVF;V3;V4;V6,6,0.5,1,1,1,0,3
0;1;2;4;5;8;9;11,I;II;III;aVL;aVF;V3;V4;V6,6,0.6,1,0,1,0,2
0;1;2;4;5;8;9;11,I;II;III;aVL;aVF;V3;V4;V6,6,0.7,1,0,1,0,2
0;1;2;4;5;8;9;11,I;II;III;aVL;aVF;V3;V4;V6,6,0.8,1,0,1,0,2
0;1;2;4;5;8;9;11,I;II;III;aVL;aVF;V3;V4;V6,6,0.9,1,0,0,0,1
0;1;2;4;5;8;10,I;II;III;aVL;aVF;V3;V5,5,0.5,1,1,1,0,3
0;1;2;4;5;8;10,I;II;III;aVL;aVF;V3;V5,5,0.6,1,0,1,0,2
0;1;2;4;5;8;10,I;II;III;aVL;aVF;V3;V5,5,0.7,1,0,1,0,2
0;1;2;4;5;8;10,I;II;III;aVL;aVF;V3;V5,5,0.8,1,0,0,0,1
0;1;2;4;5;8;10,I;II;III;aVL;aVF;V3;V5,5,0.9,1,0,0,0,1
0;1;2;4;5;8;10;11,I;II;III;aVL;aVF;V3;V5;V6,6,0.5,1,1,1,0,3
0;1;2;4;5;8;10;11,I;II;III;aVL;aVF;V3;V5;V6,6,0.6,1,0,1,0,2
0;1;2;4;5;8;10;11,I;II;III;aVL;aVF;V3;V5;V6,6,0.7,1,0,1,0,2
0;1;2;4;5;8;10;11,I;II;III;aVL;aVF;V3;V5;V6,6,0.8,1,0,0,0,1
0;1;2;4;5;8;10;11,I;II;III;aVL;aVF;V3;V5;V6,6,0.9,1,0,0,0,1
0;1;2;4;5;8;11,I;II;III;aVL;aVF;V3;V6,5,0.5,1,1,1,0,3
0;1;2;4;5;8;11,I;II;III;aVL;aVF;V3;V6,5,0.6,1,0,1,0,2
0;1;2;4;5;8;11,I;II;III;aVL;aVF;V3;V6,5,0.7,1,0,1,0,2
0;1;2;4;5;8;11,I;II;III;aVL;aVF;V3;V6,5,0.8,1,0,0,0,1
0;1;2;4;5;8;11,I;II;III;aVL;aVF;V3;V6,5,0.9,1,0,0,0,1
0;1;2;4;5;9,I;II;III;aVL;aVF;V4,4,0.5,1,1,1,0,3
0;1;2;4;5;9,I;II;III;aVL;aVF;V4,4,0.6,1,0,1,0,2
0;1;2;4;5;9,I;II;III;aVL;aVF;V4,4,0.7,1,0,1,0,2
0;1;2;4;5;9,I;II;III;aVL;aVF;V4,4,0.8,1,0,1,0,2
0;1;2;4;5;9,I;II;III;aVL;aVF;V4,4,0.9,1,0,0,0,1
0;1;2;4;5;9;10,I;II;III;aVL;aVF;V4;V5,5,0.5,1,1,1,0,3
0;1;2;4;5;9;10,I;II;III;aVL;aVF;V4;V5,5,0.6,1,0,1,0,2
0;1;2;4;5;9;10,I;II;III;aVL;aVF;V4;V5,5,0.7,1,0,1,0,2
0;1;2;4;5;9;10,I;II;III;aVL;aVF;V4;V5,5,0.8,1,0,1,0,2
0;1;2;4;5;9;10,I;II;III;aVL;aVF;V4;V5,5,0.9,1,0,0,0,1
0;1;2;4;5;9;10;11,I;II;III;aVL;aVF;V4;V5;V6,6,0.5,1,1,1,0,3
0;1;2;4;5;9;10;11,I;II;III;aVL;aVF;V4;V5;V6,6,0.6,1,0,1,0,2
0;1;2;4;5;9;10;11,I;II;III;aVL;aVF;V4;V5;V6,6,0.7,1,0,1,0,2
0;1;2;4;5;9;10;11,I;II;III;aVL;aVF;V4;V5;V6,6,0.8,1,0,1,0,2
0;1;2;4;5;9;10;11,I;II;III;aVL;aVF;V4;V5;V6,6,0.9,1,0,0,0,1
0;1;2;4;5;9;11,I;II;III;aVL;aVF;V4;V6,5,0.5,1,1,1,0,3
0;1;2;4;5;9;11,I;II;III;aVL;aVF;V4;V6,5,0.6,1,0,1,0,2
0;1;2;4;5;9;11,I;II;III;aVL;aVF;V4;V6,5,0.7,1,0,1,0,2
0;1;2;4;5;9;11,I;II;III;aVL;aVF;V4;V6,5,0.8,1,0,1,0,2
0;1;2;4;5;9;11,I;II;III;aVL;aVF;V4;V6,5,0.9,1,0,0,0,1
0;1;2;4;5;10,I;II;III;aVL;aVF;V5,4,0.5,1,1,1,0,3
0;1;2;4;5;10,I;II;III;aVL;aVF;V5,4,0.6,1,0,1,0,2
0;1;2;4;5;10,I;II;III;aVL;aVF;V5,4,0.7,1,0,1,0,2
0;1;2;4;5;10,I;II;III;aVL;aVF;V5,4,0.8,1,0,0,0,1
0;1;2;4;5;10,I;II;III;aVL;aVF;V5,4,0.9,1,0,0,0,1
0;1;2;4;5;10;11,I;II;III;aVL;aVF;V5;V6,5,0.5,1,1,1,0,3
0;1;2;4;5;10;11,I;II;III;aVL;aVF;V5;V6,5,0.6,1,1,1,0,3
0;1;2;4;5;10;11,I;II;III;aVL;aVF;V5;V6,5,0.7,1,0,1,0,2
0;1;2;4;5;10;11,I;II;III;aVL;aVF;V5;V6,5,0.8,1,0,0,0,1
0;1;2;4;5;10;11,I;II;III;aVL;aVF;V5;V6,5,0.9,1,0,0,0,1
0;1;2;4;5;11,I;II;III;aVL;aVF;V6,4,0.5,1,1,1,0,3
0;1;2;4;5;11,I;II;III;aVL;aVF;V6,4,0.6,1,1,1,0,3
0;1;2;4;5;11,I;II;III;aVL;aVF;V6,4,0.7,1,0,1,0,2
0;1;2;4;5;11,I;II;III;aVL;aVF;V6,4,0.8,1,0,1,0,2
0;1;2;4;5;11,I;II;III;aVL;aVF;V6,4,0.9,1,0,0,0,1
0;1;2;4;6,I;II;III;aVL;V1,4,0.5,1,1,1,0,3
0;1;2;4;6,I;II;III;aVL;V1,4,0.6,1,1,1,0,3
0;1;2;4;6,I;II;III;aVL;V1,4,0.7,1,0,1,0,2
0;1;2;4;6,I;II;III;aVL;V1,4,0.8,1,0,1,0,2
0;1;2;4;6,I;II;III;aVL;V1,4,0.9,1,0,0,0,1
0;1;2;4;6;7,I;II;III;aVL;V1;V2,5,0.5,1,1,1,0,3
0;1;2;4;6;7,I;II;III;aVL;V1;V2,5,0.6,1,1,1,0,3
0;1;2;4;6;7,I;II;III;aVL;V1;V2,5,0.7,1,0,1,0,2
0;1;2;4;6;7,I;II;III;aVL;V1;V2,5,0.8,1,0,1,0,2
0;1;2;4;6;7,I;II;III;aVL;V1;V2,5,0.9,1,0,0,0,1
0;1;2;4;6;7;8,I;II;III;aVL;V1;V2;V3,6,0.5,1,1,1,0,3
0;1;2;4;6;7;8,I;II;III;aVL;V1;V2;V3,6,0.6,1,1,1,0,3
0;1;2;4;6;7;8,I;II;III;aVL;V1;V2;V3,6,0.7,1,0,1,0,2
0;1;2;4;6;7;8,I;II;III;aVL;V1;V2;V3,6,0.8,1,0,1,0,2
0;1;2;4;6;7;8,I;II;III;aVL;V1;V2;V3,6,0.9,1,0,0,0,1
0;1;2;4;6;7;8;9,I;II;III;aVL;V1;V2;V3;V4,7,0.5,1,1,1,0,3
0;1;2;4;6;7;8;9,I;II;III;aVL;V1;V2;V3;V4,7,0.6,1,0,1,0,2
0;1;2;4;6;7;8;9,I;II;III;aVL;V1;V2;V3;V4,7,0.7,1,0,1,0,2
0;1;2;4;6;7;8;9,I;II;III;aVL;V1;V2;V3;V4,7,0.8,1,0,1,0,2
0;1;2;4;6;7;8;9,I;II;III;aVL;V1;V2;V3;V4,7,0.9,1,0,0,0,1
0;1;2;4;6;7;8;9;10,I;II;III;aVL;V1;V2;V3;V4;V5,8,0.5,1,1,1,0,3
0;1;2;4;6;7;8;9;10,I;II;III;aVL;V1;V2;V3;V4;V5,8,0.6,1,0,1,0,2
0;1;2;4;6;7;8;9;10,I;II;III;aVL;V1;V2;V3;V4;V5,8,0.7,1,0,1,0,2
0;1;2;4;6;7;8;9;10,I;II;III;aVL;V1;V2;V3;V4;V5,8,0.8,1,0,1,0,2
0;1;2;4;6;7;8;9;10,I;II;III;aVL;V1;V2;V3;V4;V5,8,0.9,1,0,0,0,1
0;1;2;4;6;7;8;9;10;11,I;II;III;aVL;V1;V2;V3;V4;V5;V6,9,0.5,1,1,1,0,3
0;1;2;4;6;7;8;9;10;11,I;II;III;aVL;V1;V2;V3;V4;V5;V6,9,0.6,1,0,1,0,2
0;1;2;4;6;7;8;9;10;11,I;II;III;aVL;V1;V2;V3;V4;V5;V6,9,0.7,1,0,1,0,2
0;1;2;4;6;7;8;9;10;11,I;II;III;aVL;V1;V2;V3;V4;V5;V6,9,0.8,1,0,1,0,2
0;1;2;4;6;7;8;9;10;11,I;II;III;aVL;V1;V2;V3;V4;V5;V6,9,0.9,1,0,0,0,1
0;1;2;4;6;7;8;9;11,I;II;III;aVL;V1;V2;V3;V4;V6,8,0.5,1,1,1,0,3
0;1;2;4;6;7;8;9;11,I;II;III;aVL;V1;V2;V3;V4;V6,8,0.6,1,0,1,0,2
0;1;2;4;6;7;8;9;11,I;II;III;aVL;V1;V2;V3;V4;V6,8,0.7,1,0,1,0,2
0;1;2;4;6;7;8;9;11,I;II;III;aVL;V1;V2;V3;V4;V6,8,0.8,1,0,1,0,2
0;1;2;4;6;7;8;9;11,I;II;III;aVL;V1;V2;V3;V4;V6,8,0.9,1,0,0,0,1
0;1;2;4;6;7;8;10,I;II;III;aVL;V1;V2;V3;V5,7,0.5,1,1,1,0,3
0;1;2;4;6;7;8;10,I;II;III;aVL;V1;V2;V3;V5,7,0.6,1,0,1,0,2
0;1;2;4;6;7;8;10,I;II;III;aVL;V1;V2;V3;V5,7,0.7,1,0,1,0,2
0;1;2;4;6;7;8;10,I;II;III;aVL;V1;V2;V3;V5,7,0.8,1,0,1,0,2
0;1;2;4;6;7;8;10,I;II;III;aVL;V1;V2;V3;V5,7,0.9,1,0,0,0,1
0;1;2;4;6;7;8;10;11,I;II;III;aVL;V1;V2;V3;V5;V6,8,0.5,1,1,1,0,3
0;1;2;4;6;7;8;10;11,I;II;III;aVL;V1;V2;V3;V5;V6,8,0.6,1,0,1,0,2
0;1;2;4;6;7;8;10;11,I;II;III;aVL;V1;V2;V3;V5;V6,8,0.7,1,0,1,0,2
0;1;2;4;6;7;8;10;11,I;II;III;aVL;V1;V2;V3;V5;V6,8,0.8,1,0,1,0,2
0;1;2;4;6;7;8;10;11,I;II;III;aVL;V1;V2;V3;V5;V6,8,0.9,1,0,0,0,1
0;1;2;4;6;7;8;11,I;II;III;aVL;V1;V2;V3;V6,7,0.5,1,1,1,0,3
0;1;2;4;6;7;8;11,I;II;III;aVL;V1;V2;V3;V6,7,0.6,1,0,1,0,2
0;1;2;4;6;7;8;11,I;II;III;aVL;V1;V2;V3;V6,7,0.7,1,0,1,0,2
0;1;2;4;6;7;8;11,I;II;III;aVL;V1;V2;V3;V6,7,0.8,1,0,1,0,2
0;1;2;4;6;7;8;11,I;II;III;aVL;V1;V2;V3;V6,7,0.9,1,0,0,0,1
0;1;2;4;6;7;9,I;II;III;aVL;V1;V2;V4,6,0.5,1,1,1,0,3
0;1;2;4;6;7;9,I;II;III;aVL;V1;V2;V4,6,0.6,1,0,1,0,2
0;1;2;4;6;7;9,I;II;III;aVL;V1;V2;V4,6,0.7,1,0,1,0,2
0;1;2;4;6;7;9,I;II;III;aVL;V1;V2;V4,6,0.8,1,0,1,0,2
0;1;2;4;6;7;9,I;II;III;aVL;V1;V2;V4,6,0.9,1,0,0,0,1
0;1;2;4;6;7;9;10,I;II;III;aVL;V1;V2;V4;V5,7,0.5,1,1,1,0,3
0;1;2;4;6;7;9;10,I;II;III;aVL;V1;V2;V4;V5,7,0.6,1,0,1,0,2
0;1;2;4;6;7;9;10,I;II;III;aVL;V1;V2;V4;V5,7,0.7,1,0,1,0,2
0;1;2;4;6;7;9;10,I;II;III;aVL;V1;V2;V4;V5,7,0.8,1,0,1,0,2
0;1;2;4;6;7;9;10,I;II;III;aVL;V1;V2;V4;V5,7,0.9,1,0,0,0,1
0;1;2;4;6;7;9;10;11,I;II;III;aVL;V1;V2;V4;V5;V6,8,0.5,1,1,1,0,3
0;1;2;4;6;7;9;10;11,I;II;III;aVL;V1;V2;V4;V5;V6,8,0.6,1,0,1,0,2
0;1;2;4;6;7;9;10;11,I;II;III;aVL;V1;V2;V4;V5;V6,8,0.7,1,0,1,0,2
0;1;2;4;6;7;9;10;11,I;II;III;aVL;V1;V2;V4;V5;V6,8,0.8,1,0,1,0,2
0;1;2;4;6;7;9;10;11,I;II;III;aVL;V1;V2;V4;V5;V6,8,0.9,1,0,0,0,1
0;1;2;4;6;7;9;11,I;II;III;aVL;V1;V2;V4;V6,7,0.5,1,1,1,0,3
0;1;2;4;6;7;9;11,I;II;III;aVL;V1;V2;V4;V6,7,0.6,1,0,1,0,2
0;1;2;4;6;7;9;11,I;II;III;aVL;V1;V2;V4;V6,7,0.7,1,0,1,0,2
0;1;2;4;6;7;9;11,I;II;III;aVL;V1;V2;V4;V6,7,0.8,1,0,1,0,2
0;1;2;4;6;7;9;11,I;II;III;aVL;V1;V2;V4;V6,7,0.9,1,0,0,0,1
0;1;2;4;6;7;10,I;II;III;aVL;V1;V2;V5,6,0.5,1,1,1,0,3
0;1;2;4;6;7;10,I;II;III;aVL;V1;V2;V5,6,0.6,1,0,1,0,2
0;1;2;4;6;7;10,I;II;III;aVL;V1;V2;V5,6,0.7,1,0,1,0,2
0;1;2;4;6;7;10,I;II;III;aVL;V1;V2;V5,6,0.8,1,0,1,0,2
0;1;2;4;6;7;10,I;II;III;aVL;V1;V2;V5,6,0.9,1,0,0,0,1
0;1;2;4;6;7;10;11,I;II;III;aVL;V1;V2;V5;V6,7,0.5,1,1,1,0,3
0;1;2;4;6;7;10;11,I;II;III;aVL;V1;V2;V5;V6,7,0.6,1,0,1,0,2
0;1;2;4;6;7;10;11,I;II;III;aVL;V1;V2;V5;V6,7,0.7,1,0,1,0,2
0;1;2;4;6;7;10;11,I;II;III;aVL;V1;V2;V5;V6,7,0.8,1,0,1,0,2
0;1;2;4;6;7;10;11,I;II;III;aVL;V1;V2;V5;V6,7,0.9,1,0,0,0,1
0;1;2;4;6;7;11,I;II;III;aVL;V1;V2;V6,6,0.5,1,1,1,0,3
0;1;2;4;6;7;11,I;II;III;aVL;V1;V2;V6,6,0.6,1,0,1,0,2
0;1;2;4;6;7;11,I;II;III;aVL;V1;V2;V6,6,0.7,1,0,1,0,2
0;1;2;4;6;7;11,I;II;III;aVL;V1;V2;V6,6,0.8,1,0,1,0,2
0;1;2;4;6;7;11,I;II;III;aVL;V1;V2;V6,6,0.9,1,0,0,0,1
0;1;2;4;6;8,I;II;III;aVL;V1;V3,5,0.5,1,1,1,0,3
0;1;2;4;6;8,I;II;III;aVL;V1;V3,5,0.6,1,0,1,0,2
0;1;2;4;6;8,I;II;III;aVL;V1;V3,5,0.7,1,0,1,0,2
0;1;2;4;6;8,I;II;III;aVL;V1;V3,5,0.8,1,0,1,0,2
0;1;2;4;6;8,I;II;III;aVL;V1;V3,5,0.9,1,0,0,0,1
0;1;2;4;6;8;9,I;II;III;aVL;V1;V3;V4,6,0.5,1,1,1,0,3
0;1;2;4;6;8;9,I;II;III;aVL;V1;V3;V4,6,0.6,1,1,1,0,3
0;1;2;4;6;8;9,I;II;III;aVL;V1;V3;V4,6,0.7,1,0,1,0,2
0;1;2;4;6;8;9,I;II;III;aVL;V1;V3;V4,6,0.8,1,0,1,0,2
0;1;2;4;6;8;9,I;II;III;aVL;V1;V3;V4,6,0.9,1,0,0,0,1
0;1;2;4;6;8;9;10,I;II;III;aVL;V1;V3;V4;V5,7,0.5,1,1,1,0,3
0;1;2;4;6;8;9;10,I;II;III;aVL;V1;V3;V4;V5,7,0.6,1,0,1,0,2
0;1;2;4;6;8;9;10,I;II;III;aVL;V1;V3;V4;V5,7,0.7,1,0,1,0,2
0;1;2;4;6;8;9;10,I;II;III;aVL;V1;V3;V4;V5,7,0.8,1,0,1,0,2
0;1;2;4;6;8;9;10,I;II;III;aVL;V1;V3;V4;V5,7,0.9,1,0,0,0,1
0;1;2;4;6;8;9;10;11,I;II;III;aVL;V1;V3;V4;V5;V6,8,0.5,1,1,1,0,3
0;1;2;4;6;8;9;10;11,I;II;III;aVL;V1;V3;V4;V5;V6,8,0.6,1,0,1,0,2
0;1;2;4;6;8;9;10;11,I;II;III;aVL;V1;V3;V4;V5;V6,8,0.7,1,0,1,0,2
0;1;2;4;6;8;9;10;11,I;II;III;aVL;V1;V3;V4;V5;V6,8,0.8,1,0,1,0,2
0;1;2;4;6;8;9;10;11,I;II;III;aVL;V1;V3;V4;V5;V6,8,0.9,1,0,0,0,1
0;1;2;4;6;8;9;11,I;II;III;aVL;V1;V3;V4;V6,7,0.5,1,1,1,0,3
0;1;2;4;6;8;9;11,I;II;III;aVL;V1;V3;V4;V6,7,0.6,1,0,1,0,2
0;1;2;4;6;8;9;11,I;II;III;aVL;V1;V3;V4;V6,7,0.7,1,0,1,0,2
0;1;2;4;6;8;9;11,I;II;III;aVL;V1;V3;V4;V6,7,0.8,1,0,1,0,2
0;1;2;4;6;8;9;11,I;II;III;aVL;V1;V3;V4;V6,7,0.9,1,0,0,0,1
0;1;2;4;6;8;10,I;II;III;aVL;V1;V3;V5,6,0.5,1,1,1,0,3
0;1;2;4;6;8;10,I;II;III;aVL;V1;V3;V5,6,0.6,1,0,1,0,2
0;1;2;4;6;8;10,I;II;III;aVL;V1;V3;V5,6,0.7,1,0,1,0,2
0;1;2;4;6;8;10,I;II;III;aVL;V1;V3;V5,6,0.8,1,0,1,0,2
0;1;2;4;6;8;10,I;II;III;aVL;V1;V3;V5,6,0.9,1,0,0,0,1
0;1;2;4;6;8;10;11,I;II;III;aVL;V1;V3;V5;V6,7,0.5,1,1,1,0,3
0;1;2;4;6;8;10;11,I;II;III;aVL;V1;V3;V5;V6,7,0.6,1,0,1,0,2
0;1;2;4;6;8;10;11,I;II;III;aVL;V1;V3;V5;V6,7,0.7,1,0,1,0,2
0;1;2;4;6;8;10;11,I;II;III;aVL;V1;V3;V5;V6,7,0.8,1,0,1,0,2
0;1;2;4;6;8;10;11,I;II;III;aVL;V1;V3;V5;V6,7,0.9,1,0,0,0,1
0;1;2;4;6;8;11,I;II;III;aVL;V1;V3;V6,6,0.5,1,1,1,0,3
0;1;2;4;6;8;11,I;II;III;aVL;V1;V3;V6,6,0.6,1,0,1,0,2
0;1;2;4;6;8;11,I;II;III;aVL;V1;V3;V6,6,0.7,1,0,1,0,2
0;1;2;4;6;8;11,I;II;III;aVL;V1;V3;V6,6,0.8,1,0,1,0,2
0;1;2;4;6;8;11,I;II;III;aVL;V1;V3;V6,6,0.9,1,0,0,0,1
0;1;2;4;6;9,I;II;III;aVL;V1;V4,5,0.5,1,1,1,0,3
0;1;2;4;6;9,I;II;III;aVL;V1;V4,5,0.6,1,0,1,0,2
0;1;2;4;6;9,I;II;III;aVL;V1;V4,5,0.7,1,0,1,0,2
0;1;2;4;6;9,I;II;III;aVL;V1;V4,5,0.8,1,0,1,0,2
0;1;2;4;6;9,I;II;III;aVL;V1;V4,5,0.9,1,0,0,0,1
0;1;2;4;6;9;10,I;II;III;aVL;V1;V4;V5,6,0.5,1,1,1,0,3
0;1;2;4;6;9;10,I;II;III;aVL;V1;V4;V5,6,0.6,1,0,1,0,2
0;1;2;4;6;9;10,I;II;III;aVL;V1;V4;V5,6,0.7,1,0,1,0,2
0;1;2;4;6;9;10,I;II;III;aVL;V1;V4;V5,6,0.8,1,0,1,0,2
0;1;2;4;6;9;10,I;II;III;aVL;V1;V4;V5,6,0.9,1,0,0,0,1
0;1;2;4;6;9;10;11,I;II;III;aVL;V1;V4;V5;V6,7,0.5,1,1,1,0,3
0;1;2;4;6;9;10;11,I;II;III;aVL;V1;V4;V5;V6,7,0.6,1,0,1,0,2
0;1;2;4;6;9;10;11,I;II;III;aVL;V1;V4;V5;V6,7,0.7,1,0,1,0,2
0;1;2;4;6;9;10;11,I;II;III;aVL;V1;V4;V5;V6,7,0.8,1,0,1,0,2
0;1;2;4;6;9;10;11,I;II;III;aVL;V1;V4;V5;V6,7,0.9,1,0,0,0,1
0;1;2;4;6;9;11,I;II;III;aVL;V1;V4;V6,6,0.5,1,1,1,0,3
0;1;2;4;6;9;11,I;II;III;aVL;V1;V4;V6,6,0.6,1,0,1,0,2
0;1;2;4;6;9;11,I;II;III;aVL;V1;V4;V6,6,0.7,1,0,1,0,2
0;1;2;4;6;9;11,I;II;III;aVL;V1;V4;V6,6,0.8,1,0,1,0,2
0;1;2;4;6;9;11,I;II;III;aVL;V1;V4;V6,6,0.9,1,0,0,0,1
0;1;2;4;6;10,I;II;III;aVL;V1;V5,5,0.5,1,1,1,0,3
0;1;2;4;6;10,I;II;III;aVL;V1;V5,5,0.6,1,0,1,0,2
0;1;2;4;6;10,I;II;III;aVL;V1;V5,5,0.7,1,0,1,0,2
0;1;2;4;6;10,I;II;III;aVL;V1;V5,5,0.8,1,0,1,0,2
0;1;2;4;6;10,I;II;III;aVL;V1;V5,5,0.9,1,0,0,0,1
0;1;2;4;6;10;11,I;II;III;aVL;V1;V5;V6,6,0.5,1,1,1,0,3
0;1;2;4;6;10;11,I;II;III;aVL;V1;V5;V6,6,0.6,1,0,1,0,2
0;1;2;4;6;10;11,I;II;III;aVL;V1;V5;V6,6,0.7,1,0,1,0,2
0;1;2;4;6;10;11,I;II;III;aVL;V1;V5;V6,6,0.8,1,0,1,0,2
0;1;2;4;6;10;11,I;II;III;aVL;V1;V5;V6,6,0.9,1,0,0,0,1
0;1;2;4;6;11,I;II;III;aVL;V1;V6,5,0.5,1,1,1,0,3
0;1;2;4;6;11,I;II;III;aVL;V1;V6,5,0.6,1,1,1,0,3
0;1;2;4;6;11,I;II;III;aVL;V1;V6,5,0.7,1,0,1,0,2
0;1;2;4;6;11,I;II;III;aVL;V1;V6,5,0.8,1,0,1,0,2
0;1;2;4;6;11,I;II;III;aVL;V1;V6,5,0.9,1,0,0,0,1
0;1;2;4;7,I;II;III;aVL;V2,4,0.5,1,1,1,0,3
0;1;2;4;7,I;II;III;aVL;V2,4,0.6,1,0,1,0,2
0;1;2;4;7,I;II;III;aVL;V2,4,0.7,1,0,1,0,2
0;1;2;4;7,I;II;III;aVL;V2,4,0.8,1,0,1,0,2
0;1;2;4;7,I;II;III;aVL;V2,4,0.9,1,0,0,0,1
0;1;2;4;7;8,I;II;III;aVL;V2;V3,5,0.5,1,1,1,0,3
0;1;2;4;7;8,I;II;III;aVL;V2;V3,5,0.6,1,1,1,0,3
0;1;2;4;7;8,I;II;III;aVL;V2;V3,5,0.7,1,0,1,0,2
0;1;2;4;7;8,I;II;III;aVL;V2;V3,5,0.8,1,0,0,0,1
0;1;2;4;7;8,I;II;III;aVL;V2;V3,5,0.9,1,0,0,0,1
0;1;2;4;7;8;9,I;II;III;aVL;V2;V3;V4,6,0.5,1,1,1,0,3
0;1;2;4;7;8;9,I;II;III;aVL;V2;V3;V4,6,0.6,1,1,1,0,3
0;1;2;4;7;8;9,I;II;III;aVL;V2;V3;V4,6,0.7,1,0,1,0,2
0;1;2;4;7;8;9,I;II;III;aVL;V2;V3;V4,6,0.8,1,0,1,0,2
0;1;2;4;7;8;9,I;II;III;aVL;V2;V3;V4,6,0.9,1,0,0,0,1
0;1;2;4;7;8;9;10,I;II;III;aVL;V2;V3;V4;V5,7,0.5,1,1,1,0,3
0;1;2;4;7;8;9;10,I;II;III;aVL;V2;V3;V4;V5,7,0.6,1,1,1,0,3
0;1;2;4;7;8;9;10,I;II;III;aVL;V2;V3;V4;V5,7,0.7,1,0,1,0,2
0;1;2;4;7;8;9;10,I;II;III;aVL;V2;V3;V4;V5,7,0.8,1,0,0,0,1
0;1;2;4;7;8;9;10,I;II;III;aVL;V2;V3;V4;V5,7,0.9,1,0,0,0,1
0;1;2;4;7;8;9;10;11,I;II;III;aVL;V2;V3;V4;V5;V6,8,0.5,1,1,1,0,3
0;1;2;4;7;8;9;10;11,I;II;III;aVL;V2;V3;V4;V5;V6,8,0.6,1,0,1,0,2
0;1;2;4;7;8;9;10;11,I;II;III;aVL;V2;V3;V4;V5;V6,8,0.7,1,0,1,0,2
0;1;2;4;7;8;9;10;11,I;II;III;aVL;V2;V3;V4;V5;V6,8,0.8,1,0,0,0,1
0;1;2;4;7;8;9;10;11,I;II;III;aVL;V2;V3;V4;V5;V6,8,0.9,1,0,0,0,1
0;1;2;4;7;8;9;11,I;II;III;aVL;V2;V3;V4;V6,7,0.5,1,1,1,0,3
0;1;2;4;7;8;9;11,I;II;III;aVL;V2;V3;V4;V6,7,0.6,1,0,1,0,2
0;1;2;4;7;8;9;11,I;II;III;aVL;V2;V3;V4;V6,7,0.7,1,0,1,0,2
0;1;2;4;7;8;9;11,I;II;III;aVL;V2;V3;V4;V6,7,0.8,1,0,0,0,1
0;1;2;4;7;8;9;11,I;II;III;aVL;V2;V3;V4;V6,7,0.9,1,0,0,0,1
0;1;2;4;7;8;10,I;II;III;aVL;V2;V3;V5,6,0.5,1,1,1,0,3
0;1;2;4;7;8;10,I;II;III;aVL;V2;V3;V5,6,0.6,1,0,1,0,2
0;1;2;4;7;8;10,I;II;III;aVL;V2;V3;V5,6,0.7,1,0,1,0,2
0;1;2;4;7;8;10,I;II;III;aVL;V2;V3;V5,6,0.8,1,0,0,0,1
0;1;2;4;7;8;10,I;II;III;aVL;V2;V3;V5,6,0.9,1,0,0,0,1
0;1;2;4;7;8;10;11,I;II;III;aVL;V2;V3;V5;V6,7,0.5,1,1,1,0,3
0;1;2;4;7;8;10;11,I;II;III;aVL;V2;V3;V5;V6,7,0.6,1,1,1,0,3
0;1;2;4;7;8;10;11,I;II;III;aVL;V2;V3;V5;V6,7,0.7,1,0,1,0,2
0;1;2;4;7;8;10;11,I;II;III;aVL;V2;V3;V5;V6,7,0.8,1,0,1,0,2
0;1;2;4;7;8;10;11,I;II;III;aVL;V2;V3;V5;V6,7,0.9,1,0,0,0,1
0;1;2;4;7;8;11,I;II;III;aVL;V2;V3;V6,6,0.5,1,1,1,0,3
0;1;2;4;7;8;11,I;II;III;aVL;V2;V3;V6,6,0.6,1,1,1,0,3
0;1;2;4;7;8;11,I;II;III;aVL;V2;V3;V6,6,0.7,1,0,1,0,2
0;1;2;4;7;8;11,I;II;III;aVL;V2;V3;V6,6,0.8,1,0,0,0,1
0;1;2;4;7;8;11,I;II;III;aVL;V2;V3;V6,6,0.9,1,0,0,0,1
0;1;2;4;7;9,I;II;III;aVL;V2;V4,5,0.5,1,1,1,0,3
0;1;2;4;7;9,I;II;III;aVL;V2;V4,5,0.6,1,1,1,0,3
0;1;2;4;7;9,I;II;III;aVL;V2;V4,5,0.7,1,0,1,0,2
0;1;2;4;7;9,I;II;III;aVL;V2;V4,5,0.8,1,0,1,0,2
0;1;2;4;7;9,I;II;III;aVL;V2;V4,5,0.9,1,0,0,0,1
0;1;2;4;7;9;10,I;II;III;aVL;V2;V4;V5,6,0.5,1,1,1,0,3
0;1;2;4;7;9;10,I;II;III;aVL;V2;V4;V5,6,0.6,1,0,1,0,2
0;1;2;4;7;9;10,I;II;III;aVL;V2;V4;V5,6,0.7,1,0,1,0,2
0;1;2;4;7;9;10,I;II;III;aVL;V2;V4;V5,6,0.8,1,0,0,0,1
0;1;2;4;7;9;10,I;II;III;aVL;V2;V4;V5,6,0.9,1,0,0,0,1
0;1;2;4;7;9;10;11,I;II;III;aVL;V2;V4;V5;V6,7,0.5,1,1,1,0,3
0;1;2;4;7;9;10;11,I;II;III;aVL;V2;V4;V5;V6,7,0.6,1,0,1,0,2
0;1;2;4;7;9;10;11,I;II;III;aVL;V2;V4;V5;V6,7,0.7,1,0,1,0,2
0;1;2;4;7;9;10;11,I;II;III;aVL;V2;V4;V5;V6,7,0.8,1,0,0,0,1
0;1;2;4;7;9;10;11,I;II;III;aVL;V2;V4;V5;V6,7,0.9,1,0,0,0,1
0;1;2;4;7;9;11,I;II;III;aVL;V2;V4;V6,6,0.5,1,1,1,0,3
0;1;2;4;7;9;11,I;II;III;aVL;V2;V4;V6,6,0.6,1,0,1,0,2
0;1;2;4;7;9;11,I;II;III;aVL;V2;V4;V6,6,0.7,1,0,1,0,2
0;1;2;4;7;9;11,I;II;III;aVL;V2;V4;V6,6,0.8,1,0,0,0,1
0;1;2;4;7;9;11,I;II;III;aVL;V2;V4;V6,6,0.9,1,0,0,0,1
0;1;2;4;7;10,I;II;III;aVL;V2;V5,5,0.5,1,1,1,0,3
0;1;2;4;7;10,I;II;III;aVL;V2;V5,5,0.6,1,1,1,0,3
0;1;2;4;7;10,I;II;III;aVL;V2;V5,5,0.7,1,0,1,0,2
0;1;2;4;7;10,I;II;III;aVL;V2;V5,5,0.8,1,0,1,0,2
0;1;2;4;7;10,I;II;III;aVL;V2;V5,5,0.9,1,0,0,0,1
0;1;2;4;7;10;11,I;II;III;aVL;V2;V5;V6,6,0.5,1,1,1,0,3
0;1;2;4;7;10;11,I;II;III;aVL;V2;V5;V6,6,0.6,1,0,1,0,2
0;1;2;4;7;10;11,I;II;III;aVL;V2;V5;V6,6,0.7,1,0,1,0,2
0;1;2;4;7;10;11,I;II;III;aVL;V2;V5;V6,6,0.8,1,0,1,0,2
0;1;2;4;7;10;11,I;II;III;aVL;V2;V5;V6,6,0.9,1,0,0,0,1
0;1;2;4;7;11,I;II;III;aVL;V2;V6,5,0.5,1,1,1,0,3
0;1;2;4;7;11,I;II;III;aVL;V2;V6,5,0.6,1,0,1,0,2
0;1;2;4;7;11,I;II;III;aVL;V2;V6,5,0.7,1,0,1,0,2
0;1;2;4;7;11,I;II;III;aVL;V2;V6,5,0.8,1,0,1,0,2
0;1;2;4;7;11,I;II;III;aVL;V2;V6,5,0.9,1,0,0,0,1
0;1;2;4;8,I;II;III;aVL;V3,4,0.5,1,1,1,0,3
0;1;2;4;8,I;II;III;aVL;V3,4,0.6,1,0,1,0,2
0;1;2;4;8,I;II;III;aVL;V3,4,0.7,1,0,1,0,2
0;1;2;4;8,I;II;III;aVL;V3,4,0.8,1,0,1,0,2
0;1;2;4;8,I;II;III;aVL;V3,4,0.9,1,0,0,0,1
0;1;2;4;8;9,I;II;III;aVL;V3;V4,5,0.5,1,1,1,0,3
0;1;2;4;8;9,I;II;III;aVL;V3;V4,5,0.6,1,0,1,0,2
0;1;2;4;8;9,I;II;III;aVL;V3;V4,5,0.7,1,0,1,0,2
0;1;2;4;8;9,I;II;III;aVL;V3;V4,5,0.8,1,0,1,0,2
0;1;2;4;8;9,I;II;III;aVL;V3;V4,5,0.9,1,0,0,0,1
0;1;2;4;8;9;10,I;II;III;aVL;V3;V4;V5,6,0.5,1,1,1,0,3
0;1;2;4;8;9;10,I;II;III;aVL;V3;V4;V5,6,0.6,1,0,1,0,2
0;1;2;4;8;9;10,I;II;III;aVL;V3;V4;V5,6,0.7,1,0,1,0,2
0;1;2;4;8;9;10,I;II;III;aVL;V3;V4;V5,6,0.8,1,0,1,0,2
0;1;2;4;8;9;10,I;II;III;aVL;V3;V4;V5,6,0.9,1,0,0,0,1
0;1;2;4;8;9;10;11,I;II;III;aVL;V3;V4;V5;V6,7,0.5,1,1,1,0,3
0;1;2;4;8;9;10;11,I;II;III;aVL;V3;V4;V5;V6,7,0.6,1,0,1,0,2
0;1;2;4;8;9;10;11,I;II;III;aVL;V3;V4;V5;V6,7,0.7,1,0,1,0,2
0;1;2;4;8;9;10;11,I;II;III;aVL;V3;V4;V5;V6,7,0.8,1,0,0,0,1
0;1;2;4;8;9;10;11,I;II;III;aVL;V3;V4;V5;V6,7,0.9,1,0,0,0,1
0;1;2;4;8;9;11,I;II;III;aVL;V3;V4;V6,6,0.5,1,1,1,0,3
0;1;2;4;8;9;11,I;II;III;aVL;V3;V4;V6,6,0.6,1,0,1,0,2
0;1;2;4;8;9;11,I;II;III;aVL;V3;V4;V6,6,0.7,1,0,1,0,2
0;1;2;4;8;9;11,I;II;III;aVL;V3;V4;V6,6,0.8,1,0,0,0,1
0;1;2;4;8;9;11,I;II;III;aVL;V3;V4;V6,6,0.9,1,0,0,0,1
0;1;2;4;8;10,I;II;III;aVL;V3;V5,5,0.5,1,1,1,0,3
0;1;2;4;8;10,I;II;III;aVL;V3;V5,5,0.6,1,0,1,0,2
0;1;2;4;8;10,I;II;III;aVL;V3;V5,5,0.7,1,0,1,0,2
0;1;2;4;8;10,I;II;III;aVL;V3;V5,5,0.8,1,0,0,0,1
0;1;2;4;8;10,I;II;III;aVL;V3;V5,5,0.9,1,0,0,0,1
0;1;2;4;8;10;11,I;II;III;aVL;V3;V5;V6,6,0.5,1,1,1,0,3
0;1;2;4;8;10;11,I;II;III;aVL;V3;V5;V6,6,0.6,1,0,1,0,2
0;1;2;4;8;10;11,I;II;III;aVL;V3;V5;V6,6,0.7,1,0,1,0,2
0;1;2;4;8;10;11,I;II;III;aVL;V3;V5;V6,6,0.8,1,0,0,0,1
0;1;2;4;8;10;11,I;II;III;aVL;V3;V5;V6,6,0.9,1,0,0,0,1
0;1;2;4;8;11,I;II;III;aVL;V3;V6,5,0.5,1,1,1,0,3
0;1;2;4;8;11,I;II;III;aVL;V3;V6,5,0.6,1,0,1,0,2
0;1;2;4;8;11,I;II;III;aVL;V3;V6,5,0.7,1,0,1,0,2
0;1;2;4;8;11,I;II;III;aVL;V3;V6,5,0.8,1,0,0,0,1
0;1;2;4;8;11,I;II;III;aVL;V3;V6,5,0.9,1,0,0,0,1
0;1;2;4;9,I;II;III;aVL;V4,4,0.5,1,1,1,0,3
0;1;2;4;9,I;II;III;aVL;V4,4,0.6,1,0,1,0,2
0;1;2;4;9,I;II;III;aVL;V4,4,0.7,1,0,1,0,2
0;1;2;4;9,I;II;III;aVL;V4,4,0.8,1,0,1,0,2
0;1;2;4;9,I;II;III;aVL;V4,4,0.9,1,0,0,0,1
0;1;2;4;9;10,I;II;III;aVL;V4;V5,5,0.5,1,1,1,0,3
0;1;2;4;9;10,I;II;III;aVL;V4;V5,5,0.6,1,0,1,0,2
0;1;2;4;9;10,I;II;III;aVL;V4;V5,5,0.7,1,0,1,0,2
0;1;2;4;9;10,I;II;III;aVL;V4;V5,5,0.8,1,0,1,0,2
0;1;2;4;9;10,I;II;III;aVL;V4;V5,5,0.9,1,0,0,0,1
0;1;2;4;9;10;11,I;II;III;aVL;V4;V5;V6,6,0.5,1,1,1,0,3
0;1;2;4;9;10;11,I;II;III;aVL;V4;V5;V6,6,0.6,1,0,1,0,2
0;1;2;4;9;10;11,I;II;III;aVL;V4;V5;V6,6,0.7,1,0,1,0,2
0;1;2;4;9;10;11,I;II;III;aVL;V4;V5;V6,6,0.8,1,0,1,0,2
0;1;2;4;9;10;11,I;II;III;aVL;V4;V5;V6,6,0.9,1,0,0,0,1
0;1;2;4;9;11,I;II;III;aVL;V4;V6,5,0.5,1,1,1,0,3
0;1;2;4;9;11,I;II;III;aVL;V4;V6,5,0.6,1,0,1,0,2
0;1;2;4;9;11,I;II;III;aVL;V4;V6,5,0.7,1,0,1,0,2
0;1;2;4;9;11,I;II;III;aVL;V4;V6,5,0.8,1,0,0,0,1
0;1;2;4;9;11,I;II;III;aVL;V4;V6,5,0.9,1,0,0,0,1
0;1;2;4;10,I;II;III;aVL;V5,4,0.5,1,1,1,0,3
0;1;2;4;10,I;II;III;aVL;V5,4,0.6,1,1,1,0,3
0;1;2;4;10,I;II;III;aVL;V5,4,0.7,1,0,1,0,2
0;1;2;4;10,I;II;III;aVL;V5,4,0.8,1,0,0,0,1
0;1;2;4;10,I;II;III;aVL;V5,4,0.9,1,0,0,0,1
0;1;2;4;10;11,I;II;III;aVL;V5;V6,5,0.5,1,1,1,0,3
0;1;2;4;10;11,I;II;III;aVL;V5;V6,5,0.6,1,0,1,0,2
0;1;2;4;10;11,I;II;III;aVL;V5;V6,5,0.7,1,0,1,0,2
0;1;2;4;10;11,I;II;III;aVL;V5;V6,5,0.8,1,0,0,0,1
0;1;2;4;10;11,I;II;III;aVL;V5;V6,5,0.9,1,0,0,0,1
0;1;2;4;11,I;II;III;aVL;V6,4,0.5,1,1,1,0,3
0;1;2;4;11,I;II;III;aVL;V6,4,0.6,1,1,1,0,3
0;1;2;4;11,I;II;III;aVL;V6,4,0.7,1,0,1,0,2
0;1;2;4;11,I;II;III;aVL;V6,4,0.8,1,0,0,0,1
0;1;2;4;11,I;II;III;aVL;V6,4,0.9,1,0,0,0,1
0;1;2;5,I;II;III;aVF,3,0.5,1,1,1,0,3
0;1;2;5,I;II;III;aVF,3,0.6,1,1,1,0,3
0;1;2;5,I;II;III;aVF,3,0.7,1,0,1,0,2
0;1;2;5,I;II;III;aVF,3,0.8,1,0,1,0,2
0;1;2;5,I;II;III;aVF,3,0.9,1,0,0,0,1
0;1;2;5;6,I;II;III;aVF;V1,4,0.5,1,1,1,0,3
0;1;2;5;6,I;II;III;aVF;V1,4,0.6,1,1,1,0,3
0;1;2;5;6,I;II;III;aVF;V1,4,0.7,1,0,1,0,2
0;1;2;5;6,I;II;III;aVF;V1,4,0.8,1,0,1,0,2
0;1;2;5;6,I;II;III;aVF;V1,4,0.9,1,0,0,0,1
0;1;2;5;6;7,I;II;III;aVF;V1;V2,5,0.5,1,1,1,0,3
0;1;2;5;6;7,I;II;III;aVF;V1;V2,5,0.6,1,1,1,0,3
0;1;2;5;6;7,I;II;III;aVF;V1;V2,5,0.7,1,0,1,0,2
0;1;2;5;6;7,I;II;III;aVF;V1;V2,5,0.8,1,0,1,0,2
0;1;2;5;6;7,I;II;III;aVF;V1;V2,5,0.9,1,0,0,0,1
0;1;2;5;6;7;8,I;II;III;aVF;V1;V2;V3,6,0.5,1,1,1,0,3
0;1;2;5;6;7;8,I;II;III;aVF;V1;V2;V3,6,0.6,1,0,1,0,2
0;1;2;5;6;7;8,I;II;III;aVF;V1;V2;V3,6,0.7,1,0,1,0,2
0;1;2;5;6;7;8,I;II;III;aVF;V1;V2;V3,6,0.8,1,0,1,0,2
0;1;2;5;6;7;8,I;II;III;aVF;V1;V2;V3,6,0.9,1,0,0,0,1
0;1;2;5;6;7;8;9,I;II;III;aVF;V1;V2;V3;V4,7,0.5,1,1,1,0,3
0;1;2;5;6;7;8;9,I;II;III;aVF;V1;V2;V3;V4,7,0.6,1,0,1,0,2
0;1;2;5;6;7;8;9,I;II;III;aVF;V1;V2;V3;V4,7,0.7,1,0,1,0,2
0;1;2;5;6;7;8;9,I;II;III;aVF;V1;V2;V3;V4,7,0.8,1,0,1,0,2
0;1;2;5;6;7;8;9,I;II;III;aVF;V1;V2;V3;V4,7,0.9,1,0,0,0,1
0;1;2;5;6;7;8;9;10,I;II;III;aVF;V1;V2;V3;V4;V5,8,0.5,1,1,1,0,3
0;1;2;5;6;7;8;9;10,I;II;III;aVF;V1;V2;V3;V4;V5,8,0.6,1,0,1,0,2
0;1;2;5;6;7;8;9;10,I;II;III;aVF;V1;V2;V3;V4;V5,8,0.7,1,0,1,0,2
0;1;2;5;6;7;8;9;10,I;II;III;aVF;V1;V2;V3;V4;V5,8,0.8,1,0,1,0,2
0;1;2;5;6;7;8;9;10,I;II;III;aVF;V1;V2;V3;V4;V5,8,0.9,1,0,0,0,1
0;1;2;5;6;7;8;9;10;11,I;II;III;aVF;V1;V2;V3;V4;V5;V6,9,0.5,1,1,1,0,3
0;1;2;5;6;7;8;9;10;11,I;II;III;aVF;V1;V2;V3;V4;V5;V6,9,0.6,1,0,1,0,2
0;1;2;5;6;7;8;9;10;11,I;II;III;aVF;V1;V2;V3;V4;V5;V6,9,0.7,1,0,1,0,2
0;1;2;5;6;7;8;9;10;11,I;II;III;aVF;V1;V2;V3;V4;V5;V6,9,0.8,1,0,1,0,2
0;1;2;5;6;7;8;9;10;11,I;II;III;aVF;V1;V2;V3;V4;V5;V6,9,0.9,1,0,0,0,1
0;1;2;5;6;7;8;9;11,I;II;III;aVF;V1;V2;V3;V4;V6,8,0.5,1,1,1,0,3
0;1;2;5;6;7;8;9;11,I;II;III;aVF;V1;V2;V3;V4;V6,8,0.6,1,0,1,0,2
0;1;2;5;6;7;8;9;11,I;II;III;aVF;V1;V2;V3;V4;V6,8,0.7,1,0,1,0,2
0;1;2;5;6;7;8;9;11,I;II;III;aVF;V1;V2;V3;V4;V6,8,0.8,1,0,1,0,2
0;1;2;5;6;7;8;9;11,I;II;III;aVF;V1;V2;V3;V4;V6,8,0.9,1,0,0,0,1
0;1;2;5;6;7;8;10,I;II;III;aVF;V1;V2;V3;V5,7,0.5,1,1,1,0,3
0;1;2;5;6;7;8;10,I;II;III;aVF;V1;V2;V3;V5,7,0.6,1,0,1,0,2
0;1;2;5;6;7;8;10,I;II;III;aVF;V1;V2;V3;V5,7,0.7,1,0,1,0,2
0;1;2;5;6;7;8;10,I;II;III;aVF;V1;V2;V3;V5,7,0.8,1,0,1,0,2
0;1;2;5;6;7;8;10,I;II;III;aVF;V1;V2;V3;V5,7,0.9,1,0,0,0,1
0;1;2;5;6;7;8;10;11,I;II;III;aVF;V1;V2;V3;V5;V6,8,0.5,1,1,1,0,3
0;1;2;5;6;7;8;10;11,I;II;III;aVF;V1;V2;V3;V5;V6,8,0.6,1,0,1,0,2
0;1;2;5;6;7;8;10;11,I;II;III;aVF;V1;V2;V3;V5;V6,8,0.7,1,0,1,0,2
0;1;2;5;6;7;8;10;11,I;II;III;aVF;V1;V2;V3;V5;V6,8,0.8,1,0,1,0,2
0;1;2;5;6;7;8;10;11,I;II;III;aVF;V1;V2;V3;V5;V6,8,0.9,1,0,0,0,1
0;1;2;5;6;7;8;11,I;II;III;aVF;V1;V2;V3;V6,7,0.5,1,1,1,0,3
0;1;2;5;6;7;8;11,I;II;III;aVF;V1;V2;V3;V6,7,0.6,1,0,1,0,2
0;1;2;5;6;7;8;11,I;II;III;aVF;V1;V2;V3;V6,7,0.7,1,0,1,0,2
0;1;2;5;6;7;8;11,I;II;III;aVF;V1;V2;V3;V6,7,0.8,1,0,1,0,2
0;1;2;5;6;7;8;11,I;II;III;aVF;V1;V2;V3;V6,7,0.9,1,0,0,0,1
0;1;2;5;6;7;9,I;II;III;aVF;V1;V2;V4,6,0.5,1,1,1,0,3
0;1;2;5;6;7;9,I;II;III;aVF;V1;V2;V4,6,0.6,1,0,1,0,2
0;1;2;5;6;7;9,I;II;III;aVF;V1;V2;V4,6,0.7,1,0,1,0,2
0;1;2;5;6;7;9,I;II;III;aVF;V1;V2;V4,6,0.8,1,0,1,0,2
0;1;2;5;6;7;9,I;II;III;aVF;V1;V2;V4,6,0.9,1,0,0,0,1
0;1;2;5;6;7;9;10,I;II;III;aVF;V1;V2;V4;V5,7,0.5,1,1,1,0,3
0;1;2;5;6;7;9;10,I;II;III;aVF;V1;V2;V4;V5,7,0.6,1,0,1,0,2
0;1;2;5;6;7;9;10,I;II;III;aVF;V1;V2;V4;V5,7,0.7,1,0,1,0,2
0;1;2;5;6;7;9;10,I;II;III;aVF;V1;V2;V4;V5,7,0.8,1,0,1,0,2
0;1;2;5;6;7;9;10,I;II;III;aVF;V1;V2;V4;V5,7,0.9,1,0,0,0,1
0;1;2;5;6;7;9;10;11,I;II;III;aVF;V1;V2;V4;V5;V6,8,0.5,1,1,1,0,3
0;1;2;5;6;7;9;10;11,I;II;III;aVF;V1;V2;V4;V5;V6,8,0.6,1,0,1,0,2
0;1;2;5;6;7;9;10;11,I;II;III;aVF;V1;V2;V4;V5;V6,8,0.7,1,0,1,0,2
0;1;2;5;6;7;9;10;11,I;II;III;aVF;V1;V2;V4;V5;V6,8,0.8,1,0,1,0,2
0;1;2;5;6;7;9;10;11,I;II;III;aVF;V1;V2;V4;V5;V6,8,0.9,1,0,0,0,1
0;1;2;5;6;7;9;11,I;II;III;aVF;V1;V2;V4;V6,7,0.5,1,1,1,0,3
0;1;2;5;6;7;9;11,I;II;III;aVF;V1;V2;V4;V6,7,0.6,1,0,1,0,2
0;1;2;5;6;7;9;11,I;II;III;aVF;V1;V2;V4;V6,7,0.7,1,0,1,0,2
0;1;2;5;6;7;9;11,I;II;III;aVF;V1;V2;V4;V6,7,0.8,1,0,1,0,2
0;1;2;5;6;7;9;11,I;II;III;aVF;V1;V2;V4;V6,7,0.9,1,0,0,0,1
0;1;2;5;6;7;10,I;II;III;aVF;V1;V2;V5,6,0.5,1,1,1,0,3
0;1;2;5;6;7;10,I;II;III;aVF;V1;V2;V5,6,0.6,1,0,1,0,2
0;1;2;5;6;7;10,I;II;III;aVF;V1;V2;V5,6,0.7,1,0,1,0,2
0;1;2;5;6;7;10,I;II;III;aVF;V1;V2;V5,6,0.8,1,0,1,0,2
0;1;2;5;6;7;10,I;II;III;aVF;V1;V2;V5,6,0.9,1,0,0,0,1
0;1;2;5;6;7;10;11,I;II;III;aVF;V1;V2;V5;V6,7,0.5,1,1,1,0,3
0;1;2;5;6;7;10;11,I;II;III;aVF;V1;V2;V5;V6,7,0.6,1,0,1,0,2
0;1;2;5;6;7;10;11,I;II;III;aVF;V1;V2;V5;V6,7,0.7,1,0,1,0,2
0;1;2;5;6;7;10;11,I;II;III;aVF;V1;V2;V5;V6,7,0.8,1,0,1,0,2
0;1;2;5;6;7;10;11,I;II;III;aVF;V1;V2;V5;V6,7,0.9,1,0,0,0,1
0;1;2;5;6;7;11,I;II;III;aVF;V1;V2;V6,6,0.5,1,1,1,0,3
0;1;2;5;6;7;11,I;II;III;aVF;V1;V2;V6,6,0.6,1,0,1,0,2
0;1;2;5;6;7;11,I;II;III;aVF;V1;V2;V6,6,0.7,1,0,1,0,2
0;1;2;5;6;7;11,I;II;III;aVF;V1;V2;V6,6,0.8,1,0,1,0,2
0;1;2;5;6;7;11,I;II;III;aVF;V1;V2;V6,6,0.9,1,0,0,0,1
0;1;2;5;6;8,I;II;III;aVF;V1;V3,5,0.5,1,1,1,0,3
0;1;2;5;6;8,I;II;III;aVF;V1;V3,5,0.6,1,0,1,0,2
0;1;2;5;6;8,I;II;III;aVF;V1;V3,5,0.7,1,0,1,0,2
0;1;2;5;6;8,I;II;III;aVF;V1;V3,5,0.8,1,0,0,0,1
0;1;2;5;6;8,I;II;III;aVF;V1;V3,5,0.9,1,0,0,0,1
0;1;2;5;6;8;9,I;II;III;aVF;V1;V3;V4,6,0.5,1,1,1,0,3
0;1;2;5;6;8;9,I;II;III;aVF;V1;V3;V4,6,0.6,1,1,1,0,3
0;1;2;5;6;8;9,I;II;III;aVF;V1;V3;V4,6,0.7,1,0,1,0,2
0;1;2;5;6;8;9,I;II;III;aVF;V1;V3;V4,6,0.8,1,0,1,0,2
0;1;2;5;6;8;9,I;II;III;aVF;V1;V3;V4,6,0.9,1,0,0,0,1
0;1;2;5;6;8;9;10,I;II;III;aVF;V1;V3;V4;V5,7,0.5,1,1,1,0,3
0;1;2;5;6;8;9;10,I;II;III;aVF;V1;V3;V4;V5,7,0.6,1,0,1,0,2
0;1;2;5;6;8;9;10,I;II;III;aVF;V1;V3;V4;V5,7,0.7,1,0,1,0,2
0;1;2;5;6;8;9;10,I;II;III;aVF;V1;V3;V4;V5,7,0.8,1,0,1,0,2
0;1;2;5;6;8;9;10,I;II;III;aVF;V1;V3;V4;V5,7,0.9,1,0,0,0,1
0;1;2;5;6;8;9;10;11,I;II;III;aVF;V1;V3;V4;V5;V6,8,0.5,1,1,1,0,3
0;1;2;5;6;8;9;10;11,I;II;III;aVF;V1;V3;V4;V5;V6,8,0.6,1,0,1,0,2
0;1;2;5;6;8;9;10;11,I;II;III;aVF;V1;V3;V4;V5;V6,8,0.7,1,0,1,0,2
0;1;2;5;6;8;9;10;11,I;II;III;aVF;V1;V3;V4;V5;V6,8,0.8,1,0,1,0,2
0;1;2;5;6;8;9;10;11,I;II;III;aVF;V1;V3;V4;V5;V6,8,0.9,1,0,0,0,1
0;1;2;5;6;8;9;11,I;II;III;aVF;V1;V3;V4;V6,7,0.5,1,1,1,0,3
0;1;2;5;6;8;9;11,I;II;III;aVF;V1;V3;V4;V6,7,0.6,1,0,1,0,2
0;1;2;5;6;8;9;11,I;II;III;aVF;V1;V3;V4;V6,7,0.7,1,0,1,0,2
0;1;2;5;6;8;9;11,I;II;III;aVF;V1;V3;V4;V6,7,0.8,1,0,1,0,2
0;1;2;5;6;8;9;11,I;II;III;aVF;V1;V3;V4;V6,7,0.9,1,0,0,0,1
0;1;2;5;6;8;10,I;II;III;aVF;V1;V3;V5,6,0.5,1,1,1,0,3
0;1;2;5;6;8;10,I;II;III;aVF;V1;V3;V5,6,0.6,1,0,1,0,2
0;1;2;5;6;8;10,I;II;III;aVF;V1;V3;V5,6,0.7,1,0,1,0,2
0;1;2;5;6;8;10,I;II;III;aVF;V1;V3;V5,6,0.8,1,0,1,0,2
0;1;2;5;6;8;10,I;II;III;aVF;V1;V3;V5,6,0.9,1,0,0,0,1
0;1;2;5;6;8;10;11,I;II;III;aVF;V1;V3;V5;V6,7,0.5,1,1,1,0,3
0;1;2;5;6;8;10;11,I;II;III;aVF;V1;V3;V5;V6,7,0.6,1,0,1,0,2
0;1;2;5;6;8;10;11,I;II;III;aVF;V1;V3;V5;V6,7,0.7,1,0,1,0,2
0;1;2;5;6;8;10;11,I;II;III;aVF;V1;V3;V5;V6,7,0.8,1,0,1,0,2
0;1;2;5;6;8;10;11,I;II;III;aVF;V1;V3;V5;V6,7,0.9,1,0,0,0,1
0;1;2;5;6;8;11,I;II;III;aVF;V1;V3;V6,6,0.5,1,1,1,0,3
0;1;2;5;6;8;11,I;II;III;aVF;V1;V3;V6,6,0.6,1,0,1,0,2
0;1;2;5;6;8;11,I;II;III;aVF;V1;V3;V6,6,0.7,1,0,1,0,2
0;1;2;5;6;8;11,I;II;III;aVF;V1;V3;V6,6,0.8,1,0,1,0,2
0;1;2;5;6;8;11,I;II;III;aVF;V1;V3;V6,6,0.9,1,0,0,0,1
0;1;2;5;6;9,I;II;III;aVF;V1;V4,5,0.5,1,1,1,0,3
0;1;2;5;6;9,I;II;III;aVF;V1;V4,5,0.6,1,0,1,0,2
0;1;2;5;6;9,I;II;III;aVF;V1;V4,5,0.7,1,0,1,0,2
0;1;2;5;6;9,I;II;III;aVF;V1;V4,5,0.8,1,0,1,0,2
0;1;2;5;6;9,I;II;III;aVF;V1;V4,5,0.9,1,0,0,0,1
0;1;2;5;6;9;10,I;II;III;aVF;V1;V4;V5,6,0.5,1,1,1,0,3
0;1;2;5;6;9;10,I;II;III;aVF;V1;V4;V5,6,0.6,1,0,1,0,2
0;1;2;5;6;9;10,I;II;III;aVF;V1;V4;V5,6,0.7,1,0,1,0,2
0;1;2;5;6;9;10,I;II;III;aVF;V1;V4;V5,6,0.8,1,0,1,0,2
0;1;2;5;6;9;10,I;II;III;aVF;V1;V4;V5,6,0.9,1,0,0,0,1
0;1;2;5;6;9;10;11,I;II;III;aVF;V1;V4;V5;V6,7,0.5,1,1,1,0,3
0;1;2;5;6;9;10;11,I;II;III;aVF;V1;V4;V5;V6,7,0.6,1,0,1,0,2
0;1;2;5;6;9;10;11,I;II;III;aVF;V1;V4;V5;V6,7,0.7,1,0,1,0,2
0;1;2;5;6;9;10;11,I;II;III;aVF;V1;V4;V5;V6,7,0.8,1,0,1,0,2
0;1;2;5;6;9;10;11,I;II;III;aVF;V1;V4;V5;V6,7,0.9,1,0,0,0,1
0;1;2;5;6;9;11,I;II;III;aVF;V1;V4;V6,6,0.5,1,1,1,0,3
0;1;2;5;6;9;11,I;II;III;aVF;V1;V4;V6,6,0.6,1,0,1,0,2
0;1;2;5;6;9;11,I;II;III;aVF;V1;V4;V6,6,0.7,1,0,1,0,2
0;1;2;5;6;9;11,I;II;III;aVF;V1;V4;V6,6,0.8,1,0,1,0,2
0;1;2;5;6;9;11,I;II;III;aVF;V1;V4;V6,6,0.9,1,0,0,0,1
0;1;2;5;6;10,I;II;III;aVF;V1;V5,5,0.5,1,1,1,0,3
0;1;2;5;6;10,I;II;III;aVF;V1;V5,5,0.6,1,0,1,0,2
0;1;2;5;6;10,I;II;III;aVF;V1;V5,5,0.7,1,0,1,0,2
0;1;2;5;6;10,I;II;III;aVF;V1;V5,5,0.8,1,0,1,0,2
0;1;2;5;6;10,I;II;III;aVF;V1;V5,5,0.9,1,0,0,0,1
0;1;2;5;6;10;11,I;II;III;aVF;V1;V5;V6,6,0.5,1,1,1,0,3
0;1;2;5;6;10;11,I;II;III;aVF;V1;V5;V6,6,0.6,1,1,1,0,3
0;1;2;5;6;10;11,I;II;III;aVF;V1;V5;V6,6,0.7,1,0,1,0,2
0;1;2;5;6;10;11,I;II;III;aVF;V1;V5;V6,6,0.8,1,0,1,0,2
0;1;2;5;6;10;11,I;II;III;aVF;V1;V5;V6,6,0.9,1,0,0,0,1
0;1;2;5;6;11,I;II;III;aVF;V1;V6,5,0.5,1,1,1,0,3
0;1;2;5;6;11,I;II;III;aVF;V1;V6,5,0.6,1,1,1,0,3
0;1;2;5;6;11,I;II;III;aVF;V1;V6,5,0.7,1,0,1,0,2
0;1;2;5;6;11,I;II;III;aVF;V1;V6,5,0.8,1,0,1,0,2
0;1;2;5;6;11,I;II;III;aVF;V1;V6,5,0.9,1,0,0,0,1
0;1;2;5;7,I;II;III;aVF;V2,4,0.5,1,1,1,0,3
0;1;2;5;7,I;II;III;aVF;V2,4,0.6,1,0,1,0,2
0;1;2;5;7,I;II;III;aVF;V2,4,0.7,1,0,1,0,2
0;1;2;5;7,I;II;III;aVF;V2,4,0.8,1,0,1,0,2
0;1;2;5;7,I;II;III;aVF;V2,4,0.9,1,0,0,0,1
0;1;2;5;7;8,I;II;III;aVF;V2;V3,5,0.5,1,1,1,0,3
0;1;2;5;7;8,I;II;III;aVF;V2;V3,5,0.6,1,1,1,0,3
0;1;2;5;7;8,I;II;III;aVF;V2;V3,5,0.7,1,0,1,0,2
0;1;2;5;7;8,I;II;III;aVF;V2;V3,5,0.8,1,0,1,0,2
0;1;2;5;7;8,I;II;III;aVF;V2;V3,5,0.9,1,0,0,0,1
0;1;2;5;7;8;9,I;II;III;aVF;V2;V3;V4,6,0.5,1,1,1,0,3
0;1;2;5;7;8;9,I;II;III;aVF;V2;V3;V4,6,0.6,1,1,1,0,3
0;1;2;5;7;8;9,I;II;III;aVF;V2;V3;V4,6,0.7,1,0,1,0,2
0;1;2;5;7;8;9,I;II;III;aVF;V2;V3;V4,6,0.8,1,0,1,0,2
0;1;2;5;7;8;9,I;II;III;aVF;V2;V3;V4,6,0.9,1,0,0,0,1
0;1;2;5;7;8;9;10,I;II;III;aVF;V2;V3;V4;V5,7,0.5,1,1,1,0,3
0;1;2;5;7;8;9;10,I;II;III;aVF;V2;V3;V4;V5,7,0.6,1,1,1,0,3
0;1;2;5;7;8;9;10,I;II;III;aVF;V2;V3;V4;V5,7,0.7,1,0,1,0,2
0;1;2;5;7;8;9;10,I;II;III;aVF;V2;V3;V4;V5,7,0.8,1,0,1,0,2
0;1;2;5;7;8;9;10,I;II;III;aVF;V2;V3;V4;V5,7,0.9,1,0,0,0,1
0;1;2;5;7;8;9;10;11,I;II;III;aVF;V2;V3;V4;V5;V6,8,0.5,1,1,1,0,3
0;1;2;5;7;8;9;10;11,I;II;III;aVF;V2;V3;V4;V5;V6,8,0.6,1,0,1,0,2
0;1;2;5;7;8;9;10;11,I;II;III;aVF;V2;V3;V4;V5;V6,8,0.7,1,0,1,0,2
0;1;2;5;7;8;9;10;11,I;II;III;aVF;V2;V3;V4;V5;V6,8,0.8,1,0,0,0,1
0;1;2;5;7;8;9;10;11,I;II;III;aVF;V2;V3;V4;V5;V6,8,0.9,1,0,0,0,1
0;1;2;5;7;8;9;11,I;II;III;aVF;V2;V3;V4;V6,7,0.5,1,1,1,0,3
0;1;2;5;7;8;9;11,I;II;III;aVF;V2;V3;V4;V6,7,0.6,1,0,1,0,2
0;1;2;5;7;8;9;11,I;II;III;aVF;V2;V3;V4;V6,7,0.7,1,0,1,0,2
0;1;2;5;7;8;9;11,I;II;III;aVF;V2;V3;V4;V6,7,0.8,1,0,0,0,1
0;1;2;5;7;8;9;11,I;II;III;aVF;V2;V3;V4;V6,7,0.9,1,0,0,0,1
0;1;2;5;7;8;10,I;II;III;aVF;V2;V3;V5,6,0.5,1,1,1,0,3
0;1;2;5;7;8;10,I;II;III;aVF;V2;V3;V5,6,0.6,1,0,1,0,2
0;1;2;5;7;8;10,I;II;III;aVF;V2;V3;V5,6,0.7,1,0,1,0,2
0;1;2;5;7;8;10,I;II;III;aVF;V2;V3;V5,6,0.8,1,0,0,0,1
0;1;2;5;7;8;10,I;II;III;aVF;V2;V3;V5,6,0.9,1,0,0,0,1
0;1;2;5;7;8;10;11,I;II;III;aVF;V2;V3;V5;V6,7,0.5,1,1,1,0,3
0;1;2;5;7;8;10;11,I;II;III;aVF;V2;V3;V5;V6,7,0.6,1,1,1,0,3
0;1;2;5;7;8;10;11,I;II;III;aVF;V2;V3;V5;V6,7,0.7,1,0,1,0,2
0;1;2;5;7;8;10;11,I;II;III;aVF;V2;V3;V5;V6,7,0.8,1,0,0,0,1
0;1;2;5;7;8;10;11,I;II;III;aVF;V2;V3;V5;V6,7,0.9,1,0,0,0,1
0;1;2;5;7;8;11,I;II;III;aVF;V2;V3;V6,6,0.5,1,1,1,0,3
0;1;2;5;7;8;11,I;II;III;aVF;V2;V3;V6,6,0.6,1,1,1,0,3
0;1;2;5;7;8;11,I;II;III;aVF;V2;V3;V6,6,0.7,1,0,1,0,2
0;1;2;5;7;8;11,I;II;III;aVF;V2;V3;V6,6,0.8,1,0,0,0,1
0;1;2;5;7;8;11,I;II;III;aVF;V2;V3;V6,6,0.9,1,0,0,0,1
0;1;2;5;7;9,I;II;III;aVF;V2;V4,5,0.5,1,1,1,0,3
0;1;2;5;7;9,I;II;III;aVF;V2;V4,5,0.6,1,1,1,0,3
0;1;2;5;7;9,I;II;III;aVF;V2;V4,5,0.7,1,0,1,0,2
0;1;2;5;7;9,I;II;III;aVF;V2;V4,5,0.8,1,0,1,0,2
0;1;2;5;7;9,I;II;III;aVF;V2;V4,5,0.9,1,0,0,0,1
0;1;2;5;7;9;10,I;II;III;aVF;V2;V4;V5,6,0.5,1,1,1,0,3
0;1;2;5;7;9;10,I;II;III;aVF;V2;V4;V5,6,0.6,1,1,1,0,3
0;1;2;5;7;9;10,I;II;III;aVF;V2;V4;V5,6,0.7,1,0,1,0,2
0;1;2;5;7;9;10,I;II;III;aVF;V2;V4;V5,6,0.8,1,0,1,0,2
0;1;2;5;7;9;10,I;II;III;aVF;V2;V4;V5,6,0.9,1,0,0,0,1
0;1;2;5;7;9;10;11,I;II;III;aVF;V2;V4;V5;V6,7,0.5,1,1,1,0,3
0;1;2;5;7;9;10;11,I;II;III;aVF;V2;V4;V5;V6,7,0.6,1,0,1,0,2
0;1;2;5;7;9;10;11,I;II;III;aVF;V2;V4;V5;V6,7,0.7,1,0,1,0,2
0;1;2;5;7;9;10;11,I;II;III;aVF;V2;V4;V5;V6,7,0.8,1,0,0,0,1
0;1;2;5;7;9;10;11,I;II;III;aVF;V2;V4;V5;V6,7,0.9,1,0,0,0,1
0;1;2;5;7;9;11,I;II;III;aVF;V2;V4;V6,6,0.5,1,1,1,0,3
0;1;2;5;7;9;11,I;II;III;aVF;V2;V4;V6,6,0.6,1,0,1,0,2
0;1;2;5;7;9;11,I;II;III;aVF;V2;V4;V6,6,0.7,1,0,1,0,2
0;1;2;5;7;9;11,I;II;III;aVF;V2;V4;V6,6,0.8,1,0,0,0,1
0;1;2;5;7;9;11,I;II;III;aVF;V2;V4;V6,6,0.9,1,0,0,0,1
0;1;2;5;7;10,I;II;III;aVF;V2;V5,5,0.5,1,1,1,0,3
0;1;2;5;7;10,I;II;III;aVF;V2;V5,5,0.6,1,0,1,0,2
0;1;2;5;7;10,I;II;III;aVF;V2;V5,5,0.7,1,0,1,0,2
0;1;2;5;7;10,I;II;III;aVF;V2;V5,5,0.8,1,0,0,0,1
0;1;2;5;7;10,I;II;III;aVF;V2;V5,5,0.9,1,0,0,0,1
0;1;2;5;7;10;11,I;II;III;aVF;V2;V5;V6,6,0.5,1,1,1,0,3
0;1;2;5;7;10;11,I;II;III;aVF;V2;V5;V6,6,0.6,1,0,1,0,2
0;1;2;5;7;10;11,I;II;III;aVF;V2;V5;V6,6,0.7,1,0,1,0,2
0;1;2;5;7;10;11,I;II;III;aVF;V2;V5;V6,6,0.8,1,0,0,0,1
0;1;2;5;7;10;11,I;II;III;aVF;V2;V5;V6,6,0.9,1,0,0,0,1
0;1;2;5;7;11,I;II;III;aVF;V2;V6,5,0.5,1,1,1,0,3
0;1;2;5;7;11,I;II;III;aVF;V2;V6,5,0.6,1,0,1,0,2
0;1;2;5;7;11,I;II;III;aVF;V2;V6,5,0.7,1,0,1,0,2
0;1;2;5;7;11,I;II;III;aVF;V2;V6,5,0.8,1,0,1,0,2
0;1;2;5;7;11,I;II;III;aVF;V2;V6,5,0.9,1,0,0,0,1
0;1;2;5;8,I;II;III;aVF;V3,4,0.5,1,1,1,0,3
0;1;2;5;8,I;II;III;aVF;V3,4,0.6,1,1,1,0,3
0;1;2;5;8,I;II;III;aVF;V3,4,0.7,1,0,1,0,2
0;1;2;5;8,I;II;III;aVF;V3,4,0.8,1,0,0,0,1
0;1;2;5;8,I;II;III;aVF;V3,4,0.9,1,0,0,0,1
0;1;2;5;8;9,I;II;III;aVF;V3;V4,5,0.5,1,1,1,0,3
0;1;2;5;8;9,I;II;III;aVF;V3;V4,5,0.6,1,1,1,0,3
0;1;2;5;8;9,I;II;III;aVF;V3;V4,5,0.7,1,0,1,0,2
0;1;2;5;8;9,I;II;III;aVF;V3;V4,5,0.8,1,0,1,0,2
0;1;2;5;8;9,I;II;III;aVF;V3;V4,5,0.9,1,0,0,0,1
0;1;2;5;8;9;10,I;II;III;aVF;V3;V4;V5,6,0.5,1,1,1,0,3
0;1;2;5;8;9;10,I;II;III;aVF;V3;V4;V5,6,0.6,1,0,1,0,2
0;1;2;5;8;9;10,I;II;III;aVF;V3;V4;V5,6,0.7,1,0,1,0,2
0;1;2;5;8;9;10,I;II;III;aVF;V3;V4;V5,6,0.8,1,0,0,0,1
0;1;2;5;8;9;10,I;II;III;aVF;V3;V4;V5,6,0.9,1,0,0,0,1
0;1;2;5;8;9;10;11,I;II;III;aVF;V3;V4;V5;V6,7,0.5,1,1,1,0,3
0;1;2;5;8;9;10;11,I;II;III;aVF;V3;V4;V5;V6,7,0.6,1,0,1,0,2
0;1;2;5;8;9;10;11,I;II;III;aVF;V3;V4;V5;V6,7,0.7,1,0,1,0,2
0;1;2;5;8;9;10;11,I;II;III;aVF;V3;V4;V5;V6,7,0.8,1,0,0,0,1
0;1;2;5;8;9;10;11,I;II;III;aVF;V3;V4;V5;V6,7,0.9,1,0,0,0,1
0;1;2;5;8;9;11,I;II;III;aVF;V3;V4;V6,6,0.5,1,1,1,0,3
0;1;2;5;8;9;11,I;II;III;aVF;V3;V4;V6,6,0.6,1,0,1,0,2
0;1;2;5;8;9;11,I;II;III;aVF;V3;V4;V6,6,0.7,1,0,1,0,2
0;1;2;5;8;9;11,I;II;III;aVF;V3;V4;V6,6,0.8,1,0,0,0,1
0;1;2;5;8;9;11,I;II;III;aVF;V3;V4;V6,6,0.9,1,0,0,0,1
0;1;2;5;8;10,I;II;III;aVF;V3;V5,5,0.5,1,1,1,0,3
0;1;2;5;8;10,I;II;III;aVF;V3;V5,5,0.6,1,0,1,0,2
0;1;2;5;8;10,I;II;III;aVF;V3;V5,5,0.7,1,0,1,0,2
0;1;2;5;8;10,I;II;III;aVF;V3;V5,5,0.8,1,0,0,0,1
0;1;2;5;8;10,I;II;III;aVF;V3;V5,5,0.9,1,0,0,0,1
0;1;2;5;8;10;11,I;II;III;aVF;V3;V5;V6,6,0.5,1,1,1,0,3
0;1;2;5;8;10;11,I;II;III;aVF;V3;V5;V6,6,0.6,1,0,1,0,2
0;1;2;5;8;10;11,I;II;III;aVF;V3;V5;V6,6,0.7,1,0,1,0,2
0;1;2;5;8;10;11,I;II;III;aVF;V3;V5;V6,6,0.8,1,0,0,0,1
0;1;2;5;8;10;11,I;II;III;aVF;V3;V5;V6,6,0.9,1,0,0,0,1
0;1;2;5;8;11,I;II;III;aVF;V3;V6,5,0.5,1,1,1,0,3
0;1;2;5;8;11,I;II;III;aVF;V3;V6,5,0.6,1,0,1,0,2
0;1;2;5;8;11,I;II;III;aVF;V3;V6,5,0.7,1,0,1,0,2
0;1;2;5;8;11,I;II;III;aVF;V3;V6,5,0.8,1,0,0,0,1
0;1;2;5;8;11,I;II;III;aVF;V3;V6,5,0.9,1,0,0,0,1
0;1;2;5;9,I;II;III;aVF;V4,4,0.5,1,1,1,0,3
0;1;2;5;9,I;II;III;aVF;V4,4,0.6,1,0,1,0,2
0;1;2;5;9,I;II;III;aVF;V4,4,0.7,1,0,1,0,2
0;1;2;5;9,I;II;III;aVF;V4,4,0.8,1,0,1,0,2
0;1;2;5;9,I;II;III;aVF;V4,4,0.9,1,0,0,0,1
0;1;2;5;9;10,I;II;III;aVF;V4;V5,5,0.5,1,1,1,0,3
0;1;2;5;9;10,I;II;III;aVF;V4;V5,5,0.6,1,0,1,0,2
0;1;2;5;9;10,I;II;III;aVF;V4;V5,5,0.7,1,0,1,0,2
0;1;2;5;9;10,I;II;III;aVF;V4;V5,5,0.8,1,0,0,0,1
0;1;2;5;9;10,I;II;III;aVF;V4;V5,5,0.9,1,0,0,0,1
0;1;2;5;9;10;11,I;II;III;aVF;V4;V5;V6,6,0.5,1,1,1,0,3
0;1;2;5;9;10;11,I;II;III;aVF;V4;V5;V6,6,0.6,1,0,1,0,2
0;1;2;5;9;10;11,I;II;III;aVF;V4;V5;V6,6,0.7,1,0,1,0,2
0;1;2;5;9;10;11,I;II;III;aVF;V4;V5;V6,6,0.8,1,0,0,0,1
0;1;2;5;9;10;11,I;II;III;aVF;V4;V5;V6,6,0.9,1,0,0,0,1
0;1;2;5;9;11,I;II;III;aVF;V4;V6,5,0.5,1,1,1,0,3
0;1;2;5;9;11,I;II;III;aVF;V4;V6,5,0.6,1,0,1,0,2
0;1;2;5;9;11,I;II;III;aVF;V4;V6,5,0.7,1,0,1,0,2
0;1;2;5;9;11,I;II;III;aVF;V4;V6,5,0.8,1,0,1,0,2
0;1;2;5;9;11,I;II;III;aVF;V4;V6,5,0.9,1,0,0,0,1
0;1;2;5;10,I;II;III;aVF;V5,4,0.5,1,1,1,0,3
0;1;2;5;10,I;II;III;aVF;V5,4,0.6,1,1,1,0,3
0;1;2;5;10,I;II;III;aVF;V5,4,0.7,1,0,1,0,2
0;1;2;5;10,I;II;III;aVF;V5,4,0.8,1,0,0,0,1
0;1;2;5;10,I;II;III;aVF;V5,4,0.9,1,0,0,0,1
0;1;2;5;10;11,I;II;III;aVF;V5;V6,5,0.5,1,1,1,0,3
0;1;2;5;10;11,I;II;III;aVF;V5;V6,5,0.6,1,0,1,0,2
0;1;2;5;10;11,I;II;III;aVF;V5;V6,5,0.7,1,0,1,0,2
0;1;2;5;10;11,I;II;III;aVF;V5;V6,5,0.8,1,0,0,0,1
0;1;2;5;10;11,I;II;III;aVF;V5;V6,5,0.9,1,0,0,0,1
0;1;2;5;11,I;II;III;aVF;V6,4,0.5,1,1,1,0,3
0;1;2;5;11,I;II;III;aVF;V6,4,0.6,1,1,1,0,3
0;1;2;5;11,I;II;III;aVF;V6,4,0.7,1,0,1,0,2
0;1;2;5;11,I;II;III;aVF;V6,4,0.8,1,0,0,0,1
0;1;2;5;11,I;II;III;aVF;V6,4,0.9,1,0,0,0,1
0;1;2;6,I;II;III;V1,4,0.5,1,1,1,0,3
0;1;2;6,I;II;III;V1,4,0.6,1,1,1,0,3
0;1;2;6,I;II;III;V1,4,0.7,1,0,1,0,2
0;1;2;6,I;II;III;V1,4,0.8,1,0,1,0,2
0;1;2;6,I;II;III;V1,4,0.9,1,0,0,0,1
0;1;2;6;7,I;II;III;V1;V2,5,0.5,1,1,1,0,3
0;1;2;6;7,I;II;III;V1;V2,5,0.6,1,1,1,0,3
0;1;2;6;7,I;II;III;V1;V2,5,0.7,1,0,1,0,2
0;1;2;6;7,I;II;III;V1;V2,5,0.8,1,0,1,0,2
0;1;2;6;7,I;II;III;V1;V2,5,0.9,1,0,0,0,1
0;1;2;6;7;8,I;II;III;V1;V2;V3,6,0.5,1,1,1,0,3
0;1;2;6;7;8,I;II;III;V1;V2;V3,6,0.6,1,1,1,0,3
0;1;2;6;7;8,I;II;III;V1;V2;V3,6,0.7,1,0,1,0,2
0;1;2;6;7;8,I;II;III;V1;V2;V3,6,0.8,1,0,1,0,2
0;1;2;6;7;8,I;II;III;V1;V2;V3,6,0.9,1,0,0,0,1
0;1;2;6;7;8;9,I;II;III;V1;V2;V3;V4,7,0.5,1,1,1,0,3
0;1;2;6;7;8;9,I;II;III;V1;V2;V3;V4,7,0.6,1,0,1,0,2
0;1;2;6;7;8;9,I;II;III;V1;V2;V3;V4,7,0.7,1,0,1,0,2
0;1;2;6;7;8;9,I;II;III;V1;V2;V3;V4,7,0.8,1,0,1,0,2
0;1;2;6;7;8;9,I;II;III;V1;V2;V3;V4,7,0.9,1,0,0,0,1
0;1;2;6;7;8;9;10,I;II;III;V1;V2;V3;V4;V5,8,0.5,1,1,1,0,3
0;1;2;6;7;8;9;10,I;II;III;V1;V2;V3;V4;V5,8,0.6,1,0,1,0,2
0;1;2;6;7;8;9;10,I;II;III;V1;V2;V3;V4;V5,8,0.7,1,0,1,0,2
0;1;2;6;7;8;9;10,I;II;III;V1;V2;V3;V4;V5,8,0.8,1,0,1,0,2
0;1;2;6;7;8;9;10,I;II;III;V1;V2;V3;V4;V5,8,0.9,1,0,0,0,1
0;1;2;6;7;8;9;10;11,I;II;III;V1;V2;V3;V4;V5;V6,9,0.5,1,1,1,0,3
0;1;2;6;7;8;9;10;11,I;II;III;V1;V2;V3;V4;V5;V6,9,0.6,1,0,1,0,2
0;1;2;6;7;8;9;10;11,I;II;III;V1;V2;V3;V4;V5;V6,9,0.7,1,0,1,0,2
0;1;2;6;7;8;9;10;11,I;II;III;V1;V2;V3;V4;V5;V6,9,0.8,1,0,1,0,2
0;1;2;6;7;8;9;10;11,I;II;III;V1;V2;V3;V4;V5;V6,9,0.9,1,0,0,0,1
0;1;2;6;7;8;9;11,I;II;III;V1;V2;V3;V4;V6,8,0.5,1,1,1,0,3
0;1;2;6;7;8;9;11,I;II;III;V1;V2;V3;V4;V6,8,0.6,1,0,1,0,2
0;1;2;6;7;8;9;11,I;II;III;V1;V2;V3;V4;V6,8,0.7,1,0,1,0,2
0;1;2;6;7;8;9;11,I;II;III;V1;V2;V3;V4;V6,8,0.8,1,0,1,0,2
0;1;2;6;7;8;9;11,I;II;III;V1;V2;V3;V4;V6,8,0.9,1,0,0,0,1
0;1;2;6;7;8;10,I;II;III;V1;V2;V3;V5,7,0.5,1,1,1,0,3
0;1;2;6;7;8;10,I;II;III;V1;V2;V3;V5,7,0.6,1,0,1,0,2
0;1;2;6;7;8;10,I;II;III;V1;V2;V3;V5,7,0.7,1,0,1,0,2
0;1;2;6;7;8;10,I;II;III;V1;V2;V3;V5,7,0.8,1,0,1,0,2
0;1;2;6;7;8;10,I;II;III;V1;V2;V3;V5,7,0.9,1,0,0,0,1
0;1;2;6;7;8;10;11,I;II;III;V1;V2;V3;V5;V6,8,0.5,1,1,1,0,3
0;1;2;6;7;8;10;11,I;II;III;V1;V2;V3;V5;V6,8,0.6,1,0,1,0,2
0;1;2;6;7;8;10;11,I;II;III;V1;V2;V3;V5;V6,8,0.7,1,0,1,0,2
0;1;2;6;7;8;10;11,I;II;III;V1;V2;V3;V5;V6,8,0.8,1,0,1,0,2
0;1;2;6;7;8;10;11,I;II;III;V1;V2;V3;V5;V6,8,0.9,1,0,0,0,1
0;1;2;6;7;8;11,I;II;III;V1;V2;V3;V6,7,0.5,1,1,1,0,3
0;1;2;6;7;8;11,I;II;III;V1;V2;V3;V6,7,0.6,1,0,1,0,2
0;1;2;6;7;8;11,I;II;III;V1;V2;V3;V6,7,0.7,1,0,1,0,2
0;1;2;6;7;8;11,I;II;III;V1;V2;V3;V6,7,0.8,1,0,1,0,2
0;1;2;6;7;8;11,I;II;III;V1;V2;V3;V6,7,0.9,1,0,0,0,1
0;1;2;6;7;9,I;II;III;V1;V2;V4,6,0.5,1,1,1,0,3
0;1;2;6;7;9,I;II;III;V1;V2;V4,6,0.6,1,0,1,0,2
0;1;2;6;7;9,I;II;III;V1;V2;V4,6,0.7,1,0,1,0,2
0;1;2;6;7;9,I;II;III;V1;V2;V4,6,0.8,1,0,1,0,2
0;1;2;6;7;9,I;II;III;V1;V2;V4,6,0.9,1,0,0,0,1
0;1;2;6;7;9;10,I;II;III;V1;V2;V4;V5,7,0.5,1,1,1,0,3
0;1;2;6;7;9;10,I;II;III;V1;V2;V4;V5,7,0.6,1,0,1,0,2
0;1;2;6;7;9;10,I;II;III;V1;V2;V4;V5,7,0.7,1,0,1,0,2
0;1;2;6;7;9;10,I;II;III;V1;V2;V4;V5,7,0.8,1,0,1,0,2
0;1;2;6;7;9;10,I;II;III;V1;V2;V4;V5,7,0.9,1,0,0,0,1
0;1;2;6;7;9;10;11,I;II;III;V1;V2;V4;V5;V6,8,0.5,1,1,1,0,3
0;1;2;6;7;9;10;11,I;II;III;V1;V2;V4;V5;V6,8,0.6,1,0,1,0,2
0;1;2;6;7;9;10;11,I;II;III;V1;V2;V4;V5;V6,8,0.7,1,0,1,0,2
0;1;2;6;7;9;10;11,I;II;III;V1;V2;V4;V5;V6,8,0.8,1,0,1,0,2
0;1;2;6;7;9;10;11,I;II;III;V1;V2;V4;V5;V6,8,0.9,1,0,0,0,1
0;1;2;6;7;9;11,I;II;III;V1;V2;V4;V6,7,0.5,1,1,1,0,3
0;1;2;6;7;9;11,I;II;III;V1;V2;V4;V6,7,0.6,1,0,1,0,2
0;1;2;6;7;9;11,I;II;III;V1;V2;V4;V6,7,0.7,1,0,1,0,2
0;1;2;6;7;9;11,I;II;III;V1;V2;V4;V6,7,0.8,1,0,1,0,2
0;1;2;6;7;9;11,I;II;III;V1;V2;V4;V6,7,0.9,1,0,0,0,1
0;1;2;6;7;10,I;II;III;V1;V2;V5,6,0.5,1,1,1,0,3
0;1;2;6;7;10,I;II;III;V1;V2;V5,6,0.6,1,0,1,0,2
0;1;2;6;7;10,I;II;III;V1;V2;V5,6,0.7,1,0,1,0,2
0;1;2;6;7;10,I;II;III;V1;V2;V5,6,0.8,1,0,1,0,2
0;1;2;6;7;10,I;II;III;V1;V2;V5,6,0.9,1,0,0,0,1
0;1;2;6;7;10;11,I;II;III;V1;V2;V5;V6,7,0.5,1,1,1,0,3
0;1;2;6;7;10;11,I;II;III;V1;V2;V5;V6,7,0.6,1,0,1,0,2
0;1;2;6;7;10;11,I;II;III;V1;V2;V5;V6,7,0.7,1,0,1,0,2
0;1;2;6;7;10;11,I;II;III;V1;V2;V5;V6,7,0.8,1,0,1,0,2
0;1;2;6;7;10;11,I;II;III;V1;V2;V5;V6,7,0.9,1,0,0,0,1
0;1;2;6;7;11,I;II;III;V1;V2;V6,6,0.5,1,1,1,0,3
0;1;2;6;7;11,I;II;III;V1;V2;V6,6,0.6,1,0,1,0,2
0;1;2;6;7;11,I;II;III;V1;V2;V6,6,0.7,1,0,1,0,2
0;1;2;6;7;11,I;II;III;V1;V2;V6,6,0.8,1,0,1,0,2
0;1;2;6;7;11,I;II;III;V1;V2;V6,6,0.9,1,0,0,0,1
0;1;2;6;8,I;II;III;V1;V3,5,0.5,1,1,1,0,3
0;1;2;6;8,I;II;III;V1;V3,5,0.6,1,0,1,0,2
0;1;2;6;8,I;II;III;V1;V3,5,0.7,1,0,1,0,2
0;1;2;6;8,I;II;III;V1;V3,5,0.8,1,0,1,0,2
0;1;2;6;8,I;II;III;V1;V3,5,0.9,1,0,0,0,1
0;1;2;6;8;9,I;II;III;V1;V3;V4,6,0.5,1,1,1,0,3
0;1;2;6;8;9,I;II;III;V1;V3;V4,6,0.6,1,0,1,0,2
0;1;2;6;8;9,I;II;III;V1;V3;V4,6,0.7,1,0,1,0,2
0;1;2;6;8;9,I;II;III;V1;V3;V4,6,0.8,1,0,1,0,2
0;1;2;6;8;9,I;II;III;V1;V3;V4,6,0.9,1,0,0,0,1
0;1;2;6;8;9;10,I;II;III;V1;V3;V4;V5,7,0.5,1,1,1,0,3
0;1;2;6;8;9;10,I;II;III;V1;V3;V4;V5,7,0.6,1,0,1,0,2
0;1;2;6;8;9;10,I;II;III;V1;V3;V4;V5,7,0.7,1,0,1,0,2
0;1;2;6;8;9;10,I;II;III;V1;V3;V4;V5,7,0.8,1,0,1,0,2
0;1;2;6;8;9;10,I;II;III;V1;V3;V4;V5,7,0.9,1,0,0,0,1
0;1;2;6;8;9;10;11,I;II;III;V1;V3;V4;V5;V6,8,0.5,1,1,1,0,3
0;1;2;6;8;9;10;11,I;II;III;V1;V3;V4;V5;V6,8,0.6,1,0,1,0,2
0;1;2;6;8;9;10;11,I;II;III;V1;V3;V4;V5;V6,8,0.7,1,0,1,0,2
0;1;2;6;8;9;10;11,I;II;III;V1;V3;V4;V5;V6,8,0.8,1,0,1,0,2
0;1;2;6;8;9;10;11,I;II;III;V1;V3;V4;V5;V6,8,0.9,1,0,0,0,1
0;1;2;6;8;9;11,I;II;III;V1;V3;V4;V6,7,0.5,1,1,1,0,3
0;1;2;6;8;9;11,I;II;III;V1;V3;V4;V6,7,0.6,1,0,1,0,2
0;1;2;6;8;9;11,I;II;III;V1;V3;V4;V6,7,0.7,1,0,1,0,2
0;1;2;6;8;9;11,I;II;III;V1;V3;V4;V6,7,0.8,1,0,1,0,2
0;1;2;6;8;9;11,I;II;III;V1;V3;V4;V6,7,0.9,1,0,0,0,1
0;1;2;6;8;10,I;II;III;V1;V3;V5,6,0.5,1,1,1,0,3
0;1;2;6;8;10,I;II;III;V1;V3;V5,6,0.6,1,0,1,0,2
0;1;2;6;8;10,I;II;III;V1;V3;V5,6,0.7,1,0,1,0,2
0;1;2;6;8;10,I;II;III;V1;V3;V5,6,0.8,1,0,1,0,2
0;1;2;6;8;10,I;II;III;V1;V3;V5,6,0.9,1,0,0,0,1
0;1;2;6;8;10;11,I;II;III;V1;V3;V5;V6,7,0.5,1,1,1,0,3
0;1;2;6;8;10;11,I;II;III;V1;V3;V5;V6,7,0.6,1,0,1,0,2
0;1;2;6;8;10;11,I;II;III;V1;V3;V5;V6,7,0.7,1,0,1,0,2
0;1;2;6;8;10;11,I;II;III;V1;V3;V5;V6,7,0.8,1,0,1,0,2
0;1;2;6;8;10;11,I;II;III;V1;V3;V5;V6,7,0.9,1,0,0,0,1
0;1;2;6;8;11,I;II;III;V1;V3;V6,6,0.5,1,1,1,0,3
0;1;2;6;8;11,I;II;III;V1;V3;V6,6,0.6,1,0,1,0,2
0;1;2;6;8;11,I;II;III;V1;V3;V6,6,0.7,1,0,1,0,2
0;1;2;6;8;11,I;II;III;V1;V3;V6,6,0.8,1,0,1,0,2
0;1;2;6;8;11,I;II;III;V1;V3;V6,6,0.9,1,0,0,0,1
0;1;2;6;9,I;II;III;V1;V4,5,0.5,1,1,1,0,3
0;1;2;6;9,I;II;III;V1;V4,5,0.6,1,0,1,0,2
0;1;2;6;9,I;II;III;V1;V4,5,0.7,1,0,1,0,2
0;1;2;6;9,I;II;III;V1;V4,5,0.8,1,0,1,0,2
0;1;2;6;9,I;II;III;V1;V4,5,0.9,1,0,0,0,1
0;1;2;6;9;10,I;II;III;V1;V4;V5,6,0.5,1,1,1,0,3
0;1;2;6;9;10,I;II;III;V1;V4;V5,6,0.6,1,0,1,0,2
0;1;2;6;9;10,I;II;III;V1;V4;V5,6,0.7,1,0,1,0,2
0;1;2;6;9;10,I;II;III;V1;V4;V5,6,0.8,1,0,1,0,2
0;1;2;6;9;10,I;II;III;V1;V4;V5,6,0.9,1,0,0,0,1
0;1;2;6;9;10;11,I;II;III;V1;V4;V5;V6,7,0.5,1,1,1,0,3
0;1;2;6;9;10;11,I;II;III;V1;V4;V5;V6,7,0.6,1,0,1,0,2
0;1;2;6;9;10;11,I;II;III;V1;V4;V5;V6,7,0.7,1,0,1,0,2
0;1;2;6;9;10;11,I;II;III;V1;V4;V5;V6,7,0.8,1,0,1,0,2
0;1;2;6;9;10;11,I;II;III;V1;V4;V5;V6,7,0.9,1,0,0,0,1
0;1;2;6;9;11,I;II;III;V1;V4;V6,6,0.5,1,1,1,0,3
0;1;2;6;9;11,I;II;III;V1;V4;V6,6,0.6,1,0,1,0,2
0;1;2;6;9;11,I;II;III;V1;V4;V6,6,0.7,1,0,1,0,2
0;1;2;6;9;11,I;II;III;V1;V4;V6,6,0.8,1,0,1,0,2
0;1;2;6;9;11,I;II;III;V1;V4;V6,6,0.9,1,0,0,0,1
0;1;2;6;10,I;II;III;V1;V5,5,0.5,1,1,1,0,3
0;1;2;6;10,I;II;III;V1;V5,5,0.6,1,0,1,0,2
0;1;2;6;10,I;II;III;V1;V5,5,0.7,1,0,1,0,2
0;1;2;6;10,I;II;III;V1;V5,5,0.8,1,0,1,0,2
0;1;2;6;10,I;II;III;V1;V5,5,0.9,1,0,0,0,1
0;1;2;6;10;11,I;II;III;V1;V5;V6,6,0.5,1,1,1,0,3
0;1;2;6;10;11,I;II;III;V1;V5;V6,6,0.6,1,1,1,0,3
0;1;2;6;10;11,I;II;III;V1;V5;V6,6,0.7,1,0,1,0,2
0;1;2;6;10;11,I;II;III;V1;V5;V6,6,0.8,1,0,1,0,2
0;1;2;6;10;11,I;II;III;V1;V5;V6,6,0.9,1,0,0,0,1
0;1;2;6;11,I;II;III;V1;V6,5,0.5,1,1,1,0,3
0;1;2;6;11,I;II;III;V1;V6,5,0.6,1,1,1,0,3
0;1;2;6;11,I;II;III;V1;V6,5,0.7,1,0,1,0,2
0;1;2;6;11,I;II;III;V1;V6,5,0.8,1,0,1,0,2
0;1;2;6;11,I;II;III;V1;V6,5,0.9,1,0,0,0,1
0;1;2;7,I;II;III;V2,4,0.5,1,1,1,0,3
0;1;2;7,I;II;III;V2,4,0.6,1,0,1,0,2
0;1;2;7,I;II;III;V2,4,0.7,1,0,1,0,2
0;1;2;7,I;II;III;V2,4,0.8,1,0,1,0,2
0;1;2;7,I;II;III;V2,4,0.9,1,0,0,0,1
0;1;2;7;8,I;II;III;V2;V3,5,0.5,1,1,1,0,3
0;1;2;7;8,I;II;III;V2;V3,5,0.6,1,1,1,0,3
0;1;2;7;8,I;II;III;V2;V3,5,0.7,1,0,1,0,2
0;1;2;7;8,I;II;III;V2;V3,5,0.8,1,0,1,0,2
0;1;2;7;8,I;II;III;V2;V3,5,0.9,1,0,0,0,1
0;1;2;7;8;9,I;II;III;V2;V3;V4,6,0.5,1,1,1,0,3
0;1;2;7;8;9,I;II;III;V2;V3;V4,6,0.6,1,1,1,0,3
0;1;2;7;8;9,I;II;III;V2;V3;V4,6,0.7,1,0,1,0,2
0;1;2;7;8;9,I;II;III;V2;V3;V4,6,0.8,1,0,1,0,2
0;1;2;7;8;9,I;II;III;V2;V3;V4,6,0.9,1,0,0,0,1
0;1;2;7;8;9;10,I;II;III;V2;V3;V4;V5,7,0.5,1,1,1,0,3
0;1;2;7;8;9;10,I;II;III;V2;V3;V4;V5,7,0.6,1,1,1,0,3
0;1;2;7;8;9;10,I;II;III;V2;V3;V4;V5,7,0.7,1,0,1,0,2
0;1;2;7;8;9;10,I;II;III;V2;V3;V4;V5,7,0.8,1,0,0,0,1
0;1;2;7;8;9;10,I;II;III;V2;V3;V4;V5,7,0.9,1,0,0,0,1
0;1;2;7;8;9;10;11,I;II;III;V2;V3;V4;V5;V6,8,0.5,1,1,1,0,3
0;1;2;7;8;9;10;11,I;II;III;V2;V3;V4;V5;V6,8,0.6,1,1,1,0,3
0;1;2;7;8;9;10;11,I;II;III;V2;V3;V4;V5;V6,8,0.7,1,0,1,0,2
0;1;2;7;8;9;10;11,I;II;III;V2;V3;V4;V5;V6,8,0.8,1,0,0,0,1
0;1;2;7;8;9;10;11,I;II;III;V2;V3;V4;V5;V6,8,0.9,1,0,0,0,1
0;1;2;7;8;9;11,I;II;III;V2;V3;V4;V6,7,0.5,1,1,1,0,3
0;1;2;7;8;9;11,I;II;III;V2;V3;V4;V6,7,0.6,1,0,1,0,2
0;1;2;7;8;9;11,I;II;III;V2;V3;V4;V6,7,0.7,1,0,1,0,2
0;1;2;7;8;9;11,I;II;III;V2;V3;V4;V6,7,0.8,1,0,0,0,1
0;1;2;7;8;9;11,I;II;III;V2;V3;V4;V6,7,0.9,1,0,0,0,1
0;1;2;7;8;10,I;II;III;V2;V3;V5,6,0.5,1,1,1,0,3
0;1;2;7;8;10,I;II;III;V2;V3;V5,6,0.6,1,0,1,0,2
0;1;2;7;8;10,I;II;III;V2;V3;V5,6,0.7,1,0,1,0,2
0;1;2;7;8;10,I;II;III;V2;V3;V5,6,0.8,1,0,0,0,1
0;1;2;7;8;10,I;II;III;V2;V3;V5,6,0.9,1,0,0,0,1
0;1;2;7;8;10;11,I;II;III;V2;V3;V5;V6,7,0.5,1,1,1,0,3
0;1;2;7;8;10;11,I;II;III;V2;V3;V5;V6,7,0.6,1,0,1,0,2
0;1;2;7;8;10;11,I;II;III;V2;V3;V5;V6,7,0.7,1,0,1,0,2
0;1;2;7;8;10;11,I;II;III;V2;V3;V5;V6,7,0.8,1,0,0,0,1
0;1;2;7;8;10;11,I;II;III;V2;V3;V5;V6,7,0.9,1,0,0,0,1
0;1;2;7;8;11,I;II;III;V2;V3;V6,6,0.5,1,1,1,0,3
0;1;2;7;8;11,I;II;III;V2;V3;V6,6,0.6,1,1,1,0,3
0;1;2;7;8;11,I;II;III;V2;V3;V6,6,0.7,1,0,1,0,2
0;1;2;7;8;11,I;II;III;V2;V3;V6,6,0.8,1,0,0,0,1
0;1;2;7;8;11,I;II;III;V2;V3;V6,6,0.9,1,0,0,0,1
0;1;2;7;9,I;II;III;V2;V4,5,0.5,1,1,1,0,3
0;1;2;7;9,I;II;III;V2;V4,5,0.6,1,1,1,0,3
0;1;2;7;9,I;II;III;V2;V4,5,0.7,1,0,1,0,2
0;1;2;7;9,I;II;III;V2;V4,5,0.8,1,0,1,0,2
0;1;2;7;9,I;II;III;V2;V4,5,0.9,1,0,0,0,1
0;1;2;7;9;10,I;II;III;V2;V4;V5,6,0.5,1,1,1,0,3
0;1;2;7;9;10,I;II;III;V2;V4;V5,6,0.6,1,1,1,0,3
0;1;2;7;9;10,I;II;III;V2;V4;V5,6,0.7,1,0,1,0,2
0;1;2;7;9;10,I;II;III;V2;V4;V5,6,0.8,1,0,0,0,1
0;1;2;7;9;10,I;II;III;V2;V4;V5,6,0.9,1,0,0,0,1
0;1;2;7;9;10;11,I;II;III;V2;V4;V5;V6,7,0.5,1,1,1,0,3
0;1;2;7;9;10;11,I;II;III;V2;V4;V5;V6,7,0.6,1,0,1,0,2
0;1;2;7;9;10;11,I;II;III;V2;V4;V5;V6,7,0.7,1,0,1,0,2
0;1;2;7;9;10;11,I;II;III;V2;V4;V5;V6,7,0.8,1,0,0,0,1
0;1;2;7;9;10;11,I;II;III;V2;V4;V5;V6,7,0.9,1,0,0,0,1
0;1;2;7;9;11,I;II;III;V2;V4;V6,6,0.5,1,1,1,0,3
0;1;2;7;9;11,I;II;III;V2;V4;V6,6,0.6,1,0,1,0,2
0;1;2;7;9;11,I;II;III;V2;V4;V6,6,0.7,1,0,1,0,2
0;1;2;7;9;11,I;II;III;V2;V4;V6,6,0.8,1,0,0,0,1
0;1;2;7;9;11,I;II;III;V2;V4;V6,6,0.9,1,0,0,0,1
0;1;2;7;10,I;II;III;V2;V5,5,0.5,1,1,1,0,3
0;1;2;7;10,I;II;III;V2;V5,5,0.6,1,0,1,0,2
0;1;2;7;10,I;II;III;V2;V5,5,0.7,1,0,1,0,2
0;1;2;7;10,I;II;III;V2;V5,5,0.8,1,0,1,0,2
0;1;2;7;10,I;II;III;V2;V5,5,0.9,1,0,0,0,1
0;1;2;7;10;11,I;II;III;V2;V5;V6,6,0.5,1,1,1,0,3
0;1;2;7;10;11,I;II;III;V2;V5;V6,6,0.6,1,0,1,0,2
0;1;2;7;10;11,I;II;III;V2;V5;V6,6,0.7,1,0,1,0,2
0;1;2;7;10;11,I;II;III;V2;V5;V6,6,0.8,1,0,0,0,1
0;1;2;7;10;11,I;II;III;V2;V5;V6,6,0.9,1,0,0,0,1
0;1;2;7;11,I;II;III;V2;V6,5,0.5,1,1,1,0,3
0;1;2;7;11,I;II;III;V2;V6,5,0.6,1,0,1,0,2
0;1;2;7;11,I;II;III;V2;V6,5,0.7,1,0,1,0,2
0;1;2;7;11,I;II;III;V2;V6,5,0.8,1,0,1,0,2
0;1;2;7;11,I;II;III;V2;V6,5,0.9,1,0,0,0,1
0;1;2;8,I;II;III;V3,4,0.5,1,1,1,0,3
0;1;2;8,I;II;III;V3,4,0.6,1,0,1,0,2
0;1;2;8,I;II;III;V3,4,0.7,1,0,1,0,2
0;1;2;8,I;II;III;V3,4,0.8,1,0,1,0,2
0;1;2;8,I;II;III;V3,4,0.9,1,0,0,0,1
0;1;2;8;9,I;II;III;V3;V4,5,0.5,1,1,1,0,3
0;1;2;8;9,I;II;III;V3;V4,5,0.6,1,1,1,0,3
0;1;2;8;9,I;II;III;V3;V4,5,0.7,1,0,1,0,2
0;1;2;8;9,I;II;III;V3;V4,5,0.8,1,0,1,0,2
0;1;2;8;9,I;II;III;V3;V4,5,0.9,1,0,0,0,1
0;1;2;8;9;10,I;II;III;V3;V4;V5,6,0.5,1,1,1,0,3
0;1;2;8;9;10,I;II;III;V3;V4;V5,6,0.6,1,0,1,0,2
0;1;2;8;9;10,I;II;III;V3;V4;V5,6,0.7,1,0,1,0,2
0;1;2;8;9;10,I;II;III;V3;V4;V5,6,0.8,1,0,0,0,1
0;1;2;8;9;10,I;II;III;V3;V4;V5,6,0.9,1,0,0,0,1
0;1;2;8;9;10;11,I;II;III;V3;V4;V5;V6,7,0.5,1,1,1,0,3
0;1;2;8;9;10;11,I;II;III;V3;V4;V5;V6,7,0.6,1,0,1,0,2
0;1;2;8;9;10;11,I;II;III;V3;V4;V5;V6,7,0.7,1,0,1,0,2
0;1;2;8;9;10;11,I;II;III;V3;V4;V5;V6,7,0.8,1,0,0,0,1
0;1;2;8;9;10;11,I;II;III;V3;V4;V5;V6,7,0.9,1,0,0,0,1
0;1;2;8;9;11,I;II;III;V3;V4;V6,6,0.5,1,1,1,0,3
0;1;2;8;9;11,I;II;III;V3;V4;V6,6,0.6,1,0,1,0,2
0;1;2;8;9;11,I;II;III;V3;V4;V6,6,0.7,1,0,1,0,2
0;1;2;8;9;11,I;II;III;V3;V4;V6,6,0.8,1,0,0,0,1
0;1;2;8;9;11,I;II;III;V3;V4;V6,6,0.9,1,0,0,0,1
0;1;2;8;10,I;II;III;V3;V5,5,0.5,1,1,1,0,3
0;1;2;8;10,I;II;III;V3;V5,5,0.6,1,0,1,0,2
0;1;2;8;10,I;II;III;V3;V5,5,0.7,1,0,1,0,2
0;1;2;8;10,I;II;III;V3;V5,5,0.8,1,0,0,0,1
0;1;2;8;10,I;II;III;V3;V5,5,0.9,1,0,0,0,1
0;1;2;8;10;11,I;II;III;V3;V5;V6,6,0.5,1,1,1,0,3
0;1;2;8;10;11,I;II;III;V3;V5;V6,6,0.6,1,0,1,0,2
0;1;2;8;10;11,I;II;III;V3;V5;V6,6,0.7,1,0,1,0,2
0;1;2;8;10;11,I;II;III;V3;V5;V6,6,0.8,1,0,0,0,1
0;1;2;8;10;11,I;II;III;V3;V5;V6,6,0.9,1,0,0,0,1
0;1;2;8;11,I;II;III;V3;V6,5,0.5,1,1,1,0,3
0;1;2;8;11,I;II;III;V3;V6,5,0.6,1,0,1,0,2
0;1;2;8;11,I;II;III;V3;V6,5,0.7,1,0,1,0,2
0;1;2;8;11,I;II;III;V3;V6,5,0.8,1,0,0,0,1
0;1;2;8;11,I;II;III;V3;V6,5,0.9,1,0,0,0,1
0;1;2;9,I;II;III;V4,4,0.5,1,1,1,0,3
0;1;2;9,I;II;III;V4,4,0.6,1,0,1,0,2
0;1;2;9,I;II;III;V4,4,0.7,1,0,1,0,2
0;1;2;9,I;II;III;V4,4,0.8,1,0,1,0,2
0;1;2;9,I;II;III;V4,4,0.9,1,0,0,0,1
0;1;2;9;10,I;II;III;V4;V5,5,0.5,1,1,1,0,3
0;1;2;9;10,I;II;III;V4;V5,5,0.6,1,0,1,0,2
0;1;2;9;10,I;II;III;V4;V5,5,0.7,1,0,1,0,2
0;1;2;9;10,I;II;III;V4;V5,5,0.8,1,0,0,0,1
0;1;2;9;10,I;II;III;V4;V5,5,0.9,1,0,0,0,1
0;1;2;9;10;11,I;II;III;V4;V5;V6,6,0.5,1,1,1,0,3
0;1;2;9;10;11,I;II;III;V4;V5;V6,6,0.6,1,0,1,0,2
0;1;2;9;10;11,I;II;III;V4;V5;V6,6,0.7,1,0,1,0,2
0;1;2;9;10;11,I;II;III;V4;V5;V6,6,0.8,1,0,0,0,1
0;1;2;9;10;11,I;II;III;V4;V5;V6,6,0.9,1,0,0,0,1
0;1;2;9;11,I;II;III;V4;V6,5,0.5,1,1,1,0,3
0;1;2;9;11,I;II;III;V4;V6,5,0.6,1,0,1,0,2
0;1;2;9;11,I;II;III;V4;V6,5,0.7,1,0,1,0,2
0;1;2;9;11,I;II;III;V4;V6,5,0.8,1,0,1,0,2
0;1;2;9;11,I;II;III;V4;V6,5,0.9,1,0,0,0,1
0;1;2;10,I;II;III;V5,4,0.5,1,1,1,0,3
0;1;2;10,I;II;III;V5,4,0.6,1,0,1,0,2
0;1;2;10,I;II;III;V5,4,0.7,1,0,1,0,2
0;1;2;10,I;II;III;V5,4,0.8,1,0,0,0,1
0;1;2;10,I;II;III;V5,4,0.9,1,0,0,0,1
0;1;2;10;11,I;II;III;V5;V6,5,0.5,1,1,1,0,3
0;1;2;10;11,I;II;III;V5;V6,5,0.6,1,0,1,0,2
0;1;2;10;11,I;II;III;V5;V6,5,0.7,1,0,1,0,2
0;1;2;10;11,I;II;III;V5;V6,5,0.8,1,0,0,0,1
0;1;2;10;11,I;II;III;V5;V6,5,0.9,1,0,0,0,1
0;1;2;11,I;II;III;V6,4,0.5,1,1,1,0,3
0;1;2;11,I;II;III;V6,4,0.6,1,0,1,0,2
0;1;2;11,I;II;III;V6,4,0.7,1,0,1,0,2
0;1;2;11,I;II;III;V6,4,0.8,1,0,0,0,1
0;1;2;11,I;II;III;V6,4,0.9,1,0,0,0,1
0;1;3,I;II;aVR,3,0.5,1,1,1,0,3
0;1;3,I;II;aVR,3,0.6,1,1,1,0,3
0;1;3,I;II;aVR,3,0.7,1,0,1,0,2
0;1;3,I;II;aVR,3,0.8,1,0,0,0,1
0;1;3,I;II;aVR,3,0.9,1,0,0,0,1
0;1;3;4,I;II;aVR;aVL,3,0.5,1,1,1,0,3
0;1;3;4,I;II;aVR;aVL,3,0.6,1,1,1,0,3
0;1;3;4,I;II;aVR;aVL,3,0.7,1,0,1,0,2
0;1;3;4,I;II;aVR;aVL,3,0.8,1,0,1,0,2
0;1;3;4,I;II;aVR;aVL,3,0.9,1,0,0,0,1
0;1;3;4;5,I;II;aVR;aVL;aVF,3,0.5,1,1,1,0,3
0;1;3;4;5,I;II;aVR;aVL;aVF,3,0.6,1,1,1,0,3
0;1;3;4;5,I;II;aVR;aVL;aVF,3,0.7,1,0,1,0,2
0;1;3;4;5,I;II;aVR;aVL;aVF,3,0.8,1,0,1,0,2
0;1;3;4;5,I;II;aVR;aVL;aVF,3,0.9,1,0,0,0,1
0;1;3;4;5;6,I;II;aVR;aVL;aVF;V1,4,0.5,1,1,1,0,3
0;1;3;4;5;6,I;II;aVR;aVL;aVF;V1,4,0.6,1,1,1,0,3
0;1;3;4;5;6,I;II;aVR;aVL;aVF;V1,4,0.7,1,0,1,0,2
0;1;3;4;5;6,I;II;aVR;aVL;aVF;V1,4,0.8,1,0,1,0,2
0;1;3;4;5;6,I;II;aVR;aVL;aVF;V1,4,0.9,1,0,0,0,1
0;1;3;4;5;6;7,I;II;aVR;aVL;aVF;V1;V2,5,0.5,1,1,1,0,3
0;1;3;4;5;6;7,I;II;aVR;aVL;aVF;V1;V2,5,0.6,1,1,1,0,3
0;1;3;4;5;6;7,I;II;aVR;aVL;aVF;V1;V2,5,0.7,1,0,1,0,2
0;1;3;4;5;6;7,I;II;aVR;aVL;aVF;V1;V2,5,0.8,1,0,1,0,2
0;1;3;4;5;6;7,I;II;aVR;aVL;aVF;V1;V2,5,0.9,1,0,0,0,1
0;1;3;4;5;6;7;8,I;II;aVR;aVL;aVF;V1;V2;V3,6,0.5,1,1,1,0,3
0;1;3;4;5;6;7;8,I;II;aVR;aVL;aVF;V1;V2;V3,6,0.6,1,0,1,0,2
0;1;3;4;5;6;7;8,I;II;aVR;aVL;aVF;V1;V2;V3,6,0.7,1,0,1,0,2
0;1;3;4;5;6;7;8,I;II;aVR;aVL;aVF;V1;V2;V3,6,0.8,1,0,1,0,2
0;1;3;4;5;6;7;8,I;II;aVR;aVL;aVF;V1;V2;V3,6,0.9,1,0,0,0,1
0;1;3;4;5;6;7;8;9,I;II;aVR;aVL;aVF;V1;V2;V3;V4,7,0.5,1,1,1,0,3
0;1;3;4;5;6;7;8;9,I;II;aVR;aVL;aVF;V1;V2;V3;V4,7,0.6,1,0,1,0,2
0;1;3;4;5;6;7;8;9,I;II;aVR;aVL;aVF;V1;V2;V3;V4,7,0.7,1,0,1,0,2
0;1;3;4;5;6;7;8;9,I;II;aVR;aVL;aVF;V1;V2;V3;V4,7,0.8,1,0,1,0,2
0;1;3;4;5;6;7;8;9,I;II;aVR;aVL;aVF;V1;V2;V3;V4,7,0.9,1,0,0,0,1
0;1;3;4;5;6;7;8;9;10,I;II;aVR;aVL;aVF;V1;V2;V3;V4;V5,8,0.5,1,1,1,0,3
0;1;3;4;5;6;7;8;9;10,I;II;aVR;aVL;aVF;V1;V2;V3;V4;V5,8,0.6,1,0,1,0,2
0;1;3;4;5;6;7;8;9;10,I;II;aVR;aVL;aVF;V1;V2;V3;V4;V5,8,0.7,1,0,1,0,2
0;1;3;4;5;6;7;8;9;10,I;II;aVR;aVL;aVF;V1;V2;V3;V4;V5,8,0.8,1,0,1,0,2
0;1;3;4;5;6;7;8;9;10,I;II;aVR;aVL;aVF;V1;V2;V3;V4;V5,8,0.9,1,0,0,0,1
0;1;3;4;5;6;7;8;9;10;11,I;II;aVR;aVL;aVF;V1;V2;V3;V4;V5;V6,9,0.5,1,1,1,0,3
0;1;3;4;5;6;7;8;9;10;11,I;II;aVR;aVL;aVF;V1;V2;V3;V4;V5;V6,9,0.6,1,0,1,0,2
0;1;3;4;5;6;7;8;9;10;11,I;II;aVR;aVL;aVF;V1;V2;V3;V4;V5;V6,9,0.7,1,0,1,0,2
0;1;3;4;5;6;7;8;9;10;11,I;II;aVR;aVL;aVF;V1;V2;V3;V4;V5;V6,9,0.8,1,0,1,0,2
0;1;3;4;5;6;7;8;9;10;11,I;II;aVR;aVL;aVF;V1;V2;V3;V4;V5;V6,9,0.9,1,0,0,0,1
0;1;3;4;5;6;7;8;9;11,I;II;aVR;aVL;aVF;V1;V2;V3;V4;V6,8,0.5,1,1,1,0,3
0;1;3;4;5;6;7;8;9;11,I;II;aVR;aVL;aVF;V1;V2;V3;V4;V6,8,0.6,1,0,1,0,2
0;1;3;4;5;6;7;8;9;11,I;II;aVR;aVL;aVF;V1;V2;V3;V4;V6,8,0.7,1,0,1,0,2
0;1;3;4;5;6;7;8;9;11,I;II;aVR;aVL;aVF;V1;V2;V3;V4;V6,8,0.8,1,0,1,0,2
0;1;3;4;5;6;7;8;9;11,I;II;aVR;aVL;aVF;V1;V2;V3;V4;V6,8,0.9,1,0,0,0,1
0;1;3;4;5;6;7;8;10,I;II;aVR;aVL;aVF;V1;V2;V3;V5,7,0.5,1,1,1,0,3
0;1;3;4;5;6;7;8;10,I;II;aVR;aVL;aVF;V1;V2;V3;V5,7,0.6,1,0,1,0,2
0;1;3;4;5;6;7;8;10,I;II;aVR;aVL;aVF;V1;V2;V3;V5,7,0.7,1,0,1,0,2
0;1;3;4;5;6;7;8;10,I;II;aVR;aVL;aVF;V1;V2;V3;V5,7,0.8,1,0,1,0,2
0;1;3;4;5;6;7;8;10,I;II;aVR;aVL;aVF;V1;V2;V3;V5,7,0.9,1,0,0,0,1
0;1;3;4;5;6;7;8;10;11,I;II;aVR;aVL;aVF;V1;V2;V3;V5;V6,8,0.5,1,1,1,0,3
0;1;3;4;5;6;7;8;10;11,I;II;aVR;aVL;aVF;V1;V2;V3;V5;V6,8,0.6,1,0,1,0,2
0;1;3;4;5;6;7;8;10;11,I;II;aVR;aVL;aVF;V1;V2;V3;V5;V6,8,0.7,1,0,1,0,2
0;1;3;4;5;6;7;8;10;11,I;II;aVR;aVL;aVF;V1;V2;V3;V5;V6,8,0.8,1,0,1,0,2
0;1;3;4;5;6;7;8;10;11,I;II;aVR;aVL;aVF;V1;V2;V3;V5;V6,8,0.9,1,0,0,0,1
0;1;3;4;5;6;7;8;11,I;II;aVR;aVL;aVF;V1;V2;V3;V6,7,0.5,1,1,1,0,3
0;1;3;4;5;6;7;8;11,I;II;aVR;aVL;aVF;V1;V2;V3;V6,7,0.6,1,0,1,0,2
0;1;3;4;5;6;7;8;11,I;II;aVR;aVL;aVF;V1;V2;V3;V6,7,0.7,1,0,1,0,2
0;1;3;4;5;6;7;8;11,I;II;aVR;aVL;aVF;V1;V2;V3;V6,7,0.8,1,0,1,0,2
0;1;3;4;5;6;7;8;11,I;II;aVR;aVL;aVF;V1;V2;V3;V6,7,0.9,1,0,0,0,1
0;1;3;4;5;6;7;9,I;II;aVR;aVL;aVF;V1;V2;V4,6,0.5,1,1,1,0,3
0;1;3;4;5;6;7;9,I;II;aVR;aVL;aVF;V1;V2;V4,6,0.6,1,0,1,0,2
0;1;3;4;5;6;7;9,I;II;aVR;aVL;aVF;V1;V2;V4,6,0.7,1,0,1,0,2
0;1;3;4;5;6;7;9,I;II;aVR;aVL;aVF;V1;V2;V4,6,0.8,1,0,1,0,2
0;1;3;4;5;6;7;9,I;II;aVR;aVL;aVF;V1;V2;V4,6,0.9,1,0,0,0,1
0;1;3;4;5;6;7;9;10,I;II;aVR;aVL;aVF;V1;V2;V4;V5,7,0.5,1,1,1,0,3
0;1;3;4;5;6;7;9;10,I;II;aVR;aVL;aVF;V1;V2;V4;V5,7,0.6,1,0,1,0,2
0;1;3;4;5;6;7;9;10,I;II;aVR;aVL;aVF;V1;V2;V4;V5,7,0.7,1,0,1,0,2
0;1;3;4;5;6;7;9;10,I;II;aVR;aVL;aVF;V1;V2;V4;V5,7,0.8,1,0,1,0,2
0;1;3;4;5;6;7;9;10,I;II;aVR;aVL;aVF;V1;V2;V4;V5,7,0.9,1,0,0,0,1
0;1;3;4;5;6;7;9;10;11,I;II;aVR;aVL;aVF;V1;V2;V4;V5;V6,8,0.5,1,1,1,0,3
0;1;3;4;5;6;7;9;10;11,I;II;aVR;aVL;aVF;V1;V2;V4;V5;V6,8,0.6,1,0,1,0,2
0;1;3;4;5;6;7;9;10;11,I;II;aVR;aVL;aVF;V1;V2;V4;V5;V6,8,0.7,1,0,1,0,2
0;1;3;4;5;6;7;9;10;11,I;II;aVR;aVL;aVF;V1;V2;V4;V5;V6,8,0.8,1,0,1,0,2
0;1;3;4;5;6;7;9;10;11,I;II;aVR;aVL;aVF;V1;V2;V4;V5;V6,8,0.9,1,0,0,0,1
0;1;3;4;5;6;7;9;11,I;II;aVR;aVL;aVF;V1;V2;V4;V6,7,0.5,1,1,1,0,3
0;1;3;4;5;6;7;9;11,I;II;aVR;aVL;aVF;V1;V2;V4;V6,7,0.6,1,0,1,0,2
0;1;3;4;5;6;7;9;11,I;II;aVR;aVL;aVF;V1;V2;V4;V6,7,0.7,1,0,1,0,2
0;1;3;4;5;6;7;9;11,I;II;aVR;aVL;aVF;V1;V2;V4;V6,7,0.8,1,0,1,0,2
0;1;3;4;5;6;7;9;11,I;II;aVR;aVL;aVF;V1;V2;V4;V6,7,0.9,1,0,0,0,1
0;1;3;4;5;6;7;10,I;II;aVR;aVL;aVF;V1;V2;V5,6,0.5,1,1,1,0,3
0;1;3;4;5;6;7;10,I;II;aVR;aVL;aVF;V1;V2;V5,6,0.6,1,0,1,0,2
0;1;3;4;5;6;7;10,I;II;aVR;aVL;aVF;V1;V2;V5,6,0.7,1,0,1,0,2
0;1;3;4;5;6;7;10,I;II;aVR;aVL;aVF;V1;V2;V5,6,0.8,1,0,1,0,2
0;1;3;4;5;6;7;10,I;II;aVR;aVL;aVF;V1;V2;V5,6,0.9,1,0,0,0,1
0;1;3;4;5;6;7;10;11,I;II;aVR;aVL;aVF;V1;V2;V5;V6,7,0.5,1,1,1,0,3
0;1;3;4;5;6;7;10;11,I;II;aVR;aVL;aVF;V1;V2;V5;V6,7,0.6,1,0,1,0,2
0;1;3;4;5;6;7;10;11,I;II;aVR;aVL;aVF;V1;V2;V5;V6,7,0.7,1,0,1,0,2
0;1;3;4;5;6;7;10;11,I;II;aVR;aVL;aVF;V1;V2;V5;V6,7,0.8,1,0,1,0,2
0;1;3;4;5;6;7;10;11,I;II;aVR;aVL;aVF;V1;V2;V5;V6,7,0.9,1,0,0,0,1
0;1;3;4;5;6;7;11,I;II;aVR;aVL;aVF;V1;V2;V6,6,0.5,1,1,1,0,3
0;1;3;4;5;6;7;11,I;II;aVR;aVL;aVF;V1;V2;V6,6,0.6,1,1,1,0,3
0;1;3;4;5;6;7;11,I;II;aVR;aVL;aVF;V1;V2;V6,6,0.7,1,0,1,0,2
0;1;3;4;5;6;7;11,I;II;aVR;aVL;aVF;V1;V2;V6,6,0.8,1,0,1,0,2
0;1;3;4;5;6;7;11,I;II;aVR;aVL;aVF;V1;V2;V6,6,0.9,1,0,0,0,1
0;1;3;4;5;6;8,I;II;aVR;aVL;aVF;V1;V3,5,0.5,1,1,1,0,3
0;1;3;4;5;6;8,I;II;aVR;aVL;aVF;V1;V3,5,0.6,1,0,1,0,2
0;1;3;4;5;6;8,I;II;aVR;aVL;aVF;V1;V3,5,0.7,1,0,1,0,2
0;1;3;4;5;6;8,I;II;aVR;aVL;aVF;V1;V3,5,0.8,1,0,1,0,2
0;1;3;4;5;6;8,I;II;aVR;aVL;aVF;V1;V3,5,0.9,1,0,0,0,1
0;1;3;4;5;6;8;9,I;II;aVR;aVL;aVF;V1;V3;V4,6,0.5,1,1,1,0,3
0;1;3;4;5;6;8;9,I;II;aVR;aVL;aVF;V1;V3;V4,6,0.6,1,0,1,0,2
0;1;3;4;5;6;8;9,I;II;aVR;aVL;aVF;V1;V3;V4,6,0.7,1,0,1,0,2
0;1;3;4;5;6;8;9,I;II;aVR;aVL;aVF;V1;V3;V4,6,0.8,1,0,1,0,2
0;1;3;4;5;6;8;9,I;II;aVR;aVL;aVF;V1;V3;V4,6,0.9,1,0,0,0,1
0;1;3;4;5;6;8;9;10,I;II;aVR;aVL;aVF;V1;V3;V4;V5,7,0.5,1,1,1,0,3
0;1;3;4;5;6;8;9;10,I;II;aVR;aVL;aVF;V1;V3;V4;V5,7,0.6,1,0,1,0,2
0;1;3;4;5;6;8;9;10,I;II;aVR;aVL;aVF;V1;V3;V4;V5,7,0.7,1,0,1,0,2
0;1;3;4;5;6;8;9;10,I;II;aVR;aVL;aVF;V1;V3;V4;V5,7,0.8,1,0,1,0,2
0;1;3;4;5;6;8;9;10,I;II;aVR;aVL;aVF;V1;V3;V4;V5,7,0.9,1,0,0,0,1
0;1;3;4;5;6;8;9;10;11,I;II;aVR;aVL;aVF;V1;V3;V4;V5;V6,8,0.5,1,1,1,0,3
0;1;3;4;5;6;8;9;10;11,I;II;aVR;aVL;aVF;V1;V3;V4;V5;V6,8,0.6,1,0,1,0,2
0;1;3;4;5;6;8;9;10;11,I;II;aVR;aVL;aVF;V1;V3;V4;V5;V6,8,0.7,1,0,1,0,2
0;1;3;4;5;6;8;9;10;11,I;II;aVR;aVL;aVF;V1;V3;V4;V5;V6,8,0.8,1,0,1,0,2
0;1;3;4;5;6;8;9;10;11,I;II;aVR;aVL;aVF;V1;V3;V4;V5;V6,8,0.9,1,0,0,0,1
0;1;3;4;5;6;8;9;11,I;II;aVR;aVL;aVF;V1;V3;V4;V6,7,0.5,1,1,1,0,3
0;1;3;4;5;6;8;9;11,I;II;aVR;aVL;aVF;V1;V3;V4;V6,7,0.6,1,0,1,0,2
0;1;3;4;5;6;8;9;11,I;II;aVR;aVL;aVF;V1;V3;V4;V6,7,0.7,1,0,1,0,2
0;1;3;4;5;6;8;9;11,I;II;aVR;aVL;aVF;V1;V3;V4;V6,7,0.8,1,0,1,0,2
0;1;3;4;5;6;8;9;11,I;II;aVR;aVL;aVF;V1;V3;V4;V6,7,0.9,1,0,0,0,1
0;1;3;4;5;6;8;10,I;II;aVR;aVL;aVF;V1;V3;V5,6,0.5,1,1,1,0,3
0;1;3;4;5;6;8;10,I;II;aVR;aVL;aVF;V1;V3;V5,6,0.6,1,0,1,0,2
0;1;3;4;5;6;8;10,I;II;aVR;aVL;aVF;V1;V3;V5,6,0.7,1,0,1,0,2
0;1;3;4;5;6;8;10,I;II;aVR;aVL;aVF;V1;V3;V5,6,0.8,1,0,1,0,2
0;1;3;4;5;6;8;10,I;II;aVR;aVL;aVF;V1;V3;V5,6,0.9,1,0,0,0,1
0;1;3;4;5;6;8;10;11,I;II;aVR;aVL;aVF;V1;V3;V5;V6,7,0.5,1,1,1,0,3
0;1;3;4;5;6;8;10;11,I;II;aVR;aVL;aVF;V1;V3;V5;V6,7,0.6,1,0,1,0,2
0;1;3;4;5;6;8;10;11,I;II;aVR;aVL;aVF;V1;V3;V5;V6,7,0.7,1,0,1,0,2
0;1;3;4;5;6;8;10;11,I;II;aVR;aVL;aVF;V1;V3;V5;V6,7,0.8,1,0,1,0,2
0;1;3;4;5;6;8;10;11,I;II;aVR;aVL;aVF;V1;V3;V5;V6,7,0.9,1,0,0,0,1
0;1;3;4;5;6;8;11,I;II;aVR;aVL;aVF;V1;V3;V6,6,0.5,1,1,1,0,3
0;1;3;4;5;6;8;11,I;II;aVR;aVL;aVF;V1;V3;V6,6,0.6,1,0,1,0,2
0;1;3;4;5;6;8;11,I;II;aVR;aVL;aVF;V1;V3;V6,6,0.7,1,0,1,0,2
0;1;3;4;5;6;8;11,I;II;aVR;aVL;aVF;V1;V3;V6,6,0.8,1,0,1,0,2
0;1;3;4;5;6;8;11,I;II;aVR;aVL;aVF;V1;V3;V6,6,0.9,1,0,0,0,1
0;1;3;4;5;6;9,I;II;aVR;aVL;aVF;V1;V4,5,0.5,1,1,1,0,3
0;1;3;4;5;6;9,I;II;aVR;aVL;aVF;V1;V4,5,0.6,1,0,1,0,2
0;1;3;4;5;6;9,I;II;aVR;aVL;aVF;V1;V4,5,0.7,1,0,1,0,2
0;1;3;4;5;6;9,I;II;aVR;aVL;aVF;V1;V4,5,0.8,1,0,1,0,2
0;1;3;4;5;6;9,I;II;aVR;aVL;aVF;V1;V4,5,0.9,1,0,0,0,1
0;1;3;4;5;6;9;10,I;II;aVR;aVL;aVF;V1;V4;V5,6,0.5,1,1,1,0,3
0;1;3;4;5;6;9;10,I;II;aVR;aVL;aVF;V1;V4;V5,6,0.6,1,0,1,0,2
0;1;3;4;5;6;9;10,I;II;aVR;aVL;aVF;V1;V4;V5,6,0.7,1,0,1,0,2
0;1;3;4;5;6;9;10,I;II;aVR;aVL;aVF;V1;V4;V5,6,0.8,1,0,1,0,2
0;1;3;4;5;6;9;10,I;II;aVR;aVL;aVF;V1;V4;V5,6,0.9,1,0,0,0,1
0;1;3;4;5;6;9;10;11,I;II;aVR;aVL;aVF;V1;V4;V5;V6,7,0.5,1,1,1,0,3
0;1;3;4;5;6;9;10;11,I;II;aVR;aVL;aVF;V1;V4;V5;V6,7,0.6,1,0,1,0,2
0;1;3;4;5;6;9;10;11,I;II;aVR;aVL;aVF;V1;V4;V5;V6,7,0.7,1,0,1,0,2
0;1;3;4;5;6;9;10;11,I;II;aVR;aVL;aVF;V1;V4;V5;V6,7,0.8,1,0,1,0,2
0;1;3;4;5;6;9;10;11,I;II;aVR;aVL;aVF;V1;V4;V5;V6,7,0.9,1,0,0,0,1
0;1;3;4;5;6;9;11,I;II;aVR;aVL;aVF;V1;V4;V6,6,0.5,1,1,1,0,3
0;1;3;4;5;6;9;11,I;II;aVR;aVL;aVF;V1;V4;V6,6,0.6,1,0,1,0,2
0;1;3;4;5;6;9;11,I;II;aVR;aVL;aVF;V1;V4;V6,6,0.7,1,0,1,0,2
0;1;3;4;5;6;9;11,I;II;aVR;aVL;aVF;V1;V4;V6,6,0.8,1,0,1,0,2
0;1;3;4;5;6;9;11,I;II;aVR;aVL;aVF;V1;V4;V6,6,0.9,1,0,0,0,1
0;1;3;4;5;6;10,I;II;aVR;aVL;aVF;V1;V5,5,0.5,1,1,1,0,3
0;1;3;4;5;6;10,I;II;aVR;aVL;aVF;V1;V5,5,0.6,1,0,1,0,2
0;1;3;4;5;6;10,I;II;aVR;aVL;aVF;V1;V5,5,0.7,1,0,1,0,2
0;1;3;4;5;6;10,I;II;aVR;aVL;aVF;V1;V5,5,0.8,1,0,1,0,2
0;1;3;4;5;6;10,I;II;aVR;aVL;aVF;V1;V5,5,0.9,1,0,0,0,1
0;1;3;4;5;6;10;11,I;II;aVR;aVL;aVF;V1;V5;V6,6,0.5,1,1,1,0,3
0;1;3;4;5;6;10;11,I;II;aVR;aVL;aVF;V1;V5;V6,6,0.6,1,0,1,0,2
0;1;3;4;5;6;10;11,I;II;aVR;aVL;aVF;V1;V5;V6,6,0.7,1,0,1,0,2
0;1;3;4;5;6;10;11,I;II;aVR;aVL;aVF;V1;V5;V6,6,0.8,1,0,1,0,2
0;1;3;4;5;6;10;11,I;II;aVR;aVL;aVF;V1;V5;V6,6,0.9,1,0,0,0,1
0;1;3;4;5;6;11,I;II;aVR;aVL;aVF;V1;V6,5,0.5,1,1,1,0,3
0;1;3;4;5;6;11,I;II;aVR;aVL;aVF;V1;V6,5,0.6,1,1,1,0,3
0;1;3;4;5;6;11,I;II;aVR;aVL;aVF;V1;V6,5,0.7,1,0,1,0,2
0;1;3;4;5;6;11,I;II;aVR;aVL;aVF;V1;V6,5,0.8,1,0,1,0,2
0;1;3;4;5;6;11,I;II;aVR;aVL;aVF;V1;V6,5,0.9,1,0,0,0,1
0;1;3;4;5;7,I;II;aVR;aVL;aVF;V2,4,0.5,1,1,1,0,3
0;1;3;4;5;7,I;II;aVR;aVL;aVF;V2,4,0.6,1,0,1,0,2
0;1;3;4;5;7,I;II;aVR;aVL;aVF;V2,4,0.7,1,0,1,0,2
0;1;3;4;5;7,I;II;aVR;aVL;aVF;V2,4,0.8,1,0,1,0,2
0;1;3;4;5;7,I;II;aVR;aVL;aVF;V2,4,0.9,1,0,0,0,1
0;1;3;4;5;7;8,I;II;aVR;aVL;aVF;V2;V3,5,0.5,1,1,1,0,3
0;1;3;4;5;7;8,I;II;aVR;aVL;aVF;V2;V3,5,0.6,1,1,1,0,3
0;1;3;4;5;7;8,I;II;aVR;aVL;aVF;V2;V3,5,0.7,1,0,1,0,2
0;1;3;4;5;7;8,I;II;aVR;aVL;aVF;V2;V3,5,0.8,1,0,1,0,2
0;1;3;4;5;7;8,I;II;aVR;aVL;aVF;V2;V3,5,0.9,1,0,0,0,1
0;1;3;4;5;7;8;9,I;II;aVR;aVL;aVF;V2;V3;V4,6,0.5,1,1,1,0,3
0;1;3;4;5;7;8;9,I;II;aVR;aVL;aVF;V2;V3;V4,6,0.6,1,1,1,0,3
0;1;3;4;5;7;8;9,I;II;aVR;aVL;aVF;V2;V3;V4,6,0.7,1,0,1,0,2
0;1;3;4;5;7;8;9,I;II;aVR;aVL;aVF;V2;V3;V4,6,0.8,1,0,1,0,2
0;1;3;4;5;7;8;9,I;II;aVR;aVL;aVF;V2;V3;V4,6,0.9,1,0,0,0,1
0;1;3;4;5;7;8;9;10,I;II;aVR;aVL;aVF;V2;V3;V4;V5,7,0.5,1,1,1,0,3
0;1;3;4;5;7;8;9;10,I;II;aVR;aVL;aVF;V2;V3;V4;V5,7,0.6,1,0,1,0,2
0;1;3;4;5;7;8;9;10,I;II;aVR;aVL;aVF;V2;V3;V4;V5,7,0.7,1,0,1,0,2
0;1;3;4;5;7;8;9;10,I;II;aVR;aVL;aVF;V2;V3;V4;V5,7,0.8,1,0,1,0,2
0;1;3;4;5;7;8;9;10,I;II;aVR;aVL;aVF;V2;V3;V4;V5,7,0.9,1,0,0,0,1
0;1;3;4;5;7;8;9;10;11,I;II;aVR;aVL;aVF;V2;V3;V4;V5;V6,8,0.5,1,1,1,0,3
0;1;3;4;5;7;8;9;10;11,I;II;aVR;aVL;aVF;V2;V3;V4;V5;V6,8,0.6,1,0,1,0,2
0;1;3;4;5;7;8;9;10;11,I;II;aVR;aVL;aVF;V2;V3;V4;V5;V6,8,0.7,1,0,1,0,2
0;1;3;4;5;7;8;9;10;11,I;II;aVR;aVL;aVF;V2;V3;V4;V5;V6,8,0.8,1,0,1,0,2
0;1;3;4;5;7;8;9;10;11,I;II;aVR;aVL;aVF;V2;V3;V4;V5;V6,8,0.9,1,0,0,0,1
0;1;3;4;5;7;8;9;11,I;II;aVR;aVL;aVF;V2;V3;V4;V6,7,0.5,1,1,1,0,3
0;1;3;4;5;7;8;9;11,I;II;aVR;aVL;aVF;V2;V3;V4;V6,7,0.6,1,0,1,0,2
0;1;3;4;5;7;8;9;11,I;II;aVR;aVL;aVF;V2;V3;V4;V6,7,0.7,1,0,1,0,2
0;1;3;4;5;7;8;9;11,I;II;aVR;aVL;aVF;V2;V3;V4;V6,7,0.8,1,0,1,0,2
0;1;3;4;5;7;8;9;11,I;II;aVR;aVL;aVF;V2;V3;V4;V6,7,0.9,1,0,0,0,1
0;1;3;4;5;7;8;10,I;II;aVR;aVL;aVF;V2;V3;V5,6,0.5,1,1,1,0,3
0;1;3;4;5;7;8;10,I;II;aVR;aVL;aVF;V2;V3;V5,6,0.6,1,0,1,0,2
0;1;3;4;5;7;8;10,I;II;aVR;aVL;aVF;V2;V3;V5,6,0.7,1,0,1,0,2
0;1;3;4;5;7;8;10,I;II;aVR;aVL;aVF;V2;V3;V5,6,0.8,1,0,1,0,2
0;1;3;4;5;7;8;10,I;II;aVR;aVL;aVF;V2;V3;V5,6,0.9,1,0,0,0,1
0;1;3;4;5;7;8;10;11,I;II;aVR;aVL;aVF;V2;V3;V5;V6,7,0.5,1,1,1,0,3
0;1;3;4;5;7;8;10;11,I;II;aVR;aVL;aVF;V2;V3;V5;V6,7,0.6,1,0,1,0,2
0;1;3;4;5;7;8;10;11,I;II;aVR;aVL;aVF;V2;V3;V5;V6,7,0.7,1,0,1,0,2
0;1;3;4;5;7;8;10;11,I;II;aVR;aVL;aVF;V2;V3;V5;V6,7,0.8,1,0,0,0,1
0;1;3;4;5;7;8;10;11,I;II;aVR;aVL;aVF;V2;V3;V5;V6,7,0.9,1,0,0,0,1
0;1;3;4;5;7;8;11,I;II;aVR;aVL;aVF;V2;V3;V6,6,0.5,1,1,1,0,3
0;1;3;4;5;7;8;11,I;II;aVR;aVL;aVF;V2;V3;V6,6,0.6,1,1,1,0,3
0;1;3;4;5;7;8;11,I;II;aVR;aVL;aVF;V2;V3;V6,6,0.7,1,0,1,0,2
0;1;3;4;5;7;8;11,I;II;aVR;aVL;aVF;V2;V3;V6,6,0.8,1,0,0,0,1
0;1;3;4;5;7;8;11,I;II;aVR;aVL;aVF;V2;V3;V6,6,0.9,1,0,0,0,1
0;1;3;4;5;7;9,I;II;aVR;aVL;aVF;V2;V4,5,0.5,1,1,1,0,3
0;1;3;4;5;7;9,I;II;aVR;aVL;aVF;V2;V4,5,0.6,1,1,1,0,3
0;1;3;4;5;7;9,I;II;aVR;aVL;aVF;V2;V4,5,0.7,1,0,1,0,2
0;1;3;4;5;7;9,I;II;aVR;aVL;aVF;V2;V4,5,0.8,1,0,1,0,2
0;1;3;4;5;7;9,I;II;aVR;aVL;aVF;V2;V4,5,0.9,1,0,0,0,1
0;1;3;4;5;7;9;10,I;II;aVR;aVL;aVF;V2;V4;V5,6,0.5,1,1,1,0,3
0;1;3;4;5;7;9;10,I;II;aVR;aVL;aVF;V2;V4;V5,6,0.6,1,0,1,0,2
0;1;3;4;5;7;9;10,I;II;aVR;aVL;aVF;V2;V4;V5,6,0.7,1,0,1,0,2
0;1;3;4;5;7;9;10,I;II;aVR;aVL;aVF;V2;V4;V5,6,0.8,1,0,1,0,2
0;1;3;4;5;7;9;10,I;II;aVR;aVL;aVF;V2;V4;V5,6,0.9,1,0,0,0,1
0;1;3;4;5;7;9;10;11,I;II;aVR;aVL;aVF;V2;V4;V5;V6,7,0.5,1,1,1,0,3
0;1;3;4;5;7;9;10;11,I;II;aVR;aVL;aVF;V2;V4;V5;V6,7,0.6,1,0,1,0,2
0;1;3;4;5;7;9;10;11,I;II;aVR;aVL;aVF;V2;V4;V5;V6,7,0.7,1,0,1,0,2
0;1;3;4;5;7;9;10;11,I;II;aVR;aVL;aVF;V2;V4;V5;V6,7,0.8,1,0,0,0,1
0;1;3;4;5;7;9;10;11,I;II;aVR;aVL;aVF;V2;V4;V5;V6,7,0.9,1,0,0,0,1
0;1;3;4;5;7;9;11,I;II;aVR;aVL;aVF;V2;V4;V6,6,0.5,1,1,1,0,3
0;1;3;4;5;7;9;11,I;II;aVR;aVL;aVF;V2;V4;V6,6,0.6,1,0,1,0,2
0;1;3;4;5;7;9;11,I;II;aVR;aVL;aVF;V2;V4;V6,6,0.7,1,0,1,0,2
0;1;3;4;5;7;9;11,I;II;aVR;aVL;aVF;V2;V4;V6,6,0.8,1,0,1,0,2
0;1;3;4;5;7;9;11,I;II;aVR;aVL;aVF;V2;V4;V6,6,0.9,1,0,0,0,1
0;1;3;4;5;7;10,I;II;aVR;aVL;aVF;V2;V5,5,0.5,1,1,1,0,3
0;1;3;4;5;7;10,I;II;aVR;aVL;aVF;V2;V5,5,0.6,1,1,1,0,3
0;1;3;4;5;7;10,I;II;aVR;aVL;aVF;V2;V5,5,0.7,1,0,1,0,2
0;1;3;4;5;7;10,I;II;aVR;aVL;aVF;V2;V5,5,0.8,1,0,1,0,2
0;1;3;4;5;7;10,I;II;aVR;aVL;aVF;V2;V5,5,0.9,1,0,0,0,1
0;1;3;4;5;7;10;11,I;II;aVR;aVL;aVF;V2;V5;V6,6,0.5,1,1,1,0,3
0;1;3;4;5;7;10;11,I;II;aVR;aVL;aVF;V2;V5;V6,6,0.6,1,0,1,0,2
0;1;3;4;5;7;10;11,I;II;aVR;aVL;aVF;V2;V5;V6,6,0.7,1,0,1,0,2
0;1;3;4;5;7;10;11,I;II;aVR;aVL;aVF;V2;V5;V6,6,0.8,1,0,1,0,2
0;1;3;4;5;7;10;11,I;II;aVR;aVL;aVF;V2;V5;V6,6,0.9,1,0,0,0,1
0;1;3;4;5;7;11,I;II;aVR;aVL;aVF;V2;V6,5,0.5,1,1,1,0,3
0;1;3;4;5;7;11,I;II;aVR;aVL;aVF;V2;V6,5,0.6,1,1,1,0,3
0;1;3;4;5;7;11,I;II;aVR;aVL;aVF;V2;V6,5,0.7,1,0,1,0,2
0;1;3;4;5;7;11,I;II;aVR;aVL;aVF;V2;V6,5,0.8,1,0,1,0,2
0;1;3;4;5;7;11,I;II;aVR;aVL;aVF;V2;V6,5,0.9,1,0,0,0,1
0;1;3;4;5;8,I;II;aVR;aVL;aVF;V3,4,0.5,1,1,1,0,3
0;1;3;4;5;8,I;II;aVR;aVL;aVF;V3,4,0.6,1,0,1,0,2
0;1;3;4;5;8,I;II;aVR;aVL;aVF;V3,4,0.7,1,0,1,0,2
0;1;3;4;5;8,I;II;aVR;aVL;aVF;V3,4,0.8,1,0,0,0,1
0;1;3;4;5;8,I;II;aVR;aVL;aVF;V3,4,0.9,1,0,0,0,1
0;1;3;4;5;8;9,I;II;aVR;aVL;aVF;V3;V4,5,0.5,1,1,1,0,3
0;1;3;4;5;8;9,I;II;aVR;aVL;aVF;V3;V4,5,0.6,1,0,1,0,2
0;1;3;4;5;8;9,I;II;aVR;aVL;aVF;V3;V4,5,0.7,1,0,1,0,2
0;1;3;4;5;8;9,I;II;aVR;aVL;aVF;V3;V4,5,0.8,1,0,1,0,2
0;1;3;4;5;8;9,I;II;aVR;aVL;aVF;V3;V4,5,0.9,1,0,0,0,1
0;1;3;4;5;8;9;10,I;II;aVR;aVL;aVF;V3;V4;V5,6,0.5,1,1,1,0,3
0;1;3;4;5;8;9;10,I;II;aVR;aVL;aVF;V3;V4;V5,6,0.6,1,0,1,0,2
0;1;3;4;5;8;9;10,I;II;aVR;aVL;aVF;V3;V4;V5,6,0.7,1,0,1,0,2
0;1;3;4;5;8;9;10,I;II;aVR;aVL;aVF;V3;V4;V5,6,0.8,1,0,0,0,1
0;1;3;4;5;8;9;10,I;II;aVR;aVL;aVF;V3;V4;V5,6,0.9,1,0,0,0,1
0;1;3;4;5;8;9;10;11,I;II;aVR;aVL;aVF;V3;V4;V5;V6,7,0.5,1,1,1,0,3
0;1;3;4;5;8;9;10;11,I;II;aVR;aVL;aVF;V3;V4;V5;V6,7,0.6,1,0,1,0,2
0;1;3;4;5;8;9;10;11,I;II;aVR;aVL;aVF;V3;V4;V5;V6,7,0.7,1,0,1,0,2
0;1;3;4;5;8;9;10;11,I;II;aVR;aVL;aVF;V3;V4;V5;V6,7,0.8,1,0,0,0,1
0;1;3;4;5;8;9;10;11,I;II;aVR;aVL;aVF;V3;V4;V5;V6,7,0.9,1,0,0,0,1
0;1;3;4;5;8;9;11,I;II;aVR;aVL;aVF;V3;V4;V6,6,0.5,1,1,1,0,3
0;1;3;4;5;8;9;11,I;II;aVR;aVL;aVF;V3;V4;V6,6,0.6,1,0,1,0,2
0;1;3;4;5;8;9;11,I;II;aVR;aVL;aVF;V3;V4;V6,6,0.7,1,0,1,0,2
0;1;3;4;5;8;9;11,I;II;aVR;aVL;aVF;V3;V4;V6,6,0.8,1,0,0,0,1
0;1;3;4;5;8;9;11,I;II;aVR;aVL;aVF;V3;V4;V6,6,0.9,1,0,0,0,1
0;1;3;4;5;8;10,I;II;aVR;aVL;aVF;V3;V5,5,0.5,1,1,1,0,3
0;1;3;4;5;8;10,I;II;aVR;aVL;aVF;V3;V5,5,0.6,1,0,1,0,2
0;1;3;4;5;8;10,I;II;aVR;aVL;aVF;V3;V5,5,0.7,1,0,1,0,2
0;1;3;4;5;8;10,I;II;aVR;aVL;aVF;V3;V5,5,0.8,1,0,0,0,1
0;1;3;4;5;8;10,I;II;aVR;aVL;aVF;V3;V5,5,0.9,1,0,0,0,1
0;1;3;4;5;8;10;11,I;II;aVR;aVL;aVF;V3;V5;V6,6,0.5,1,1,1,0,3
0;1;3;4;5;8;10;11,I;II;aVR;aVL;aVF;V3;V5;V6,6,0.6,1,0,1,0,2
0;1;3;4;5;8;10;11,I;II;aVR;aVL;aVF;V3;V5;V6,6,0.7,1,0,1,0,2
0;1;3;4;5;8;10;11,I;II;aVR;aVL;aVF;V3;V5;V6,6,0.8,1,0,0,0,1
0;1;3;4;5;8;10;11,I;II;aVR;aVL;aVF;V3;V5;V6,6,0.9,1,0,0,0,1
0;1;3;4;5;8;11,I;II;aVR;aVL;aVF;V3;V6,5,0.5,1,1,1,0,3
0;1;3;4;5;8;11,I;II;aVR;aVL;aVF;V3;V6,5,0.6,1,0,1,0,2
0;1;3;4;5;8;11,I;II;aVR;aVL;aVF;V3;V6,5,0.7,1,0,1,0,2
0;1;3;4;5;8;11,I;II;aVR;aVL;aVF;V3;V6,5,0.8,1,0,0,0,1
0;1;3;4;5;8;11,I;II;aVR;aVL;aVF;V3;V6,5,0.9,1,0,0,0,1
0;1;3;4;5;9,I;II;aVR;aVL;aVF;V4,4,0.5,1,1,1,0,3
0;1;3;4;5;9,I;II;aVR;aVL;aVF;V4,4,0.6,1,0,1,0,2
0;1;3;4;5;9,I;II;aVR;aVL;aVF;V4,4,0.7,1,0,1,0,2
0;1;3;4;5;9,I;II;aVR;aVL;aVF;V4,4,0.8,1,0,1,0,2
0;1;3;4;5;9,I;II;aVR;aVL;aVF;V4,4,0.9,1,0,0,0,1
0;1;3;4;5;9;10,I;II;aVR;aVL;aVF;V4;V5,5,0.5,1,1,1,0,3
0;1;3;4;5;9;10,I;II;aVR;aVL;aVF;V4;V5,5,0.6,1,0,1,0,2
0;1;3;4;5;9;10,I;II;aVR;aVL;aVF;V4;V5,5,0.7,1,0,1,0,2
0;1;3;4;5;9;10,I;II;aVR;aVL;aVF;V4;V5,5,0.8,1,0,0,0,1
0;1;3;4;5;9;10,I;II;aVR;aVL;aVF;V4;V5,5,0.9,1,0,0,0,1
0;1;3;4;5;9;10;11,I;II;aVR;aVL;aVF;V4;V5;V6,6,0.5,1,1,1,0,3
0;1;3;4;5;9;10;11,I;II;aVR;aVL;aVF;V4;V5;V6,6,0.6,1,0,1,0,2
0;1;3;4;5;9;10;11,I;II;aVR;aVL;aVF;V4;V5;V6,6,0.7,1,0,1,0,2
0;1;3;4;5;9;10;11,I;II;aVR;aVL;aVF;V4;V5;V6,6,0.8,1,0,1,0,2
0;1;3;4;5;9;10;11,I;II;aVR;aVL;aVF;V4;V5;V6,6,0.9,1,0,0,0,1
0;1;3;4;5;9;11,I;II;aVR;aVL;aVF;V4;V6,5,0.5,1,1,1,0,3
0;1;3;4;5;9;11,I;II;aVR;aVL;aVF;V4;V6,5,0.6,1,0,1,0,2
0;1;3;4;5;9;11,I;II;aVR;aVL;aVF;V4;V6,5,0.7,1,0,1,0,2
0;1;3;4;5;9;11,I;II;aVR;aVL;aVF;V4;V6,5,0.8,1,0,0,0,1
0;1;3;4;5;9;11,I;II;aVR;aVL;aVF;V4;V6,5,0.9,1,0,0,0,1
0;1;3;4;5;10,I;II;aVR;aVL;aVF;V5,4,0.5,1,1,1,0,3
0;1;3;4;5;10,I;II;aVR;aVL;aVF;V5,4,0.6,1,1,1,0,3
0;1;3;4;5;10,I;II;aVR;aVL;aVF;V5,4,0.7,1,0,1,0,2
0;1;3;4;5;10,I;II;aVR;aVL;aVF;V5,4,0.8,1,0,0,0,1
0;1;3;4;5;10,I;II;aVR;aVL;aVF;V5,4,0.9,1,0,0,0,1
0;1;3;4;5;10;11,I;II;aVR;aVL;aVF;V5;V6,5,0.5,1,1,1,0,3
0;1;3;4;5;10;11,I;II;aVR;aVL;aVF;V5;V6,5,0.6,1,0,1,0,2
0;1;3;4;5;10;11,I;II;aVR;aVL;aVF;V5;V6,5,0.7,1,0,1,0,2
0;1;3;4;5;10;11,I;II;aVR;aVL;aVF;V5;V6,5,0.8,1,0,0,0,1
0;1;3;4;5;10;11,I;II;aVR;aVL;aVF;V5;V6,5,0.9,1,0,0,0,1
0;1;3;4;5;11,I;II;aVR;aVL;aVF;V6,4,0.5,1,1,1,0,3
0;1;3;4;5;11,I;II;aVR;aVL;aVF;V6,4,0.6,1,0,1,0,2
0;1;3;4;5;11,I;II;aVR;aVL;aVF;V6,4,0.7,1,0,1,0,2
0;1;3;4;5;11,I;II;aVR;aVL;aVF;V6,4,0.8,1,0,1,0,2
0;1;3;4;5;11,I;II;aVR;aVL;aVF;V6,4,0.9,1,0,0,0,1
0;1;3;4;6,I;II;aVR;aVL;V1,4,0.5,1,1,1,0,3
0;1;3;4;6,I;II;aVR;aVL;V1,4,0.6,1,1,1,0,3
0;1;3;4;6,I;II;aVR;aVL;V1,4,0.7,1,0,1,0,2
0;1;3;4;6,I;II;aVR;aVL;V1,4,0.8,1,0,1,0,2
0;1;3;4;6,I;II;aVR;aVL;V1,4,0.9,1,0,0,0,1
0;1;3;4;6;7,I;II;aVR;aVL;V1;V2,5,0.5,1,1,1,0,3
0;1;3;4;6;7,I;II;aVR;aVL;V1;V2,5,0.6,1,0,1,0,2
0;1;3;4;6;7,I;II;aVR;aVL;V1;V2,5,0.7,1,0,1,0,2
0;1;3;4;6;7,I;II;aVR;aVL;V1;V2,5,0.8,1,0,1,0,2
0;1;3;4;6;7,I;II;aVR;aVL;V1;V2,5,0.9,1,0,0,0,1
0;1;3;4;6;7;8,I;II;aVR;aVL;V1;V2;V3,6,0.5,1,1,1,0,3
0;1;3;4;6;7;8,I;II;aVR;aVL;V1;V2;V3,6,0.6,1,1,1,0,3
0;1;3;4;6;7;8,I;II;aVR;aVL;V1;V2;V3,6,0.7,1,0,1,0,2
0;1;3;4;6;7;8,I;II;aVR;aVL;V1;V2;V3,6,0.8,1,0,1,0,2
0;1;3;4;6;7;8,I;II;aVR;aVL;V1;V2;V3,6,0.9,1,0,0,0,1
0;1;3;4;6;7;8;9,I;II;aVR;aVL;V1;V2;V3;V4,7,0.5,1,1,1,0,3
0;1;3;4;6;7;8;9,I;II;aVR;aVL;V1;V2;V3;V4,7,0.6,1,0,1,0,2
0;1;3;4;6;7;8;9,I;II;aVR;aVL;V1;V2;V3;V4,7,0.7,1,0,1,0,2
0;1;3;4;6;7;8;9,I;II;aVR;aVL;V1;V2;V3;V4,7,0.8,1,0,1,0,2
0;1;3;4;6;7;8;9,I;II;aVR;aVL;V1;V2;V3;V4,7,0.9,1,0,0,0,1
0;1;3;4;6;7;8;9;10,I;II;aVR;aVL;V1;V2;V3;V4;V5,8,0.5,1,1,1,0,3
0;1;3;4;6;7;8;9;10,I;II;aVR;aVL;V1;V2;V3;V4;V5,8,0.6,1,0,1,0,2
0;1;3;4;6;7;8;9;10,I;II;aVR;aVL;V1;V2;V3;V4;V5,8,0.7,1,0,1,0,2
0;1;3;4;6;7;8;9;10,I;II;aVR;aVL;V1;V2;V3;V4;V5,8,0.8,1,0,1,0,2
0;1;3;4;6;7;8;9;10,I;II;aVR;aVL;V1;V2;V3;V4;V5,8,0.9,1,0,0,0,1
0;1;3;4;6;7;8;9;10;11,I;II;aVR;aVL;V1;V2;V3;V4;V5;V6,9,0.5,1,1,1,0,3
0;1;3;4;6;7;8;9;10;11,I;II;aVR;aVL;V1;V2;V3;V4;V5;V6,9,0.6,1,0,1,0,2
0;1;3;4;6;7;8;9;10;11,I;II;aVR;aVL;V1;V2;V3;V4;V5;V6,9,0.7,1,0,1,0,2
0;1;3;4;6;7;8;9;10;11,I;II;aVR;aVL;V1;V2;V3;V4;V5;V6,9,0.8,1,0,1,0,2
0;1;3;4;6;7;8;9;10;11,I;II;aVR;aVL;V1;V2;V3;V4;V5;V6,9,0.9,1,0,0,0,1
0;1;3;4;6;7;8;9;11,I;II;aVR;aVL;V1;V2;V3;V4;V6,8,0.5,1,1,1,0,3
0;1;3;4;6;7;8;9;11,I;II;aVR;aVL;V1;V2;V3;V4;V6,8,0.6,1,0,1,0,2
0;1;3;4;6;7;8;9;11,I;II;aVR;aVL;V1;V2;V3;V4;V6,8,0.7,1,0,1,0,2
0;1;3;4;6;7;8;9;11,I;II;aVR;aVL;V1;V2;V3;V4;V6,8,0.8,1,0,1,0,2
0;1;3;4;6;7;8;9;11,I;II;aVR;aVL;V1;V2;V3;V4;V6,8,0.9,1,0,0,0,1
0;1;3;4;6;7;8;10,I;II;aVR;aVL;V1;V2;V3;V5,7,0.5,1,1,1,0,3
0;1;3;4;6;7;8;10,I;II;aVR;aVL;V1;V2;V3;V5,7,0.6,1,0,1,0,2
0;1;3;4;6;7;8;10,I;II;aVR;aVL;V1;V2;V3;V5,7,0.7,1,0,1,0,2
0;1;3;4;6;7;8;10,I;II;aVR;aVL;V1;V2;V3;V5,7,0.8,1,0,1,0,2
0;1;3;4;6;7;8;10,I;II;aVR;aVL;V1;V2;V3;V5,7,0.9,1,0,0,0,1
0;1;3;4;6;7;8;10;11,I;II;aVR;aVL;V1;V2;V3;V5;V6,8,0.5,1,1,1,0,3
0;1;3;4;6;7;8;10;11,I;II;aVR;aVL;V1;V2;V3;V5;V6,8,0.6,1,0,1,0,2
0;1;3;4;6;7;8;10;11,I;II;aVR;aVL;V1;V2;V3;V5;V6,8,0.7,1,0,1,0,2
0;1;3;4;6;7;8;10;11,I;II;aVR;aVL;V1;V2;V3;V5;V6,8,0.8,1,0,1,0,2
0;1;3;4;6;7;8;10;11,I;II;aVR;aVL;V1;V2;V3;V5;V6,8,0.9,1,0,0,0,1
0;1;3;4;6;7;8;11,I;II;aVR;aVL;V1;V2;V3;V6,7,0.5,1,1,1,0,3
0;1;3;4;6;7;8;11,I;II;aVR;aVL;V1;V2;V3;V6,7,0.6,1,0,1,0,2
0;1;3;4;6;7;8;11,I;II;aVR;aVL;V1;V2;V3;V6,7,0.7,1,0,1,0,2
0;1;3;4;6;7;8;11,I;II;aVR;aVL;V1;V2;V3;V6,7,0.8,1,0,1,0,2
0;1;3;4;6;7;8;11,I;II;aVR;aVL;V1;V2;V3;V6,7,0.9,1,0,0,0,1
0;1;3;4;6;7;9,I;II;aVR;aVL;V1;V2;V4,6,0.5,1,1,1,0,3
0;1;3;4;6;7;9,I;II;aVR;aVL;V1;V2;V4,6,0.6,1,0,1,0,2
0;1;3;4;6;7;9,I;II;aVR;aVL;V1;V2;V4,6,0.7,1,0,1,0,2
0;1;3;4;6;7;9,I;II;aVR;aVL;V1;V2;V4,6,0.8,1,0,1,0,2
0;1;3;4;6;7;9,I;II;aVR;aVL;V1;V2;V4,6,0.9,1,0,0,0,1
0;1;3;4;6;7;9;10,I;II;aVR;aVL;V1;V2;V4;V5,7,0.5,1,1,1,0,3
0;1;3;4;6;7;9;10,I;II;aVR;aVL;V1;V2;V4;V5,7,0.6,1,0,1,0,2
0;1;3;4;6;7;9;10,I;II;aVR;aVL;V1;V2;V4;V5,7,0.7,1,0,1,0,2
0;1;3;4;6;7;9;10,I;II;aVR;aVL;V1;V2;V4;V5,7,0.8,1,0,1,0,2
0;1;3;4;6;7;9;10,I;II;aVR;aVL;V1;V2;V4;V5,7,0.9,1,0,0,0,1
0;1;3;4;6;7;9;10;11,I;II;aVR;aVL;V1;V2;V4;V5;V6,8,0.5,1,1,1,0,3
0;1;3;4;6;7;9;10;11,I;II;aVR;aVL;V1;V2;V4;V5;V6,8,0.6,1,0,1,0,2
0;1;3;4;6;7;9;10;11,I;II;aVR;aVL;V1;V2;V4;V5;V6,8,0.7,1,0,1,0,2
0;1;3;4;6;7;9;10;11,I;II;aVR;aVL;V1;V2;V4;V5;V6,8,0.8,1,0,1,0,2
0;1;3;4;6;7;9;10;11,I;II;aVR;aVL;V1;V2;V4;V5;V6,8,0.9,1,0,0,0,1
0;1;3;4;6;7;9;11,I;II;aVR;aVL;V1;V2;V4;V6,7,0.5,1,1,1,0,3
0;1;3;4;6;7;9;11,I;II;aVR;aVL;V1;V2;V4;V6,7,0.6,1,0,1,0,2
0;1;3;4;6;7;9;11,I;II;aVR;aVL;V1;V2;V4;V6,7,0.7,1,0,1,0,2
0;1;3;4;6;7;9;11,I;II;aVR;aVL;V1;V2;V4;V6,7,0.8,1,0,1,0,2
0;1;3;4;6;7;9;11,I;II;aVR;aVL;V1;V2;V4;V6,7,0.9,1,0,0,0,1
0;1;3;4;6;7;10,I;II;aVR;aVL;V1;V2;V5,6,0.5,1,1,1,0,3
0;1;3;4;6;7;10,I;II;aVR;aVL;V1;V2;V5,6,0.6,1,0,1,0,2
0;1;3;4;6;7;10,I;II;aVR;aVL;V1;V2;V5,6,0.7,1,0,1,0,2
0;1;3;4;6;7;10,I;II;aVR;aVL;V1;V2;V5,6,0.8,1,0,1,0,2
0;1;3;4;6;7;10,I;II;aVR;aVL;V1;V2;V5,6,0.9,1,0,0,0,1
0;1;3;4;6;7;10;11,I;II;aVR;aVL;V1;V2;V5;V6,7,0.5,1,1,1,0,3
0;1;3;4;6;7;10;11,I;II;aVR;aVL;V1;V2;V5;V6,7,0.6,1,0,1,0,2
0;1;3;4;6;7;10;11,I;II;aVR;aVL;V1;V2;V5;V6,7,0.7,1,0,1,0,2
0;1;3;4;6;7;10;11,I;II;aVR;aVL;V1;V2;V5;V6,7,0.8,1,0,1,0,2
0;1;3;4;6;7;10;11,I;II;aVR;aVL;V1;V2;V5;V6,7,0.9,1,0,0,0,1
0;1;3;4;6;7;11,I;II;aVR;aVL;V1;V2;V6,6,0.5,1,1,1,0,3
0;1;3;4;6;7;11,I;II;aVR;aVL;V1;V2;V6,6,0.6,1,0,1,0,2
0;1;3;4;6;7;11,I;II;aVR;aVL;V1;V2;V6,6,0.7,1,0,1,0,2
0;1;3;4;6;7;11,I;II;aVR;aVL;V1;V2;V6,6,0.8,1,0,1,0,2
0;1;3;4;6;7;11,I;II;aVR;aVL;V1;V2;V6,6,0.9,1,0,0,0,1
0;1;3;4;6;8,I;II;aVR;aVL;V1;V3,5,0.5,1,1,1,0,3
0;1;3;4;6;8,I;II;aVR;aVL;V1;V3,5,0.6,1,0,1,0,2
0;1;3;4;6;8,I;II;aVR;aVL;V1;V3,5,0.7,1,0,1,0,2
0;1;3;4;6;8,I;II;aVR;aVL;V1;V3,5,0.8,1,0,1,0,2
0;1;3;4;6;8,I;II;aVR;aVL;V1;V3,5,0.9,1,0,0,0,1
0;1;3;4;6;8;9,I;II;aVR;aVL;V1;V3;V4,6,0.5,1,1,1,0,3
0;1;3;4;6;8;9,I;II;aVR;aVL;V1;V3;V4,6,0.6,1,0,1,0,2
0;1;3;4;6;8;9,I;II;aVR;aVL;V1;V3;V4,6,0.7,1,0,1,0,2
0;1;3;4;6;8;9,I;II;aVR;aVL;V1;V3;V4,6,0.8,1,0,1,0,2
0;1;3;4;6;8;9,I;II;aVR;aVL;V1;V3;V4,6,0.9,1,0,0,0,1
0;1;3;4;6;8;9;10,I;II;aVR;aVL;V1;V3;V4;V5,7,0.5,1,1,1,0,3
0;1;3;4;6;8;9;10,I;II;aVR;aVL;V1;V3;V4;V5,7,0.6,1,0,1,0,2
0;1;3;4;6;8;9;10,I;II;aVR;aVL;V1;V3;V4;V5,7,0.7,1,0,1,0,2
0;1;3;4;6;8;9;10,I;II;aVR;aVL;V1;V3;V4;V5,7,0.8,1,0,1,0,2
0;1;3;4;6;8;9;10,I;II;aVR;aVL;V1;V3;V4;V5,7,0.9,1,0,0,0,1
0;1;3;4;6;8;9;10;11,I;II;aVR;aVL;V1;V3;V4;V5;V6,8,0.5,1,1,1,0,3
0;1;3;4;6;8;9;10;11,I;II;aVR;aVL;V1;V3;V4;V5;V6,8,0.6,1,0,1,0,2
0;1;3;4;6;8;9;10;11,I;II;aVR;aVL;V1;V3;V4;V5;V6,8,0.7,1,0,1,0,2
0;1;3;4;6;8;9;10;11,I;II;aVR;aVL;V1;V3;V4;V5;V6,8,0.8,1,0,1,0,2
0;1;3;4;6;8;9;10;11,I;II;aVR;aVL;V1;V3;V4;V5;V6,8,0.9,1,0,0,0,1
0;1;3;4;6;8;9;11,I;II;aVR;aVL;V1;V3;V4;V6,7,0.5,1,1,1,0,3
0;1;3;4;6;8;9;11,I;II;aVR;aVL;V1;V3;V4;V6,7,0.6,1,0,1,0,2
0;1;3;4;6;8;9;11,I;II;aVR;aVL;V1;V3;V4;V6,7,0.7,1,0,1,0,2
0;1;3;4;6;8;9;11,I;II;aVR;aVL;V1;V3;V4;V6,7,0.8,1,0,1,0,2
0;1;3;4;6;8;9;11,I;II;aVR;aVL;V1;V3;V4;V6,7,0.9,1,0,0,0,1
0;1;3;4;6;8;10,I;II;aVR;aVL;V1;V3;V5,6,0.5,1,1,1,0,3
0;1;3;4;6;8;10,I;II;aVR;aVL;V1;V3;V5,6,0.6,1,0,1,0,2
0;1;3;4;6;8;10,I;II;aVR;aVL;V1;V3;V5,6,0.7,1,0,1,0,2
0;1;3;4;6;8;10,I;II;aVR;aVL;V1;V3;V5,6,0.8,1,0,1,0,2
0;1;3;4;6;8;10,I;II;aVR;aVL;V1;V3;V5,6,0.9,1,0,0,0,1
0;1;3;4;6;8;10;11,I;II;aVR;aVL;V1;V3;V5;V6,7,0.5,1,1,1,0,3
0;1;3;4;6;8;10;11,I;II;aVR;aVL;V1;V3;V5;V6,7,0.6,1,0,1,0,2
0;1;3;4;6;8;10;11,I;II;aVR;aVL;V1;V3;V5;V6,7,0.7,1,0,1,0,2
0;1;3;4;6;8;10;11,I;II;aVR;aVL;V1;V3;V5;V6,7,0.8,1,0,1,0,2
0;1;3;4;6;8;10;11,I;II;aVR;aVL;V1;V3;V5;V6,7,0.9,1,0,0,0,1
0;1;3;4;6;8;11,I;II;aVR;aVL;V1;V3;V6,6,0.5,1,1,1,0,3
0;1;3;4;6;8;11,I;II;aVR;aVL;V1;V3;V6,6,0.6,1,0,1,0,2
0;1;3;4;6;8;11,I;II;aVR;aVL;V1;V3;V6,6,0.7,1,0,1,0,2
0;1;3;4;6;8;11,I;II;aVR;aVL;V1;V3;V6,6,0.8,1,0,1,0,2
0;1;3;4;6;8;11,I;II;aVR;aVL;V1;V3;V6,6,0.9,1,0,0,0,1
0;1;3;4;6;9,I;II;aVR;aVL;V1;V4,5,0.5,1,1,1,0,3
0;1;3;4;6;9,I;II;aVR;aVL;V1;V4,5,0.6,1,0,1,0,2
0;1;3;4;6;9,I;II;aVR;aVL;V1;V4,5,0.7,1,0,1,0,2
0;1;3;4;6;9,I;II;aVR;aVL;V1;V4,5,0.8,1,0,1,0,2
0;1;3;4;6;9,I;II;aVR;aVL;V1;V4,5,0.9,1,0,0,0,1
0;1;3;4;6;9;10,I;II;aVR;aVL;V1;V4;V5,6,0.5,1,1,1,0,3
0;1;3;4;6;9;10,I;II;aVR;aVL;V1;V4;V5,6,0.6,1,0,1,0,2
0;1;3;4;6;9;10,I;II;aVR;aVL;V1;V4;V5,6,0.7,1,0,1,0,2
0;1;3;4;6;9;10,I;II;aVR;aVL;V1;V4;V5,6,0.8,1,0,1,0,2
0;1;3;4;6;9;10,I;II;aVR;aVL;V1;V4;V5,6,0.9,1,0,0,0,1
0;1;3;4;6;9;10;11,I;II;aVR;aVL;V1;V4;V5;V6,7,0.5,1,1,1,0,3
0;1;3;4;6;9;10;11,I;II;aVR;aVL;V1;V4;V5;V6,7,0.6,1,0,1,0,2
0;1;3;4;6;9;10;11,I;II;aVR;aVL;V1;V4;V5;V6,7,0.7,1,0,1,0,2
0;1;3;4;6;9;10;11,I;II;aVR;aVL;V1;V4;V5;V6,7,0.8,1,0,1,0,2
0;1;3;4;6;9;10;11,I;II;aVR;aVL;V1;V4;V5;V6,7,0.9,1,0,0,0,1
0;1;3;4;6;9;11,I;II;aVR;aVL;V1;V4;V6,6,0.5,1,1,1,0,3
0;1;3;4;6;9;11,I;II;aVR;aVL;V1;V4;V6,6,0.6,1,0,1,0,2
0;1;3;4;6;9;11,I;II;aVR;aVL;V1;V4;V6,6,0.7,1,0,1,0,2
0;1;3;4;6;9;11,I;II;aVR;aVL;V1;V4;V6,6,0.8,1,0,1,0,2
0;1;3;4;6;9;11,I;II;aVR;aVL;V1;V4;V6,6,0.9,1,0,0,0,1
0;1;3;4;6;10,I;II;aVR;aVL;V1;V5,5,0.5,1,1,1,0,3
0;1;3;4;6;10,I;II;aVR;aVL;V1;V5,5,0.6,1,0,1,0,2
0;1;3;4;6;10,I;II;aVR;aVL;V1;V5,5,0.7,1,0,1,0,2
0;1;3;4;6;10,I;II;aVR;aVL;V1;V5,5,0.8,1,0,1,0,2
0;1;3;4;6;10,I;II;aVR;aVL;V1;V5,5,0.9,1,0,0,0,1
0;1;3;4;6;10;11,I;II;aVR;aVL;V1;V5;V6,6,0.5,1,1,1,0,3
0;1;3;4;6;10;11,I;II;aVR;aVL;V1;V5;V6,6,0.6,1,0,1,0,2
0;1;3;4;6;10;11,I;II;aVR;aVL;V1;V5;V6,6,0.7,1,0,1,0,2
0;1;3;4;6;10;11,I;II;aVR;aVL;V1;V5;V6,6,0.8,1,0,1,0,2
0;1;3;4;6;10;11,I;II;aVR;aVL;V1;V5;V6,6,0.9,1,0,0,0,1
0;1;3;4;6;11,I;II;aVR;aVL;V1;V6,5,0.5,1,1,1,0,3
0;1;3;4;6;11,I;II;aVR;aVL;V1;V6,5,0.6,1,1,1,0,3
0;1;3;4;6;11,I;II;aVR;aVL;V1;V6,5,0.7,1,0,1,0,2
0;1;3;4;6;11,I;II;aVR;aVL;V1;V6,5,0.8,1,0,1,0,2
0;1;3;4;6;11,I;II;aVR;aVL;V1;V6,5,0.9,1,0,0,0,1
0;1;3;4;7,I;II;aVR;aVL;V2,4,0.5,1,1,1,0,3
0;1;3;4;7,I;II;aVR;aVL;V2,4,0.6,1,0,1,0,2
0;1;3;4;7,I;II;aVR;aVL;V2,4,0.7,1,0,1,0,2
0;1;3;4;7,I;II;aVR;aVL;V2,4,0.8,1,0,1,0,2
0;1;3;4;7,I;II;aVR;aVL;V2,4,0.9,1,0,0,0,1
0;1;3;4;7;8,I;II;aVR;aVL;V2;V3,5,0.5,1,1,1,0,3
0;1;3;4;7;8,I;II;aVR;aVL;V2;V3,5,0.6,1,1,1,0,3
0;1;3;4;7;8,I;II;aVR;aVL;V2;V3,5,0.7,1,0,1,0,2
0;1;3;4;7;8,I;II;aVR;aVL;V2;V3,5,0.8,1,0,1,0,2
0;1;3;4;7;8,I;II;aVR;aVL;V2;V3,5,0.9,1,0,0,0,1
0;1;3;4;7;8;9,I;II;aVR;aVL;V2;V3;V4,6,0.5,1,1,1,0,3
0;1;3;4;7;8;9,I;II;aVR;aVL;V2;V3;V4,6,0.6,1,0,1,0,2
0;1;3;4;7;8;9,I;II;aVR;aVL;V2;V3;V4,6,0.7,1,0,1,0,2
0;1;3;4;7;8;9,I;II;aVR;aVL;V2;V3;V4,6,0.8,1,0,1,0,2
0;1;3;4;7;8;9,I;II;aVR;aVL;V2;V3;V4,6,0.9,1,0,0,0,1
0;1;3;4;7;8;9;10,I;II;aVR;aVL;V2;V3;V4;V5,7,0.5,1,1,1,0,3
0;1;3;4;7;8;9;10,I;II;aVR;aVL;V2;V3;V4;V5,7,0.6,1,1,1,0,3
0;1;3;4;7;8;9;10,I;II;aVR;aVL;V2;V3;V4;V5,7,0.7,1,0,1,0,2
0;1;3;4;7;8;9;10,I;II;aVR;aVL;V2;V3;V4;V5,7,0.8,1,0,1,0,2
0;1;3;4;7;8;9;10,I;II;aVR;aVL;V2;V3;V4;V5,7,0.9,1,0,0,0,1
0;1;3;4;7;8;9;10;11,I;II;aVR;aVL;V2;V3;V4;V5;V6,8,0.5,1,1,1,0,3
0;1;3;4;7;8;9;10;11,I;II;aVR;aVL;V2;V3;V4;V5;V6,8,0.6,1,0,1,0,2
0;1;3;4;7;8;9;10;11,I;II;aVR;aVL;V2;V3;V4;V5;V6,8,0.7,1,0,1,0,2
0;1;3;4;7;8;9;10;11,I;II;aVR;aVL;V2;V3;V4;V5;V6,8,0.8,1,0,0,0,1
0;1;3;4;7;8;9;10;11,I;II;aVR;aVL;V2;V3;V4;V5;V6,8,0.9,1,0,0,0,1
0;1;3;4;7;8;9;11,I;II;aVR;aVL;V2;V3;V4;V6,7,0.5,1,1,1,0,3
0;1;3;4;7;8;9;11,I;II;aVR;aVL;V2;V3;V4;V6,7,0.6,1,0,1,0,2
0;1;3;4;7;8;9;11,I;II;aVR;aVL;V2;V3;V4;V6,7,0.7,1,0,1,0,2
0;1;3;4;7;8;9;11,I;II;aVR;aVL;V2;V3;V4;V6,7,0.8,1,0,1,0,2
0;1;3;4;7;8;9;11,I;II;aVR;aVL;V2;V3;V4;V6,7,0.9,1,0,0,0,1
0;1;3;4;7;8;10,I;II;aVR;aVL;V2;V3;V5,6,0.5,1,1,1,0,3
0;1;3;4;7;8;10,I;II;aVR;aVL;V2;V3;V5,6,0.6,1,0,1,0,2
0;1;3;4;7;8;10,I;II;aVR;aVL;V2;V3;V5,6,0.7,1,0,1,0,2
0;1;3;4;7;8;10,I;II;aVR;aVL;V2;V3;V5,6,0.8,1,0,1,0,2
0;1;3;4;7;8;10,I;II;aVR;aVL;V2;V3;V5,6,0.9,1,0,0,0,1
0;1;3;4;7;8;10;11,I;II;aVR;aVL;V2;V3;V5;V6,7,0.5,1,1,1,0,3
0;1;3;4;7;8;10;11,I;II;aVR;aVL;V2;V3;V5;V6,7,0.6,1,0,1,0,2
0;1;3;4;7;8;10;11,I;II;aVR;aVL;V2;V3;V5;V6,7,0.7,1,0,1,0,2
0;1;3;4;7;8;10;11,I;II;aVR;aVL;V2;V3;V5;V6,7,0.8,1,0,0,0,1
0;1;3;4;7;8;10;11,I;II;aVR;aVL;V2;V3;V5;V6,7,0.9,1,0,0,0,1
0;1;3;4;7;8;11,I;II;aVR;aVL;V2;V3;V6,6,0.5,1,1,1,0,3
0;1;3;4;7;8;11,I;II;aVR;aVL;V2;V3;V6,6,0.6,1,1,1,0,3
0;1;3;4;7;8;11,I;II;aVR;aVL;V2;V3;V6,6,0.7,1,0,1,0,2
0;1;3;4;7;8;11,I;II;aVR;aVL;V2;V3;V6,6,0.8,1,0,1,0,2
0;1;3;4;7;8;11,I;II;aVR;aVL;V2;V3;V6,6,0.9,1,0,0,0,1
0;1;3;4;7;9,I;II;aVR;aVL;V2;V4,5,0.5,1,1,1,0,3
0;1;3;4;7;9,I;II;aVR;aVL;V2;V4,5,0.6,1,1,1,0,3
0;1;3;4;7;9,I;II;aVR;aVL;V2;V4,5,0.7,1,0,1,0,2
0;1;3;4;7;9,I;II;aVR;aVL;V2;V4,5,0.8,1,0,1,0,2
0;1;3;4;7;9,I;II;aVR;aVL;V2;V4,5,0.9,1,0,0,0,1
0;1;3;4;7;9;10,I;II;aVR;aVL;V2;V4;V5,6,0.5,1,1,1,0,3
0;1;3;4;7;9;10,I;II;aVR;aVL;V2;V4;V5,6,0.6,1,0,1,0,2
0;1;3;4;7;9;10,I;II;aVR;aVL;V2;V4;V5,6,0.7,1,0,1,0,2
0;1;3;4;7;9;10,I;II;aVR;aVL;V2;V4;V5,6,0.8,1,0,1,0,2
0;1;3;4;7;9;10,I;II;aVR;aVL;V2;V4;V5,6,0.9,1,0,0,0,1
0;1;3;4;7;9;10;11,I;II;aVR;aVL;V2;V4;V5;V6,7,0.5,1,1,1,0,3
0;1;3;4;7;9;10;11,I;II;aVR;aVL;V2;V4;V5;V6,7,0.6,1,0,1,0,2
0;1;3;4;7;9;10;11,I;II;aVR;aVL;V2;V4;V5;V6,7,0.7,1,0,1,0,2
0;1;3;4;7;9;10;11,I;II;aVR;aVL;V2;V4;V5;V6,7,0.8,1,0,0,0,1
0;1;3;4;7;9;10;11,I;II;aVR;aVL;V2;V4;V5;V6,7,0.9,1,0,0,0,1
0;1;3;4;7;9;11,I;II;aVR;aVL;V2;V4;V6,6,0.5,1,1,1,0,3
0;1;3;4;7;9;11,I;II;aVR;aVL;V2;V4;V6,6,0.6,1,0,1,0,2
0;1;3;4;7;9;11,I;II;aVR;aVL;V2;V4;V6,6,0.7,1,0,1,0,2
0;1;3;4;7;9;11,I;II;aVR;aVL;V2;V4;V6,6,0.8,1,0,1,0,2
0;1;3;4;7;9;11,I;II;aVR;aVL;V2;V4;V6,6,0.9,1,0,0,0,1
0;1;3;4;7;10,I;II;aVR;aVL;V2;V5,5,0.5,1,1,1,0,3
0;1;3;4;7;10,I;II;aVR;aVL;V2;V5,5,0.6,1,1,1,0,3
0;1;3;4;7;10,I;II;aVR;aVL;V2;V5,5,0.7,1,0,1,0,2
0;1;3;4;7;10,I;II;aVR;aVL;V2;V5,5,0.8,1,0,1,0,2
0;1;3;4;7;10,I;II;aVR;aVL;V2;V5,5,0.9,1,0,0,0,1
0;1;3;4;7;10;11,I;II;aVR;aVL;V2;V5;V6,6,0.5,1,1,1,0,3
0;1;3;4;7;10;11,I;II;aVR;aVL;V2;V5;V6,6,0.6,1,0,1,0,2
0;1;3;4;7;10;11,I;II;aVR;aVL;V2;V5;V6,6,0.7,1,0,1,0,2
0;1;3;4;7;10;11,I;II;aVR;aVL;V2;V5;V6,6,0.8,1,0,1,0,2
0;1;3;4;7;10;11,I;II;aVR;aVL;V2;V5;V6,6,0.9,1,0,0,0,1
0;1;3;4;7;11,I;II;aVR;aVL;V2;V6,5,0.5,1,1,1,0,3
0;1;3;4;7;11,I;II;aVR;aVL;V2;V6,5,0.6,1,0,1,0,2
0;1;3;4;7;11,I;II;aVR;aVL;V2;V6,5,0.7,1,0,1,0,2
0;1;3;4;7;11,I;II;aVR;aVL;V2;V6,5,0.8,1,0,1,0,2
0;1;3;4;7;11,I;II;aVR;aVL;V2;V6,5,0.9,1,0,0,0,1
0;1;3;4;8,I;II;aVR;aVL;V3,4,0.5,1,1,1,0,3
0;1;3;4;8,I;II;aVR;aVL;V3,4,0.6,1,0,1,0,2
0;1;3;4;8,I;II;aVR;aVL;V3,4,0.7,1,0,1,0,2
0;1;3;4;8,I;II;aVR;aVL;V3,4,0.8,1,0,0,0,1
0;1;3;4;8,I;II;aVR;aVL;V3,4,0.9,1,0,0,0,1
0;1;3;4;8;9,I;II;aVR;aVL;V3;V4,5,0.5,1,1,1,0,3
0;1;3;4;8;9,I;II;aVR;aVL;V3;V4,5,0.6,1,0,1,0,2
0;1;3;4;8;9,I;II;aVR;aVL;V3;V4,5,0.7,1,0,1,0,2
0;1;3;4;8;9,I;II;aVR;aVL;V3;V4,5,0.8,1,0,1,0,2
0;1;3;4;8;9,I;II;aVR;aVL;V3;V4,5,0.9,1,0,0,0,1
0;1;3;4;8;9;10,I;II;aVR;aVL;V3;V4;V5,6,0.5,1,1,1,0,3
0;1;3;4;8;9;10,I;II;aVR;aVL;V3;V4;V5,6,0.6,1,0,1,0,2
0;1;3;4;8;9;10,I;II;aVR;aVL;V3;V4;V5,6,0.7,1,0,1,0,2
0;1;3;4;8;9;10,I;II;aVR;aVL;V3;V4;V5,6,0.8,1,0,0,0,1
0;1;3;4;8;9;10,I;II;aVR;aVL;V3;V4;V5,6,0.9,1,0,0,0,1
0;1;3;4;8;9;10;11,I;II;aVR;aVL;V3;V4;V5;V6,7,0.5,1,1,1,0,3
0;1;3;4;8;9;10;11,I;II;aVR;aVL;V3;V4;V5;V6,7,0.6,1,0,1,0,2
0;1;3;4;8;9;10;11,I;II;aVR;aVL;V3;V4;V5;V6,7,0.7,1,0,1,0,2
0;1;3;4;8;9;10;11,I;II;aVR;aVL;V3;V4;V5;V6,7,0.8,1,0,0,0,1
0;1;3;4;8;9;10;11,I;II;aVR;aVL;V3;V4;V5;V6,7,0.9,1,0,0,0,1
0;1;3;4;8;9;11,I;II;aVR;aVL;V3;V4;V6,6,0.5,1,1,1,0,3
0;1;3;4;8;9;11,I;II;aVR;aVL;V3;V4;V6,6,0.6,1,0,1,0,2
0;1;3;4;8;9;11,I;II;aVR;aVL;V3;V4;V6,6,0.7,1,0,1,0,2
0;1;3;4;8;9;11,I;II;aVR;aVL;V3;V4;V6,6,0.8,1,0,0,0,1
0;1;3;4;8;9;11,I;II;aVR;aVL;V3;V4;V6,6,0.9,1,0,0,0,1
0;1;3;4;8;10,I;II;aVR;aVL;V3;V5,5,0.5,1,1,1,0,3
0;1;3;4;8;10,I;II;aVR;aVL;V3;V5,5,0.6,1,0,1,0,2
0;1;3;4;8;10,I;II;aVR;aVL;V3;V5,5,0.7,1,0,1,0,2
0;1;3;4;8;10,I;II;aVR;aVL;V3;V5,5,0.8,1,0,0,0,1
0;1;3;4;8;10,I;II;aVR;aVL;V3;V5,5,0.9,1,0,0,0,1
0;1;3;4;8;10;11,I;II;aVR;aVL;V3;V5;V6,6,0.5,1,1,1,0,3
0;1;3;4;8;10;11,I;II;aVR;aVL;V3;V5;V6,6,0.6,1,0,1,0,2
0;1;3;4;8;10;11,I;II;aVR;aVL;V3;V5;V6,6,0.7,1,0,1,0,2
0;1;3;4;8;10;11,I;II;aVR;aVL;V3;V5;V6,6,0.8,1,0,0,0,1
0;1;3;4;8;10;11,I;II;aVR;aVL;V3;V5;V6,6,0.9,1,0,0,0,1
0;1;3;4;8;11,I;II;aVR;aVL;V3;V6,5,0.5,1,1,1,0,3
0;1;3;4;8;11,I;II;aVR;aVL;V3;V6,5,0.6,1,0,1,0,2
0;1;3;4;8;11,I;II;aVR;aVL;V3;V6,5,0.7,1,0,1,0,2
0;1;3;4;8;11,I;II;aVR;aVL;V3;V6,5,0.8,1,0,0,0,1
0;1;3;4;8;11,I;II;aVR;aVL;V3;V6,5,0.9,1,0,0,0,1
0;1;3;4;9,I;II;aVR;aVL;V4,4,0.5,1,1,1,0,3
0;1;3;4;9,I;II;aVR;aVL;V4,4,0.6,1,0,1,0,2
0;1;3;4;9,I;II;aVR;aVL;V4,4,0.7,1,0,1,0,2
0;1;3;4;9,I;II;aVR;aVL;V4,4,0.8,1,0,1,0,2
0;1;3;4;9,I;II;aVR;aVL;V4,4,0.9,1,0,0,0,1
0;1;3;4;9;10,I;II;aVR;aVL;V4;V5,5,0.5,1,1,1,0,3
0;1;3;4;9;10,I;II;aVR;aVL;V4;V5,5,0.6,1,0,1,0,2
0;1;3;4;9;10,I;II;aVR;aVL;V4;V5,5,0.7,1,0,1,0,2
0;1;3;4;9;10,I;II;aVR;aVL;V4;V5,5,0.8,1,0,0,0,1
0;1;3;4;9;10,I;II;aVR;aVL;V4;V5,5,0.9,1,0,0,0,1
0;1;3;4;9;10;11,I;II;aVR;aVL;V4;V5;V6,6,0.5,1,1,1,0,3
0;1;3;4;9;10;11,I;II;aVR;aVL;V4;V5;V6,6,0.6,1,0,1,0,2
0;1;3;4;9;10;11,I;II;aVR;aVL;V4;V5;V6,6,0.7,1,0,1,0,2
0;1;3;4;9;10;11,I;II;aVR;aVL;V4;V5;V6,6,0.8,1,0,0,0,1
0;1;3;4;9;10;11,I;II;aVR;aVL;V4;V5;V6,6,0.9,1,0,0,0,1
0;1;3;4;9;11,I;II;aVR;aVL;V4;V6,5,0.5,1,1,1,0,3
0;1;3;4;9;11,I;II;aVR;aVL;V4;V6,5,0.6,1,0,1,0,2
0;1;3;4;9;11,I;II;aVR;aVL;V4;V6,5,0.7,1,0,1,0,2
0;1;3;4;9;11,I;II;aVR;aVL;V4;V6,5,0.8,1,0,0,0,1
0;1;3;4;9;11,I;II;aVR;aVL;V4;V6,5,0.9,1,0,0,0,1
0;1;3;4;10,I;II;aVR;aVL;V5,4,0.5,1,1,1,0,3
0;1;3;4;10,I;II;aVR;aVL;V5,4,0.6,1,0,1,0,2
0;1;3;4;10,I;II;aVR;aVL;V5,4,0.7,1,0,1,0,2
0;1;3;4;10,I;II;aVR;aVL;V5,4,0.8,1,0,0,0,1
0;1;3;4;10,I;II;aVR;aVL;V5,4,0.9,1,0,0,0,1
0;1;3;4;10;11,I;II;aVR;aVL;V5;V6,5,0.5,1,1,1,0,3
0;1;3;4;10;11,I;II;aVR;aVL;V5;V6,5,0.6,1,0,1,0,2
0;1;3;4;10;11,I;II;aVR;aVL;V5;V6,5,0.7,1,0,1,0,2
0;1;3;4;10;11,I;II;aVR;aVL;V5;V6,5,0.8,1,0,0,0,1
0;1;3;4;10;11,I;II;aVR;aVL;V5;V6,5,0.9,1,0,0,0,1
0;1;3;4;11,I;II;aVR;aVL;V6,4,0.5,1,1,1,0,3
0;1;3;4;11,I;II;aVR;aVL;V6,4,0.6,1,0,1,0,2
0;1;3;4;11,I;II;aVR;aVL;V6,4,0.7,1,0,1,0,2
0;1;3;4;11,I;II;aVR;aVL;V6,4,0.8,1,0,0,0,1
0;1;3;4;11,I;II;aVR;aVL;V6,4,0.9,1,0,0,0,1
0;1;3;5,I;II;aVR;aVF,3,0.5,1,1,1,0,3
0;1;3;5,I;II;aVR;aVF,3,0.6,1,1,1,0,3
0;1;3;5,I;II;aVR;aVF,3,0.7,1,0,1,0,2
0;1;3;5,I;II;aVR;aVF,3,0.8,1,0,1,0,2
0;1;3;5,I;II;aVR;aVF,3,0.9,1,0,0,0,1
0;1;3;5;6,I;II;aVR;aVF;V1,4,0.5,1,1,1,0,3
0;1;3;5;6,I;II;aVR;aVF;V1,4,0.6,1,0,1,0,2
0;1;3;5;6,I;II;aVR;aVF;V1,4,0.7,1,0,1,0,2
0;1;3;5;6,I;II;aVR;aVF;V1,4,0.8,1,0,1,0,2
0;1;3;5;6,I;II;aVR;aVF;V1,4,0.9,1,0,0,0,1
0;1;3;5;6;7,I;II;aVR;aVF;V1;V2,5,0.5,1,1,1,0,3
0;1;3;5;6;7,I;II;aVR;aVF;V1;V2,5,0.6,1,1,1,0,3
0;1;3;5;6;7,I;II;aVR;aVF;V1;V2,5,0.7,1,0,1,0,2
0;1;3;5;6;7,I;II;aVR;aVF;V1;V2,5,0.8,1,0,1,0,2
0;1;3;5;6;7,I;II;aVR;aVF;V1;V2,5,0.9,1,0,0,0,1
0;1;3;5;6;7;8,I;II;aVR;aVF;V1;V2;V3,6,0.5,1,1,1,0,3
0;1;3;5;6;7;8,I;II;aVR;aVF;V1;V2;V3,6,0.6,1,0,1,0,2
0;1;3;5;6;7;8,I;II;aVR;aVF;V1;V2;V3,6,0.7,1,0,1,0,2
0;1;3;5;6;7;8,I;II;aVR;aVF;V1;V2;V3,6,0.8,1,0,1,0,2
0;1;3;5;6;7;8,I;II;aVR;aVF;V1;V2;V3,6,0.9,1,0,0,0,1
0;1;3;5;6;7;8;9,I;II;aVR;aVF;V1;V2;V3;V4,7,0.5,1,1,1,0,3
0;1;3;5;6;7;8;9,I;II;aVR;aVF;V1;V2;V3;V4,7,0.6,1,0,1,0,2
0;1;3;5;6;7;8;9,I;II;aVR;aVF;V1;V2;V3;V4,7,0.7,1,0,1,0,2
0;1;3;5;6;7;8;9,I;II;aVR;aVF;V1;V2;V3;V4,7,0.8,1,0,1,0,2
0;1;3;5;6;7;8;9,I;II;aVR;aVF;V1;V2;V3;V4,7,0.9,1,0,0,0,1
0;1;3;5;6;7;8;9;10,I;II;aVR;aVF;V1;V2;V3;V4;V5,8,0.5,1,1,1,0,3
0;1;3;5;6;7;8;9;10,I;II;aVR;aVF;V1;V2;V3;V4;V5,8,0.6,1,0,1,0,2
0;1;3;5;6;7;8;9;10,I;II;aVR;aVF;V1;V2;V3;V4;V5,8,0.7,1,0,1,0,2
0;1;3;5;6;7;8;9;10,I;II;aVR;aVF;V1;V2;V3;V4;V5,8,0.8,1,0,1,0,2
0;1;3;5;6;7;8;9;10,I;II;aVR;aVF;V1;V2;V3;V4;V5,8,0.9,1,0,0,0,1
0;1;3;5;6;7;8;9;10;11,I;II;aVR;aVF;V1;V2;V3;V4;V5;V6,9,0.5,1,1,1,0,3
0;1;3;5;6;7;8;9;10;11,I;II;aVR;aVF;V1;V2;V3;V4;V5;V6,9,0.6,1,0,1,0,2
0;1;3;5;6;7;8;9;10;11,I;II;aVR;aVF;V1;V2;V3;V4;V5;V6,9,0.7,1,0,1,0,2
0;1;3;5;6;7;8;9;10;11,I;II;aVR;aVF;V1;V2;V3;V4;V5;V6,9,0.8,1,0,1,0,2
0;1;3;5;6;7;8;9;10;11,I;II;aVR;aVF;V1;V2;V3;V4;V5;V6,9,0.9,1,0,0,0,1
0;1;3;5;6;7;8;9;11,I;II;aVR;aVF;V1;V2;V3;V4;V6,8,0.5,1,1,1,0,3
0;1;3;5;6;7;8;9;11,I;II;aVR;aVF;V1;V2;V3;V4;V6,8,0.6,1,0,1,0,2
0;1;3;5;6;7;8;9;11,I;II;aVR;aVF;V1;V2;V3;V4;V6,8,0.7,1,0,1,0,2
0;1;3;5;6;7;8;9;11,I;II;aVR;aVF;V1;V2;V3;V4;V6,8,0.8,1,0,1,0,2
0;1;3;5;6;7;8;9;11,I;II;aVR;aVF;V1;V2;V3;V4;V6,8,0.9,1,0,0,0,1
0;1;3;5;6;7;8;10,I;II;aVR;aVF;V1;V2;V3;V5,7,0.5,1,1,1,0,3
0;1;3;5;6;7;8;10,I;II;aVR;aVF;V1;V2;V3;V5,7,0.6,1,0,1,0,2
0;1;3;5;6;7;8;10,I;II;aVR;aVF;V1;V2;V3;V5,7,0.7,1,0,1,0,2
0;1;3;5;6;7;8;10,I;II;aVR;aVF;V1;V2;V3;V5,7,0.8,1,0,1,0,2
0;1;3;5;6;7;8;10,I;II;aVR;aVF;V1;V2;V3;V5,7,0.9,1,0,0,0,1
0;1;3;5;6;7;8;10;11,I;II;aVR;aVF;V1;V2;V3;V5;V6,8,0.5,1,1,1,0,3
0;1;3;5;6;7;8;10;11,I;II;aVR;aVF;V1;V2;V3;V5;V6,8,0.6,1,0,1,0,2
0;1;3;5;6;7;8;10;11,I;II;aVR;aVF;V1;V2;V3;V5;V6,8,0.7,1,0,1,0,2
0;1;3;5;6;7;8;10;11,I;II;aVR;aVF;V1;V2;V3;V5;V6,8,0.8,1,0,1,0,2
0;1;3;5;6;7;8;10;11,I;II;aVR;aVF;V1;V2;V3;V5;V6,8,0.9,1,0,0,0,1
0;1;3;5;6;7;8;11,I;II;aVR;aVF;V1;V2;V3;V6,7,0.5,1,1,1,0,3
0;1;3;5;6;7;8;11,I;II;aVR;aVF;V1;V2;V3;V6,7,0.6,1,0,1,0,2
0;1;3;5;6;7;8;11,I;II;aVR;aVF;V1;V2;V3;V6,7,0.7,1,0,1,0,2
0;1;3;5;6;7;8;11,I;II;aVR;aVF;V1;V2;V3;V6,7,0.8,1,0,1,0,2
0;1;3;5;6;7;8;11,I;II;aVR;aVF;V1;V2;V3;V6,7,0.9,1,0,0,0,1
0;1;3;5;6;7;9,I;II;aVR;aVF;V1;V2;V4,6,0.5,1,1,1,0,3
0;1;3;5;6;7;9,I;II;aVR;aVF;V1;V2;V4,6,0.6,1,0,1,0,2
0;1;3;5;6;7;9,I;II;aVR;aVF;V1;V2;V4,6,0.7,1,0,1,0,2
0;1;3;5;6;7;9,I;II;aVR;aVF;V1;V2;V4,6,0.8,1,0,1,0,2
0;1;3;5;6;7;9,I;II;aVR;aVF;V1;V2;V4,6,0.9,1,0,0,0,1
0;1;3;5;6;7;9;10,I;II;aVR;aVF;V1;V2;V4;V5,7,0.5,1,1,1,0,3
0;1;3;5;6;7;9;10,I;II;aVR;aVF;V1;V2;V4;V5,7,0.6,1,0,1,0,2
0;1;3;5;6;7;9;10,I;II;aVR;aVF;V1;V2;V4;V5,7,0.7,1,0,1,0,2
0;1;3;5;6;7;9;10,I;II;aVR;aVF;V1;V2;V4;V5,7,0.8,1,0,1,0,2
0;1;3;5;6;7;9;10,I;II;aVR;aVF;V1;V2;V4;V5,7,0.9,1,0,0,0,1
0;1;3;5;6;7;9;10;11,I;II;aVR;aVF;V1;V2;V4;V5;V6,8,0.5,1,1,1,0,3
0;1;3;5;6;7;9;10;11,I;II;aVR;aVF;V1;V2;V4;V5;V6,8,0.6,1,0,1,0,2
0;1;3;5;6;7;9;10;11,I;II;aVR;aVF;V1;V2;V4;V5;V6,8,0.7,1,0,1,0,2
0;1;3;5;6;7;9;10;11,I;II;aVR;aVF;V1;V2;V4;V5;V6,8,0.8,1,0,1,0,2
0;1;3;5;6;7;9;10;11,I;II;aVR;aVF;V1;V2;V4;V5;V6,8,0.9,1,0,0,0,1
0;1;3;5;6;7;9;11,I;II;aVR;aVF;V1;V2;V4;V6,7,0.5,1,1,1,0,3
0;1;3;5;6;7;9;11,I;II;aVR;aVF;V1;V2;V4;V6,7,0.6,1,0,1,0,2
0;1;3;5;6;7;9;11,I;II;aVR;aVF;V1;V2;V4;V6,7,0.7,1,0,1,0,2
0;1;3;5;6;7;9;11,I;II;aVR;aVF;V1;V2;V4;V6,7,0.8,1,0,1,0,2
0;1;3;5;6;7;9;11,I;II;aVR;aVF;V1;V2;V4;V6,7,0.9,1,0,0,0,1
0;1;3;5;6;7;10,I;II;aVR;aVF;V1;V2;V5,6,0.5,1,1,1,0,3
0;1;3;5;6;7;10,I;II;aVR;aVF;V1;V2;V5,6,0.6,1,0,1,0,2
0;1;3;5;6;7;10,I;II;aVR;aVF;V1;V2;V5,6,0.7,1,0,1,0,2
0;1;3;5;6;7;10,I;II;aVR;aVF;V1;V2;V5,6,0.8,1,0,1,0,2
0;1;3;5;6;7;10,I;II;aVR;aVF;V1;V2;V5,6,0.9,1,0,0,0,1
0;1;3;5;6;7;10;11,I;II;aVR;aVF;V1;V2;V5;V6,7,0.5,1,1,1,0,3
0;1;3;5;6;7;10;11,I;II;aVR;aVF;V1;V2;V5;V6,7,0.6,1,0,1,0,2
0;1;3;5;6;7;10;11,I;II;aVR;aVF;V1;V2;V5;V6,7,0.7,1,0,1,0,2
0;1;3;5;6;7;10;11,I;II;aVR;aVF;V1;V2;V5;V6,7,0.8,1,0,1,0,2
0;1;3;5;6;7;10;11,I;II;aVR;aVF;V1;V2;V5;V6,7,0.9,1,0,0,0,1
0;1;3;5;6;7;11,I;II;aVR;aVF;V1;V2;V6,6,0.5,1,1,1,0,3
0;1;3;5;6;7;11,I;II;aVR;aVF;V1;V2;V6,6,0.6,1,1,1,0,3
0;1;3;5;6;7;11,I;II;aVR;aVF;V1;V2;V6,6,0.7,1,0,1,0,2
0;1;3;5;6;7;11,I;II;aVR;aVF;V1;V2;V6,6,0.8,1,0,1,0,2
0;1;3;5;6;7;11,I;II;aVR;aVF;V1;V2;V6,6,0.9,1,0,0,0,1
0;1;3;5;6;8,I;II;aVR;aVF;V1;V3,5,0.5,1,1,1,0,3
0;1;3;5;6;8,I;II;aVR;aVF;V1;V3,5,0.6,1,0,1,0,2
0;1;3;5;6;8,I;II;aVR;aVF;V1;V3,5,0.7,1,0,1,0,2
0;1;3;5;6;8,I;II;aVR;aVF;V1;V3,5,0.8,1,0,1,0,2
0;1;3;5;6;8,I;II;aVR;aVF;V1;V3,5,0.9,1,0,0,0,1
0;1;3;5;6;8;9,I;II;aVR;aVF;V1;V3;V4,6,0.5,1,1,1,0,3
0;1;3;5;6;8;9,I;II;aVR;aVF;V1;V3;V4,6,0.6,1,0,1,0,2
0;1;3;5;6;8;9,I;II;aVR;aVF;V1;V3;V4,6,0.7,1,0,1,0,2
0;1;3;5;6;8;9,I;II;aVR;aVF;V1;V3;V4,6,0.8,1,0,1,0,2
0;1;3;5;6;8;9,I;II;aVR;aVF;V1;V3;V4,6,0.9,1,0,0,0,1
0;1;3;5;6;8;9;10,I;II;aVR;aVF;V1;V3;V4;V5,7,0.5,1,1,1,0,3
0;1;3;5;6;8;9;10,I;II;aVR;aVF;V1;V3;V4;V5,7,0.6,1,0,1,0,2
0;1;3;5;6;8;9;10,I;II;aVR;aVF;V1;V3;V4;V5,7,0.7,1,0,1,0,2
0;1;3;5;6;8;9;10,I;II;aVR;aVF;V1;V3;V4;V5,7,0.8,1,0,1,0,2
0;1;3;5;6;8;9;10,I;II;aVR;aVF;V1;V3;V4;V5,7,0.9,1,0,0,0,1
0;1;3;5;6;8;9;10;11,I;II;aVR;aVF;V1;V3;V4;V5;V6,8,0.5,1,1,1,0,3
0;1;3;5;6;8;9;10;11,I;II;aVR;aVF;V1;V3;V4;V5;V6,8,0.6,1,0,1,0,2
0;1;3;5;6;8;9;10;11,I;II;aVR;aVF;V1;V3;V4;V5;V6,8,0.7,1,0,1,0,2
0;1;3;5;6;8;9;10;11,I;II;aVR;aVF;V1;V3;V4;V5;V6,8,0.8,1,0,1,0,2
0;1;3;5;6;8;9;10;11,I;II;aVR;aVF;V1;V3;V4;V5;V6,8,0.9,1,0,0,0,1
0;1;3;5;6;8;9;11,I;II;aVR;aVF;V1;V3;V4;V6,7,0.5,1,1,1,0,3
0;1;3;5;6;8;9;11,I;II;aVR;aVF;V1;V3;V4;V6,7,0.6,1,0,1,0,2
0;1;3;5;6;8;9;11,I;II;aVR;aVF;V1;V3;V4;V6,7,0.7,1,0,1,0,2
0;1;3;5;6;8;9;11,I;II;aVR;aVF;V1;V3;V4;V6,7,0.8,1,0,1,0,2
0;1;3;5;6;8;9;11,I;II;aVR;aVF;V1;V3;V4;V6,7,0.9,1,0,0,0,1
0;1;3;5;6;8;10,I;II;aVR;aVF;V1;V3;V5,6,0.5,1,1,1,0,3
0;1;3;5;6;8;10,I;II;aVR;aVF;V1;V3;V5,6,0.6,1,0,1,0,2
0;1;3;5;6;8;10,I;II;aVR;aVF;V1;V3;V5,6,0.7,1,0,1,0,2
0;1;3;5;6;8;10,I;II;aVR;aVF;V1;V3;V5,6,0.8,1,0,1,0,2
0;1;3;5;6;8;10,I;II;aVR;aVF;V1;V3;V5,6,0.9,1,0,0,0,1
0;1;3;5;6;8;10;11,I;II;aVR;aVF;V1;V3;V5;V6,7,0.5,1,1,1,0,3
0;1;3;5;6;8;10;11,I;II;aVR;aVF;V1;V3;V5;V6,7,0.6,1,0,1,0,2
0;1;3;5;6;8;10;11,I;II;aVR;aVF;V1;V3;V5;V6,7,0.7,1,0,1,0,2
0;1;3;5;6;8;10;11,I;II;aVR;aVF;V1;V3;V5;V6,7,0.8,1,0,1,0,2
0;1;3;5;6;8;10;11,I;II;aVR;aVF;V1;V3;V5;V6,7,0.9,1,0,0,0,1
0;1;3;5;6;8;11,I;II;aVR;aVF;V1;V3;V6,6,0.5,1,1,1,0,3
0;1;3;5;6;8;11,I;II;aVR;aVF;V1;V3;V6,6,0.6,1,0,1,0,2
0;1;3;5;6;8;11,I;II;aVR;aVF;V1;V3;V6,6,0.7,1,0,1,0,2
0;1;3;5;6;8;11,I;II;aVR;aVF;V1;V3;V6,6,0.8,1,0,1,0,2
0;1;3;5;6;8;11,I;II;aVR;aVF;V1;V3;V6,6,0.9,1,0,0,0,1
0;1;3;5;6;9,I;II;aVR;aVF;V1;V4,5,0.5,1,1,1,0,3
0;1;3;5;6;9,I;II;aVR;aVF;V1;V4,5,0.6,1,0,1,0,2
0;1;3;5;6;9,I;II;aVR;aVF;V1;V4,5,0.7,1,0,1,0,2
0;1;3;5;6;9,I;II;aVR;aVF;V1;V4,5,0.8,1,0,1,0,2
0;1;3;5;6;9,I;II;aVR;aVF;V1;V4,5,0.9,1,0,0,0,1
0;1;3;5;6;9;10,I;II;aVR;aVF;V1;V4;V5,6,0.5,1,1,1,0,3
0;1;3;5;6;9;10,I;II;aVR;aVF;V1;V4;V5,6,0.6,1,0,1,0,2
0;1;3;5;6;9;10,I;II;aVR;aVF;V1;V4;V5,6,0.7,1,0,1,0,2
0;1;3;5;6;9;10,I;II;aVR;aVF;V1;V4;V5,6,0.8,1,0,1,0,2
0;1;3;5;6;9;10,I;II;aVR;aVF;V1;V4;V5,6,0.9,1,0,0,0,1
0;1;3;5;6;9;10;11,I;II;aVR;aVF;V1;V4;V5;V6,7,0.5,1,1,1,0,3
0;1;3;5;6;9;10;11,I;II;aVR;aVF;V1;V4;V5;V6,7,0.6,1,0,1,0,2
0;1;3;5;6;9;10;11,I;II;aVR;aVF;V1;V4;V5;V6,7,0.7,1,0,1,0,2
0;1;3;5;6;9;10;11,I;II;aVR;aVF;V1;V4;V5;V6,7,0.8,1,0,1,0,2
0;1;3;5;6;9;10;11,I;II;aVR;aVF;V1;V4;V5;V6,7,0.9,1,0,0,0,1
0;1;3;5;6;9;11,I;II;aVR;aVF;V1;V4;V6,6,0.5,1,1,1,0,3
0;1;3;5;6;9;11,I;II;aVR;aVF;V1;V4;V6,6,0.6,1,0,1,0,2
0;1;3;5;6;9;11,I;II;aVR;aVF;V1;V4;V6,6,0.7,1,0,1,0,2
0;1;3;5;6;9;11,I;II;aVR;aVF;V1;V4;V6,6,0.8,1,0,1,0,2
0;1;3;5;6;9;11,I;II;aVR;aVF;V1;V4;V6,6,0.9,1,0,0,0,1
0;1;3;5;6;10,I;II;aVR;aVF;V1;V5,5,0.5,1,1,1,0,3
0;1;3;5;6;10,I;II;aVR;aVF;V1;V5,5,0.6,1,0,1,0,2
0;1;3;5;6;10,I;II;aVR;aVF;V1;V5,5,0.7,1,0,1,0,2
0;1;3;5;6;10,I;II;aVR;aVF;V1;V5,5,0.8,1,0,1,0,2
0;1;3;5;6;10,I;II;aVR;aVF;V1;V5,5,0.9,1,0,0,0,1
0;1;3;5;6;10;11,I;II;aVR;aVF;V1;V5;V6,6,0.5,1,1,1,0,3
0;1;3;5;6;10;11,I;II;aVR;aVF;V1;V5;V6,6,0.6,1,0,1,0,2
0;1;3;5;6;10;11,I;II;aVR;aVF;V1;V5;V6,6,0.7,1,0,1,0,2
0;1;3;5;6;10;11,I;II;aVR;aVF;V1;V5;V6,6,0.8,1,0,1,0,2
0;1;3;5;6;10;11,I;II;aVR;aVF;V1;V5;V6,6,0.9,1,0,0,0,1
0;1;3;5;6;11,I;II;aVR;aVF;V1;V6,5,0.5,1,1,1,0,3
0;1;3;5;6;11,I;II;aVR;aVF;V1;V6,5,0.6,1,1,1,0,3
0;1;3;5;6;11,I;II;aVR;aVF;V1;V6,5,0.7,1,0,1,0,2
0;1;3;5;6;11,I;II;aVR;aVF;V1;V6,5,0.8,1,0,1,0,2
0;1;3;5;6;11,I;II;aVR;aVF;V1;V6,5,0.9,1,0,0,0,1
0;1;3;5;7,I;II;aVR;aVF;V2,4,0.5,1,1,1,0,3
0;1;3;5;7,I;II;aVR;aVF;V2,4,0.6,1,0,1,0,2
0;1;3;5;7,I;II;aVR;aVF;V2,4,0.7,1,0,1,0,2
0;1;3;5;7,I;II;aVR;aVF;V2,4,0.8,1,0,1,0,2
0;1;3;5;7,I;II;aVR;aVF;V2,4,0.9,1,0,0,0,1
0;1;3;5;7;8,I;II;aVR;aVF;V2;V3,5,0.5,1,1,1,0,3
0;1;3;5;7;8,I;II;aVR;aVF;V2;V3,5,0.6,1,1,1,0,3
0;1;3;5;7;8,I;II;aVR;aVF;V2;V3,5,0.7,1,0,1,0,2
0;1;3;5;7;8,I;II;aVR;aVF;V2;V3,5,0.8,1,0,1,0,2
0;1;3;5;7;8,I;II;aVR;aVF;V2;V3,5,0.9,1,0,0,0,1
0;1;3;5;7;8;9,I;II;aVR;aVF;V2;V3;V4,6,0.5,1,1,1,0,3
0;1;3;5;7;8;9,I;II;aVR;aVF;V2;V3;V4,6,0.6,1,1,1,0,3
0;1;3;5;7;8;9,I;II;aVR;aVF;V2;V3;V4,6,0.7,1,0,1,0,2
0;1;3;5;7;8;9,I;II;aVR;aVF;V2;V3;V4,6,0.8,1,0,1,0,2
0;1;3;5;7;8;9,I;II;aVR;aVF;V2;V3;V4,6,0.9,1,0,0,0,1
0;1;3;5;7;8;9;10,I;II;aVR;aVF;V2;V3;V4;V5,7,0.5,1,1,1,0,3
0;1;3;5;7;8;9;10,I;II;aVR;aVF;V2;V3;V4;V5,7,0.6,1,1,1,0,3
0;1;3;5;7;8;9;10,I;II;aVR;aVF;V2;V3;V4;V5,7,0.7,1,0,1,0,2
0;1;3;5;7;8;9;10,I;II;aVR;aVF;V2;V3;V4;V5,7,0.8,1,0,0,0,1
0;1;3;5;7;8;9;10,I;II;aVR;aVF;V2;V3;V4;V5,7,0.9,1,0,0,0,1
0;1;3;5;7;8;9;10;11,I;II;aVR;aVF;V2;V3;V4;V5;V6,8,0.5,1,1,1,0,3
0;1;3;5;7;8;9;10;11,I;II;aVR;aVF;V2;V3;V4;V5;V6,8,0.6,1,0,1,0,2
0;1;3;5;7;8;9;10;11,I;II;aVR;aVF;V2;V3;V4;V5;V6,8,0.7,1,0,1,0,2
0;1;3;5;7;8;9;10;11,I;II;aVR;aVF;V2;V3;V4;V5;V6,8,0.8,1,0,0,0,1
0;1;3;5;7;8;9;10;11,I;II;aVR;aVF;V2;V3;V4;V5;V6,8,0.9,1,0,0,0,1
0;1;3;5;7;8;9;11,I;II;aVR;aVF;V2;V3;V4;V6,7,0.5,1,1,1,0,3
0;1;3;5;7;8;9;11,I;II;aVR;aVF;V2;V3;V4;V6,7,0.6,1,0,1,0,2
0;1;3;5;7;8;9;11,I;II;aVR;aVF;V2;V3;V4;V6,7,0.7,1,0,1,0,2
0;1;3;5;7;8;9;11,I;II;aVR;aVF;V2;V3;V4;V6,7,0.8,1,0,0,0,1
0;1;3;5;7;8;9;11,I;II;aVR;aVF;V2;V3;V4;V6,7,0.9,1,0,0,0,1
0;1;3;5;7;8;10,I;II;aVR;aVF;V2;V3;V5,6,0.5,1,1,1,0,3
0;1;3;5;7;8;10,I;II;aVR;aVF;V2;V3;V5,6,0.6,1,1,1,0,3
0;1;3;5;7;8;10,I;II;aVR;aVF;V2;V3;V5,6,0.7,1,0,1,0,2
0;1;3;5;7;8;10,I;II;aVR;aVF;V2;V3;V5,6,0.8,1,0,0,0,1
0;1;3;5;7;8;10,I;II;aVR;aVF;V2;V3;V5,6,0.9,1,0,0,0,1
0;1;3;5;7;8;10;11,I;II;aVR;aVF;V2;V3;V5;V6,7,0.5,1,1,1,0,3
0;1;3;5;7;8;10;11,I;II;aVR;aVF;V2;V3;V5;V6,7,0.6,1,0,1,0,2
0;1;3;5;7;8;10;11,I;II;aVR;aVF;V2;V3;V5;V6,7,0.7,1,0,1,0,2
0;1;3;5;7;8;10;11,I;II;aVR;aVF;V2;V3;V5;V6,7,0.8,1,0,0,0,1
0;1;3;5;7;8;10;11,I;II;aVR;aVF;V2;V3;V5;V6,7,0.9,1,0,0,0,1
0;1;3;5;7;8;11,I;II;aVR;aVF;V2;V3;V6,6,0.5,1,1,1,0,3
0;1;3;5;7;8;11,I;II;aVR;aVF;V2;V3;V6,6,0.6,1,1,1,0,3
0;1;3;5;7;8;11,I;II;aVR;aVF;V2;V3;V6,6,0.7,1,0,1,0,2
0;1;3;5;7;8;11,I;II;aVR;aVF;V2;V3;V6,6,0.8,1,0,0,0,1
0;1;3;5;7;8;11,I;II;aVR;aVF;V2;V3;V6,6,0.9,1,0,0,0,1
0;1;3;5;7;9,I;II;aVR;aVF;V2;V4,5,0.5,1,1,1,0,3
0;1;3;5;7;9,I;II;aVR;aVF;V2;V4,5,0.6,1,1,1,0,3
0;1;3;5;7;9,I;II;aVR;aVF;V2;V4,5,0.7,1,0,1,0,2
0;1;3;5;7;9,I;II;aVR;aVF;V2;V4,5,0.8,1,0,1,0,2
0;1;3;5;7;9,I;II;aVR;aVF;V2;V4,5,0.9,1,0,0,0,1
0;1;3;5;7;9;10,I;II;aVR;aVF;V2;V4;V5,6,0.5,1,1,1,0,3
0;1;3;5;7;9;10,I;II;aVR;aVF;V2;V4;V5,6,0.6,1,1,1,0,3
0;1;3;5;7;9;10,I;II;aVR;aVF;V2;V4;V5,6,0.7,1,0,1,0,2
0;1;3;5;7;9;10,I;II;aVR;aVF;V2;V4;V5,6,0.8,1,0,0,0,1
0;1;3;5;7;9;10,I;II;aVR;aVF;V2;V4;V5,6,0.9,1,0,0,0,1
0;1;3;5;7;9;10;11,I;II;aVR;aVF;V2;V4;V5;V6,7,0.5,1,1,1,0,3
0;1;3;5;7;9;10;11,I;II;aVR;aVF;V2;V4;V5;V6,7,0.6,1,0,1,0,2
0;1;3;5;7;9;10;11,I;II;aVR;aVF;V2;V4;V5;V6,7,0.7,1,0,1,0,2
0;1;3;5;7;9;10;11,I;II;aVR;aVF;V2;V4;V5;V6,7,0.8,1,0,0,0,1
0;1;3;5;7;9;10;11,I;II;aVR;aVF;V2;V4;V5;V6,7,0.9,1,0,0,0,1
0;1;3;5;7;9;11,I;II;aVR;aVF;V2;V4;V6,6,0.5,1,1,1,0,3
0;1;3;5;7;9;11,I;II;aVR;aVF;V2;V4;V6,6,0.6,1,0,1,0,2
0;1;3;5;7;9;11,I;II;aVR;aVF;V2;V4;V6,6,0.7,1,0,1,0,2
0;1;3;5;7;9;11,I;II;aVR;aVF;V2;V4;V6,6,0.8,1,0,1,0,2
0;1;3;5;7;9;11,I;II;aVR;aVF;V2;V4;V6,6,0.9,1,0,0,0,1
0;1;3;5;7;10,I;II;aVR;aVF;V2;V5,5,0.5,1,1,1,0,3
0;1;3;5;7;10,I;II;aVR;aVF;V2;V5,5,0.6,1,1,1,0,3
0;1;3;5;7;10,I;II;aVR;aVF;V2;V5,5,0.7,1,0,1,0,2
0;1;3;5;7;10,I;II;aVR;aVF;V2;V5,5,0.8,1,0,0,0,1
0;1;3;5;7;10,I;II;aVR;aVF;V2;V5,5,0.9,1,0,0,0,1
0;1;3;5;7;10;11,I;II;aVR;aVF;V2;V5;V6,6,0.5,1,1,1,0,3
0;1;3;5;7;10;11,I;II;aVR;aVF;V2;V5;V6,6,0.6,1,0,1,0,2
0;1;3;5;7;10;11,I;II;aVR;aVF;V2;V5;V6,6,0.7,1,0,1,0,2
0;1;3;5;7;10;11,I;II;aVR;aVF;V2;V5;V6,6,0.8,1,0,1,0,2
0;1;3;5;7;10;11,I;II;aVR;aVF;V2;V5;V6,6,0.9,1,0,0,0,1
0;1;3;5;7;11,I;II;aVR;aVF;V2;V6,5,0.5,1,1,1,0,3
0;1;3;5;7;11,I;II;aVR;aVF;V2;V6,5,0.6,1,1,1,0,3
0;1;3;5;7;11,I;II;aVR;aVF;V2;V6,5,0.7,1,0,1,0,2
0;1;3;5;7;11,I;II;aVR;aVF;V2;V6,5,0.8,1,0,1,0,2
0;1;3;5;7;11,I;II;aVR;aVF;V2;V6,5,0.9,1,0,0,0,1
0;1;3;5;8,I;II;aVR;aVF;V3,4,0.5,1,1,1,0,3
0;1;3;5;8,I;II;aVR;aVF;V3,4,0.6,1,0,1,0,2
0;1;3;5;8,I;II;aVR;aVF;V3,4,0.7,1,0,1,0,2
0;1;3;5;8,I;II;aVR;aVF;V3,4,0.8,1,0,1,0,2
0;1;3;5;8,I;II;aVR;aVF;V3,4,0.9,1,0,0,0,1
0;1;3;5;8;9,I;II;aVR;aVF;V3;V4,5,0.5,1,1,1,0,3
0;1;3;5;8;9,I;II;aVR;aVF;V3;V4,5,0.6,1,1,1,0,3
0;1;3;5;8;9,I;II;aVR;aVF;V3;V4,5,0.7,1,0,1,0,2
0;1;3;5;8;9,I;II;aVR;aVF;V3;V4,5,0.8,1,0,1,0,2
0;1;3;5;8;9,I;II;aVR;aVF;V3;V4,5,0.9,1,0,0,0,1
0;1;3;5;8;9;10,I;II;aVR;aVF;V3;V4;V5,6,0.5,1,1,1,0,3
0;1;3;5;8;9;10,I;II;aVR;aVF;V3;V4;V5,6,0.6,1,0,1,0,2
0;1;3;5;8;9;10,I;II;aVR;aVF;V3;V4;V5,6,0.7,1,0,1,0,2
0;1;3;5;8;9;10,I;II;aVR;aVF;V3;V4;V5,6,0.8,1,0,0,0,1
0;1;3;5;8;9;10,I;II;aVR;aVF;V3;V4;V5,6,0.9,1,0,0,0,1
0;1;3;5;8;9;10;11,I;II;aVR;aVF;V3;V4;V5;V6,7,0.5,1,1,1,0,3
0;1;3;5;8;9;10;11,I;II;aVR;aVF;V3;V4;V5;V6,7,0.6,1,0,1,0,2
0;1;3;5;8;9;10;11,I;II;aVR;aVF;V3;V4;V5;V6,7,0.7,1,0,1,0,2
0;1;3;5;8;9;10;11,I;II;aVR;aVF;V3;V4;V5;V6,7,0.8,1,0,0,0,1
0;1;3;5;8;9;10;11,I;II;aVR;aVF;V3;V4;V5;V6,7,0.9,1,0,0,0,1
0;1;3;5;8;9;11,I;II;aVR;aVF;V3;V4;V6,6,0.5,1,1,1,0,3
0;1;3;5;8;9;11,I;II;aVR;aVF;V3;V4;V6,6,0.6,1,0,1,0,2
0;1;3;5;8;9;11,I;II;aVR;aVF;V3;V4;V6,6,0.7,1,0,1,0,2
0;1;3;5;8;9;11,I;II;aVR;aVF;V3;V4;V6,6,0.8,1,0,0,0,1
0;1;3;5;8;9;11,I;II;aVR;aVF;V3;V4;V6,6,0.9,1,0,0,0,1
0;1;3;5;8;10,I;II;aVR;aVF;V3;V5,5,0.5,1,1,1,0,3
0;1;3;5;8;10,I;II;aVR;aVF;V3;V5,5,0.6,1,0,1,0,2
0;1;3;5;8;10,I;II;aVR;aVF;V3;V5,5,0.7,1,0,1,0,2
0;1;3;5;8;10,I;II;aVR;aVF;V3;V5,5,0.8,1,0,0,0,1
0;1;3;5;8;10,I;II;aVR;aVF;V3;V5,5,0.9,1,0,0,0,1
0;1;3;5;8;10;11,I;II;aVR;aVF;V3;V5;V6,6,0.5,1,1,1,0,3
0;1;3;5;8;10;11,I;II;aVR;aVF;V3;V5;V6,6,0.6,1,0,1,0,2
0;1;3;5;8;10;11,I;II;aVR;aVF;V3;V5;V6,6,0.7,1,0,1,0,2
0;1;3;5;8;10;11,I;II;aVR;aVF;V3;V5;V6,6,0.8,1,0,0,0,1
0;1;3;5;8;10;11,I;II;aVR;aVF;V3;V5;V6,6,0.9,1,0,0,0,1
0;1;3;5;8;11,I;II;aVR;aVF;V3;V6,5,0.5,1,1,1,0,3
0;1;3;5;8;11,I;II;aVR;aVF;V3;V6,5,0.6,1,0,1,0,2
0;1;3;5;8;11,I;II;aVR;aVF;V3;V6,5,0.7,1,0,1,0,2
0;1;3;5;8;11,I;II;aVR;aVF;V3;V6,5,0.8,1,0,0,0,1
0;1;3;5;8;11,I;II;aVR;aVF;V3;V6,5,0.9,1,0,0,0,1
0;1;3;5;9,I;II;aVR;aVF;V4,4,0.5,1,1,1,0,3
0;1;3;5;9,I;II;aVR;aVF;V4,4,0.6,1,1,1,0,3
0;1;3;5;9,I;II;aVR;aVF;V4,4,0.7,1,0,1,0,2
0;1;3;5;9,I;II;aVR;aVF;V4,4,0.8,1,0,1,0,2
0;1;3;5;9,I;II;aVR;aVF;V4,4,0.9,1,0,0,0,1
0;1;3;5;9;10,I;II;aVR;aVF;V4;V5,5,0.5,1,1,1,0,3
0;1;3;5;9;10,I;II;aVR;aVF;V4;V5,5,0.6,1,0,1,0,2
0;1;3;5;9;10,I;II;aVR;aVF;V4;V5,5,0.7,1,0,1,0,2
0;1;3;5;9;10,I;II;aVR;aVF;V4;V5,5,0.8,1,0,0,0,1
0;1;3;5;9;10,I;II;aVR;aVF;V4;V5,5,0.9,1,0,0,0,1
0;1;3;5;9;10;11,I;II;aVR;aVF;V4;V5;V6,6,0.5,1,1,1,0,3
0;1;3;5;9;10;11,I;II;aVR;aVF;V4;V5;V6,6,0.6,1,0,1,0,2
0;1;3;5;9;10;11,I;II;aVR;aVF;V4;V5;V6,6,0.7,1,0,1,0,2
0;1;3;5;9;10;11,I;II;aVR;aVF;V4;V5;V6,6,0.8,1,0,0,0,1
0;1;3;5;9;10;11,I;II;aVR;aVF;V4;V5;V6,6,0.9,1,0,0,0,1
0;1;3;5;9;11,I;II;aVR;aVF;V4;V6,5,0.5,1,1,1,0,3
0;1;3;5;9;11,I;II;aVR;aVF;V4;V6,5,0.6,1,0,1,0,2
0;1;3;5;9;11,I;II;aVR;aVF;V4;V6,5,0.7,1,0,1,0,2
0;1;3;5;9;11,I;II;aVR;aVF;V4;V6,5,0.8,1,0,0,0,1
0;1;3;5;9;11,I;II;aVR;aVF;V4;V6,5,0.9,1,0,0,0,1
0;1;3;5;10,I;II;aVR;aVF;V5,4,0.5,1,1,1,0,3
0;1;3;5;10,I;II;aVR;aVF;V5,4,0.6,1,0,1,0,2
0;1;3;5;10,I;II;aVR;aVF;V5,4,0.7,1,0,1,0,2
0;1;3;5;10,I;II;aVR;aVF;V5,4,0.8,1,0,0,0,1
0;1;3;5;10,I;II;aVR;aVF;V5,4,0.9,1,0,0,0,1
0;1;3;5;10;11,I;II;aVR;aVF;V5;V6,5,0.5,1,1,1,0,3
0;1;3;5;10;11,I;II;aVR;aVF;V5;V6,5,0.6,1,0,1,0,2
0;1;3;5;10;11,I;II;aVR;aVF;V5;V6,5,0.7,1,0,1,0,2
0;1;3;5;10;11,I;II;aVR;aVF;V5;V6,5,0.8,1,0,0,0,1
0;1;3;5;10;11,I;II;aVR;aVF;V5;V6,5,0.9,1,0,0,0,1
0;1;3;5;11,I;II;aVR;aVF;V6,4,0.5,1,1,1,0,3
0;1;3;5;11,I;II;aVR;aVF;V6,4,0.6,1,0,1,0,2
0;1;3;5;11,I;II;aVR;aVF;V6,4,0.7,1,0,1,0,2
0;1;3;5;11,I;II;aVR;aVF;V6,4,0.8,1,0,1,0,2
0;1;3;5;11,I;II;aVR;aVF;V6,4,0.9,1,0,0,0,1
0;1;3;6,I;II;aVR;V1,4,0.5,1,1,1,0,3
0;1;3;6,I;II;aVR;V1,4,0.6,1,1,1,0,3
0;1;3;6,I;II;aVR;V1,4,0.7,1,0,1,0,2
0;1;3;6,I;II;aVR;V1,4,0.8,1,0,1,0,2
0;1;3;6,I;II;aVR;V1,4,0.9,1,0,0,0,1
0;1;3;6;7,I;II;aVR;V1;V2,5,0.5,1,1,1,0,3
0;1;3;6;7,I;II;aVR;V1;V2,5,0.6,1,0,1,0,2
0;1;3;6;7,I;II;aVR;V1;V2,5,0.7,1,0,1,0,2
0;1;3;6;7,I;II;aVR;V1;V2,5,0.8,1,0,1,0,2
0;1;3;6;7,I;II;aVR;V1;V2,5,0.9,1,0,0,0,1
0;1;3;6;7;8,I;II;aVR;V1;V2;V3,6,0.5,1,1,1,0,3
0;1;3;6;7;8,I;II;aVR;V1;V2;V3,6,0.6,1,0,1,0,2
0;1;3;6;7;8,I;II;aVR;V1;V2;V3,6,0.7,1,0,1,0,2
0;1;3;6;7;8,I;II;aVR;V1;V2;V3,6,0.8,1,0,1,0,2
0;1;3;6;7;8,I;II;aVR;V1;V2;V3,6,0.9,1,0,0,0,1
0;1;3;6;7;8;9,I;II;aVR;V1;V2;V3;V4,7,0.5,1,1,1,0,3
0;1;3;6;7;8;9,I;II;aVR;V1;V2;V3;V4,7,0.6,1,0,1,0,2
0;1;3;6;7;8;9,I;II;aVR;V1;V2;V3;V4,7,0.7,1,0,1,0,2
0;1;3;6;7;8;9,I;II;aVR;V1;V2;V3;V4,7,0.8,1,0,1,0,2
0;1;3;6;7;8;9,I;II;aVR;V1;V2;V3;V4,7,0.9,1,0,0,0,1
0;1;3;6;7;8;9;10,I;II;aVR;V1;V2;V3;V4;V5,8,0.5,1,1,1,0,3
0;1;3;6;7;8;9;10,I;II;aVR;V1;V2;V3;V4;V5,8,0.6,1,0,1,0,2
0;1;3;6;7;8;9;10,I;II;aVR;V1;V2;V3;V4;V5,8,0.7,1,0,1,0,2
0;1;3;6;7;8;9;10,I;II;aVR;V1;V2;V3;V4;V5,8,0.8,1,0,1,0,2
0;1;3;6;7;8;9;10,I;II;aVR;V1;V2;V3;V4;V5,8,0.9,1,0,0,0,1
0;1;3;6;7;8;9;10;11,I;II;aVR;V1;V2;V3;V4;V5;V6,9,0.5,1,1,1,0,3
0;1;3;6;7;8;9;10;11,I;II;aVR;V1;V2;V3;V4;V5;V6,9,0.6,1,0,1,0,2
0;1;3;6;7;8;9;10;11,I;II;aVR;V1;V2;V3;V4;V5;V6,9,0.7,1,0,1,0,2
0;1;3;6;7;8;9;10;11,I;II;aVR;V1;V2;V3;V4;V5;V6,9,0.8,1,0,1,0,2
0;1;3;6;7;8;9;10;11,I;II;aVR;V1;V2;V3;V4;V5;V6,9,0.9,1,0,0,0,1
0;1;3;6;7;8;9;11,I;II;aVR;V1;V2;V3;V4;V6,8,0.5,1,1,1,0,3
0;1;3;6;7;8;9;11,I;II;aVR;V1;V2;V3;V4;V6,8,0.6,1,0,1,0,2
0;1;3;6;7;8;9;11,I;II;aVR;V1;V2;V3;V4;V6,8,0.7,1,0,1,0,2
0;1;3;6;7;8;9;11,I;II;aVR;V1;V2;V3;V4;V6,8,0.8,1,0,1,0,2
0;1;3;6;7;8;9;11,I;II;aVR;V1;V2;V3;V4;V6,8,0.9,1,0,0,0,1
0;1;3;6;7;8;10,I;II;aVR;V1;V2;V3;V5,7,0.5,1,1,1,0,3
0;1;3;6;7;8;10,I;II;aVR;V1;V2;V3;V5,7,0.6,1,0,1,0,2
0;1;3;6;7;8;10,I;II;aVR;V1;V2;V3;V5,7,0.7,1,0,1,0,2
0;1;3;6;7;8;10,I;II;aVR;V1;V2;V3;V5,7,0.8,1,0,1,0,2
0;1;3;6;7;8;10,I;II;aVR;V1;V2;V3;V5,7,0.9,1,0,0,0,1
0;1;3;6;7;8;10;11,I;II;aVR;V1;V2;V3;V5;V6,8,0.5,1,1,1,0,3
0;1;3;6;7;8;10;11,I;II;aVR;V1;V2;V3;V5;V6,8,0.6,1,0,1,0,2
0;1;3;6;7;8;10;11,I;II;aVR;V1;V2;V3;V5;V6,8,0.7,1,0,1,0,2
0;1;3;6;7;8;10;11,I;II;aVR;V1;V2;V3;V5;V6,8,0.8,1,0,1,0,2
0;1;3;6;7;8;10;11,I;II;aVR;V1;V2;V3;V5;V6,8,0.9,1,0,0,0,1
0;1;3;6;7;8;11,I;II;aVR;V1;V2;V3;V6,7,0.5,1,1,1,0,3
0;1;3;6;7;8;11,I;II;aVR;V1;V2;V3;V6,7,0.6,1,0,1,0,2
0;1;3;6;7;8;11,I;II;aVR;V1;V2;V3;V6,7,0.7,1,0,1,0,2
0;1;3;6;7;8;11,I;II;aVR;V1;V2;V3;V6,7,0.8,1,0,1,0,2
0;1;3;6;7;8;11,I;II;aVR;V1;V2;V3;V6,7,0.9,1,0,0,0,1
0;1;3;6;7;9,I;II;aVR;V1;V2;V4,6,0.5,1,1,1,0,3
0;1;3;6;7;9,I;II;aVR;V1;V2;V4,6,0.6,1,0,1,0,2
0;1;3;6;7;9,I;II;aVR;V1;V2;V4,6,0.7,1,0,1,0,2
0;1;3;6;7;9,I;II;aVR;V1;V2;V4,6,0.8,1,0,1,0,2
0;1;3;6;7;9,I;II;aVR;V1;V2;V4,6,0.9,1,0,0,0,1
0;1;3;6;7;9;10,I;II;aVR;V1;V2;V4;V5,7,0.5,1,1,1,0,3
0;1;3;6;7;9;10,I;II;aVR;V1;V2;V4;V5,7,0.6,1,0,1,0,2
0;1;3;6;7;9;10,I;II;aVR;V1;V2;V4;V5,7,0.7,1,0,1,0,2
0;1;3;6;7;9;10,I;II;aVR;V1;V2;V4;V5,7,0.8,1,0,1,0,2
0;1;3;6;7;9;10,I;II;aVR;V1;V2;V4;V5,7,0.9,1,0,0,0,1
0;1;3;6;7;9;10;11,I;II;aVR;V1;V2;V4;V5;V6,8,0.5,1,1,1,0,3
0;1;3;6;7;9;10;11,I;II;aVR;V1;V2;V4;V5;V6,8,0.6,1,0,1,0,2
0;1;3;6;7;9;10;11,I;II;aVR;V1;V2;V4;V5;V6,8,0.7,1,0,1,0,2
0;1;3;6;7;9;10;11,I;II;aVR;V1;V2;V4;V5;V6,8,0.8,1,0,1,0,2
0;1;3;6;7;9;10;11,I;II;aVR;V1;V2;V4;V5;V6,8,0.9,1,0,0,0,1
0;1;3;6;7;9;11,I;II;aVR;V1;V2;V4;V6,7,0.5,1,1,1,0,3
0;1;3;6;7;9;11,I;II;aVR;V1;V2;V4;V6,7,0.6,1,0,1,0,2
0;1;3;6;7;9;11,I;II;aVR;V1;V2;V4;V6,7,0.7,1,0,1,0,2
0;1;3;6;7;9;11,I;II;aVR;V1;V2;V4;V6,7,0.8,1,0,1,0,2
0;1;3;6;7;9;11,I;II;aVR;V1;V2;V4;V6,7,0.9,1,0,0,0,1
0;1;3;6;7;10,I;II;aVR;V1;V2;V5,6,0.5,1,1,1,0,3
0;1;3;6;7;10,I;II;aVR;V1;V2;V5,6,0.6,1,0,1,0,2
0;1;3;6;7;10,I;II;aVR;V1;V2;V5,6,0.7,1,0,1,0,2
0;1;3;6;7;10,I;II;aVR;V1;V2;V5,6,0.8,1,0,1,0,2
0;1;3;6;7;10,I;II;aVR;V1;V2;V5,6,0.9,1,0,0,0,1
0;1;3;6;7;10;11,I;II;aVR;V1;V2;V5;V6,7,0.5,1,1,1,0,3
0;1;3;6;7;10;11,I;II;aVR;V1;V2;V5;V6,7,0.6,1,0,1,0,2
0;1;3;6;7;10;11,I;II;aVR;V1;V2;V5;V6,7,0.7,1,0,1,0,2
0;1;3;6;7;10;11,I;II;aVR;V1;V2;V5;V6,7,0.8,1,0,1,0,2
0;1;3;6;7;10;11,I;II;aVR;V1;V2;V5;V6,7,0.9,1,0,0,0,1
0;1;3;6;7;11,I;II;aVR;V1;V2;V6,6,0.5,1,1,1,0,3
0;1;3;6;7;11,I;II;aVR;V1;V2;V6,6,0.6,1,0,1,0,2
0;1;3;6;7;11,I;II;aVR;V1;V2;V6,6,0.7,1,0,1,0,2
0;1;3;6;7;11,I;II;aVR;V1;V2;V6,6,0.8,1,0,1,0,2
0;1;3;6;7;11,I;II;aVR;V1;V2;V6,6,0.9,1,0,0,0,1
0;1;3;6;8,I;II;aVR;V1;V3,5,0.5,1,1,1,0,3
0;1;3;6;8,I;II;aVR;V1;V3,5,0.6,1,0,1,0,2
0;1;3;6;8,I;II;aVR;V1;V3,5,0.7,1,0,1,0,2
0;1;3;6;8,I;II;aVR;V1;V3,5,0.8,1,0,1,0,2
0;1;3;6;8,I;II;aVR;V1;V3,5,0.9,1,0,0,0,1
0;1;3;6;8;9,I;II;aVR;V1;V3;V4,6,0.5,1,1,1,0,3
0;1;3;6;8;9,I;II;aVR;V1;V3;V4,6,0.6,1,0,1,0,2
0;1;3;6;8;9,I;II;aVR;V1;V3;V4,6,0.7,1,0,1,0,2
0;1;3;6;8;9,I;II;aVR;V1;V3;V4,6,0.8,1,0,1,0,2
0;1;3;6;8;9,I;II;aVR;V1;V3;V4,6,0.9,1,0,0,0,1
0;1;3;6;8;9;10,I;II;aVR;V1;V3;V4;V5,7,0.5,1,1,1,0,3
0;1;3;6;8;9;10,I;II;aVR;V1;V3;V4;V5,7,0.6,1,0,1,0,2
0;1;3;6;8;9;10,I;II;aVR;V1;V3;V4;V5,7,0.7,1,0,1,0,2
0;1;3;6;8;9;10,I;II;aVR;V1;V3;V4;V5,7,0.8,1,0,1,0,2
0;1;3;6;8;9;10,I;II;aVR;V1;V3;V4;V5,7,0.9,1,0,0,0,1
0;1;3;6;8;9;10;11,I;II;aVR;V1;V3;V4;V5;V6,8,0.5,1,1,1,0,3
0;1;3;6;8;9;10;11,I;II;aVR;V1;V3;V4;V5;V6,8,0.6,1,0,1,0,2
0;1;3;6;8;9;10;11,I;II;aVR;V1;V3;V4;V5;V6,8,0.7,1,0,1,0,2
0;1;3;6;8;9;10;11,I;II;aVR;V1;V3;V4;V5;V6,8,0.8,1,0,1,0,2
0;1;3;6;8;9;10;11,I;II;aVR;V1;V3;V4;V5;V6,8,0.9,1,0,0,0,1
0;1;3;6;8;9;11,I;II;aVR;V1;V3;V4;V6,7,0.5,1,1,1,0,3
0;1;3;6;8;9;11,I;II;aVR;V1;V3;V4;V6,7,0.6,1,0,1,0,2
0;1;3;6;8;9;11,I;II;aVR;V1;V3;V4;V6,7,0.7,1,0,1,0,2
0;1;3;6;8;9;11,I;II;aVR;V1;V3;V4;V6,7,0.8,1,0,1,0,2
0;1;3;6;8;9;11,I;II;aVR;V1;V3;V4;V6,7,0.9,1,0,0,0,1
0;1;3;6;8;10,I;II;aVR;V1;V3;V5,6,0.5,1,1,1,0,3
0;1;3;6;8;10,I;II;aVR;V1;V3;V5,6,0.6,1,0,1,0,2
0;1;3;6;8;10,I;II;aVR;V1;V3;V5,6,0.7,1,0,1,0,2
0;1;3;6;8;10,I;II;aVR;V1;V3;V5,6,0.8,1,0,1,0,2
0;1;3;6;8;10,I;II;aVR;V1;V3;V5,6,0.9,1,0,0,0,1
0;1;3;6;8;10;11,I;II;aVR;V1;V3;V5;V6,7,0.5,1,1,1,0,3
0;1;3;6;8;10;11,I;II;aVR;V1;V3;V5;V6,7,0.6,1,0,1,0,2
0;1;3;6;8;10;11,I;II;aVR;V1;V3;V5;V6,7,0.7,1,0,1,0,2
0;1;3;6;8;10;11,I;II;aVR;V1;V3;V5;V6,7,0.8,1,0,1,0,2
0;1;3;6;8;10;11,I;II;aVR;V1;V3;V5;V6,7,0.9,1,0,0,0,1
0;1;3;6;8;11,I;II;aVR;V1;V3;V6,6,0.5,1,1,1,0,3
0;1;3;6;8;11,I;II;aVR;V1;V3;V6,6,0.6,1,0,1,0,2
0;1;3;6;8;11,I;II;aVR;V1;V3;V6,6,0.7,1,0,1,0,2
0;1;3;6;8;11,I;II;aVR;V1;V3;V6,6,0.8,1,0,1,0,2
0;1;3;6;8;11,I;II;aVR;V1;V3;V6,6,0.9,1,0,0,0,1
0;1;3;6;9,I;II;aVR;V1;V4,5,0.5,1,1,1,0,3
0;1;3;6;9,I;II;aVR;V1;V4,5,0.6,1,0,1,0,2
0;1;3;6;9,I;II;aVR;V1;V4,5,0.7,1,0,1,0,2
0;1;3;6;9,I;II;aVR;V1;V4,5,0.8,1,0,1,0,2
0;1;3;6;9,I;II;aVR;V1;V4,5,0.9,1,0,0,0,1
0;1;3;6;9;10,I;II;aVR;V1;V4;V5,6,0.5,1,1,1,0,3
0;1;3;6;9;10,I;II;aVR;V1;V4;V5,6,0.6,1,0,1,0,2
0;1;3;6;9;10,I;II;aVR;V1;V4;V5,6,0.7,1,0,1,0,2
0;1;3;6;9;10,I;II;aVR;V1;V4;V5,6,0.8,1,0,1,0,2
0;1;3;6;9;10,I;II;aVR;V1;V4;V5,6,0.9,1,0,0,0,1
0;1;3;6;9;10;11,I;II;aVR;V1;V4;V5;V6,7,0.5,1,1,1,0,3
0;1;3;6;9;10;11,I;II;aVR;V1;V4;V5;V6,7,0.6,1,0,1,0,2
0;1;3;6;9;10;11,I;II;aVR;V1;V4;V5;V6,7,0.7,1,0,1,0,2
0;1;3;6;9;10;11,I;II;aVR;V1;V4;V5;V6,7,0.8,1,0,1,0,2
0;1;3;6;9;10;11,I;II;aVR;V1;V4;V5;V6,7,0.9,1,0,0,0,1
0;1;3;6;9;11,I;II;aVR;V1;V4;V6,6,0.5,1,1,1,0,3
0;1;3;6;9;11,I;II;aVR;V1;V4;V6,6,0.6,1,0,1,0,2
0;1;3;6;9;11,I;II;aVR;V1;V4;V6,6,0.7,1,0,1,0,2
0;1;3;6;9;11,I;II;aVR;V1;V4;V6,6,0.8,1,0,1,0,2
0;1;3;6;9;11,I;II;aVR;V1;V4;V6,6,0.9,1,0,0,0,1
0;1;3;6;10,I;II;aVR;V1;V5,5,0.5,1,1,1,0,3
0;1;3;6;10,I;II;aVR;V1;V5,5,0.6,1,0,1,0,2
0;1;3;6;10,I;II;aVR;V1;V5,5,0.7,1,0,1,0,2
0;1;3;6;10,I;II;aVR;V1;V5,5,0.8,1,0,1,0,2
0;1;3;6;10,I;II;aVR;V1;V5,5,0.9,1,0,0,0,1
0;1;3;6;10;11,I;II;aVR;V1;V5;V6,6,0.5,1,1,1,0,3
0;1;3;6;10;11,I;II;aVR;V1;V5;V6,6,0.6,1,0,1,0,2
0;1;3;6;10;11,I;II;aVR;V1;V5;V6,6,0.7,1,0,1,0,2
0;1;3;6;10;11,I;II;aVR;V1;V5;V6,6,0.8,1,0,1,0,2
0;1;3;6;10;11,I;II;aVR;V1;V5;V6,6,0.9,1,0,0,0,1
0;1;3;6;11,I;II;aVR;V1;V6,5,0.5,1,1,1,0,3
0;1;3;6;11,I;II;aVR;V1;V6,5,0.6,1,1,1,0,3
0;1;3;6;11,I;II;aVR;V1;V6,5,0.7,1,0,1,0,2
0;1;3;6;11,I;II;aVR;V1;V6,5,0.8,1,0,1,0,2
0;1;3;6;11,I;II;aVR;V1;V6,5,0.9,1,0,0,0,1
0;1;3;7,I;II;aVR;V2,4,0.5,1,1,1,0,3
0;1;3;7,I;II;aVR;V2,4,0.6,1,0,1,0,2
0;1;3;7,I;II;aVR;V2,4,0.7,1,0,1,0,2
0;1;3;7,I;II;aVR;V2,4,0.8,1,0,1,0,2
0;1;3;7,I;II;aVR;V2,4,0.9,1,0,0,0,1
0;1;3;7;8,I;II;aVR;V2;V3,5,0.5,1,1,1,0,3
0;1;3;7;8,I;II;aVR;V2;V3,5,0.6,1,1,1,0,3
0;1;3;7;8,I;II;aVR;V2;V3,5,0.7,1,0,1,0,2
0;1;3;7;8,I;II;aVR;V2;V3,5,0.8,1,0,1,0,2
0;1;3;7;8,I;II;aVR;V2;V3,5,0.9,1,0,0,0,1
0;1;3;7;8;9,I;II;aVR;V2;V3;V4,6,0.5,1,1,1,0,3
0;1;3;7;8;9,I;II;aVR;V2;V3;V4,6,0.6,1,1,1,0,3
0;1;3;7;8;9,I;II;aVR;V2;V3;V4,6,0.7,1,0,1,0,2
0;1;3;7;8;9,I;II;aVR;V2;V3;V4,6,0.8,1,0,1,0,2
0;1;3;7;8;9,I;II;aVR;V2;V3;V4,6,0.9,1,0,0,0,1
0;1;3;7;8;9;10,I;II;aVR;V2;V3;V4;V5,7,0.5,1,1,1,0,3
0;1;3;7;8;9;10,I;II;aVR;V2;V3;V4;V5,7,0.6,1,0,1,0,2
0;1;3;7;8;9;10,I;II;aVR;V2;V3;V4;V5,7,0.7,1,0,1,0,2
0;1;3;7;8;9;10,I;II;aVR;V2;V3;V4;V5,7,0.8,1,0,0,0,1
0;1;3;7;8;9;10,I;II;aVR;V2;V3;V4;V5,7,0.9,1,0,0,0,1
0;1;3;7;8;9;10;11,I;II;aVR;V2;V3;V4;V5;V6,8,0.5,1,1,1,0,3
0;1;3;7;8;9;10;11,I;II;aVR;V2;V3;V4;V5;V6,8,0.6,1,0,1,0,2
0;1;3;7;8;9;10;11,I;II;aVR;V2;V3;V4;V5;V6,8,0.7,1,0,1,0,2
0;1;3;7;8;9;10;11,I;II;aVR;V2;V3;V4;V5;V6,8,0.8,1,0,0,0,1
0;1;3;7;8;9;10;11,I;II;aVR;V2;V3;V4;V5;V6,8,0.9,1,0,0,0,1
0;1;3;7;8;9;11,I;II;aVR;V2;V3;V4;V6,7,0.5,1,1,1,0,3
0;1;3;7;8;9;11,I;II;aVR;V2;V3;V4;V6,7,0.6,1,0,1,0,2
0;1;3;7;8;9;11,I;II;aVR;V2;V3;V4;V6,7,0.7,1,0,1,0,2
0;1;3;7;8;9;11,I;II;aVR;V2;V3;V4;V6,7,0.8,1,0,1,0,2
0;1;3;7;8;9;11,I;II;aVR;V2;V3;V4;V6,7,0.9,1,0,0,0,1
0;1;3;7;8;10,I;II;aVR;V2;V3;V5,6,0.5,1,1,1,0,3
0;1;3;7;8;10,I;II;aVR;V2;V3;V5,6,0.6,1,1,1,0,3
0;1;3;7;8;10,I;II;aVR;V2;V3;V5,6,0.7,1,0,1,0,2
0;1;3;7;8;10,I;II;aVR;V2;V3;V5,6,0.8,1,0,1,0,2
0;1;3;7;8;10,I;II;aVR;V2;V3;V5,6,0.9,1,0,0,0,1
0;1;3;7;8;10;11,I;II;aVR;V2;V3;V5;V6,7,0.5,1,1,1,0,3
0;1;3;7;8;10;11,I;II;aVR;V2;V3;V5;V6,7,0.6,1,1,1,0,3
0;1;3;7;8;10;11,I;II;aVR;V2;V3;V5;V6,7,0.7,1,0,1,0,2
0;1;3;7;8;10;11,I;II;aVR;V2;V3;V5;V6,7,0.8,1,0,0,0,1
0;1;3;7;8;10;11,I;II;aVR;V2;V3;V5;V6,7,0.9,1,0,0,0,1
0;1;3;7;8;11,I;II;aVR;V2;V3;V6,6,0.5,1,1,1,0,3
0;1;3;7;8;11,I;II;aVR;V2;V3;V6,6,0.6,1,1,1,0,3
0;1;3;7;8;11,I;II;aVR;V2;V3;V6,6,0.7,1,0,1,0,2
0;1;3;7;8;11,I;II;aVR;V2;V3;V6,6,0.8,1,0,0,0,1
0;1;3;7;8;11,I;II;aVR;V2;V3;V6,6,0.9,1,0,0,0,1
0;1;3;7;9,I;II;aVR;V2;V4,5,0.5,1,1,1,0,3
0;1;3;7;9,I;II;aVR;V2;V4,5,0.6,1,1,1,0,3
0;1;3;7;9,I;II;aVR;V2;V4,5,0.7,1,0,1,0,2
0;1;3;7;9,I;II;aVR;V2;V4,5,0.8,1,0,1,0,2
0;1;3;7;9,I;II;aVR;V2;V4,5,0.9,1,0,0,0,1
0;1;3;7;9;10,I;II;aVR;V2;V4;V5,6,0.5,1,1,1,0,3
0;1;3;7;9;10,I;II;aVR;V2;V4;V5,6,0.6,1,0,1,0,2
0;1;3;7;9;10,I;II;aVR;V2;V4;V5,6,0.7,1,0,1,0,2
0;1;3;7;9;10,I;II;aVR;V2;V4;V5,6,0.8,1,0,0,0,1
0;1;3;7;9;10,I;II;aVR;V2;V4;V5,6,0.9,1,0,0,0,1
0;1;3;7;9;10;11,I;II;aVR;V2;V4;V5;V6,7,0.5,1,1,1,0,3
0;1;3;7;9;10;11,I;II;aVR;V2;V4;V5;V6,7,0.6,1,0,1,0,2
0;1;3;7;9;10;11,I;II;aVR;V2;V4;V5;V6,7,0.7,1,0,1,0,2
0;1;3;7;9;10;11,I;II;aVR;V2;V4;V5;V6,7,0.8,1,0,0,0,1
0;1;3;7;9;10;11,I;II;aVR;V2;V4;V5;V6,7,0.9,1,0,0,0,1
0;1;3;7;9;11,I;II;aVR;V2;V4;V6,6,0.5,1,1,1,0,3
0;1;3;7;9;11,I;II;aVR;V2;V4;V6,6,0.6,1,0,1,0,2
0;1;3;7;9;11,I;II;aVR;V2;V4;V6,6,0.7,1,0,1,0,2
0;1;3;7;9;11,I;II;aVR;V2;V4;V6,6,0.8,1,0,1,0,2
0;1;3;7;9;11,I;II;aVR;V2;V4;V6,6,0.9,1,0,0,0,1
0;1;3;7;10,I;II;aVR;V2;V5,5,0.5,1,1,1,0,3
0;1;3;7;10,I;II;aVR;V2;V5,5,0.6,1,1,1,0,3
0;1;3;7;10,I;II;aVR;V2;V5,5,0.7,1,0,1,0,2
0;1;3;7;10,I;II;aVR;V2;V5,5,0.8,1,0,1,0,2
0;1;3;7;10,I;II;aVR;V2;V5,5,0.9,1,0,0,0,1
0;1;3;7;10;11,I;II;aVR;V2;V5;V6,6,0.5,1,1,1,0,3
0;1;3;7;10;11,I;II;aVR;V2;V5;V6,6,0.6,1,0,1,0,2
0;1;3;7;10;11,I;II;aVR;V2;V5;V6,6,0.7,1,0,1,0,2
0;1;3;7;10;11,I;II;aVR;V2;V5;V6,6,0.8,1,0,1,0,2
0;1;3;7;10;11,I;II;aVR;V2;V5;V6,6,0.9,1,0,0,0,1
0;1;3;7;11,I;II;aVR;V2;V6,5,0.5,1,1,1,0,3
0;1;3;7;11,I;II;aVR;V2;V6,5,0.6,1,0,1,0,2
0;1;3;7;11,I;II;aVR;V2;V6,5,0.7,1,0,1,0,2
0;1;3;7;11,I;II;aVR;V2;V6,5,0.8,1,0,1,0,2
0;1;3;7;11,I;II;aVR;V2;V6,5,0.9,1,0,0,0,1
0;1;3;8,I;II;aVR;V3,4,0.5,1,1,1,0,3
0;1;3;8,I;II;aVR;V3,4,0.6,1,0,1,0,2
0;1;3;8,I;II;aVR;V3,4,0.7,1,0,1,0,2
0;1;3;8,I;II;aVR;V3,4,0.8,1,0,0,0,1
0;1;3;8,I;II;aVR;V3,4,0.9,1,0,0,0,1
0;1;3;8;9,I;II;aVR;V3;V4,5,0.5,1,1,1,0,3
0;1;3;8;9,I;II;aVR;V3;V4,5,0.6,1,1,1,0,3
0;1;3;8;9,I;II;aVR;V3;V4,5,0.7,1,0,1,0,2
0;1;3;8;9,I;II;aVR;V3;V4,5,0.8,1,0,1,0,2
0;1;3;8;9,I;II;aVR;V3;V4,5,0.9,1,0,0,0,1
0;1;3;8;9;10,I;II;aVR;V3;V4;V5,6,0.5,1,1,1,0,3
0;1;3;8;9;10,I;II;aVR;V3;V4;V5,6,0.6,1,0,1,0,2
0;1;3;8;9;10,I;II;aVR;V3;V4;V5,6,0.7,1,0,1,0,2
0;1;3;8;9;10,I;II;aVR;V3;V4;V5,6,0.8,1,0,0,0,1
0;1;3;8;9;10,I;II;aVR;V3;V4;V5,6,0.9,1,0,0,0,1
0;1;3;8;9;10;11,I;II;aVR;V3;V4;V5;V6,7,0.5,1,1,1,0,3
0;1;3;8;9;10;11,I;II;aVR;V3;V4;V5;V6,7,0.6,1,0,1,0,2
0;1;3;8;9;10;11,I;II;aVR;V3;V4;V5;V6,7,0.7,1,0,1,0,2
0;1;3;8;9;10;11,I;II;aVR;V3;V4;V5;V6,7,0.8,1,0,0,0,1
0;1;3;8;9;10;11,I;II;aVR;V3;V4;V5;V6,7,0.9,1,0,0,0,1
0;1;3;8;9;11,I;II;aVR;V3;V4;V6,6,0.5,1,1,1,0,3
0;1;3;8;9;11,I;II;aVR;V3;V4;V6,6,0.6,1,0,1,0,2
0;1;3;8;9;11,I;II;aVR;V3;V4;V6,6,0.7,1,0,1,0,2
0;1;3;8;9;11,I;II;aVR;V3;V4;V6,6,0.8,1,0,0,0,1
0;1;3;8;9;11,I;II;aVR;V3;V4;V6,6,0.9,1,0,0,0,1
0;1;3;8;10,I;II;aVR;V3;V5,5,0.5,1,1,1,0,3
0;1;3;8;10,I;II;aVR;V3;V5,5,0.6,1,0,1,0,2
0;1;3;8;10,I;II;aVR;V3;V5,5,0.7,1,0,1,0,2
0;1;3;8;10,I;II;aVR;V3;V5,5,0.8,1,0,0,0,1
0;1;3;8;10,I;II;aVR;V3;V5,5,0.9,1,0,0,0,1
0;1;3;8;10;11,I;II;aVR;V3;V5;V6,6,0.5,1,1,1,0,3
0;1;3;8;10;11,I;II;aVR;V3;V5;V6,6,0.6,1,0,1,0,2
0;1;3;8;10;11,I;II;aVR;V3;V5;V6,6,0.7,1,0,1,0,2
0;1;3;8;10;11,I;II;aVR;V3;V5;V6,6,0.8,1,0,0,0,1
0;1;3;8;10;11,I;II;aVR;V3;V5;V6,6,0.9,1,0,0,0,1
0;1;3;8;11,I;II;aVR;V3;V6,5,0.5,1,1,1,0,3
0;1;3;8;11,I;II;aVR;V3;V6,5,0.6,1,0,1,0,2
0;1;3;8;11,I;II;aVR;V3;V6,5,0.7,1,0,1,0,2
0;1;3;8;11,I;II;aVR;V3;V6,5,0.8,1,0,0,0,1
0;1;3;8;11,I;II;aVR;V3;V6,5,0.9,1,0,0,0,1
0;1;3;9,I;II;aVR;V4,4,0.5,1,1,1,0,3
0;1;3;9,I;II;aVR;V4,4,0.6,1,1,1,0,3
0;1;3;9,I;II;aVR;V4,4,0.7,1,0,1,0,2
0;1;3;9,I;II;aVR;V4,4,0.8,1,0,1,0,2
0;1;3;9,I;II;aVR;V4,4,0.9,1,0,0,0,1
0;1;3;9;10,I;II;aVR;V4;V5,5,0.5,1,1,1,0,3
0;1;3;9;10,I;II;aVR;V4;V5,5,0.6,1,0,1,0,2
0;1;3;9;10,I;II;aVR;V4;V5,5,0.7,1,0,1,0,2
0;1;3;9;10,I;II;aVR;V4;V5,5,0.8,1,0,0,0,1
0;1;3;9;10,I;II;aVR;V4;V5,5,0.9,1,0,0,0,1
0;1;3;9;10;11,I;II;aVR;V4;V5;V6,6,0.5,1,1,1,0,3
0;1;3;9;10;11,I;II;aVR;V4;V5;V6,6,0.6,1,0,1,0,2
0;1;3;9;10;11,I;II;aVR;V4;V5;V6,6,0.7,1,0,1,0,2
0;1;3;9;10;11,I;II;aVR;V4;V5;V6,6,0.8,1,0,0,0,1
0;1;3;9;10;11,I;II;aVR;V4;V5;V6,6,0.9,1,0,0,0,1
0;1;3;9;11,I;II;aVR;V4;V6,5,0.5,1,1,1,0,3
0;1;3;9;11,I;II;aVR;V4;V6,5,0.6,1,0,1,0,2
0;1;3;9;11,I;II;aVR;V4;V6,5,0.7,1,0,1,0,2
0;1;3;9;11,I;II;aVR;V4;V6,5,0.8,1,0,0,0,1
0;1;3;9;11,I;II;aVR;V4;V6,5,0.9,1,0,0,0,1
0;1;3;10,I;II;aVR;V5,4,0.5,1,1,1,0,3
0;1;3;10,I;II;aVR;V5,4,0.6,1,1,1,0,3
0;1;3;10,I;II;aVR;V5,4,0.7,1,0,1,0,2
0;1;3;10,I;II;aVR;V5,4,0.8,1,0,0,0,1
0;1;3;10,I;II;aVR;V5,4,0.9,1,0,0,0,1
0;1;3;10;11,I;II;aVR;V5;V6,5,0.5,1,1,1,0,3
0;1;3;10;11,I;II;aVR;V5;V6,5,0.6,1,0,1,0,2
0;1;3;10;11,I;II;aVR;V5;V6,5,0.7,1,0,1,0,2
0;1;3;10;11,I;II;aVR;V5;V6,5,0.8,1,0,0,0,1
0;1;3;10;11,I;II;aVR;V5;V6,5,0.9,1,0,0,0,1
0;1;3;11,I;II;aVR;V6,4,0.5,1,1,1,0,3
0;1;3;11,I;II;aVR;V6,4,0.6,1,0,1,0,2
0;1;3;11,I;II;aVR;V6,4,0.7,1,0,1,0,2
0;1;3;11,I;II;aVR;V6,4,0.8,1,0,0,0,1
0;1;3;11,I;II;aVR;V6,4,0.9,1,0,0,0,1
0;1;4,I;II;aVL,3,0.5,1,1,1,0,3
0;1;4,I;II;aVL,3,0.6,1,1,1,0,3
0;1;4,I;II;aVL,3,0.7,1,0,1,0,2
0;1;4,I;II;aVL,3,0.8,1,0,1,0,2
0;1;4,I;II;aVL,3,0.9,1,0,0,0,1
0;1;4;5,I;II;aVL;aVF,3,0.5,1,1,1,0,3
0;1;4;5,I;II;aVL;aVF,3,0.6,1,1,1,0,3
0;1;4;5,I;II;aVL;aVF,3,0.7,1,0,1,0,2
0;1;4;5,I;II;aVL;aVF,3,0.8,1,0,1,0,2
0;1;4;5,I;II;aVL;aVF,3,0.9,1,0,0,0,1
0;1;4;5;6,I;II;aVL;aVF;V1,4,0.5,1,1,1,0,3
0;1;4;5;6,I;II;aVL;aVF;V1,4,0.6,1,1,1,0,3
0;1;4;5;6,I;II;aVL;aVF;V1,4,0.7,1,0,1,0,2
0;1;4;5;6,I;II;aVL;aVF;V1,4,0.8,1,0,1,0,2
0;1;4;5;6,I;II;aVL;aVF;V1,4,0.9,1,0,0,0,1
0;1;4;5;6;7,I;II;aVL;aVF;V1;V2,5,0.5,1,1,1,0,3
0;1;4;5;6;7,I;II;aVL;aVF;V1;V2,5,0.6,1,1,1,0,3
0;1;4;5;6;7,I;II;aVL;aVF;V1;V2,5,0.7,1,0,1,0,2
0;1;4;5;6;7,I;II;aVL;aVF;V1;V2,5,0.8,1,0,1,0,2
0;1;4;5;6;7,I;II;aVL;aVF;V1;V2,5,0.9,1,0,0,0,1
0;1;4;5;6;7;8,I;II;aVL;aVF;V1;V2;V3,6,0.5,1,1,1,0,3
0;1;4;5;6;7;8,I;II;aVL;aVF;V1;V2;V3,6,0.6,1,0,1,0,2
0;1;4;5;6;7;8,I;II;aVL;aVF;V1;V2;V3,6,0.7,1,0,1,0,2
0;1;4;5;6;7;8,I;II;aVL;aVF;V1;V2;V3,6,0.8,1,0,1,0,2
0;1;4;5;6;7;8,I;II;aVL;aVF;V1;V2;V3,6,0.9,1,0,0,0,1
0;1;4;5;6;7;8;9,I;II;aVL;aVF;V1;V2;V3;V4,7,0.5,1,1,1,0,3
0;1;4;5;6;7;8;9,I;II;aVL;aVF;V1;V2;V3;V4,7,0.6,1,0,1,0,2
0;1;4;5;6;7;8;9,I;II;aVL;aVF;V1;V2;V3;V4,7,0.7,1,0,1,0,2
0;1;4;5;6;7;8;9,I;II;aVL;aVF;V1;V2;V3;V4,7,0.8,1,0,1,0,2
0;1;4;5;6;7;8;9,I;II;aVL;aVF;V1;V2;V3;V4,7,0.9,1,0,0,0,1
0;1;4;5;6;7;8;9;10,I;II;aVL;aVF;V1;V2;V3;V4;V5,8,0.5,1,1,1,0,3
0;1;4;5;6;7;8;9;10,I;II;aVL;aVF;V1;V2;V3;V4;V5,8,0.6,1,1,1,0,3
0;1;4;5;6;7;8;9;10,I;II;aVL;aVF;V1;V2;V3;V4;V5,8,0.7,1,0,1,0,2
0;1;4;5;6;7;8;9;10,I;II;aVL;aVF;V1;V2;V3;V4;V5,8,0.8,1,0,1,0,2
0;1;4;5;6;7;8;9;10,I;II;aVL;aVF;V1;V2;V3;V4;V5,8,0.9,1,0,0,0,1
0;1;4;5;6;7;8;9;10;11,I;II;aVL;aVF;V1;V2;V3;V4;V5;V6,9,0.5,1,1,1,0,3
0;1;4;5;6;7;8;9;10;11,I;II;aVL;aVF;V1;V2;V3;V4;V5;V6,9,0.6,1,0,1,0,2
0;1;4;5;6;7;8;9;10;11,I;II;aVL;aVF;V1;V2;V3;V4;V5;V6,9,0.7,1,0,1,0,2
0;1;4;5;6;7;8;9;10;11,I;II;aVL;aVF;V1;V2;V3;V4;V5;V6,9,0.8,1,0,1,0,2
0;1;4;5;6;7;8;9;10;11,I;II;aVL;aVF;V1;V2;V3;V4;V5;V6,9,0.9,1,0,0,0,1
0;1;4;5;6;7;8;9;11,I;II;aVL;aVF;V1;V2;V3;V4;V6,8,0.5,1,1,1,0,3
0;1;4;5;6;7;8;9;11,I;II;aVL;aVF;V1;V2;V3;V4;V6,8,0.6,1,0,1,0,2
0;1;4;5;6;7;8;9;11,I;II;aVL;aVF;V1;V2;V3;V4;V6,8,0.7,1,0,1,0,2
0;1;4;5;6;7;8;9;11,I;II;aVL;aVF;V1;V2;V3;V4;V6,8,0.8,1,0,1,0,2
0;1;4;5;6;7;8;9;11,I;II;aVL;aVF;V1;V2;V3;V4;V6,8,0.9,1,0,0,0,1
0;1;4;5;6;7;8;10,I;II;aVL;aVF;V1;V2;V3;V5,7,0.5,1,1,1,0,3
0;1;4;5;6;7;8;10,I;II;aVL;aVF;V1;V2;V3;V5,7,0.6,1,0,1,0,2
0;1;4;5;6;7;8;10,I;II;aVL;aVF;V1;V2;V3;V5,7,0.7,1,0,1,0,2
0;1;4;5;6;7;8;10,I;II;aVL;aVF;V1;V2;V3;V5,7,0.8,1,0,1,0,2
0;1;4;5;6;7;8;10,I;II;aVL;aVF;V1;V2;V3;V5,7,0.9,1,0,0,0,1
0;1;4;5;6;7;8;10;11,I;II;aVL;aVF;V1;V2;V3;V5;V6,8,0.5,1,1,1,0,3
0;1;4;5;6;7;8;10;11,I;II;aVL;aVF;V1;V2;V3;V5;V6,8,0.6,1,0,1,0,2
0;1;4;5;6;7;8;10;11,I;II;aVL;aVF;V1;V2;V3;V5;V6,8,0.7,1,0,1,0,2
0;1;4;5;6;7;8;10;11,I;II;aVL;aVF;V1;V2;V3;V5;V6,8,0.8,1,0,1,0,2
0;1;4;5;6;7;8;10;11,I;II;aVL;aVF;V1;V2;V3;V5;V6,8,0.9,1,0,0,0,1
0;1;4;5;6;7;8;11,I;II;aVL;aVF;V1;V2;V3;V6,7,0.5,1,1,1,0,3
0;1;4;5;6;7;8;11,I;II;aVL;aVF;V1;V2;V3;V6,7,0.6,1,0,1,0,2
0;1;4;5;6;7;8;11,I;II;aVL;aVF;V1;V2;V3;V6,7,0.7,1,0,1,0,2
0;1;4;5;6;7;8;11,I;II;aVL;aVF;V1;V2;V3;V6,7,0.8,1,0,1,0,2
0;1;4;5;6;7;8;11,I;II;aVL;aVF;V1;V2;V3;V6,7,0.9,1,0,0,0,1
0;1;4;5;6;7;9,I;II;aVL;aVF;V1;V2;V4,6,0.5,1,1,1,0,3
0;1;4;5;6;7;9,I;II;aVL;aVF;V1;V2;V4,6,0.6,1,0,1,0,2
0;1;4;5;6;7;9,I;II;aVL;aVF;V1;V2;V4,6,0.7,1,0,1,0,2
0;1;4;5;6;7;9,I;II;aVL;aVF;V1;V2;V4,6,0.8,1,0,1,0,2
0;1;4;5;6;7;9,I;II;aVL;aVF;V1;V2;V4,6,0.9,1,0,0,0,1
0;1;4;5;6;7;9;10,I;II;aVL;aVF;V1;V2;V4;V5,7,0.5,1,1,1,0,3
0;1;4;5;6;7;9;10,I;II;aVL;aVF;V1;V2;V4;V5,7,0.6,1,0,1,0,2
0;1;4;5;6;7;9;10,I;II;aVL;aVF;V1;V2;V4;V5,7,0.7,1,0,1,0,2
0;1;4;5;6;7;9;10,I;II;aVL;aVF;V1;V2;V4;V5,7,0.8,1,0,1,0,2
0;1;4;5;6;7;9;10,I;II;aVL;aVF;V1;V2;V4;V5,7,0.9,1,0,0,0,1
0;1;4;5;6;7;9;10;11,I;II;aVL;aVF;V1;V2;V4;V5;V6,8,0.5,1,1,1,0,3
0;1;4;5;6;7;9;10;11,I;II;aVL;aVF;V1;V2;V4;V5;V6,8,0.6,1,0,1,0,2
0;1;4;5;6;7;9;10;11,I;II;aVL;aVF;V1;V2;V4;V5;V6,8,0.7,1,0,1,0,2
0;1;4;5;6;7;9;10;11,I;II;aVL;aVF;V1;V2;V4;V5;V6,8,0.8,1,0,1,0,2
0;1;4;5;6;7;9;10;11,I;II;aVL;aVF;V1;V2;V4;V5;V6,8,0.9,1,0,0,0,1
0;1;4;5;6;7;9;11,I;II;aVL;aVF;V1;V2;V4;V6,7,0.5,1,1,1,0,3
0;1;4;5;6;7;9;11,I;II;aVL;aVF;V1;V2;V4;V6,7,0.6,1,0,1,0,2
0;1;4;5;6;7;9;11,I;II;aVL;aVF;V1;V2;V4;V6,7,0.7,1,0,1,0,2
0;1;4;5;6;7;9;11,I;II;aVL;aVF;V1;V2;V4;V6,7,0.8,1,0,1,0,2
0;1;4;5;6;7;9;11,I;II;aVL;aVF;V1;V2;V4;V6,7,0.9,1,0,0,0,1
0;1;4;5;6;7;10,I;II;aVL;aVF;V1;V2;V5,6,0.5,1,1,1,0,3
0;1;4;5;6;7;10,I;II;aVL;aVF;V1;V2;V5,6,0.6,1,0,1,0,2
0;1;4;5;6;7;10,I;II;aVL;aVF;V1;V2;V5,6,0.7,1,0,1,0,2
0;1;4;5;6;7;10,I;II;aVL;aVF;V1;V2;V5,6,0.8,1,0,1,0,2
0;1;4;5;6;7;10,I;II;aVL;aVF;V1;V2;V5,6,0.9,1,0,0,0,1
0;1;4;5;6;7;10;11,I;II;aVL;aVF;V1;V2;V5;V6,7,0.5,1,1,1,0,3
0;1;4;5;6;7;10;11,I;II;aVL;aVF;V1;V2;V5;V6,7,0.6,1,0,1,0,2
0;1;4;5;6;7;10;11,I;II;aVL;aVF;V1;V2;V5;V6,7,0.7,1,0,1,0,2
0;1;4;5;6;7;10;11,I;II;aVL;aVF;V1;V2;V5;V6,7,0.8,1,0,1,0,2
0;1;4;5;6;7;10;11,I;II;aVL;aVF;V1;V2;V5;V6,7,0.9,1,0,0,0,1
0;1;4;5;6;7;11,I;II;aVL;aVF;V1;V2;V6,6,0.5,1,1,1,0,3
0;1;4;5;6;7;11,I;II;aVL;aVF;V1;V2;V6,6,0.6,1,0,1,0,2
0;1;4;5;6;7;11,I;II;aVL;aVF;V1;V2;V6,6,0.7,1,0,1,0,2
0;1;4;5;6;7;11,I;II;aVL;aVF;V1;V2;V6,6,0.8,1,0,1,0,2
0;1;4;5;6;7;11,I;II;aVL;aVF;V1;V2;V6,6,0.9,1,0,0,0,1
0;1;4;5;6;8,I;II;aVL;aVF;V1;V3,5,0.5,1,1,1,0,3
0;1;4;5;6;8,I;II;aVL;aVF;V1;V3,5,0.6,1,0,1,0,2
0;1;4;5;6;8,I;II;aVL;aVF;V1;V3,5,0.7,1,0,1,0,2
0;1;4;5;6;8,I;II;aVL;aVF;V1;V3,5,0.8,1,0,1,0,2
0;1;4;5;6;8,I;II;aVL;aVF;V1;V3,5,0.9,1,0,0,0,1
0;1;4;5;6;8;9,I;II;aVL;aVF;V1;V3;V4,6,0.5,1,1,1,0,3
0;1;4;5;6;8;9,I;II;aVL;aVF;V1;V3;V4,6,0.6,1,0,1,0,2
0;1;4;5;6;8;9,I;II;aVL;aVF;V1;V3;V4,6,0.7,1,0,1,0,2
0;1;4;5;6;8;9,I;II;aVL;aVF;V1;V3;V4,6,0.8,1,0,1,0,2
0;1;4;5;6;8;9,I;II;aVL;aVF;V1;V3;V4,6,0.9,1,0,0,0,1
0;1;4;5;6;8;9;10,I;II;aVL;aVF;V1;V3;V4;V5,7,0.5,1,1,1,0,3
0;1;4;5;6;8;9;10,I;II;aVL;aVF;V1;V3;V4;V5,7,0.6,1,0,1,0,2
0;1;4;5;6;8;9;10,I;II;aVL;aVF;V1;V3;V4;V5,7,0.7,1,0,1,0,2
0;1;4;5;6;8;9;10,I;II;aVL;aVF;V1;V3;V4;V5,7,0.8,1,0,1,0,2
0;1;4;5;6;8;9;10,I;II;aVL;aVF;V1;V3;V4;V5,7,0.9,1,0,0,0,1
0;1;4;5;6;8;9;10;11,I;II;aVL;aVF;V1;V3;V4;V5;V6,8,0.5,1,1,1,0,3
0;1;4;5;6;8;9;10;11,I;II;aVL;aVF;V1;V3;V4;V5;V6,8,0.6,1,0,1,0,2
0;1;4;5;6;8;9;10;11,I;II;aVL;aVF;V1;V3;V4;V5;V6,8,0.7,1,0,1,0,2
0;1;4;5;6;8;9;10;11,I;II;aVL;aVF;V1;V3;V4;V5;V6,8,0.8,1,0,1,0,2
0;1;4;5;6;8;9;10;11,I;II;aVL;aVF;V1;V3;V4;V5;V6,8,0.9,1,0,0,0,1
0;1;4;5;6;8;9;11,I;II;aVL;aVF;V1;V3;V4;V6,7,0.5,1,1,1,0,3
0;1;4;5;6;8;9;11,I;II;aVL;aVF;V1;V3;V4;V6,7,0.6,1,0,1,0,2
0;1;4;5;6;8;9;11,I;II;aVL;aVF;V1;V3;V4;V6,7,0.7,1,0,1,0,2
0;1;4;5;6;8;9;11,I;II;aVL;aVF;V1;V3;V4;V6,7,0.8,1,0,1,0,2
0;1;4;5;6;8;9;11,I;II;aVL;aVF;V1;V3;V4;V6,7,0.9,1,0,0,0,1
0;1;4;5;6;8;10,I;II;aVL;aVF;V1;V3;V5,6,0.5,1,1,1,0,3
0;1;4;5;6;8;10,I;II;aVL;aVF;V1;V3;V5,6,0.6,1,0,1,0,2
0;1;4;5;6;8;10,I;II;aVL;aVF;V1;V3;V5,6,0.7,1,0,1,0,2
0;1;4;5;6;8;10,I;II;aVL;aVF;V1;V3;V5,6,0.8,1,0,1,0,2
0;1;4;5;6;8;10,I;II;aVL;aVF;V1;V3;V5,6,0.9,1,0,0,0,1
0;1;4;5;6;8;10;11,I;II;aVL;aVF;V1;V3;V5;V6,7,0.5,1,1,1,0,3
0;1;4;5;6;8;10;11,I;II;aVL;aVF;V1;V3;V5;V6,7,0.6,1,0,1,0,2
0;1;4;5;6;8;10;11,I;II;aVL;aVF;V1;V3;V5;V6,7,0.7,1,0,1,0,2
0;1;4;5;6;8;10;11,I;II;aVL;aVF;V1;V3;V5;V6,7,0.8,1,0,1,0,2
0;1;4;5;6;8;10;11,I;II;aVL;aVF;V1;V3;V5;V6,7,0.9,1,0,0,0,1
0;1;4;5;6;8;11,I;II;aVL;aVF;V1;V3;V6,6,0.5,1,1,1,0,3
0;1;4;5;6;8;11,I;II;aVL;aVF;V1;V3;V6,6,0.6,1,0,1,0,2
0;1;4;5;6;8;11,I;II;aVL;aVF;V1;V3;V6,6,0.7,1,0,1,0,2
0;1;4;5;6;8;11,I;II;aVL;aVF;V1;V3;V6,6,0.8,1,0,1,0,2
0;1;4;5;6;8;11,I;II;aVL;aVF;V1;V3;V6,6,0.9,1,0,0,0,1
0;1;4;5;6;9,I;II;aVL;aVF;V1;V4,5,0.5,1,1,1,0,3
0;1;4;5;6;9,I;II;aVL;aVF;V1;V4,5,0.6,1,0,1,0,2
0;1;4;5;6;9,I;II;aVL;aVF;V1;V4,5,0.7,1,0,1,0,2
0;1;4;5;6;9,I;II;aVL;aVF;V1;V4,5,0.8,1,0,1,0,2
0;1;4;5;6;9,I;II;aVL;aVF;V1;V4,5,0.9,1,0,0,0,1
0;1;4;5;6;9;10,I;II;aVL;aVF;V1;V4;V5,6,0.5,1,1,1,0,3
0;1;4;5;6;9;10,I;II;aVL;aVF;V1;V4;V5,6,0.6,1,0,1,0,2
0;1;4;5;6;9;10,I;II;aVL;aVF;V1;V4;V5,6,0.7,1,0,1,0,2
0;1;4;5;6;9;10,I;II;aVL;aVF;V1;V4;V5,6,0.8,1,0,1,0,2
0;1;4;5;6;9;10,I;II;aVL;aVF;V1;V4;V5,6,0.9,1,0,0,0,1
0;1;4;5;6;9;10;11,I;II;aVL;aVF;V1;V4;V5;V6,7,0.5,1,1,1,0,3
0;1;4;5;6;9;10;11,I;II;aVL;aVF;V1;V4;V5;V6,7,0.6,1,0,1,0,2
0;1;4;5;6;9;10;11,I;II;aVL;aVF;V1;V4;V5;V6,7,0.7,1,0,1,0,2
0;1;4;5;6;9;10;11,I;II;aVL;aVF;V1;V4;V5;V6,7,0.8,1,0,1,0,2
0;1;4;5;6;9;10;11,I;II;aVL;aVF;V1;V4;V5;V6,7,0.9,1,0,0,0,1
0;1;4;5;6;9;11,I;II;aVL;aVF;V1;V4;V6,6,0.5,1,1,1,0,3
0;1;4;5;6;9;11,I;II;aVL;aVF;V1;V4;V6,6,0.6,1,0,1,0,2
0;1;4;5;6;9;11,I;II;aVL;aVF;V1;V4;V6,6,0.7,1,0,1,0,2
0;1;4;5;6;9;11,I;II;aVL;aVF;V1;V4;V6,6,0.8,1,0,1,0,2
0;1;4;5;6;9;11,I;II;aVL;aVF;V1;V4;V6,6,0.9,1,0,0,0,1
0;1;4;5;6;10,I;II;aVL;aVF;V1;V5,5,0.5,1,1,1,0,3
0;1;4;5;6;10,I;II;aVL;aVF;V1;V5,5,0.6,1,0,1,0,2
0;1;4;5;6;10,I;II;aVL;aVF;V1;V5,5,0.7,1,0,1,0,2
0;1;4;5;6;10,I;II;aVL;aVF;V1;V5,5,0.8,1,0,1,0,2
0;1;4;5;6;10,I;II;aVL;aVF;V1;V5,5,0.9,1,0,0,0,1
0;1;4;5;6;10;11,I;II;aVL;aVF;V1;V5;V6,6,0.5,1,1,1,0,3
0;1;4;5;6;10;11,I;II;aVL;aVF;V1;V5;V6,6,0.6,1,1,1,0,3
0;1;4;5;6;10;11,I;II;aVL;aVF;V1;V5;V6,6,0.7,1,0,1,0,2
0;1;4;5;6;10;11,I;II;aVL;aVF;V1;V5;V6,6,0.8,1,0,1,0,2
0;1;4;5;6;10;11,I;II;aVL;aVF;V1;V5;V6,6,0.9,1,0,0,0,1
0;1;4;5;6;11,I;II;aVL;aVF;V1;V6,5,0.5,1,1,1,0,3
0;1;4;5;6;11,I;II;aVL;aVF;V1;V6,5,0.6,1,1,1,0,3
0;1;4;5;6;11,I;II;aVL;aVF;V1;V6,5,0.7,1,0,1,0,2
0;1;4;5;6;11,I;II;aVL;aVF;V1;V6,5,0.8,1,0,1,0,2
0;1;4;5;6;11,I;II;aVL;aVF;V1;V6,5,0.9,1,0,0,0,1
0;1;4;5;7,I;II;aVL;aVF;V2,4,0.5,1,1,1,0,3
0;1;4;5;7,I;II;aVL;aVF;V2,4,0.6,1,0,1,0,2
0;1;4;5;7,I;II;aVL;aVF;V2,4,0.7,1,0,1,0,2
0;1;4;5;7,I;II;aVL;aVF;V2,4,0.8,1,0,1,0,2
0;1;4;5;7,I;II;aVL;aVF;V2,4,0.9,1,0,0,0,1
0;1;4;5;7;8,I;II;aVL;aVF;V2;V3,5,0.5,1,1,1,0,3
0;1;4;5;7;8,I;II;aVL;aVF;V2;V3,5,0.6,1,1,1,0,3
0;1;4;5;7;8,I;II;aVL;aVF;V2;V3,5,0.7,1,0,1,0,2
0;1;4;5;7;8,I;II;aVL;aVF;V2;V3,5,0.8,1,0,1,0,2
0;1;4;5;7;8,I;II;aVL;aVF;V2;V3,5,0.9,1,0,0,0,1
0;1;4;5;7;8;9,I;II;aVL;aVF;V2;V3;V4,6,0.5,1,1,1,0,3
0;1;4;5;7;8;9,I;II;aVL;aVF;V2;V3;V4,6,0.6,1,1,1,0,3
0;1;4;5;7;8;9,I;II;aVL;aVF;V2;V3;V4,6,0.7,1,0,1,0,2
0;1;4;5;7;8;9,I;II;aVL;aVF;V2;V3;V4,6,0.8,1,0,1,0,2
0;1;4;5;7;8;9,I;II;aVL;aVF;V2;V3;V4,6,0.9,1,0,0,0,1
0;1;4;5;7;8;9;10,I;II;aVL;aVF;V2;V3;V4;V5,7,0.5,1,1,1,0,3
0;1;4;5;7;8;9;10,I;II;aVL;aVF;V2;V3;V4;V5,7,0.6,1,1,1,0,3
0;1;4;5;7;8;9;10,I;II;aVL;aVF;V2;V3;V4;V5,7,0.7,1,0,1,0,2
0;1;4;5;7;8;9;10,I;II;aVL;aVF;V2;V3;V4;V5,7,0.8,1,0,1,0,2
0;1;4;5;7;8;9;10,I;II;aVL;aVF;V2;V3;V4;V5,7,0.9,1,0,0,0,1
0;1;4;5;7;8;9;10;11,I;II;aVL;aVF;V2;V3;V4;V5;V6,8,0.5,1,1,1,0,3
0;1;4;5;7;8;9;10;11,I;II;aVL;aVF;V2;V3;V4;V5;V6,8,0.6,1,0,1,0,2
0;1;4;5;7;8;9;10;11,I;II;aVL;aVF;V2;V3;V4;V5;V6,8,0.7,1,0,1,0,2
0;1;4;5;7;8;9;10;11,I;II;aVL;aVF;V2;V3;V4;V5;V6,8,0.8,1,0,0,0,1
0;1;4;5;7;8;9;10;11,I;II;aVL;aVF;V2;V3;V4;V5;V6,8,0.9,1,0,0,0,1
0;1;4;5;7;8;9;11,I;II;aVL;aVF;V2;V3;V4;V6,7,0.5,1,1,1,0,3
0;1;4;5;7;8;9;11,I;II;aVL;aVF;V2;V3;V4;V6,7,0.6,1,0,1,0,2
0;1;4;5;7;8;9;11,I;II;aVL;aVF;V2;V3;V4;V6,7,0.7,1,0,1,0,2
0;1;4;5;7;8;9;11,I;II;aVL;aVF;V2;V3;V4;V6,7,0.8,1,0,1,0,2
0;1;4;5;7;8;9;11,I;II;aVL;aVF;V2;V3;V4;V6,7,0.9,1,0,0,0,1
0;1;4;5;7;8;10,I;II;aVL;aVF;V2;V3;V5,6,0.5,1,1,1,0,3
0;1;4;5;7;8;10,I;II;aVL;aVF;V2;V3;V5,6,0.6,1,0,1,0,2
0;1;4;5;7;8;10,I;II;aVL;aVF;V2;V3;V5,6,0.7,1,0,1,0,2
0;1;4;5;7;8;10,I;II;aVL;aVF;V2;V3;V5,6,0.8,1,0,1,0,2
0;1;4;5;7;8;10,I;II;aVL;aVF;V2;V3;V5,6,0.9,1,0,0,0,1
0;1;4;5;7;8;10;11,I;II;aVL;aVF;V2;V3;V5;V6,7,0.5,1,1,1,0,3
0;1;4;5;7;8;10;11,I;II;aVL;aVF;V2;V3;V5;V6,7,0.6,1,1,1,0,3
0;1;4;5;7;8;10;11,I;II;aVL;aVF;V2;V3;V5;V6,7,0.7,1,0,1,0,2
0;1;4;5;7;8;10;11,I;II;aVL;aVF;V2;V3;V5;V6,7,0.8,1,0,0,0,1
0;1;4;5;7;8;10;11,I;II;aVL;aVF;V2;V3;V5;V6,7,0.9,1,0,0,0,1
0;1;4;5;7;8;11,I;II;aVL;aVF;V2;V3;V6,6,0.5,1,1,1,0,3
0;1;4;5;7;8;11,I;II;aVL;aVF;V2;V3;V6,6,0.6,1,1,1,0,3
0;1;4;5;7;8;11,I;II;aVL;aVF;V2;V3;V6,6,0.7,1,0,1,0,2
0;1;4;5;7;8;11,I;II;aVL;aVF;V2;V3;V6,6,0.8,1,0,0,0,1
0;1;4;5;7;8;11,I;II;aVL;aVF;V2;V3;V6,6,0.9,1,0,0,0,1
0;1;4;5;7;9,I;II;aVL;aVF;V2;V4,5,0.5,1,1,1,0,3
0;1;4;5;7;9,I;II;aVL;aVF;V2;V4,5,0.6,1,1,1,0,3
0;1;4;5;7;9,I;II;aVL;aVF;V2;V4,5,0.7,1,0,1,0,2
0;1;4;5;7;9,I;II;aVL;aVF;V2;V4,5,0.8,1,0,1,0,2
0;1;4;5;7;9,I;II;aVL;aVF;V2;V4,5,0.9,1,0,0,0,1
0;1;4;5;7;9;10,I;II;aVL;aVF;V2;V4;V5,6,0.5,1,1,1,0,3
0;1;4;5;7;9;10,I;II;aVL;aVF;V2;V4;V5,6,0.6,1,0,1,0,2
0;1;4;5;7;9;10,I;II;aVL;aVF;V2;V4;V5,6,0.7,1,0,1,0,2
0;1;4;5;7;9;10,I;II;aVL;aVF;V2;V4;V5,6,0.8,1,0,1,0,2
0;1;4;5;7;9;10,I;II;aVL;aVF;V2;V4;V5,6,0.9,1,0,0,0,1
0;1;4;5;7;9;10;11,I;II;aVL;aVF;V2;V4;V5;V6,7,0.5,1,1,1,0,3
0;1;4;5;7;9;10;11,I;II;aVL;aVF;V2;V4;V5;V6,7,0.6,1,0,1,0,2
0;1;4;5;7;9;10;11,I;II;aVL;aVF;V2;V4;V5;V6,7,0.7,1,0,1,0,2
0;1;4;5;7;9;10;11,I;II;aVL;aVF;V2;V4;V5;V6,7,0.8,1,0,0,0,1
0;1;4;5;7;9;10;11,I;II;aVL;aVF;V2;V4;V5;V6,7,0.9,1,0,0,0,1
0;1;4;5;7;9;11,I;II;aVL;aVF;V2;V4;V6,6,0.5,1,1,1,0,3
0;1;4;5;7;9;11,I;II;aVL;aVF;V2;V4;V6,6,0.6,1,0,1,0,2
0;1;4;5;7;9;11,I;II;aVL;aVF;V2;V4;V6,6,0.7,1,0,1,0,2
0;1;4;5;7;9;11,I;II;aVL;aVF;V2;V4;V6,6,0.8,1,0,1,0,2
0;1;4;5;7;9;11,I;II;aVL;aVF;V2;V4;V6,6,0.9,1,0,0,0,1
0;1;4;5;7;10,I;II;aVL;aVF;V2;V5,5,0.5,1,1,1,0,3
0;1;4;5;7;10,I;II;aVL;aVF;V2;V5,5,0.6,1,1,1,0,3
0;1;4;5;7;10,I;II;aVL;aVF;V2;V5,5,0.7,1,0,1,0,2
0;1;4;5;7;10,I;II;aVL;aVF;V2;V5,5,0.8,1,0,1,0,2
0;1;4;5;7;10,I;II;aVL;aVF;V2;V5,5,0.9,1,0,0,0,1
0;1;4;5;7;10;11,I;II;aVL;aVF;V2;V5;V6,6,0.5,1,1,1,0,3
0;1;4;5;7;10;11,I;II;aVL;aVF;V2;V5;V6,6,0.6,1,0,1,0,2
0;1;4;5;7;10;11,I;II;aVL;aVF;V2;V5;V6,6,0.7,1,0,1,0,2
0;1;4;5;7;10;11,I;II;aVL;aVF;V2;V5;V6,6,0.8,1,0,1,0,2
0;1;4;5;7;10;11,I;II;aVL;aVF;V2;V5;V6,6,0.9,1,0,0,0,1
0;1;4;5;7;11,I;II;aVL;aVF;V2;V6,5,0.5,1,1,1,0,3
0;1;4;5;7;11,I;II;aVL;aVF;V2;V6,5,0.6,1,0,1,0,2
0;1;4;5;7;11,I;II;aVL;aVF;V2;V6,5,0.7,1,0,1,0,2
0;1;4;5;7;11,I;II;aVL;aVF;V2;V6,5,0.8,1,0,1,0,2
0;1;4;5;7;11,I;II;aVL;aVF;V2;V6,5,0.9,1,0,0,0,1
0;1;4;5;8,I;II;aVL;aVF;V3,4,0.5,1,1,1,0,3
0;1;4;5;8,I;II;aVL;aVF;V3,4,0.6,1,0,1,0,2
0;1;4;5;8,I;II;aVL;aVF;V3,4,0.7,1,0,1,0,2
0;1;4;5;8,I;II;aVL;aVF;V3,4,0.8,1,0,1,0,2
0;1;4;5;8,I;II;aVL;aVF;V3,4,0.9,1,0,0,0,1
0;1;4;5;8;9,I;II;aVL;aVF;V3;V4,5,0.5,1,1,1,0,3
0;1;4;5;8;9,I;II;aVL;aVF;V3;V4,5,0.6,1,1,1,0,3
0;1;4;5;8;9,I;II;aVL;aVF;V3;V4,5,0.7,1,0,1,0,2
0;1;4;5;8;9,I;II;aVL;aVF;V3;V4,5,0.8,1,0,1,0,2
0;1;4;5;8;9,I;II;aVL;aVF;V3;V4,5,0.9,1,0,0,0,1
0;1;4;5;8;9;10,I;II;aVL;aVF;V3;V4;V5,6,0.5,1,1,1,0,3
0;1;4;5;8;9;10,I;II;aVL;aVF;V3;V4;V5,6,0.6,1,0,1,0,2
0;1;4;5;8;9;10,I;II;aVL;aVF;V3;V4;V5,6,0.7,1,0,1,0,2
0;1;4;5;8;9;10,I;II;aVL;aVF;V3;V4;V5,6,0.8,1,0,0,0,1
0;1;4;5;8;9;10,I;II;aVL;aVF;V3;V4;V5,6,0.9,1,0,0,0,1
0;1;4;5;8;9;10;11,I;II;aVL;aVF;V3;V4;V5;V6,7,0.5,1,1,1,0,3
0;1;4;5;8;9;10;11,I;II;aVL;aVF;V3;V4;V5;V6,7,0.6,1,0,1,0,2
0;1;4;5;8;9;10;11,I;II;aVL;aVF;V3;V4;V5;V6,7,0.7,1,0,1,0,2
0;1;4;5;8;9;10;11,I;II;aVL;aVF;V3;V4;V5;V6,7,0.8,1,0,0,0,1
0;1;4;5;8;9;10;11,I;II;aVL;aVF;V3;V4;V5;V6,7,0.9,1,0,0,0,1
0;1;4;5;8;9;11,I;II;aVL;aVF;V3;V4;V6,6,0.5,1,1,1,0,3
0;1;4;5;8;9;11,I;II;aVL;aVF;V3;V4;V6,6,0.6,1,0,1,0,2
0;1;4;5;8;9;11,I;II;aVL;aVF;V3;V4;V6,6,0.7,1,0,1,0,2
0;1;4;5;8;9;11,I;II;aVL;aVF;V3;V4;V6,6,0.8,1,0,1,0,2
0;1;4;5;8;9;11,I;II;aVL;aVF;V3;V4;V6,6,0.9,1,0,0,0,1
0;1;4;5;8;10,I;II;aVL;aVF;V3;V5,5,0.5,1,1,1,0,3
0;1;4;5;8;10,I;II;aVL;aVF;V3;V5,5,0.6,1,0,1,0,2
0;1;4;5;8;10,I;II;aVL;aVF;V3;V5,5,0.7,1,0,1,0,2
0;1;4;5;8;10,I;II;aVL;aVF;V3;V5,5,0.8,1,0,0,0,1
0;1;4;5;8;10,I;II;aVL;aVF;V3;V5,5,0.9,1,0,0,0,1
0;1;4;5;8;10;11,I;II;aVL;aVF;V3;V5;V6,6,0.5,1,1,1,0,3
0;1;4;5;8;10;11,I;II;aVL;aVF;V3;V5;V6,6,0.6,1,0,1,0,2
0;1;4;5;8;10;11,I;II;aVL;aVF;V3;V5;V6,6,0.7,1,0,1,0,2
0;1;4;5;8;10;11,I;II;aVL;aVF;V3;V5;V6,6,0.8,1,0,0,0,1
0;1;4;5;8;10;11,I;II;aVL;aVF;V3;V5;V6,6,0.9,1,0,0,0,1
0;1;4;5;8;11,I;II;aVL;aVF;V3;V6,5,0.5,1,1,1,0,3
0;1;4;5;8;11,I;II;aVL;aVF;V3;V6,5,0.6,1,0,1,0,2
0;1;4;5;8;11,I;II;aVL;aVF;V3;V6,5,0.7,1,0,1,0,2
0;1;4;5;8;11,I;II;aVL;aVF;V3;V6,5,0.8,1,0,0,0,1
0;1;4;5;8;11,I;II;aVL;aVF;V3;V6,5,0.9,1,0,0,0,1
0;1;4;5;9,I;II;aVL;aVF;V4,4,0.5,1,1,1,0,3
0;1;4;5;9,I;II;aVL;aVF;V4,4,0.6,1,0,1,0,2
0;1;4;5;9,I;II;aVL;aVF;V4,4,0.7,1,0,1,0,2
0;1;4;5;9,I;II;aVL;aVF;V4,4,0.8,1,0,1,0,2
0;1;4;5;9,I;II;aVL;aVF;V4,4,0.9,1,0,0,0,1
0;1;4;5;9;10,I;II;aVL;aVF;V4;V5,5,0.5,1,1,1,0,3
0;1;4;5;9;10,I;II;aVL;aVF;V4;V5,5,0.6,1,0,1,0,2
0;1;4;5;9;10,I;II;aVL;aVF;V4;V5,5,0.7,1,0,1,0,2
0;1;4;5;9;10,I;II;aVL;aVF;V4;V5,5,0.8,1,0,0,0,1
0;1;4;5;9;10,I;II;aVL;aVF;V4;V5,5,0.9,1,0,0,0,1
0;1;4;5;9;10;11,I;II;aVL;aVF;V4;V5;V6,6,0.5,1,1,1,0,3
0;1;4;5;9;10;11,I;II;aVL;aVF;V4;V5;V6,6,0.6,1,0,1,0,2
0;1;4;5;9;10;11,I;II;aVL;aVF;V4;V5;V6,6,0.7,1,0,1,0,2
0;1;4;5;9;10;11,I;II;aVL;aVF;V4;V5;V6,6,0.8,1,0,0,0,1
0;1;4;5;9;10;11,I;II;aVL;aVF;V4;V5;V6,6,0.9,1,0,0,0,1
0;1;4;5;9;11,I;II;aVL;aVF;V4;V6,5,0.5,1,1,1,0,3
0;1;4;5;9;11,I;II;aVL;aVF;V4;V6,5,0.6,1,0,1,0,2
0;1;4;5;9;11,I;II;aVL;aVF;V4;V6,5,0.7,1,0,1,0,2
0;1;4;5;9;11,I;II;aVL;aVF;V4;V6,5,0.8,1,0,1,0,2
0;1;4;5;9;11,I;II;aVL;aVF;V4;V6,5,0.9,1,0,0,0,1
0;1;4;5;10,I;II;aVL;aVF;V5,4,0.5,1,1,1,0,3
0;1;4;5;10,I;II;aVL;aVF;V5,4,0.6,1,0,1,0,2
0;1;4;5;10,I;II;aVL;aVF;V5,4,0.7,1,0,1,0,2
0;1;4;5;10,I;II;aVL;aVF;V5,4,0.8,1,0,0,0,1
0;1;4;5;10,I;II;aVL;aVF;V5,4,0.9,1,0,0,0,1
0;1;4;5;10;11,I;II;aVL;aVF;V5;V6,5,0.5,1,1,1,0,3
0;1;4;5;10;11,I;II;aVL;aVF;V5;V6,5,0.6,1,0,1,0,2
0;1;4;5;10;11,I;II;aVL;aVF;V5;V6,5,0.7,1,0,1,0,2
0;1;4;5;10;11,I;II;aVL;aVF;V5;V6,5,0.8,1,0,0,0,1
0;1;4;5;10;11,I;II;aVL;aVF;V5;V6,5,0.9,1,0,0,0,1
0;1;4;5;11,I;II;aVL;aVF;V6,4,0.5,1,1,1,0,3
0;1;4;5;11,I;II;aVL;aVF;V6,4,0.6,1,0,1,0,2
0;1;4;5;11,I;II;aVL;aVF;V6,4,0.7,1,0,1,0,2
0;1;4;5;11,I;II;aVL;aVF;V6,4,0.8,1,0,1,0,2
0;1;4;5;11,I;II;aVL;aVF;V6,4,0.9,1,0,0,0,1
0;1;4;6,I;II;aVL;V1,4,0.5,1,1,1,0,3
0;1;4;6,I;II;aVL;V1,4,0.6,1,1,1,0,3
0;1;4;6,I;II;aVL;V1,4,0.7,1,0,1,0,2
0;1;4;6,I;II;aVL;V1,4,0.8,1,0,1,0,2
0;1;4;6,I;II;aVL;V1,4,0.9,1,0,0,0,1
0;1;4;6;7,I;II;aVL;V1;V2,5,0.5,1,1,1,0,3
0;1;4;6;7,I;II;aVL;V1;V2,5,0.6,1,1,1,0,3
0;1;4;6;7,I;II;aVL;V1;V2,5,0.7,1,0,1,0,2
0;1;4;6;7,I;II;aVL;V1;V2,5,0.8,1,0,1,0,2
0;1;4;6;7,I;II;aVL;V1;V2,5,0.9,1,0,0,0,1
0;1;4;6;7;8,I;II;aVL;V1;V2;V3,6,0.5,1,1,1,0,3
0;1;4;6;7;8,I;II;aVL;V1;V2;V3,6,0.6,1,1,1,0,3
0;1;4;6;7;8,I;II;aVL;V1;V2;V3,6,0.7,1,0,1,0,2
0;1;4;6;7;8,I;II;aVL;V1;V2;V3,6,0.8,1,0,1,0,2
0;1;4;6;7;8,I;II;aVL;V1;V2;V3,6,0.9,1,0,0,0,1
0;1;4;6;7;8;9,I;II;aVL;V1;V2;V3;V4,7,0.5,1,1,1,0,3
0;1;4;6;7;8;9,I;II;aVL;V1;V2;V3;V4,7,0.6,1,0,1,0,2
0;1;4;6;7;8;9,I;II;aVL;V1;V2;V3;V4,7,0.7,1,0,1,0,2
0;1;4;6;7;8;9,I;II;aVL;V1;V2;V3;V4,7,0.8,1,0,1,0,2
0;1;4;6;7;8;9,I;II;aVL;V1;V2;V3;V4,7,0.9,1,0,0,0,1
0;1;4;6;7;8;9;10,I;II;aVL;V1;V2;V3;V4;V5,8,0.5,1,1,1,0,3
0;1;4;6;7;8;9;10,I;II;aVL;V1;V2;V3;V4;V5,8,0.6,1,0,1,0,2
0;1;4;6;7;8;9;10,I;II;aVL;V1;V2;V3;V4;V5,8,0.7,1,0,1,0,2
0;1;4;6;7;8;9;10,I;II;aVL;V1;V2;V3;V4;V5,8,0.8,1,0,1,0,2
0;1;4;6;7;8;9;10,I;II;aVL;V1;V2;V3;V4;V5,8,0.9,1,0,0,0,1
0;1;4;6;7;8;9;10;11,I;II;aVL;V1;V2;V3;V4;V5;V6,9,0.5,1,1,1,0,3
0;1;4;6;7;8;9;10;11,I;II;aVL;V1;V2;V3;V4;V5;V6,9,0.6,1,0,1,0,2
0;1;4;6;7;8;9;10;11,I;II;aVL;V1;V2;V3;V4;V5;V6,9,0.7,1,0,1,0,2
0;1;4;6;7;8;9;10;11,I;II;aVL;V1;V2;V3;V4;V5;V6,9,0.8,1,0,1,0,2
0;1;4;6;7;8;9;10;11,I;II;aVL;V1;V2;V3;V4;V5;V6,9,0.9,1,0,0,0,1
0;1;4;6;7;8;9;11,I;II;aVL;V1;V2;V3;V4;V6,8,0.5,1,1,1,0,3
0;1;4;6;7;8;9;11,I;II;aVL;V1;V2;V3;V4;V6,8,0.6,1,0,1,0,2
0;1;4;6;7;8;9;11,I;II;aVL;V1;V2;V3;V4;V6,8,0.7,1,0,1,0,2
0;1;4;6;7;8;9;11,I;II;aVL;V1;V2;V3;V4;V6,8,0.8,1,0,1,0,2
0;1;4;6;7;8;9;11,I;II;aVL;V1;V2;V3;V4;V6,8,0.9,1,0,0,0,1
0;1;4;6;7;8;10,I;II;aVL;V1;V2;V3;V5,7,0.5,1,1,1,0,3
0;1;4;6;7;8;10,I;II;aVL;V1;V2;V3;V5,7,0.6,1,0,1,0,2
0;1;4;6;7;8;10,I;II;aVL;V1;V2;V3;V5,7,0.7,1,0,1,0,2
0;1;4;6;7;8;10,I;II;aVL;V1;V2;V3;V5,7,0.8,1,0,1,0,2
0;1;4;6;7;8;10,I;II;aVL;V1;V2;V3;V5,7,0.9,1,0,0,0,1
0;1;4;6;7;8;10;11,I;II;aVL;V1;V2;V3;V5;V6,8,0.5,1,1,1,0,3
0;1;4;6;7;8;10;11,I;II;aVL;V1;V2;V3;V5;V6,8,0.6,1,0,1,0,2
0;1;4;6;7;8;10;11,I;II;aVL;V1;V2;V3;V5;V6,8,0.7,1,0,1,0,2
0;1;4;6;7;8;10;11,I;II;aVL;V1;V2;V3;V5;V6,8,0.8,1,0,1,0,2
0;1;4;6;7;8;10;11,I;II;aVL;V1;V2;V3;V5;V6,8,0.9,1,0,0,0,1
0;1;4;6;7;8;11,I;II;aVL;V1;V2;V3;V6,7,0.5,1,1,1,0,3
0;1;4;6;7;8;11,I;II;aVL;V1;V2;V3;V6,7,0.6,1,0,1,0,2
0;1;4;6;7;8;11,I;II;aVL;V1;V2;V3;V6,7,0.7,1,0,1,0,2
0;1;4;6;7;8;11,I;II;aVL;V1;V2;V3;V6,7,0.8,1,0,1,0,2
0;1;4;6;7;8;11,I;II;aVL;V1;V2;V3;V6,7,0.9,1,0,0,0,1
0;1;4;6;7;9,I;II;aVL;V1;V2;V4,6,0.5,1,1,1,0,3
0;1;4;6;7;9,I;II;aVL;V1;V2;V4,6,0.6,1,0,1,0,2
0;1;4;6;7;9,I;II;aVL;V1;V2;V4,6,0.7,1,0,1,0,2
0;1;4;6;7;9,I;II;aVL;V1;V2;V4,6,0.8,1,0,1,0,2
0;1;4;6;7;9,I;II;aVL;V1;V2;V4,6,0.9,1,0,0,0,1
0;1;4;6;7;9;10,I;II;aVL;V1;V2;V4;V5,7,0.5,1,1,1,0,3
0;1;4;6;7;9;10,I;II;aVL;V1;V2;V4;V5,7,0.6,1,0,1,0,2
0;1;4;6;7;9;10,I;II;aVL;V1;V2;V4;V5,7,0.7,1,0,1,0,2
0;1;4;6;7;9;10,I;II;aVL;V1;V2;V4;V5,7,0.8,1,0,1,0,2
0;1;4;6;7;9;10,I;II;aVL;V1;V2;V4;V5,7,0.9,1,0,0,0,1
0;1;4;6;7;9;10;11,I;II;aVL;V1;V2;V4;V5;V6,8,0.5,1,1,1,0,3
0;1;4;6;7;9;10;11,I;II;aVL;V1;V2;V4;V5;V6,8,0.6,1,0,1,0,2
0;1;4;6;7;9;10;11,I;II;aVL;V1;V2;V4;V5;V6,8,0.7,1,0,1,0,2
0;1;4;6;7;9;10;11,I;II;aVL;V1;V2;V4;V5;V6,8,0.8,1,0,1,0,2
0;1;4;6;7;9;10;11,I;II;aVL;V1;V2;V4;V5;V6,8,0.9,1,0,0,0,1
0;1;4;6;7;9;11,I;II;aVL;V1;V2;V4;V6,7,0.5,1,1,1,0,3
0;1;4;6;7;9;11,I;II;aVL;V1;V2;V4;V6,7,0.6,1,0,1,0,2
0;1;4;6;7;9;11,I;II;aVL;V1;V2;V4;V6,7,0.7,1,0,1,0,2
0;1;4;6;7;9;11,I;II;aVL;V1;V2;V4;V6,7,0.8,1,0,1,0,2
0;1;4;6;7;9;11,I;II;aVL;V1;V2;V4;V6,7,0.9,1,0,0,0,1
0;1;4;6;7;10,I;II;aVL;V1;V2;V5,6,0.5,1,1,1,0,3
0;1;4;6;7;10,I;II;aVL;V1;V2;V5,6,0.6,1,0,1,0,2
0;1;4;6;7;10,I;II;aVL;V1;V2;V5,6,0.7,1,0,1,0,2
0;1;4;6;7;10,I;II;aVL;V1;V2;V5,6,0.8,1,0,1,0,2
0;1;4;6;7;10,I;II;aVL;V1;V2;V5,6,0.9,1,0,0,0,1
0;1;4;6;7;10;11,I;II;aVL;V1;V2;V5;V6,7,0.5,1,1,1,0,3
0;1;4;6;7;10;11,I;II;aVL;V1;V2;V5;V6,7,0.6,1,0,1,0,2
0;1;4;6;7;10;11,I;II;aVL;V1;V2;V5;V6,7,0.7,1,0,1,0,2
0;1;4;6;7;10;11,I;II;aVL;V1;V2;V5;V6,7,0.8,1,0,1,0,2
0;1;4;6;7;10;11,I;II;aVL;V1;V2;V5;V6,7,0.9,1,0,0,0,1
0;1;4;6;7;11,I;II;aVL;V1;V2;V6,6,0.5,1,1,1,0,3
0;1;4;6;7;11,I;II;aVL;V1;V2;V6,6,0.6,1,0,1,0,2
0;1;4;6;7;11,I;II;aVL;V1;V2;V6,6,0.7,1,0,1,0,2
0;1;4;6;7;11,I;II;aVL;V1;V2;V6,6,0.8,1,0,1,0,2
0;1;4;6;7;11,I;II;aVL;V1;V2;V6,6,0.9,1,0,0,0,1
0;1;4;6;8,I;II;aVL;V1;V3,5,0.5,1,1,1,0,3
0;1;4;6;8,I;II;aVL;V1;V3,5,0.6,1,1,1,0,3
0;1;4;6;8,I;II;aVL;V1;V3,5,0.7,1,0,1,0,2
0;1;4;6;8,I;II;aVL;V1;V3,5,0.8,1,0,1,0,2
0;1;4;6;8,I;II;aVL;V1;V3,5,0.9,1,0,0,0,1
0;1;4;6;8;9,I;II;aVL;V1;V3;V4,6,0.5,1,1,1,0,3
0;1;4;6;8;9,I;II;aVL;V1;V3;V4,6,0.6,1,0,1,0,2
0;1;4;6;8;9,I;II;aVL;V1;V3;V4,6,0.7,1,0,1,0,2
0;1;4;6;8;9,I;II;aVL;V1;V3;V4,6,0.8,1,0,1,0,2
0;1;4;6;8;9,I;II;aVL;V1;V3;V4,6,0.9,1,0,0,0,1
0;1;4;6;8;9;10,I;II;aVL;V1;V3;V4;V5,7,0.5,1,1,1,0,3
0;1;4;6;8;9;10,I;II;aVL;V1;V3;V4;V5,7,0.6,1,0,1,0,2
0;1;4;6;8;9;10,I;II;aVL;V1;V3;V4;V5,7,0.7,1,0,1,0,2
0;1;4;6;8;9;10,I;II;aVL;V1;V3;V4;V5,7,0.8,1,0,1,0,2
0;1;4;6;8;9;10,I;II;aVL;V1;V3;V4;V5,7,0.9,1,0,0,0,1
0;1;4;6;8;9;10;11,I;II;aVL;V1;V3;V4;V5;V6,8,0.5,1,1,1,0,3
0;1;4;6;8;9;10;11,I;II;aVL;V1;V3;V4;V5;V6,8,0.6,1,0,1,0,2
0;1;4;6;8;9;10;11,I;II;aVL;V1;V3;V4;V5;V6,8,0.7,1,0,1,0,2
0;1;4;6;8;9;10;11,I;II;aVL;V1;V3;V4;V5;V6,8,0.8,1,0,1,0,2
0;1;4;6;8;9;10;11,I;II;aVL;V1;V3;V4;V5;V6,8,0.9,1,0,0,0,1
0;1;4;6;8;9;11,I;II;aVL;V1;V3;V4;V6,7,0.5,1,1,1,0,3
0;1;4;6;8;9;11,I;II;aVL;V1;V3;V4;V6,7,0.6,1,0,1,0,2
0;1;4;6;8;9;11,I;II;aVL;V1;V3;V4;V6,7,0.7,1,0,1,0,2
0;1;4;6;8;9;11,I;II;aVL;V1;V3;V4;V6,7,0.8,1,0,1,0,2
0;1;4;6;8;9;11,I;II;aVL;V1;V3;V4;V6,7,0.9,1,0,0,0,1
0;1;4;6;8;10,I;II;aVL;V1;V3;V5,6,0.5,1,1,1,0,3
0;1;4;6;8;10,I;II;aVL;V1;V3;V5,6,0.6,1,0,1,0,2
0;1;4;6;8;10,I;II;aVL;V1;V3;V5,6,0.7,1,0,1,0,2
0;1;4;6;8;10,I;II;aVL;V1;V3;V5,6,0.8,1,0,1,0,2
0;1;4;6;8;10,I;II;aVL;V1;V3;V5,6,0.9,1,0,0,0,1
0;1;4;6;8;10;11,I;II;aVL;V1;V3;V5;V6,7,0.5,1,1,1,0,3
0;1;4;6;8;10;11,I;II;aVL;V1;V3;V5;V6,7,0.6,1,0,1,0,2
0;1;4;6;8;10;11,I;II;aVL;V1;V3;V5;V6,7,0.7,1,0,1,0,2
0;1;4;6;8;10;11,I;II;aVL;V1;V3;V5;V6,7,0.8,1,0,1,0,2
0;1;4;6;8;10;11,I;II;aVL;V1;V3;V5;V6,7,0.9,1,0,0,0,1
0;1;4;6;8;11,I;II;aVL;V1;V3;V6,6,0.5,1,1,1,0,3
0;1;4;6;8;11,I;II;aVL;V1;V3;V6,6,0.6,1,0,1,0,2
0;1;4;6;8;11,I;II;aVL;V1;V3;V6,6,0.7,1,0,1,0,2
0;1;4;6;8;11,I;II;aVL;V1;V3;V6,6,0.8,1,0,1,0,2
0;1;4;6;8;11,I;II;aVL;V1;V3;V6,6,0.9,1,0,0,0,1
0;1;4;6;9,I;II;aVL;V1;V4,5,0.5,1,1,1,0,3
0;1;4;6;9,I;II;aVL;V1;V4,5,0.6,1,0,1,0,2
0;1;4;6;9,I;II;aVL;V1;V4,5,0.7,1,0,1,0,2
0;1;4;6;9,I;II;aVL;V1;V4,5,0.8,1,0,1,0,2
0;1;4;6;9,I;II;aVL;V1;V4,5,0.9,1,0,0,0,1
0;1;4;6;9;10,I;II;aVL;V1;V4;V5,6,0.5,1,1,1,0,3
0;1;4;6;9;10,I;II;aVL;V1;V4;V5,6,0.6,1,0,1,0,2
0;1;4;6;9;10,I;II;aVL;V1;V4;V5,6,0.7,1,0,1,0,2
0;1;4;6;9;10,I;II;aVL;V1;V4;V5,6,0.8,1,0,1,0,2
0;1;4;6;9;10,I;II;aVL;V1;V4;V5,6,0.9,1,0,0,0,1
0;1;4;6;9;10;11,I;II;aVL;V1;V4;V5;V6,7,0.5,1,1,1,0,3
0;1;4;6;9;10;11,I;II;aVL;V1;V4;V5;V6,7,0.6,1,0,1,0,2
0;1;4;6;9;10;11,I;II;aVL;V1;V4;V5;V6,7,0.7,1,0,1,0,2
0;1;4;6;9;10;11,I;II;aVL;V1;V4;V5;V6,7,0.8,1,0,1,0,2
0;1;4;6;9;10;11,I;II;aVL;V1;V4;V5;V6,7,0.9,1,0,0,0,1
0;1;4;6;9;11,I;II;aVL;V1;V4;V6,6,0.5,1,1,1,0,3
0;1;4;6;9;11,I;II;aVL;V1;V4;V6,6,0.6,1,0,1,0,2
0;1;4;6;9;11,I;II;aVL;V1;V4;V6,6,0.7,1,0,1,0,2
0;1;4;6;9;11,I;II;aVL;V1;V4;V6,6,0.8,1,0,1,0,2
0;1;4;6;9;11,I;II;aVL;V1;V4;V6,6,0.9,1,0,0,0,1
0;1;4;6;10,I;II;aVL;V1;V5,5,0.5,1,1,1,0,3
0;1;4;6;10,I;II;aVL;V1;V5,5,0.6,1,0,1,0,2
0;1;4;6;10,I;II;aVL;V1;V5,5,0.7,1,0,1,0,2
0;1;4;6;10,I;II;aVL;V1;V5,5,0.8,1,0,1,0,2
0;1;4;6;10,I;II;aVL;V1;V5,5,0.9,1,0,0,0,1
0;1;4;6;10;11,I;II;aVL;V1;V5;V6,6,0.5,1,1,1,0,3
0;1;4;6;10;11,I;II;aVL;V1;V5;V6,6,0.6,1,1,1,0,3
0;1;4;6;10;11,I;II;aVL;V1;V5;V6,6,0.7,1,0,1,0,2
0;1;4;6;10;11,I;II;aVL;V1;V5;V6,6,0.8,1,0,1,0,2
0;1;4;6;10;11,I;II;aVL;V1;V5;V6,6,0.9,1,0,0,0,1
0;1;4;6;11,I;II;aVL;V1;V6,5,0.5,1,1,1,0,3
0;1;4;6;11,I;II;aVL;V1;V6,5,0.6,1,1,1,0,3
0;1;4;6;11,I;II;aVL;V1;V6,5,0.7,1,0,1,0,2
0;1;4;6;11,I;II;aVL;V1;V6,5,0.8,1,0,1,0,2
0;1;4;6;11,I;II;aVL;V1;V6,5,0.9,1,0,0,0,1
0;1;4;7,I;II;aVL;V2,4,0.5,1,1,1,0,3
0;1;4;7,I;II;aVL;V2,4,0.6,1,0,1,0,2
0;1;4;7,I;II;aVL;V2,4,0.7,1,0,1,0,2
0;1;4;7,I;II;aVL;V2,4,0.8,1,0,1,0,2
0;1;4;7,I;II;aVL;V2,4,0.9,1,0,0,0,1
0;1;4;7;8,I;II;aVL;V2;V3,5,0.5,1,1,1,0,3
0;1;4;7;8,I;II;aVL;V2;V3,5,0.6,1,0,1,0,2
0;1;4;7;8,I;II;aVL;V2;V3,5,0.7,1,0,1,0,2
0;1;4;7;8,I;II;aVL;V2;V3,5,0.8,1,0,0,0,1
0;1;4;7;8,I;II;aVL;V2;V3,5,0.9,1,0,0,0,1
0;1;4;7;8;9,I;II;aVL;V2;V3;V4,6,0.5,1,1,1,0,3
0;1;4;7;8;9,I;II;aVL;V2;V3;V4,6,0.6,1,1,1,0,3
0;1;4;7;8;9,I;II;aVL;V2;V3;V4,6,0.7,1,0,1,0,2
0;1;4;7;8;9,I;II;aVL;V2;V3;V4,6,0.8,1,0,1,0,2
0;1;4;7;8;9,I;II;aVL;V2;V3;V4,6,0.9,1,0,0,0,1
0;1;4;7;8;9;10,I;II;aVL;V2;V3;V4;V5,7,0.5,1,1,1,0,3
0;1;4;7;8;9;10,I;II;aVL;V2;V3;V4;V5,7,0.6,1,1,1,0,3
0;1;4;7;8;9;10,I;II;aVL;V2;V3;V4;V5,7,0.7,1,0,1,0,2
0;1;4;7;8;9;10,I;II;aVL;V2;V3;V4;V5,7,0.8,1,0,0,0,1
0;1;4;7;8;9;10,I;II;aVL;V2;V3;V4;V5,7,0.9,1,0,0,0,1
0;1;4;7;8;9;10;11,I;II;aVL;V2;V3;V4;V5;V6,8,0.5,1,1,1,0,3
0;1;4;7;8;9;10;11,I;II;aVL;V2;V3;V4;V5;V6,8,0.6,1,0,1,0,2
0;1;4;7;8;9;10;11,I;II;aVL;V2;V3;V4;V5;V6,8,0.7,1,0,1,0,2
0;1;4;7;8;9;10;11,I;II;aVL;V2;V3;V4;V5;V6,8,0.8,1,0,1,0,2
0;1;4;7;8;9;10;11,I;II;aVL;V2;V3;V4;V5;V6,8,0.9,1,0,0,0,1
0;1;4;7;8;9;11,I;II;aVL;V2;V3;V4;V6,7,0.5,1,1,1,0,3
0;1;4;7;8;9;11,I;II;aVL;V2;V3;V4;V6,7,0.6,1,0,1,0,2
0;1;4;7;8;9;11,I;II;aVL;V2;V3;V4;V6,7,0.7,1,0,1,0,2
0;1;4;7;8;9;11,I;II;aVL;V2;V3;V4;V6,7,0.8,1,0,1,0,2
0;1;4;7;8;9;11,I;II;aVL;V2;V3;V4;V6,7,0.9,1,0,0,0,1
0;1;4;7;8;10,I;II;aVL;V2;V3;V5,6,0.5,1,1,1,0,3
0;1;4;7;8;10,I;II;aVL;V2;V3;V5,6,0.6,1,0,1,0,2
0;1;4;7;8;10,I;II;aVL;V2;V3;V5,6,0.7,1,0,1,0,2
0;1;4;7;8;10,I;II;aVL;V2;V3;V5,6,0.8,1,0,1,0,2
0;1;4;7;8;10,I;II;aVL;V2;V3;V5,6,0.9,1,0,0,0,1
0;1;4;7;8;10;11,I;II;aVL;V2;V3;V5;V6,7,0.5,1,1,1,0,3
0;1;4;7;8;10;11,I;II;aVL;V2;V3;V5;V6,7,0.6,1,0,1,0,2
0;1;4;7;8;10;11,I;II;aVL;V2;V3;V5;V6,7,0.7,1,0,1,0,2
0;1;4;7;8;10;11,I;II;aVL;V2;V3;V5;V6,7,0.8,1,0,1,0,2
0;1;4;7;8;10;11,I;II;aVL;V2;V3;V5;V6,7,0.9,1,0,0,0,1
0;1;4;7;8;11,I;II;aVL;V2;V3;V6,6,0.5,1,1,1,0,3
0;1;4;7;8;11,I;II;aVL;V2;V3;V6,6,0.6,1,1,1,0,3
0;1;4;7;8;11,I;II;aVL;V2;V3;V6,6,0.7,1,0,1,0,2
0;1;4;7;8;11,I;II;aVL;V2;V3;V6,6,0.8,1,0,1,0,2
0;1;4;7;8;11,I;II;aVL;V2;V3;V6,6,0.9,1,0,0,0,1
0;1;4;7;9,I;II;aVL;V2;V4,5,0.5,1,1,1,0,3
0;1;4;7;9,I;II;aVL;V2;V4,5,0.6,1,1,1,0,3
0;1;4;7;9,I;II;aVL;V2;V4,5,0.7,1,0,1,0,2
0;1;4;7;9,I;II;aVL;V2;V4,5,0.8,1,0,1,0,2
0;1;4;7;9,I;II;aVL;V2;V4,5,0.9,1,0,0,0,1
0;1;4;7;9;10,I;II;aVL;V2;V4;V5,6,0.5,1,1,1,0,3
0;1;4;7;9;10,I;II;aVL;V2;V4;V5,6,0.6,1,1,1,0,3
0;1;4;7;9;10,I;II;aVL;V2;V4;V5,6,0.7,1,0,1,0,2
0;1;4;7;9;10,I;II;aVL;V2;V4;V5,6,0.8,1,0,1,0,2
0;1;4;7;9;10,I;II;aVL;V2;V4;V5,6,0.9,1,0,0,0,1
0;1;4;7;9;10;11,I;II;aVL;V2;V4;V5;V6,7,0.5,1,1,1,0,3
0;1;4;7;9;10;11,I;II;aVL;V2;V4;V5;V6,7,0.6,1,0,1,0,2
0;1;4;7;9;10;11,I;II;aVL;V2;V4;V5;V6,7,0.7,1,0,1,0,2
0;1;4;7;9;10;11,I;II;aVL;V2;V4;V5;V6,7,0.8,1,0,1,0,2
0;1;4;7;9;10;11,I;II;aVL;V2;V4;V5;V6,7,0.9,1,0,0,0,1
0;1;4;7;9;11,I;II;aVL;V2;V4;V6,6,0.5,1,1,1,0,3
0;1;4;7;9;11,I;II;aVL;V2;V4;V6,6,0.6,1,0,1,0,2
0;1;4;7;9;11,I;II;aVL;V2;V4;V6,6,0.7,1,0,1,0,2
0;1;4;7;9;11,I;II;aVL;V2;V4;V6,6,0.8,1,0,0,0,1
0;1;4;7;9;11,I;II;aVL;V2;V4;V6,6,0.9,1,0,0,0,1
0;1;4;7;10,I;II;aVL;V2;V5,5,0.5,1,1,1,0,3
0;1;4;7;10,I;II;aVL;V2;V5,5,0.6,1,1,1,0,3
0;1;4;7;10,I;II;aVL;V2;V5,5,0.7,1,0,1,0,2
0;1;4;7;10,I;II;aVL;V2;V5,5,0.8,1,0,1,0,2
0;1;4;7;10,I;II;aVL;V2;V5,5,0.9,1,0,0,0,1
0;1;4;7;10;11,I;II;aVL;V2;V5;V6,6,0.5,1,1,1,0,3
0;1;4;7;10;11,I;II;aVL;V2;V5;V6,6,0.6,1,0,1,0,2
0;1;4;7;10;11,I;II;aVL;V2;V5;V6,6,0.7,1,0,1,0,2
0;1;4;7;10;11,I;II;aVL;V2;V5;V6,6,0.8,1,0,1,0,2
0;1;4;7;10;11,I;II;aVL;V2;V5;V6,6,0.9,1,0,0,0,1
0;1;4;7;11,I;II;aVL;V2;V6,5,0.5,1,1,1,0,3
0;1;4;7;11,I;II;aVL;V2;V6,5,0.6,1,0,1,0,2
0;1;4;7;11,I;II;aVL;V2;V6,5,0.7,1,0,1,0,2
0;1;4;7;11,I;II;aVL;V2;V6,5,0.8,1,0,1,0,2
0;1;4;7;11,I;II;aVL;V2;V6,5,0.9,1,0,0,0,1
0;1;4;8,I;II;aVL;V3,4,0.5,1,1,1,0,3
0;1;4;8,I;II;aVL;V3,4,0.6,1,0,1,0,2
0;1;4;8,I;II;aVL;V3,4,0.7,1,0,1,0,2
0;1;4;8,I;II;aVL;V3,4,0.8,1,0,0,0,1
0;1;4;8,I;II;aVL;V3,4,0.9,1,0,0,0,1
0;1;4;8;9,I;II;aVL;V3;V4,5,0.5,1,1,1,0,3
0;1;4;8;9,I;II;aVL;V3;V4,5,0.6,1,0,1,0,2
0;1;4;8;9,I;II;aVL;V3;V4,5,0.7,1,0,1,0,2
0;1;4;8;9,I;II;aVL;V3;V4,5,0.8,1,0,1,0,2
0;1;4;8;9,I;II;aVL;V3;V4,5,0.9,1,0,0,0,1
0;1;4;8;9;10,I;II;aVL;V3;V4;V5,6,0.5,1,1,1,0,3
0;1;4;8;9;10,I;II;aVL;V3;V4;V5,6,0.6,1,0,1,0,2
0;1;4;8;9;10,I;II;aVL;V3;V4;V5,6,0.7,1,0,1,0,2
0;1;4;8;9;10,I;II;aVL;V3;V4;V5,6,0.8,1,0,0,0,1
0;1;4;8;9;10,I;II;aVL;V3;V4;V5,6,0.9,1,0,0,0,1
0;1;4;8;9;10;11,I;II;aVL;V3;V4;V5;V6,7,0.5,1,1,1,0,3
0;1;4;8;9;10;11,I;II;aVL;V3;V4;V5;V6,7,0.6,1,0,1,0,2
0;1;4;8;9;10;11,I;II;aVL;V3;V4;V5;V6,7,0.7,1,0,1,0,2
0;1;4;8;9;10;11,I;II;aVL;V3;V4;V5;V6,7,0.8,1,0,0,0,1
0;1;4;8;9;10;11,I;II;aVL;V3;V4;V5;V6,7,0.9,1,0,0,0,1
0;1;4;8;9;11,I;II;aVL;V3;V4;V6,6,0.5,1,1,1,0,3
0;1;4;8;9;11,I;II;aVL;V3;V4;V6,6,0.6,1,0,1,0,2
0;1;4;8;9;11,I;II;aVL;V3;V4;V6,6,0.7,1,0,1,0,2
0;1;4;8;9;11,I;II;aVL;V3;V4;V6,6,0.8,1,0,1,0,2
0;1;4;8;9;11,I;II;aVL;V3;V4;V6,6,0.9,1,0,0,0,1
0;1;4;8;10,I;II;aVL;V3;V5,5,0.5,1,1,1,0,3
0;1;4;8;10,I;II;aVL;V3;V5,5,0.6,1,0,1,0,2
0;1;4;8;10,I;II;aVL;V3;V5,5,0.7,1,0,1,0,2
0;1;4;8;10,I;II;aVL;V3;V5,5,0.8,1,0,0,0,1
0;1;4;8;10,I;II;aVL;V3;V5,5,0.9,1,0,0,0,1
0;1;4;8;10;11,I;II;aVL;V3;V5;V6,6,0.5,1,1,1,0,3
0;1;4;8;10;11,I;II;aVL;V3;V5;V6,6,0.6,1,0,1,0,2
0;1;4;8;10;11,I;II;aVL;V3;V5;V6,6,0.7,1,0,1,0,2
0;1;4;8;10;11,I;II;aVL;V3;V5;V6,6,0.8,1,0,0,0,1
0;1;4;8;10;11,I;II;aVL;V3;V5;V6,6,0.9,1,0,0,0,1
0;1;4;8;11,I;II;aVL;V3;V6,5,0.5,1,1,1,0,3
0;1;4;8;11,I;II;aVL;V3;V6,5,0.6,1,0,1,0,2
0;1;4;8;11,I;II;aVL;V3;V6,5,0.7,1,0,1,0,2
0;1;4;8;11,I;II;aVL;V3;V6,5,0.8,1,0,0,0,1
0;1;4;8;11,I;II;aVL;V3;V6,5,0.9,1,0,0,0,1
0;1;4;9,I;II;aVL;V4,4,0.5,1,1,1,0,3
0;1;4;9,I;II;aVL;V4,4,0.6,1,0,1,0,2
0;1;4;9,I;II;aVL;V4,4,0.7,1,0,1,0,2
0;1;4;9,I;II;aVL;V4,4,0.8,1,0,1,0,2
0;1;4;9,I;II;aVL;V4,4,0.9,1,0,0,0,1
0;1;4;9;10,I;II;aVL;V4;V5,5,0.5,1,1,1,0,3
0;1;4;9;10,I;II;aVL;V4;V5,5,0.6,1,0,1,0,2
0;1;4;9;10,I;II;aVL;V4;V5,5,0.7,1,0,1,0,2
0;1;4;9;10,I;II;aVL;V4;V5,5,0.8,1,0,0,0,1
0;1;4;9;10,I;II;aVL;V4;V5,5,0.9,1,0,0,0,1
0;1;4;9;10;11,I;II;aVL;V4;V5;V6,6,0.5,1,1,1,0,3
0;1;4;9;10;11,I;II;aVL;V4;V5;V6,6,0.6,1,0,1,0,2
0;1;4;9;10;11,I;II;aVL;V4;V5;V6,6,0.7,1,0,1,0,2
0;1;4;9;10;11,I;II;aVL;V4;V5;V6,6,0.8,1,0,1,0,2
0;1;4;9;10;11,I;II;aVL;V4;V5;V6,6,0.9,1,0,0,0,1
0;1;4;9;11,I;II;aVL;V4;V6,5,0.5,1,1,1,0,3
0;1;4;9;11,I;II;aVL;V4;V6,5,0.6,1,0,1,0,2
0;1;4;9;11,I;II;aVL;V4;V6,5,0.7,1,0,1,0,2
0;1;4;9;11,I;II;aVL;V4;V6,5,0.8,1,0,1,0,2
0;1;4;9;11,I;II;aVL;V4;V6,5,0.9,1,0,0,0,1
0;1;4;10,I;II;aVL;V5,4,0.5,1,1,1,0,3
0;1;4;10,I;II;aVL;V5,4,0.6,1,0,1,0,2
0;1;4;10,I;II;aVL;V5,4,0.7,1,0,1,0,2
0;1;4;10,I;II;aVL;V5,4,0.8,1,0,0,0,1
0;1;4;10,I;II;aVL;V5,4,0.9,1,0,0,0,1
0;1;4;10;11,I;II;aVL;V5;V6,5,0.5,1,1,1,0,3
0;1;4;10;11,I;II;aVL;V5;V6,5,0.6,1,1,1,0,3
0;1;4;10;11,I;II;aVL;V5;V6,5,0.7,1,0,1,0,2
0;1;4;10;11,I;II;aVL;V5;V6,5,0.8,1,0,0,0,1
0;1;4;10;11,I;II;aVL;V5;V6,5,0.9,1,0,0,0,1
0;1;4;11,I;II;aVL;V6,4,0.5,1,1,1,0,3
0;1;4;11,I;II;aVL;V6,4,0.6,1,0,1,0,2
0;1;4;11,I;II;aVL;V6,4,0.7,1,0,1,0,2
0;1;4;11,I;II;aVL;V6,4,0.8,1,0,0,0,1
0;1;4;11,I;II;aVL;V6,4,0.9,1,0,0,0,1
0;1;5,I;II;aVF,3,0.5,1,1,1,0,3
0;1;5,I;II;aVF,3,0.6,1,1,1,0,3
0;1;5,I;II;aVF,3,0.7,1,0,1,0,2
0;1;5,I;II;aVF,3,0.8,1,0,1,0,2
0;1;5,I;II;aVF,3,0.9,1,0,0,0,1
0;1;5;6,I;II;aVF;V1,4,0.5,1,1,1,0,3
0;1;5;6,I;II;aVF;V1,4,0.6,1,1,1,0,3
0;1;5;6,I;II;aVF;V1,4,0.7,1,0,1,0,2
0;1;5;6,I;II;aVF;V1,4,0.8,1,0,1,0,2
0;1;5;6,I;II;aVF;V1,4,0.9,1,0,0,0,1
0;1;5;6;7,I;II;aVF;V1;V2,5,0.5,1,1,1,0,3
0;1;5;6;7,I;II;aVF;V1;V2,5,0.6,1,1,1,0,3
0;1;5;6;7,I;II;aVF;V1;V2,5,0.7,1,0,1,0,2
0;1;5;6;7,I;II;aVF;V1;V2,5,0.8,1,0,1,0,2
0;1;5;6;7,I;II;aVF;V1;V2,5,0.9,1,0,0,0,1
0;1;5;6;7;8,I;II;aVF;V1;V2;V3,6,0.5,1,1,1,0,3
0;1;5;6;7;8,I;II;aVF;V1;V2;V3,6,0.6,1,0,1,0,2
0;1;5;6;7;8,I;II;aVF;V1;V2;V3,6,0.7,1,0,1,0,2
0;1;5;6;7;8,I;II;aVF;V1;V2;V3,6,0.8,1,0,1,0,2
0;1;5;6;7;8,I;II;aVF;V1;V2;V3,6,0.9,1,0,0,0,1
0;1;5;6;7;8;9,I;II;aVF;V1;V2;V3;V4,7,0.5,1,1,1,0,3
0;1;5;6;7;8;9,I;II;aVF;V1;V2;V3;V4,7,0.6,1,1,1,0,3
0;1;5;6;7;8;9,I;II;aVF;V1;V2;V3;V4,7,0.7,1,0,1,0,2
0;1;5;6;7;8;9,I;II;aVF;V1;V2;V3;V4,7,0.8,1,0,1,0,2
0;1;5;6;7;8;9,I;II;aVF;V1;V2;V3;V4,7,0.9,1,0,0,0,1
0;1;5;6;7;8;9;10,I;II;aVF;V1;V2;V3;V4;V5,8,0.5,1,1,1,0,3
0;1;5;6;7;8;9;10,I;II;aVF;V1;V2;V3;V4;V5,8,0.6,1,1,1,0,3
0;1;5;6;7;8;9;10,I;II;aVF;V1;V2;V3;V4;V5,8,0.7,1,0,1,0,2
0;1;5;6;7;8;9;10,I;II;aVF;V1;V2;V3;V4;V5,8,0.8,1,0,1,0,2
0;1;5;6;7;8;9;10,I;II;aVF;V1;V2;V3;V4;V5,8,0.9,1,0,0,0,1
0;1;5;6;7;8;9;10;11,I;II;aVF;V1;V2;V3;V4;V5;V6,9,0.5,1,1,1,0,3
0;1;5;6;7;8;9;10;11,I;II;aVF;V1;V2;V3;V4;V5;V6,9,0.6,1,0,1,0,2
0;1;5;6;7;8;9;10;11,I;II;aVF;V1;V2;V3;V4;V5;V6,9,0.7,1,0,1,0,2
0;1;5;6;7;8;9;10;11,I;II;aVF;V1;V2;V3;V4;V5;V6,9,0.8,1,0,1,0,2
0;1;5;6;7;8;9;10;11,I;II;aVF;V1;V2;V3;V4;V5;V6,9,0.9,1,0,0,0,1
0;1;5;6;7;8;9;11,I;II;aVF;V1;V2;V3;V4;V6,8,0.5,1,1,1,0,3
0;1;5;6;7;8;9;11,I;II;aVF;V1;V2;V3;V4;V6,8,0.6,1,0,1,0,2
0;1;5;6;7;8;9;11,I;II;aVF;V1;V2;V3;V4;V6,8,0.7,1,0,1,0,2
0;1;5;6;7;8;9;11,I;II;aVF;V1;V2;V3;V4;V6,8,0.8,1,0,1,0,2
0;1;5;6;7;8;9;11,I;II;aVF;V1;V2;V3;V4;V6,8,0.9,1,0,0,0,1
0;1;5;6;7;8;10,I;II;aVF;V1;V2;V3;V5,7,0.5,1,1,1,0,3
0;1;5;6;7;8;10,I;II;aVF;V1;V2;V3;V5,7,0.6,1,0,1,0,2
0;1;5;6;7;8;10,I;II;aVF;V1;V2;V3;V5,7,0.7,1,0,1,0,2
0;1;5;6;7;8;10,I;II;aVF;V1;V2;V3;V5,7,0.8,1,0,1,0,2
0;1;5;6;7;8;10,I;II;aVF;V1;V2;V3;V5,7,0.9,1,0,0,0,1
0;1;5;6;7;8;10;11,I;II;aVF;V1;V2;V3;V5;V6,8,0.5,1,1,1,0,3
0;1;5;6;7;8;10;11,I;II;aVF;V1;V2;V3;V5;V6,8,0.6,1,1,1,0,3
0;1;5;6;7;8;10;11,I;II;aVF;V1;V2;V3;V5;V6,8,0.7,1,0,1,0,2
0;1;5;6;7;8;10;11,I;II;aVF;V1;V2;V3;V5;V6,8,0.8,1,0,1,0,2
0;1;5;6;7;8;10;11,I;II;aVF;V1;V2;V3;V5;V6,8,0.9,1,0,0,0,1
0;1;5;6;7;8;11,I;II;aVF;V1;V2;V3;V6,7,0.5,1,1,1,0,3
0;1;5;6;7;8;11,I;II;aVF;V1;V2;V3;V6,7,0.6,1,0,1,0,2
0;1;5;6;7;8;11,I;II;aVF;V1;V2;V3;V6,7,0.7,1,0,1,0,2
0;1;5;6;7;8;11,I;II;aVF;V1;V2;V3;V6,7,0.8,1,0,1,0,2
0;1;5;6;7;8;11,I;II;aVF;V1;V2;V3;V6,7,0.9,1,0,0,0,1
0;1;5;6;7;9,I;II;aVF;V1;V2;V4,6,0.5,1,1,1,0,3
0;1;5;6;7;9,I;II;aVF;V1;V2;V4,6,0.6,1,0,1,0,2
0;1;5;6;7;9,I;II;aVF;V1;V2;V4,6,0.7,1,0,1,0,2
0;1;5;6;7;9,I;II;aVF;V1;V2;V4,6,0.8,1,0,1,0,2
0;1;5;6;7;9,I;II;aVF;V1;V2;V4,6,0.9,1,0,0,0,1
0;1;5;6;7;9;10,I;II;aVF;V1;V2;V4;V5,7,0.5,1,1,1,0,3
0;1;5;6;7;9;10,I;II;aVF;V1;V2;V4;V5,7,0.6,1,0,1,0,2
0;1;5;6;7;9;10,I;II;aVF;V1;V2;V4;V5,7,0.7,1,0,1,0,2
0;1;5;6;7;9;10,I;II;aVF;V1;V2;V4;V5,7,0.8,1,0,1,0,2
0;1;5;6;7;9;10,I;II;aVF;V1;V2;V4;V5,7,0.9,1,0,0,0,1
0;1;5;6;7;9;10;11,I;II;aVF;V1;V2;V4;V5;V6,8,0.5,1,1,1,0,3
0;1;5;6;7;9;10;11,I;II;aVF;V1;V2;V4;V5;V6,8,0.6,1,0,1,0,2
0;1;5;6;7;9;10;11,I;II;aVF;V1;V2;V4;V5;V6,8,0.7,1,0,1,0,2
0;1;5;6;7;9;10;11,I;II;aVF;V1;V2;V4;V5;V6,8,0.8,1,0,1,0,2
0;1;5;6;7;9;10;11,I;II;aVF;V1;V2;V4;V5;V6,8,0.9,1,0,0,0,1
0;1;5;6;7;9;11,I;II;aVF;V1;V2;V4;V6,7,0.5,1,1,1,0,3
0;1;5;6;7;9;11,I;II;aVF;V1;V2;V4;V6,7,0.6,1,0,1,0,2
0;1;5;6;7;9;11,I;II;aVF;V1;V2;V4;V6,7,0.7,1,0,1,0,2
0;1;5;6;7;9;11,I;II;aVF;V1;V2;V4;V6,7,0.8,1,0,1,0,2
0;1;5;6;7;9;11,I;II;aVF;V1;V2;V4;V6,7,0.9,1,0,0,0,1
0;1;5;6;7;10,I;II;aVF;V1;V2;V5,6,0.5,1,1,1,0,3
0;1;5;6;7;10,I;II;aVF;V1;V2;V5,6,0.6,1,0,1,0,2
0;1;5;6;7;10,I;II;aVF;V1;V2;V5,6,0.7,1,0,1,0,2
0;1;5;6;7;10,I;II;aVF;V1;V2;V5,6,0.8,1,0,1,0,2
0;1;5;6;7;10,I;II;aVF;V1;V2;V5,6,0.9,1,0,0,0,1
0;1;5;6;7;10;11,I;II;aVF;V1;V2;V5;V6,7,0.5,1,1,1,0,3
0;1;5;6;7;10;11,I;II;aVF;V1;V2;V5;V6,7,0.6,1,0,1,0,2
0;1;5;6;7;10;11,I;II;aVF;V1;V2;V5;V6,7,0.7,1,0,1,0,2
0;1;5;6;7;10;11,I;II;aVF;V1;V2;V5;V6,7,0.8,1,0,1,0,2
0;1;5;6;7;10;11,I;II;aVF;V1;V2;V5;V6,7,0.9,1,0,0,0,1
0;1;5;6;7;11,I;II;aVF;V1;V2;V6,6,0.5,1,1,1,0,3
0;1;5;6;7;11,I;II;aVF;V1;V2;V6,6,0.6,1,0,1,0,2
0;1;5;6;7;11,I;II;aVF;V1;V2;V6,6,0.7,1,0,1,0,2
0;1;5;6;7;11,I;II;aVF;V1;V2;V6,6,0.8,1,0,1,0,2
0;1;5;6;7;11,I;II;aVF;V1;V2;V6,6,0.9,1,0,0,0,1
0;1;5;6;8,I;II;aVF;V1;V3,5,0.5,1,1,1,0,3
0;1;5;6;8,I;II;aVF;V1;V3,5,0.6,1,0,1,0,2
0;1;5;6;8,I;II;aVF;V1;V3,5,0.7,1,0,1,0,2
0;1;5;6;8,I;II;aVF;V1;V3,5,0.8,1,0,0,0,1
0;1;5;6;8,I;II;aVF;V1;V3,5,0.9,1,0,0,0,1
0;1;5;6;8;9,I;II;aVF;V1;V3;V4,6,0.5,1,1,1,0,3
0;1;5;6;8;9,I;II;aVF;V1;V3;V4,6,0.6,1,0,1,0,2
0;1;5;6;8;9,I;II;aVF;V1;V3;V4,6,0.7,1,0,1,0,2
0;1;5;6;8;9,I;II;aVF;V1;V3;V4,6,0.8,1,0,1,0,2
0;1;5;6;8;9,I;II;aVF;V1;V3;V4,6,0.9,1,0,0,0,1
0;1;5;6;8;9;10,I;II;aVF;V1;V3;V4;V5,7,0.5,1,1,1,0,3
0;1;5;6;8;9;10,I;II;aVF;V1;V3;V4;V5,7,0.6,1,0,1,0,2
0;1;5;6;8;9;10,I;II;aVF;V1;V3;V4;V5,7,0.7,1,0,1,0,2
0;1;5;6;8;9;10,I;II;aVF;V1;V3;V4;V5,7,0.8,1,0,1,0,2
0;1;5;6;8;9;10,I;II;aVF;V1;V3;V4;V5,7,0.9,1,0,0,0,1
0;1;5;6;8;9;10;11,I;II;aVF;V1;V3;V4;V5;V6,8,0.5,1,1,1,0,3
0;1;5;6;8;9;10;11,I;II;aVF;V1;V3;V4;V5;V6,8,0.6,1,0,1,0,2
0;1;5;6;8;9;10;11,I;II;aVF;V1;V3;V4;V5;V6,8,0.7,1,0,1,0,2
0;1;5;6;8;9;10;11,I;II;aVF;V1;V3;V4;V5;V6,8,0.8,1,0,1,0,2
0;1;5;6;8;9;10;11,I;II;aVF;V1;V3;V4;V5;V6,8,0.9,1,0,0,0,1
0;1;5;6;8;9;11,I;II;aVF;V1;V3;V4;V6,7,0.5,1,1,1,0,3
0;1;5;6;8;9;11,I;II;aVF;V1;V3;V4;V6,7,0.6,1,0,1,0,2
0;1;5;6;8;9;11,I;II;aVF;V1;V3;V4;V6,7,0.7,1,0,1,0,2
0;1;5;6;8;9;11,I;II;aVF;V1;V3;V4;V6,7,0.8,1,0,1,0,2
0;1;5;6;8;9;11,I;II;aVF;V1;V3;V4;V6,7,0.9,1,0,0,0,1
0;1;5;6;8;10,I;II;aVF;V1;V3;V5,6,0.5,1,1,1,0,3
0;1;5;6;8;10,I;II;aVF;V1;V3;V5,6,0.6,1,0,1,0,2
0;1;5;6;8;10,I;II;aVF;V1;V3;V5,6,0.7,1,0,1,0,2
0;1;5;6;8;10,I;II;aVF;V1;V3;V5,6,0.8,1,0,1,0,2
0;1;5;6;8;10,I;II;aVF;V1;V3;V5,6,0.9,1,0,0,0,1
0;1;5;6;8;10;11,I;II;aVF;V1;V3;V5;V6,7,0.5,1,1,1,0,3
0;1;5;6;8;10;11,I;II;aVF;V1;V3;V5;V6,7,0.6,1,0,1,0,2
0;1;5;6;8;10;11,I;II;aVF;V1;V3;V5;V6,7,0.7,1,0,1,0,2
0;1;5;6;8;10;11,I;II;aVF;V1;V3;V5;V6,7,0.8,1,0,1,0,2
0;1;5;6;8;10;11,I;II;aVF;V1;V3;V5;V6,7,0.9,1,0,0,0,1
0;1;5;6;8;11,I;II;aVF;V1;V3;V6,6,0.5,1,1,1,0,3
0;1;5;6;8;11,I;II;aVF;V1;V3;V6,6,0.6,1,0,1,0,2
0;1;5;6;8;11,I;II;aVF;V1;V3;V6,6,0.7,1,0,1,0,2
0;1;5;6;8;11,I;II;aVF;V1;V3;V6,6,0.8,1,0,1,0,2
0;1;5;6;8;11,I;II;aVF;V1;V3;V6,6,0.9,1,0,0,0,1
0;1;5;6;9,I;II;aVF;V1;V4,5,0.5,1,1,1,0,3
0;1;5;6;9,I;II;aVF;V1;V4,5,0.6,1,0,1,0,2
0;1;5;6;9,I;II;aVF;V1;V4,5,0.7,1,0,1,0,2
0;1;5;6;9,I;II;aVF;V1;V4,5,0.8,1,0,1,0,2
0;1;5;6;9,I;II;aVF;V1;V4,5,0.9,1,0,0,0,1
0;1;5;6;9;10,I;II;aVF;V1;V4;V5,6,0.5,1,1,1,0,3
0;1;5;6;9;10,I;II;aVF;V1;V4;V5,6,0.6,1,0,1,0,2
0;1;5;6;9;10,I;II;aVF;V1;V4;V5,6,0.7,1,0,1,0,2
0;1;5;6;9;10,I;II;aVF;V1;V4;V5,6,0.8,1,0,1,0,2
0;1;5;6;9;10,I;II;aVF;V1;V4;V5,6,0.9,1,0,0,0,1
0;1;5;6;9;10;11,I;II;aVF;V1;V4;V5;V6,7,0.5,1,1,1,0,3
0;1;5;6;9;10;11,I;II;aVF;V1;V4;V5;V6,7,0.6,1,0,1,0,2
0;1;5;6;9;10;11,I;II;aVF;V1;V4;V5;V6,7,0.7,1,0,1,0,2
0;1;5;6;9;10;11,I;II;aVF;V1;V4;V5;V6,7,0.8,1,0,1,0,2
0;1;5;6;9;10;11,I;II;aVF;V1;V4;V5;V6,7,0.9,1,0,0,0,1
0;1;5;6;9;11,I;II;aVF;V1;V4;V6,6,0.5,1,1,1,0,3
0;1;5;6;9;11,I;II;aVF;V1;V4;V6,6,0.6,1,0,1,0,2
0;1;5;6;9;11,I;II;aVF;V1;V4;V6,6,0.7,1,0,1,0,2
0;1;5;6;9;11,I;II;aVF;V1;V4;V6,6,0.8,1,0,1,0,2
0;1;5;6;9;11,I;II;aVF;V1;V4;V6,6,0.9,1,0,0,0,1
0;1;5;6;10,I;II;aVF;V1;V5,5,0.5,1,1,1,0,3
0;1;5;6;10,I;II;aVF;V1;V5,5,0.6,1,0,1,0,2
0;1;5;6;10,I;II;aVF;V1;V5,5,0.7,1,0,1,0,2
0;1;5;6;10,I;II;aVF;V1;V5,5,0.8,1,0,1,0,2
0;1;5;6;10,I;II;aVF;V1;V5,5,0.9,1,0,0,0,1
0;1;5;6;10;11,I;II;aVF;V1;V5;V6,6,0.5,1,1,1,0,3
0;1;5;6;10;11,I;II;aVF;V1;V5;V6,6,0.6,1,1,1,0,3
0;1;5;6;10;11,I;II;aVF;V1;V5;V6,6,0.7,1,0,1,0,2
0;1;5;6;10;11,I;II;aVF;V1;V5;V6,6,0.8,1,0,1,0,2
0;1;5;6;10;11,I;II;aVF;V1;V5;V6,6,0.9,1,0,0,0,1
0;1;5;6;11,I;II;aVF;V1;V6,5,0.5,1,1,1,0,3
0;1;5;6;11,I;II;aVF;V1;V6,5,0.6,1,1,1,0,3
0;1;5;6;11,I;II;aVF;V1;V6,5,0.7,1,0,1,0,2
0;1;5;6;11,I;II;aVF;V1;V6,5,0.8,1,0,1,0,2
0;1;5;6;11,I;II;aVF;V1;V6,5,0.9,1,0,0,0,1
0;1;5;7,I;II;aVF;V2,4,0.5,1,1,1,0,3
0;1;5;7,I;II;aVF;V2,4,0.6,1,0,1,0,2
0;1;5;7,I;II;aVF;V2,4,0.7,1,0,1,0,2
0;1;5;7,I;II;aVF;V2,4,0.8,1,0,1,0,2
0;1;5;7,I;II;aVF;V2,4,0.9,1,0,0,0,1
0;1;5;7;8,I;II;aVF;V2;V3,5,0.5,1,1,1,0,3
0;1;5;7;8,I;II;aVF;V2;V3,5,0.6,1,1,1,0,3
0;1;5;7;8,I;II;aVF;V2;V3,5,0.7,1,0,1,0,2
0;1;5;7;8,I;II;aVF;V2;V3,5,0.8,1,0,1,0,2
0;1;5;7;8,I;II;aVF;V2;V3,5,0.9,1,0,0,0,1
0;1;5;7;8;9,I;II;aVF;V2;V3;V4,6,0.5,1,1,1,0,3
0;1;5;7;8;9,I;II;aVF;V2;V3;V4,6,0.6,1,1,1,0,3
0;1;5;7;8;9,I;II;aVF;V2;V3;V4,6,0.7,1,0,1,0,2
0;1;5;7;8;9,I;II;aVF;V2;V3;V4,6,0.8,1,0,1,0,2
0;1;5;7;8;9,I;II;aVF;V2;V3;V4,6,0.9,1,0,0,0,1
0;1;5;7;8;9;10,I;II;aVF;V2;V3;V4;V5,7,0.5,1,1,1,0,3
0;1;5;7;8;9;10,I;II;aVF;V2;V3;V4;V5,7,0.6,1,1,1,0,3
0;1;5;7;8;9;10,I;II;aVF;V2;V3;V4;V5,7,0.7,1,0,1,0,2
0;1;5;7;8;9;10,I;II;aVF;V2;V3;V4;V5,7,0.8,1,0,0,0,1
0;1;5;7;8;9;10,I;II;aVF;V2;V3;V4;V5,7,0.9,1,0,0,0,1
0;1;5;7;8;9;10;11,I;II;aVF;V2;V3;V4;V5;V6,8,0.5,1,1,1,0,3
0;1;5;7;8;9;10;11,I;II;aVF;V2;V3;V4;V5;V6,8,0.6,1,1,1,0,3
0;1;5;7;8;9;10;11,I;II;aVF;V2;V3;V4;V5;V6,8,0.7,1,0,1,0,2
0;1;5;7;8;9;10;11,I;II;aVF;V2;V3;V4;V5;V6,8,0.8,1,0,0,0,1
0;1;5;7;8;9;10;11,I;II;aVF;V2;V3;V4;V5;V6,8,0.9,1,0,0,0,1
0;1;5;7;8;9;11,I;II;aVF;V2;V3;V4;V6,7,0.5,1,1,1,0,3
0;1;5;7;8;9;11,I;II;aVF;V2;V3;V4;V6,7,0.6,1,0,1,0,2
0;1;5;7;8;9;11,I;II;aVF;V2;V3;V4;V6,7,0.7,1,0,1,0,2
0;1;5;7;8;9;11,I;II;aVF;V2;V3;V4;V6,7,0.8,1,0,0,0,1
0;1;5;7;8;9;11,I;II;aVF;V2;V3;V4;V6,7,0.9,1,0,0,0,1
0;1;5;7;8;10,I;II;aVF;V2;V3;V5,6,0.5,1,1,1,0,3
0;1;5;7;8;10,I;II;aVF;V2;V3;V5,6,0.6,1,1,1,0,3
0;1;5;7;8;10,I;II;aVF;V2;V3;V5,6,0.7,1,0,1,0,2
0;1;5;7;8;10,I;II;aVF;V2;V3;V5,6,0.8,1,0,0,0,1
0;1;5;7;8;10,I;II;aVF;V2;V3;V5,6,0.9,1,0,0,0,1
0;1;5;7;8;10;11,I;II;aVF;V2;V3;V5;V6,7,0.5,1,1,1,0,3
0;1;5;7;8;10;11,I;II;aVF;V2;V3;V5;V6,7,0.6,1,1,1,0,3
0;1;5;7;8;10;11,I;II;aVF;V2;V3;V5;V6,7,0.7,1,0,1,0,2
0;1;5;7;8;10;11,I;II;aVF;V2;V3;V5;V6,7,0.8,1,0,0,0,1
0;1;5;7;8;10;11,I;II;aVF;V2;V3;V5;V6,7,0.9,1,0,0,0,1
0;1;5;7;8;11,I;II;aVF;V2;V3;V6,6,0.5,1,1,1,0,3
0;1;5;7;8;11,I;II;aVF;V2;V3;V6,6,0.6,1,1,1,0,3
0;1;5;7;8;11,I;II;aVF;V2;V3;V6,6,0.7,1,0,1,0,2
0;1;5;7;8;11,I;II;aVF;V2;V3;V6,6,0.8,1,0,0,0,1
0;1;5;7;8;11,I;II;aVF;V2;V3;V6,6,0.9,1,0,0,0,1
0;1;5;7;9,I;II;aVF;V2;V4,5,0.5,1,1,1,0,3
0;1;5;7;9,I;II;aVF;V2;V4,5,0.6,1,1,1,0,3
0;1;5;7;9,I;II;aVF;V2;V4,5,0.7,1,0,1,0,2
0;1;5;7;9,I;II;aVF;V2;V4,5,0.8,1,0,1,0,2
0;1;5;7;9,I;II;aVF;V2;V4,5,0.9,1,0,0,0,1
0;1;5;7;9;10,I;II;aVF;V2;V4;V5,6,0.5,1,1,1,0,3
0;1;5;7;9;10,I;II;aVF;V2;V4;V5,6,0.6,1,1,1,0,3
0;1;5;7;9;10,I;II;aVF;V2;V4;V5,6,0.7,1,0,1,0,2
0;1;5;7;9;10,I;II;aVF;V2;V4;V5,6,0.8,1,0,1,0,2
0;1;5;7;9;10,I;II;aVF;V2;V4;V5,6,0.9,1,0,0,0,1
0;1;5;7;9;10;11,I;II;aVF;V2;V4;V5;V6,7,0.5,1,1,1,0,3
0;1;5;7;9;10;11,I;II;aVF;V2;V4;V5;V6,7,0.6,1,0,1,0,2
0;1;5;7;9;10;11,I;II;aVF;V2;V4;V5;V6,7,0.7,1,0,1,0,2
0;1;5;7;9;10;11,I;II;aVF;V2;V4;V5;V6,7,0.8,1,0,0,0,1
0;1;5;7;9;10;11,I;II;aVF;V2;V4;V5;V6,7,0.9,1,0,0,0,1
0;1;5;7;9;11,I;II;aVF;V2;V4;V6,6,0.5,1,1,1,0,3
0;1;5;7;9;11,I;II;aVF;V2;V4;V6,6,0.6,1,0,1,0,2
0;1;5;7;9;11,I;II;aVF;V2;V4;V6,6,0.7,1,0,1,0,2
0;1;5;7;9;11,I;II;aVF;V2;V4;V6,6,0.8,1,0,1,0,2
0;1;5;7;9;11,I;II;aVF;V2;V4;V6,6,0.9,1,0,0,0,1
0;1;5;7;10,I;II;aVF;V2;V5,5,0.5,1,1,1,0,3
0;1;5;7;10,I;II;aVF;V2;V5,5,0.6,1,1,1,0,3
0;1;5;7;10,I;II;aVF;V2;V5,5,0.7,1,0,1,0,2
0;1;5;7;10,I;II;aVF;V2;V5,5,0.8,1,0,0,0,1
0;1;5;7;10,I;II;aVF;V2;V5,5,0.9,1,0,0,0,1
0;1;5;7;10;11,I;II;aVF;V2;V5;V6,6,0.5,1,1,1,0,3
0;1;5;7;10;11,I;II;aVF;V2;V5;V6,6,0.6,1,0,1,0,2
0;1;5;7;10;11,I;II;aVF;V2;V5;V6,6,0.7,1,0,1,0,2
0;1;5;7;10;11,I;II;aVF;V2;V5;V6,6,0.8,1,0,1,0,2
0;1;5;7;10;11,I;II;aVF;V2;V5;V6,6,0.9,1,0,0,0,1
0;1;5;7;11,I;II;aVF;V2;V6,5,0.5,1,1,1,0,3
0;1;5;7;11,I;II;aVF;V2;V6,5,0.6,1,0,1,0,2
0;1;5;7;11,I;II;aVF;V2;V6,5,0.7,1,0,1,0,2
0;1;5;7;11,I;II;aVF;V2;V6,5,0.8,1,0,1,0,2
0;1;5;7;11,I;II;aVF;V2;V6,5,0.9,1,0,0,0,1
0;1;5;8,I;II;aVF;V3,4,0.5,1,1,1,0,3
0;1;5;8,I;II;aVF;V3,4,0.6,1,0,1,0,2
0;1;5;8,I;II;aVF;V3,4,0.7,1,0,1,0,2
0;1;5;8,I;II;aVF;V3,4,0.8,1,0,1,0,2
0;1;5;8,I;II;aVF;V3,4,0.9,1,0,0,0,1
0;1;5;8;9,I;II;aVF;V3;V4,5,0.5,1,1,1,0,3
0;1;5;8;9,I;II;aVF;V3;V4,5,0.6,1,1,1,0,3
0;1;5;8;9,I;II;aVF;V3;V4,5,0.7,1,0,1,0,2
0;1;5;8;9,I;II;aVF;V3;V4,5,0.8,1,0,1,0,2
0;1;5;8;9,I;II;aVF;V3;V4,5,0.9,1,0,0,0,1
0;1;5;8;9;10,I;II;aVF;V3;V4;V5,6,0.5,1,1,1,0,3
0;1;5;8;9;10,I;II;aVF;V3;V4;V5,6,0.6,1,0,1,0,2
0;1;5;8;9;10,I;II;aVF;V3;V4;V5,6,0.7,1,0,1,0,2
0;1;5;8;9;10,I;II;aVF;V3;V4;V5,6,0.8,1,0,0,0,1
0;1;5;8;9;10,I;II;aVF;V3;V4;V5,6,0.9,1,0,0,0,1
0;1;5;8;9;10;11,I;II;aVF;V3;V4;V5;V6,7,0.5,1,1,1,0,3
0;1;5;8;9;10;11,I;II;aVF;V3;V4;V5;V6,7,0.6,1,0,1,0,2
0;1;5;8;9;10;11,I;II;aVF;V3;V4;V5;V6,7,0.7,1,0,1,0,2
0;1;5;8;9;10;11,I;II;aVF;V3;V4;V5;V6,7,0.8,1,0,0,0,1
0;1;5;8;9;10;11,I;II;aVF;V3;V4;V5;V6,7,0.9,1,0,0,0,1
0;1;5;8;9;11,I;II;aVF;V3;V4;V6,6,0.5,1,1,1,0,3
0;1;5;8;9;11,I;II;aVF;V3;V4;V6,6,0.6,1,0,1,0,2
0;1;5;8;9;11,I;II;aVF;V3;V4;V6,6,0.7,1,0,1,0,2
0;1;5;8;9;11,I;II;aVF;V3;V4;V6,6,0.8,1,0,0,0,1
0;1;5;8;9;11,I;II;aVF;V3;V4;V6,6,0.9,1,0,0,0,1
0;1;5;8;10,I;II;aVF;V3;V5,5,0.5,1,1,1,0,3
0;1;5;8;10,I;II;aVF;V3;V5,5,0.6,1,0,1,0,2
0;1;5;8;10,I;II;aVF;V3;V5,5,0.7,1,0,1,0,2
0;1;5;8;10,I;II;aVF;V3;V5,5,0.8,1,0,0,0,1
0;1;5;8;10,I;II;aVF;V3;V5,5,0.9,1,0,0,0,1
0;1;5;8;10;11,I;II;aVF;V3;V5;V6,6,0.5,1,1,1,0,3
0;1;5;8;10;11,I;II;aVF;V3;V5;V6,6,0.6,1,0,1,0,2
0;1;5;8;10;11,I;II;aVF;V3;V5;V6,6,0.7,1,0,1,0,2
0;1;5;8;10;11,I;II;aVF;V3;V5;V6,6,0.8,1,0,0,0,1
0;1;5;8;10;11,I;II;aVF;V3;V5;V6,6,0.9,1,0,0,0,1
0;1;5;8;11,I;II;aVF;V3;V6,5,0.5,1,1,1,0,3
0;1;5;8;11,I;II;aVF;V3;V6,5,0.6,1,0,1,0,2
0;1;5;8;11,I;II;aVF;V3;V6,5,0.7,1,0,1,0,2
0;1;5;8;11,I;II;aVF;V3;V6,5,0.8,1,0,0,0,1
0;1;5;8;11,I;II;aVF;V3;V6,5,0.9,1,0,0,0,1
0;1;5;9,I;II;aVF;V4,4,0.5,1,1,1,0,3
0;1;5;9,I;II;aVF;V4,4,0.6,1,1,1,0,3
0;1;5;9,I;II;aVF;V4,4,0.7,1,0,1,0,2
0;1;5;9,I;II;aVF;V4,4,0.8,1,0,1,0,2
0;1;5;9,I;II;aVF;V4,4,0.9,1,0,0,0,1
0;1;5;9;10,I;II;aVF;V4;V5,5,0.5,1,1,1,0,3
0;1;5;9;10,I;II;aVF;V4;V5,5,0.6,1,0,1,0,2
0;1;5;9;10,I;II;aVF;V4;V5,5,0.7,1,0,1,0,2
0;1;5;9;10,I;II;aVF;V4;V5,5,0.8,1,0,0,0,1
0;1;5;9;10,I;II;aVF;V4;V5,5,0.9,1,0,0,0,1
0;1;5;9;10;11,I;II;aVF;V4;V5;V6,6,0.5,1,1,1,0,3
0;1;5;9;10;11,I;II;aVF;V4;V5;V6,6,0.6,1,0,1,0,2
0;1;5;9;10;11,I;II;aVF;V4;V5;V6,6,0.7,1,0,1,0,2
0;1;5;9;10;11,I;II;aVF;V4;V5;V6,6,0.8,1,0,0,0,1
0;1;5;9;10;11,I;II;aVF;V4;V5;V6,6,0.9,1,0,0,0,1
0;1;5;9;11,I;II;aVF;V4;V6,5,0.5,1,1,1,0,3
0;1;5;9;11,I;II;aVF;V4;V6,5,0.6,1,0,1,0,2
0;1;5;9;11,I;II;aVF;V4;V6,5,0.7,1,0,1,0,2
0;1;5;9;11,I;II;aVF;V4;V6,5,0.8,1,0,0,0,1
0;1;5;9;11,I;II;aVF;V4;V6,5,0.9,1,0,0,0,1
0;1;5;10,I;II;aVF;V5,4,0.5,1,1,1,0,3
0;1;5;10,I;II;aVF;V5,4,0.6,1,0,1,0,2
0;1;5;10,I;II;aVF;V5,4,0.7,1,0,1,0,2
0;1;5;10,I;II;aVF;V5,4,0.8,1,0,0,0,1
0;1;5;10,I;II;aVF;V5,4,0.9,1,0,0,0,1
0;1;5;10;11,I;II;aVF;V5;V6,5,0.5,1,1,1,0,3
0;1;5;10;11,I;II;aVF;V5;V6,5,0.6,1,1,1,0,3
0;1;5;10;11,I;II;aVF;V5;V6,5,0.7,1,0,1,0,2
0;1;5;10;11,I;II;aVF;V5;V6,5,0.8,1,0,0,0,1
0;1;5;10;11,I;II;aVF;V5;V6,5,0.9,1,0,0,0,1
0;1;5;11,I;II;aVF;V6,4,0.5,1,1,1,0,3
0;1;5;11,I;II;aVF;V6,4,0.6,1,0,1,0,2
0;1;5;11,I;II;aVF;V6,4,0.7,1,0,1,0,2
0;1;5;11,I;II;aVF;V6,4,0.8,1,0,0,0,1
0;1;5;11,I;II;aVF;V6,4,0.9,1,0,0,0,1
0;1;6,I;II;V1,4,0.5,1,1,1,0,3
0;1;6,I;II;V1,4,0.6,1,1,1,0,3
0;1;6,I;II;V1,4,0.7,1,0,1,0,2
0;1;6,I;II;V1,4,0.8,1,0,1,0,2
0;1;6,I;II;V1,4,0.9,1,0,0,0,1
0;1;6;7,I;II;V1;V2,5,0.5,1,1,1,0,3
0;1;6;7,I;II;V1;V2,5,0.6,1,1,1,0,3
0;1;6;7,I;II;V1;V2,5,0.7,1,0,1,0,2
0;1;6;7,I;II;V1;V2,5,0.8,1,0,1,0,2
0;1;6;7,I;II;V1;V2,5,0.9,1,0,0,0,1
0;1;6;7;8,I;II;V1;V2;V3,6,0.5,1,1,1,0,3
0;1;6;7;8,I;II;V1;V2;V3,6,0.6,1,0,1,0,2
0;1;6;7;8,I;II;V1;V2;V3,6,0.7,1,0,1,0,2
0;1;6;7;8,I;II;V1;V2;V3,6,0.8,1,0,1,0,2
0;1;6;7;8,I;II;V1;V2;V3,6,0.9,1,0,0,0,1
0;1;6;7;8;9,I;II;V1;V2;V3;V4,7,0.5,1,1,1,0,3
0;1;6;7;8;9,I;II;V1;V2;V3;V4,7,0.6,1,0,1,0,2
0;1;6;7;8;9,I;II;V1;V2;V3;V4,7,0.7,1,0,1,0,2
0;1;6;7;8;9,I;II;V1;V2;V3;V4,7,0.8,1,0,1,0,2
0;1;6;7;8;9,I;II;V1;V2;V3;V4,7,0.9,1,0,0,0,1
0;1;6;7;8;9;10,I;II;V1;V2;V3;V4;V5,8,0.5,1,1,1,0,3
0;1;6;7;8;9;10,I;II;V1;V2;V3;V4;V5,8,0.6,1,0,1,0,2
0;1;6;7;8;9;10,I;II;V1;V2;V3;V4;V5,8,0.7,1,0,1,0,2
0;1;6;7;8;9;10,I;II;V1;V2;V3;V4;V5,8,0.8,1,0,1,0,2
0;1;6;7;8;9;10,I;II;V1;V2;V3;V4;V5,8,0.9,1,0,0,0,1
0;1;6;7;8;9;10;11,I;II;V1;V2;V3;V4;V5;V6,9,0.5,1,1,1,0,3
0;1;6;7;8;9;10;11,I;II;V1;V2;V3;V4;V5;V6,9,0.6,1,0,1,0,2
0;1;6;7;8;9;10;11,I;II;V1;V2;V3;V4;V5;V6,9,0.7,1,0,1,0,2
0;1;6;7;8;9;10;11,I;II;V1;V2;V3;V4;V5;V6,9,0.8,1,0,1,0,2
0;1;6;7;8;9;10;11,I;II;V1;V2;V3;V4;V5;V6,9,0.9,1,0,0,0,1
0;1;6;7;8;9;11,I;II;V1;V2;V3;V4;V6,8,0.5,1,1,1,0,3
0;1;6;7;8;9;11,I;II;V1;V2;V3;V4;V6,8,0.6,1,0,1,0,2
0;1;6;7;8;9;11,I;II;V1;V2;V3;V4;V6,8,0.7,1,0,1,0,2
0;1;6;7;8;9;11,I;II;V1;V2;V3;V4;V6,8,0.8,1,0,1,0,2
0;1;6;7;8;9;11,I;II;V1;V2;V3;V4;V6,8,0.9,1,0,0,0,1
0;1;6;7;8;10,I;II;V1;V2;V3;V5,7,0.5,1,1,1,0,3
0;1;6;7;8;10,I;II;V1;V2;V3;V5,7,0.6,1,0,1,0,2
0;1;6;7;8;10,I;II;V1;V2;V3;V5,7,0.7,1,0,1,0,2
0;1;6;7;8;10,I;II;V1;V2;V3;V5,7,0.8,1,0,1,0,2
0;1;6;7;8;10,I;II;V1;V2;V3;V5,7,0.9,1,0,0,0,1
0;1;6;7;8;10;11,I;II;V1;V2;V3;V5;V6,8,0.5,1,1,1,0,3
0;1;6;7;8;10;11,I;II;V1;V2;V3;V5;V6,8,0.6,1,0,1,0,2
0;1;6;7;8;10;11,I;II;V1;V2;V3;V5;V6,8,0.7,1,0,1,0,2
0;1;6;7;8;10;11,I;II;V1;V2;V3;V5;V6,8,0.8,1,0,1,0,2
0;1;6;7;8;10;11,I;II;V1;V2;V3;V5;V6,8,0.9,1,0,0,0,1
0;1;6;7;8;11,I;II;V1;V2;V3;V6,7,0.5,1,1,1,0,3
0;1;6;7;8;11,I;II;V1;V2;V3;V6,7,0.6,1,0,1,0,2
0;1;6;7;8;11,I;II;V1;V2;V3;V6,7,0.7,1,0,1,0,2
0;1;6;7;8;11,I;II;V1;V2;V3;V6,7,0.8,1,0,1,0,2
0;1;6;7;8;11,I;II;V1;V2;V3;V6,7,0.9,1,0,0,0,1
0;1;6;7;9,I;II;V1;V2;V4,6,0.5,1,1,1,0,3
0;1;6;7;9,I;II;V1;V2;V4,6,0.6,1,0,1,0,2
0;1;6;7;9,I;II;V1;V2;V4,6,0.7,1,0,1,0,2
0;1;6;7;9,I;II;V1;V2;V4,6,0.8,1,0,1,0,2
0;1;6;7;9,I;II;V1;V2;V4,6,0.9,1,0,0,0,1
0;1;6;7;9;10,I;II;V1;V2;V4;V5,7,0.5,1,1,1,0,3
0;1;6;7;9;10,I;II;V1;V2;V4;V5,7,0.6,1,0,1,0,2
0;1;6;7;9;10,I;II;V1;V2;V4;V5,7,0.7,1,0,1,0,2
0;1;6;7;9;10,I;II;V1;V2;V4;V5,7,0.8,1,0,1,0,2
0;1;6;7;9;10,I;II;V1;V2;V4;V5,7,0.9,1,0,0,0,1
0;1;6;7;9;10;11,I;II;V1;V2;V4;V5;V6,8,0.5,1,1,1,0,3
0;1;6;7;9;10;11,I;II;V1;V2;V4;V5;V6,8,0.6,1,0,1,0,2
0;1;6;7;9;10;11,I;II;V1;V2;V4;V5;V6,8,0.7,1,0,1,0,2
0;1;6;7;9;10;11,I;II;V1;V2;V4;V5;V6,8,0.8,1,0,1,0,2
0;1;6;7;9;10;11,I;II;V1;V2;V4;V5;V6,8,0.9,1,0,0,0,1
0;1;6;7;9;11,I;II;V1;V2;V4;V6,7,0.5,1,1,1,0,3
0;1;6;7;9;11,I;II;V1;V2;V4;V6,7,0.6,1,0,1,0,2
0;1;6;7;9;11,I;II;V1;V2;V4;V6,7,0.7,1,0,1,0,2
0;1;6;7;9;11,I;II;V1;V2;V4;V6,7,0.8,1,0,1,0,2
0;1;6;7;9;11,I;II;V1;V2;V4;V6,7,0.9,1,0,0,0,1
0;1;6;7;10,I;II;V1;V2;V5,6,0.5,1,1,1,0,3
0;1;6;7;10,I;II;V1;V2;V5,6,0.6,1,1,1,0,3
0;1;6;7;10,I;II;V1;V2;V5,6,0.7,1,0,1,0,2
0;1;6;7;10,I;II;V1;V2;V5,6,0.8,1,0,1,0,2
0;1;6;7;10,I;II;V1;V2;V5,6,0.9,1,0,0,0,1
0;1;6;7;10;11,I;II;V1;V2;V5;V6,7,0.5,1,1,1,0,3
0;1;6;7;10;11,I;II;V1;V2;V5;V6,7,0.6,1,0,1,0,2
0;1;6;7;10;11,I;II;V1;V2;V5;V6,7,0.7,1,0,1,0,2
0;1;6;7;10;11,I;II;V1;V2;V5;V6,7,0.8,1,0,1,0,2
0;1;6;7;10;11,I;II;V1;V2;V5;V6,7,0.9,1,0,0,0,1
0;1;6;7;11,I;II;V1;V2;V6,6,0.5,1,1,1,0,3
0;1;6;7;11,I;II;V1;V2;V6,6,0.6,1,0,1,0,2
0;1;6;7;11,I;II;V1;V2;V6,6,0.7,1,0,1,0,2
0;1;6;7;11,I;II;V1;V2;V6,6,0.8,1,0,1,0,2
0;1;6;7;11,I;II;V1;V2;V6,6,0.9,1,0,0,0,1
0;1;6;8,I;II;V1;V3,5,0.5,1,1,1,0,3
0;1;6;8,I;II;V1;V3,5,0.6,1,0,1,0,2
0;1;6;8,I;II;V1;V3,5,0.7,1,0,1,0,2
0;1;6;8,I;II;V1;V3,5,0.8,1,0,1,0,2
0;1;6;8,I;II;V1;V3,5,0.9,1,0,0,0,1
0;1;6;8;9,I;II;V1;V3;V4,6,0.5,1,1,1,0,3
0;1;6;8;9,I;II;V1;V3;V4,6,0.6,1,0,1,0,2
0;1;6;8;9,I;II;V1;V3;V4,6,0.7,1,0,1,0,2
0;1;6;8;9,I;II;V1;V3;V4,6,0.8,1,0,1,0,2
0;1;6;8;9,I;II;V1;V3;V4,6,0.9,1,0,0,0,1
0;1;6;8;9;10,I;II;V1;V3;V4;V5,7,0.5,1,1,1,0,3
0;1;6;8;9;10,I;II;V1;V3;V4;V5,7,0.6,1,0,1,0,2
0;1;6;8;9;10,I;II;V1;V3;V4;V5,7,0.7,1,0,1,0,2
0;1;6;8;9;10,I;II;V1;V3;V4;V5,7,0.8,1,0,1,0,2
0;1;6;8;9;10,I;II;V1;V3;V4;V5,7,0.9,1,0,0,0,1
0;1;6;8;9;10;11,I;II;V1;V3;V4;V5;V6,8,0.5,1,1,1,0,3
0;1;6;8;9;10;11,I;II;V1;V3;V4;V5;V6,8,0.6,1,0,1,0,2
0;1;6;8;9;10;11,I;II;V1;V3;V4;V5;V6,8,0.7,1,0,1,0,2
0;1;6;8;9;10;11,I;II;V1;V3;V4;V5;V6,8,0.8,1,0,1,0,2
0;1;6;8;9;10;11,I;II;V1;V3;V4;V5;V6,8,0.9,1,0,0,0,1
0;1;6;8;9;11,I;II;V1;V3;V4;V6,7,0.5,1,1,1,0,3
0;1;6;8;9;11,I;II;V1;V3;V4;V6,7,0.6,1,0,1,0,2
0;1;6;8;9;11,I;II;V1;V3;V4;V6,7,0.7,1,0,1,0,2
0;1;6;8;9;11,I;II;V1;V3;V4;V6,7,0.8,1,0,1,0,2
0;1;6;8;9;11,I;II;V1;V3;V4;V6,7,0.9,1,0,0,0,1
0;1;6;8;10,I;II;V1;V3;V5,6,0.5,1,1,1,0,3
0;1;6;8;10,I;II;V1;V3;V5,6,0.6,1,0,1,0,2
0;1;6;8;10,I;II;V1;V3;V5,6,0.7,1,0,1,0,2
0;1;6;8;10,I;II;V1;V3;V5,6,0.8,1,0,1,0,2
0;1;6;8;10,I;II;V1;V3;V5,6,0.9,1,0,0,0,1
0;1;6;8;10;11,I;II;V1;V3;V5;V6,7,0.5,1,1,1,0,3
0;1;6;8;10;11,I;II;V1;V3;V5;V6,7,0.6,1,0,1,0,2
0;1;6;8;10;11,I;II;V1;V3;V5;V6,7,0.7,1,0,1,0,2
0;1;6;8;10;11,I;II;V1;V3;V5;V6,7,0.8,1,0,1,0,2
0;1;6;8;10;11,I;II;V1;V3;V5;V6,7,0.9,1,0,0,0,1
0;1;6;8;11,I;II;V1;V3;V6,6,0.5,1,1,1,0,3
0;1;6;8;11,I;II;V1;V3;V6,6,0.6,1,0,1,0,2
0;1;6;8;11,I;II;V1;V3;V6,6,0.7,1,0,1,0,2
0;1;6;8;11,I;II;V1;V3;V6,6,0.8,1,0,1,0,2
0;1;6;8;11,I;II;V1;V3;V6,6,0.9,1,0,0,0,1
0;1;6;9,I;II;V1;V4,5,0.5,1,1,1,0,3
0;1;6;9,I;II;V1;V4,5,0.6,1,0,1,0,2
0;1;6;9,I;II;V1;V4,5,0.7,1,0,1,0,2
0;1;6;9,I;II;V1;V4,5,0.8,1,0,1,0,2
0;1;6;9,I;II;V1;V4,5,0.9,1,0,0,0,1
0;1;6;9;10,I;II;V1;V4;V5,6,0.5,1,1,1,0,3
0;1;6;9;10,I;II;V1;V4;V5,6,0.6,1,0,1,0,2
0;1;6;9;10,I;II;V1;V4;V5,6,0.7,1,0,1,0,2
0;1;6;9;10,I;II;V1;V4;V5,6,0.8,1,0,1,0,2
0;1;6;9;10,I;II;V1;V4;V5,6,0.9,1,0,0,0,1
0;1;6;9;10;11,I;II;V1;V4;V5;V6,7,0.5,1,1,1,0,3
0;1;6;9;10;11,I;II;V1;V4;V5;V6,7,0.6,1,0,1,0,2
0;1;6;9;10;11,I;II;V1;V4;V5;V6,7,0.7,1,0,1,0,2
0;1;6;9;10;11,I;II;V1;V4;V5;V6,7,0.8,1,0,1,0,2
0;1;6;9;10;11,I;II;V1;V4;V5;V6,7,0.9,1,0,0,0,1
0;1;6;9;11,I;II;V1;V4;V6,6,0.5,1,1,1,0,3
0;1;6;9;11,I;II;V1;V4;V6,6,0.6,1,0,1,0,2
0;1;6;9;11,I;II;V1;V4;V6,6,0.7,1,0,1,0,2
0;1;6;9;11,I;II;V1;V4;V6,6,0.8,1,0,1,0,2
0;1;6;9;11,I;II;V1;V4;V6,6,0.9,1,0,0,0,1
0;1;6;10,I;II;V1;V5,5,0.5,1,1,1,0,3
0;1;6;10,I;II;V1;V5,5,0.6,1,0,1,0,2
0;1;6;10,I;II;V1;V5,5,0.7,1,0,1,0,2
0;1;6;10,I;II;V1;V5,5,0.8,1,0,1,0,2
0;1;6;10,I;II;V1;V5,5,0.9,1,0,0,0,1
0;1;6;10;11,I;II;V1;V5;V6,6,0.5,1,1,1,0,3
0;1;6;10;11,I;II;V1;V5;V6,6,0.6,1,0,1,0,2
0;1;6;10;11,I;II;V1;V5;V6,6,0.7,1,0,1,0,2
0;1;6;10;11,I;II;V1;V5;V6,6,0.8,1,0,1,0,2
0;1;6;10;11,I;II;V1;V5;V6,6,0.9,1,0,0,0,1
0;1;6;11,I;II;V1;V6,5,0.5,1,1,1,0,3
0;1;6;11,I;II;V1;V6,5,0.6,1,1,1,0,3
0;1;6;11,I;II;V1;V6,5,0.7,1,0,1,0,2
0;1;6;11,I;II;V1;V6,5,0.8,1,0,1,0,2
0;1;6;11,I;II;V1;V6,5,0.9,1,0,0,0,1
0;1;7,I;II;V2,4,0.5,1,1,1,0,3
0;1;7,I;II;V2,4,0.6,1,0,1,0,2
0;1;7,I;II;V2,4,0.7,1,0,1,0,2
0;1;7,I;II;V2,4,0.8,1,0,1,0,2
0;1;7,I;II;V2,4,0.9,1,0,0,0,1
0;1;7;8,I;II;V2;V3,5,0.5,1,1,1,0,3
0;1;7;8,I;II;V2;V3,5,0.6,1,1,1,0,3
0;1;7;8,I;II;V2;V3,5,0.7,1,0,1,0,2
0;1;7;8,I;II;V2;V3,5,0.8,1,0,1,0,2
0;1;7;8,I;II;V2;V3,5,0.9,1,0,0,0,1
0;1;7;8;9,I;II;V2;V3;V4,6,0.5,1,1,1,0,3
0;1;7;8;9,I;II;V2;V3;V4,6,0.6,1,1,1,0,3
0;1;7;8;9,I;II;V2;V3;V4,6,0.7,1,0,1,0,2
0;1;7;8;9,I;II;V2;V3;V4,6,0.8,1,0,1,0,2
0;1;7;8;9,I;II;V2;V3;V4,6,0.9,1,0,0,0,1
0;1;7;8;9;10,I;II;V2;V3;V4;V5,7,0.5,1,1,1,0,3
0;1;7;8;9;10,I;II;V2;V3;V4;V5,7,0.6,1,0,1,0,2
0;1;7;8;9;10,I;II;V2;V3;V4;V5,7,0.7,1,0,1,0,2
0;1;7;8;9;10,I;II;V2;V3;V4;V5,7,0.8,1,0,0,0,1
0;1;7;8;9;10,I;II;V2;V3;V4;V5,7,0.9,1,0,0,0,1
0;1;7;8;9;10;11,I;II;V2;V3;V4;V5;V6,8,0.5,1,1,1,0,3
0;1;7;8;9;10;11,I;II;V2;V3;V4;V5;V6,8,0.6,1,1,1,0,3
0;1;7;8;9;10;11,I;II;V2;V3;V4;V5;V6,8,0.7,1,0,1,0,2
0;1;7;8;9;10;11,I;II;V2;V3;V4;V5;V6,8,0.8,1,0,0,0,1
0;1;7;8;9;10;11,I;II;V2;V3;V4;V5;V6,8,0.9,1,0,0,0,1
0;1;7;8;9;11,I;II;V2;V3;V4;V6,7,0.5,1,1,1,0,3
0;1;7;8;9;11,I;II;V2;V3;V4;V6,7,0.6,1,0,1,0,2
0;1;7;8;9;11,I;II;V2;V3;V4;V6,7,0.7,1,0,1,0,2
0;1;7;8;9;11,I;II;V2;V3;V4;V6,7,0.8,1,0,0,0,1
0;1;7;8;9;11,I;II;V2;V3;V4;V6,7,0.9,1,0,0,0,1
0;1;7;8;10,I;II;V2;V3;V5,6,0.5,1,1,1,0,3
0;1;7;8;10,I;II;V2;V3;V5,6,0.6,1,1,1,0,3
0;1;7;8;10,I;II;V2;V3;V5,6,0.7,1,0,1,0,2
0;1;7;8;10,I;II;V2;V3;V5,6,0.8,1,0,0,0,1
0;1;7;8;10,I;II;V2;V3;V5,6,0.9,1,0,0,0,1
0;1;7;8;10;11,I;II;V2;V3;V5;V6,7,0.5,1,1,1,0,3
0;1;7;8;10;11,I;II;V2;V3;V5;V6,7,0.6,1,1,1,0,3
0;1;7;8;10;11,I;II;V2;V3;V5;V6,7,0.7,1,0,1,0,2
0;1;7;8;10;11,I;II;V2;V3;V5;V6,7,0.8,1,0,0,0,1
0;1;7;8;10;11,I;II;V2;V3;V5;V6,7,0.9,1,0,0,0,1
0;1;7;8;11,I;II;V2;V3;V6,6,0.5,1,1,1,0,3
0;1;7;8;11,I;II;V2;V3;V6,6,0.6,1,0,1,0,2
0;1;7;8;11,I;II;V2;V3;V6,6,0.7,1,0,1,0,2
0;1;7;8;11,I;II;V2;V3;V6,6,0.8,1,0,0,0,1
0;1;7;8;11,I;II;V2;V3;V6,6,0.9,1,0,0,0,1
0;1;7;9,I;II;V2;V4,5,0.5,1,1,1,0,3
0;1;7;9,I;II;V2;V4,5,0.6,1,1,1,0,3
0;1;7;9,I;II;V2;V4,5,0.7,1,0,1,0,2
0;1;7;9,I;II;V2;V4,5,0.8,1,0,1,0,2
0;1;7;9,I;II;V2;V4,5,0.9,1,0,0,0,1
0;1;7;9;10,I;II;V2;V4;V5,6,0.5,1,1,1,0,3
0;1;7;9;10,I;II;V2;V4;V5,6,0.6,1,0,1,0,2
0;1;7;9;10,I;II;V2;V4;V5,6,0.7,1,0,1,0,2
0;1;7;9;10,I;II;V2;V4;V5,6,0.8,1,0,1,0,2
0;1;7;9;10,I;II;V2;V4;V5,6,0.9,1,0,0,0,1
0;1;7;9;10;11,I;II;V2;V4;V5;V6,7,0.5,1,1,1,0,3
0;1;7;9;10;11,I;II;V2;V4;V5;V6,7,0.6,1,0,1,0,2
0;1;7;9;10;11,I;II;V2;V4;V5;V6,7,0.7,1,0,1,0,2
0;1;7;9;10;11,I;II;V2;V4;V5;V6,7,0.8,1,0,0,0,1
0;1;7;9;10;11,I;II;V2;V4;V5;V6,7,0.9,1,0,0,0,1
0;1;7;9;11,I;II;V2;V4;V6,6,0.5,1,1,1,0,3
0;1;7;9;11,I;II;V2;V4;V6,6,0.6,1,0,1,0,2
0;1;7;9;11,I;II;V2;V4;V6,6,0.7,1,0,1,0,2
0;1;7;9;11,I;II;V2;V4;V6,6,0.8,1,0,1,0,2
0;1;7;9;11,I;II;V2;V4;V6,6,0.9,1,0,0,0,1
0;1;7;10,I;II;V2;V5,5,0.5,1,1,1,0,3
0;1;7;10,I;II;V2;V5,5,0.6,1,1,1,0,3
0;1;7;10,I;II;V2;V5,5,0.7,1,0,1,0,2
0;1;7;10,I;II;V2;V5,5,0.8,1,0,1,0,2
0;1;7;10,I;II;V2;V5,5,0.9,1,0,0,0,1
0;1;7;10;11,I;II;V2;V5;V6,6,0.5,1,1,1,0,3
0;1;7;10;11,I;II;V2;V5;V6,6,0.6,1,1,1,0,3
0;1;7;10;11,I;II;V2;V5;V6,6,0.7,1,0,1,0,2
0;1;7;10;11,I;II;V2;V5;V6,6,0.8,1,0,0,0,1
0;1;7;10;11,I;II;V2;V5;V6,6,0.9,1,0,0,0,1
0;1;7;11,I;II;V2;V6,5,0.5,1,1,1,0,3
0;1;7;11,I;II;V2;V6,5,0.6,1,1,1,0,3
0;1;7;11,I;II;V2;V6,5,0.7,1,0,1,0,2
0;1;7;11,I;II;V2;V6,5,0.8,1,0,1,0,2
0;1;7;11,I;II;V2;V6,5,0.9,1,0,0,0,1
0;1;8,I;II;V3,4,0.5,1,1,1,0,3
0;1;8,I;II;V3,4,0.6,1,0,1,0,2
0;1;8,I;II;V3,4,0.7,1,0,1,0,2
0;1;8,I;II;V3,4,0.8,1,0,0,0,1
0;1;8,I;II;V3,4,0.9,1,0,0,0,1
0;1;8;9,I;II;V3;V4,5,0.5,1,1,1,0,3
0;1;8;9,I;II;V3;V4,5,0.6,1,1,1,0,3
0;1;8;9,I;II;V3;V4,5,0.7,1,0,1,0,2
0;1;8;9,I;II;V3;V4,5,0.8,1,0,1,0,2
0;1;8;9,I;II;V3;V4,5,0.9,1,0,0,0,1
0;1;8;9;10,I;II;V3;V4;V5,6,0.5,1,1,1,0,3
0;1;8;9;10,I;II;V3;V4;V5,6,0.6,1,0,1,0,2
0;1;8;9;10,I;II;V3;V4;V5,6,0.7,1,0,1,0,2
0;1;8;9;10,I;II;V3;V4;V5,6,0.8,1,0,0,0,1
0;1;8;9;10,I;II;V3;V4;V5,6,0.9,1,0,0,0,1
0;1;8;9;10;11,I;II;V3;V4;V5;V6,7,0.5,1,1,1,0,3
0;1;8;9;10;11,I;II;V3;V4;V5;V6,7,0.6,1,0,1,0,2
0;1;8;9;10;11,I;II;V3;V4;V5;V6,7,0.7,1,0,1,0,2
0;1;8;9;10;11,I;II;V3;V4;V5;V6,7,0.8,1,0,0,0,1
0;1;8;9;10;11,I;II;V3;V4;V5;V6,7,0.9,1,0,0,0,1
0;1;8;9;11,I;II;V3;V4;V6,6,0.5,1,1,1,0,3
0;1;8;9;11,I;II;V3;V4;V6,6,0.6,1,0,1,0,2
0;1;8;9;11,I;II;V3;V4;V6,6,0.7,1,0,1,0,2
0;1;8;9;11,I;II;V3;V4;V6,6,0.8,1,0,0,0,1
0;1;8;9;11,I;II;V3;V4;V6,6,0.9,1,0,0,0,1
0;1;8;10,I;II;V3;V5,5,0.5,1,1,1,0,3
0;1;8;10,I;II;V3;V5,5,0.6,1,0,1,0,2
0;1;8;10,I;II;V3;V5,5,0.7,1,0,1,0,2
0;1;8;10,I;II;V3;V5,5,0.8,1,0,0,0,1
0;1;8;10,I;II;V3;V5,5,0.9,1,0,0,0,1
0;1;8;10;11,I;II;V3;V5;V6,6,0.5,1,1,1,0,3
0;1;8;10;11,I;II;V3;V5;V6,6,0.6,1,0,1,0,2
0;1;8;10;11,I;II;V3;V5;V6,6,0.7,1,0,1,0,2
0;1;8;10;11,I;II;V3;V5;V6,6,0.8,1,0,0,0,1
0;1;8;10;11,I;II;V3;V5;V6,6,0.9,1,0,0,0,1
0;1;8;11,I;II;V3;V6,5,0.5,1,1,1,0,3
0;1;8;11,I;II;V3;V6,5,0.6,1,0,1,0,2
0;1;8;11,I;II;V3;V6,5,0.7,1,0,1,0,2
0;1;8;11,I;II;V3;V6,5,0.8,1,0,0,0,1
0;1;8;11,I;II;V3;V6,5,0.9,1,0,0,0,1
0;1;9,I;II;V4,4,0.5,1,1,1,0,3
0;1;9,I;II;V4,4,0.6,1,0,1,0,2
0;1;9,I;II;V4,4,0.7,1,0,1,0,2
0;1;9,I;II;V4,4,0.8,1,0,1,0,2
0;1;9,I;II;V4,4,0.9,1,0,0,0,1
0;1;9;10,I;II;V4;V5,5,0.5,1,1,1,0,3
0;1;9;10,I;II;V4;V5,5,0.6,1,0,1,0,2
0;1;9;10,I;II;V4;V5,5,0.7,1,0,1,0,2
0;1;9;10,I;II;V4;V5,5,0.8,1,0,0,0,1
0;1;9;10,I;II;V4;V5,5,0.9,1,0,0,0,1
0;1;9;10;11,I;II;V4;V5;V6,6,0.5,1,1,1,0,3
0;1;9;10;11,I;II;V4;V5;V6,6,0.6,1,0,1,0,2
0;1;9;10;11,I;II;V4;V5;V6,6,0.7,1,0,1,0,2
0;1;9;10;11,I;II;V4;V5;V6,6,0.8,1,0,0,0,1
0;1;9;10;11,I;II;V4;V5;V6,6,0.9,1,0,0,0,1
0;1;9;11,I;II;V4;V6,5,0.5,1,1,1,0,3
0;1;9;11,I;II;V4;V6,5,0.6,1,0,1,0,2
0;1;9;11,I;II;V4;V6,5,0.7,1,0,1,0,2
0;1;9;11,I;II;V4;V6,5,0.8,1,0,0,0,1
0;1;9;11,I;II;V4;V6,5,0.9,1,0,0,0,1
0;1;10,I;II;V5,4,0.5,1,1,1,0,3
0;1;10,I;II;V5,4,0.6,1,0,1,0,2
0;1;10,I;II;V5,4,0.7,1,0,1,0,2
0;1;10,I;II;V5,4,0.8,1,0,0,0,1
0;1;10,I;II;V5,4,0.9,1,0,0,0,1
0;1;10;11,I;II;V5;V6,5,0.5,1,1,1,0,3
0;1;10;11,I;II;V5;V6,5,0.6,1,1,1,0,3
0;1;10;11,I;II;V5;V6,5,0.7,1,0,1,0,2
0;1;10;11,I;II;V5;V6,5,0.8,1,0,0,0,1
0;1;10;11,I;II;V5;V6,5,0.9,1,0,0,0,1
0;1;11,I;II;V6,4,0.5,1,1,1,0,3
0;1;11,I;II;V6,4,0.6,1,0,1,0,2
0;1;11,I;II;V6,4,0.7,1,0,1,0,2
0;1;11,I;II;V6,4,0.8,1,0,0,0,1
0;1;11,I;II;V6,4,0.9,1,0,0,0,1
0;2,I;III,3,0.5,1,1,1,0,3
0;2,I;III,3,0.6,1,1,1,0,3
0;2,I;III,3,0.7,1,0,1,0,2
0;2,I;III,3,0.8,1,0,1,0,2
0;2,I;III,3,0.9,1,0,0,0,1
0;2;3,I;III;aVR,3,0.5,1,1,1,0,3
0;2;3,I;III;aVR,3,0.6,1,1,1,0,3
0;2;3,I;III;aVR,3,0.7,1,0,1,0,2
0;2;3,I;III;aVR,3,0.8,1,0,1,0,2
0;2;3,I;III;aVR,3,0.9,1,0,0,0,1
0;2;3;4,I;III;aVR;aVL,3,0.5,1,1,1,0,3
0;2;3;4,I;III;aVR;aVL,3,0.6,1,1,1,0,3
0;2;3;4,I;III;aVR;aVL,3,0.7,1,0,1,0,2
0;2;3;4,I;III;aVR;aVL,3,0.8,1,0,1,0,2
0;2;3;4,I;III;aVR;aVL,3,0.9,1,0,0,0,1
0;2;3;4;5,I;III;aVR;aVL;aVF,3,0.5,1,1,1,0,3
0;2;3;4;5,I;III;aVR;aVL;aVF,3,0.6,1,1,1,0,3
0;2;3;4;5,I;III;aVR;aVL;aVF,3,0.7,1,0,1,0,2
0;2;3;4;5,I;III;aVR;aVL;aVF,3,0.8,1,0,1,0,2
0;2;3;4;5,I;III;aVR;aVL;aVF,3,0.9,1,0,0,0,1
0;2;3;4;5;6,I;III;aVR;aVL;aVF;V1,4,0.5,1,1,1,0,3
0;2;3;4;5;6,I;III;aVR;aVL;aVF;V1,4,0.6,1,1,1,0,3
0;2;3;4;5;6,I;III;aVR;aVL;aVF;V1,4,0.7,1,0,1,0,2
0;2;3;4;5;6,I;III;aVR;aVL;aVF;V1,4,0.8,1,0,1,0,2
0;2;3;4;5;6,I;III;aVR;aVL;aVF;V1,4,0.9,1,0,0,0,1
0;2;3;4;5;6;7,I;III;aVR;aVL;aVF;V1;V2,5,0.5,1,1,1,0,3
0;2;3;4;5;6;7,I;III;aVR;aVL;aVF;V1;V2,5,0.6,1,1,1,0,3
0;2;3;4;5;6;7,I;III;aVR;aVL;aVF;V1;V2,5,0.7,1,0,1,0,2
0;2;3;4;5;6;7,I;III;aVR;aVL;aVF;V1;V2,5,0.8,1,0,1,0,2
0;2;3;4;5;6;7,I;III;aVR;aVL;aVF;V1;V2,5,0.9,1,0,0,0,1
0;2;3;4;5;6;7;8,I;III;aVR;aVL;aVF;V1;V2;V3,6,0.5,1,1,1,0,3
0;2;3;4;5;6;7;8,I;III;aVR;aVL;aVF;V1;V2;V3,6,0.6,1,1,1,0,3
0;2;3;4;5;6;7;8,I;III;aVR;aVL;aVF;V1;V2;V3,6,0.7,1,0,1,0,2
0;2;3;4;5;6;7;8,I;III;aVR;aVL;aVF;V1;V2;V3,6,0.8,1,0,1,0,2
0;2;3;4;5;6;7;8,I;III;aVR;aVL;aVF;V1;V2;V3,6,0.9,1,0,0,0,1
0;2;3;4;5;6;7;8;9,I;III;aVR;aVL;aVF;V1;V2;V3;V4,7,0.5,1,1,1,0,3
0;2;3;4;5;6;7;8;9,I;III;aVR;aVL;aVF;V1;V2;V3;V4,7,0.6,1,1,1,0,3
0;2;3;4;5;6;7;8;9,I;III;aVR;aVL;aVF;V1;V2;V3;V4,7,0.7,1,0,1,0,2
0;2;3;4;5;6;7;8;9,I;III;aVR;aVL;aVF;V1;V2;V3;V4,7,0.8,1,0,1,0,2
0;2;3;4;5;6;7;8;9,I;III;aVR;aVL;aVF;V1;V2;V3;V4,7,0.9,1,0,0,0,1
0;2;3;4;5;6;7;8;9;10,I;III;aVR;aVL;aVF;V1;V2;V3;V4;V5,8,0.5,1,1,1,0,3
0;2;3;4;5;6;7;8;9;10,I;III;aVR;aVL;aVF;V1;V2;V3;V4;V5,8,0.6,1,0,1,0,2
0;2;3;4;5;6;7;8;9;10,I;III;aVR;aVL;aVF;V1;V2;V3;V4;V5,8,0.7,1,0,1,0,2
0;2;3;4;5;6;7;8;9;10,I;III;aVR;aVL;aVF;V1;V2;V3;V4;V5,8,0.8,1,0,1,0,2
0;2;3;4;5;6;7;8;9;10,I;III;aVR;aVL;aVF;V1;V2;V3;V4;V5,8,0.9,1,0,0,0,1
0;2;3;4;5;6;7;8;9;10;11,I;III;aVR;aVL;aVF;V1;V2;V3;V4;V5;V6,9,0.5,1,1,1,0,3
0;2;3;4;5;6;7;8;9;10;11,I;III;aVR;aVL;aVF;V1;V2;V3;V4;V5;V6,9,0.6,1,0,1,0,2
0;2;3;4;5;6;7;8;9;10;11,I;III;aVR;aVL;aVF;V1;V2;V3;V4;V5;V6,9,0.7,1,0,1,0,2
0;2;3;4;5;6;7;8;9;10;11,I;III;aVR;aVL;aVF;V1;V2;V3;V4;V5;V6,9,0.8,1,0,1,0,2
0;2;3;4;5;6;7;8;9;10;11,I;III;aVR;aVL;aVF;V1;V2;V3;V4;V5;V6,9,0.9,1,0,0,0,1
0;2;3;4;5;6;7;8;9;11,I;III;aVR;aVL;aVF;V1;V2;V3;V4;V6,8,0.5,1,1,1,0,3
0;2;3;4;5;6;7;8;9;11,I;III;aVR;aVL;aVF;V1;V2;V3;V4;V6,8,0.6,1,0,1,0,2
0;2;3;4;5;6;7;8;9;11,I;III;aVR;aVL;aVF;V1;V2;V3;V4;V6,8,0.7,1,0,1,0,2
0;2;3;4;5;6;7;8;9;11,I;III;aVR;aVL;aVF;V1;V2;V3;V4;V6,8,0.8,1,0,1,0,2
0;2;3;4;5;6;7;8;9;11,I;III;aVR;aVL;aVF;V1;V2;V3;V4;V6,8,0.9,1,0,0,0,1
0;2;3;4;5;6;7;8;10,I;III;aVR;aVL;aVF;V1;V2;V3;V5,7,0.5,1,1,1,0,3
0;2;3;4;5;6;7;8;10,I;III;aVR;aVL;aVF;V1;V2;V3;V5,7,0.6,1,0,1,0,2
0;2;3;4;5;6;7;8;10,I;III;aVR;aVL;aVF;V1;V2;V3;V5,7,0.7,1,0,1,0,2
0;2;3;4;5;6;7;8;10,I;III;aVR;aVL;aVF;V1;V2;V3;V5,7,0.8,1,0,1,0,2
0;2;3;4;5;6;7;8;10,I;III;aVR;aVL;aVF;V1;V2;V3;V5,7,0.9,1,0,0,0,1
0;2;3;4;5;6;7;8;10;11,I;III;aVR;aVL;aVF;V1;V2;V3;V5;V6,8,0.5,1,1,1,0,3
0;2;3;4;5;6;7;8;10;11,I;III;aVR;aVL;aVF;V1;V2;V3;V5;V6,8,0.6,1,0,1,0,2
0;2;3;4;5;6;7;8;10;11,I;III;aVR;aVL;aVF;V1;V2;V3;V5;V6,8,0.7,1,0,1,0,2
0;2;3;4;5;6;7;8;10;11,I;III;aVR;aVL;aVF;V1;V2;V3;V5;V6,8,0.8,1,0,1,0,2
0;2;3;4;5;6;7;8;10;11,I;III;aVR;aVL;aVF;V1;V2;V3;V5;V6,8,0.9,1,0,0,0,1
0;2;3;4;5;6;7;8;11,I;III;aVR;aVL;aVF;V1;V2;V3;V6,7,0.5,1,1,1,0,3
0;2;3;4;5;6;7;8;11,I;III;aVR;aVL;aVF;V1;V2;V3;V6,7,0.6,1,0,1,0,2
0;2;3;4;5;6;7;8;11,I;III;aVR;aVL;aVF;V1;V2;V3;V6,7,0.7,1,0,1,0,2
0;2;3;4;5;6;7;8;11,I;III;aVR;aVL;aVF;V1;V2;V3;V6,7,0.8,1,0,1,0,2
0;2;3;4;5;6;7;8;11,I;III;aVR;aVL;aVF;V1;V2;V3;V6,7,0.9,1,0,0,0,1
0;2;3;4;5;6;7;9,I;III;aVR;aVL;aVF;V1;V2;V4,6,0.5,1,1,1,0,3
0;2;3;4;5;6;7;9,I;III;aVR;aVL;aVF;V1;V2;V4,6,0.6,1,1,1,0,3
0;2;3;4;5;6;7;9,I;III;aVR;aVL;aVF;V1;V2;V4,6,0.7,1,0,1,0,2
0;2;3;4;5;6;7;9,I;III;aVR;aVL;aVF;V1;V2;V4,6,0.8,1,0,1,0,2
0;2;3;4;5;6;7;9,I;III;aVR;aVL;aVF;V1;V2;V4,6,0.9,1,0,0,0,1
0;2;3;4;5;6;7;9;10,I;III;aVR;aVL;aVF;V1;V2;V4;V5,7,0.5,1,1,1,0,3
0;2;3;4;5;6;7;9;10,I;III;aVR;aVL;aVF;V1;V2;V4;V5,7,0.6,1,0,1,0,2
0;2;3;4;5;6;7;9;10,I;III;aVR;aVL;aVF;V1;V2;V4;V5,7,0.7,1,0,1,0,2
0;2;3;4;5;6;7;9;10,I;III;aVR;aVL;aVF;V1;V2;V4;V5,7,0.8,1,0,1,0,2
0;2;3;4;5;6;7;9;10,I;III;aVR;aVL;aVF;V1;V2;V4;V5,7,0.9,1,0,0,0,1
0;2;3;4;5;6;7;9;10;11,I;III;aVR;aVL;aVF;V1;V2;V4;V5;V6,8,0.5,1,1,1,0,3
0;2;3;4;5;6;7;9;10;11,I;III;aVR;aVL;aVF;V1;V2;V4;V5;V6,8,0.6,1,0,1,0,2
0;2;3;4;5;6;7;9;10;11,I;III;aVR;aVL;aVF;V1;V2;V4;V5;V6,8,0.7,1,0,1,0,2
0;2;3;4;5;6;7;9;10;11,I;III;aVR;aVL;aVF;V1;V2;V4;V5;V6,8,0.8,1,0,1,0,2
0;2;3;4;5;6;7;9;10;11,I;III;aVR;aVL;aVF;V1;V2;V4;V5;V6,8,0.9,1,0,0,0,1
0;2;3;4;5;6;7;9;11,I;III;aVR;aVL;aVF;V1;V2;V4;V6,7,0.5,1,1,1,0,3
0;2;3;4;5;6;7;9;11,I;III;aVR;aVL;aVF;V1;V2;V4;V6,7,0.6,1,0,1,0,2
0;2;3;4;5;6;7;9;11,I;III;aVR;aVL;aVF;V1;V2;V4;V6,7,0.7,1,0,1,0,2
0;2;3;4;5;6;7;9;11,I;III;aVR;aVL;aVF;V1;V2;V4;V6,7,0.8,1,0,1,0,2
0;2;3;4;5;6;7;9;11,I;III;aVR;aVL;aVF;V1;V2;V4;V6,7,0.9,1,0,0,0,1
0;2;3;4;5;6;7;10,I;III;aVR;aVL;aVF;V1;V2;V5,6,0.5,1,1,1,0,3
0;2;3;4;5;6;7;10,I;III;aVR;aVL;aVF;V1;V2;V5,6,0.6,1,0,1,0,2
0;2;3;4;5;6;7;10,I;III;aVR;aVL;aVF;V1;V2;V5,6,0.7,1,0,1,0,2
0;2;3;4;5;6;7;10,I;III;aVR;aVL;aVF;V1;V2;V5,6,0.8,1,0,1,0,2
0;2;3;4;5;6;7;10,I;III;aVR;aVL;aVF;V1;V2;V5,6,0.9,1,0,0,0,1
0;2;3;4;5;6;7;10;11,I;III;aVR;aVL;aVF;V1;V2;V5;V6,7,0.5,1,1,1,0,3
0;2;3;4;5;6;7;10;11,I;III;aVR;aVL;aVF;V1;V2;V5;V6,7,0.6,1,0,1,0,2
0;2;3;4;5;6;7;10;11,I;III;aVR;aVL;aVF;V1;V2;V5;V6,7,0.7,1,0,1,0,2
0;2;3;4;5;6;7;10;11,I;III;aVR;aVL;aVF;V1;V2;V5;V6,7,0.8,1,0,1,0,2
0;2;3;4;5;6;7;10;11,I;III;aVR;aVL;aVF;V1;V2;V5;V6,7,0.9,1,0,0,0,1
0;2;3;4;5;6;7;11,I;III;aVR;aVL;aVF;V1;V2;V6,6,0.5,1,1,1,0,3
0;2;3;4;5;6;7;11,I;III;aVR;aVL;aVF;V1;V2;V6,6,0.6,1,1,1,0,3
0;2;3;4;5;6;7;11,I;III;aVR;aVL;aVF;V1;V2;V6,6,0.7,1,0,1,0,2
0;2;3;4;5;6;7;11,I;III;aVR;aVL;aVF;V1;V2;V6,6,0.8,1,0,1,0,2
0;2;3;4;5;6;7;11,I;III;aVR;aVL;aVF;V1;V2;V6,6,0.9,1,0,0,0,1
0;2;3;4;5;6;8,I;III;aVR;aVL;aVF;V1;V3,5,0.5,1,1,1,0,3
0;2;3;4;5;6;8,I;III;aVR;aVL;aVF;V1;V3,5,0.6,1,1,1,0,3
0;2;3;4;5;6;8,I;III;aVR;aVL;aVF;V1;V3,5,0.7,1,0,1,0,2
0;2;3;4;5;6;8,I;III;aVR;aVL;aVF;V1;V3,5,0.8,1,0,0,0,1
0;2;3;4;5;6;8,I;III;aVR;aVL;aVF;V1;V3,5,0.9,1,0,0,0,1
0;2;3;4;5;6;8;9,I;III;aVR;aVL;aVF;V1;V3;V4,6,0.5,1,1,1,0,3
0;2;3;4;5;6;8;9,I;III;aVR;aVL;aVF;V1;V3;V4,6,0.6,1,1,1,0,3
0;2;3;4;5;6;8;9,I;III;aVR;aVL;aVF;V1;V3;V4,6,0.7,1,0,1,0,2
0;2;3;4;5;6;8;9,I;III;aVR;aVL;aVF;V1;V3;V4,6,0.8,1,0,1,0,2
0;2;3;4;5;6;8;9,I;III;aVR;aVL;aVF;V1;V3;V4,6,0.9,1,0,0,0,1
0;2;3;4;5;6;8;9;10,I;III;aVR;aVL;aVF;V1;V3;V4;V5,7,0.5,1,1,1,0,3
0;2;3;4;5;6;8;9;10,I;III;aVR;aVL;aVF;V1;V3;V4;V5,7,0.6,1,0,1,0,2
0;2;3;4;5;6;8;9;10,I;III;aVR;aVL;aVF;V1;V3;V4;V5,7,0.7,1,0,1,0,2
0;2;3;4;5;6;8;9;10,I;III;aVR;aVL;aVF;V1;V3;V4;V5,7,0.8,1,0,1,0,2
0;2;3;4;5;6;8;9;10,I;III;aVR;aVL;aVF;V1;V3;V4;V5,7,0.9,1,0,0,0,1
0;2;3;4;5;6;8;9;10;11,I;III;aVR;aVL;aVF;V1;V3;V4;V5;V6,8,0.5,1,1,1,0,3
0;2;3;4;5;6;8;9;10;11,I;III;aVR;aVL;aVF;V1;V3;V4;V5;V6,8,0.6,1,0,1,0,2
0;2;3;4;5;6;8;9;10;11,I;III;aVR;aVL;aVF;V1;V3;V4;V5;V6,8,0.7,1,0,1,0,2
0;2;3;4;5;6;8;9;10;11,I;III;aVR;aVL;aVF;V1;V3;V4;V5;V6,8,0.8,1,0,1,0,2
0;2;3;4;5;6;8;9;10;11,I;III;aVR;aVL;aVF;V1;V3;V4;V5;V6,8,0.9,1,0,0,0,1
0;2;3;4;5;6;8;9;11,I;III;aVR;aVL;aVF;V1;V3;V4;V6,7,0.5,1,1,1,0,3
0;2;3;4;5;6;8;9;11,I;III;aVR;aVL;aVF;V1;V3;V4;V6,7,0.6,1,0,1,0,2
0;2;3;4;5;6;8;9;11,I;III;aVR;aVL;aVF;V1;V3;V4;V6,7,0.7,1,0,1,0,2
0;2;3;4;5;6;8;9;11,I;III;aVR;aVL;aVF;V1;V3;V4;V6,7,0.8,1,0,1,0,2
0;2;3;4;5;6;8;9;11,I;III;aVR;aVL;aVF;V1;V3;V4;V6,7,0.9,1,0,0,0,1
0;2;3;4;5;6;8;10,I;III;aVR;aVL;aVF;V1;V3;V5,6,0.5,1,1,1,0,3
0;2;3;4;5;6;8;10,I;III;aVR;aVL;aVF;V1;V3;V5,6,0.6,1,0,1,0,2
0;2;3;4;5;6;8;10,I;III;aVR;aVL;aVF;V1;V3;V5,6,0.7,1,0,1,0,2
0;2;3;4;5;6;8;10,I;III;aVR;aVL;aVF;V1;V3;V5,6,0.8,1,0,1,0,2
0;2;3;4;5;6;8;10,I;III;aVR;aVL;aVF;V1;V3;V5,6,0.9,1,0,0,0,1
0;2;3;4;5;6;8;10;11,I;III;aVR;aVL;aVF;V1;V3;V5;V6,7,0.5,1,1,1,0,3
0;2;3;4;5;6;8;10;11,I;III;aVR;aVL;aVF;V1;V3;V5;V6,7,0.6,1,0,1,0,2
0;2;3;4;5;6;8;10;11,I;III;aVR;aVL;aVF;V1;V3;V5;V6,7,0.7,1,0,1,0,2
0;2;3;4;5;6;8;10;11,I;III;aVR;aVL;aVF;V1;V3;V5;V6,7,0.8,1,0,1,0,2
0;2;3;4;5;6;8;10;11,I;III;aVR;aVL;aVF;V1;V3;V5;V6,7,0.9,1,0,0,0,1
0;2;3;4;5;6;8;11,I;III;aVR;aVL;aVF;V1;V3;V6,6,0.5,1,1,1,0,3
0;2;3;4;5;6;8;11,I;III;aVR;aVL;aVF;V1;V3;V6,6,0.6,1,0,1,0,2
0;2;3;4;5;6;8;11,I;III;aVR;aVL;aVF;V1;V3;V6,6,0.7,1,0,1,0,2
0;2;3;4;5;6;8;11,I;III;aVR;aVL;aVF;V1;V3;V6,6,0.8,1,0,1,0,2
0;2;3;4;5;6;8;11,I;III;aVR;aVL;aVF;V1;V3;V6,6,0.9,1,0,0,0,1
0;2;3;4;5;6;9,I;III;aVR;aVL;aVF;V1;V4,5,0.5,1,1,1,0,3
0;2;3;4;5;6;9,I;III;aVR;aVL;aVF;V1;V4,5,0.6,1,0,1,0,2
0;2;3;4;5;6;9,I;III;aVR;aVL;aVF;V1;V4,5,0.7,1,0,1,0,2
0;2;3;4;5;6;9,I;III;aVR;aVL;aVF;V1;V4,5,0.8,1,0,1,0,2
0;2;3;4;5;6;9,I;III;aVR;aVL;aVF;V1;V4,5,0.9,1,0,0,0,1
0;2;3;4;5;6;9;10,I;III;aVR;aVL;aVF;V1;V4;V5,6,0.5,1,1,1,0,3
0;2;3;4;5;6;9;10,I;III;aVR;aVL;aVF;V1;V4;V5,6,0.6,1,0,1,0,2
0;2;3;4;5;6;9;10,I;III;aVR;aVL;aVF;V1;V4;V5,6,0.7,1,0,1,0,2
0;2;3;4;5;6;9;10,I;III;aVR;aVL;aVF;V1;V4;V5,6,0.8,1,0,1,0,2
0;2;3;4;5;6;9;10,I;III;aVR;aVL;aVF;V1;V4;V5,6,0.9,1,0,0,0,1
0;2;3;4;5;6;9;10;11,I;III;aVR;aVL;aVF;V1;V4;V5;V6,7,0.5,1,1,1,0,3
0;2;3;4;5;6;9;10;11,I;III;aVR;aVL;aVF;V1;V4;V5;V6,7,0.6,1,0,1,0,2
0;2;3;4;5;6;9;10;11,I;III;aVR;aVL;aVF;V1;V4;V5;V6,7,0.7,1,0,1,0,2
0;2;3;4;5;6;9;10;11,I;III;aVR;aVL;aVF;V1;V4;V5;V6,7,0.8,1,0,1,0,2
0;2;3;4;5;6;9;10;11,I;III;aVR;aVL;aVF;V1;V4;V5;V6,7,0.9,1,0,0,0,1
0;2;3;4;5;6;9;11,I;III;aVR;aVL;aVF;V1;V4;V6,6,0.5,1,1,1,0,3
0;2;3;4;5;6;9;11,I;III;aVR;aVL;aVF;V1;V4;V6,6,0.6,1,0,1,0,2
0;2;3;4;5;6;9;11,I;III;aVR;aVL;aVF;V1;V4;V6,6,0.7,1,0,1,0,2
0;2;3;4;5;6;9;11,I;III;aVR;aVL;aVF;V1;V4;V6,6,0.8,1,0,1,0,2
0;2;3;4;5;6;9;11,I;III;aVR;aVL;aVF;V1;V4;V6,6,0.9,1,0,0,0,1
0;2;3;4;5;6;10,I;III;aVR;aVL;aVF;V1;V5,5,0.5,1,1,1,0,3
0;2;3;4;5;6;10,I;III;aVR;aVL;aVF;V1;V5,5,0.6,1,0,1,0,2
0;2;3;4;5;6;10,I;III;aVR;aVL;aVF;V1;V5,5,0.7,1,0,1,0,2
0;2;3;4;5;6;10,I;III;aVR;aVL;aVF;V1;V5,5,0.8,1,0,1,0,2
0;2;3;4;5;6;10,I;III;aVR;aVL;aVF;V1;V5,5,0.9,1,0,0,0,1
0;2;3;4;5;6;10;11,I;III;aVR;aVL;aVF;V1;V5;V6,6,0.5,1,1,1,0,3
0;2;3;4;5;6;10;11,I;III;aVR;aVL;aVF;V1;V5;V6,6,0.6,1,1,1,0,3
0;2;3;4;5;6;10;11,I;III;aVR;aVL;aVF;V1;V5;V6,6,0.7,1,0,1,0,2
0;2;3;4;5;6;10;11,I;III;aVR;aVL;aVF;V1;V5;V6,6,0.8,1,0,1,0,2
0;2;3;4;5;6;10;11,I;III;aVR;aVL;aVF;V1;V5;V6,6,0.9,1,0,0,0,1
0;2;3;4;5;6;11,I;III;aVR;aVL;aVF;V1;V6,5,0.5,1,1,1,0,3
0;2;3;4;5;6;11,I;III;aVR;aVL;aVF;V1;V6,5,0.6,1,1,1,0,3
0;2;3;4;5;6;11,I;III;aVR;aVL;aVF;V1;V6,5,0.7,1,0,1,0,2
0;2;3;4;5;6;11,I;III;aVR;aVL;aVF;V1;V6,5,0.8,1,0,1,0,2
0;2;3;4;5;6;11,I;III;aVR;aVL;aVF;V1;V6,5,0.9,1,0,0,0,1
0;2;3;4;5;7,I;III;aVR;aVL;aVF;V2,4,0.5,1,1,1,0,3
0;2;3;4;5;7,I;III;aVR;aVL;aVF;V2,4,0.6,1,0,1,0,2
0;2;3;4;5;7,I;III;aVR;aVL;aVF;V2,4,0.7,1,0,1,0,2
0;2;3;4;5;7,I;III;aVR;aVL;aVF;V2,4,0.8,1,0,1,0,2
0;2;3;4;5;7,I;III;aVR;aVL;aVF;V2,4,0.9,1,0,0,0,1
0;2;3;4;5;7;8,I;III;aVR;aVL;aVF;V2;V3,5,0.5,1,1,1,0,3
0;2;3;4;5;7;8,I;III;aVR;aVL;aVF;V2;V3,5,0.6,1,1,1,0,3
0;2;3;4;5;7;8,I;III;aVR;aVL;aVF;V2;V3,5,0.7,1,0,1,0,2
0;2;3;4;5;7;8,I;III;aVR;aVL;aVF;V2;V3,5,0.8,1,0,0,0,1
0;2;3;4;5;7;8,I;III;aVR;aVL;aVF;V2;V3,5,0.9,1,0,0,0,1
0;2;3;4;5;7;8;9,I;III;aVR;aVL;aVF;V2;V3;V4,6,0.5,1,1,1,0,3
0;2;3;4;5;7;8;9,I;III;aVR;aVL;aVF;V2;V3;V4,6,0.6,1,1,1,0,3
0;2;3;4;5;7;8;9,I;III;aVR;aVL;aVF;V2;V3;V4,6,0.7,1,0,1,0,2
0;2;3;4;5;7;8;9,I;III;aVR;aVL;aVF;V2;V3;V4,6,0.8,1,0,1,0,2
0;2;3;4;5;7;8;9,I;III;aVR;aVL;aVF;V2;V3;V4,6,0.9,1,0,0,0,1
0;2;3;4;5;7;8;9;10,I;III;aVR;aVL;aVF;V2;V3;V4;V5,7,0.5,1,1,1,0,3
0;2;3;4;5;7;8;9;10,I;III;aVR;aVL;aVF;V2;V3;V4;V5,7,0.6,1,1,1,0,3
0;2;3;4;5;7;8;9;10,I;III;aVR;aVL;aVF;V2;V3;V4;V5,7,0.7,1,0,1,0,2
0;2;3;4;5;7;8;9;10,I;III;aVR;aVL;aVF;V2;V3;V4;V5,7,0.8,1,0,1,0,2
0;2;3;4;5;7;8;9;10,I;III;aVR;aVL;aVF;V2;V3;V4;V5,7,0.9,1,0,0,0,1
0;2;3;4;5;7;8;9;10;11,I;III;aVR;aVL;aVF;V2;V3;V4;V5;V6,8,0.5,1,1,1,0,3
0;2;3;4;5;7;8;9;10;11,I;III;aVR;aVL;aVF;V2;V3;V4;V5;V6,8,0.6,1,0,1,0,2
0;2;3;4;5;7;8;9;10;11,I;III;aVR;aVL;aVF;V2;V3;V4;V5;V6,8,0.7,1,0,1,0,2
0;2;3;4;5;7;8;9;10;11,I;III;aVR;aVL;aVF;V2;V3;V4;V5;V6,8,0.8,1,0,0,0,1
0;2;3;4;5;7;8;9;10;11,I;III;aVR;aVL;aVF;V2;V3;V4;V5;V6,8,0.9,1,0,0,0,1
0;2;3;4;5;7;8;9;11,I;III;aVR;aVL;aVF;V2;V3;V4;V6,7,0.5,1,1,1,0,3
0;2;3;4;5;7;8;9;11,I;III;aVR;aVL;aVF;V2;V3;V4;V6,7,0.6,1,0,1,0,2
0;2;3;4;5;7;8;9;11,I;III;aVR;aVL;aVF;V2;V3;V4;V6,7,0.7,1,0,1,0,2
0;2;3;4;5;7;8;9;11,I;III;aVR;aVL;aVF;V2;V3;V4;V6,7,0.8,1,0,0,0,1
0;2;3;4;5;7;8;9;11,I;III;aVR;aVL;aVF;V2;V3;V4;V6,7,0.9,1,0,0,0,1
0;2;3;4;5;7;8;10,I;III;aVR;aVL;aVF;V2;V3;V5,6,0.5,1,1,1,0,3
0;2;3;4;5;7;8;10,I;III;aVR;aVL;aVF;V2;V3;V5,6,0.6,1,0,1,0,2
0;2;3;4;5;7;8;10,I;III;aVR;aVL;aVF;V2;V3;V5,6,0.7,1,0,1,0,2
0;2;3;4;5;7;8;10,I;III;aVR;aVL;aVF;V2;V3;V5,6,0.8,1,0,0,0,1
0;2;3;4;5;7;8;10,I;III;aVR;aVL;aVF;V2;V3;V5,6,0.9,1,0,0,0,1
0;2;3;4;5;7;8;10;11,I;III;aVR;aVL;aVF;V2;V3;V5;V6,7,0.5,1,1,1,0,3
0;2;3;4;5;7;8;10;11,I;III;aVR;aVL;aVF;V2;V3;V5;V6,7,0.6,1,0,1,0,2
0;2;3;4;5;7;8;10;11,I;III;aVR;aVL;aVF;V2;V3;V5;V6,7,0.7,1,0,1,0,2
0;2;3;4;5;7;8;10;11,I;III;aVR;aVL;aVF;V2;V3;V5;V6,7,0.8,1,0,0,0,1
0;2;3;4;5;7;8;10;11,I;III;aVR;aVL;aVF;V2;V3;V5;V6,7,0.9,1,0,0,0,1
0;2;3;4;5;7;8;11,I;III;aVR;aVL;aVF;V2;V3;V6,6,0.5,1,1,1,0,3
0;2;3;4;5;7;8;11,I;III;aVR;aVL;aVF;V2;V3;V6,6,0.6,1,1,1,0,3
0;2;3;4;5;7;8;11,I;III;aVR;aVL;aVF;V2;V3;V6,6,0.7,1,0,1,0,2
0;2;3;4;5;7;8;11,I;III;aVR;aVL;aVF;V2;V3;V6,6,0.8,1,0,0,0,1
0;2;3;4;5;7;8;11,I;III;aVR;aVL;aVF;V2;V3;V6,6,0.9,1,0,0,0,1
0;2;3;4;5;7;9,I;III;aVR;aVL;aVF;V2;V4,5,0.5,1,1,1,0,3
0;2;3;4;5;7;9,I;III;aVR;aVL;aVF;V2;V4,5,0.6,1,1,1,0,3
0;2;3;4;5;7;9,I;III;aVR;aVL;aVF;V2;V4,5,0.7,1,0,1,0,2
0;2;3;4;5;7;9,I;III;aVR;aVL;aVF;V2;V4,5,0.8,1,0,1,0,2
0;2;3;4;5;7;9,I;III;aVR;aVL;aVF;V2;V4,5,0.9,1,0,0,0,1
0;2;3;4;5;7;9;10,I;III;aVR;aVL;aVF;V2;V4;V5,6,0.5,1,1,1,0,3
0;2;3;4;5;7;9;10,I;III;aVR;aVL;aVF;V2;V4;V5,6,0.6,1,1,1,0,3
0;2;3;4;5;7;9;10,I;III;aVR;aVL;aVF;V2;V4;V5,6,0.7,1,0,1,0,2
0;2;3;4;5;7;9;10,I;III;aVR;aVL;aVF;V2;V4;V5,6,0.8,1,0,0,0,1
0;2;3;4;5;7;9;10,I;III;aVR;aVL;aVF;V2;V4;V5,6,0.9,1,0,0,0,1
0;2;3;4;5;7;9;10;11,I;III;aVR;aVL;aVF;V2;V4;V5;V6,7,0.5,1,1,1,0,3
0;2;3;4;5;7;9;10;11,I;III;aVR;aVL;aVF;V2;V4;V5;V6,7,0.6,1,0,1,0,2
0;2;3;4;5;7;9;10;11,I;III;aVR;aVL;aVF;V2;V4;V5;V6,7,0.7,1,0,1,0,2
0;2;3;4;5;7;9;10;11,I;III;aVR;aVL;aVF;V2;V4;V5;V6,7,0.8,1,0,0,0,1
0;2;3;4;5;7;9;10;11,I;III;aVR;aVL;aVF;V2;V4;V5;V6,7,0.9,1,0,0,0,1
0;2;3;4;5;7;9;11,I;III;aVR;aVL;aVF;V2;V4;V6,6,0.5,1,1,1,0,3
0;2;3;4;5;7;9;11,I;III;aVR;aVL;aVF;V2;V4;V6,6,0.6,1,0,1,0,2
0;2;3;4;5;7;9;11,I;III;aVR;aVL;aVF;V2;V4;V6,6,0.7,1,0,1,0,2
0;2;3;4;5;7;9;11,I;III;aVR;aVL;aVF;V2;V4;V6,6,0.8,1,0,0,0,1
0;2;3;4;5;7;9;11,I;III;aVR;aVL;aVF;V2;V4;V6,6,0.9,1,0,0,0,1
0;2;3;4;5;7;10,I;III;aVR;aVL;aVF;V2;V5,5,0.5,1,1,1,0,3
0;2;3;4;5;7;10,I;III;aVR;aVL;aVF;V2;V5,5,0.6,1,1,1,0,3
0;2;3;4;5;7;10,I;III;aVR;aVL;aVF;V2;V5,5,0.7,1,0,1,0,2
0;2;3;4;5;7;10,I;III;aVR;aVL;aVF;V2;V5,5,0.8,1,0,0,0,1
0;2;3;4;5;7;10,I;III;aVR;aVL;aVF;V2;V5,5,0.9,1,0,0,0,1
0;2;3;4;5;7;10;11,I;III;aVR;aVL;aVF;V2;V5;V6,6,0.5,1,1,1,0,3
0;2;3;4;5;7;10;11,I;III;aVR;aVL;aVF;V2;V5;V6,6,0.6,1,0,1,0,2
0;2;3;4;5;7;10;11,I;III;aVR;aVL;aVF;V2;V5;V6,6,0.7,1,0,1,0,2
0;2;3;4;5;7;10;11,I;III;aVR;aVL;aVF;V2;V5;V6,6,0.8,1,0,0,0,1
0;2;3;4;5;7;10;11,I;III;aVR;aVL;aVF;V2;V5;V6,6,0.9,1,0,0,0,1
0;2;3;4;5;7;11,I;III;aVR;aVL;aVF;V2;V6,5,0.5,1,1,1,0,3
0;2;3;4;5;7;11,I;III;aVR;aVL;aVF;V2;V6,5,0.6,1,0,1,0,2
0;2;3;4;5;7;11,I;III;aVR;aVL;aVF;V2;V6,5,0.7,1,0,1,0,2
0;2;3;4;5;7;11,I;III;aVR;aVL;aVF;V2;V6,5,0.8,1,0,1,0,2
0;2;3;4;5;7;11,I;III;aVR;aVL;aVF;V2;V6,5,0.9,1,0,0,0,1
0;2;3;4;5;8,I;III;aVR;aVL;aVF;V3,4,0.5,1,1,1,0,3
0;2;3;4;5;8,I;III;aVR;aVL;aVF;V3,4,0.6,1,0,1,0,2
0;2;3;4;5;8,I;III;aVR;aVL;aVF;V3,4,0.7,1,0,1,0,2
0;2;3;4;5;8,I;III;aVR;aVL;aVF;V3,4,0.8,1,0,1,0,2
0;2;3;4;5;8,I;III;aVR;aVL;aVF;V3,4,0.9,1,0,0,0,1
0;2;3;4;5;8;9,I;III;aVR;aVL;aVF;V3;V4,5,0.5,1,1,1,0,3
0;2;3;4;5;8;9,I;III;aVR;aVL;aVF;V3;V4,5,0.6,1,1,1,0,3
0;2;3;4;5;8;9,I;III;aVR;aVL;aVF;V3;V4,5,0.7,1,0,1,0,2
0;2;3;4;5;8;9,I;III;aVR;aVL;aVF;V3;V4,5,0.8,1,0,1,0,2
0;2;3;4;5;8;9,I;III;aVR;aVL;aVF;V3;V4,5,0.9,1,0,0,0,1
0;2;3;4;5;8;9;10,I;III;aVR;aVL;aVF;V3;V4;V5,6,0.5,1,1,1,0,3
0;2;3;4;5;8;9;10,I;III;aVR;aVL;aVF;V3;V4;V5,6,0.6,1,0,1,0,2
0;2;3;4;5;8;9;10,I;III;aVR;aVL;aVF;V3;V4;V5,6,0.7,1,0,1,0,2
0;2;3;4;5;8;9;10,I;III;aVR;aVL;aVF;V3;V4;V5,6,0.8,1,0,0,0,1
0;2;3;4;5;8;9;10,I;III;aVR;aVL;aVF;V3;V4;V5,6,0.9,1,0,0,0,1
0;2;3;4;5;8;9;10;11,I;III;aVR;aVL;aVF;V3;V4;V5;V6,7,0.5,1,1,1,0,3
0;2;3;4;5;8;9;10;11,I;III;aVR;aVL;aVF;V3;V4;V5;V6,7,0.6,1,0,1,0,2
0;2;3;4;5;8;9;10;11,I;III;aVR;aVL;aVF;V3;V4;V5;V6,7,0.7,1,0,1,0,2
0;2;3;4;5;8;9;10;11,I;III;aVR;aVL;aVF;V3;V4;V5;V6,7,0.8,1,0,0,0,1
0;2;3;4;5;8;9;10;11,I;III;aVR;aVL;aVF;V3;V4;V5;V6,7,0.9,1,0,0,0,1
0;2;3;4;5;8;9;11,I;III;aVR;aVL;aVF;V3;V4;V6,6,0.5,1,1,1,0,3
0;2;3;4;5;8;9;11,I;III;aVR;aVL;aVF;V3;V4;V6,6,0.6,1,0,1,0,2
0;2;3;4;5;8;9;11,I;III;aVR;aVL;aVF;V3;V4;V6,6,0.7,1,0,1,0,2
0;2;3;4;5;8;9;11,I;III;aVR;aVL;aVF;V3;V4;V6,6,0.8,1,0,0,0,1
0;2;3;4;5;8;9;11,I;III;aVR;aVL;aVF;V3;V4;V6,6,0.9,1,0,0,0,1
0;2;3;4;5;8;10,I;III;aVR;aVL;aVF;V3;V5,5,0.5,1,1,1,0,3
0;2;3;4;5;8;10,I;III;aVR;aVL;aVF;V3;V5,5,0.6,1,0,1,0,2
0;2;3;4;5;8;10,I;III;aVR;aVL;aVF;V3;V5,5,0.7,1,0,1,0,2
0;2;3;4;5;8;10,I;III;aVR;aVL;aVF;V3;V5,5,0.8,1,0,0,0,1
0;2;3;4;5;8;10,I;III;aVR;aVL;aVF;V3;V5,5,0.9,1,0,0,0,1
0;2;3;4;5;8;10;11,I;III;aVR;aVL;aVF;V3;V5;V6,6,0.5,1,1,1,0,3
0;2;3;4;5;8;10;11,I;III;aVR;aVL;aVF;V3;V5;V6,6,0.6,1,0,1,0,2
0;2;3;4;5;8;10;11,I;III;aVR;aVL;aVF;V3;V5;V6,6,0.7,1,0,1,0,2
0;2;3;4;5;8;10;11,I;III;aVR;aVL;aVF;V3;V5;V6,6,0.8,1,0,0,0,1
0;2;3;4;5;8;10;11,I;III;aVR;aVL;aVF;V3;V5;V6,6,0.9,1,0,0,0,1
0;2;3;4;5;8;11,I;III;aVR;aVL;aVF;V3;V6,5,0.5,1,1,1,0,3
0;2;3;4;5;8;11,I;III;aVR;aVL;aVF;V3;V6,5,0.6,1,0,1,0,2
0;2;3;4;5;8;11,I;III;aVR;aVL;aVF;V3;V6,5,0.7,1,0,1,0,2
0;2;3;4;5;8;11,I;III;aVR;aVL;aVF;V3;V6,5,0.8,1,0,0,0,1
0;2;3;4;5;8;11,I;III;aVR;aVL;aVF;V3;V6,5,0.9,1,0,0,0,1
0;2;3;4;5;9,I;III;aVR;aVL;aVF;V4,4,0.5,1,1,1,0,3
0;2;3;4;5;9,I;III;aVR;aVL;aVF;V4,4,0.6,1,0,1,0,2
0;2;3;4;5;9,I;III;aVR;aVL;aVF;V4,4,0.7,1,0,1,0,2
0;2;3;4;5;9,I;III;aVR;aVL;aVF;V4,4,0.8,1,0,1,0,2
0;2;3;4;5;9,I;III;aVR;aVL;aVF;V4,4,0.9,1,0,0,0,1
0;2;3;4;5;9;10,I;III;aVR;aVL;aVF;V4;V5,5,0.5,1,1,1,0,3
0;2;3;4;5;9;10,I;III;aVR;aVL;aVF;V4;V5,5,0.6,1,1,1,0,3
0;2;3;4;5;9;10,I;III;aVR;aVL;aVF;V4;V5,5,0.7,1,0,1,0,2
0;2;3;4;5;9;10,I;III;aVR;aVL;aVF;V4;V5,5,0.8,1,0,0,0,1
0;2;3;4;5;9;10,I;III;aVR;aVL;aVF;V4;V5,5,0.9,1,0,0,0,1
0;2;3;4;5;9;10;11,I;III;aVR;aVL;aVF;V4;V5;V6,6,0.5,1,1,1,0,3
0;2;3;4;5;9;10;11,I;III;aVR;aVL;aVF;V4;V5;V6,6,0.6,1,0,1,0,2
0;2;3;4;5;9;10;11,I;III;aVR;aVL;aVF;V4;V5;V6,6,0.7,1,0,1,0,2
0;2;3;4;5;9;10;11,I;III;aVR;aVL;aVF;V4;V5;V6,6,0.8,1,0,0,0,1
0;2;3;4;5;9;10;11,I;III;aVR;aVL;aVF;V4;V5;V6,6,0.9,1,0,0,0,1
0;2;3;4;5;9;11,I;III;aVR;aVL;aVF;V4;V6,5,0.5,1,1,1,0,3
0;2;3;4;5;9;11,I;III;aVR;aVL;aVF;V4;V6,5,0.6,1,0,1,0,2
0;2;3;4;5;9;11,I;III;aVR;aVL;aVF;V4;V6,5,0.7,1,0,1,0,2
0;2;3;4;5;9;11,I;III;aVR;aVL;aVF;V4;V6,5,0.8,1,0,0,0,1
0;2;3;4;5;9;11,I;III;aVR;aVL;aVF;V4;V6,5,0.9,1,0,0,0,1
0;2;3;4;5;10,I;III;aVR;aVL;aVF;V5,4,0.5,1,1,1,0,3
0;2;3;4;5;10,I;III;aVR;aVL;aVF;V5,4,0.6,1,0,1,0,2
0;2;3;4;5;10,I;III;aVR;aVL;aVF;V5,4,0.7,1,0,1,0,2
0;2;3;4;5;10,I;III;aVR;aVL;aVF;V5,4,0.8,1,0,0,0,1
0;2;3;4;5;10,I;III;aVR;aVL;aVF;V5,4,0.9,1,0,0,0,1
0;2;3;4;5;10;11,I;III;aVR;aVL;aVF;V5;V6,5,0.5,1,1,1,0,3
0;2;3;4;5;10;11,I;III;aVR;aVL;aVF;V5;V6,5,0.6,1,1,1,0,3
0;2;3;4;5;10;11,I;III;aVR;aVL;aVF;V5;V6,5,0.7,1,0,1,0,2
0;2;3;4;5;10;11,I;III;aVR;aVL;aVF;V5;V6,5,0.8,1,0,0,0,1
0;2;3;4;5;10;11,I;III;aVR;aVL;aVF;V5;V6,5,0.9,1,0,0,0,1
0;2;3;4;5;11,I;III;aVR;aVL;aVF;V6,4,0.5,1,1,1,0,3
0;2;3;4;5;11,I;III;aVR;aVL;aVF;V6,4,0.6,1,1,1,0,3
0;2;3;4;5;11,I;III;aVR;aVL;aVF;V6,4,0.7,1,0,1,0,2
0;2;3;4;5;11,I;III;aVR;aVL;aVF;V6,4,0.8,1,0,1,0,2
0;2;3;4;5;11,I;III;aVR;aVL;aVF;V6,4,0.9,1,0,0,0,1
0;2;3;4;6,I;III;aVR;aVL;V1,4,0.5,1,1,1,0,3
0;2;3;4;6,I;III;aVR;aVL;V1,4,0.6,1,1,1,0,3
0;2;3;4;6,I;III;aVR;aVL;V1,4,0.7,1,0,1,0,2
0;2;3;4;6,I;III;aVR;aVL;V1,4,0.8,1,0,1,0,2
0;2;3;4;6,I;III;aVR;aVL;V1,4,0.9,1,0,0,0,1
0;2;3;4;6;7,I;III;aVR;aVL;V1;V2,5,0.5,1,1,1,0,3
0;2;3;4;6;7,I;III;aVR;aVL;V1;V2,5,0.6,1,1,1,0,3
0;2;3;4;6;7,I;III;aVR;aVL;V1;V2,5,0.7,1,0,1,0,2
0;2;3;4;6;7,I;III;aVR;aVL;V1;V2,5,0.8,1,0,1,0,2
0;2;3;4;6;7,I;III;aVR;aVL;V1;V2,5,0.9,1,0,0,0,1
0;2;3;4;6;7;8,I;III;aVR;aVL;V1;V2;V3,6,0.5,1,1,1,0,3
0;2;3;4;6;7;8,I;III;aVR;aVL;V1;V2;V3,6,0.6,1,0,1,0,2
0;2;3;4;6;7;8,I;III;aVR;aVL;V1;V2;V3,6,0.7,1,0,1,0,2
0;2;3;4;6;7;8,I;III;aVR;aVL;V1;V2;V3,6,0.8,1,0,1,0,2
0;2;3;4;6;7;8,I;III;aVR;aVL;V1;V2;V3,6,0.9,1,0,0,0,1
0;2;3;4;6;7;8;9,I;III;aVR;aVL;V1;V2;V3;V4,7,0.5,1,1,1,0,3
0;2;3;4;6;7;8;9,I;III;aVR;aVL;V1;V2;V3;V4,7,0.6,1,0,1,0,2
0;2;3;4;6;7;8;9,I;III;aVR;aVL;V1;V2;V3;V4,7,0.7,1,0,1,0,2
0;2;3;4;6;7;8;9,I;III;aVR;aVL;V1;V2;V3;V4,7,0.8,1,0,1,0,2
0;2;3;4;6;7;8;9,I;III;aVR;aVL;V1;V2;V3;V4,7,0.9,1,0,0,0,1
0;2;3;4;6;7;8;9;10,I;III;aVR;aVL;V1;V2;V3;V4;V5,8,0.5,1,1,1,0,3
0;2;3;4;6;7;8;9;10,I;III;aVR;aVL;V1;V2;V3;V4;V5,8,0.6,1,0,1,0,2
0;2;3;4;6;7;8;9;10,I;III;aVR;aVL;V1;V2;V3;V4;V5,8,0.7,1,0,1,0,2
0;2;3;4;6;7;8;9;10,I;III;aVR;aVL;V1;V2;V3;V4;V5,8,0.8,1,0,1,0,2
0;2;3;4;6;7;8;9;10,I;III;aVR;aVL;V1;V2;V3;V4;V5,8,0.9,1,0,0,0,1
0;2;3;4;6;7;8;9;10;11,I;III;aVR;aVL;V1;V2;V3;V4;V5;V6,9,0.5,1,1,1,0,3
0;2;3;4;6;7;8;9;10;11,I;III;aVR;aVL;V1;V2;V3;V4;V5;V6,9,0.6,1,0,1,0,2
0;2;3;4;6;7;8;9;10;11,I;III;aVR;aVL;V1;V2;V3;V4;V5;V6,9,0.7,1,0,1,0,2
0;2;3;4;6;7;8;9;10;11,I;III;aVR;aVL;V1;V2;V3;V4;V5;V6,9,0.8,1,0,1,0,2
0;2;3;4;6;7;8;9;10;11,I;III;aVR;aVL;V1;V2;V3;V4;V5;V6,9,0.9,1,0,0,0,1
0;2;3;4;6;7;8;9;11,I;III;aVR;aVL;V1;V2;V3;V4;V6,8,0.5,1,1,1,0,3
0;2;3;4;6;7;8;9;11,I;III;aVR;aVL;V1;V2;V3;V4;V6,8,0.6,1,0,1,0,2
0;2;3;4;6;7;8;9;11,I;III;aVR;aVL;V1;V2;V3;V4;V6,8,0.7,1,0,1,0,2
0;2;3;4;6;7;8;9;11,I;III;aVR;aVL;V1;V2;V3;V4;V6,8,0.8,1,0,1,0,2
0;2;3;4;6;7;8;9;11,I;III;aVR;aVL;V1;V2;V3;V4;V6,8,0.9,1,0,0,0,1
0;2;3;4;6;7;8;10,I;III;aVR;aVL;V1;V2;V3;V5,7,0.5,1,1,1,0,3
0;2;3;4;6;7;8;10,I;III;aVR;aVL;V1;V2;V3;V5,7,0.6,1,0,1,0,2
0;2;3;4;6;7;8;10,I;III;aVR;aVL;V1;V2;V3;V5,7,0.7,1,0,1,0,2
0;2;3;4;6;7;8;10,I;III;aVR;aVL;V1;V2;V3;V5,7,0.8,1,0,1,0,2
0;2;3;4;6;7;8;10,I;III;aVR;aVL;V1;V2;V3;V5,7,0.9,1,0,0,0,1
0;2;3;4;6;7;8;10;11,I;III;aVR;aVL;V1;V2;V3;V5;V6,8,0.5,1,1,1,0,3
0;2;3;4;6;7;8;10;11,I;III;aVR;aVL;V1;V2;V3;V5;V6,8,0.6,1,0,1,0,2
0;2;3;4;6;7;8;10;11,I;III;aVR;aVL;V1;V2;V3;V5;V6,8,0.7,1,0,1,0,2
0;2;3;4;6;7;8;10;11,I;III;aVR;aVL;V1;V2;V3;V5;V6,8,0.8,1,0,1,0,2
0;2;3;4;6;7;8;10;11,I;III;aVR;aVL;V1;V2;V3;V5;V6,8,0.9,1,0,0,0,1
0;2;3;4;6;7;8;11,I;III;aVR;aVL;V1;V2;V3;V6,7,0.5,1,1,1,0,3
0;2;3;4;6;7;8;11,I;III;aVR;aVL;V1;V2;V3;V6,7,0.6,1,0,1,0,2
0;2;3;4;6;7;8;11,I;III;aVR;aVL;V1;V2;V3;V6,7,0.7,1,0,1,0,2
0;2;3;4;6;7;8;11,I;III;aVR;aVL;V1;V2;V3;V6,7,0.8,1,0,1,0,2
0;2;3;4;6;7;8;11,I;III;aVR;aVL;V1;V2;V3;V6,7,0.9,1,0,0,0,1
0;2;3;4;6;7;9,I;III;aVR;aVL;V1;V2;V4,6,0.5,1,1,1,0,3
0;2;3;4;6;7;9,I;III;aVR;aVL;V1;V2;V4,6,0.6,1,0,1,0,2
0;2;3;4;6;7;9,I;III;aVR;aVL;V1;V2;V4,6,0.7,1,0,1,0,2
0;2;3;4;6;7;9,I;III;aVR;aVL;V1;V2;V4,6,0.8,1,0,1,0,2
0;2;3;4;6;7;9,I;III;aVR;aVL;V1;V2;V4,6,0.9,1,0,0,0,1
0;2;3;4;6;7;9;10,I;III;aVR;aVL;V1;V2;V4;V5,7,0.5,1,1,1,0,3
0;2;3;4;6;7;9;10,I;III;aVR;aVL;V1;V2;V4;V5,7,0.6,1,0,1,0,2
0;2;3;4;6;7;9;10,I;III;aVR;aVL;V1;V2;V4;V5,7,0.7,1,0,1,0,2
0;2;3;4;6;7;9;10,I;III;aVR;aVL;V1;V2;V4;V5,7,0.8,1,0,1,0,2
0;2;3;4;6;7;9;10,I;III;aVR;aVL;V1;V2;V4;V5,7,0.9,1,0,0,0,1
0;2;3;4;6;7;9;10;11,I;III;aVR;aVL;V1;V2;V4;V5;V6,8,0.5,1,1,1,0,3
0;2;3;4;6;7;9;10;11,I;III;aVR;aVL;V1;V2;V4;V5;V6,8,0.6,1,0,1,0,2
0;2;3;4;6;7;9;10;11,I;III;aVR;aVL;V1;V2;V4;V5;V6,8,0.7,1,0,1,0,2
0;2;3;4;6;7;9;10;11,I;III;aVR;aVL;V1;V2;V4;V5;V6,8,0.8,1,0,1,0,2
0;2;3;4;6;7;9;10;11,I;III;aVR;aVL;V1;V2;V4;V5;V6,8,0.9,1,0,0,0,1
0;2;3;4;6;7;9;11,I;III;aVR;aVL;V1;V2;V4;V6,7,0.5,1,1,1,0,3
0;2;3;4;6;7;9;11,I;III;aVR;aVL;V1;V2;V4;V6,7,0.6,1,0,1,0,2
0;2;3;4;6;7;9;11,I;III;aVR;aVL;V1;V2;V4;V6,7,0.7,1,0,1,0,2
0;2;3;4;6;7;9;11,I;III;aVR;aVL;V1;V2;V4;V6,7,0.8,1,0,1,0,2
0;2;3;4;6;7;9;11,I;III;aVR;aVL;V1;V2;V4;V6,7,0.9,1,0,0,0,1
0;2;3;4;6;7;10,I;III;aVR;aVL;V1;V2;V5,6,0.5,1,1,1,0,3
0;2;3;4;6;7;10,I;III;aVR;aVL;V1;V2;V5,6,0.6,1,0,1,0,2
0;2;3;4;6;7;10,I;III;aVR;aVL;V1;V2;V5,6,0.7,1,0,1,0,2
0;2;3;4;6;7;10,I;III;aVR;aVL;V1;V2;V5,6,0.8,1,0,1,0,2
0;2;3;4;6;7;10,I;III;aVR;aVL;V1;V2;V5,6,0.9,1,0,0,0,1
0;2;3;4;6;7;10;11,I;III;aVR;aVL;V1;V2;V5;V6,7,0.5,1,1,1,0,3
0;2;3;4;6;7;10;11,I;III;aVR;aVL;V1;V2;V5;V6,7,0.6,1,1,1,0,3
0;2;3;4;6;7;10;11,I;III;aVR;aVL;V1;V2;V5;V6,7,0.7,1,0,1,0,2
0;2;3;4;6;7;10;11,I;III;aVR;aVL;V1;V2;V5;V6,7,0.8,1,0,1,0,2
0;2;3;4;6;7;10;11,I;III;aVR;aVL;V1;V2;V5;V6,7,0.9,1,0,0,0,1
0;2;3;4;6;7;11,I;III;aVR;aVL;V1;V2;V6,6,0.5,1,1,1,0,3
0;2;3;4;6;7;11,I;III;aVR;aVL;V1;V2;V6,6,0.6,1,1,1,0,3
0;2;3;4;6;7;11,I;III;aVR;aVL;V1;V2;V6,6,0.7,1,0,1,0,2
0;2;3;4;6;7;11,I;III;aVR;aVL;V1;V2;V6,6,0.8,1,0,1,0,2
0;2;3;4;6;7;11,I;III;aVR;aVL;V1;V2;V6,6,0.9,1,0,0,0,1
0;2;3;4;6;8,I;III;aVR;aVL;V1;V3,5,0.5,1,1,1,0,3
0;2;3;4;6;8,I;III;aVR;aVL;V1;V3,5,0.6,1,0,1,0,2
0;2;3;4;6;8,I;III;aVR;aVL;V1;V3,5,0.7,1,0,1,0,2
0;2;3;4;6;8,I;III;aVR;aVL;V1;V3,5,0.8,1,0,0,0,1
0;2;3;4;6;8,I;III;aVR;aVL;V1;V3,5,0.9,1,0,0,0,1
0;2;3;4;6;8;9,I;III;aVR;aVL;V1;V3;V4,6,0.5,1,1,1,0,3
0;2;3;4;6;8;9,I;III;aVR;aVL;V1;V3;V4,6,0.6,1,0,1,0,2
0;2;3;4;6;8;9,I;III;aVR;aVL;V1;V3;V4,6,0.7,1,0,1,0,2
0;2;3;4;6;8;9,I;III;aVR;aVL;V1;V3;V4,6,0.8,1,0,1,0,2
0;2;3;4;6;8;9,I;III;aVR;aVL;V1;V3;V4,6,0.9,1,0,0,0,1
0;2;3;4;6;8;9;10,I;III;aVR;aVL;V1;V3;V4;V5,7,0.5,1,1,1,0,3
0;2;3;4;6;8;9;10,I;III;aVR;aVL;V1;V3;V4;V5,7,0.6,1,0,1,0,2
0;2;3;4;6;8;9;10,I;III;aVR;aVL;V1;V3;V4;V5,7,0.7,1,0,1,0,2
0;2;3;4;6;8;9;10,I;III;aVR;aVL;V1;V3;V4;V5,7,0.8,1,0,1,0,2
0;2;3;4;6;8;9;10,I;III;aVR;aVL;V1;V3;V4;V5,7,0.9,1,0,0,0,1
0;2;3;4;6;8;9;10;11,I;III;aVR;aVL;V1;V3;V4;V5;V6,8,0.5,1,1,1,0,3
0;2;3;4;6;8;9;10;11,I;III;aVR;aVL;V1;V3;V4;V5;V6,8,0.6,1,0,1,0,2
0;2;3;4;6;8;9;10;11,I;III;aVR;aVL;V1;V3;V4;V5;V6,8,0.7,1,0,1,0,2
0;2;3;4;6;8;9;10;11,I;III;aVR;aVL;V1;V3;V4;V5;V6,8,0.8,1,0,1,0,2
0;2;3;4;6;8;9;10;11,I;III;aVR;aVL;V1;V3;V4;V5;V6,8,0.9,1,0,0,0,1
0;2;3;4;6;8;9;11,I;III;aVR;aVL;V1;V3;V4;V6,7,0.5,1,1,1,0,3
0;2;3;4;6;8;9;11,I;III;aVR;aVL;V1;V3;V4;V6,7,0.6,1,0,1,0,2
0;2;3;4;6;8;9;11,I;III;aVR;aVL;V1;V3;V4;V6,7,0.7,1,0,1,0,2
0;2;3;4;6;8;9;11,I;III;aVR;aVL;V1;V3;V4;V6,7,0.8,1,0,1,0,2
0;2;3;4;6;8;9;11,I;III;aVR;aVL;V1;V3;V4;V6,7,0.9,1,0,0,0,1
0;2;3;4;6;8;10,I;III;aVR;aVL;V1;V3;V5,6,0.5,1,1,1,0,3
0;2;3;4;6;8;10,I;III;aVR;aVL;V1;V3;V5,6,0.6,1,0,1,0,2
0;2;3;4;6;8;10,I;III;aVR;aVL;V1;V3;V5,6,0.7,1,0,1,0,2
0;2;3;4;6;8;10,I;III;aVR;aVL;V1;V3;V5,6,0.8,1,0,1,0,2
0;2;3;4;6;8;10,I;III;aVR;aVL;V1;V3;V5,6,0.9,1,0,0,0,1
0;2;3;4;6;8;10;11,I;III;aVR;aVL;V1;V3;V5;V6,7,0.5,1,1,1,0,3
0;2;3;4;6;8;10;11,I;III;aVR;aVL;V1;V3;V5;V6,7,0.6,1,0,1,0,2
0;2;3;4;6;8;10;11,I;III;aVR;aVL;V1;V3;V5;V6,7,0.7,1,0,1,0,2
0;2;3;4;6;8;10;11,I;III;aVR;aVL;V1;V3;V5;V6,7,0.8,1,0,1,0,2
0;2;3;4;6;8;10;11,I;III;aVR;aVL;V1;V3;V5;V6,7,0.9,1,0,0,0,1
0;2;3;4;6;8;11,I;III;aVR;aVL;V1;V3;V6,6,0.5,1,1,1,0,3
0;2;3;4;6;8;11,I;III;aVR;aVL;V1;V3;V6,6,0.6,1,0,1,0,2
0;2;3;4;6;8;11,I;III;aVR;aVL;V1;V3;V6,6,0.7,1,0,1,0,2
0;2;3;4;6;8;11,I;III;aVR;aVL;V1;V3;V6,6,0.8,1,0,1,0,2
0;2;3;4;6;8;11,I;III;aVR;aVL;V1;V3;V6,6,0.9,1,0,0,0,1
0;2;3;4;6;9,I;III;aVR;aVL;V1;V4,5,0.5,1,1,1,0,3
0;2;3;4;6;9,I;III;aVR;aVL;V1;V4,5,0.6,1,0,1,0,2
0;2;3;4;6;9,I;III;aVR;aVL;V1;V4,5,0.7,1,0,1,0,2
0;2;3;4;6;9,I;III;aVR;aVL;V1;V4,5,0.8,1,0,1,0,2
0;2;3;4;6;9,I;III;aVR;aVL;V1;V4,5,0.9,1,0,0,0,1
0;2;3;4;6;9;10,I;III;aVR;aVL;V1;V4;V5,6,0.5,1,1,1,0,3
0;2;3;4;6;9;10,I;III;aVR;aVL;V1;V4;V5,6,0.6,1,0,1,0,2
0;2;3;4;6;9;10,I;III;aVR;aVL;V1;V4;V5,6,0.7,1,0,1,0,2
0;2;3;4;6;9;10,I;III;aVR;aVL;V1;V4;V5,6,0.8,1,0,1,0,2
0;2;3;4;6;9;10,I;III;aVR;aVL;V1;V4;V5,6,0.9,1,0,0,0,1
0;2;3;4;6;9;10;11,I;III;aVR;aVL;V1;V4;V5;V6,7,0.5,1,1,1,0,3
0;2;3;4;6;9;10;11,I;III;aVR;aVL;V1;V4;V5;V6,7,0.6,1,0,1,0,2
0;2;3;4;6;9;10;11,I;III;aVR;aVL;V1;V4;V5;V6,7,0.7,1,0,1,0,2
0;2;3;4;6;9;10;11,I;III;aVR;aVL;V1;V4;V5;V6,7,0.8,1,0,1,0,2
0;2;3;4;6;9;10;11,I;III;aVR;aVL;V1;V4;V5;V6,7,0.9,1,0,0,0,1
0;2;3;4;6;9;11,I;III;aVR;aVL;V1;V4;V6,6,0.5,1,1,1,0,3
0;2;3;4;6;9;11,I;III;aVR;aVL;V1;V4;V6,6,0.6,1,0,1,0,2
0;2;3;4;6;9;11,I;III;aVR;aVL;V1;V4;V6,6,0.7,1,0,1,0,2
0;2;3;4;6;9;11,I;III;aVR;aVL;V1;V4;V6,6,0.8,1,0,1,0,2
0;2;3;4;6;9;11,I;III;aVR;aVL;V1;V4;V6,6,0.9,1,0,0,0,1
0;2;3;4;6;10,I;III;aVR;aVL;V1;V5,5,0.5,1,1,1,0,3
0;2;3;4;6;10,I;III;aVR;aVL;V1;V5,5,0.6,1,0,1,0,2
0;2;3;4;6;10,I;III;aVR;aVL;V1;V5,5,0.7,1,0,1,0,2
0;2;3;4;6;10,I;III;aVR;aVL;V1;V5,5,0.8,1,0,1,0,2
0;2;3;4;6;10,I;III;aVR;aVL;V1;V5,5,0.9,1,0,0,0,1
0;2;3;4;6;10;11,I;III;aVR;aVL;V1;V5;V6,6,0.5,1,1,1,0,3
0;2;3;4;6;10;11,I;III;aVR;aVL;V1;V5;V6,6,0.6,1,1,1,0,3
0;2;3;4;6;10;11,I;III;aVR;aVL;V1;V5;V6,6,0.7,1,0,1,0,2
0;2;3;4;6;10;11,I;III;aVR;aVL;V1;V5;V6,6,0.8,1,0,1,0,2
0;2;3;4;6;10;11,I;III;aVR;aVL;V1;V5;V6,6,0.9,1,0,0,0,1
0;2;3;4;6;11,I;III;aVR;aVL;V1;V6,5,0.5,1,1,1,0,3
0;2;3;4;6;11,I;III;aVR;aVL;V1;V6,5,0.6,1,1,1,0,3
0;2;3;4;6;11,I;III;aVR;aVL;V1;V6,5,0.7,1,0,1,0,2
0;2;3;4;6;11,I;III;aVR;aVL;V1;V6,5,0.8,1,0,1,0,2
0;2;3;4;6;11,I;III;aVR;aVL;V1;V6,5,0.9,1,0,0,0,1
0;2;3;4;7,I;III;aVR;aVL;V2,4,0.5,1,1,1,0,3
0;2;3;4;7,I;III;aVR;aVL;V2,4,0.6,1,0,1,0,2
0;2;3;4;7,I;III;aVR;aVL;V2,4,0.7,1,0,1,0,2
0;2;3;4;7,I;III;aVR;aVL;V2,4,0.8,1,0,1,0,2
0;2;3;4;7,I;III;aVR;aVL;V2,4,0.9,1,0,0,0,1
0;2;3;4;7;8,I;III;aVR;aVL;V2;V3,5,0.5,1,1,1,0,3
0;2;3;4;7;8,I;III;aVR;aVL;V2;V3,5,0.6,1,1,1,0,3
0;2;3;4;7;8,I;III;aVR;aVL;V2;V3,5,0.7,1,0,1,0,2
0;2;3;4;7;8,I;III;aVR;aVL;V2;V3,5,0.8,1,0,0,0,1
0;2;3;4;7;8,I;III;aVR;aVL;V2;V3,5,0.9,1,0,0,0,1
0;2;3;4;7;8;9,I;III;aVR;aVL;V2;V3;V4,6,0.5,1,1,1,0,3
0;2;3;4;7;8;9,I;III;aVR;aVL;V2;V3;V4,6,0.6,1,0,1,0,2
0;2;3;4;7;8;9,I;III;aVR;aVL;V2;V3;V4,6,0.7,1,0,1,0,2
0;2;3;4;7;8;9,I;III;aVR;aVL;V2;V3;V4,6,0.8,1,0,1,0,2
0;2;3;4;7;8;9,I;III;aVR;aVL;V2;V3;V4,6,0.9,1,0,0,0,1
0;2;3;4;7;8;9;10,I;III;aVR;aVL;V2;V3;V4;V5,7,0.5,1,1,1,0,3
0;2;3;4;7;8;9;10,I;III;aVR;aVL;V2;V3;V4;V5,7,0.6,1,0,1,0,2
0;2;3;4;7;8;9;10,I;III;aVR;aVL;V2;V3;V4;V5,7,0.7,1,0,1,0,2
0;2;3;4;7;8;9;10,I;III;aVR;aVL;V2;V3;V4;V5,7,0.8,1,0,1,0,2
0;2;3;4;7;8;9;10,I;III;aVR;aVL;V2;V3;V4;V5,7,0.9,1,0,0,0,1
0;2;3;4;7;8;9;10;11,I;III;aVR;aVL;V2;V3;V4;V5;V6,8,0.5,1,1,1,0,3
0;2;3;4;7;8;9;10;11,I;III;aVR;aVL;V2;V3;V4;V5;V6,8,0.6,1,0,1,0,2
0;2;3;4;7;8;9;10;11,I;III;aVR;aVL;V2;V3;V4;V5;V6,8,0.7,1,0,1,0,2
0;2;3;4;7;8;9;10;11,I;III;aVR;aVL;V2;V3;V4;V5;V6,8,0.8,1,0,0,0,1
0;2;3;4;7;8;9;10;11,I;III;aVR;aVL;V2;V3;V4;V5;V6,8,0.9,1,0,0,0,1
0;2;3;4;7;8;9;11,I;III;aVR;aVL;V2;V3;V4;V6,7,0.5,1,1,1,0,3
0;2;3;4;7;8;9;11,I;III;aVR;aVL;V2;V3;V4;V6,7,0.6,1,0,1,0,2
0;2;3;4;7;8;9;11,I;III;aVR;aVL;V2;V3;V4;V6,7,0.7,1,0,1,0,2
0;2;3;4;7;8;9;11,I;III;aVR;aVL;V2;V3;V4;V6,7,0.8,1,0,0,0,1
0;2;3;4;7;8;9;11,I;III;aVR;aVL;V2;V3;V4;V6,7,0.9,1,0,0,0,1
0;2;3;4;7;8;10,I;III;aVR;aVL;V2;V3;V5,6,0.5,1,1,1,0,3
0;2;3;4;7;8;10,I;III;aVR;aVL;V2;V3;V5,6,0.6,1,0,1,0,2
0;2;3;4;7;8;10,I;III;aVR;aVL;V2;V3;V5,6,0.7,1,0,1,0,2
0;2;3;4;7;8;10,I;III;aVR;aVL;V2;V3;V5,6,0.8,1,0,0,0,1
0;2;3;4;7;8;10,I;III;aVR;aVL;V2;V3;V5,6,0.9,1,0,0,0,1
0;2;3;4;7;8;10;11,I;III;aVR;aVL;V2;V3;V5;V6,7,0.5,1,1,1,0,3
0;2;3;4;7;8;10;11,I;III;aVR;aVL;V2;V3;V5;V6,7,0.6,1,0,1,0,2
0;2;3;4;7;8;10;11,I;III;aVR;aVL;V2;V3;V5;V6,7,0.7,1,0,1,0,2
0;2;3;4;7;8;10;11,I;III;aVR;aVL;V2;V3;V5;V6,7,0.8,1,0,1,0,2
0;2;3;4;7;8;10;11,I;III;aVR;aVL;V2;V3;V5;V6,7,0.9,1,0,0,0,1
0;2;3;4;7;8;11,I;III;aVR;aVL;V2;V3;V6,6,0.5,1,1,1,0,3
0;2;3;4;7;8;11,I;III;aVR;aVL;V2;V3;V6,6,0.6,1,0,1,0,2
0;2;3;4;7;8;11,I;III;aVR;aVL;V2;V3;V6,6,0.7,1,0,1,0,2
0;2;3;4;7;8;11,I;III;aVR;aVL;V2;V3;V6,6,0.8,1,0,0,0,1
0;2;3;4;7;8;11,I;III;aVR;aVL;V2;V3;V6,6,0.9,1,0,0,0,1
0;2;3;4;7;9,I;III;aVR;aVL;V2;V4,5,0.5,1,1,1,0,3
0;2;3;4;7;9,I;III;aVR;aVL;V2;V4,5,0.6,1,1,1,0,3
0;2;3;4;7;9,I;III;aVR;aVL;V2;V4,5,0.7,1,0,1,0,2
0;2;3;4;7;9,I;III;aVR;aVL;V2;V4,5,0.8,1,0,1,0,2
0;2;3;4;7;9,I;III;aVR;aVL;V2;V4,5,0.9,1,0,0,0,1
0;2;3;4;7;9;10,I;III;aVR;aVL;V2;V4;V5,6,0.5,1,1,1,0,3
0;2;3;4;7;9;10,I;III;aVR;aVL;V2;V4;V5,6,0.6,1,0,1,0,2
0;2;3;4;7;9;10,I;III;aVR;aVL;V2;V4;V5,6,0.7,1,0,1,0,2
0;2;3;4;7;9;10,I;III;aVR;aVL;V2;V4;V5,6,0.8,1,0,1,0,2
0;2;3;4;7;9;10,I;III;aVR;aVL;V2;V4;V5,6,0.9,1,0,0,0,1
0;2;3;4;7;9;10;11,I;III;aVR;aVL;V2;V4;V5;V6,7,0.5,1,1,1,0,3
0;2;3;4;7;9;10;11,I;III;aVR;aVL;V2;V4;V5;V6,7,0.6,1,0,1,0,2
0;2;3;4;7;9;10;11,I;III;aVR;aVL;V2;V4;V5;V6,7,0.7,1,0,1,0,2
0;2;3;4;7;9;10;11,I;III;aVR;aVL;V2;V4;V5;V6,7,0.8,1,0,1,0,2
0;2;3;4;7;9;10;11,I;III;aVR;aVL;V2;V4;V5;V6,7,0.9,1,0,0,0,1
0;2;3;4;7;9;11,I;III;aVR;aVL;V2;V4;V6,6,0.5,1,1,1,0,3
0;2;3;4;7;9;11,I;III;aVR;aVL;V2;V4;V6,6,0.6,1,0,1,0,2
0;2;3;4;7;9;11,I;III;aVR;aVL;V2;V4;V6,6,0.7,1,0,1,0,2
0;2;3;4;7;9;11,I;III;aVR;aVL;V2;V4;V6,6,0.8,1,0,1,0,2
0;2;3;4;7;9;11,I;III;aVR;aVL;V2;V4;V6,6,0.9,1,0,0,0,1
0;2;3;4;7;10,I;III;aVR;aVL;V2;V5,5,0.5,1,1,1,0,3
0;2;3;4;7;10,I;III;aVR;aVL;V2;V5,5,0.6,1,0,1,0,2
0;2;3;4;7;10,I;III;aVR;aVL;V2;V5,5,0.7,1,0,1,0,2
0;2;3;4;7;10,I;III;aVR;aVL;V2;V5,5,0.8,1,0,0,0,1
0;2;3;4;7;10,I;III;aVR;aVL;V2;V5,5,0.9,1,0,0,0,1
0;2;3;4;7;10;11,I;III;aVR;aVL;V2;V5;V6,6,0.5,1,1,1,0,3
0;2;3;4;7;10;11,I;III;aVR;aVL;V2;V5;V6,6,0.6,1,1,1,0,3
0;2;3;4;7;10;11,I;III;aVR;aVL;V2;V5;V6,6,0.7,1,0,1,0,2
0;2;3;4;7;10;11,I;III;aVR;aVL;V2;V5;V6,6,0.8,1,0,0,0,1
0;2;3;4;7;10;11,I;III;aVR;aVL;V2;V5;V6,6,0.9,1,0,0,0,1
0;2;3;4;7;11,I;III;aVR;aVL;V2;V6,5,0.5,1,1,1,0,3
0;2;3;4;7;11,I;III;aVR;aVL;V2;V6,5,0.6,1,1,1,0,3
0;2;3;4;7;11,I;III;aVR;aVL;V2;V6,5,0.7,1,0,1,0,2
0;2;3;4;7;11,I;III;aVR;aVL;V2;V6,5,0.8,1,0,1,0,2
0;2;3;4;7;11,I;III;aVR;aVL;V2;V6,5,0.9,1,0,0,0,1
0;2;3;4;8,I;III;aVR;aVL;V3,4,0.5,1,1,1,0,3
0;2;3;4;8,I;III;aVR;aVL;V3,4,0.6,1,0,1,0,2
0;2;3;4;8,I;III;aVR;aVL;V3,4,0.7,1,0,1,0,2
0;2;3;4;8,I;III;aVR;aVL;V3,4,0.8,1,0,0,0,1
0;2;3;4;8,I;III;aVR;aVL;V3,4,0.9,1,0,0,0,1
0;2;3;4;8;9,I;III;aVR;aVL;V3;V4,5,0.5,1,1,1,0,3
0;2;3;4;8;9,I;III;aVR;aVL;V3;V4,5,0.6,1,1,1,0,3
0;2;3;4;8;9,I;III;aVR;aVL;V3;V4,5,0.7,1,0,1,0,2
0;2;3;4;8;9,I;III;aVR;aVL;V3;V4,5,0.8,1,0,1,0,2
0;2;3;4;8;9,I;III;aVR;aVL;V3;V4,5,0.9,1,0,0,0,1
0;2;3;4;8;9;10,I;III;aVR;aVL;V3;V4;V5,6,0.5,1,1,1,0,3
0;2;3;4;8;9;10,I;III;aVR;aVL;V3;V4;V5,6,0.6,1,0,1,0,2
0;2;3;4;8;9;10,I;III;aVR;aVL;V3;V4;V5,6,0.7,1,0,1,0,2
0;2;3;4;8;9;10,I;III;aVR;aVL;V3;V4;V5,6,0.8,1,0,0,0,1
0;2;3;4;8;9;10,I;III;aVR;aVL;V3;V4;V5,6,0.9,1,0,0,0,1
0;2;3;4;8;9;10;11,I;III;aVR;aVL;V3;V4;V5;V6,7,0.5,1,1,1,0,3
0;2;3;4;8;9;10;11,I;III;aVR;aVL;V3;V4;V5;V6,7,0.6,1,0,1,0,2
0;2;3;4;8;9;10;11,I;III;aVR;aVL;V3;V4;V5;V6,7,0.7,1,0,1,0,2
0;2;3;4;8;9;10;11,I;III;aVR;aVL;V3;V4;V5;V6,7,0.8,1,0,0,0,1
0;2;3;4;8;9;10;11,I;III;aVR;aVL;V3;V4;V5;V6,7,0.9,1,0,0,0,1
0;2;3;4;8;9;11,I;III;aVR;aVL;V3;V4;V6,6,0.5,1,1,1,0,3
0;2;3;4;8;9;11,I;III;aVR;aVL;V3;V4;V6,6,0.6,1,0,1,0,2
0;2;3;4;8;9;11,I;III;aVR;aVL;V3;V4;V6,6,0.7,1,0,1,0,2
0;2;3;4;8;9;11,I;III;aVR;aVL;V3;V4;V6,6,0.8,1,0,0,0,1
0;2;3;4;8;9;11,I;III;aVR;aVL;V3;V4;V6,6,0.9,1,0,0,0,1
0;2;3;4;8;10,I;III;aVR;aVL;V3;V5,5,0.5,1,1,1,0,3
0;2;3;4;8;10,I;III;aVR;aVL;V3;V5,5,0.6,1,0,1,0,2
0;2;3;4;8;10,I;III;aVR;aVL;V3;V5,5,0.7,1,0,1,0,2
0;2;3;4;8;10,I;III;aVR;aVL;V3;V5,5,0.8,1,0,0,0,1
0;2;3;4;8;10,I;III;aVR;aVL;V3;V5,5,0.9,1,0,0,0,1
0;2;3;4;8;10;11,I;III;aVR;aVL;V3;V5;V6,6,0.5,1,1,1,0,3
0;2;3;4;8;10;11,I;III;aVR;aVL;V3;V5;V6,6,0.6,1,0,1,0,2
0;2;3;4;8;10;11,I;III;aVR;aVL;V3;V5;V6,6,0.7,1,0,1,0,2
0;2;3;4;8;10;11,I;III;aVR;aVL;V3;V5;V6,6,0.8,1,0,0,0,1
0;2;3;4;8;10;11,I;III;aVR;aVL;V3;V5;V6,6,0.9,1,0,0,0,1
0;2;3;4;8;11,I;III;aVR;aVL;V3;V6,5,0.5,1,1,1,0,3
0;2;3;4;8;11,I;III;aVR;aVL;V3;V6,5,0.6,1,0,1,0,2
0;2;3;4;8;11,I;III;aVR;aVL;V3;V6,5,0.7,1,0,1,0,2
0;2;3;4;8;11,I;III;aVR;aVL;V3;V6,5,0.8,1,0,0,0,1
0;2;3;4;8;11,I;III;aVR;aVL;V3;V6,5,0.9,1,0,0,0,1
0;2;3;4;9,I;III;aVR;aVL;V4,4,0.5,1,1,1,0,3
0;2;3;4;9,I;III;aVR;aVL;V4,4,0.6,1,0,1,0,2
0;2;3;4;9,I;III;aVR;aVL;V4,4,0.7,1,0,1,0,2
0;2;3;4;9,I;III;aVR;aVL;V4,4,0.8,1,0,1,0,2
0;2;3;4;9,I;III;aVR;aVL;V4,4,0.9,1,0,0,0,1
0;2;3;4;9;10,I;III;aVR;aVL;V4;V5,5,0.5,1,1,1,0,3
0;2;3;4;9;10,I;III;aVR;aVL;V4;V5,5,0.6,1,0,1,0,2
0;2;3;4;9;10,I;III;aVR;aVL;V4;V5,5,0.7,1,0,1,0,2
0;2;3;4;9;10,I;III;aVR;aVL;V4;V5,5,0.8,1,0,0,0,1
0;2;3;4;9;10,I;III;aVR;aVL;V4;V5,5,0.9,1,0,0,0,1
0;2;3;4;9;10;11,I;III;aVR;aVL;V4;V5;V6,6,0.5,1,1,1,0,3
0;2;3;4;9;10;11,I;III;aVR;aVL;V4;V5;V6,6,0.6,1,0,1,0,2
0;2;3;4;9;10;11,I;III;aVR;aVL;V4;V5;V6,6,0.7,1,0,1,0,2
0;2;3;4;9;10;11,I;III;aVR;aVL;V4;V5;V6,6,0.8,1,0,0,0,1
0;2;3;4;9;10;11,I;III;aVR;aVL;V4;V5;V6,6,0.9,1,0,0,0,1
0;2;3;4;9;11,I;III;aVR;aVL;V4;V6,5,0.5,1,1,1,0,3
0;2;3;4;9;11,I;III;aVR;aVL;V4;V6,5,0.6,1,0,1,0,2
0;2;3;4;9;11,I;III;aVR;aVL;V4;V6,5,0.7,1,0,1,0,2
0;2;3;4;9;11,I;III;aVR;aVL;V4;V6,5,0.8,1,0,0,0,1
0;2;3;4;9;11,I;III;aVR;aVL;V4;V6,5,0.9,1,0,0,0,1
0;2;3;4;10,I;III;aVR;aVL;V5,4,0.5,1,1,1,0,3
0;2;3;4;10,I;III;aVR;aVL;V5,4,0.6,1,0,1,0,2
0;2;3;4;10,I;III;aVR;aVL;V5,4,0.7,1,0,1,0,2
0;2;3;4;10,I;III;aVR;aVL;V5,4,0.8,1,0,0,0,1
0;2;3;4;10,I;III;aVR;aVL;V5,4,0.9,1,0,0,0,1
0;2;3;4;10;11,I;III;aVR;aVL;V5;V6,5,0.5,1,1,1,0,3
0;2;3;4;10;11,I;III;aVR;aVL;V5;V6,5,0.6,1,0,1,0,2
0;2;3;4;10;11,I;III;aVR;aVL;V5;V6,5,0.7,1,0,1,0,2
0;2;3;4;10;11,I;III;aVR;aVL;V5;V6,5,0.8,1,0,0,0,1
0;2;3;4;10;11,I;III;aVR;aVL;V5;V6,5,0.9,1,0,0,0,1
0;2;3;4;11,I;III;aVR;aVL;V6,4,0.5,1,1,1,0,3
0;2;3;4;11,I;III;aVR;aVL;V6,4,0.6,1,0,1,0,2
0;2;3;4;11,I;III;aVR;aVL;V6,4,0.7,1,0,1,0,2
0;2;3;4;11,I;III;aVR;aVL;V6,4,0.8,1,0,0,0,1
0;2;3;4;11,I;III;aVR;aVL;V6,4,0.9,1,0,0,0,1
0;2;3;5,I;III;aVR;aVF,3,0.5,1,1,1,0,3
0;2;3;5,I;III;aVR;aVF,3,0.6,1,1,1,0,3
0;2;3;5,I;III;aVR;aVF,3,0.7,1,0,1,0,2
0;2;3;5,I;III;aVR;aVF,3,0.8,1,0,1,0,2
0;2;3;5,I;III;aVR;aVF,3,0.9,1,0,0,0,1
0;2;3;5;6,I;III;aVR;aVF;V1,4,0.5,1,1,1,0,3
0;2;3;5;6,I;III;aVR;aVF;V1,4,0.6,1,0,1,0,2
0;2;3;5;6,I;III;aVR;aVF;V1,4,0.7,1,0,1,0,2
0;2;3;5;6,I;III;aVR;aVF;V1,4,0.8,1,0,1,0,2
0;2;3;5;6,I;III;aVR;aVF;V1,4,0.9,1,0,0,0,1
0;2;3;5;6;7,I;III;aVR;aVF;V1;V2,5,0.5,1,1,1,0,3
0;2;3;5;6;7,I;III;aVR;aVF;V1;V2,5,0.6,1,1,1,0,3
0;2;3;5;6;7,I;III;aVR;aVF;V1;V2,5,0.7,1,0,1,0,2
0;2;3;5;6;7,I;III;aVR;aVF;V1;V2,5,0.8,1,0,1,0,2
0;2;3;5;6;7,I;III;aVR;aVF;V1;V2,5,0.9,1,0,0,0,1
0;2;3;5;6;7;8,I;III;aVR;aVF;V1;V2;V3,6,0.5,1,1,1,0,3
0;2;3;5;6;7;8,I;III;aVR;aVF;V1;V2;V3,6,0.6,1,1,1,0,3
0;2;3;5;6;7;8,I;III;aVR;aVF;V1;V2;V3,6,0.7,1,0,1,0,2
0;2;3;5;6;7;8,I;III;aVR;aVF;V1;V2;V3,6,0.8,1,0,1,0,2
0;2;3;5;6;7;8,I;III;aVR;aVF;V1;V2;V3,6,0.9,1,0,0,0,1
0;2;3;5;6;7;8;9,I;III;aVR;aVF;V1;V2;V3;V4,7,0.5,1,1,1,0,3
0;2;3;5;6;7;8;9,I;III;aVR;aVF;V1;V2;V3;V4,7,0.6,1,1,1,0,3
0;2;3;5;6;7;8;9,I;III;aVR;aVF;V1;V2;V3;V4,7,0.7,1,0,1,0,2
0;2;3;5;6;7;8;9,I;III;aVR;aVF;V1;V2;V3;V4,7,0.8,1,0,1,0,2
0;2;3;5;6;7;8;9,I;III;aVR;aVF;V1;V2;V3;V4,7,0.9,1,0,0,0,1
0;2;3;5;6;7;8;9;10,I;III;aVR;aVF;V1;V2;V3;V4;V5,8,0.5,1,1,1,0,3
0;2;3;5;6;7;8;9;10,I;III;aVR;aVF;V1;V2;V3;V4;V5,8,0.6,1,0,1,0,2
0;2;3;5;6;7;8;9;10,I;III;aVR;aVF;V1;V2;V3;V4;V5,8,0.7,1,0,1,0,2
0;2;3;5;6;7;8;9;10,I;III;aVR;aVF;V1;V2;V3;V4;V5,8,0.8,1,0,1,0,2
0;2;3;5;6;7;8;9;10,I;III;aVR;aVF;V1;V2;V3;V4;V5,8,0.9,1,0,0,0,1
0;2;3;5;6;7;8;9;10;11,I;III;aVR;aVF;V1;V2;V3;V4;V5;V6,9,0.5,1,1,1,0,3
0;2;3;5;6;7;8;9;10;11,I;III;aVR;aVF;V1;V2;V3;V4;V5;V6,9,0.6,1,0,1,0,2
0;2;3;5;6;7;8;9;10;11,I;III;aVR;aVF;V1;V2;V3;V4;V5;V6,9,0.7,1,0,1,0,2
0;2;3;5;6;7;8;9;10;11,I;III;aVR;aVF;V1;V2;V3;V4;V5;V6,9,0.8,1,0,1,0,2
0;2;3;5;6;7;8;9;10;11,I;III;aVR;aVF;V1;V2;V3;V4;V5;V6,9,0.9,1,0,0,0,1
0;2;3;5;6;7;8;9;11,I;III;aVR;aVF;V1;V2;V3;V4;V6,8,0.5,1,1,1,0,3
0;2;3;5;6;7;8;9;11,I;III;aVR;aVF;V1;V2;V3;V4;V6,8,0.6,1,0,1,0,2
0;2;3;5;6;7;8;9;11,I;III;aVR;aVF;V1;V2;V3;V4;V6,8,0.7,1,0,1,0,2
0;2;3;5;6;7;8;9;11,I;III;aVR;aVF;V1;V2;V3;V4;V6,8,0.8,1,0,1,0,2
0;2;3;5;6;7;8;9;11,I;III;aVR;aVF;V1;V2;V3;V4;V6,8,0.9,1,0,0,0,1
0;2;3;5;6;7;8;10,I;III;aVR;aVF;V1;V2;V3;V5,7,0.5,1,1,1,0,3
0;2;3;5;6;7;8;10,I;III;aVR;aVF;V1;V2;V3;V5,7,0.6,1,0,1,0,2
0;2;3;5;6;7;8;10,I;III;aVR;aVF;V1;V2;V3;V5,7,0.7,1,0,1,0,2
0;2;3;5;6;7;8;10,I;III;aVR;aVF;V1;V2;V3;V5,7,0.8,1,0,1,0,2
0;2;3;5;6;7;8;10,I;III;aVR;aVF;V1;V2;V3;V5,7,0.9,1,0,0,0,1
0;2;3;5;6;7;8;10;11,I;III;aVR;aVF;V1;V2;V3;V5;V6,8,0.5,1,1,1,0,3
0;2;3;5;6;7;8;10;11,I;III;aVR;aVF;V1;V2;V3;V5;V6,8,0.6,1,0,1,0,2
0;2;3;5;6;7;8;10;11,I;III;aVR;aVF;V1;V2;V3;V5;V6,8,0.7,1,0,1,0,2
0;2;3;5;6;7;8;10;11,I;III;aVR;aVF;V1;V2;V3;V5;V6,8,0.8,1,0,1,0,2
0;2;3;5;6;7;8;10;11,I;III;aVR;aVF;V1;V2;V3;V5;V6,8,0.9,1,0,0,0,1
0;2;3;5;6;7;8;11,I;III;aVR;aVF;V1;V2;V3;V6,7,0.5,1,1,1,0,3
0;2;3;5;6;7;8;11,I;III;aVR;aVF;V1;V2;V3;V6,7,0.6,1,0,1,0,2
0;2;3;5;6;7;8;11,I;III;aVR;aVF;V1;V2;V3;V6,7,0.7,1,0,1,0,2
0;2;3;5;6;7;8;11,I;III;aVR;aVF;V1;V2;V3;V6,7,0.8,1,0,1,0,2
0;2;3;5;6;7;8;11,I;III;aVR;aVF;V1;V2;V3;V6,7,0.9,1,0,0,0,1
0;2;3;5;6;7;9,I;III;aVR;aVF;V1;V2;V4,6,0.5,1,1,1,0,3
0;2;3;5;6;7;9,I;III;aVR;aVF;V1;V2;V4,6,0.6,1,0,1,0,2
0;2;3;5;6;7;9,I;III;aVR;aVF;V1;V2;V4,6,0.7,1,0,1,0,2
0;2;3;5;6;7;9,I;III;aVR;aVF;V1;V2;V4,6,0.8,1,0,1,0,2
0;2;3;5;6;7;9,I;III;aVR;aVF;V1;V2;V4,6,0.9,1,0,0,0,1
0;2;3;5;6;7;9;10,I;III;aVR;aVF;V1;V2;V4;V5,7,0.5,1,1,1,0,3
0;2;3;5;6;7;9;10,I;III;aVR;aVF;V1;V2;V4;V5,7,0.6,1,0,1,0,2
0;2;3;5;6;7;9;10,I;III;aVR;aVF;V1;V2;V4;V5,7,0.7,1,0,1,0,2
0;2;3;5;6;7;9;10,I;III;aVR;aVF;V1;V2;V4;V5,7,0.8,1,0,1,0,2
0;2;3;5;6;7;9;10,I;III;aVR;aVF;V1;V2;V4;V5,7,0.9,1,0,0,0,1
0;2;3;5;6;7;9;10;11,I;III;aVR;aVF;V1;V2;V4;V5;V6,8,0.5,1,1,1,0,3
0;2;3;5;6;7;9;10;11,I;III;aVR;aVF;V1;V2;V4;V5;V6,8,0.6,1,0,1,0,2
0;2;3;5;6;7;9;10;11,I;III;aVR;aVF;V1;V2;V4;V5;V6,8,0.7,1,0,1,0,2
0;2;3;5;6;7;9;10;11,I;III;aVR;aVF;V1;V2;V4;V5;V6,8,0.8,1,0,1,0,2
0;2;3;5;6;7;9;10;11,I;III;aVR;aVF;V1;V2;V4;V5;V6,8,0.9,1,0,0,0,1
0;2;3;5;6;7;9;11,I;III;aVR;aVF;V1;V2;V4;V6,7,0.5,1,1,1,0,3
0;2;3;5;6;7;9;11,I;III;aVR;aVF;V1;V2;V4;V6,7,0.6,1,0,1,0,2
0;2;3;5;6;7;9;11,I;III;aVR;aVF;V1;V2;V4;V6,7,0.7,1,0,1,0,2
0;2;3;5;6;7;9;11,I;III;aVR;aVF;V1;V2;V4;V6,7,0.8,1,0,1,0,2
0;2;3;5;6;7;9;11,I;III;aVR;aVF;V1;V2;V4;V6,7,0.9,1,0,0,0,1
0;2;3;5;6;7;10,I;III;aVR;aVF;V1;V2;V5,6,0.5,1,1,1,0,3
0;2;3;5;6;7;10,I;III;aVR;aVF;V1;V2;V5,6,0.6,1,0,1,0,2
0;2;3;5;6;7;10,I;III;aVR;aVF;V1;V2;V5,6,0.7,1,0,1,0,2
0;2;3;5;6;7;10,I;III;aVR;aVF;V1;V2;V5,6,0.8,1,0,1,0,2
0;2;3;5;6;7;10,I;III;aVR;aVF;V1;V2;V5,6,0.9,1,0,0,0,1
0;2;3;5;6;7;10;11,I;III;aVR;aVF;V1;V2;V5;V6,7,0.5,1,1,1,0,3
0;2;3;5;6;7;10;11,I;III;aVR;aVF;V1;V2;V5;V6,7,0.6,1,0,1,0,2
0;2;3;5;6;7;10;11,I;III;aVR;aVF;V1;V2;V5;V6,7,0.7,1,0,1,0,2
0;2;3;5;6;7;10;11,I;III;aVR;aVF;V1;V2;V5;V6,7,0.8,1,0,1,0,2
0;2;3;5;6;7;10;11,I;III;aVR;aVF;V1;V2;V5;V6,7,0.9,1,0,0,0,1
0;2;3;5;6;7;11,I;III;aVR;aVF;V1;V2;V6,6,0.5,1,1,1,0,3
0;2;3;5;6;7;11,I;III;aVR;aVF;V1;V2;V6,6,0.6,1,0,1,0,2
0;2;3;5;6;7;11,I;III;aVR;aVF;V1;V2;V6,6,0.7,1,0,1,0,2
0;2;3;5;6;7;11,I;III;aVR;aVF;V1;V2;V6,6,0.8,1,0,1,0,2
0;2;3;5;6;7;11,I;III;aVR;aVF;V1;V2;V6,6,0.9,1,0,0,0,1
0;2;3;5;6;8,I;III;aVR;aVF;V1;V3,5,0.5,1,1,1,0,3
0;2;3;5;6;8,I;III;aVR;aVF;V1;V3,5,0.6,1,0,1,0,2
0;2;3;5;6;8,I;III;aVR;aVF;V1;V3,5,0.7,1,0,1,0,2
0;2;3;5;6;8,I;III;aVR;aVF;V1;V3,5,0.8,1,0,1,0,2
0;2;3;5;6;8,I;III;aVR;aVF;V1;V3,5,0.9,1,0,0,0,1
0;2;3;5;6;8;9,I;III;aVR;aVF;V1;V3;V4,6,0.5,1,1,1,0,3
0;2;3;5;6;8;9,I;III;aVR;aVF;V1;V3;V4,6,0.6,1,0,1,0,2
0;2;3;5;6;8;9,I;III;aVR;aVF;V1;V3;V4,6,0.7,1,0,1,0,2
0;2;3;5;6;8;9,I;III;aVR;aVF;V1;V3;V4,6,0.8,1,0,1,0,2
0;2;3;5;6;8;9,I;III;aVR;aVF;V1;V3;V4,6,0.9,1,0,0,0,1
0;2;3;5;6;8;9;10,I;III;aVR;aVF;V1;V3;V4;V5,7,0.5,1,1,1,0,3
0;2;3;5;6;8;9;10,I;III;aVR;aVF;V1;V3;V4;V5,7,0.6,1,0,1,0,2
0;2;3;5;6;8;9;10,I;III;aVR;aVF;V1;V3;V4;V5,7,0.7,1,0,1,0,2
0;2;3;5;6;8;9;10,I;III;aVR;aVF;V1;V3;V4;V5,7,0.8,1,0,1,0,2
0;2;3;5;6;8;9;10,I;III;aVR;aVF;V1;V3;V4;V5,7,0.9,1,0,0,0,1
0;2;3;5;6;8;9;10;11,I;III;aVR;aVF;V1;V3;V4;V5;V6,8,0.5,1,1,1,0,3
0;2;3;5;6;8;9;10;11,I;III;aVR;aVF;V1;V3;V4;V5;V6,8,0.6,1,0,1,0,2
0;2;3;5;6;8;9;10;11,I;III;aVR;aVF;V1;V3;V4;V5;V6,8,0.7,1,0,1,0,2
0;2;3;5;6;8;9;10;11,I;III;aVR;aVF;V1;V3;V4;V5;V6,8,0.8,1,0,1,0,2
0;2;3;5;6;8;9;10;11,I;III;aVR;aVF;V1;V3;V4;V5;V6,8,0.9,1,0,0,0,1
0;2;3;5;6;8;9;11,I;III;aVR;aVF;V1;V3;V4;V6,7,0.5,1,1,1,0,3
0;2;3;5;6;8;9;11,I;III;aVR;aVF;V1;V3;V4;V6,7,0.6,1,0,1,0,2
0;2;3;5;6;8;9;11,I;III;aVR;aVF;V1;V3;V4;V6,7,0.7,1,0,1,0,2
0;2;3;5;6;8;9;11,I;III;aVR;aVF;V1;V3;V4;V6,7,0.8,1,0,1,0,2
0;2;3;5;6;8;9;11,I;III;aVR;aVF;V1;V3;V4;V6,7,0.9,1,0,0,0,1
0;2;3;5;6;8;10,I;III;aVR;aVF;V1;V3;V5,6,0.5,1,1,1,0,3
0;2;3;5;6;8;10,I;III;aVR;aVF;V1;V3;V5,6,0.6,1,0,1,0,2
0;2;3;5;6;8;10,I;III;aVR;aVF;V1;V3;V5,6,0.7,1,0,1,0,2
0;2;3;5;6;8;10,I;III;aVR;aVF;V1;V3;V5,6,0.8,1,0,1,0,2
0;2;3;5;6;8;10,I;III;aVR;aVF;V1;V3;V5,6,0.9,1,0,0,0,1
0;2;3;5;6;8;10;11,I;III;aVR;aVF;V1;V3;V5;V6,7,0.5,1,1,1,0,3
0;2;3;5;6;8;10;11,I;III;aVR;aVF;V1;V3;V5;V6,7,0.6,1,0,1,0,2
0;2;3;5;6;8;10;11,I;III;aVR;aVF;V1;V3;V5;V6,7,0.7,1,0,1,0,2
0;2;3;5;6;8;10;11,I;III;aVR;aVF;V1;V3;V5;V6,7,0.8,1,0,1,0,2
0;2;3;5;6;8;10;11,I;III;aVR;aVF;V1;V3;V5;V6,7,0.9,1,0,0,0,1
0;2;3;5;6;8;11,I;III;aVR;aVF;V1;V3;V6,6,0.5,1,1,1,0,3
0;2;3;5;6;8;11,I;III;aVR;aVF;V1;V3;V6,6,0.6,1,0,1,0,2
0;2;3;5;6;8;11,I;III;aVR;aVF;V1;V3;V6,6,0.7,1,0,1,0,2
0;2;3;5;6;8;11,I;III;aVR;aVF;V1;V3;V6,6,0.8,1,0,1,0,2
0;2;3;5;6;8;11,I;III;aVR;aVF;V1;V3;V6,6,0.9,1,0,0,0,1
0;2;3;5;6;9,I;III;aVR;aVF;V1;V4,5,0.5,1,1,1,0,3
0;2;3;5;6;9,I;III;aVR;aVF;V1;V4,5,0.6,1,0,1,0,2
0;2;3;5;6;9,I;III;aVR;aVF;V1;V4,5,0.7,1,0,1,0,2
0;2;3;5;6;9,I;III;aVR;aVF;V1;V4,5,0.8,1,0,1,0,2
0;2;3;5;6;9,I;III;aVR;aVF;V1;V4,5,0.9,1,0,0,0,1
0;2;3;5;6;9;10,I;III;aVR;aVF;V1;V4;V5,6,0.5,1,1,1,0,3
0;2;3;5;6;9;10,I;III;aVR;aVF;V1;V4;V5,6,0.6,1,0,1,0,2
0;2;3;5;6;9;10,I;III;aVR;aVF;V1;V4;V5,6,0.7,1,0,1,0,2
0;2;3;5;6;9;10,I;III;aVR;aVF;V1;V4;V5,6,0.8,1,0,1,0,2
0;2;3;5;6;9;10,I;III;aVR;aVF;V1;V4;V5,6,0.9,1,0,0,0,1
0;2;3;5;6;9;10;11,I;III;aVR;aVF;V1;V4;V5;V6,7,0.5,1,1,1,0,3
0;2;3;5;6;9;10;11,I;III;aVR;aVF;V1;V4;V5;V6,7,0.6,1,0,1,0,2
0;2;3;5;6;9;10;11,I;III;aVR;aVF;V1;V4;V5;V6,7,0.7,1,0,1,0,2
0;2;3;5;6;9;10;11,I;III;aVR;aVF;V1;V4;V5;V6,7,0.8,1,0,1,0,2
0;2;3;5;6;9;10;11,I;III;aVR;aVF;V1;V4;V5;V6,7,0.9,1,0,0,0,1
0;2;3;5;6;9;11,I;III;aVR;aVF;V1;V4;V6,6,0.5,1,1,1,0,3
0;2;3;5;6;9;11,I;III;aVR;aVF;V1;V4;V6,6,0.6,1,0,1,0,2
0;2;3;5;6;9;11,I;III;aVR;aVF;V1;V4;V6,6,0.7,1,0,1,0,2
0;2;3;5;6;9;11,I;III;aVR;aVF;V1;V4;V6,6,0.8,1,0,1,0,2
0;2;3;5;6;9;11,I;III;aVR;aVF;V1;V4;V6,6,0.9,1,0,0,0,1
0;2;3;5;6;10,I;III;aVR;aVF;V1;V5,5,0.5,1,1,1,0,3
0;2;3;5;6;10,I;III;aVR;aVF;V1;V5,5,0.6,1,0,1,0,2
0;2;3;5;6;10,I;III;aVR;aVF;V1;V5,5,0.7,1,0,1,0,2
0;2;3;5;6;10,I;III;aVR;aVF;V1;V5,5,0.8,1,0,1,0,2
0;2;3;5;6;10,I;III;aVR;aVF;V1;V5,5,0.9,1,0,0,0,1
0;2;3;5;6;10;11,I;III;aVR;aVF;V1;V5;V6,6,0.5,1,1,1,0,3
0;2;3;5;6;10;11,I;III;aVR;aVF;V1;V5;V6,6,0.6,1,0,1,0,2
0;2;3;5;6;10;11,I;III;aVR;aVF;V1;V5;V6,6,0.7,1,0,1,0,2
0;2;3;5;6;10;11,I;III;aVR;aVF;V1;V5;V6,6,0.8,1,0,1,0,2
0;2;3;5;6;10;11,I;III;aVR;aVF;V1;V5;V6,6,0.9,1,0,0,0,1
0;2;3;5;6;11,I;III;aVR;aVF;V1;V6,5,0.5,1,1,1,0,3
0;2;3;5;6;11,I;III;aVR;aVF;V1;V6,5,0.6,1,1,1,0,3
0;2;3;5;6;11,I;III;aVR;aVF;V1;V6,5,0.7,1,0,1,0,2
0;2;3;5;6;11,I;III;aVR;aVF;V1;V6,5,0.8,1,0,1,0,2
0;2;3;5;6;11,I;III;aVR;aVF;V1;V6,5,0.9,1,0,0,0,1
0;2;3;5;7,I;III;aVR;aVF;V2,4,0.5,1,1,1,0,3
0;2;3;5;7,I;III;aVR;aVF;V2,4,0.6,1,0,1,0,2
0;2;3;5;7,I;III;aVR;aVF;V2,4,0.7,1,0,1,0,2
0;2;3;5;7,I;III;aVR;aVF;V2,4,0.8,1,0,1,0,2
0;2;3;5;7,I;III;aVR;aVF;V2,4,0.9,1,0,0,0,1
0;2;3;5;7;8,I;III;aVR;aVF;V2;V3,5,0.5,1,1,1,0,3
0;2;3;5;7;8,I;III;aVR;aVF;V2;V3,5,0.6,1,1,1,0,3
0;2;3;5;7;8,I;III;aVR;aVF;V2;V3,5,0.7,1,0,1,0,2
0;2;3;5;7;8,I;III;aVR;aVF;V2;V3,5,0.8,1,0,0,0,1
0;2;3;5;7;8,I;III;aVR;aVF;V2;V3,5,0.9,1,0,0,0,1
0;2;3;5;7;8;9,I;III;aVR;aVF;V2;V3;V4,6,0.5,1,1,1,0,3
0;2;3;5;7;8;9,I;III;aVR;aVF;V2;V3;V4,6,0.6,1,1,1,0,3
0;2;3;5;7;8;9,I;III;aVR;aVF;V2;V3;V4,6,0.7,1,0,1,0,2
0;2;3;5;7;8;9,I;III;aVR;aVF;V2;V3;V4,6,0.8,1,0,1,0,2
0;2;3;5;7;8;9,I;III;aVR;aVF;V2;V3;V4,6,0.9,1,0,0,0,1
0;2;3;5;7;8;9;10,I;III;aVR;aVF;V2;V3;V4;V5,7,0.5,1,1,1,0,3
0;2;3;5;7;8;9;10,I;III;aVR;aVF;V2;V3;V4;V5,7,0.6,1,1,1,0,3
0;2;3;5;7;8;9;10,I;III;aVR;aVF;V2;V3;V4;V5,7,0.7,1,0,1,0,2
0;2;3;5;7;8;9;10,I;III;aVR;aVF;V2;V3;V4;V5,7,0.8,1,0,0,0,1
0;2;3;5;7;8;9;10,I;III;aVR;aVF;V2;V3;V4;V5,7,0.9,1,0,0,0,1
0;2;3;5;7;8;9;10;11,I;III;aVR;aVF;V2;V3;V4;V5;V6,8,0.5,1,1,1,0,3
0;2;3;5;7;8;9;10;11,I;III;aVR;aVF;V2;V3;V4;V5;V6,8,0.6,1,0,1,0,2
0;2;3;5;7;8;9;10;11,I;III;aVR;aVF;V2;V3;V4;V5;V6,8,0.7,1,0,1,0,2
0;2;3;5;7;8;9;10;11,I;III;aVR;aVF;V2;V3;V4;V5;V6,8,0.8,1,0,0,0,1
0;2;3;5;7;8;9;10;11,I;III;aVR;aVF;V2;V3;V4;V5;V6,8,0.9,1,0,0,0,1
0;2;3;5;7;8;9;11,I;III;aVR;aVF;V2;V3;V4;V6,7,0.5,1,1,1,0,3
0;2;3;5;7;8;9;11,I;III;aVR;aVF;V2;V3;V4;V6,7,0.6,1,0,1,0,2
0;2;3;5;7;8;9;11,I;III;aVR;aVF;V2;V3;V4;V6,7,0.7,1,0,1,0,2
0;2;3;5;7;8;9;11,I;III;aVR;aVF;V2;V3;V4;V6,7,0.8,1,0,0,0,1
0;2;3;5;7;8;9;11,I;III;aVR;aVF;V2;V3;V4;V6,7,0.9,1,0,0,0,1
0;2;3;5;7;8;10,I;III;aVR;aVF;V2;V3;V5,6,0.5,1,1,1,0,3
0;2;3;5;7;8;10,I;III;aVR;aVF;V2;V3;V5,6,0.6,1,0,1,0,2
0;2;3;5;7;8;10,I;III;aVR;aVF;V2;V3;V5,6,0.7,1,0,1,0,2
0;2;3;5;7;8;10,I;III;aVR;aVF;V2;V3;V5,6,0.8,1,0,0,0,1
0;2;3;5;7;8;10,I;III;aVR;aVF;V2;V3;V5,6,0.9,1,0,0,0,1
0;2;3;5;7;8;10;11,I;III;aVR;aVF;V2;V3;V5;V6,7,0.5,1,1,1,0,3
0;2;3;5;7;8;10;11,I;III;aVR;aVF;V2;V3;V5;V6,7,0.6,1,0,1,0,2
0;2;3;5;7;8;10;11,I;III;aVR;aVF;V2;V3;V5;V6,7,0.7,1,0,1,0,2
0;2;3;5;7;8;10;11,I;III;aVR;aVF;V2;V3;V5;V6,7,0.8,1,0,0,0,1
0;2;3;5;7;8;10;11,I;III;aVR;aVF;V2;V3;V5;V6,7,0.9,1,0,0,0,1
0;2;3;5;7;8;11,I;III;aVR;aVF;V2;V3;V6,6,0.5,1,1,1,0,3
0;2;3;5;7;8;11,I;III;aVR;aVF;V2;V3;V6,6,0.6,1,0,1,0,2
0;2;3;5;7;8;11,I;III;aVR;aVF;V2;V3;V6,6,0.7,1,0,1,0,2
0;2;3;5;7;8;11,I;III;aVR;aVF;V2;V3;V6,6,0.8,1,0,0,0,1
0;2;3;5;7;8;11,I;III;aVR;aVF;V2;V3;V6,6,0.9,1,0,0,0,1
0;2;3;5;7;9,I;III;aVR;aVF;V2;V4,5,0.5,1,1,1,0,3
0;2;3;5;7;9,I;III;aVR;aVF;V2;V4,5,0.6,1,1,1,0,3
0;2;3;5;7;9,I;III;aVR;aVF;V2;V4,5,0.7,1,0,1,0,2
0;2;3;5;7;9,I;III;aVR;aVF;V2;V4,5,0.8,1,0,1,0,2
0;2;3;5;7;9,I;III;aVR;aVF;V2;V4,5,0.9,1,0,0,0,1
0;2;3;5;7;9;10,I;III;aVR;aVF;V2;V4;V5,6,0.5,1,1,1,0,3
0;2;3;5;7;9;10,I;III;aVR;aVF;V2;V4;V5,6,0.6,1,1,1,0,3
0;2;3;5;7;9;10,I;III;aVR;aVF;V2;V4;V5,6,0.7,1,0,1,0,2
0;2;3;5;7;9;10,I;III;aVR;aVF;V2;V4;V5,6,0.8,1,0,0,0,1
0;2;3;5;7;9;10,I;III;aVR;aVF;V2;V4;V5,6,0.9,1,0,0,0,1
0;2;3;5;7;9;10;11,I;III;aVR;aVF;V2;V4;V5;V6,7,0.5,1,1,1,0,3
0;2;3;5;7;9;10;11,I;III;aVR;aVF;V2;V4;V5;V6,7,0.6,1,0,1,0,2
0;2;3;5;7;9;10;11,I;III;aVR;aVF;V2;V4;V5;V6,7,0.7,1,0,1,0,2
0;2;3;5;7;9;10;11,I;III;aVR;aVF;V2;V4;V5;V6,7,0.8,1,0,0,0,1
0;2;3;5;7;9;10;11,I;III;aVR;aVF;V2;V4;V5;V6,7,0.9,1,0,0,0,1
0;2;3;5;7;9;11,I;III;aVR;aVF;V2;V4;V6,6,0.5,1,1,1,0,3
0;2;3;5;7;9;11,I;III;aVR;aVF;V2;V4;V6,6,0.6,1,0,1,0,2
0;2;3;5;7;9;11,I;III;aVR;aVF;V2;V4;V6,6,0.7,1,0,1,0,2
0;2;3;5;7;9;11,I;III;aVR;aVF;V2;V4;V6,6,0.8,1,0,0,0,1
0;2;3;5;7;9;11,I;III;aVR;aVF;V2;V4;V6,6,0.9,1,0,0,0,1
0;2;3;5;7;10,I;III;aVR;aVF;V2;V5,5,0.5,1,1,1,0,3
0;2;3;5;7;10,I;III;aVR;aVF;V2;V5,5,0.6,1,1,1,0,3
0;2;3;5;7;10,I;III;aVR;aVF;V2;V5,5,0.7,1,0,1,0,2
0;2;3;5;7;10,I;III;aVR;aVF;V2;V5,5,0.8,1,0,0,0,1
0;2;3;5;7;10,I;III;aVR;aVF;V2;V5,5,0.9,1,0,0,0,1
0;2;3;5;7;10;11,I;III;aVR;aVF;V2;V5;V6,6,0.5,1,1,1,0,3
0;2;3;5;7;10;11,I;III;aVR;aVF;V2;V5;V6,6,0.6,1,0,1,0,2
0;2;3;5;7;10;11,I;III;aVR;aVF;V2;V5;V6,6,0.7,1,0,1,0,2
0;2;3;5;7;10;11,I;III;aVR;aVF;V2;V5;V6,6,0.8,1,0,0,0,1
0;2;3;5;7;10;11,I;III;aVR;aVF;V2;V5;V6,6,0.9,1,0,0,0,1
0;2;3;5;7;11,I;III;aVR;aVF;V2;V6,5,0.5,1,1,1,0,3
0;2;3;5;7;11,I;III;aVR;aVF;V2;V6,5,0.6,1,1,1,0,3
0;2;3;5;7;11,I;III;aVR;aVF;V2;V6,5,0.7,1,0,1,0,2
0;2;3;5;7;11,I;III;aVR;aVF;V2;V6,5,0.8,1,0,0,0,1
0;2;3;5;7;11,I;III;aVR;aVF;V2;V6,5,0.9,1,0,0,0,1
0;2;3;5;8,I;III;aVR;aVF;V3,4,0.5,1,1,1,0,3
0;2;3;5;8,I;III;aVR;aVF;V3,4,0.6,1,0,1,0,2
0;2;3;5;8,I;III;aVR;aVF;V3,4,0.7,1,0,1,0,2
0;2;3;5;8,I;III;aVR;aVF;V3,4,0.8,1,0,1,0,2
0;2;3;5;8,I;III;aVR;aVF;V3,4,0.9,1,0,0,0,1
0;2;3;5;8;9,I;III;aVR;aVF;V3;V4,5,0.5,1,1,1,0,3
0;2;3;5;8;9,I;III;aVR;aVF;V3;V4,5,0.6,1,0,1,0,2
0;2;3;5;8;9,I;III;aVR;aVF;V3;V4,5,0.7,1,0,1,0,2
0;2;3;5;8;9,I;III;aVR;aVF;V3;V4,5,0.8,1,0,1,0,2
0;2;3;5;8;9,I;III;aVR;aVF;V3;V4,5,0.9,1,0,0,0,1
0;2;3;5;8;9;10,I;III;aVR;aVF;V3;V4;V5,6,0.5,1,1,1,0,3
0;2;3;5;8;9;10,I;III;aVR;aVF;V3;V4;V5,6,0.6,1,0,1,0,2
0;2;3;5;8;9;10,I;III;aVR;aVF;V3;V4;V5,6,0.7,1,0,1,0,2
0;2;3;5;8;9;10,I;III;aVR;aVF;V3;V4;V5,6,0.8,1,0,0,0,1
0;2;3;5;8;9;10,I;III;aVR;aVF;V3;V4;V5,6,0.9,1,0,0,0,1
0;2;3;5;8;9;10;11,I;III;aVR;aVF;V3;V4;V5;V6,7,0.5,1,1,1,0,3
0;2;3;5;8;9;10;11,I;III;aVR;aVF;V3;V4;V5;V6,7,0.6,1,0,1,0,2
0;2;3;5;8;9;10;11,I;III;aVR;aVF;V3;V4;V5;V6,7,0.7,1,0,1,0,2
0;2;3;5;8;9;10;11,I;III;aVR;aVF;V3;V4;V5;V6,7,0.8,1,0,0,0,1
0;2;3;5;8;9;10;11,I;III;aVR;aVF;V3;V4;V5;V6,7,0.9,1,0,0,0,1
0;2;3;5;8;9;11,I;III;aVR;aVF;V3;V4;V6,6,0.5,1,1,1,0,3
0;2;3;5;8;9;11,I;III;aVR;aVF;V3;V4;V6,6,0.6,1,0,1,0,2
0;2;3;5;8;9;11,I;III;aVR;aVF;V3;V4;V6,6,0.7,1,0,1,0,2
0;2;3;5;8;9;11,I;III;aVR;aVF;V3;V4;V6,6,0.8,1,0,0,0,1
0;2;3;5;8;9;11,I;III;aVR;aVF;V3;V4;V6,6,0.9,1,0,0,0,1
0;2;3;5;8;10,I;III;aVR;aVF;V3;V5,5,0.5,1,1,1,0,3
0;2;3;5;8;10,I;III;aVR;aVF;V3;V5,5,0.6,1,0,1,0,2
0;2;3;5;8;10,I;III;aVR;aVF;V3;V5,5,0.7,1,0,1,0,2
0;2;3;5;8;10,I;III;aVR;aVF;V3;V5,5,0.8,1,0,0,0,1
0;2;3;5;8;10,I;III;aVR;aVF;V3;V5,5,0.9,1,0,0,0,1
0;2;3;5;8;10;11,I;III;aVR;aVF;V3;V5;V6,6,0.5,1,1,1,0,3
0;2;3;5;8;10;11,I;III;aVR;aVF;V3;V5;V6,6,0.6,1,0,1,0,2
0;2;3;5;8;10;11,I;III;aVR;aVF;V3;V5;V6,6,0.7,1,0,1,0,2
0;2;3;5;8;10;11,I;III;aVR;aVF;V3;V5;V6,6,0.8,1,0,0,0,1
0;2;3;5;8;10;11,I;III;aVR;aVF;V3;V5;V6,6,0.9,1,0,0,0,1
0;2;3;5;8;11,I;III;aVR;aVF;V3;V6,5,0.5,1,1,1,0,3
0;2;3;5;8;11,I;III;aVR;aVF;V3;V6,5,0.6,1,0,1,0,2
0;2;3;5;8;11,I;III;aVR;aVF;V3;V6,5,0.7,1,0,1,0,2
0;2;3;5;8;11,I;III;aVR;aVF;V3;V6,5,0.8,1,0,0,0,1
0;2;3;5;8;11,I;III;aVR;aVF;V3;V6,5,0.9,1,0,0,0,1
0;2;3;5;9,I;III;aVR;aVF;V4,4,0.5,1,1,1,0,3
0;2;3;5;9,I;III;aVR;aVF;V4,4,0.6,1,0,1,0,2
0;2;3;5;9,I;III;aVR;aVF;V4,4,0.7,1,0,1,0,2
0;2;3;5;9,I;III;aVR;aVF;V4,4,0.8,1,0,1,0,2
0;2;3;5;9,I;III;aVR;aVF;V4,4,0.9,1,0,0,0,1
0;2;3;5;9;10,I;III;aVR;aVF;V4;V5,5,0.5,1,1,1,0,3
0;2;3;5;9;10,I;III;aVR;aVF;V4;V5,5,0.6,1,0,1,0,2
0;2;3;5;9;10,I;III;aVR;aVF;V4;V5,5,0.7,1,0,1,0,2
0;2;3;5;9;10,I;III;aVR;aVF;V4;V5,5,0.8,1,0,0,0,1
0;2;3;5;9;10,I;III;aVR;aVF;V4;V5,5,0.9,1,0,0,0,1
0;2;3;5;9;10;11,I;III;aVR;aVF;V4;V5;V6,6,0.5,1,1,1,0,3
0;2;3;5;9;10;11,I;III;aVR;aVF;V4;V5;V6,6,0.6,1,0,1,0,2
0;2;3;5;9;10;11,I;III;aVR;aVF;V4;V5;V6,6,0.7,1,0,1,0,2
0;2;3;5;9;10;11,I;III;aVR;aVF;V4;V5;V6,6,0.8,1,0,0,0,1
0;2;3;5;9;10;11,I;III;aVR;aVF;V4;V5;V6,6,0.9,1,0,0,0,1
0;2;3;5;9;11,I;III;aVR;aVF;V4;V6,5,0.5,1,1,1,0,3
0;2;3;5;9;11,I;III;aVR;aVF;V4;V6,5,0.6,1,0,1,0,2
0;2;3;5;9;11,I;III;aVR;aVF;V4;V6,5,0.7,1,0,1,0,2
0;2;3;5;9;11,I;III;aVR;aVF;V4;V6,5,0.8,1,0,0,0,1
0;2;3;5;9;11,I;III;aVR;aVF;V4;V6,5,0.9,1,0,0,0,1
0;2;3;5;10,I;III;aVR;aVF;V5,4,0.5,1,1,1,0,3
0;2;3;5;10,I;III;aVR;aVF;V5,4,0.6,1,0,1,0,2
0;2;3;5;10,I;III;aVR;aVF;V5,4,0.7,1,0,1,0,2
0;2;3;5;10,I;III;aVR;aVF;V5,4,0.8,1,0,0,0,1
0;2;3;5;10,I;III;aVR;aVF;V5,4,0.9,1,0,0,0,1
0;2;3;5;10;11,I;III;aVR;aVF;V5;V6,5,0.5,1,1,1,0,3
0;2;3;5;10;11,I;III;aVR;aVF;V5;V6,5,0.6,1,1,1,0,3
0;2;3;5;10;11,I;III;aVR;aVF;V5;V6,5,0.7,1,0,1,0,2
0;2;3;5;10;11,I;III;aVR;aVF;V5;V6,5,0.8,1,0,0,0,1
0;2;3;5;10;11,I;III;aVR;aVF;V5;V6,5,0.9,1,0,0,0,1
0;2;3;5;11,I;III;aVR;aVF;V6,4,0.5,1,1,1,0,3
0;2;3;5;11,I;III;aVR;aVF;V6,4,0.6,1,0,1,0,2
0;2;3;5;11,I;III;aVR;aVF;V6,4,0.7,1,0,1,0,2
0;2;3;5;11,I;III;aVR;aVF;V6,4,0.8,1,0,1,0,2
0;2;3;5;11,I;III;aVR;aVF;V6,4,0.9,1,0,0,0,1
0;2;3;6,I;III;aVR;V1,4,0.5,1,1,1,0,3
0;2;3;6,I;III;aVR;V1,4,0.6,1,1,1,0,3
0;2;3;6,I;III;aVR;V1,4,0.7,1,0,1,0,2
0;2;3;6,I;III;aVR;V1,4,0.8,1,0,1,0,2
0;2;3;6,I;III;aVR;V1,4,0.9,1,0,0,0,1
0;2;3;6;7,I;III;aVR;V1;V2,5,0.5,1,1,1,0,3
0;2;3;6;7,I;III;aVR;V1;V2,5,0.6,1,1,1,0,3
0;2;3;6;7,I;III;aVR;V1;V2,5,0.7,1,0,1,0,2
0;2;3;6;7,I;III;aVR;V1;V2,5,0.8,1,0,1,0,2
0;2;3;6;7,I;III;aVR;V1;V2,5,0.9,1,0,0,0,1
0;2;3;6;7;8,I;III;aVR;V1;V2;V3,6,0.5,1,1,1,0,3
0;2;3;6;7;8,I;III;aVR;V1;V2;V3,6,0.6,1,0,1,0,2
0;2;3;6;7;8,I;III;aVR;V1;V2;V3,6,0.7,1,0,1,0,2
0;2;3;6;7;8,I;III;aVR;V1;V2;V3,6,0.8,1,0,1,0,2
0;2;3;6;7;8,I;III;aVR;V1;V2;V3,6,0.9,1,0,0,0,1
0;2;3;6;7;8;9,I;III;aVR;V1;V2;V3;V4,7,0.5,1,1,1,0,3
0;2;3;6;7;8;9,I;III;aVR;V1;V2;V3;V4,7,0.6,1,1,1,0,3
0;2;3;6;7;8;9,I;III;aVR;V1;V2;V3;V4,7,0.7,1,0,1,0,2
0;2;3;6;7;8;9,I;III;aVR;V1;V2;V3;V4,7,0.8,1,0,1,0,2
0;2;3;6;7;8;9,I;III;aVR;V1;V2;V3;V4,7,0.9,1,0,0,0,1
0;2;3;6;7;8;9;10,I;III;aVR;V1;V2;V3;V4;V5,8,0.5,1,1,1,0,3
0;2;3;6;7;8;9;10,I;III;aVR;V1;V2;V3;V4;V5,8,0.6,1,0,1,0,2
0;2;3;6;7;8;9;10,I;III;aVR;V1;V2;V3;V4;V5,8,0.7,1,0,1,0,2
0;2;3;6;7;8;9;10,I;III;aVR;V1;V2;V3;V4;V5,8,0.8,1,0,1,0,2
0;2;3;6;7;8;9;10,I;III;aVR;V1;V2;V3;V4;V5,8,0.9,1,0,0,0,1
0;2;3;6;7;8;9;10;11,I;III;aVR;V1;V2;V3;V4;V5;V6,9,0.5,1,1,1,0,3
0;2;3;6;7;8;9;10;11,I;III;aVR;V1;V2;V3;V4;V5;V6,9,0.6,1,0,1,0,2
0;2;3;6;7;8;9;10;11,I;III;aVR;V1;V2;V3;V4;V5;V6,9,0.7,1,0,1,0,2
0;2;3;6;7;8;9;10;11,I;III;aVR;V1;V2;V3;V4;V5;V6,9,0.8,1,0,1,0,2
0;2;3;6;7;8;9;10;11,I;III;aVR;V1;V2;V3;V4;V5;V6,9,0.9,1,0,0,0,1
0;2;3;6;7;8;9;11,I;III;aVR;V1;V2;V3;V4;V6,8,0.5,1,1,1,0,3
0;2;3;6;7;8;9;11,I;III;aVR;V1;V2;V3;V4;V6,8,0.6,1,0,1,0,2
0;2;3;6;7;8;9;11,I;III;aVR;V1;V2;V3;V4;V6,8,0.7,1,0,1,0,2
0;2;3;6;7;8;9;11,I;III;aVR;V1;V2;V3;V4;V6,8,0.8,1,0,1,0,2
0;2;3;6;7;8;9;11,I;III;aVR;V1;V2;V3;V4;V6,8,0.9,1,0,0,0,1
0;2;3;6;7;8;10,I;III;aVR;V1;V2;V3;V5,7,0.5,1,1,1,0,3
0;2;3;6;7;8;10,I;III;aVR;V1;V2;V3;V5,7,0.6,1,0,1,0,2
0;2;3;6;7;8;10,I;III;aVR;V1;V2;V3;V5,7,0.7,1,0,1,0,2
0;2;3;6;7;8;10,I;III;aVR;V1;V2;V3;V5,7,0.8,1,0,1,0,2
0;2;3;6;7;8;10,I;III;aVR;V1;V2;V3;V5,7,0.9,1,0,0,0,1
0;2;3;6;7;8;10;11,I;III;aVR;V1;V2;V3;V5;V6,8,0.5,1,1,1,0,3
0;2;3;6;7;8;10;11,I;III;aVR;V1;V2;V3;V5;V6,8,0.6,1,0,1,0,2
0;2;3;6;7;8;10;11,I;III;aVR;V1;V2;V3;V5;V6,8,0.7,1,0,1,0,2
0;2;3;6;7;8;10;11,I;III;aVR;V1;V2;V3;V5;V6,8,0.8,1,0,1,0,2
0;2;3;6;7;8;10;11,I;III;aVR;V1;V2;V3;V5;V6,8,0.9,1,0,0,0,1
0;2;3;6;7;8;11,I;III;aVR;V1;V2;V3;V6,7,0.5,1,1,1,0,3
0;2;3;6;7;8;11,I;III;aVR;V1;V2;V3;V6,7,0.6,1,0,1,0,2
0;2;3;6;7;8;11,I;III;aVR;V1;V2;V3;V6,7,0.7,1,0,1,0,2
0;2;3;6;7;8;11,I;III;aVR;V1;V2;V3;V6,7,0.8,1,0,1,0,2
0;2;3;6;7;8;11,I;III;aVR;V1;V2;V3;V6,7,0.9,1,0,0,0,1
0;2;3;6;7;9,I;III;aVR;V1;V2;V4,6,0.5,1,1,1,0,3
0;2;3;6;7;9,I;III;aVR;V1;V2;V4,6,0.6,1,0,1,0,2
0;2;3;6;7;9,I;III;aVR;V1;V2;V4,6,0.7,1,0,1,0,2
0;2;3;6;7;9,I;III;aVR;V1;V2;V4,6,0.8,1,0,1,0,2
0;2;3;6;7;9,I;III;aVR;V1;V2;V4,6,0.9,1,0,0,0,1
0;2;3;6;7;9;10,I;III;aVR;V1;V2;V4;V5,7,0.5,1,1,1,0,3
0;2;3;6;7;9;10,I;III;aVR;V1;V2;V4;V5,7,0.6,1,0,1,0,2
0;2;3;6;7;9;10,I;III;aVR;V1;V2;V4;V5,7,0.7,1,0,1,0,2
0;2;3;6;7;9;10,I;III;aVR;V1;V2;V4;V5,7,0.8,1,0,1,0,2
0;2;3;6;7;9;10,I;III;aVR;V1;V2;V4;V5,7,0.9,1,0,0,0,1
0;2;3;6;7;9;10;11,I;III;aVR;V1;V2;V4;V5;V6,8,0.5,1,1,1,0,3
0;2;3;6;7;9;10;11,I;III;aVR;V1;V2;V4;V5;V6,8,0.6,1,0,1,0,2
0;2;3;6;7;9;10;11,I;III;aVR;V1;V2;V4;V5;V6,8,0.7,1,0,1,0,2
0;2;3;6;7;9;10;11,I;III;aVR;V1;V2;V4;V5;V6,8,0.8,1,0,1,0,2
0;2;3;6;7;9;10;11,I;III;aVR;V1;V2;V4;V5;V6,8,0.9,1,0,0,0,1
0;2;3;6;7;9;11,I;III;aVR;V1;V2;V4;V6,7,0.5,1,1,1,0,3
0;2;3;6;7;9;11,I;III;aVR;V1;V2;V4;V6,7,0.6,1,0,1,0,2
0;2;3;6;7;9;11,I;III;aVR;V1;V2;V4;V6,7,0.7,1,0,1,0,2
0;2;3;6;7;9;11,I;III;aVR;V1;V2;V4;V6,7,0.8,1,0,1,0,2
0;2;3;6;7;9;11,I;III;aVR;V1;V2;V4;V6,7,0.9,1,0,0,0,1
0;2;3;6;7;10,I;III;aVR;V1;V2;V5,6,0.5,1,1,1,0,3
0;2;3;6;7;10,I;III;aVR;V1;V2;V5,6,0.6,1,0,1,0,2
0;2;3;6;7;10,I;III;aVR;V1;V2;V5,6,0.7,1,0,1,0,2
0;2;3;6;7;10,I;III;aVR;V1;V2;V5,6,0.8,1,0,1,0,2
0;2;3;6;7;10,I;III;aVR;V1;V2;V5,6,0.9,1,0,0,0,1
0;2;3;6;7;10;11,I;III;aVR;V1;V2;V5;V6,7,0.5,1,1,1,0,3
0;2;3;6;7;10;11,I;III;aVR;V1;V2;V5;V6,7,0.6,1,1,1,0,3
0;2;3;6;7;10;11,I;III;aVR;V1;V2;V5;V6,7,0.7,1,0,1,0,2
0;2;3;6;7;10;11,I;III;aVR;V1;V2;V5;V6,7,0.8,1,0,1,0,2
0;2;3;6;7;10;11,I;III;aVR;V1;V2;V5;V6,7,0.9,1,0,0,0,1
0;2;3;6;7;11,I;III;aVR;V1;V2;V6,6,0.5,1,1,1,0,3
0;2;3;6;7;11,I;III;aVR;V1;V2;V6,6,0.6,1,1,1,0,3
0;2;3;6;7;11,I;III;aVR;V1;V2;V6,6,0.7,1,0,1,0,2
0;2;3;6;7;11,I;III;aVR;V1;V2;V6,6,0.8,1,0,1,0,2
0;2;3;6;7;11,I;III;aVR;V1;V2;V6,6,0.9,1,0,0,0,1
0;2;3;6;8,I;III;aVR;V1;V3,5,0.5,1,1,1,0,3
0;2;3;6;8,I;III;aVR;V1;V3,5,0.6,1,0,1,0,2
0;2;3;6;8,I;III;aVR;V1;V3,5,0.7,1,0,1,0,2
0;2;3;6;8,I;III;aVR;V1;V3,5,0.8,1,0,1,0,2
0;2;3;6;8,I;III;aVR;V1;V3,5,0.9,1,0,0,0,1
0;2;3;6;8;9,I;III;aVR;V1;V3;V4,6,0.5,1,1,1,0,3
0;2;3;6;8;9,I;III;aVR;V1;V3;V4,6,0.6,1,0,1,0,2
0;2;3;6;8;9,I;III;aVR;V1;V3;V4,6,0.7,1,0,1,0,2
0;2;3;6;8;9,I;III;aVR;V1;V3;V4,6,0.8,1,0,1,0,2
0;2;3;6;8;9,I;III;aVR;V1;V3;V4,6,0.9,1,0,0,0,1
0;2;3;6;8;9;10,I;III;aVR;V1;V3;V4;V5,7,0.5,1,1,1,0,3
0;2;3;6;8;9;10,I;III;aVR;V1;V3;V4;V5,7,0.6,1,0,1,0,2
0;2;3;6;8;9;10,I;III;aVR;V1;V3;V4;V5,7,0.7,1,0,1,0,2
0;2;3;6;8;9;10,I;III;aVR;V1;V3;V4;V5,7,0.8,1,0,1,0,2
0;2;3;6;8;9;10,I;III;aVR;V1;V3;V4;V5,7,0.9,1,0,0,0,1
0;2;3;6;8;9;10;11,I;III;aVR;V1;V3;V4;V5;V6,8,0.5,1,1,1,0,3
0;2;3;6;8;9;10;11,I;III;aVR;V1;V3;V4;V5;V6,8,0.6,1,0,1,0,2
0;2;3;6;8;9;10;11,I;III;aVR;V1;V3;V4;V5;V6,8,0.7,1,0,1,0,2
0;2;3;6;8;9;10;11,I;III;aVR;V1;V3;V4;V5;V6,8,0.8,1,0,1,0,2
0;2;3;6;8;9;10;11,I;III;aVR;V1;V3;V4;V5;V6,8,0.9,1,0,0,0,1
0;2;3;6;8;9;11,I;III;aVR;V1;V3;V4;V6,7,0.5,1,1,1,0,3
0;2;3;6;8;9;11,I;III;aVR;V1;V3;V4;V6,7,0.6,1,0,1,0,2
0;2;3;6;8;9;11,I;III;aVR;V1;V3;V4;V6,7,0.7,1,0,1,0,2
0;2;3;6;8;9;11,I;III;aVR;V1;V3;V4;V6,7,0.8,1,0,1,0,2
0;2;3;6;8;9;11,I;III;aVR;V1;V3;V4;V6,7,0.9,1,0,0,0,1
0;2;3;6;8;10,I;III;aVR;V1;V3;V5,6,0.5,1,1,1,0,3
0;2;3;6;8;10,I;III;aVR;V1;V3;V5,6,0.6,1,0,1,0,2
0;2;3;6;8;10,I;III;aVR;V1;V3;V5,6,0.7,1,0,1,0,2
0;2;3;6;8;10,I;III;aVR;V1;V3;V5,6,0.8,1,0,1,0,2
0;2;3;6;8;10,I;III;aVR;V1;V3;V5,6,0.9,1,0,0,0,1
0;2;3;6;8;10;11,I;III;aVR;V1;V3;V5;V6,7,0.5,1,1,1,0,3
0;2;3;6;8;10;11,I;III;aVR;V1;V3;V5;V6,7,0.6,1,0,1,0,2
0;2;3;6;8;10;11,I;III;aVR;V1;V3;V5;V6,7,0.7,1,0,1,0,2
0;2;3;6;8;10;11,I;III;aVR;V1;V3;V5;V6,7,0.8,1,0,1,0,2
0;2;3;6;8;10;11,I;III;aVR;V1;V3;V5;V6,7,0.9,1,0,0,0,1
0;2;3;6;8;11,I;III;aVR;V1;V3;V6,6,0.5,1,1,1,0,3
0;2;3;6;8;11,I;III;aVR;V1;V3;V6,6,0.6,1,0,1,0,2
0;2;3;6;8;11,I;III;aVR;V1;V3;V6,6,0.7,1,0,1,0,2
0;2;3;6;8;11,I;III;aVR;V1;V3;V6,6,0.8,1,0,1,0,2
0;2;3;6;8;11,I;III;aVR;V1;V3;V6,6,0.9,1,0,0,0,1
0;2;3;6;9,I;III;aVR;V1;V4,5,0.5,1,1,1,0,3
0;2;3;6;9,I;III;aVR;V1;V4,5,0.6,1,0,1,0,2
0;2;3;6;9,I;III;aVR;V1;V4,5,0.7,1,0,1,0,2
0;2;3;6;9,I;III;aVR;V1;V4,5,0.8,1,0,1,0,2
0;2;3;6;9,I;III;aVR;V1;V4,5,0.9,1,0,0,0,1
0;2;3;6;9;10,I;III;aVR;V1;V4;V5,6,0.5,1,1,1,0,3
0;2;3;6;9;10,I;III;aVR;V1;V4;V5,6,0.6,1,0,1,0,2
0;2;3;6;9;10,I;III;aVR;V1;V4;V5,6,0.7,1,0,1,0,2
0;2;3;6;9;10,I;III;aVR;V1;V4;V5,6,0.8,1,0,1,0,2
0;2;3;6;9;10,I;III;aVR;V1;V4;V5,6,0.9,1,0,0,0,1
0;2;3;6;9;10;11,I;III;aVR;V1;V4;V5;V6,7,0.5,1,1,1,0,3
0;2;3;6;9;10;11,I;III;aVR;V1;V4;V5;V6,7,0.6,1,0,1,0,2
0;2;3;6;9;10;11,I;III;aVR;V1;V4;V5;V6,7,0.7,1,0,1,0,2
0;2;3;6;9;10;11,I;III;aVR;V1;V4;V5;V6,7,0.8,1,0,1,0,2
0;2;3;6;9;10;11,I;III;aVR;V1;V4;V5;V6,7,0.9,1,0,0,0,1
0;2;3;6;9;11,I;III;aVR;V1;V4;V6,6,0.5,1,1,1,0,3
0;2;3;6;9;11,I;III;aVR;V1;V4;V6,6,0.6,1,0,1,0,2
0;2;3;6;9;11,I;III;aVR;V1;V4;V6,6,0.7,1,0,1,0,2
0;2;3;6;9;11,I;III;aVR;V1;V4;V6,6,0.8,1,0,1,0,2
0;2;3;6;9;11,I;III;aVR;V1;V4;V6,6,0.9,1,0,0,0,1
0;2;3;6;10,I;III;aVR;V1;V5,5,0.5,1,1,1,0,3
0;2;3;6;10,I;III;aVR;V1;V5,5,0.6,1,0,1,0,2
0;2;3;6;10,I;III;aVR;V1;V5,5,0.7,1,0,1,0,2
0;2;3;6;10,I;III;aVR;V1;V5,5,0.8,1,0,1,0,2
0;2;3;6;10,I;III;aVR;V1;V5,5,0.9,1,0,0,0,1
0;2;3;6;10;11,I;III;aVR;V1;V5;V6,6,0.5,1,1,1,0,3
0;2;3;6;10;11,I;III;aVR;V1;V5;V6,6,0.6,1,1,1,0,3
0;2;3;6;10;11,I;III;aVR;V1;V5;V6,6,0.7,1,0,1,0,2
0;2;3;6;10;11,I;III;aVR;V1;V5;V6,6,0.8,1,0,1,0,2
0;2;3;6;10;11,I;III;aVR;V1;V5;V6,6,0.9,1,0,0,0,1
0;2;3;6;11,I;III;aVR;V1;V6,5,0.5,1,1,1,0,3
0;2;3;6;11,I;III;aVR;V1;V6,5,0.6,1,1,1,0,3
0;2;3;6;11,I;III;aVR;V1;V6,5,0.7,1,0,1,0,2
0;2;3;6;11,I;III;aVR;V1;V6,5,0.8,1,0,1,0,2
0;2;3;6;11,I;III;aVR;V1;V6,5,0.9,1,0,0,0,1
0;2;3;7,I;III;aVR;V2,4,0.5,1,1,1,0,3
0;2;3;7,I;III;aVR;V2,4,0.6,1,0,1,0,2
0;2;3;7,I;III;aVR;V2,4,0.7,1,0,1,0,2
0;2;3;7,I;III;aVR;V2,4,0.8,1,0,1,0,2
0;2;3;7,I;III;aVR;V2,4,0.9,1,0,0,0,1
0;2;3;7;8,I;III;aVR;V2;V3,5,0.5,1,1,1,0,3
0;2;3;7;8,I;III;aVR;V2;V3,5,0.6,1,1,1,0,3
0;2;3;7;8,I;III;aVR;V2;V3,5,0.7,1,0,1,0,2
0;2;3;7;8,I;III;aVR;V2;V3,5,0.8,1,0,0,0,1
0;2;3;7;8,I;III;aVR;V2;V3,5,0.9,1,0,0,0,1
0;2;3;7;8;9,I;III;aVR;V2;V3;V4,6,0.5,1,1,1,0,3
0;2;3;7;8;9,I;III;aVR;V2;V3;V4,6,0.6,1,0,1,0,2
0;2;3;7;8;9,I;III;aVR;V2;V3;V4,6,0.7,1,0,1,0,2
0;2;3;7;8;9,I;III;aVR;V2;V3;V4,6,0.8,1,0,1,0,2
0;2;3;7;8;9,I;III;aVR;V2;V3;V4,6,0.9,1,0,0,0,1
0;2;3;7;8;9;10,I;III;aVR;V2;V3;V4;V5,7,0.5,1,1,1,0,3
0;2;3;7;8;9;10,I;III;aVR;V2;V3;V4;V5,7,0.6,1,0,1,0,2
0;2;3;7;8;9;10,I;III;aVR;V2;V3;V4;V5,7,0.7,1,0,1,0,2
0;2;3;7;8;9;10,I;III;aVR;V2;V3;V4;V5,7,0.8,1,0,0,0,1
0;2;3;7;8;9;10,I;III;aVR;V2;V3;V4;V5,7,0.9,1,0,0,0,1
0;2;3;7;8;9;10;11,I;III;aVR;V2;V3;V4;V5;V6,8,0.5,1,1,1,0,3
0;2;3;7;8;9;10;11,I;III;aVR;V2;V3;V4;V5;V6,8,0.6,1,0,1,0,2
0;2;3;7;8;9;10;11,I;III;aVR;V2;V3;V4;V5;V6,8,0.7,1,0,1,0,2
0;2;3;7;8;9;10;11,I;III;aVR;V2;V3;V4;V5;V6,8,0.8,1,0,0,0,1
0;2;3;7;8;9;10;11,I;III;aVR;V2;V3;V4;V5;V6,8,0.9,1,0,0,0,1
0;2;3;7;8;9;11,I;III;aVR;V2;V3;V4;V6,7,0.5,1,1,1,0,3
0;2;3;7;8;9;11,I;III;aVR;V2;V3;V4;V6,7,0.6,1,0,1,0,2
0;2;3;7;8;9;11,I;III;aVR;V2;V3;V4;V6,7,0.7,1,0,1,0,2
0;2;3;7;8;9;11,I;III;aVR;V2;V3;V4;V6,7,0.8,1,0,0,0,1
0;2;3;7;8;9;11,I;III;aVR;V2;V3;V4;V6,7,0.9,1,0,0,0,1
0;2;3;7;8;10,I;III;aVR;V2;V3;V5,6,0.5,1,1,1,0,3
0;2;3;7;8;10,I;III;aVR;V2;V3;V5,6,0.6,1,0,1,0,2
0;2;3;7;8;10,I;III;aVR;V2;V3;V5,6,0.7,1,0,1,0,2
0;2;3;7;8;10,I;III;aVR;V2;V3;V5,6,0.8,1,0,0,0,1
0;2;3;7;8;10,I;III;aVR;V2;V3;V5,6,0.9,1,0,0,0,1
0;2;3;7;8;10;11,I;III;aVR;V2;V3;V5;V6,7,0.5,1,1,1,0,3
0;2;3;7;8;10;11,I;III;aVR;V2;V3;V5;V6,7,0.6,1,0,1,0,2
0;2;3;7;8;10;11,I;III;aVR;V2;V3;V5;V6,7,0.7,1,0,1,0,2
0;2;3;7;8;10;11,I;III;aVR;V2;V3;V5;V6,7,0.8,1,0,1,0,2
0;2;3;7;8;10;11,I;III;aVR;V2;V3;V5;V6,7,0.9,1,0,0,0,1
0;2;3;7;8;11,I;III;aVR;V2;V3;V6,6,0.5,1,1,1,0,3
0;2;3;7;8;11,I;III;aVR;V2;V3;V6,6,0.6,1,0,1,0,2
0;2;3;7;8;11,I;III;aVR;V2;V3;V6,6,0.7,1,0,1,0,2
0;2;3;7;8;11,I;III;aVR;V2;V3;V6,6,0.8,1,0,0,0,1
0;2;3;7;8;11,I;III;aVR;V2;V3;V6,6,0.9,1,0,0,0,1
0;2;3;7;9,I;III;aVR;V2;V4,5,0.5,1,1,1,0,3
0;2;3;7;9,I;III;aVR;V2;V4,5,0.6,1,1,1,0,3
0;2;3;7;9,I;III;aVR;V2;V4,5,0.7,1,0,1,0,2
0;2;3;7;9,I;III;aVR;V2;V4,5,0.8,1,0,1,0,2
0;2;3;7;9,I;III;aVR;V2;V4,5,0.9,1,0,0,0,1
0;2;3;7;9;10,I;III;aVR;V2;V4;V5,6,0.5,1,1,1,0,3
0;2;3;7;9;10,I;III;aVR;V2;V4;V5,6,0.6,1,1,1,0,3
0;2;3;7;9;10,I;III;aVR;V2;V4;V5,6,0.7,1,0,1,0,2
0;2;3;7;9;10,I;III;aVR;V2;V4;V5,6,0.8,1,0,0,0,1
0;2;3;7;9;10,I;III;aVR;V2;V4;V5,6,0.9,1,0,0,0,1
0;2;3;7;9;10;11,I;III;aVR;V2;V4;V5;V6,7,0.5,1,1,1,0,3
0;2;3;7;9;10;11,I;III;aVR;V2;V4;V5;V6,7,0.6,1,0,1,0,2
0;2;3;7;9;10;11,I;III;aVR;V2;V4;V5;V6,7,0.7,1,0,1,0,2
0;2;3;7;9;10;11,I;III;aVR;V2;V4;V5;V6,7,0.8,1,0,1,0,2
0;2;3;7;9;10;11,I;III;aVR;V2;V4;V5;V6,7,0.9,1,0,0,0,1
0;2;3;7;9;11,I;III;aVR;V2;V4;V6,6,0.5,1,1,1,0,3
0;2;3;7;9;11,I;III;aVR;V2;V4;V6,6,0.6,1,0,1,0,2
0;2;3;7;9;11,I;III;aVR;V2;V4;V6,6,0.7,1,0,1,0,2
0;2;3;7;9;11,I;III;aVR;V2;V4;V6,6,0.8,1,0,0,0,1
0;2;3;7;9;11,I;III;aVR;V2;V4;V6,6,0.9,1,0,0,0,1
0;2;3;7;10,I;III;aVR;V2;V5,5,0.5,1,1,1,0,3
0;2;3;7;10,I;III;aVR;V2;V5,5,0.6,1,1,1,0,3
0;2;3;7;10,I;III;aVR;V2;V5,5,0.7,1,0,1,0,2
0;2;3;7;10,I;III;aVR;V2;V5,5,0.8,1,0,0,0,1
0;2;3;7;10,I;III;aVR;V2;V5,5,0.9,1,0,0,0,1
0;2;3;7;10;11,I;III;aVR;V2;V5;V6,6,0.5,1,1,1,0,3
0;2;3;7;10;11,I;III;aVR;V2;V5;V6,6,0.6,1,1,1,0,3
0;2;3;7;10;11,I;III;aVR;V2;V5;V6,6,0.7,1,0,1,0,2
0;2;3;7;10;11,I;III;aVR;V2;V5;V6,6,0.8,1,0,0,0,1
0;2;3;7;10;11,I;III;aVR;V2;V5;V6,6,0.9,1,0,0,0,1
0;2;3;7;11,I;III;aVR;V2;V6,5,0.5,1,1,1,0,3
0;2;3;7;11,I;III;aVR;V2;V6,5,0.6,1,1,1,0,3
0;2;3;7;11,I;III;aVR;V2;V6,5,0.7,1,0,1,0,2
0;2;3;7;11,I;III;aVR;V2;V6,5,0.8,1,0,1,0,2
0;2;3;7;11,I;III;aVR;V2;V6,5,0.9,1,0,0,0,1
0;2;3;8,I;III;aVR;V3,4,0.5,1,1,1,0,3
0;2;3;8,I;III;aVR;V3,4,0.6,1,0,1,0,2
0;2;3;8,I;III;aVR;V3,4,0.7,1,0,1,0,2
0;2;3;8,I;III;aVR;V3,4,0.8,1,0,0,0,1
0;2;3;8,I;III;aVR;V3,4,0.9,1,0,0,0,1
0;2;3;8;9,I;III;aVR;V3;V4,5,0.5,1,1,1,0,3
0;2;3;8;9,I;III;aVR;V3;V4,5,0.6,1,0,1,0,2
0;2;3;8;9,I;III;aVR;V3;V4,5,0.7,1,0,1,0,2
0;2;3;8;9,I;III;aVR;V3;V4,5,0.8,1,0,1,0,2
0;2;3;8;9,I;III;aVR;V3;V4,5,0.9,1,0,0,0,1
0;2;3;8;9;10,I;III;aVR;V3;V4;V5,6,0.5,1,1,1,0,3
0;2;3;8;9;10,I;III;aVR;V3;V4;V5,6,0.6,1,1,1,0,3
0;2;3;8;9;10,I;III;aVR;V3;V4;V5,6,0.7,1,0,1,0,2
0;2;3;8;9;10,I;III;aVR;V3;V4;V5,6,0.8,1,0,0,0,1
0;2;3;8;9;10,I;III;aVR;V3;V4;V5,6,0.9,1,0,0,0,1
0;2;3;8;9;10;11,I;III;aVR;V3;V4;V5;V6,7,0.5,1,1,1,0,3
0;2;3;8;9;10;11,I;III;aVR;V3;V4;V5;V6,7,0.6,1,0,1,0,2
0;2;3;8;9;10;11,I;III;aVR;V3;V4;V5;V6,7,0.7,1,0,1,0,2
0;2;3;8;9;10;11,I;III;aVR;V3;V4;V5;V6,7,0.8,1,0,0,0,1
0;2;3;8;9;10;11,I;III;aVR;V3;V4;V5;V6,7,0.9,1,0,0,0,1
0;2;3;8;9;11,I;III;aVR;V3;V4;V6,6,0.5,1,1,1,0,3
0;2;3;8;9;11,I;III;aVR;V3;V4;V6,6,0.6,1,0,1,0,2
0;2;3;8;9;11,I;III;aVR;V3;V4;V6,6,0.7,1,0,1,0,2
0;2;3;8;9;11,I;III;aVR;V3;V4;V6,6,0.8,1,0,0,0,1
0;2;3;8;9;11,I;III;aVR;V3;V4;V6,6,0.9,1,0,0,0,1
0;2;3;8;10,I;III;aVR;V3;V5,5,0.5,1,1,1,0,3
0;2;3;8;10,I;III;aVR;V3;V5,5,0.6,1,0,1,0,2
0;2;3;8;10,I;III;aVR;V3;V5,5,0.7,1,0,1,0,2
0;2;3;8;10,I;III;aVR;V3;V5,5,0.8,1,0,0,0,1
0;2;3;8;10,I;III;aVR;V3;V5,5,0.9,1,0,0,0,1
0;2;3;8;10;11,I;III;aVR;V3;V5;V6,6,0.5,1,1,1,0,3
0;2;3;8;10;11,I;III;aVR;V3;V5;V6,6,0.6,1,0,1,0,2
0;2;3;8;10;11,I;III;aVR;V3;V5;V6,6,0.7,1,0,1,0,2
0;2;3;8;10;11,I;III;aVR;V3;V5;V6,6,0.8,1,0,0,0,1
0;2;3;8;10;11,I;III;aVR;V3;V5;V6,6,0.9,1,0,0,0,1
0;2;3;8;11,I;III;aVR;V3;V6,5,0.5,1,1,1,0,3
0;2;3;8;11,I;III;aVR;V3;V6,5,0.6,1,0,1,0,2
0;2;3;8;11,I;III;aVR;V3;V6,5,0.7,1,0,1,0,2
0;2;3;8;11,I;III;aVR;V3;V6,5,0.8,1,0,0,0,1
0;2;3;8;11,I;III;aVR;V3;V6,5,0.9,1,0,0,0,1
0;2;3;9,I;III;aVR;V4,4,0.5,1,1,1,0,3
0;2;3;9,I;III;aVR;V4,4,0.6,1,0,1,0,2
0;2;3;9,I;III;aVR;V4,4,0.7,1,0,1,0,2
0;2;3;9,I;III;aVR;V4,4,0.8,1,0,1,0,2
0;2;3;9,I;III;aVR;V4,4,0.9,1,0,0,0,1
0;2;3;9;10,I;III;aVR;V4;V5,5,0.5,1,1,1,0,3
0;2;3;9;10,I;III;aVR;V4;V5,5,0.6,1,0,1,0,2
0;2;3;9;10,I;III;aVR;V4;V5,5,0.7,1,0,1,0,2
0;2;3;9;10,I;III;aVR;V4;V5,5,0.8,1,0,0,0,1
0;2;3;9;10,I;III;aVR;V4;V5,5,0.9,1,0,0,0,1
0;2;3;9;10;11,I;III;aVR;V4;V5;V6,6,0.5,1,1,1,0,3
0;2;3;9;10;11,I;III;aVR;V4;V5;V6,6,0.6,1,0,1,0,2
0;2;3;9;10;11,I;III;aVR;V4;V5;V6,6,0.7,1,0,1,0,2
0;2;3;9;10;11,I;III;aVR;V4;V5;V6,6,0.8,1,0,0,0,1
0;2;3;9;10;11,I;III;aVR;V4;V5;V6,6,0.9,1,0,0,0,1
0;2;3;9;11,I;III;aVR;V4;V6,5,0.5,1,1,1,0,3
0;2;3;9;11,I;III;aVR;V4;V6,5,0.6,1,0,1,0,2
0;2;3;9;11,I;III;aVR;V4;V6,5,0.7,1,0,1,0,2
0;2;3;9;11,I;III;aVR;V4;V6,5,0.8,1,0,0,0,1
0;2;3;9;11,I;III;aVR;V4;V6,5,0.9,1,0,0,0,1
0;2;3;10,I;III;aVR;V5,4,0.5,1,1,1,0,3
0;2;3;10,I;III;aVR;V5,4,0.6,1,0,1,0,2
0;2;3;10,I;III;aVR;V5,4,0.7,1,0,1,0,2
0;2;3;10,I;III;aVR;V5,4,0.8,1,0,0,0,1
0;2;3;10,I;III;aVR;V5,4,0.9,1,0,0,0,1
0;2;3;10;11,I;III;aVR;V5;V6,5,0.5,1,1,1,0,3
0;2;3;10;11,I;III;aVR;V5;V6,5,0.6,1,0,1,0,2
0;2;3;10;11,I;III;aVR;V5;V6,5,0.7,1,0,1,0,2
0;2;3;10;11,I;III;aVR;V5;V6,5,0.8,1,0,0,0,1
0;2;3;10;11,I;III;aVR;V5;V6,5,0.9,1,0,0,0,1
0;2;3;11,I;III;aVR;V6,4,0.5,1,1,1,0,3
0;2;3;11,I;III;aVR;V6,4,0.6,1,0,1,0,2
0;2;3;11,I;III;aVR;V6,4,0.7,1,0,1,0,2
0;2;3;11,I;III;aVR;V6,4,0.8,1,0,0,0,1
0;2;3;11,I;III;aVR;V6,4,0.9,1,0,0,0,1
0;2;4,I;III;aVL,3,0.5,1,1,1,0,3
0;2;4,I;III;aVL,3,0.6,1,1,1,0,3
0;2;4,I;III;aVL,3,0.7,1,0,1,0,2
0;2;4,I;III;aVL,3,0.8,1,0,1,0,2
0;2;4,I;III;aVL,3,0.9,1,0,0,0,1
0;2;4;5,I;III;aVL;aVF,3,0.5,1,1,1,0,3
0;2;4;5,I;III;aVL;aVF,3,0.6,1,1,1,0,3
0;2;4;5,I;III;aVL;aVF,3,0.7,1,0,1,0,2
0;2;4;5,I;III;aVL;aVF,3,0.8,1,0,1,0,2
0;2;4;5,I;III;aVL;aVF,3,0.9,1,0,0,0,1
0;2;4;5;6,I;III;aVL;aVF;V1,4,0.5,1,1,1,0,3
0;2;4;5;6,I;III;aVL;aVF;V1,4,0.6,1,1,1,0,3
0;2;4;5;6,I;III;aVL;aVF;V1,4,0.7,1,0,1,0,2
0;2;4;5;6,I;III;aVL;aVF;V1,4,0.8,1,0,1,0,2
0;2;4;5;6,I;III;aVL;aVF;V1,4,0.9,1,0,0,0,1
0;2;4;5;6;7,I;III;aVL;aVF;V1;V2,5,0.5,1,1,1,0,3
0;2;4;5;6;7,I;III;aVL;aVF;V1;V2,5,0.6,1,1,1,0,3
0;2;4;5;6;7,I;III;aVL;aVF;V1;V2,5,0.7,1,0,1,0,2
0;2;4;5;6;7,I;III;aVL;aVF;V1;V2,5,0.8,1,0,1,0,2
0;2;4;5;6;7,I;III;aVL;aVF;V1;V2,5,0.9,1,0,0,0,1
0;2;4;5;6;7;8,I;III;aVL;aVF;V1;V2;V3,6,0.5,1,1,1,0,3
0;2;4;5;6;7;8,I;III;aVL;aVF;V1;V2;V3,6,0.6,1,0,1,0,2
0;2;4;5;6;7;8,I;III;aVL;aVF;V1;V2;V3,6,0.7,1,0,1,0,2
0;2;4;5;6;7;8,I;III;aVL;aVF;V1;V2;V3,6,0.8,1,0,1,0,2
0;2;4;5;6;7;8,I;III;aVL;aVF;V1;V2;V3,6,0.9,1,0,0,0,1
0;2;4;5;6;7;8;9,I;III;aVL;aVF;V1;V2;V3;V4,7,0.5,1,1,1,0,3
0;2;4;5;6;7;8;9,I;III;aVL;aVF;V1;V2;V3;V4,7,0.6,1,1,1,0,3
0;2;4;5;6;7;8;9,I;III;aVL;aVF;V1;V2;V3;V4,7,0.7,1,0,1,0,2
0;2;4;5;6;7;8;9,I;III;aVL;aVF;V1;V2;V3;V4,7,0.8,1,0,1,0,2
0;2;4;5;6;7;8;9,I;III;aVL;aVF;V1;V2;V3;V4,7,0.9,1,0,0,0,1
0;2;4;5;6;7;8;9;10,I;III;aVL;aVF;V1;V2;V3;V4;V5,8,0.5,1,1,1,0,3
0;2;4;5;6;7;8;9;10,I;III;aVL;aVF;V1;V2;V3;V4;V5,8,0.6,1,0,1,0,2
0;2;4;5;6;7;8;9;10,I;III;aVL;aVF;V1;V2;V3;V4;V5,8,0.7,1,0,1,0,2
0;2;4;5;6;7;8;9;10,I;III;aVL;aVF;V1;V2;V3;V4;V5,8,0.8,1,0,1,0,2
0;2;4;5;6;7;8;9;10,I;III;aVL;aVF;V1;V2;V3;V4;V5,8,0.9,1,0,0,0,1
0;2;4;5;6;7;8;9;10;11,I;III;aVL;aVF;V1;V2;V3;V4;V5;V6,9,0.5,1,1,1,0,3
0;2;4;5;6;7;8;9;10;11,I;III;aVL;aVF;V1;V2;V3;V4;V5;V6,9,0.6,1,0,1,0,2
0;2;4;5;6;7;8;9;10;11,I;III;aVL;aVF;V1;V2;V3;V4;V5;V6,9,0.7,1,0,1,0,2
0;2;4;5;6;7;8;9;10;11,I;III;aVL;aVF;V1;V2;V3;V4;V5;V6,9,0.8,1,0,1,0,2
0;2;4;5;6;7;8;9;10;11,I;III;aVL;aVF;V1;V2;V3;V4;V5;V6,9,0.9,1,0,0,0,1
0;2;4;5;6;7;8;9;11,I;III;aVL;aVF;V1;V2;V3;V4;V6,8,0.5,1,1,1,0,3
0;2;4;5;6;7;8;9;11,I;III;aVL;aVF;V1;V2;V3;V4;V6,8,0.6,1,0,1,0,2
0;2;4;5;6;7;8;9;11,I;III;aVL;aVF;V1;V2;V3;V4;V6,8,0.7,1,0,1,0,2
0;2;4;5;6;7;8;9;11,I;III;aVL;aVF;V1;V2;V3;V4;V6,8,0.8,1,0,1,0,2
0;2;4;5;6;7;8;9;11,I;III;aVL;aVF;V1;V2;V3;V4;V6,8,0.9,1,0,0,0,1
0;2;4;5;6;7;8;10,I;III;aVL;aVF;V1;V2;V3;V5,7,0.5,1,1,1,0,3
0;2;4;5;6;7;8;10,I;III;aVL;aVF;V1;V2;V3;V5,7,0.6,1,0,1,0,2
0;2;4;5;6;7;8;10,I;III;aVL;aVF;V1;V2;V3;V5,7,0.7,1,0,1,0,2
0;2;4;5;6;7;8;10,I;III;aVL;aVF;V1;V2;V3;V5,7,0.8,1,0,1,0,2
0;2;4;5;6;7;8;10,I;III;aVL;aVF;V1;V2;V3;V5,7,0.9,1,0,0,0,1
0;2;4;5;6;7;8;10;11,I;III;aVL;aVF;V1;V2;V3;V5;V6,8,0.5,1,1,1,0,3
0;2;4;5;6;7;8;10;11,I;III;aVL;aVF;V1;V2;V3;V5;V6,8,0.6,1,0,1,0,2
0;2;4;5;6;7;8;10;11,I;III;aVL;aVF;V1;V2;V3;V5;V6,8,0.7,1,0,1,0,2
0;2;4;5;6;7;8;10;11,I;III;aVL;aVF;V1;V2;V3;V5;V6,8,0.8,1,0,1,0,2
0;2;4;5;6;7;8;10;11,I;III;aVL;aVF;V1;V2;V3;V5;V6,8,0.9,1,0,0,0,1
0;2;4;5;6;7;8;11,I;III;aVL;aVF;V1;V2;V3;V6,7,0.5,1,1,1,0,3
0;2;4;5;6;7;8;11,I;III;aVL;aVF;V1;V2;V3;V6,7,0.6,1,0,1,0,2
0;2;4;5;6;7;8;11,I;III;aVL;aVF;V1;V2;V3;V6,7,0.7,1,0,1,0,2
0;2;4;5;6;7;8;11,I;III;aVL;aVF;V1;V2;V3;V6,7,0.8,1,0,1,0,2
0;2;4;5;6;7;8;11,I;III;aVL;aVF;V1;V2;V3;V6,7,0.9,1,0,0,0,1
0;2;4;5;6;7;9,I;III;aVL;aVF;V1;V2;V4,6,0.5,1,1,1,0,3
0;2;4;5;6;7;9,I;III;aVL;aVF;V1;V2;V4,6,0.6,1,1,1,0,3
0;2;4;5;6;7;9,I;III;aVL;aVF;V1;V2;V4,6,0.7,1,0,1,0,2
0;2;4;5;6;7;9,I;III;aVL;aVF;V1;V2;V4,6,0.8,1,0,1,0,2
0;2;4;5;6;7;9,I;III;aVL;aVF;V1;V2;V4,6,0.9,1,0,0,0,1
0;2;4;5;6;7;9;10,I;III;aVL;aVF;V1;V2;V4;V5,7,0.5,1,1,1,0,3
0;2;4;5;6;7;9;10,I;III;aVL;aVF;V1;V2;V4;V5,7,0.6,1,0,1,0,2
0;2;4;5;6;7;9;10,I;III;aVL;aVF;V1;V2;V4;V5,7,0.7,1,0,1,0,2
0;2;4;5;6;7;9;10,I;III;aVL;aVF;V1;V2;V4;V5,7,0.8,1,0,1,0,2
0;2;4;5;6;7;9;10,I;III;aVL;aVF;V1;V2;V4;V5,7,0.9,1,0,0,0,1
0;2;4;5;6;7;9;10;11,I;III;aVL;aVF;V1;V2;V4;V5;V6,8,0.5,1,1,1,0,3
0;2;4;5;6;7;9;10;11,I;III;aVL;aVF;V1;V2;V4;V5;V6,8,0.6,1,0,1,0,2
0;2;4;5;6;7;9;10;11,I;III;aVL;aVF;V1;V2;V4;V5;V6,8,0.7,1,0,1,0,2
0;2;4;5;6;7;9;10;11,I;III;aVL;aVF;V1;V2;V4;V5;V6,8,0.8,1,0,1,0,2
0;2;4;5;6;7;9;10;11,I;III;aVL;aVF;V1;V2;V4;V5;V6,8,0.9,1,0,0,0,1
0;2;4;5;6;7;9;11,I;III;aVL;aVF;V1;V2;V4;V6,7,0.5,1,1,1,0,3
0;2;4;5;6;7;9;11,I;III;aVL;aVF;V1;V2;V4;V6,7,0.6,1,0,1,0,2
0;2;4;5;6;7;9;11,I;III;aVL;aVF;V1;V2;V4;V6,7,0.7,1,0,1,0,2
0;2;4;5;6;7;9;11,I;III;aVL;aVF;V1;V2;V4;V6,7,0.8,1,0,1,0,2
0;2;4;5;6;7;9;11,I;III;aVL;aVF;V1;V2;V4;V6,7,0.9,1,0,0,0,1
0;2;4;5;6;7;10,I;III;aVL;aVF;V1;V2;V5,6,0.5,1,1,1,0,3
0;2;4;5;6;7;10,I;III;aVL;aVF;V1;V2;V5,6,0.6,1,0,1,0,2
0;2;4;5;6;7;10,I;III;aVL;aVF;V1;V2;V5,6,0.7,1,0,1,0,2
0;2;4;5;6;7;10,I;III;aVL;aVF;V1;V2;V5,6,0.8,1,0,1,0,2
0;2;4;5;6;7;10,I;III;aVL;aVF;V1;V2;V5,6,0.9,1,0,0,0,1
0;2;4;5;6;7;10;11,I;III;aVL;aVF;V1;V2;V5;V6,7,0.5,1,1,1,0,3
0;2;4;5;6;7;10;11,I;III;aVL;aVF;V1;V2;V5;V6,7,0.6,1,0,1,0,2
0;2;4;5;6;7;10;11,I;III;aVL;aVF;V1;V2;V5;V6,7,0.7,1,0,1,0,2
0;2;4;5;6;7;10;11,I;III;aVL;aVF;V1;V2;V5;V6,7,0.8,1,0,1,0,2
0;2;4;5;6;7;10;11,I;III;aVL;aVF;V1;V2;V5;V6,7,0.9,1,0,0,0,1
0;2;4;5;6;7;11,I;III;aVL;aVF;V1;V2;V6,6,0.5,1,1,1,0,3
0;2;4;5;6;7;11,I;III;aVL;aVF;V1;V2;V6,6,0.6,1,1,1,0,3
0;2;4;5;6;7;11,I;III;aVL;aVF;V1;V2;V6,6,0.7,1,0,1,0,2
0;2;4;5;6;7;11,I;III;aVL;aVF;V1;V2;V6,6,0.8,1,0,1,0,2
0;2;4;5;6;7;11,I;III;aVL;aVF;V1;V2;V6,6,0.9,1,0,0,0,1
0;2;4;5;6;8,I;III;aVL;aVF;V1;V3,5,0.5,1,1,1,0,3
0;2;4;5;6;8,I;III;aVL;aVF;V1;V3,5,0.6,1,0,1,0,2
0;2;4;5;6;8,I;III;aVL;aVF;V1;V3,5,0.7,1,0,1,0,2
0;2;4;5;6;8,I;III;aVL;aVF;V1;V3,5,0.8,1,0,0,0,1
0;2;4;5;6;8,I;III;aVL;aVF;V1;V3,5,0.9,1,0,0,0,1
0;2;4;5;6;8;9,I;III;aVL;aVF;V1;V3;V4,6,0.5,1,1,1,0,3
0;2;4;5;6;8;9,I;III;aVL;aVF;V1;V3;V4,6,0.6,1,0,1,0,2
0;2;4;5;6;8;9,I;III;aVL;aVF;V1;V3;V4,6,0.7,1,0,1,0,2
0;2;4;5;6;8;9,I;III;aVL;aVF;V1;V3;V4,6,0.8,1,0,1,0,2
0;2;4;5;6;8;9,I;III;aVL;aVF;V1;V3;V4,6,0.9,1,0,0,0,1
0;2;4;5;6;8;9;10,I;III;aVL;aVF;V1;V3;V4;V5,7,0.5,1,1,1,0,3
0;2;4;5;6;8;9;10,I;III;aVL;aVF;V1;V3;V4;V5,7,0.6,1,0,1,0,2
0;2;4;5;6;8;9;10,I;III;aVL;aVF;V1;V3;V4;V5,7,0.7,1,0,1,0,2
0;2;4;5;6;8;9;10,I;III;aVL;aVF;V1;V3;V4;V5,7,0.8,1,0,1,0,2
0;2;4;5;6;8;9;10,I;III;aVL;aVF;V1;V3;V4;V5,7,0.9,1,0,0,0,1
0;2;4;5;6;8;9;10;11,I;III;aVL;aVF;V1;V3;V4;V5;V6,8,0.5,1,1,1,0,3
0;2;4;5;6;8;9;10;11,I;III;aVL;aVF;V1;V3;V4;V5;V6,8,0.6,1,0,1,0,2
0;2;4;5;6;8;9;10;11,I;III;aVL;aVF;V1;V3;V4;V5;V6,8,0.7,1,0,1,0,2
0;2;4;5;6;8;9;10;11,I;III;aVL;aVF;V1;V3;V4;V5;V6,8,0.8,1,0,1,0,2
0;2;4;5;6;8;9;10;11,I;III;aVL;aVF;V1;V3;V4;V5;V6,8,0.9,1,0,0,0,1
0;2;4;5;6;8;9;11,I;III;aVL;aVF;V1;V3;V4;V6,7,0.5,1,1,1,0,3
0;2;4;5;6;8;9;11,I;III;aVL;aVF;V1;V3;V4;V6,7,0.6,1,0,1,0,2
0;2;4;5;6;8;9;11,I;III;aVL;aVF;V1;V3;V4;V6,7,0.7,1,0,1,0,2
0;2;4;5;6;8;9;11,I;III;aVL;aVF;V1;V3;V4;V6,7,0.8,1,0,1,0,2
0;2;4;5;6;8;9;11,I;III;aVL;aVF;V1;V3;V4;V6,7,0.9,1,0,0,0,1
0;2;4;5;6;8;10,I;III;aVL;aVF;V1;V3;V5,6,0.5,1,1,1,0,3
0;2;4;5;6;8;10,I;III;aVL;aVF;V1;V3;V5,6,0.6,1,0,1,0,2
0;2;4;5;6;8;10,I;III;aVL;aVF;V1;V3;V5,6,0.7,1,0,1,0,2
0;2;4;5;6;8;10,I;III;aVL;aVF;V1;V3;V5,6,0.8,1,0,1,0,2
0;2;4;5;6;8;10,I;III;aVL;aVF;V1;V3;V5,6,0.9,1,0,0,0,1
0;2;4;5;6;8;10;11,I;III;aVL;aVF;V1;V3;V5;V6,7,0.5,1,1,1,0,3
0;2;4;5;6;8;10;11,I;III;aVL;aVF;V1;V3;V5;V6,7,0.6,1,0,1,0,2
0;2;4;5;6;8;10;11,I;III;aVL;aVF;V1;V3;V5;V6,7,0.7,1,0,1,0,2
0;2;4;5;6;8;10;11,I;III;aVL;aVF;V1;V3;V5;V6,7,0.8,1,0,1,0,2
0;2;4;5;6;8;10;11,I;III;aVL;aVF;V1;V3;V5;V6,7,0.9,1,0,0,0,1
0;2;4;5;6;8;11,I;III;aVL;aVF;V1;V3;V6,6,0.5,1,1,1,0,3
0;2;4;5;6;8;11,I;III;aVL;aVF;V1;V3;V6,6,0.6,1,0,1,0,2
0;2;4;5;6;8;11,I;III;aVL;aVF;V1;V3;V6,6,0.7,1,0,1,0,2
0;2;4;5;6;8;11,I;III;aVL;aVF;V1;V3;V6,6,0.8,1,0,1,0,2
0;2;4;5;6;8;11,I;III;aVL;aVF;V1;V3;V6,6,0.9,1,0,0,0,1
0;2;4;5;6;9,I;III;aVL;aVF;V1;V4,5,0.5,1,1,1,0,3
0;2;4;5;6;9,I;III;aVL;aVF;V1;V4,5,0.6,1,0,1,0,2
0;2;4;5;6;9,I;III;aVL;aVF;V1;V4,5,0.7,1,0,1,0,2
0;2;4;5;6;9,I;III;aVL;aVF;V1;V4,5,0.8,1,0,1,0,2
0;2;4;5;6;9,I;III;aVL;aVF;V1;V4,5,0.9,1,0,0,0,1
0;2;4;5;6;9;10,I;III;aVL;aVF;V1;V4;V5,6,0.5,1,1,1,0,3
0;2;4;5;6;9;10,I;III;aVL;aVF;V1;V4;V5,6,0.6,1,0,1,0,2
0;2;4;5;6;9;10,I;III;aVL;aVF;V1;V4;V5,6,0.7,1,0,1,0,2
0;2;4;5;6;9;10,I;III;aVL;aVF;V1;V4;V5,6,0.8,1,0,1,0,2
0;2;4;5;6;9;10,I;III;aVL;aVF;V1;V4;V5,6,0.9,1,0,0,0,1
0;2;4;5;6;9;10;11,I;III;aVL;aVF;V1;V4;V5;V6,7,0.5,1,1,1,0,3
0;2;4;5;6;9;10;11,I;III;aVL;aVF;V1;V4;V5;V6,7,0.6,1,0,1,0,2
0;2;4;5;6;9;10;11,I;III;aVL;aVF;V1;V4;V5;V6,7,0.7,1,0,1,0,2
0;2;4;5;6;9;10;11,I;III;aVL;aVF;V1;V4;V5;V6,7,0.8,1,0,1,0,2
0;2;4;5;6;9;10;11,I;III;aVL;aVF;V1;V4;V5;V6,7,0.9,1,0,0,0,1
0;2;4;5;6;9;11,I;III;aVL;aVF;V1;V4;V6,6,0.5,1,1,1,0,3
0;2;4;5;6;9;11,I;III;aVL;aVF;V1;V4;V6,6,0.6,1,0,1,0,2
0;2;4;5;6;9;11,I;III;aVL;aVF;V1;V4;V6,6,0.7,1,0,1,0,2
0;2;4;5;6;9;11,I;III;aVL;aVF;V1;V4;V6,6,0.8,1,0,1,0,2
0;2;4;5;6;9;11,I;III;aVL;aVF;V1;V4;V6,6,0.9,1,0,0,0,1
0;2;4;5;6;10,I;III;aVL;aVF;V1;V5,5,0.5,1,1,1,0,3
0;2;4;5;6;10,I;III;aVL;aVF;V1;V5,5,0.6,1,0,1,0,2
0;2;4;5;6;10,I;III;aVL;aVF;V1;V5,5,0.7,1,0,1,0,2
0;2;4;5;6;10,I;III;aVL;aVF;V1;V5,5,0.8,1,0,1,0,2
0;2;4;5;6;10,I;III;aVL;aVF;V1;V5,5,0.9,1,0,0,0,1
0;2;4;5;6;10;11,I;III;aVL;aVF;V1;V5;V6,6,0.5,1,1,1,0,3
0;2;4;5;6;10;11,I;III;aVL;aVF;V1;V5;V6,6,0.6,1,0,1,0,2
0;2;4;5;6;10;11,I;III;aVL;aVF;V1;V5;V6,6,0.7,1,0,1,0,2
0;2;4;5;6;10;11,I;III;aVL;aVF;V1;V5;V6,6,0.8,1,0,1,0,2
0;2;4;5;6;10;11,I;III;aVL;aVF;V1;V5;V6,6,0.9,1,0,0,0,1
0;2;4;5;6;11,I;III;aVL;aVF;V1;V6,5,0.5,1,1,1,0,3
0;2;4;5;6;11,I;III;aVL;aVF;V1;V6,5,0.6,1,1,1,0,3
0;2;4;5;6;11,I;III;aVL;aVF;V1;V6,5,0.7,1,0,1,0,2
0;2;4;5;6;11,I;III;aVL;aVF;V1;V6,5,0.8,1,0,1,0,2
0;2;4;5;6;11,I;III;aVL;aVF;V1;V6,5,0.9,1,0,0,0,1
0;2;4;5;7,I;III;aVL;aVF;V2,4,0.5,1,1,1,0,3
0;2;4;5;7,I;III;aVL;aVF;V2,4,0.6,1,0,1,0,2
0;2;4;5;7,I;III;aVL;aVF;V2,4,0.7,1,0,1,0,2
0;2;4;5;7,I;III;aVL;aVF;V2,4,0.8,1,0,1,0,2
0;2;4;5;7,I;III;aVL;aVF;V2,4,0.9,1,0,0,0,1
0;2;4;5;7;8,I;III;aVL;aVF;V2;V3,5,0.5,1,1,1,0,3
0;2;4;5;7;8,I;III;aVL;aVF;V2;V3,5,0.6,1,1,1,0,3
0;2;4;5;7;8,I;III;aVL;aVF;V2;V3,5,0.7,1,0,1,0,2
0;2;4;5;7;8,I;III;aVL;aVF;V2;V3,5,0.8,1,0,0,0,1
0;2;4;5;7;8,I;III;aVL;aVF;V2;V3,5,0.9,1,0,0,0,1
0;2;4;5;7;8;9,I;III;aVL;aVF;V2;V3;V4,6,0.5,1,1,1,0,3
0;2;4;5;7;8;9,I;III;aVL;aVF;V2;V3;V4,6,0.6,1,1,1,0,3
0;2;4;5;7;8;9,I;III;aVL;aVF;V2;V3;V4,6,0.7,1,0,1,0,2
0;2;4;5;7;8;9,I;III;aVL;aVF;V2;V3;V4,6,0.8,1,0,0,0,1
0;2;4;5;7;8;9,I;III;aVL;aVF;V2;V3;V4,6,0.9,1,0,0,0,1
0;2;4;5;7;8;9;10,I;III;aVL;aVF;V2;V3;V4;V5,7,0.5,1,1,1,0,3
0;2;4;5;7;8;9;10,I;III;aVL;aVF;V2;V3;V4;V5,7,0.6,1,0,1,0,2
0;2;4;5;7;8;9;10,I;III;aVL;aVF;V2;V3;V4;V5,7,0.7,1,0,1,0,2
0;2;4;5;7;8;9;10,I;III;aVL;aVF;V2;V3;V4;V5,7,0.8,1,0,1,0,2
0;2;4;5;7;8;9;10,I;III;aVL;aVF;V2;V3;V4;V5,7,0.9,1,0,0,0,1
0;2;4;5;7;8;9;10;11,I;III;aVL;aVF;V2;V3;V4;V5;V6,8,0.5,1,1,1,0,3
0;2;4;5;7;8;9;10;11,I;III;aVL;aVF;V2;V3;V4;V5;V6,8,0.6,1,0,1,0,2
0;2;4;5;7;8;9;10;11,I;III;aVL;aVF;V2;V3;V4;V5;V6,8,0.7,1,0,1,0,2
0;2;4;5;7;8;9;10;11,I;III;aVL;aVF;V2;V3;V4;V5;V6,8,0.8,1,0,1,0,2
0;2;4;5;7;8;9;10;11,I;III;aVL;aVF;V2;V3;V4;V5;V6,8,0.9,1,0,0,0,1
0;2;4;5;7;8;9;11,I;III;aVL;aVF;V2;V3;V4;V6,7,0.5,1,1,1,0,3
0;2;4;5;7;8;9;11,I;III;aVL;aVF;V2;V3;V4;V6,7,0.6,1,0,1,0,2
0;2;4;5;7;8;9;11,I;III;aVL;aVF;V2;V3;V4;V6,7,0.7,1,0,1,0,2
0;2;4;5;7;8;9;11,I;III;aVL;aVF;V2;V3;V4;V6,7,0.8,1,0,0,0,1
0;2;4;5;7;8;9;11,I;III;aVL;aVF;V2;V3;V4;V6,7,0.9,1,0,0,0,1
0;2;4;5;7;8;10,I;III;aVL;aVF;V2;V3;V5,6,0.5,1,1,1,0,3
0;2;4;5;7;8;10,I;III;aVL;aVF;V2;V3;V5,6,0.6,1,0,1,0,2
0;2;4;5;7;8;10,I;III;aVL;aVF;V2;V3;V5,6,0.7,1,0,1,0,2
0;2;4;5;7;8;10,I;III;aVL;aVF;V2;V3;V5,6,0.8,1,0,0,0,1
0;2;4;5;7;8;10,I;III;aVL;aVF;V2;V3;V5,6,0.9,1,0,0,0,1
0;2;4;5;7;8;10;11,I;III;aVL;aVF;V2;V3;V5;V6,7,0.5,1,1,1,0,3
0;2;4;5;7;8;10;11,I;III;aVL;aVF;V2;V3;V5;V6,7,0.6,1,0,1,0,2
0;2;4;5;7;8;10;11,I;III;aVL;aVF;V2;V3;V5;V6,7,0.7,1,0,1,0,2
0;2;4;5;7;8;10;11,I;III;aVL;aVF;V2;V3;V5;V6,7,0.8,1,0,0,0,1
0;2;4;5;7;8;10;11,I;III;aVL;aVF;V2;V3;V5;V6,7,0.9,1,0,0,0,1
0;2;4;5;7;8;11,I;III;aVL;aVF;V2;V3;V6,6,0.5,1,1,1,0,3
0;2;4;5;7;8;11,I;III;aVL;aVF;V2;V3;V6,6,0.6,1,0,1,0,2
0;2;4;5;7;8;11,I;III;aVL;aVF;V2;V3;V6,6,0.7,1,0,1,0,2
0;2;4;5;7;8;11,I;III;aVL;aVF;V2;V3;V6,6,0.8,1,0,0,0,1
0;2;4;5;7;8;11,I;III;aVL;aVF;V2;V3;V6,6,0.9,1,0,0,0,1
0;2;4;5;7;9,I;III;aVL;aVF;V2;V4,5,0.5,1,1,1,0,3
0;2;4;5;7;9,I;III;aVL;aVF;V2;V4,5,0.6,1,1,1,0,3
0;2;4;5;7;9,I;III;aVL;aVF;V2;V4,5,0.7,1,0,1,0,2
0;2;4;5;7;9,I;III;aVL;aVF;V2;V4,5,0.8,1,0,1,0,2
0;2;4;5;7;9,I;III;aVL;aVF;V2;V4,5,0.9,1,0,0,0,1
0;2;4;5;7;9;10,I;III;aVL;aVF;V2;V4;V5,6,0.5,1,1,1,0,3
0;2;4;5;7;9;10,I;III;aVL;aVF;V2;V4;V5,6,0.6,1,0,1,0,2
0;2;4;5;7;9;10,I;III;aVL;aVF;V2;V4;V5,6,0.7,1,0,1,0,2
0;2;4;5;7;9;10,I;III;aVL;aVF;V2;V4;V5,6,0.8,1,0,0,0,1
0;2;4;5;7;9;10,I;III;aVL;aVF;V2;V4;V5,6,0.9,1,0,0,0,1
0;2;4;5;7;9;10;11,I;III;aVL;aVF;V2;V4;V5;V6,7,0.5,1,1,1,0,3
0;2;4;5;7;9;10;11,I;III;aVL;aVF;V2;V4;V5;V6,7,0.6,1,0,1,0,2
0;2;4;5;7;9;10;11,I;III;aVL;aVF;V2;V4;V5;V6,7,0.7,1,0,1,0,2
0;2;4;5;7;9;10;11,I;III;aVL;aVF;V2;V4;V5;V6,7,0.8,1,0,0,0,1
0;2;4;5;7;9;10;11,I;III;aVL;aVF;V2;V4;V5;V6,7,0.9,1,0,0,0,1
0;2;4;5;7;9;11,I;III;aVL;aVF;V2;V4;V6,6,0.5,1,1,1,0,3
0;2;4;5;7;9;11,I;III;aVL;aVF;V2;V4;V6,6,0.6,1,0,1,0,2
0;2;4;5;7;9;11,I;III;aVL;aVF;V2;V4;V6,6,0.7,1,0,1,0,2
0;2;4;5;7;9;11,I;III;aVL;aVF;V2;V4;V6,6,0.8,1,0,1,0,2
0;2;4;5;7;9;11,I;III;aVL;aVF;V2;V4;V6,6,0.9,1,0,0,0,1
0;2;4;5;7;10,I;III;aVL;aVF;V2;V5,5,0.5,1,1,1,0,3
0;2;4;5;7;10,I;III;aVL;aVF;V2;V5,5,0.6,1,0,1,0,2
0;2;4;5;7;10,I;III;aVL;aVF;V2;V5,5,0.7,1,0,1,0,2
0;2;4;5;7;10,I;III;aVL;aVF;V2;V5,5,0.8,1,0,0,0,1
0;2;4;5;7;10,I;III;aVL;aVF;V2;V5,5,0.9,1,0,0,0,1
0;2;4;5;7;10;11,I;III;aVL;aVF;V2;V5;V6,6,0.5,1,1,1,0,3
0;2;4;5;7;10;11,I;III;aVL;aVF;V2;V5;V6,6,0.6,1,0,1,0,2
0;2;4;5;7;10;11,I;III;aVL;aVF;V2;V5;V6,6,0.7,1,0,1,0,2
0;2;4;5;7;10;11,I;III;aVL;aVF;V2;V5;V6,6,0.8,1,0,0,0,1
0;2;4;5;7;10;11,I;III;aVL;aVF;V2;V5;V6,6,0.9,1,0,0,0,1
0;2;4;5;7;11,I;III;aVL;aVF;V2;V6,5,0.5,1,1,1,0,3
0;2;4;5;7;11,I;III;aVL;aVF;V2;V6,5,0.6,1,0,1,0,2
0;2;4;5;7;11,I;III;aVL;aVF;V2;V6,5,0.7,1,0,1,0,2
0;2;4;5;7;11,I;III;aVL;aVF;V2;V6,5,0.8,1,0,1,0,2
0;2;4;5;7;11,I;III;aVL;aVF;V2;V6,5,0.9,1,0,0,0,1
0;2;4;5;8,I;III;aVL;aVF;V3,4,0.5,1,1,1,0,3
0;2;4;5;8,I;III;aVL;aVF;V3,4,0.6,1,0,1,0,2
0;2;4;5;8,I;III;aVL;aVF;V3,4,0.7,1,0,1,0,2
0;2;4;5;8,I;III;aVL;aVF;V3,4,0.8,1,0,0,0,1
0;2;4;5;8,I;III;aVL;aVF;V3,4,0.9,1,0,0,0,1
0;2;4;5;8;9,I;III;aVL;aVF;V3;V4,5,0.5,1,1,1,0,3
0;2;4;5;8;9,I;III;aVL;aVF;V3;V4,5,0.6,1,1,1,0,3
0;2;4;5;8;9,I;III;aVL;aVF;V3;V4,5,0.7,1,0,1,0,2
0;2;4;5;8;9,I;III;aVL;aVF;V3;V4,5,0.8,1,0,1,0,2
0;2;4;5;8;9,I;III;aVL;aVF;V3;V4,5,0.9,1,0,0,0,1
0;2;4;5;8;9;10,I;III;aVL;aVF;V3;V4;V5,6,0.5,1,1,1,0,3
0;2;4;5;8;9;10,I;III;aVL;aVF;V3;V4;V5,6,0.6,1,1,1,0,3
0;2;4;5;8;9;10,I;III;aVL;aVF;V3;V4;V5,6,0.7,1,0,1,0,2
0;2;4;5;8;9;10,I;III;aVL;aVF;V3;V4;V5,6,0.8,1,0,1,0,2
0;2;4;5;8;9;10,I;III;aVL;aVF;V3;V4;V5,6,0.9,1,0,0,0,1
0;2;4;5;8;9;10;11,I;III;aVL;aVF;V3;V4;V5;V6,7,0.5,1,1,1,0,3
0;2;4;5;8;9;10;11,I;III;aVL;aVF;V3;V4;V5;V6,7,0.6,1,0,1,0,2
0;2;4;5;8;9;10;11,I;III;aVL;aVF;V3;V4;V5;V6,7,0.7,1,0,1,0,2
0;2;4;5;8;9;10;11,I;III;aVL;aVF;V3;V4;V5;V6,7,0.8,1,0,0,0,1
0;2;4;5;8;9;10;11,I;III;aVL;aVF;V3;V4;V5;V6,7,0.9,1,0,0,0,1
0;2;4;5;8;9;11,I;III;aVL;aVF;V3;V4;V6,6,0.5,1,1,1,0,3
0;2;4;5;8;9;11,I;III;aVL;aVF;V3;V4;V6,6,0.6,1,0,1,0,2
0;2;4;5;8;9;11,I;III;aVL;aVF;V3;V4;V6,6,0.7,1,0,1,0,2
0;2;4;5;8;9;11,I;III;aVL;aVF;V3;V4;V6,6,0.8,1,0,0,0,1
0;2;4;5;8;9;11,I;III;aVL;aVF;V3;V4;V6,6,0.9,1,0,0,0,1
0;2;4;5;8;10,I;III;aVL;aVF;V3;V5,5,0.5,1,1,1,0,3
0;2;4;5;8;10,I;III;aVL;aVF;V3;V5,5,0.6,1,0,1,0,2
0;2;4;5;8;10,I;III;aVL;aVF;V3;V5,5,0.7,1,0,1,0,2
0;2;4;5;8;10,I;III;aVL;aVF;V3;V5,5,0.8,1,0,0,0,1
0;2;4;5;8;10,I;III;aVL;aVF;V3;V5,5,0.9,1,0,0,0,1
0;2;4;5;8;10;11,I;III;aVL;aVF;V3;V5;V6,6,0.5,1,1,1,0,3
0;2;4;5;8;10;11,I;III;aVL;aVF;V3;V5;V6,6,0.6,1,0,1,0,2
0;2;4;5;8;10;11,I;III;aVL;aVF;V3;V5;V6,6,0.7,1,0,1,0,2
0;2;4;5;8;10;11,I;III;aVL;aVF;V3;V5;V6,6,0.8,1,0,0,0,1
0;2;4;5;8;10;11,I;III;aVL;aVF;V3;V5;V6,6,0.9,1,0,0,0,1
0;2;4;5;8;11,I;III;aVL;aVF;V3;V6,5,0.5,1,1,1,0,3
0;2;4;5;8;11,I;III;aVL;aVF;V3;V6,5,0.6,1,0,1,0,2
0;2;4;5;8;11,I;III;aVL;aVF;V3;V6,5,0.7,1,0,1,0,2
0;2;4;5;8;11,I;III;aVL;aVF;V3;V6,5,0.8,1,0,0,0,1
0;2;4;5;8;11,I;III;aVL;aVF;V3;V6,5,0.9,1,0,0,0,1
0;2;4;5;9,I;III;aVL;aVF;V4,4,0.5,1,1,1,0,3
0;2;4;5;9,I;III;aVL;aVF;V4,4,0.6,1,0,1,0,2
0;2;4;5;9,I;III;aVL;aVF;V4,4,0.7,1,0,1,0,2
0;2;4;5;9,I;III;aVL;aVF;V4,4,0.8,1,0,1,0,2
0;2;4;5;9,I;III;aVL;aVF;V4,4,0.9,1,0,0,0,1
0;2;4;5;9;10,I;III;aVL;aVF;V4;V5,5,0.5,1,1,1,0,3
0;2;4;5;9;10,I;III;aVL;aVF;V4;V5,5,0.6,1,0,1,0,2
0;2;4;5;9;10,I;III;aVL;aVF;V4;V5,5,0.7,1,0,1,0,2
0;2;4;5;9;10,I;III;aVL;aVF;V4;V5,5,0.8,1,0,0,0,1
0;2;4;5;9;10,I;III;aVL;aVF;V4;V5,5,0.9,1,0,0,0,1
0;2;4;5;9;10;11,I;III;aVL;aVF;V4;V5;V6,6,0.5,1,1,1,0,3
0;2;4;5;9;10;11,I;III;aVL;aVF;V4;V5;V6,6,0.6,1,0,1,0,2
0;2;4;5;9;10;11,I;III;aVL;aVF;V4;V5;V6,6,0.7,1,0,1,0,2
0;2;4;5;9;10;11,I;III;aVL;aVF;V4;V5;V6,6,0.8,1,0,0,0,1
0;2;4;5;9;10;11,I;III;aVL;aVF;V4;V5;V6,6,0.9,1,0,0,0,1
0;2;4;5;9;11,I;III;aVL;aVF;V4;V6,5,0.5,1,1,1,0,3
0;2;4;5;9;11,I;III;aVL;aVF;V4;V6,5,0.6,1,0,1,0,2
0;2;4;5;9;11,I;III;aVL;aVF;V4;V6,5,0.7,1,0,1,0,2
0;2;4;5;9;11,I;III;aVL;aVF;V4;V6,5,0.8,1,0,0,0,1
0;2;4;5;9;11,I;III;aVL;aVF;V4;V6,5,0.9,1,0,0,0,1
0;2;4;5;10,I;III;aVL;aVF;V5,4,0.5,1,1,1,0,3
0;2;4;5;10,I;III;aVL;aVF;V5,4,0.6,1,0,1,0,2
0;2;4;5;10,I;III;aVL;aVF;V5,4,0.7,1,0,1,0,2
0;2;4;5;10,I;III;aVL;aVF;V5,4,0.8,1,0,0,0,1
0;2;4;5;10,I;III;aVL;aVF;V5,4,0.9,1,0,0,0,1
0;2;4;5;10;11,I;III;aVL;aVF;V5;V6,5,0.5,1,1,1,0,3
0;2;4;5;10;11,I;III;aVL;aVF;V5;V6,5,0.6,1,0,1,0,2
0;2;4;5;10;11,I;III;aVL;aVF;V5;V6,5,0.7,1,0,1,0,2
0;2;4;5;10;11,I;III;aVL;aVF;V5;V6,5,0.8,1,0,0,0,1
0;2;4;5;10;11,I;III;aVL;aVF;V5;V6,5,0.9,1,0,0,0,1
0;2;4;5;11,I;III;aVL;aVF;V6,4,0.5,1,1,1,0,3
0;2;4;5;11,I;III;aVL;aVF;V6,4,0.6,1,1,1,0,3
0;2;4;5;11,I;III;aVL;aVF;V6,4,0.7,1,0,1,0,2
0;2;4;5;11,I;III;aVL;aVF;V6,4,0.8,1,0,0,0,1
0;2;4;5;11,I;III;aVL;aVF;V6,4,0.9,1,0,0,0,1
0;2;4;6,I;III;aVL;V1,4,0.5,1,1,1,0,3
0;2;4;6,I;III;aVL;V1,4,0.6,1,1,1,0,3
0;2;4;6,I;III;aVL;V1,4,0.7,1,0,1,0,2
0;2;4;6,I;III;aVL;V1,4,0.8,1,0,1,0,2
0;2;4;6,I;III;aVL;V1,4,0.9,1,0,0,0,1
0;2;4;6;7,I;III;aVL;V1;V2,5,0.5,1,1,1,0,3
0;2;4;6;7,I;III;aVL;V1;V2,5,0.6,1,1,1,0,3
0;2;4;6;7,I;III;aVL;V1;V2,5,0.7,1,0,1,0,2
0;2;4;6;7,I;III;aVL;V1;V2,5,0.8,1,0,1,0,2
0;2;4;6;7,I;III;aVL;V1;V2,5,0.9,1,0,0,0,1
0;2;4;6;7;8,I;III;aVL;V1;V2;V3,6,0.5,1,1,1,0,3
0;2;4;6;7;8,I;III;aVL;V1;V2;V3,6,0.6,1,0,1,0,2
0;2;4;6;7;8,I;III;aVL;V1;V2;V3,6,0.7,1,0,1,0,2
0;2;4;6;7;8,I;III;aVL;V1;V2;V3,6,0.8,1,0,1,0,2
0;2;4;6;7;8,I;III;aVL;V1;V2;V3,6,0.9,1,0,0,0,1
0;2;4;6;7;8;9,I;III;aVL;V1;V2;V3;V4,7,0.5,1,1,1,0,3
0;2;4;6;7;8;9,I;III;aVL;V1;V2;V3;V4,7,0.6,1,0,1,0,2
0;2;4;6;7;8;9,I;III;aVL;V1;V2;V3;V4,7,0.7,1,0,1,0,2
0;2;4;6;7;8;9,I;III;aVL;V1;V2;V3;V4,7,0.8,1,0,1,0,2
0;2;4;6;7;8;9,I;III;aVL;V1;V2;V3;V4,7,0.9,1,0,0,0,1
0;2;4;6;7;8;9;10,I;III;aVL;V1;V2;V3;V4;V5,8,0.5,1,1,1,0,3
0;2;4;6;7;8;9;10,I;III;aVL;V1;V2;V3;V4;V5,8,0.6,1,0,1,0,2
0;2;4;6;7;8;9;10,I;III;aVL;V1;V2;V3;V4;V5,8,0.7,1,0,1,0,2
0;2;4;6;7;8;9;10,I;III;aVL;V1;V2;V3;V4;V5,8,0.8,1,0,1,0,2
0;2;4;6;7;8;9;10,I;III;aVL;V1;V2;V3;V4;V5,8,0.9,1,0,0,0,1
0;2;4;6;7;8;9;10;11,I;III;aVL;V1;V2;V3;V4;V5;V6,9,0.5,1,1,1,0,3
0;2;4;6;7;8;9;10;11,I;III;aVL;V1;V2;V3;V4;V5;V6,9,0.6,1,0,1,0,2
0;2;4;6;7;8;9;10;11,I;III;aVL;V1;V2;V3;V4;V5;V6,9,0.7,1,0,1,0,2
0;2;4;6;7;8;9;10;11,I;III;aVL;V1;V2;V3;V4;V5;V6,9,0.8,1,0,1,0,2
0;2;4;6;7;8;9;10;11,I;III;aVL;V1;V2;V3;V4;V5;V6,9,0.9,1,0,0,0,1
0;2;4;6;7;8;9;11,I;III;aVL;V1;V2;V3;V4;V6,8,0.5,1,1,1,0,3
0;2;4;6;7;8;9;11,I;III;aVL;V1;V2;V3;V4;V6,8,0.6,1,0,1,0,2
0;2;4;6;7;8;9;11,I;III;aVL;V1;V2;V3;V4;V6,8,0.7,1,0,1,0,2
0;2;4;6;7;8;9;11,I;III;aVL;V1;V2;V3;V4;V6,8,0.8,1,0,1,0,2
0;2;4;6;7;8;9;11,I;III;aVL;V1;V2;V3;V4;V6,8,0.9,1,0,0,0,1
0;2;4;6;7;8;10,I;III;aVL;V1;V2;V3;V5,7,0.5,1,1,1,0,3
0;2;4;6;7;8;10,I;III;aVL;V1;V2;V3;V5,7,0.6,1,0,1,0,2
0;2;4;6;7;8;10,I;III;aVL;V1;V2;V3;V5,7,0.7,1,0,1,0,2
0;2;4;6;7;8;10,I;III;aVL;V1;V2;V3;V5,7,0.8,1,0,1,0,2
0;2;4;6;7;8;10,I;III;aVL;V1;V2;V3;V5,7,0.9,1,0,0,0,1
0;2;4;6;7;8;10;11,I;III;aVL;V1;V2;V3;V5;V6,8,0.5,1,1,1,0,3
0;2;4;6;7;8;10;11,I;III;aVL;V1;V2;V3;V5;V6,8,0.6,1,0,1,0,2
0;2;4;6;7;8;10;11,I;III;aVL;V1;V2;V3;V5;V6,8,0.7,1,0,1,0,2
0;2;4;6;7;8;10;11,I;III;aVL;V1;V2;V3;V5;V6,8,0.8,1,0,1,0,2
0;2;4;6;7;8;10;11,I;III;aVL;V1;V2;V3;V5;V6,8,0.9,1,0,0,0,1
0;2;4;6;7;8;11,I;III;aVL;V1;V2;V3;V6,7,0.5,1,1,1,0,3
0;2;4;6;7;8;11,I;III;aVL;V1;V2;V3;V6,7,0.6,1,0,1,0,2
0;2;4;6;7;8;11,I;III;aVL;V1;V2;V3;V6,7,0.7,1,0,1,0,2
0;2;4;6;7;8;11,I;III;aVL;V1;V2;V3;V6,7,0.8,1,0,1,0,2
0;2;4;6;7;8;11,I;III;aVL;V1;V2;V3;V6,7,0.9,1,0,0,0,1
0;2;4;6;7;9,I;III;aVL;V1;V2;V4,6,0.5,1,1,1,0,3
0;2;4;6;7;9,I;III;aVL;V1;V2;V4,6,0.6,1,0,1,0,2
0;2;4;6;7;9,I;III;aVL;V1;V2;V4,6,0.7,1,0,1,0,2
0;2;4;6;7;9,I;III;aVL;V1;V2;V4,6,0.8,1,0,1,0,2
0;2;4;6;7;9,I;III;aVL;V1;V2;V4,6,0.9,1,0,0,0,1
0;2;4;6;7;9;10,I;III;aVL;V1;V2;V4;V5,7,0.5,1,1,1,0,3
0;2;4;6;7;9;10,I;III;aVL;V1;V2;V4;V5,7,0.6,1,0,1,0,2
0;2;4;6;7;9;10,I;III;aVL;V1;V2;V4;V5,7,0.7,1,0,1,0,2
0;2;4;6;7;9;10,I;III;aVL;V1;V2;V4;V5,7,0.8,1,0,1,0,2
0;2;4;6;7;9;10,I;III;aVL;V1;V2;V4;V5,7,0.9,1,0,0,0,1
0;2;4;6;7;9;10;11,I;III;aVL;V1;V2;V4;V5;V6,8,0.5,1,1,1,0,3
0;2;4;6;7;9;10;11,I;III;aVL;V1;V2;V4;V5;V6,8,0.6,1,0,1,0,2
0;2;4;6;7;9;10;11,I;III;aVL;V1;V2;V4;V5;V6,8,0.7,1,0,1,0,2
0;2;4;6;7;9;10;11,I;III;aVL;V1;V2;V4;V5;V6,8,0.8,1,0,1,0,2
0;2;4;6;7;9;10;11,I;III;aVL;V1;V2;V4;V5;V6,8,0.9,1,0,0,0,1
0;2;4;6;7;9;11,I;III;aVL;V1;V2;V4;V6,7,0.5,1,1,1,0,3
0;2;4;6;7;9;11,I;III;aVL;V1;V2;V4;V6,7,0.6,1,0,1,0,2
0;2;4;6;7;9;11,I;III;aVL;V1;V2;V4;V6,7,0.7,1,0,1,0,2
0;2;4;6;7;9;11,I;III;aVL;V1;V2;V4;V6,7,0.8,1,0,1,0,2
0;2;4;6;7;9;11,I;III;aVL;V1;V2;V4;V6,7,0.9,1,0,0,0,1
0;2;4;6;7;10,I;III;aVL;V1;V2;V5,6,0.5,1,1,1,0,3
0;2;4;6;7;10,I;III;aVL;V1;V2;V5,6,0.6,1,0,1,0,2
0;2;4;6;7;10,I;III;aVL;V1;V2;V5,6,0.7,1,0,1,0,2
0;2;4;6;7;10,I;III;aVL;V1;V2;V5,6,0.8,1,0,1,0,2
0;2;4;6;7;10,I;III;aVL;V1;V2;V5,6,0.9,1,0,0,0,1
0;2;4;6;7;10;11,I;III;aVL;V1;V2;V5;V6,7,0.5,1,1,1,0,3
0;2;4;6;7;10;11,I;III;aVL;V1;V2;V5;V6,7,0.6,1,0,1,0,2
0;2;4;6;7;10;11,I;III;aVL;V1;V2;V5;V6,7,0.7,1,0,1,0,2
0;2;4;6;7;10;11,I;III;aVL;V1;V2;V5;V6,7,0.8,1,0,1,0,2
0;2;4;6;7;10;11,I;III;aVL;V1;V2;V5;V6,7,0.9,1,0,0,0,1
0;2;4;6;7;11,I;III;aVL;V1;V2;V6,6,0.5,1,1,1,0,3
0;2;4;6;7;11,I;III;aVL;V1;V2;V6,6,0.6,1,1,1,0,3
0;2;4;6;7;11,I;III;aVL;V1;V2;V6,6,0.7,1,0,1,0,2
0;2;4;6;7;11,I;III;aVL;V1;V2;V6,6,0.8,1,0,1,0,2
0;2;4;6;7;11,I;III;aVL;V1;V2;V6,6,0.9,1,0,0,0,1
0;2;4;6;8,I;III;aVL;V1;V3,5,0.5,1,1,1,0,3
0;2;4;6;8,I;III;aVL;V1;V3,5,0.6,1,0,1,0,2
0;2;4;6;8,I;III;aVL;V1;V3,5,0.7,1,0,1,0,2
0;2;4;6;8,I;III;aVL;V1;V3,5,0.8,1,0,1,0,2
0;2;4;6;8,I;III;aVL;V1;V3,5,0.9,1,0,0,0,1
0;2;4;6;8;9,I;III;aVL;V1;V3;V4,6,0.5,1,1,1,0,3
0;2;4;6;8;9,I;III;aVL;V1;V3;V4,6,0.6,1,0,1,0,2
0;2;4;6;8;9,I;III;aVL;V1;V3;V4,6,0.7,1,0,1,0,2
0;2;4;6;8;9,I;III;aVL;V1;V3;V4,6,0.8,1,0,1,0,2
0;2;4;6;8;9,I;III;aVL;V1;V3;V4,6,0.9,1,0,0,0,1
0;2;4;6;8;9;10,I;III;aVL;V1;V3;V4;V5,7,0.5,1,1,1,0,3
0;2;4;6;8;9;10,I;III;aVL;V1;V3;V4;V5,7,0.6,1,0,1,0,2
0;2;4;6;8;9;10,I;III;aVL;V1;V3;V4;V5,7,0.7,1,0,1,0,2
0;2;4;6;8;9;10,I;III;aVL;V1;V3;V4;V5,7,0.8,1,0,1,0,2
0;2;4;6;8;9;10,I;III;aVL;V1;V3;V4;V5,7,0.9,1,0,0,0,1
0;2;4;6;8;9;10;11,I;III;aVL;V1;V3;V4;V5;V6,8,0.5,1,1,1,0,3
0;2;4;6;8;9;10;11,I;III;aVL;V1;V3;V4;V5;V6,8,0.6,1,0,1,0,2
0;2;4;6;8;9;10;11,I;III;aVL;V1;V3;V4;V5;V6,8,0.7,1,0,1,0,2
0;2;4;6;8;9;10;11,I;III;aVL;V1;V3;V4;V5;V6,8,0.8,1,0,1,0,2
0;2;4;6;8;9;10;11,I;III;aVL;V1;V3;V4;V5;V6,8,0.9,1,0,0,0,1
0;2;4;6;8;9;11,I;III;aVL;V1;V3;V4;V6,7,0.5,1,1,1,0,3
0;2;4;6;8;9;11,I;III;aVL;V1;V3;V4;V6,7,0.6,1,0,1,0,2
0;2;4;6;8;9;11,I;III;aVL;V1;V3;V4;V6,7,0.7,1,0,1,0,2
0;2;4;6;8;9;11,I;III;aVL;V1;V3;V4;V6,7,0.8,1,0,1,0,2
0;2;4;6;8;9;11,I;III;aVL;V1;V3;V4;V6,7,0.9,1,0,0,0,1
0;2;4;6;8;10,I;III;aVL;V1;V3;V5,6,0.5,1,1,1,0,3
0;2;4;6;8;10,I;III;aVL;V1;V3;V5,6,0.6,1,0,1,0,2
0;2;4;6;8;10,I;III;aVL;V1;V3;V5,6,0.7,1,0,1,0,2
0;2;4;6;8;10,I;III;aVL;V1;V3;V5,6,0.8,1,0,1,0,2
0;2;4;6;8;10,I;III;aVL;V1;V3;V5,6,0.9,1,0,0,0,1
0;2;4;6;8;10;11,I;III;aVL;V1;V3;V5;V6,7,0.5,1,1,1,0,3
0;2;4;6;8;10;11,I;III;aVL;V1;V3;V5;V6,7,0.6,1,0,1,0,2
0;2;4;6;8;10;11,I;III;aVL;V1;V3;V5;V6,7,0.7,1,0,1,0,2
0;2;4;6;8;10;11,I;III;aVL;V1;V3;V5;V6,7,0.8,1,0,1,0,2
0;2;4;6;8;10;11,I;III;aVL;V1;V3;V5;V6,7,0.9,1,0,0,0,1
0;2;4;6;8;11,I;III;aVL;V1;V3;V6,6,0.5,1,1,1,0,3
0;2;4;6;8;11,I;III;aVL;V1;V3;V6,6,0.6,1,0,1,0,2
0;2;4;6;8;11,I;III;aVL;V1;V3;V6,6,0.7,1,0,1,0,2
0;2;4;6;8;11,I;III;aVL;V1;V3;V6,6,0.8,1,0,1,0,2
0;2;4;6;8;11,I;III;aVL;V1;V3;V6,6,0.9,1,0,0,0,1
0;2;4;6;9,I;III;aVL;V1;V4,5,0.5,1,1,1,0,3
0;2;4;6;9,I;III;aVL;V1;V4,5,0.6,1,0,1,0,2
0;2;4;6;9,I;III;aVL;V1;V4,5,0.7,1,0,1,0,2
0;2;4;6;9,I;III;aVL;V1;V4,5,0.8,1,0,1,0,2
0;2;4;6;9,I;III;aVL;V1;V4,5,0.9,1,0,0,0,1
0;2;4;6;9;10,I;III;aVL;V1;V4;V5,6,0.5,1,1,1,0,3
0;2;4;6;9;10,I;III;aVL;V1;V4;V5,6,0.6,1,0,1,0,2
0;2;4;6;9;10,I;III;aVL;V1;V4;V5,6,0.7,1,0,1,0,2
0;2;4;6;9;10,I;III;aVL;V1;V4;V5,6,0.8,1,0,1,0,2
0;2;4;6;9;10,I;III;aVL;V1;V4;V5,6,0.9,1,0,0,0,1
0;2;4;6;9;10;11,I;III;aVL;V1;V4;V5;V6,7,0.5,1,1,1,0,3
0;2;4;6;9;10;11,I;III;aVL;V1;V4;V5;V6,7,0.6,1,0,1,0,2
0;2;4;6;9;10;11,I;III;aVL;V1;V4;V5;V6,7,0.7,1,0,1,0,2
0;2;4;6;9;10;11,I;III;aVL;V1;V4;V5;V6,7,0.8,1,0,1,0,2
0;2;4;6;9;10;11,I;III;aVL;V1;V4;V5;V6,7,0.9,1,0,0,0,1
0;2;4;6;9;11,I;III;aVL;V1;V4;V6,6,0.5,1,1,1,0,3
0;2;4;6;9;11,I;III;aVL;V1;V4;V6,6,0.6,1,0,1,0,2
0;2;4;6;9;11,I;III;aVL;V1;V4;V6,6,0.7,1,0,1,0,2
0;2;4;6;9;11,I;III;aVL;V1;V4;V6,6,0.8,1,0,1,0,2
0;2;4;6;9;11,I;III;aVL;V1;V4;V6,6,0.9,1,0,0,0,1
0;2;4;6;10,I;III;aVL;V1;V5,5,0.5,1,1,1,0,3
0;2;4;6;10,I;III;aVL;V1;V5,5,0.6,1,0,1,0,2
0;2;4;6;10,I;III;aVL;V1;V5,5,0.7,1,0,1,0,2
0;2;4;6;10,I;III;aVL;V1;V5,5,0.8,1,0,1,0,2
0;2;4;6;10,I;III;aVL;V1;V5,5,0.9,1,0,0,0,1
0;2;4;6;10;11,I;III;aVL;V1;V5;V6,6,0.5,1,1,1,0,3
0;2;4;6;10;11,I;III;aVL;V1;V5;V6,6,0.6,1,0,1,0,2
0;2;4;6;10;11,I;III;aVL;V1;V5;V6,6,0.7,1,0,1,0,2
0;2;4;6;10;11,I;III;aVL;V1;V5;V6,6,0.8,1,0,1,0,2
0;2;4;6;10;11,I;III;aVL;V1;V5;V6,6,0.9,1,0,0,0,1
0;2;4;6;11,I;III;aVL;V1;V6,5,0.5,1,1,1,0,3
0;2;4;6;11,I;III;aVL;V1;V6,5,0.6,1,1,1,0,3
0;2;4;6;11,I;III;aVL;V1;V6,5,0.7,1,0,1,0,2
0;2;4;6;11,I;III;aVL;V1;V6,5,0.8,1,0,1,0,2
0;2;4;6;11,I;III;aVL;V1;V6,5,0.9,1,0,0,0,1
0;2;4;7,I;III;aVL;V2,4,0.5,1,1,1,0,3
0;2;4;7,I;III;aVL;V2,4,0.6,1,0,1,0,2
0;2;4;7,I;III;aVL;V2,4,0.7,1,0,1,0,2
0;2;4;7,I;III;aVL;V2,4,0.8,1,0,1,0,2
0;2;4;7,I;III;aVL;V2,4,0.9,1,0,0,0,1
0;2;4;7;8,I;III;aVL;V2;V3,5,0.5,1,1,1,0,3
0;2;4;7;8,I;III;aVL;V2;V3,5,0.6,1,1,1,0,3
0;2;4;7;8,I;III;aVL;V2;V3,5,0.7,1,0,1,0,2
0;2;4;7;8,I;III;aVL;V2;V3,5,0.8,1,0,1,0,2
0;2;4;7;8,I;III;aVL;V2;V3,5,0.9,1,0,0,0,1
0;2;4;7;8;9,I;III;aVL;V2;V3;V4,6,0.5,1,1,1,0,3
0;2;4;7;8;9,I;III;aVL;V2;V3;V4,6,0.6,1,1,1,0,3
0;2;4;7;8;9,I;III;aVL;V2;V3;V4,6,0.7,1,0,1,0,2
0;2;4;7;8;9,I;III;aVL;V2;V3;V4,6,0.8,1,0,1,0,2
0;2;4;7;8;9,I;III;aVL;V2;V3;V4,6,0.9,1,0,0,0,1
0;2;4;7;8;9;10,I;III;aVL;V2;V3;V4;V5,7,0.5,1,1,1,0,3
0;2;4;7;8;9;10,I;III;aVL;V2;V3;V4;V5,7,0.6,1,0,1,0,2
0;2;4;7;8;9;10,I;III;aVL;V2;V3;V4;V5,7,0.7,1,0,1,0,2
0;2;4;7;8;9;10,I;III;aVL;V2;V3;V4;V5,7,0.8,1,0,1,0,2
0;2;4;7;8;9;10,I;III;aVL;V2;V3;V4;V5,7,0.9,1,0,0,0,1
0;2;4;7;8;9;10;11,I;III;aVL;V2;V3;V4;V5;V6,8,0.5,1,1,1,0,3
0;2;4;7;8;9;10;11,I;III;aVL;V2;V3;V4;V5;V6,8,0.6,1,0,1,0,2
0;2;4;7;8;9;10;11,I;III;aVL;V2;V3;V4;V5;V6,8,0.7,1,0,1,0,2
0;2;4;7;8;9;10;11,I;III;aVL;V2;V3;V4;V5;V6,8,0.8,1,0,1,0,2
0;2;4;7;8;9;10;11,I;III;aVL;V2;V3;V4;V5;V6,8,0.9,1,0,0,0,1
0;2;4;7;8;9;11,I;III;aVL;V2;V3;V4;V6,7,0.5,1,1,1,0,3
0;2;4;7;8;9;11,I;III;aVL;V2;V3;V4;V6,7,0.6,1,0,1,0,2
0;2;4;7;8;9;11,I;III;aVL;V2;V3;V4;V6,7,0.7,1,0,1,0,2
0;2;4;7;8;9;11,I;III;aVL;V2;V3;V4;V6,7,0.8,1,0,0,0,1
0;2;4;7;8;9;11,I;III;aVL;V2;V3;V4;V6,7,0.9,1,0,0,0,1
0;2;4;7;8;10,I;III;aVL;V2;V3;V5,6,0.5,1,1,1,0,3
0;2;4;7;8;10,I;III;aVL;V2;V3;V5,6,0.6,1,0,1,0,2
0;2;4;7;8;10,I;III;aVL;V2;V3;V5,6,0.7,1,0,1,0,2
0;2;4;7;8;10,I;III;aVL;V2;V3;V5,6,0.8,1,0,1,0,2
0;2;4;7;8;10,I;III;aVL;V2;V3;V5,6,0.9,1,0,0,0,1
0;2;4;7;8;10;11,I;III;aVL;V2;V3;V5;V6,7,0.5,1,1,1,0,3
0;2;4;7;8;10;11,I;III;aVL;V2;V3;V5;V6,7,0.6,1,0,1,0,2
0;2;4;7;8;10;11,I;III;aVL;V2;V3;V5;V6,7,0.7,1,0,1,0,2
0;2;4;7;8;10;11,I;III;aVL;V2;V3;V5;V6,7,0.8,1,0,1,0,2
0;2;4;7;8;10;11,I;III;aVL;V2;V3;V5;V6,7,0.9,1,0,0,0,1
0;2;4;7;8;11,I;III;aVL;V2;V3;V6,6,0.5,1,1,1,0,3
0;2;4;7;8;11,I;III;aVL;V2;V3;V6,6,0.6,1,0,1,0,2
0;2;4;7;8;11,I;III;aVL;V2;V3;V6,6,0.7,1,0,1,0,2
0;2;4;7;8;11,I;III;aVL;V2;V3;V6,6,0.8,1,0,0,0,1
0;2;4;7;8;11,I;III;aVL;V2;V3;V6,6,0.9,1,0,0,0,1
0;2;4;7;9,I;III;aVL;V2;V4,5,0.5,1,1,1,0,3
0;2;4;7;9,I;III;aVL;V2;V4,5,0.6,1,1,1,0,3
0;2;4;7;9,I;III;aVL;V2;V4,5,0.7,1,0,1,0,2
0;2;4;7;9,I;III;aVL;V2;V4,5,0.8,1,0,1,0,2
0;2;4;7;9,I;III;aVL;V2;V4,5,0.9,1,0,0,0,1
0;2;4;7;9;10,I;III;aVL;V2;V4;V5,6,0.5,1,1,1,0,3
0;2;4;7;9;10,I;III;aVL;V2;V4;V5,6,0.6,1,0,1,0,2
0;2;4;7;9;10,I;III;aVL;V2;V4;V5,6,0.7,1,0,1,0,2
0;2;4;7;9;10,I;III;aVL;V2;V4;V5,6,0.8,1,0,1,0,2
0;2;4;7;9;10,I;III;aVL;V2;V4;V5,6,0.9,1,0,0,0,1
0;2;4;7;9;10;11,I;III;aVL;V2;V4;V5;V6,7,0.5,1,1,1,0,3
0;2;4;7;9;10;11,I;III;aVL;V2;V4;V5;V6,7,0.6,1,0,1,0,2
0;2;4;7;9;10;11,I;III;aVL;V2;V4;V5;V6,7,0.7,1,0,1,0,2
0;2;4;7;9;10;11,I;III;aVL;V2;V4;V5;V6,7,0.8,1,0,1,0,2
0;2;4;7;9;10;11,I;III;aVL;V2;V4;V5;V6,7,0.9,1,0,0,0,1
0;2;4;7;9;11,I;III;aVL;V2;V4;V6,6,0.5,1,1,1,0,3
0;2;4;7;9;11,I;III;aVL;V2;V4;V6,6,0.6,1,0,1,0,2
0;2;4;7;9;11,I;III;aVL;V2;V4;V6,6,0.7,1,0,1,0,2
0;2;4;7;9;11,I;III;aVL;V2;V4;V6,6,0.8,1,0,1,0,2
0;2;4;7;9;11,I;III;aVL;V2;V4;V6,6,0.9,1,0,0,0,1
0;2;4;7;10,I;III;aVL;V2;V5,5,0.5,1,1,1,0,3
0;2;4;7;10,I;III;aVL;V2;V5,5,0.6,1,1,1,0,3
0;2;4;7;10,I;III;aVL;V2;V5,5,0.7,1,0,1,0,2
0;2;4;7;10,I;III;aVL;V2;V5,5,0.8,1,0,0,0,1
0;2;4;7;10,I;III;aVL;V2;V5,5,0.9,1,0,0,0,1
0;2;4;7;10;11,I;III;aVL;V2;V5;V6,6,0.5,1,1,1,0,3
0;2;4;7;10;11,I;III;aVL;V2;V5;V6,6,0.6,1,0,1,0,2
0;2;4;7;10;11,I;III;aVL;V2;V5;V6,6,0.7,1,0,1,0,2
0;2;4;7;10;11,I;III;aVL;V2;V5;V6,6,0.8,1,0,0,0,1
0;2;4;7;10;11,I;III;aVL;V2;V5;V6,6,0.9,1,0,0,0,1
0;2;4;7;11,I;III;aVL;V2;V6,5,0.5,1,1,1,0,3
0;2;4;7;11,I;III;aVL;V2;V6,5,0.6,1,0,1,0,2
0;2;4;7;11,I;III;aVL;V2;V6,5,0.7,1,0,1,0,2
0;2;4;7;11,I;III;aVL;V2;V6,5,0.8,1,0,1,0,2
0;2;4;7;11,I;III;aVL;V2;V6,5,0.9,1,0,0,0,1
0;2;4;8,I;III;aVL;V3,4,0.5,1,1,1,0,3
0;2;4;8,I;III;aVL;V3,4,0.6,1,0,1,0,2
0;2;4;8,I;III;aVL;V3,4,0.7,1,0,1,0,2
0;2;4;8,I;III;aVL;V3,4,0.8,1,0,1,0,2
0;2;4;8,I;III;aVL;V3,4,0.9,1,0,0,0,1
0;2;4;8;9,I;III;aVL;V3;V4,5,0.5,1,1,1,0,3
0;2;4;8;9,I;III;aVL;V3;V4,5,0.6,1,1,1,0,3
0;2;4;8;9,I;III;aVL;V3;V4,5,0.7,1,0,1,0,2
0;2;4;8;9,I;III;aVL;V3;V4,5,0.8,1,0,1,0,2
0;2;4;8;9,I;III;aVL;V3;V4,5,0.9,1,0,0,0,1
0;2;4;8;9;10,I;III;aVL;V3;V4;V5,6,0.5,1,1,1,0,3
0;2;4;8;9;10,I;III;aVL;V3;V4;V5,6,0.6,1,0,1,0,2
0;2;4;8;9;10,I;III;aVL;V3;V4;V5,6,0.7,1,0,1,0,2
0;2;4;8;9;10,I;III;aVL;V3;V4;V5,6,0.8,1,0,0,0,1
0;2;4;8;9;10,I;III;aVL;V3;V4;V5,6,0.9,1,0,0,0,1
0;2;4;8;9;10;11,I;III;aVL;V3;V4;V5;V6,7,0.5,1,1,1,0,3
0;2;4;8;9;10;11,I;III;aVL;V3;V4;V5;V6,7,0.6,1,0,1,0,2
0;2;4;8;9;10;11,I;III;aVL;V3;V4;V5;V6,7,0.7,1,0,1,0,2
0;2;4;8;9;10;11,I;III;aVL;V3;V4;V5;V6,7,0.8,1,0,0,0,1
0;2;4;8;9;10;11,I;III;aVL;V3;V4;V5;V6,7,0.9,1,0,0,0,1
0;2;4;8;9;11,I;III;aVL;V3;V4;V6,6,0.5,1,1,1,0,3
0;2;4;8;9;11,I;III;aVL;V3;V4;V6,6,0.6,1,0,1,0,2
0;2;4;8;9;11,I;III;aVL;V3;V4;V6,6,0.7,1,0,1,0,2
0;2;4;8;9;11,I;III;aVL;V3;V4;V6,6,0.8,1,0,0,0,1
0;2;4;8;9;11,I;III;aVL;V3;V4;V6,6,0.9,1,0,0,0,1
0;2;4;8;10,I;III;aVL;V3;V5,5,0.5,1,1,1,0,3
0;2;4;8;10,I;III;aVL;V3;V5,5,0.6,1,0,1,0,2
0;2;4;8;10,I;III;aVL;V3;V5,5,0.7,1,0,1,0,2
0;2;4;8;10,I;III;aVL;V3;V5,5,0.8,1,0,0,0,1
0;2;4;8;10,I;III;aVL;V3;V5,5,0.9,1,0,0,0,1
0;2;4;8;10;11,I;III;aVL;V3;V5;V6,6,0.5,1,1,1,0,3
0;2;4;8;10;11,I;III;aVL;V3;V5;V6,6,0.6,1,0,1,0,2
0;2;4;8;10;11,I;III;aVL;V3;V5;V6,6,0.7,1,0,1,0,2
0;2;4;8;10;11,I;III;aVL;V3;V5;V6,6,0.8,1,0,0,0,1
0;2;4;8;10;11,I;III;aVL;V3;V5;V6,6,0.9,1,0,0,0,1
0;2;4;8;11,I;III;aVL;V3;V6,5,0.5,1,1,1,0,3
0;2;4;8;11,I;III;aVL;V3;V6,5,0.6,1,0,1,0,2
0;2;4;8;11,I;III;aVL;V3;V6,5,0.7,1,0,1,0,2
0;2;4;8;11,I;III;aVL;V3;V6,5,0.8,1,0,0,0,1
0;2;4;8;11,I;III;aVL;V3;V6,5,0.9,1,0,0,0,1
0;2;4;9,I;III;aVL;V4,4,0.5,1,1,1,0,3
0;2;4;9,I;III;aVL;V4,4,0.6,1,0,1,0,2
0;2;4;9,I;III;aVL;V4,4,0.7,1,0,1,0,2
0;2;4;9,I;III;aVL;V4,4,0.8,1,0,0,0,1
0;2;4;9,I;III;aVL;V4,4,0.9,1,0,0,0,1
0;2;4;9;10,I;III;aVL;V4;V5,5,0.5,1,1,1,0,3
0;2;4;9;10,I;III;aVL;V4;V5,5,0.6,1,0,1,0,2
0;2;4;9;10,I;III;aVL;V4;V5,5,0.7,1,0,1,0,2
0;2;4;9;10,I;III;aVL;V4;V5,5,0.8,1,0,0,0,1
0;2;4;9;10,I;III;aVL;V4;V5,5,0.9,1,0,0,0,1
0;2;4;9;10;11,I;III;aVL;V4;V5;V6,6,0.5,1,1,1,0,3
0;2;4;9;10;11,I;III;aVL;V4;V5;V6,6,0.6,1,0,1,0,2
0;2;4;9;10;11,I;III;aVL;V4;V5;V6,6,0.7,1,0,1,0,2
0;2;4;9;10;11,I;III;aVL;V4;V5;V6,6,0.8,1,0,0,0,1
0;2;4;9;10;11,I;III;aVL;V4;V5;V6,6,0.9,1,0,0,0,1
0;2;4;9;11,I;III;aVL;V4;V6,5,0.5,1,1,1,0,3
0;2;4;9;11,I;III;aVL;V4;V6,5,0.6,1,0,1,0,2
0;2;4;9;11,I;III;aVL;V4;V6,5,0.7,1,0,1,0,2
0;2;4;9;11,I;III;aVL;V4;V6,5,0.8,1,0,0,0,1
0;2;4;9;11,I;III;aVL;V4;V6,5,0.9,1,0,0,0,1
0;2;4;10,I;III;aVL;V5,4,0.5,1,1,1,0,3
0;2;4;10,I;III;aVL;V5,4,0.6,1,0,1,0,2
0;2;4;10,I;III;aVL;V5,4,0.7,1,0,1,0,2
0;2;4;10,I;III;aVL;V5,4,0.8,1,0,0,0,1
0;2;4;10,I;III;aVL;V5,4,0.9,1,0,0,0,1
0;2;4;10;11,I;III;aVL;V5;V6,5,0.5,1,1,1,0,3
0;2;4;10;11,I;III;aVL;V5;V6,5,0.6,1,1,1,0,3
0;2;4;10;11,I;III;aVL;V5;V6,5,0.7,1,0,1,0,2
0;2;4;10;11,I;III;aVL;V5;V6,5,0.8,1,0,0,0,1
0;2;4;10;11,I;III;aVL;V5;V6,5,0.9,1,0,0,0,1
0;2;4;11,I;III;aVL;V6,4,0.5,1,1,1,0,3
0;2;4;11,I;III;aVL;V6,4,0.6,1,1,1,0,3
0;2;4;11,I;III;aVL;V6,4,0.7,1,0,1,0,2
0;2;4;11,I;III;aVL;V6,4,0.8,1,0,0,0,1
0;2;4;11,I;III;aVL;V6,4,0.9,1,0,0,0,1
0;2;5,I;III;aVF,3,0.5,1,1,1,0,3
0;2;5,I;III;aVF,3,0.6,1,1,1,0,3
0;2;5,I;III;aVF,3,0.7,1,0,1,0,2
0;2;5,I;III;aVF,3,0.8,1,0,1,0,2
0;2;5,I;III;aVF,3,0.9,1,0,0,0,1
0;2;5;6,I;III;aVF;V1,4,0.5,1,1,1,0,3
0;2;5;6,I;III;aVF;V1,4,0.6,1,1,1,0,3
0;2;5;6,I;III;aVF;V1,4,0.7,1,0,1,0,2
0;2;5;6,I;III;aVF;V1,4,0.8,1,0,1,0,2
0;2;5;6,I;III;aVF;V1,4,0.9,1,0,0,0,1
0;2;5;6;7,I;III;aVF;V1;V2,5,0.5,1,1,1,0,3
0;2;5;6;7,I;III;aVF;V1;V2,5,0.6,1,1,1,0,3
0;2;5;6;7,I;III;aVF;V1;V2,5,0.7,1,0,1,0,2
0;2;5;6;7,I;III;aVF;V1;V2,5,0.8,1,0,1,0,2
0;2;5;6;7,I;III;aVF;V1;V2,5,0.9,1,0,0,0,1
0;2;5;6;7;8,I;III;aVF;V1;V2;V3,6,0.5,1,1,1,0,3
0;2;5;6;7;8,I;III;aVF;V1;V2;V3,6,0.6,1,0,1,0,2
0;2;5;6;7;8,I;III;aVF;V1;V2;V3,6,0.7,1,0,1,0,2
0;2;5;6;7;8,I;III;aVF;V1;V2;V3,6,0.8,1,0,0,0,1
0;2;5;6;7;8,I;III;aVF;V1;V2;V3,6,0.9,1,0,0,0,1
0;2;5;6;7;8;9,I;III;aVF;V1;V2;V3;V4,7,0.5,1,1,1,0,3
0;2;5;6;7;8;9,I;III;aVF;V1;V2;V3;V4,7,0.6,1,1,1,0,3
0;2;5;6;7;8;9,I;III;aVF;V1;V2;V3;V4,7,0.7,1,0,1,0,2
0;2;5;6;7;8;9,I;III;aVF;V1;V2;V3;V4,7,0.8,1,0,1,0,2
0;2;5;6;7;8;9,I;III;aVF;V1;V2;V3;V4,7,0.9,1,0,0,0,1
0;2;5;6;7;8;9;10,I;III;aVF;V1;V2;V3;V4;V5,8,0.5,1,1,1,0,3
0;2;5;6;7;8;9;10,I;III;aVF;V1;V2;V3;V4;V5,8,0.6,1,0,1,0,2
0;2;5;6;7;8;9;10,I;III;aVF;V1;V2;V3;V4;V5,8,0.7,1,0,1,0,2
0;2;5;6;7;8;9;10,I;III;aVF;V1;V2;V3;V4;V5,8,0.8,1,0,1,0,2
0;2;5;6;7;8;9;10,I;III;aVF;V1;V2;V3;V4;V5,8,0.9,1,0,0,0,1
0;2;5;6;7;8;9;10;11,I;III;aVF;V1;V2;V3;V4;V5;V6,9,0.5,1,1,1,0,3
0;2;5;6;7;8;9;10;11,I;III;aVF;V1;V2;V3;V4;V5;V6,9,0.6,1,0,1,0,2
0;2;5;6;7;8;9;10;11,I;III;aVF;V1;V2;V3;V4;V5;V6,9,0.7,1,0,1,0,2
0;2;5;6;7;8;9;10;11,I;III;aVF;V1;V2;V3;V4;V5;V6,9,0.8,1,0,1,0,2
0;2;5;6;7;8;9;10;11,I;III;aVF;V1;V2;V3;V4;V5;V6,9,0.9,1,0,0,0,1
0;2;5;6;7;8;9;11,I;III;aVF;V1;V2;V3;V4;V6,8,0.5,1,1,1,0,3
0;2;5;6;7;8;9;11,I;III;aVF;V1;V2;V3;V4;V6,8,0.6,1,0,1,0,2
0;2;5;6;7;8;9;11,I;III;aVF;V1;V2;V3;V4;V6,8,0.7,1,0,1,0,2
0;2;5;6;7;8;9;11,I;III;aVF;V1;V2;V3;V4;V6,8,0.8,1,0,1,0,2
0;2;5;6;7;8;9;11,I;III;aVF;V1;V2;V3;V4;V6,8,0.9,1,0,0,0,1
0;2;5;6;7;8;10,I;III;aVF;V1;V2;V3;V5,7,0.5,1,1,1,0,3
0;2;5;6;7;8;10,I;III;aVF;V1;V2;V3;V5,7,0.6,1,0,1,0,2
0;2;5;6;7;8;10,I;III;aVF;V1;V2;V3;V5,7,0.7,1,0,1,0,2
0;2;5;6;7;8;10,I;III;aVF;V1;V2;V3;V5,7,0.8,1,0,1,0,2
0;2;5;6;7;8;10,I;III;aVF;V1;V2;V3;V5,7,0.9,1,0,0,0,1
0;2;5;6;7;8;10;11,I;III;aVF;V1;V2;V3;V5;V6,8,0.5,1,1,1,0,3
0;2;5;6;7;8;10;11,I;III;aVF;V1;V2;V3;V5;V6,8,0.6,1,0,1,0,2
0;2;5;6;7;8;10;11,I;III;aVF;V1;V2;V3;V5;V6,8,0.7,1,0,1,0,2
0;2;5;6;7;8;10;11,I;III;aVF;V1;V2;V3;V5;V6,8,0.8,1,0,1,0,2
0;2;5;6;7;8;10;11,I;III;aVF;V1;V2;V3;V5;V6,8,0.9,1,0,0,0,1
0;2;5;6;7;8;11,I;III;aVF;V1;V2;V3;V6,7,0.5,1,1,1,0,3
0;2;5;6;7;8;11,I;III;aVF;V1;V2;V3;V6,7,0.6,1,0,1,0,2
0;2;5;6;7;8;11,I;III;aVF;V1;V2;V3;V6,7,0.7,1,0,1,0,2
0;2;5;6;7;8;11,I;III;aVF;V1;V2;V3;V6,7,0.8,1,0,1,0,2
0;2;5;6;7;8;11,I;III;aVF;V1;V2;V3;V6,7,0.9,1,0,0,0,1
0;2;5;6;7;9,I;III;aVF;V1;V2;V4,6,0.5,1,1,1,0,3
0;2;5;6;7;9,I;III;aVF;V1;V2;V4,6,0.6,1,1,1,0,3
0;2;5;6;7;9,I;III;aVF;V1;V2;V4,6,0.7,1,0,1,0,2
0;2;5;6;7;9,I;III;aVF;V1;V2;V4,6,0.8,1,0,1,0,2
0;2;5;6;7;9,I;III;aVF;V1;V2;V4,6,0.9,1,0,0,0,1
0;2;5;6;7;9;10,I;III;aVF;V1;V2;V4;V5,7,0.5,1,1,1,0,3
0;2;5;6;7;9;10,I;III;aVF;V1;V2;V4;V5,7,0.6,1,0,1,0,2
0;2;5;6;7;9;10,I;III;aVF;V1;V2;V4;V5,7,0.7,1,0,1,0,2
0;2;5;6;7;9;10,I;III;aVF;V1;V2;V4;V5,7,0.8,1,0,1,0,2
0;2;5;6;7;9;10,I;III;aVF;V1;V2;V4;V5,7,0.9,1,0,0,0,1
0;2;5;6;7;9;10;11,I;III;aVF;V1;V2;V4;V5;V6,8,0.5,1,1,1,0,3
0;2;5;6;7;9;10;11,I;III;aVF;V1;V2;V4;V5;V6,8,0.6,1,0,1,0,2
0;2;5;6;7;9;10;11,I;III;aVF;V1;V2;V4;V5;V6,8,0.7,1,0,1,0,2
0;2;5;6;7;9;10;11,I;III;aVF;V1;V2;V4;V5;V6,8,0.8,1,0,1,0,2
0;2;5;6;7;9;10;11,I;III;aVF;V1;V2;V4;V5;V6,8,0.9,1,0,0,0,1
0;2;5;6;7;9;11,I;III;aVF;V1;V2;V4;V6,7,0.5,1,1,1,0,3
0;2;5;6;7;9;11,I;III;aVF;V1;V2;V4;V6,7,0.6,1,0,1,0,2
0;2;5;6;7;9;11,I;III;aVF;V1;V2;V4;V6,7,0.7,1,0,1,0,2
0;2;5;6;7;9;11,I;III;aVF;V1;V2;V4;V6,7,0.8,1,0,1,0,2
0;2;5;6;7;9;11,I;III;aVF;V1;V2;V4;V6,7,0.9,1,0,0,0,1
0;2;5;6;7;10,I;III;aVF;V1;V2;V5,6,0.5,1,1,1,0,3
0;2;5;6;7;10,I;III;aVF;V1;V2;V5,6,0.6,1,0,1,0,2
0;2;5;6;7;10,I;III;aVF;V1;V2;V5,6,0.7,1,0,1,0,2
0;2;5;6;7;10,I;III;aVF;V1;V2;V5,6,0.8,1,0,1,0,2
0;2;5;6;7;10,I;III;aVF;V1;V2;V5,6,0.9,1,0,0,0,1
0;2;5;6;7;10;11,I;III;aVF;V1;V2;V5;V6,7,0.5,1,1,1,0,3
0;2;5;6;7;10;11,I;III;aVF;V1;V2;V5;V6,7,0.6,1,0,1,0,2
0;2;5;6;7;10;11,I;III;aVF;V1;V2;V5;V6,7,0.7,1,0,1,0,2
0;2;5;6;7;10;11,I;III;aVF;V1;V2;V5;V6,7,0.8,1,0,1,0,2
0;2;5;6;7;10;11,I;III;aVF;V1;V2;V5;V6,7,0.9,1,0,0,0,1
0;2;5;6;7;11,I;III;aVF;V1;V2;V6,6,0.5,1,1,1,0,3
0;2;5;6;7;11,I;III;aVF;V1;V2;V6,6,0.6,1,1,1,0,3
0;2;5;6;7;11,I;III;aVF;V1;V2;V6,6,0.7,1,0,1,0,2
0;2;5;6;7;11,I;III;aVF;V1;V2;V6,6,0.8,1,0,1,0,2
0;2;5;6;7;11,I;III;aVF;V1;V2;V6,6,0.9,1,0,0,0,1
0;2;5;6;8,I;III;aVF;V1;V3,5,0.5,1,1,1,0,3
0;2;5;6;8,I;III;aVF;V1;V3,5,0.6,1,0,1,0,2
0;2;5;6;8,I;III;aVF;V1;V3,5,0.7,1,0,1,0,2
0;2;5;6;8,I;III;aVF;V1;V3,5,0.8,1,0,0,0,1
0;2;5;6;8,I;III;aVF;V1;V3,5,0.9,1,0,0,0,1
0;2;5;6;8;9,I;III;aVF;V1;V3;V4,6,0.5,1,1,1,0,3
0;2;5;6;8;9,I;III;aVF;V1;V3;V4,6,0.6,1,0,1,0,2
0;2;5;6;8;9,I;III;aVF;V1;V3;V4,6,0.7,1,0,1,0,2
0;2;5;6;8;9,I;III;aVF;V1;V3;V4,6,0.8,1,0,1,0,2
0;2;5;6;8;9,I;III;aVF;V1;V3;V4,6,0.9,1,0,0,0,1
0;2;5;6;8;9;10,I;III;aVF;V1;V3;V4;V5,7,0.5,1,1,1,0,3
0;2;5;6;8;9;10,I;III;aVF;V1;V3;V4;V5,7,0.6,1,0,1,0,2
0;2;5;6;8;9;10,I;III;aVF;V1;V3;V4;V5,7,0.7,1,0,1,0,2
0;2;5;6;8;9;10,I;III;aVF;V1;V3;V4;V5,7,0.8,1,0,1,0,2
0;2;5;6;8;9;10,I;III;aVF;V1;V3;V4;V5,7,0.9,1,0,0,0,1
0;2;5;6;8;9;10;11,I;III;aVF;V1;V3;V4;V5;V6,8,0.5,1,1,1,0,3
0;2;5;6;8;9;10;11,I;III;aVF;V1;V3;V4;V5;V6,8,0.6,1,0,1,0,2
0;2;5;6;8;9;10;11,I;III;aVF;V1;V3;V4;V5;V6,8,0.7,1,0,1,0,2
0;2;5;6;8;9;10;11,I;III;aVF;V1;V3;V4;V5;V6,8,0.8,1,0,1,0,2
0;2;5;6;8;9;10;11,I;III;aVF;V1;V3;V4;V5;V6,8,0.9,1,0,0,0,1
0;2;5;6;8;9;11,I;III;aVF;V1;V3;V4;V6,7,0.5,1,1,1,0,3
0;2;5;6;8;9;11,I;III;aVF;V1;V3;V4;V6,7,0.6,1,0,1,0,2
0;2;5;6;8;9;11,I;III;aVF;V1;V3;V4;V6,7,0.7,1,0,1,0,2
0;2;5;6;8;9;11,I;III;aVF;V1;V3;V4;V6,7,0.8,1,0,1,0,2
0;2;5;6;8;9;11,I;III;aVF;V1;V3;V4;V6,7,0.9,1,0,0,0,1
0;2;5;6;8;10,I;III;aVF;V1;V3;V5,6,0.5,1,1,1,0,3
0;2;5;6;8;10,I;III;aVF;V1;V3;V5,6,0.6,1,0,1,0,2
0;2;5;6;8;10,I;III;aVF;V1;V3;V5,6,0.7,1,0,1,0,2
0;2;5;6;8;10,I;III;aVF;V1;V3;V5,6,0.8,1,0,1,0,2
0;2;5;6;8;10,I;III;aVF;V1;V3;V5,6,0.9,1,0,0,0,1
0;2;5;6;8;10;11,I;III;aVF;V1;V3;V5;V6,7,0.5,1,1,1,0,3
0;2;5;6;8;10;11,I;III;aVF;V1;V3;V5;V6,7,0.6,1,0,1,0,2
0;2;5;6;8;10;11,I;III;aVF;V1;V3;V5;V6,7,0.7,1,0,1,0,2
0;2;5;6;8;10;11,I;III;aVF;V1;V3;V5;V6,7,0.8,1,0,1,0,2
0;2;5;6;8;10;11,I;III;aVF;V1;V3;V5;V6,7,0.9,1,0,0,0,1
0;2;5;6;8;11,I;III;aVF;V1;V3;V6,6,0.5,1,1,1,0,3
0;2;5;6;8;11,I;III;aVF;V1;V3;V6,6,0.6,1,0,1,0,2
0;2;5;6;8;11,I;III;aVF;V1;V3;V6,6,0.7,1,0,1,0,2
0;2;5;6;8;11,I;III;aVF;V1;V3;V6,6,0.8,1,0,1,0,2
0;2;5;6;8;11,I;III;aVF;V1;V3;V6,6,0.9,1,0,0,0,1
0;2;5;6;9,I;III;aVF;V1;V4,5,0.5,1,1,1,0,3
0;2;5;6;9,I;III;aVF;V1;V4,5,0.6,1,0,1,0,2
0;2;5;6;9,I;III;aVF;V1;V4,5,0.7,1,0,1,0,2
0;2;5;6;9,I;III;aVF;V1;V4,5,0.8,1,0,1,0,2
0;2;5;6;9,I;III;aVF;V1;V4,5,0.9,1,0,0,0,1
0;2;5;6;9;10,I;III;aVF;V1;V4;V5,6,0.5,1,1,1,0,3
0;2;5;6;9;10,I;III;aVF;V1;V4;V5,6,0.6,1,0,1,0,2
0;2;5;6;9;10,I;III;aVF;V1;V4;V5,6,0.7,1,0,1,0,2
0;2;5;6;9;10,I;III;aVF;V1;V4;V5,6,0.8,1,0,1,0,2
0;2;5;6;9;10,I;III;aVF;V1;V4;V5,6,0.9,1,0,0,0,1
0;2;5;6;9;10;11,I;III;aVF;V1;V4;V5;V6,7,0.5,1,1,1,0,3
0;2;5;6;9;10;11,I;III;aVF;V1;V4;V5;V6,7,0.6,1,0,1,0,2
0;2;5;6;9;10;11,I;III;aVF;V1;V4;V5;V6,7,0.7,1,0,1,0,2
0;2;5;6;9;10;11,I;III;aVF;V1;V4;V5;V6,7,0.8,1,0,1,0,2
0;2;5;6;9;10;11,I;III;aVF;V1;V4;V5;V6,7,0.9,1,0,0,0,1
0;2;5;6;9;11,I;III;aVF;V1;V4;V6,6,0.5,1,1,1,0,3
0;2;5;6;9;11,I;III;aVF;V1;V4;V6,6,0.6,1,0,1,0,2
0;2;5;6;9;11,I;III;aVF;V1;V4;V6,6,0.7,1,0,1,0,2
0;2;5;6;9;11,I;III;aVF;V1;V4;V6,6,0.8,1,0,1,0,2
0;2;5;6;9;11,I;III;aVF;V1;V4;V6,6,0.9,1,0,0,0,1
0;2;5;6;10,I;III;aVF;V1;V5,5,0.5,1,1,1,0,3
0;2;5;6;10,I;III;aVF;V1;V5,5,0.6,1,0,1,0,2
0;2;5;6;10,I;III;aVF;V1;V5,5,0.7,1,0,1,0,2
0;2;5;6;10,I;III;aVF;V1;V5,5,0.8,1,0,1,0,2
0;2;5;6;10,I;III;aVF;V1;V5,5,0.9,1,0,0,0,1
0;2;5;6;10;11,I;III;aVF;V1;V5;V6,6,0.5,1,1,1,0,3
0;2;5;6;10;11,I;III;aVF;V1;V5;V6,6,0.6,1,0,1,0,2
0;2;5;6;10;11,I;III;aVF;V1;V5;V6,6,0.7,1,0,1,0,2
0;2;5;6;10;11,I;III;aVF;V1;V5;V6,6,0.8,1,0,1,0,2
0;2;5;6;10;11,I;III;aVF;V1;V5;V6,6,0.9,1,0,0,0,1
0;2;5;6;11,I;III;aVF;V1;V6,5,0.5,1,1,1,0,3
0;2;5;6;11,I;III;aVF;V1;V6,5,0.6,1,1,1,0,3
0;2;5;6;11,I;III;aVF;V1;V6,5,0.7,1,0,1,0,2
0;2;5;6;11,I;III;aVF;V1;V6,5,0.8,1,0,1,0,2
0;2;5;6;11,I;III;aVF;V1;V6,5,0.9,1,0,0,0,1
0;2;5;7,I;III;aVF;V2,4,0.5,1,1,1,0,3
0;2;5;7,I;III;aVF;V2,4,0.6,1,0,1,0,2
0;2;5;7,I;III;aVF;V2,4,0.7,1,0,1,0,2
0;2;5;7,I;III;aVF;V2,4,0.8,1,0,1,0,2
0;2;5;7,I;III;aVF;V2,4,0.9,1,0,0,0,1
0;2;5;7;8,I;III;aVF;V2;V3,5,0.5,1,1,1,0,3
0;2;5;7;8,I;III;aVF;V2;V3,5,0.6,1,1,1,0,3
0;2;5;7;8,I;III;aVF;V2;V3,5,0.7,1,0,1,0,2
0;2;5;7;8,I;III;aVF;V2;V3,5,0.8,1,0,0,0,1
0;2;5;7;8,I;III;aVF;V2;V3,5,0.9,1,0,0,0,1
0;2;5;7;8;9,I;III;aVF;V2;V3;V4,6,0.5,1,1,1,0,3
0;2;5;7;8;9,I;III;aVF;V2;V3;V4,6,0.6,1,1,1,0,3
0;2;5;7;8;9,I;III;aVF;V2;V3;V4,6,0.7,1,0,1,0,2
0;2;5;7;8;9,I;III;aVF;V2;V3;V4,6,0.8,1,0,0,0,1
0;2;5;7;8;9,I;III;aVF;V2;V3;V4,6,0.9,1,0,0,0,1
0;2;5;7;8;9;10,I;III;aVF;V2;V3;V4;V5,7,0.5,1,1,1,0,3
0;2;5;7;8;9;10,I;III;aVF;V2;V3;V4;V5,7,0.6,1,0,1,0,2
0;2;5;7;8;9;10,I;III;aVF;V2;V3;V4;V5,7,0.7,1,0,1,0,2
0;2;5;7;8;9;10,I;III;aVF;V2;V3;V4;V5,7,0.8,1,0,0,0,1
0;2;5;7;8;9;10,I;III;aVF;V2;V3;V4;V5,7,0.9,1,0,0,0,1
0;2;5;7;8;9;10;11,I;III;aVF;V2;V3;V4;V5;V6,8,0.5,1,1,1,0,3
0;2;5;7;8;9;10;11,I;III;aVF;V2;V3;V4;V5;V6,8,0.6,1,0,1,0,2
0;2;5;7;8;9;10;11,I;III;aVF;V2;V3;V4;V5;V6,8,0.7,1,0,1,0,2
0;2;5;7;8;9;10;11,I;III;aVF;V2;V3;V4;V5;V6,8,0.8,1,0,0,0,1
0;2;5;7;8;9;10;11,I;III;aVF;V2;V3;V4;V5;V6,8,0.9,1,0,0,0,1
0;2;5;7;8;9;11,I;III;aVF;V2;V3;V4;V6,7,0.5,1,1,1,0,3
0;2;5;7;8;9;11,I;III;aVF;V2;V3;V4;V6,7,0.6,1,0,1,0,2
0;2;5;7;8;9;11,I;III;aVF;V2;V3;V4;V6,7,0.7,1,0,1,0,2
0;2;5;7;8;9;11,I;III;aVF;V2;V3;V4;V6,7,0.8,1,0,0,0,1
0;2;5;7;8;9;11,I;III;aVF;V2;V3;V4;V6,7,0.9,1,0,0,0,1
0;2;5;7;8;10,I;III;aVF;V2;V3;V5,6,0.5,1,1,1,0,3
0;2;5;7;8;10,I;III;aVF;V2;V3;V5,6,0.6,1,0,1,0,2
0;2;5;7;8;10,I;III;aVF;V2;V3;V5,6,0.7,1,0,1,0,2
0;2;5;7;8;10,I;III;aVF;V2;V3;V5,6,0.8,1,0,0,0,1
0;2;5;7;8;10,I;III;aVF;V2;V3;V5,6,0.9,1,0,0,0,1
0;2;5;7;8;10;11,I;III;aVF;V2;V3;V5;V6,7,0.5,1,1,1,0,3
0;2;5;7;8;10;11,I;III;aVF;V2;V3;V5;V6,7,0.6,1,0,1,0,2
0;2;5;7;8;10;11,I;III;aVF;V2;V3;V5;V6,7,0.7,1,0,1,0,2
0;2;5;7;8;10;11,I;III;aVF;V2;V3;V5;V6,7,0.8,1,0,0,0,1
0;2;5;7;8;10;11,I;III;aVF;V2;V3;V5;V6,7,0.9,1,0,0,0,1
0;2;5;7;8;11,I;III;aVF;V2;V3;V6,6,0.5,1,1,1,0,3
0;2;5;7;8;11,I;III;aVF;V2;V3;V6,6,0.6,1,0,1,0,2
0;2;5;7;8;11,I;III;aVF;V2;V3;V6,6,0.7,1,0,1,0,2
0;2;5;7;8;11,I;III;aVF;V2;V3;V6,6,0.8,1,0,0,0,1
0;2;5;7;8;11,I;III;aVF;V2;V3;V6,6,0.9,1,0,0,0,1
0;2;5;7;9,I;III;aVF;V2;V4,5,0.5,1,1,1,0,3
0;2;5;7;9,I;III;aVF;V2;V4,5,0.6,1,1,1,0,3
0;2;5;7;9,I;III;aVF;V2;V4,5,0.7,1,0,1,0,2
0;2;5;7;9,I;III;aVF;V2;V4,5,0.8,1,0,1,0,2
0;2;5;7;9,I;III;aVF;V2;V4,5,0.9,1,0,0,0,1
0;2;5;7;9;10,I;III;aVF;V2;V4;V5,6,0.5,1,1,1,0,3
0;2;5;7;9;10,I;III;aVF;V2;V4;V5,6,0.6,1,0,1,0,2
0;2;5;7;9;10,I;III;aVF;V2;V4;V5,6,0.7,1,0,1,0,2
0;2;5;7;9;10,I;III;aVF;V2;V4;V5,6,0.8,1,0,0,0,1
0;2;5;7;9;10,I;III;aVF;V2;V4;V5,6,0.9,1,0,0,0,1
0;2;5;7;9;10;11,I;III;aVF;V2;V4;V5;V6,7,0.5,1,1,1,0,3
0;2;5;7;9;10;11,I;III;aVF;V2;V4;V5;V6,7,0.6,1,0,1,0,2
0;2;5;7;9;10;11,I;III;aVF;V2;V4;V5;V6,7,0.7,1,0,1,0,2
0;2;5;7;9;10;11,I;III;aVF;V2;V4;V5;V6,7,0.8,1,0,0,0,1
0;2;5;7;9;10;11,I;III;aVF;V2;V4;V5;V6,7,0.9,1,0,0,0,1
0;2;5;7;9;11,I;III;aVF;V2;V4;V6,6,0.5,1,1,1,0,3
0;2;5;7;9;11,I;III;aVF;V2;V4;V6,6,0.6,1,0,1,0,2
0;2;5;7;9;11,I;III;aVF;V2;V4;V6,6,0.7,1,0,1,0,2
0;2;5;7;9;11,I;III;aVF;V2;V4;V6,6,0.8,1,0,0,0,1
0;2;5;7;9;11,I;III;aVF;V2;V4;V6,6,0.9,1,0,0,0,1
0;2;5;7;10,I;III;aVF;V2;V5,5,0.5,1,1,1,0,3
0;2;5;7;10,I;III;aVF;V2;V5,5,0.6,1,0,1,0,2
0;2;5;7;10,I;III;aVF;V2;V5,5,0.7,1,0,1,0,2
0;2;5;7;10,I;III;aVF;V2;V5,5,0.8,1,0,0,0,1
0;2;5;7;10,I;III;aVF;V2;V5,5,0.9,1,0,0,0,1
0;2;5;7;10;11,I;III;aVF;V2;V5;V6,6,0.5,1,1,1,0,3
0;2;5;7;10;11,I;III;aVF;V2;V5;V6,6,0.6,1,0,1,0,2
0;2;5;7;10;11,I;III;aVF;V2;V5;V6,6,0.7,1,0,1,0,2
0;2;5;7;10;11,I;III;aVF;V2;V5;V6,6,0.8,1,0,0,0,1
0;2;5;7;10;11,I;III;aVF;V2;V5;V6,6,0.9,1,0,0,0,1
0;2;5;7;11,I;III;aVF;V2;V6,5,0.5,1,1,1,0,3
0;2;5;7;11,I;III;aVF;V2;V6,5,0.6,1,0,1,0,2
0;2;5;7;11,I;III;aVF;V2;V6,5,0.7,1,0,1,0,2
0;2;5;7;11,I;III;aVF;V2;V6,5,0.8,1,0,0,0,1
0;2;5;7;11,I;III;aVF;V2;V6,5,0.9,1,0,0,0,1
0;2;5;8,I;III;aVF;V3,4,0.5,1,1,1,0,3
0;2;5;8,I;III;aVF;V3,4,0.6,1,0,1,0,2
0;2;5;8,I;III;aVF;V3,4,0.7,1,0,1,0,2
0;2;5;8,I;III;aVF;V3,4,0.8,1,0,0,0,1
0;2;5;8,I;III;aVF;V3,4,0.9,1,0,0,0,1
0;2;5;8;9,I;III;aVF;V3;V4,5,0.5,1,1,1,0,3
0;2;5;8;9,I;III;aVF;V3;V4,5,0.6,1,1,1,0,3
0;2;5;8;9,I;III;aVF;V3;V4,5,0.7,1,0,1,0,2
0;2;5;8;9,I;III;aVF;V3;V4,5,0.8,1,0,1,0,2
0;2;5;8;9,I;III;aVF;V3;V4,5,0.9,1,0,0,0,1
0;2;5;8;9;10,I;III;aVF;V3;V4;V5,6,0.5,1,1,1,0,3
0;2;5;8;9;10,I;III;aVF;V3;V4;V5,6,0.6,1,1,1,0,3
0;2;5;8;9;10,I;III;aVF;V3;V4;V5,6,0.7,1,0,1,0,2
0;2;5;8;9;10,I;III;aVF;V3;V4;V5,6,0.8,1,0,0,0,1
0;2;5;8;9;10,I;III;aVF;V3;V4;V5,6,0.9,1,0,0,0,1
0;2;5;8;9;10;11,I;III;aVF;V3;V4;V5;V6,7,0.5,1,1,1,0,3
0;2;5;8;9;10;11,I;III;aVF;V3;V4;V5;V6,7,0.6,1,0,1,0,2
0;2;5;8;9;10;11,I;III;aVF;V3;V4;V5;V6,7,0.7,1,0,1,0,2
0;2;5;8;9;10;11,I;III;aVF;V3;V4;V5;V6,7,0.8,1,0,0,0,1
0;2;5;8;9;10;11,I;III;aVF;V3;V4;V5;V6,7,0.9,1,0,0,0,1
0;2;5;8;9;11,I;III;aVF;V3;V4;V6,6,0.5,1,1,1,0,3
0;2;5;8;9;11,I;III;aVF;V3;V4;V6,6,0.6,1,0,1,0,2
0;2;5;8;9;11,I;III;aVF;V3;V4;V6,6,0.7,1,0,1,0,2
0;2;5;8;9;11,I;III;aVF;V3;V4;V6,6,0.8,1,0,0,0,1
0;2;5;8;9;11,I;III;aVF;V3;V4;V6,6,0.9,1,0,0,0,1
0;2;5;8;10,I;III;aVF;V3;V5,5,0.5,1,1,1,0,3
0;2;5;8;10,I;III;aVF;V3;V5,5,0.6,1,0,1,0,2
0;2;5;8;10,I;III;aVF;V3;V5,5,0.7,1,0,1,0,2
0;2;5;8;10,I;III;aVF;V3;V5,5,0.8,1,0,0,0,1
0;2;5;8;10,I;III;aVF;V3;V5,5,0.9,1,0,0,0,1
0;2;5;8;10;11,I;III;aVF;V3;V5;V6,6,0.5,1,1,1,0,3
0;2;5;8;10;11,I;III;aVF;V3;V5;V6,6,0.6,1,0,1,0,2
0;2;5;8;10;11,I;III;aVF;V3;V5;V6,6,0.7,1,0,1,0,2
0;2;5;8;10;11,I;III;aVF;V3;V5;V6,6,0.8,1,0,0,0,1
0;2;5;8;10;11,I;III;aVF;V3;V5;V6,6,0.9,1,0,0,0,1
0;2;5;8;11,I;III;aVF;V3;V6,5,0.5,1,1,1,0,3
0;2;5;8;11,I;III;aVF;V3;V6,5,0.6,1,0,1,0,2
0;2;5;8;11,I;III;aVF;V3;V6,5,0.7,1,0,1,0,2
0;2;5;8;11,I;III;aVF;V3;V6,5,0.8,1,0,0,0,1
0;2;5;8;11,I;III;aVF;V3;V6,5,0.9,1,0,0,0,1
0;2;5;9,I;III;aVF;V4,4,0.5,1,1,1,0,3
0;2;5;9,I;III;aVF;V4,4,0.6,1,0,1,0,2
0;2;5;9,I;III;aVF;V4,4,0.7,1,0,1,0,2
0;2;5;9,I;III;aVF;V4,4,0.8,1,0,1,0,2
0;2;5;9,I;III;aVF;V4,4,0.9,1,0,0,0,1
0;2;5;9;10,I;III;aVF;V4;V5,5,0.5,1,1,1,0,3
0;2;5;9;10,I;III;aVF;V4;V5,5,0.6,1,0,1,0,2
0;2;5;9;10,I;III;aVF;V4;V5,5,0.7,1,0,1,0,2
0;2;5;9;10,I;III;aVF;V4;V5,5,0.8,1,0,0,0,1
0;2;5;9;10,I;III;aVF;V4;V5,5,0.9,1,0,0,0,1
0;2;5;9;10;11,I;III;aVF;V4;V5;V6,6,0.5,1,1,1,0,3
0;2;5;9;10;11,I;III;aVF;V4;V5;V6,6,0.6,1,0,1,0,2
0;2;5;9;10;11,I;III;aVF;V4;V5;V6,6,0.7,1,0,1,0,2
0;2;5;9;10;11,I;III;aVF;V4;V5;V6,6,0.8,1,0,0,0,1
0;2;5;9;10;11,I;III;aVF;V4;V5;V6,6,0.9,1,0,0,0,1
0;2;5;9;11,I;III;aVF;V4;V6,5,0.5,1,1,1,0,3
0;2;5;9;11,I;III;aVF;V4;V6,5,0.6,1,0,1,0,2
0;2;5;9;11,I;III;aVF;V4;V6,5,0.7,1,0,1,0,2
0;2;5;9;11,I;III;aVF;V4;V6,5,0.8,1,0,0,0,1
0;2;5;9;11,I;III;aVF;V4;V6,5,0.9,1,0,0,0,1
0;2;5;10,I;III;aVF;V5,4,0.5,1,1,1,0,3
0;2;5;10,I;III;aVF;V5,4,0.6,1,0,1,0,2
0;2;5;10,I;III;aVF;V5,4,0.7,1,0,1,0,2
0;2;5;10,I;III;aVF;V5,4,0.8,1,0,0,0,1
0;2;5;10,I;III;aVF;V5,4,0.9,1,0,0,0,1
0;2;5;10;11,I;III;aVF;V5;V6,5,0.5,1,1,1,0,3
0;2;5;10;11,I;III;aVF;V5;V6,5,0.6,1,0,1,0,2
0;2;5;10;11,I;III;aVF;V5;V6,5,0.7,1,0,1,0,2
0;2;5;10;11,I;III;aVF;V5;V6,5,0.8,1,0,0,0,1
0;2;5;10;11,I;III;aVF;V5;V6,5,0.9,1,0,0,0,1
0;2;5;11,I;III;aVF;V6,4,0.5,1,1,1,0,3
0;2;5;11,I;III;aVF;V6,4,0.6,1,1,1,0,3
0;2;5;11,I;III;aVF;V6,4,0.7,1,0,1,0,2
0;2;5;11,I;III;aVF;V6,4,0.8,1,0,0,0,1
0;2;5;11,I;III;aVF;V6,4,0.9,1,0,0,0,1
0;2;6,I;III;V1,4,0.5,1,1,1,0,3
0;2;6,I;III;V1,4,0.6,1,0,1,0,2
0;2;6,I;III;V1,4,0.7,1,0,1,0,2
0;2;6,I;III;V1,4,0.8,1,0,1,0,2
0;2;6,I;III;V1,4,0.9,1,0,0,0,1
0;2;6;7,I;III;V1;V2,5,0.5,1,1,1,0,3
0;2;6;7,I;III;V1;V2,5,0.6,1,1,1,0,3
0;2;6;7,I;III;V1;V2,5,0.7,1,0,1,0,2
0;2;6;7,I;III;V1;V2,5,0.8,1,0,1,0,2
0;2;6;7,I;III;V1;V2,5,0.9,1,0,0,0,1
0;2;6;7;8,I;III;V1;V2;V3,6,0.5,1,1,1,0,3
0;2;6;7;8,I;III;V1;V2;V3,6,0.6,1,0,1,0,2
0;2;6;7;8,I;III;V1;V2;V3,6,0.7,1,0,1,0,2
0;2;6;7;8,I;III;V1;V2;V3,6,0.8,1,0,1,0,2
0;2;6;7;8,I;III;V1;V2;V3,6,0.9,1,0,0,0,1
0;2;6;7;8;9,I;III;V1;V2;V3;V4,7,0.5,1,1,1,0,3
0;2;6;7;8;9,I;III;V1;V2;V3;V4,7,0.6,1,0,1,0,2
0;2;6;7;8;9,I;III;V1;V2;V3;V4,7,0.7,1,0,1,0,2
0;2;6;7;8;9,I;III;V1;V2;V3;V4,7,0.8,1,0,1,0,2
0;2;6;7;8;9,I;III;V1;V2;V3;V4,7,0.9,1,0,0,0,1
0;2;6;7;8;9;10,I;III;V1;V2;V3;V4;V5,8,0.5,1,1,1,0,3
0;2;6;7;8;9;10,I;III;V1;V2;V3;V4;V5,8,0.6,1,0,1,0,2
0;2;6;7;8;9;10,I;III;V1;V2;V3;V4;V5,8,0.7,1,0,1,0,2
0;2;6;7;8;9;10,I;III;V1;V2;V3;V4;V5,8,0.8,1,0,1,0,2
0;2;6;7;8;9;10,I;III;V1;V2;V3;V4;V5,8,0.9,1,0,0,0,1
0;2;6;7;8;9;10;11,I;III;V1;V2;V3;V4;V5;V6,9,0.5,1,1,1,0,3
0;2;6;7;8;9;10;11,I;III;V1;V2;V3;V4;V5;V6,9,0.6,1,0,1,0,2
0;2;6;7;8;9;10;11,I;III;V1;V2;V3;V4;V5;V6,9,0.7,1,0,1,0,2
0;2;6;7;8;9;10;11,I;III;V1;V2;V3;V4;V5;V6,9,0.8,1,0,1,0,2
0;2;6;7;8;9;10;11,I;III;V1;V2;V3;V4;V5;V6,9,0.9,1,0,0,0,1
0;2;6;7;8;9;11,I;III;V1;V2;V3;V4;V6,8,0.5,1,1,1,0,3
0;2;6;7;8;9;11,I;III;V1;V2;V3;V4;V6,8,0.6,1,0,1,0,2
0;2;6;7;8;9;11,I;III;V1;V2;V3;V4;V6,8,0.7,1,0,1,0,2
0;2;6;7;8;9;11,I;III;V1;V2;V3;V4;V6,8,0.8,1,0,1,0,2
0;2;6;7;8;9;11,I;III;V1;V2;V3;V4;V6,8,0.9,1,0,0,0,1
0;2;6;7;8;10,I;III;V1;V2;V3;V5,7,0.5,1,1,1,0,3
0;2;6;7;8;10,I;III;V1;V2;V3;V5,7,0.6,1,0,1,0,2
0;2;6;7;8;10,I;III;V1;V2;V3;V5,7,0.7,1,0,1,0,2
0;2;6;7;8;10,I;III;V1;V2;V3;V5,7,0.8,1,0,1,0,2
0;2;6;7;8;10,I;III;V1;V2;V3;V5,7,0.9,1,0,0,0,1
0;2;6;7;8;10;11,I;III;V1;V2;V3;V5;V6,8,0.5,1,1,1,0,3
0;2;6;7;8;10;11,I;III;V1;V2;V3;V5;V6,8,0.6,1,0,1,0,2
0;2;6;7;8;10;11,I;III;V1;V2;V3;V5;V6,8,0.7,1,0,1,0,2
0;2;6;7;8;10;11,I;III;V1;V2;V3;V5;V6,8,0.8,1,0,1,0,2
0;2;6;7;8;10;11,I;III;V1;V2;V3;V5;V6,8,0.9,1,0,0,0,1
0;2;6;7;8;11,I;III;V1;V2;V3;V6,7,0.5,1,1,1,0,3
0;2;6;7;8;11,I;III;V1;V2;V3;V6,7,0.6,1,0,1,0,2
0;2;6;7;8;11,I;III;V1;V2;V3;V6,7,0.7,1,0,1,0,2
0;2;6;7;8;11,I;III;V1;V2;V3;V6,7,0.8,1,0,1,0,2
0;2;6;7;8;11,I;III;V1;V2;V3;V6,7,0.9,1,0,0,0,1
0;2;6;7;9,I;III;V1;V2;V4,6,0.5,1,1,1,0,3
0;2;6;7;9,I;III;V1;V2;V4,6,0.6,1,0,1,0,2
0;2;6;7;9,I;III;V1;V2;V4,6,0.7,1,0,1,0,2
0;2;6;7;9,I;III;V1;V2;V4,6,0.8,1,0,1,0,2
0;2;6;7;9,I;III;V1;V2;V4,6,0.9,1,0,0,0,1
0;2;6;7;9;10,I;III;V1;V2;V4;V5,7,0.5,1,1,1,0,3
0;2;6;7;9;10,I;III;V1;V2;V4;V5,7,0.6,1,0,1,0,2
0;2;6;7;9;10,I;III;V1;V2;V4;V5,7,0.7,1,0,1,0,2
0;2;6;7;9;10,I;III;V1;V2;V4;V5,7,0.8,1,0,1,0,2
0;2;6;7;9;10,I;III;V1;V2;V4;V5,7,0.9,1,0,0,0,1
0;2;6;7;9;10;11,I;III;V1;V2;V4;V5;V6,8,0.5,1,1,1,0,3
0;2;6;7;9;10;11,I;III;V1;V2;V4;V5;V6,8,0.6,1,0,1,0,2
0;2;6;7;9;10;11,I;III;V1;V2;V4;V5;V6,8,0.7,1,0,1,0,2
0;2;6;7;9;10;11,I;III;V1;V2;V4;V5;V6,8,0.8,1,0,1,0,2
0;2;6;7;9;10;11,I;III;V1;V2;V4;V5;V6,8,0.9,1,0,0,0,1
0;2;6;7;9;11,I;III;V1;V2;V4;V6,7,0.5,1,1,1,0,3
0;2;6;7;9;11,I;III;V1;V2;V4;V6,7,0.6,1,0,1,0,2
0;2;6;7;9;11,I;III;V1;V2;V4;V6,7,0.7,1,0,1,0,2
0;2;6;7;9;11,I;III;V1;V2;V4;V6,7,0.8,1,0,1,0,2
0;2;6;7;9;11,I;III;V1;V2;V4;V6,7,0.9,1,0,0,0,1
0;2;6;7;10,I;III;V1;V2;V5,6,0.5,1,1,1,0,3
0;2;6;7;10,I;III;V1;V2;V5,6,0.6,1,0,1,0,2
0;2;6;7;10,I;III;V1;V2;V5,6,0.7,1,0,1,0,2
0;2;6;7;10,I;III;V1;V2;V5,6,0.8,1,0,1,0,2
0;2;6;7;10,I;III;V1;V2;V5,6,0.9,1,0,0,0,1
0;2;6;7;10;11,I;III;V1;V2;V5;V6,7,0.5,1,1,1,0,3
0;2;6;7;10;11,I;III;V1;V2;V5;V6,7,0.6,1,0,1,0,2
0;2;6;7;10;11,I;III;V1;V2;V5;V6,7,0.7,1,0,1,0,2
0;2;6;7;10;11,I;III;V1;V2;V5;V6,7,0.8,1,0,1,0,2
0;2;6;7;10;11,I;III;V1;V2;V5;V6,7,0.9,1,0,0,0,1
0;2;6;7;11,I;III;V1;V2;V6,6,0.5,1,1,1,0,3
0;2;6;7;11,I;III;V1;V2;V6,6,0.6,1,0,1,0,2
0;2;6;7;11,I;III;V1;V2;V6,6,0.7,1,0,1,0,2
0;2;6;7;11,I;III;V1;V2;V6,6,0.8,1,0,1,0,2
0;2;6;7;11,I;III;V1;V2;V6,6,0.9,1,0,0,0,1
0;2;6;8,I;III;V1;V3,5,0.5,1,1,1,0,3
0;2;6;8,I;III;V1;V3,5,0.6,1,0,1,0,2
0;2;6;8,I;III;V1;V3,5,0.7,1,0,1,0,2
0;2;6;8,I;III;V1;V3,5,0.8,1,0,1,0,2
0;2;6;8,I;III;V1;V3,5,0.9,1,0,0,0,1
0;2;6;8;9,I;III;V1;V3;V4,6,0.5,1,1,1,0,3
0;2;6;8;9,I;III;V1;V3;V4,6,0.6,1,0,1,0,2
0;2;6;8;9,I;III;V1;V3;V4,6,0.7,1,0,1,0,2
0;2;6;8;9,I;III;V1;V3;V4,6,0.8,1,0,1,0,2
0;2;6;8;9,I;III;V1;V3;V4,6,0.9,1,0,0,0,1
0;2;6;8;9;10,I;III;V1;V3;V4;V5,7,0.5,1,1,1,0,3
0;2;6;8;9;10,I;III;V1;V3;V4;V5,7,0.6,1,0,1,0,2
0;2;6;8;9;10,I;III;V1;V3;V4;V5,7,0.7,1,0,1,0,2
0;2;6;8;9;10,I;III;V1;V3;V4;V5,7,0.8,1,0,1,0,2
0;2;6;8;9;10,I;III;V1;V3;V4;V5,7,0.9,1,0,0,0,1
0;2;6;8;9;10;11,I;III;V1;V3;V4;V5;V6,8,0.5,1,1,1,0,3
0;2;6;8;9;10;11,I;III;V1;V3;V4;V5;V6,8,0.6,1,0,1,0,2
0;2;6;8;9;10;11,I;III;V1;V3;V4;V5;V6,8,0.7,1,0,1,0,2
0;2;6;8;9;10;11,I;III;V1;V3;V4;V5;V6,8,0.8,1,0,1,0,2
0;2;6;8;9;10;11,I;III;V1;V3;V4;V5;V6,8,0.9,1,0,0,0,1
0;2;6;8;9;11,I;III;V1;V3;V4;V6,7,0.5,1,1,1,0,3
0;2;6;8;9;11,I;III;V1;V3;V4;V6,7,0.6,1,0,1,0,2
0;2;6;8;9;11,I;III;V1;V3;V4;V6,7,0.7,1,0,1,0,2
0;2;6;8;9;11,I;III;V1;V3;V4;V6,7,0.8,1,0,1,0,2
0;2;6;8;9;11,I;III;V1;V3;V4;V6,7,0.9,1,0,0,0,1
0;2;6;8;10,I;III;V1;V3;V5,6,0.5,1,1,1,0,3
0;2;6;8;10,I;III;V1;V3;V5,6,0.6,1,0,1,0,2
0;2;6;8;10,I;III;V1;V3;V5,6,0.7,1,0,1,0,2
0;2;6;8;10,I;III;V1;V3;V5,6,0.8,1,0,1,0,2
0;2;6;8;10,I;III;V1;V3;V5,6,0.9,1,0,0,0,1
0;2;6;8;10;11,I;III;V1;V3;V5;V6,7,0.5,1,1,1,0,3
0;2;6;8;10;11,I;III;V1;V3;V5;V6,7,0.6,1,0,1,0,2
0;2;6;8;10;11,I;III;V1;V3;V5;V6,7,0.7,1,0,1,0,2
0;2;6;8;10;11,I;III;V1;V3;V5;V6,7,0.8,1,0,1,0,2
0;2;6;8;10;11,I;III;V1;V3;V5;V6,7,0.9,1,0,0,0,1
0;2;6;8;11,I;III;V1;V3;V6,6,0.5,1,1,1,0,3
0;2;6;8;11,I;III;V1;V3;V6,6,0.6,1,0,1,0,2
0;2;6;8;11,I;III;V1;V3;V6,6,0.7,1,0,1,0,2
0;2;6;8;11,I;III;V1;V3;V6,6,0.8,1,0,1,0,2
0;2;6;8;11,I;III;V1;V3;V6,6,0.9,1,0,0,0,1
0;2;6;9,I;III;V1;V4,5,0.5,1,1,1,0,3
0;2;6;9,I;III;V1;V4,5,0.6,1,0,1,0,2
0;2;6;9,I;III;V1;V4,5,0.7,1,0,1,0,2
0;2;6;9,I;III;V1;V4,5,0.8,1,0,1,0,2
0;2;6;9,I;III;V1;V4,5,0.9,1,0,0,0,1
0;2;6;9;10,I;III;V1;V4;V5,6,0.5,1,1,1,0,3
0;2;6;9;10,I;III;V1;V4;V5,6,0.6,1,0,1,0,2
0;2;6;9;10,I;III;V1;V4;V5,6,0.7,1,0,1,0,2
0;2;6;9;10,I;III;V1;V4;V5,6,0.8,1,0,1,0,2
0;2;6;9;10,I;III;V1;V4;V5,6,0.9,1,0,0,0,1
0;2;6;9;10;11,I;III;V1;V4;V5;V6,7,0.5,1,1,1,0,3
0;2;6;9;10;11,I;III;V1;V4;V5;V6,7,0.6,1,0,1,0,2
0;2;6;9;10;11,I;III;V1;V4;V5;V6,7,0.7,1,0,1,0,2
0;2;6;9;10;11,I;III;V1;V4;V5;V6,7,0.8,1,0,1,0,2
0;2;6;9;10;11,I;III;V1;V4;V5;V6,7,0.9,1,0,0,0,1
0;2;6;9;11,I;III;V1;V4;V6,6,0.5,1,1,1,0,3
0;2;6;9;11,I;III;V1;V4;V6,6,0.6,1,0,1,0,2
0;2;6;9;11,I;III;V1;V4;V6,6,0.7,1,0,1,0,2
0;2;6;9;11,I;III;V1;V4;V6,6,0.8,1,0,1,0,2
0;2;6;9;11,I;III;V1;V4;V6,6,0.9,1,0,0,0,1
0;2;6;10,I;III;V1;V5,5,0.5,1,1,1,0,3
0;2;6;10,I;III;V1;V5,5,0.6,1,0,1,0,2
0;2;6;10,I;III;V1;V5,5,0.7,1,0,1,0,2
0;2;6;10,I;III;V1;V5,5,0.8,1,0,1,0,2
0;2;6;10,I;III;V1;V5,5,0.9,1,0,0,0,1
0;2;6;10;11,I;III;V1;V5;V6,6,0.5,1,1,1,0,3
0;2;6;10;11,I;III;V1;V5;V6,6,0.6,1,1,1,0,3
0;2;6;10;11,I;III;V1;V5;V6,6,0.7,1,0,1,0,2
0;2;6;10;11,I;III;V1;V5;V6,6,0.8,1,0,1,0,2
0;2;6;10;11,I;III;V1;V5;V6,6,0.9,1,0,0,0,1
0;2;6;11,I;III;V1;V6,5,0.5,1,1,1,0,3
0;2;6;11,I;III;V1;V6,5,0.6,1,1,1,0,3
0;2;6;11,I;III;V1;V6,5,0.7,1,0,1,0,2
0;2;6;11,I;III;V1;V6,5,0.8,1,0,1,0,2
0;2;6;11,I;III;V1;V6,5,0.9,1,0,0,0,1
0;2;7,I;III;V2,4,0.5,1,1,1,0,3
0;2;7,I;III;V2,4,0.6,1,0,1,0,2
0;2;7,I;III;V2,4,0.7,1,0,1,0,2
0;2;7,I;III;V2,4,0.8,1,0,1,0,2
0;2;7,I;III;V2,4,0.9,1,0,0,0,1
0;2;7;8,I;III;V2;V3,5,0.5,1,1,1,0,3
0;2;7;8,I;III;V2;V3,5,0.6,1,1,1,0,3
0;2;7;8,I;III;V2;V3,5,0.7,1,0,1,0,2
0;2;7;8,I;III;V2;V3,5,0.8,1,0,1,0,2
0;2;7;8,I;III;V2;V3,5,0.9,1,0,0,0,1
0;2;7;8;9,I;III;V2;V3;V4,6,0.5,1,1,1,0,3
0;2;7;8;9,I;III;V2;V3;V4,6,0.6,1,0,1,0,2
0;2;7;8;9,I;III;V2;V3;V4,6,0.7,1,0,1,0,2
0;2;7;8;9,I;III;V2;V3;V4,6,0.8,1,0,1,0,2
0;2;7;8;9,I;III;V2;V3;V4,6,0.9,1,0,0,0,1
0;2;7;8;9;10,I;III;V2;V3;V4;V5,7,0.5,1,1,1,0,3
0;2;7;8;9;10,I;III;V2;V3;V4;V5,7,0.6,1,0,1,0,2
0;2;7;8;9;10,I;III;V2;V3;V4;V5,7,0.7,1,0,1,0,2
0;2;7;8;9;10,I;III;V2;V3;V4;V5,7,0.8,1,0,1,0,2
0;2;7;8;9;10,I;III;V2;V3;V4;V5,7,0.9,1,0,0,0,1
0;2;7;8;9;10;11,I;III;V2;V3;V4;V5;V6,8,0.5,1,1,1,0,3
0;2;7;8;9;10;11,I;III;V2;V3;V4;V5;V6,8,0.6,1,0,1,0,2
0;2;7;8;9;10;11,I;III;V2;V3;V4;V5;V6,8,0.7,1,0,1,0,2
0;2;7;8;9;10;11,I;III;V2;V3;V4;V5;V6,8,0.8,1,0,0,0,1
0;2;7;8;9;10;11,I;III;V2;V3;V4;V5;V6,8,0.9,1,0,0,0,1
0;2;7;8;9;11,I;III;V2;V3;V4;V6,7,0.5,1,1,1,0,3
0;2;7;8;9;11,I;III;V2;V3;V4;V6,7,0.6,1,0,1,0,2
0;2;7;8;9;11,I;III;V2;V3;V4;V6,7,0.7,1,0,1,0,2
0;2;7;8;9;11,I;III;V2;V3;V4;V6,7,0.8,1,0,0,0,1
0;2;7;8;9;11,I;III;V2;V3;V4;V6,7,0.9,1,0,0,0,1
0;2;7;8;10,I;III;V2;V3;V5,6,0.5,1,1,1,0,3
0;2;7;8;10,I;III;V2;V3;V5,6,0.6,1,0,1,0,2
0;2;7;8;10,I;III;V2;V3;V5,6,0.7,1,0,1,0,2
0;2;7;8;10,I;III;V2;V3;V5,6,0.8,1,0,1,0,2
0;2;7;8;10,I;III;V2;V3;V5,6,0.9,1,0,0,0,1
0;2;7;8;10;11,I;III;V2;V3;V5;V6,7,0.5,1,1,1,0,3
0;2;7;8;10;11,I;III;V2;V3;V5;V6,7,0.6,1,0,1,0,2
0;2;7;8;10;11,I;III;V2;V3;V5;V6,7,0.7,1,0,1,0,2
0;2;7;8;10;11,I;III;V2;V3;V5;V6,7,0.8,1,0,0,0,1
0;2;7;8;10;11,I;III;V2;V3;V5;V6,7,0.9,1,0,0,0,1
0;2;7;8;11,I;III;V2;V3;V6,6,0.5,1,1,1,0,3
0;2;7;8;11,I;III;V2;V3;V6,6,0.6,1,0,1,0,2
0;2;7;8;11,I;III;V2;V3;V6,6,0.7,1,0,1,0,2
0;2;7;8;11,I;III;V2;V3;V6,6,0.8,1,0,1,0,2
0;2;7;8;11,I;III;V2;V3;V6,6,0.9,1,0,0,0,1
0;2;7;9,I;III;V2;V4,5,0.5,1,1,1,0,3
0;2;7;9,I;III;V2;V4,5,0.6,1,0,1,0,2
0;2;7;9,I;III;V2;V4,5,0.7,1,0,1,0,2
0;2;7;9,I;III;V2;V4,5,0.8,1,0,1,0,2
0;2;7;9,I;III;V2;V4,5,0.9,1,0,0,0,1
0;2;7;9;10,I;III;V2;V4;V5,6,0.5,1,1,1,0,3
0;2;7;9;10,I;III;V2;V4;V5,6,0.6,1,0,1,0,2
0;2;7;9;10,I;III;V2;V4;V5,6,0.7,1,0,1,0,2
0;2;7;9;10,I;III;V2;V4;V5,6,0.8,1,0,1,0,2
0;2;7;9;10,I;III;V2;V4;V5,6,0.9,1,0,0,0,1
0;2;7;9;10;11,I;III;V2;V4;V5;V6,7,0.5,1,1,1,0,3
0;2;7;9;10;11,I;III;V2;V4;V5;V6,7,0.6,1,0,1,0,2
0;2;7;9;10;11,I;III;V2;V4;V5;V6,7,0.7,1,0,1,0,2
0;2;7;9;10;11,I;III;V2;V4;V5;V6,7,0.8,1,0,1,0,2
0;2;7;9;10;11,I;III;V2;V4;V5;V6,7,0.9,1,0,0,0,1
0;2;7;9;11,I;III;V2;V4;V6,6,0.5,1,1,1,0,3
0;2;7;9;11,I;III;V2;V4;V6,6,0.6,1,0,1,0,2
0;2;7;9;11,I;III;V2;V4;V6,6,0.7,1,0,1,0,2
0;2;7;9;11,I;III;V2;V4;V6,6,0.8,1,0,1,0,2
0;2;7;9;11,I;III;V2;V4;V6,6,0.9,1,0,0,0,1
0;2;7;10,I;III;V2;V5,5,0.5,1,1,1,0,3
0;2;7;10,I;III;V2;V5,5,0.6,1,0,1,0,2
0;2;7;10,I;III;V2;V5,5,0.7,1,0,1,0,2
0;2;7;10,I;III;V2;V5,5,0.8,1,0,1,0,2
0;2;7;10,I;III;V2;V5,5,0.9,1,0,0,0,1
0;2;7;10;11,I;III;V2;V5;V6,6,0.5,1,1,1,0,3
0;2;7;10;11,I;III;V2;V5;V6,6,0.6,1,0,1,0,2
0;2;7;10;11,I;III;V2;V5;V6,6,0.7,1,0,1,0,2
0;2;7;10;11,I;III;V2;V5;V6,6,0.8,1,0,1,0,2
0;2;7;10;11,I;III;V2;V5;V6,6,0.9,1,0,0,0,1
0;2;7;11,I;III;V2;V6,5,0.5,1,1,1,0,3
0;2;7;11,I;III;V2;V6,5,0.6,1,0,1,0,2
0;2;7;11,I;III;V2;V6,5,0.7,1,0,1,0,2
0;2;7;11,I;III;V2;V6,5,0.8,1,0,1,0,2
0;2;7;11,I;III;V2;V6,5,0.9,1,0,0,0,1
0;2;8,I;III;V3,4,0.5,1,1,1,0,3
0;2;8,I;III;V3,4,0.6,1,0,1,0,2
0;2;8,I;III;V3,4,0.7,1,0,1,0,2
0;2;8,I;III;V3,4,0.8,1,0,0,0,1
0;2;8,I;III;V3,4,0.9,1,0,0,0,1
0;2;8;9,I;III;V3;V4,5,0.5,1,1,1,0,3
0;2;8;9,I;III;V3;V4,5,0.6,1,0,1,0,2
0;2;8;9,I;III;V3;V4,5,0.7,1,0,1,0,2
0;2;8;9,I;III;V3;V4,5,0.8,1,0,1,0,2
0;2;8;9,I;III;V3;V4,5,0.9,1,0,0,0,1
0;2;8;9;10,I;III;V3;V4;V5,6,0.5,1,1,1,0,3
0;2;8;9;10,I;III;V3;V4;V5,6,0.6,1,0,1,0,2
0;2;8;9;10,I;III;V3;V4;V5,6,0.7,1,0,1,0,2
0;2;8;9;10,I;III;V3;V4;V5,6,0.8,1,0,0,0,1
0;2;8;9;10,I;III;V3;V4;V5,6,0.9,1,0,0,0,1
0;2;8;9;10;11,I;III;V3;V4;V5;V6,7,0.5,1,1,1,0,3
0;2;8;9;10;11,I;III;V3;V4;V5;V6,7,0.6,1,0,1,0,2
0;2;8;9;10;11,I;III;V3;V4;V5;V6,7,0.7,1,0,1,0,2
0;2;8;9;10;11,I;III;V3;V4;V5;V6,7,0.8,1,0,0,0,1
0;2;8;9;10;11,I;III;V3;V4;V5;V6,7,0.9,1,0,0,0,1
0;2;8;9;11,I;III;V3;V4;V6,6,0.5,1,1,1,0,3
0;2;8;9;11,I;III;V3;V4;V6,6,0.6,1,0,1,0,2
0;2;8;9;11,I;III;V3;V4;V6,6,0.7,1,0,1,0,2
0;2;8;9;11,I;III;V3;V4;V6,6,0.8,1,0,0,0,1
0;2;8;9;11,I;III;V3;V4;V6,6,0.9,1,0,0,0,1
0;2;8;10,I;III;V3;V5,5,0.5,1,1,1,0,3
0;2;8;10,I;III;V3;V5,5,0.6,1,0,1,0,2
0;2;8;10,I;III;V3;V5,5,0.7,1,0,1,0,2
0;2;8;10,I;III;V3;V5,5,0.8,1,0,0,0,1
0;2;8;10,I;III;V3;V5,5,0.9,1,0,0,0,1
0;2;8;10;11,I;III;V3;V5;V6,6,0.5,1,1,1,0,3
0;2;8;10;11,I;III;V3;V5;V6,6,0.6,1,0,1,0,2
0;2;8;10;11,I;III;V3;V5;V6,6,0.7,1,0,1,0,2
0;2;8;10;11,I;III;V3;V5;V6,6,0.8,1,0,0,0,1
0;2;8;10;11,I;III;V3;V5;V6,6,0.9,1,0,0,0,1
0;2;8;11,I;III;V3;V6,5,0.5,1,1,1,0,3
0;2;8;11,I;III;V3;V6,5,0.6,1,0,1,0,2
0;2;8;11,I;III;V3;V6,5,0.7,1,0,1,0,2
0;2;8;11,I;III;V3;V6,5,0.8,1,0,0,0,1
0;2;8;11,I;III;V3;V6,5,0.9,1,0,0,0,1
0;2;9,I;III;V4,4,0.5,1,1,1,0,3
0;2;9,I;III;V4,4,0.6,1,0,1,0,2
0;2;9,I;III;V4,4,0.7,1,0,1,0,2
0;2;9,I;III;V4,4,0.8,1,0,1,0,2
0;2;9,I;III;V4,4,0.9,1,0,0,0,1
0;2;9;10,I;III;V4;V5,5,0.5,1,1,1,0,3
0;2;9;10,I;III;V4;V5,5,0.6,1,0,1,0,2
0;2;9;10,I;III;V4;V5,5,0.7,1,0,1,0,2
0;2;9;10,I;III;V4;V5,5,0.8,1,0,0,0,1
0;2;9;10,I;III;V4;V5,5,0.9,1,0,0,0,1
0;2;9;10;11,I;III;V4;V5;V6,6,0.5,1,1,1,0,3
0;2;9;10;11,I;III;V4;V5;V6,6,0.6,1,0,1,0,2
0;2;9;10;11,I;III;V4;V5;V6,6,0.7,1,0,1,0,2
0;2;9;10;11,I;III;V4;V5;V6,6,0.8,1,0,0,0,1
0;2;9;10;11,I;III;V4;V5;V6,6,0.9,1,0,0,0,1
0;2;9;11,I;III;V4;V6,5,0.5,1,1,1,0,3
0;2;9;11,I;III;V4;V6,5,0.6,1,0,1,0,2
0;2;9;11,I;III;V4;V6,5,0.7,1,0,1,0,2
0;2;9;11,I;III;V4;V6,5,0.8,1,0,0,0,1
0;2;9;11,I;III;V4;V6,5,0.9,1,0,0,0,1
0;2;10,I;III;V5,4,0.5,1,1,1,0,3
0;2;10,I;III;V5,4,0.6,1,0,1,0,2
0;2;10,I;III;V5,4,0.7,1,0,1,0,2
0;2;10,I;III;V5,4,0.8,1,0,0,0,1
0;2;10,I;III;V5,4,0.9,1,0,0,0,1
0;2;10;11,I;III;V5;V6,5,0.5,1,1,1,0,3
0;2;10;11,I;III;V5;V6,5,0.6,1,1,1,0,3
0;2;10;11,I;III;V5;V6,5,0.7,1,0,1,0,2
0;2;10;11,I;III;V5;V6,5,0.8,1,0,0,0,1
0;2;10;11,I;III;V5;V6,5,0.9,1,0,0,0,1
0;2;11,I;III;V6,4,0.5,1,1,1,0,3
0;2;11,I;III;V6,4,0.6,1,0,1,0,2
0;2;11,I;III;V6,4,0.7,1,0,1,0,2
0;2;11,I;III;V6,4,0.8,1,0,0,0,1
0;2;11,I;III;V6,4,0.9,1,0,0,0,1
0;3,I;aVR,3,0.5,1,1,1,0,3
0;3,I;aVR,3,0.6,1,1,1,0,3
0;3,I;aVR,3,0.7,1,0,1,0,2
0;3,I;aVR,3,0.8,1,0,1,0,2
0;3,I;aVR,3,0.9,1,0,0,0,1
0;3;4,I;aVR;aVL,3,0.5,1,1,1,0,3
0;3;4,I;aVR;aVL,3,0.6,1,1,1,0,3
0;3;4,I;aVR;aVL,3,0.7,1,0,1,0,2
0;3;4,I;aVR;aVL,3,0.8,1,0,1,0,2
0;3;4,I;aVR;aVL,3,0.9,1,0,0,0,1
0;3;4;5,I;aVR;aVL;aVF,3,0.5,1,1,1,0,3
0;3;4;5,I;aVR;aVL;aVF,3,0.6,1,1,1,0,3
0;3;4;5,I;aVR;aVL;aVF,3,0.7,1,0,1,0,2
0;3;4;5,I;aVR;aVL;aVF,3,0.8,1,0,1,0,2
0;3;4;5,I;aVR;aVL;aVF,3,0.9,1,0,0,0,1
0;3;4;5;6,I;aVR;aVL;aVF;V1,4,0.5,1,1,1,0,3
0;3;4;5;6,I;aVR;aVL;aVF;V1,4,0.6,1,1,1,0,3
0;3;4;5;6,I;aVR;aVL;aVF;V1,4,0.7,1,0,1,0,2
0;3;4;5;6,I;aVR;aVL;aVF;V1,4,0.8,1,0,1,0,2
0;3;4;5;6,I;aVR;aVL;aVF;V1,4,0.9,1,0,0,0,1
0;3;4;5;6;7,I;aVR;aVL;aVF;V1;V2,5,0.5,1,1,1,0,3
0;3;4;5;6;7,I;aVR;aVL;aVF;V1;V2,5,0.6,1,1,1,0,3
0;3;4;5;6;7,I;aVR;aVL;aVF;V1;V2,5,0.7,1,0,1,0,2
0;3;4;5;6;7,I;aVR;aVL;aVF;V1;V2,5,0.8,1,0,1,0,2
0;3;4;5;6;7,I;aVR;aVL;aVF;V1;V2,5,0.9,1,0,0,0,1
0;3;4;5;6;7;8,I;aVR;aVL;aVF;V1;V2;V3,6,0.5,1,1,1,0,3
0;3;4;5;6;7;8,I;aVR;aVL;aVF;V1;V2;V3,6,0.6,1,1,1,0,3
0;3;4;5;6;7;8,I;aVR;aVL;aVF;V1;V2;V3,6,0.7,1,0,1,0,2
0;3;4;5;6;7;8,I;aVR;aVL;aVF;V1;V2;V3,6,0.8,1,0,1,0,2
0;3;4;5;6;7;8,I;aVR;aVL;aVF;V1;V2;V3,6,0.9,1,0,0,0,1
0;3;4;5;6;7;8;9,I;aVR;aVL;aVF;V1;V2;V3;V4,7,0.5,1,1,1,0,3
0;3;4;5;6;7;8;9,I;aVR;aVL;aVF;V1;V2;V3;V4,7,0.6,1,1,1,0,3
0;3;4;5;6;7;8;9,I;aVR;aVL;aVF;V1;V2;V3;V4,7,0.7,1,0,1,0,2
0;3;4;5;6;7;8;9,I;aVR;aVL;aVF;V1;V2;V3;V4,7,0.8,1,0,1,0,2
0;3;4;5;6;7;8;9,I;aVR;aVL;aVF;V1;V2;V3;V4,7,0.9,1,0,0,0,1
0;3;4;5;6;7;8;9;10,I;aVR;aVL;aVF;V1;V2;V3;V4;V5,8,0.5,1,1,1,0,3
0;3;4;5;6;7;8;9;10,I;aVR;aVL;aVF;V1;V2;V3;V4;V5,8,0.6,1,0,1,0,2
0;3;4;5;6;7;8;9;10,I;aVR;aVL;aVF;V1;V2;V3;V4;V5,8,0.7,1,0,1,0,2
0;3;4;5;6;7;8;9;10,I;aVR;aVL;aVF;V1;V2;V3;V4;V5,8,0.8,1,0,1,0,2
0;3;4;5;6;7;8;9;10,I;aVR;aVL;aVF;V1;V2;V3;V4;V5,8,0.9,1,0,0,0,1
0;3;4;5;6;7;8;9;10;11,I;aVR;aVL;aVF;V1;V2;V3;V4;V5;V6,9,0.5,1,1,1,0,3
0;3;4;5;6;7;8;9;10;11,I;aVR;aVL;aVF;V1;V2;V3;V4;V5;V6,9,0.6,1,0,1,0,2
0;3;4;5;6;7;8;9;10;11,I;aVR;aVL;aVF;V1;V2;V3;V4;V5;V6,9,0.7,1,0,1,0,2
0;3;4;5;6;7;8;9;10;11,I;aVR;aVL;aVF;V1;V2;V3;V4;V5;V6,9,0.8,1,0,1,0,2
0;3;4;5;6;7;8;9;10;11,I;aVR;aVL;aVF;V1;V2;V3;V4;V5;V6,9,0.9,1,0,0,0,1
0;3;4;5;6;7;8;9;11,I;aVR;aVL;aVF;V1;V2;V3;V4;V6,8,0.5,1,1,1,0,3
0;3;4;5;6;7;8;9;11,I;aVR;aVL;aVF;V1;V2;V3;V4;V6,8,0.6,1,0,1,0,2
0;3;4;5;6;7;8;9;11,I;aVR;aVL;aVF;V1;V2;V3;V4;V6,8,0.7,1,0,1,0,2
0;3;4;5;6;7;8;9;11,I;aVR;aVL;aVF;V1;V2;V3;V4;V6,8,0.8,1,0,1,0,2
0;3;4;5;6;7;8;9;11,I;aVR;aVL;aVF;V1;V2;V3;V4;V6,8,0.9,1,0,0,0,1
0;3;4;5;6;7;8;10,I;aVR;aVL;aVF;V1;V2;V3;V5,7,0.5,1,1,1,0,3
0;3;4;5;6;7;8;10,I;aVR;aVL;aVF;V1;V2;V3;V5,7,0.6,1,0,1,0,2
0;3;4;5;6;7;8;10,I;aVR;aVL;aVF;V1;V2;V3;V5,7,0.7,1,0,1,0,2
0;3;4;5;6;7;8;10,I;aVR;aVL;aVF;V1;V2;V3;V5,7,0.8,1,0,1,0,2
0;3;4;5;6;7;8;10,I;aVR;aVL;aVF;V1;V2;V3;V5,7,0.9,1,0,0,0,1
0;3;4;5;6;7;8;10;11,I;aVR;aVL;aVF;V1;V2;V3;V5;V6,8,0.5,1,1,1,0,3
0;3;4;5;6;7;8;10;11,I;aVR;aVL;aVF;V1;V2;V3;V5;V6,8,0.6,1,0,1,0,2
0;3;4;5;6;7;8;10;11,I;aVR;aVL;aVF;V1;V2;V3;V5;V6,8,0.7,1,0,1,0,2
0;3;4;5;6;7;8;10;11,I;aVR;aVL;aVF;V1;V2;V3;V5;V6,8,0.8,1,0,1,0,2
0;3;4;5;6;7;8;10;11,I;aVR;aVL;aVF;V1;V2;V3;V5;V6,8,0.9,1,0,0,0,1
0;3;4;5;6;7;8;11,I;aVR;aVL;aVF;V1;V2;V3;V6,7,0.5,1,1,1,0,3
0;3;4;5;6;7;8;11,I;aVR;aVL;aVF;V1;V2;V3;V6,7,0.6,1,0,1,0,2
0;3;4;5;6;7;8;11,I;aVR;aVL;aVF;V1;V2;V3;V6,7,0.7,1,0,1,0,2
0;3;4;5;6;7;8;11,I;aVR;aVL;aVF;V1;V2;V3;V6,7,0.8,1,0,1,0,2
0;3;4;5;6;7;8;11,I;aVR;aVL;aVF;V1;V2;V3;V6,7,0.9,1,0,0,0,1
0;3;4;5;6;7;9,I;aVR;aVL;aVF;V1;V2;V4,6,0.5,1,1,1,0,3
0;3;4;5;6;7;9,I;aVR;aVL;aVF;V1;V2;V4,6,0.6,1,1,1,0,3
0;3;4;5;6;7;9,I;aVR;aVL;aVF;V1;V2;V4,6,0.7,1,0,1,0,2
0;3;4;5;6;7;9,I;aVR;aVL;aVF;V1;V2;V4,6,0.8,1,0,1,0,2
0;3;4;5;6;7;9,I;aVR;aVL;aVF;V1;V2;V4,6,0.9,1,0,0,0,1
0;3;4;5;6;7;9;10,I;aVR;aVL;aVF;V1;V2;V4;V5,7,0.5,1,1,1,0,3
0;3;4;5;6;7;9;10,I;aVR;aVL;aVF;V1;V2;V4;V5,7,0.6,1,1,1,0,3
0;3;4;5;6;7;9;10,I;aVR;aVL;aVF;V1;V2;V4;V5,7,0.7,1,0,1,0,2
0;3;4;5;6;7;9;10,I;aVR;aVL;aVF;V1;V2;V4;V5,7,0.8,1,0,1,0,2
0;3;4;5;6;7;9;10,I;aVR;aVL;aVF;V1;V2;V4;V5,7,0.9,1,0,0,0,1
0;3;4;5;6;7;9;10;11,I;aVR;aVL;aVF;V1;V2;V4;V5;V6,8,0.5,1,1,1,0,3
0;3;4;5;6;7;9;10;11,I;aVR;aVL;aVF;V1;V2;V4;V5;V6,8,0.6,1,0,1,0,2
0;3;4;5;6;7;9;10;11,I;aVR;aVL;aVF;V1;V2;V4;V5;V6,8,0.7,1,0,1,0,2
0;3;4;5;6;7;9;10;11,I;aVR;aVL;aVF;V1;V2;V4;V5;V6,8,0.8,1,0,1,0,2
0;3;4;5;6;7;9;10;11,I;aVR;aVL;aVF;V1;V2;V4;V5;V6,8,0.9,1,0,0,0,1
0;3;4;5;6;7;9;11,I;aVR;aVL;aVF;V1;V2;V4;V6,7,0.5,1,1,1,0,3
0;3;4;5;6;7;9;11,I;aVR;aVL;aVF;V1;V2;V4;V6,7,0.6,1,0,1,0,2
0;3;4;5;6;7;9;11,I;aVR;aVL;aVF;V1;V2;V4;V6,7,0.7,1,0,1,0,2
0;3;4;5;6;7;9;11,I;aVR;aVL;aVF;V1;V2;V4;V6,7,0.8,1,0,1,0,2
0;3;4;5;6;7;9;11,I;aVR;aVL;aVF;V1;V2;V4;V6,7,0.9,1,0,0,0,1
0;3;4;5;6;7;10,I;aVR;aVL;aVF;V1;V2;V5,6,0.5,1,1,1,0,3
0;3;4;5;6;7;10,I;aVR;aVL;aVF;V1;V2;V5,6,0.6,1,1,1,0,3
0;3;4;5;6;7;10,I;aVR;aVL;aVF;V1;V2;V5,6,0.7,1,0,1,0,2
0;3;4;5;6;7;10,I;aVR;aVL;aVF;V1;V2;V5,6,0.8,1,0,1,0,2
0;3;4;5;6;7;10,I;aVR;aVL;aVF;V1;V2;V5,6,0.9,1,0,0,0,1
0;3;4;5;6;7;10;11,I;aVR;aVL;aVF;V1;V2;V5;V6,7,0.5,1,1,1,0,3
0;3;4;5;6;7;10;11,I;aVR;aVL;aVF;V1;V2;V5;V6,7,0.6,1,1,1,0,3
0;3;4;5;6;7;10;11,I;aVR;aVL;aVF;V1;V2;V5;V6,7,0.7,1,0,1,0,2
0;3;4;5;6;7;10;11,I;aVR;aVL;aVF;V1;V2;V5;V6,7,0.8,1,0,1,0,2
0;3;4;5;6;7;10;11,I;aVR;aVL;aVF;V1;V2;V5;V6,7,0.9,1,0,0,0,1
0;3;4;5;6;7;11,I;aVR;aVL;aVF;V1;V2;V6,6,0.5,1,1,1,0,3
0;3;4;5;6;7;11,I;aVR;aVL;aVF;V1;V2;V6,6,0.6,1,1,1,0,3
0;3;4;5;6;7;11,I;aVR;aVL;aVF;V1;V2;V6,6,0.7,1,0,1,0,2
0;3;4;5;6;7;11,I;aVR;aVL;aVF;V1;V2;V6,6,0.8,1,0,1,0,2
0;3;4;5;6;7;11,I;aVR;aVL;aVF;V1;V2;V6,6,0.9,1,0,0,0,1
0;3;4;5;6;8,I;aVR;aVL;aVF;V1;V3,5,0.5,1,1,1,0,3
0;3;4;5;6;8,I;aVR;aVL;aVF;V1;V3,5,0.6,1,1,1,0,3
0;3;4;5;6;8,I;aVR;aVL;aVF;V1;V3,5,0.7,1,0,1,0,2
0;3;4;5;6;8,I;aVR;aVL;aVF;V1;V3,5,0.8,1,0,0,0,1
0;3;4;5;6;8,I;aVR;aVL;aVF;V1;V3,5,0.9,1,0,0,0,1
0;3;4;5;6;8;9,I;aVR;aVL;aVF;V1;V3;V4,6,0.5,1,1,1,0,3
0;3;4;5;6;8;9,I;aVR;aVL;aVF;V1;V3;V4,6,0.6,1,0,1,0,2
0;3;4;5;6;8;9,I;aVR;aVL;aVF;V1;V3;V4,6,0.7,1,0,1,0,2
0;3;4;5;6;8;9,I;aVR;aVL;aVF;V1;V3;V4,6,0.8,1,0,1,0,2
0;3;4;5;6;8;9,I;aVR;aVL;aVF;V1;V3;V4,6,0.9,1,0,0,0,1
0;3;4;5;6;8;9;10,I;aVR;aVL;aVF;V1;V3;V4;V5,7,0.5,1,1,1,0,3
0;3;4;5;6;8;9;10,I;aVR;aVL;aVF;V1;V3;V4;V5,7,0.6,1,0,1,0,2
0;3;4;5;6;8;9;10,I;aVR;aVL;aVF;V1;V3;V4;V5,7,0.7,1,0,1,0,2
0;3;4;5;6;8;9;10,I;aVR;aVL;aVF;V1;V3;V4;V5,7,0.8,1,0,1,0,2
0;3;4;5;6;8;9;10,I;aVR;aVL;aVF;V1;V3;V4;V5,7,0.9,1,0,0,0,1
0;3;4;5;6;8;9;10;11,I;aVR;aVL;aVF;V1;V3;V4;V5;V6,8,0.5,1,1,1,0,3
0;3;4;5;6;8;9;10;11,I;aVR;aVL;aVF;V1;V3;V4;V5;V6,8,0.6,1,0,1,0,2
0;3;4;5;6;8;9;10;11,I;aVR;aVL;aVF;V1;V3;V4;V5;V6,8,0.7,1,0,1,0,2
0;3;4;5;6;8;9;10;11,I;aVR;aVL;aVF;V1;V3;V4;V5;V6,8,0.8,1,0,1,0,2
0;3;4;5;6;8;9;10;11,I;aVR;aVL;aVF;V1;V3;V4;V5;V6,8,0.9,1,0,0,0,1
0;3;4;5;6;8;9;11,I;aVR;aVL;aVF;V1;V3;V4;V6,7,0.5,1,1,1,0,3
0;3;4;5;6;8;9;11,I;aVR;aVL;aVF;V1;V3;V4;V6,7,0.6,1,0,1,0,2
0;3;4;5;6;8;9;11,I;aVR;aVL;aVF;V1;V3;V4;V6,7,0.7,1,0,1,0,2
0;3;4;5;6;8;9;11,I;aVR;aVL;aVF;V1;V3;V4;V6,7,0.8,1,0,1,0,2
0;3;4;5;6;8;9;11,I;aVR;aVL;aVF;V1;V3;V4;V6,7,0.9,1,0,0,0,1
0;3;4;5;6;8;10,I;aVR;aVL;aVF;V1;V3;V5,6,0.5,1,1,1,0,3
0;3;4;5;6;8;10,I;aVR;aVL;aVF;V1;V3;V5,6,0.6,1,0,1,0,2
0;3;4;5;6;8;10,I;aVR;aVL;aVF;V1;V3;V5,6,0.7,1,0,1,0,2
0;3;4;5;6;8;10,I;aVR;aVL;aVF;V1;V3;V5,6,0.8,1,0,1,0,2
0;3;4;5;6;8;10,I;aVR;aVL;aVF;V1;V3;V5,6,0.9,1,0,0,0,1
0;3;4;5;6;8;10;11,I;aVR;aVL;aVF;V1;V3;V5;V6,7,0.5,1,1,1,0,3
0;3;4;5;6;8;10;11,I;aVR;aVL;aVF;V1;V3;V5;V6,7,0.6,1,0,1,0,2
0;3;4;5;6;8;10;11,I;aVR;aVL;aVF;V1;V3;V5;V6,7,0.7,1,0,1,0,2
0;3;4;5;6;8;10;11,I;aVR;aVL;aVF;V1;V3;V5;V6,7,0.8,1,0,1,0,2
0;3;4;5;6;8;10;11,I;aVR;aVL;aVF;V1;V3;V5;V6,7,0.9,1,0,0,0,1
0;3;4;5;6;8;11,I;aVR;aVL;aVF;V1;V3;V6,6,0.5,1,1,1,0,3
0;3;4;5;6;8;11,I;aVR;aVL;aVF;V1;V3;V6,6,0.6,1,0,1,0,2
0;3;4;5;6;8;11,I;aVR;aVL;aVF;V1;V3;V6,6,0.7,1,0,1,0,2
0;3;4;5;6;8;11,I;aVR;aVL;aVF;V1;V3;V6,6,0.8,1,0,1,0,2
0;3;4;5;6;8;11,I;aVR;aVL;aVF;V1;V3;V6,6,0.9,1,0,0,0,1
0;3;4;5;6;9,I;aVR;aVL;aVF;V1;V4,5,0.5,1,1,1,0,3
0;3;4;5;6;9,I;aVR;aVL;aVF;V1;V4,5,0.6,1,0,1,0,2
0;3;4;5;6;9,I;aVR;aVL;aVF;V1;V4,5,0.7,1,0,1,0,2
0;3;4;5;6;9,I;aVR;aVL;aVF;V1;V4,5,0.8,1,0,1,0,2
0;3;4;5;6;9,I;aVR;aVL;aVF;V1;V4,5,0.9,1,0,0,0,1
0;3;4;5;6;9;10,I;aVR;aVL;aVF;V1;V4;V5,6,0.5,1,1,1,0,3
0;3;4;5;6;9;10,I;aVR;aVL;aVF;V1;V4;V5,6,0.6,1,0,1,0,2
0;3;4;5;6;9;10,I;aVR;aVL;aVF;V1;V4;V5,6,0.7,1,0,1,0,2
0;3;4;5;6;9;10,I;aVR;aVL;aVF;V1;V4;V5,6,0.8,1,0,1,0,2
0;3;4;5;6;9;10,I;aVR;aVL;aVF;V1;V4;V5,6,0.9,1,0,0,0,1
0;3;4;5;6;9;10;11,I;aVR;aVL;aVF;V1;V4;V5;V6,7,0.5,1,1,1,0,3
0;3;4;5;6;9;10;11,I;aVR;aVL;aVF;V1;V4;V5;V6,7,0.6,1,0,1,0,2
0;3;4;5;6;9;10;11,I;aVR;aVL;aVF;V1;V4;V5;V6,7,0.7,1,0,1,0,2
0;3;4;5;6;9;10;11,I;aVR;aVL;aVF;V1;V4;V5;V6,7,0.8,1,0,1,0,2
0;3;4;5;6;9;10;11,I;aVR;aVL;aVF;V1;V4;V5;V6,7,0.9,1,0,0,0,1
0;3;4;5;6;9;11,I;aVR;aVL;aVF;V1;V4;V6,6,0.5,1,1,1,0,3
0;3;4;5;6;9;11,I;aVR;aVL;aVF;V1;V4;V6,6,0.6,1,0,1,0,2
0;3;4;5;6;9;11,I;aVR;aVL;aVF;V1;V4;V6,6,0.7,1,0,1,0,2
0;3;4;5;6;9;11,I;aVR;aVL;aVF;V1;V4;V6,6,0.8,1,0,1,0,2
0;3;4;5;6;9;11,I;aVR;aVL;aVF;V1;V4;V6,6,0.9,1,0,0,0,1
0;3;4;5;6;10,I;aVR;aVL;aVF;V1;V5,5,0.5,1,1,1,0,3
0;3;4;5;6;10,I;aVR;aVL;aVF;V1;V5,5,0.6,1,0,1,0,2
0;3;4;5;6;10,I;aVR;aVL;aVF;V1;V5,5,0.7,1,0,1,0,2
0;3;4;5;6;10,I;aVR;aVL;aVF;V1;V5,5,0.8,1,0,1,0,2
0;3;4;5;6;10,I;aVR;aVL;aVF;V1;V5,5,0.9,1,0,0,0,1
0;3;4;5;6;10;11,I;aVR;aVL;aVF;V1;V5;V6,6,0.5,1,1,1,0,3
0;3;4;5;6;10;11,I;aVR;aVL;aVF;V1;V5;V6,6,0.6,1,1,1,0,3
0;3;4;5;6;10;11,I;aVR;aVL;aVF;V1;V5;V6,6,0.7,1,0,1,0,2
0;3;4;5;6;10;11,I;aVR;aVL;aVF;V1;V5;V6,6,0.8,1,0,1,0,2
0;3;4;5;6;10;11,I;aVR;aVL;aVF;V1;V5;V6,6,0.9,1,0,0,0,1
0;3;4;5;6;11,I;aVR;aVL;aVF;V1;V6,5,0.5,1,1,1,0,3
0;3;4;5;6;11,I;aVR;aVL;aVF;V1;V6,5,0.6,1,1,1,0,3
0;3;4;5;6;11,I;aVR;aVL;aVF;V1;V6,5,0.7,1,0,1,0,2
0;3;4;5;6;11,I;aVR;aVL;aVF;V1;V6,5,0.8,1,0,1,0,2
0;3;4;5;6;11,I;aVR;aVL;aVF;V1;V6,5,0.9,1,0,0,0,1
0;3;4;5;7,I;aVR;aVL;aVF;V2,4,0.5,1,1,1,0,3
0;3;4;5;7,I;aVR;aVL;aVF;V2,4,0.6,1,0,1,0,2
0;3;4;5;7,I;aVR;aVL;aVF;V2,4,0.7,1,0,1,0,2
0;3;4;5;7,I;aVR;aVL;aVF;V2,4,0.8,1,0,1,0,2
0;3;4;5;7,I;aVR;aVL;aVF;V2,4,0.9,1,0,0,0,1
0;3;4;5;7;8,I;aVR;aVL;aVF;V2;V3,5,0.5,1,1,1,0,3
0;3;4;5;7;8,I;aVR;aVL;aVF;V2;V3,5,0.6,1,1,1,0,3
0;3;4;5;7;8,I;aVR;aVL;aVF;V2;V3,5,0.7,1,0,1,0,2
0;3;4;5;7;8,I;aVR;aVL;aVF;V2;V3,5,0.8,1,0,1,0,2
0;3;4;5;7;8,I;aVR;aVL;aVF;V2;V3,5,0.9,1,0,0,0,1
0;3;4;5;7;8;9,I;aVR;aVL;aVF;V2;V3;V4,6,0.5,1,1,1,0,3
0;3;4;5;7;8;9,I;aVR;aVL;aVF;V2;V3;V4,6,0.6,1,1,1,0,3
0;3;4;5;7;8;9,I;aVR;aVL;aVF;V2;V3;V4,6,0.7,1,0,1,0,2
0;3;4;5;7;8;9,I;aVR;aVL;aVF;V2;V3;V4,6,0.8,1,0,0,0,1
0;3;4;5;7;8;9,I;aVR;aVL;aVF;V2;V3;V4,6,0.9,1,0,0,0,1
0;3;4;5;7;8;9;10,I;aVR;aVL;aVF;V2;V3;V4;V5,7,0.5,1,1,1,0,3
0;3;4;5;7;8;9;10,I;aVR;aVL;aVF;V2;V3;V4;V5,7,0.6,1,1,1,0,3
0;3;4;5;7;8;9;10,I;aVR;aVL;aVF;V2;V3;V4;V5,7,0.7,1,0,1,0,2
0;3;4;5;7;8;9;10,I;aVR;aVL;aVF;V2;V3;V4;V5,7,0.8,1,0,0,0,1
0;3;4;5;7;8;9;10,I;aVR;aVL;aVF;V2;V3;V4;V5,7,0.9,1,0,0,0,1
0;3;4;5;7;8;9;10;11,I;aVR;aVL;aVF;V2;V3;V4;V5;V6,8,0.5,1,1,1,0,3
0;3;4;5;7;8;9;10;11,I;aVR;aVL;aVF;V2;V3;V4;V5;V6,8,0.6,1,0,1,0,2
0;3;4;5;7;8;9;10;11,I;aVR;aVL;aVF;V2;V3;V4;V5;V6,8,0.7,1,0,1,0,2
0;3;4;5;7;8;9;10;11,I;aVR;aVL;aVF;V2;V3;V4;V5;V6,8,0.8,1,0,0,0,1
0;3;4;5;7;8;9;10;11,I;aVR;aVL;aVF;V2;V3;V4;V5;V6,8,0.9,1,0,0,0,1
0;3;4;5;7;8;9;11,I;aVR;aVL;aVF;V2;V3;V4;V6,7,0.5,1,1,1,0,3
0;3;4;5;7;8;9;11,I;aVR;aVL;aVF;V2;V3;V4;V6,7,0.6,1,0,1,0,2
0;3;4;5;7;8;9;11,I;aVR;aVL;aVF;V2;V3;V4;V6,7,0.7,1,0,1,0,2
0;3;4;5;7;8;9;11,I;aVR;aVL;aVF;V2;V3;V4;V6,7,0.8,1,0,0,0,1
0;3;4;5;7;8;9;11,I;aVR;aVL;aVF;V2;V3;V4;V6,7,0.9,1,0,0,0,1
0;3;4;5;7;8;10,I;aVR;aVL;aVF;V2;V3;V5,6,0.5,1,1,1,0,3
0;3;4;5;7;8;10,I;aVR;aVL;aVF;V2;V3;V5,6,0.6,1,0,1,0,2
0;3;4;5;7;8;10,I;aVR;aVL;aVF;V2;V3;V5,6,0.7,1,0,1,0,2
0;3;4;5;7;8;10,I;aVR;aVL;aVF;V2;V3;V5,6,0.8,1,0,0,0,1
0;3;4;5;7;8;10,I;aVR;aVL;aVF;V2;V3;V5,6,0.9,1,0,0,0,1
0;3;4;5;7;8;10;11,I;aVR;aVL;aVF;V2;V3;V5;V6,7,0.5,1,1,1,0,3
0;3;4;5;7;8;10;11,I;aVR;aVL;aVF;V2;V3;V5;V6,7,0.6,1,1,1,0,3
0;3;4;5;7;8;10;11,I;aVR;aVL;aVF;V2;V3;V5;V6,7,0.7,1,0,1,0,2
0;3;4;5;7;8;10;11,I;aVR;aVL;aVF;V2;V3;V5;V6,7,0.8,1,0,0,0,1
0;3;4;5;7;8;10;11,I;aVR;aVL;aVF;V2;V3;V5;V6,7,0.9,1,0,0,0,1
0;3;4;5;7;8;11,I;aVR;aVL;aVF;V2;V3;V6,6,0.5,1,1,1,0,3
0;3;4;5;7;8;11,I;aVR;aVL;aVF;V2;V3;V6,6,0.6,1,0,1,0,2
0;3;4;5;7;8;11,I;aVR;aVL;aVF;V2;V3;V6,6,0.7,1,0,1,0,2
0;3;4;5;7;8;11,I;aVR;aVL;aVF;V2;V3;V6,6,0.8,1,0,0,0,1
0;3;4;5;7;8;11,I;aVR;aVL;aVF;V2;V3;V6,6,0.9,1,0,0,0,1
0;3;4;5;7;9,I;aVR;aVL;aVF;V2;V4,5,0.5,1,1,1,0,3
0;3;4;5;7;9,I;aVR;aVL;aVF;V2;V4,5,0.6,1,1,1,0,3
0;3;4;5;7;9,I;aVR;aVL;aVF;V2;V4,5,0.7,1,0,1,0,2
0;3;4;5;7;9,I;aVR;aVL;aVF;V2;V4,5,0.8,1,0,1,0,2
0;3;4;5;7;9,I;aVR;aVL;aVF;V2;V4,5,0.9,1,0,0,0,1
0;3;4;5;7;9;10,I;aVR;aVL;aVF;V2;V4;V5,6,0.5,1,1,1,0,3
0;3;4;5;7;9;10,I;aVR;aVL;aVF;V2;V4;V5,6,0.6,1,1,1,0,3
0;3;4;5;7;9;10,I;aVR;aVL;aVF;V2;V4;V5,6,0.7,1,0,1,0,2
0;3;4;5;7;9;10,I;aVR;aVL;aVF;V2;V4;V5,6,0.8,1,0,0,0,1
0;3;4;5;7;9;10,I;aVR;aVL;aVF;V2;V4;V5,6,0.9,1,0,0,0,1
0;3;4;5;7;9;10;11,I;aVR;aVL;aVF;V2;V4;V5;V6,7,0.5,1,1,1,0,3
0;3;4;5;7;9;10;11,I;aVR;aVL;aVF;V2;V4;V5;V6,7,0.6,1,0,1,0,2
0;3;4;5;7;9;10;11,I;aVR;aVL;aVF;V2;V4;V5;V6,7,0.7,1,0,1,0,2
0;3;4;5;7;9;10;11,I;aVR;aVL;aVF;V2;V4;V5;V6,7,0.8,1,0,0,0,1
0;3;4;5;7;9;10;11,I;aVR;aVL;aVF;V2;V4;V5;V6,7,0.9,1,0,0,0,1
0;3;4;5;7;9;11,I;aVR;aVL;aVF;V2;V4;V6,6,0.5,1,1,1,0,3
0;3;4;5;7;9;11,I;aVR;aVL;aVF;V2;V4;V6,6,0.6,1,0,1,0,2
0;3;4;5;7;9;11,I;aVR;aVL;aVF;V2;V4;V6,6,0.7,1,0,1,0,2
0;3;4;5;7;9;11,I;aVR;aVL;aVF;V2;V4;V6,6,0.8,1,0,0,0,1
0;3;4;5;7;9;11,I;aVR;aVL;aVF;V2;V4;V6,6,0.9,1,0,0,0,1
0;3;4;5;7;10,I;aVR;aVL;aVF;V2;V5,5,0.5,1,1,1,0,3
0;3;4;5;7;10,I;aVR;aVL;aVF;V2;V5,5,0.6,1,1,1,0,3
0;3;4;5;7;10,I;aVR;aVL;aVF;V2;V5,5,0.7,1,0,1,0,2
0;3;4;5;7;10,I;aVR;aVL;aVF;V2;V5,5,0.8,1,0,0,0,1
0;3;4;5;7;10,I;aVR;aVL;aVF;V2;V5,5,0.9,1,0,0,0,1
0;3;4;5;7;10;11,I;aVR;aVL;aVF;V2;V5;V6,6,0.5,1,1,1,0,3
0;3;4;5;7;10;11,I;aVR;aVL;aVF;V2;V5;V6,6,0.6,1,1,1,0,3
0;3;4;5;7;10;11,I;aVR;aVL;aVF;V2;V5;V6,6,0.7,1,0,1,0,2
0;3;4;5;7;10;11,I;aVR;aVL;aVF;V2;V5;V6,6,0.8,1,0,0,0,1
0;3;4;5;7;10;11,I;aVR;aVL;aVF;V2;V5;V6,6,0.9,1,0,0,0,1
0;3;4;5;7;11,I;aVR;aVL;aVF;V2;V6,5,0.5,1,1,1,0,3
0;3;4;5;7;11,I;aVR;aVL;aVF;V2;V6,5,0.6,1,1,1,0,3
0;3;4;5;7;11,I;aVR;aVL;aVF;V2;V6,5,0.7,1,0,1,0,2
0;3;4;5;7;11,I;aVR;aVL;aVF;V2;V6,5,0.8,1,0,1,0,2
0;3;4;5;7;11,I;aVR;aVL;aVF;V2;V6,5,0.9,1,0,0,0,1
0;3;4;5;8,I;aVR;aVL;aVF;V3,4,0.5,1,1,1,0,3
0;3;4;5;8,I;aVR;aVL;aVF;V3,4,0.6,1,0,1,0,2
0;3;4;5;8,I;aVR;aVL;aVF;V3,4,0.7,1,0,1,0,2
0;3;4;5;8,I;aVR;aVL;aVF;V3,4,0.8,1,0,0,0,1
0;3;4;5;8,I;aVR;aVL;aVF;V3,4,0.9,1,0,0,0,1
0;3;4;5;8;9,I;aVR;aVL;aVF;V3;V4,5,0.5,1,1,1,0,3
0;3;4;5;8;9,I;aVR;aVL;aVF;V3;V4,5,0.6,1,0,1,0,2
0;3;4;5;8;9,I;aVR;aVL;aVF;V3;V4,5,0.7,1,0,1,0,2
0;3;4;5;8;9,I;aVR;aVL;aVF;V3;V4,5,0.8,1,0,1,0,2
0;3;4;5;8;9,I;aVR;aVL;aVF;V3;V4,5,0.9,1,0,0,0,1
0;3;4;5;8;9;10,I;aVR;aVL;aVF;V3;V4;V5,6,0.5,1,1,1,0,3
0;3;4;5;8;9;10,I;aVR;aVL;aVF;V3;V4;V5,6,0.6,1,1,1,0,3
0;3;4;5;8;9;10,I;aVR;aVL;aVF;V3;V4;V5,6,0.7,1,0,1,0,2
0;3;4;5;8;9;10,I;aVR;aVL;aVF;V3;V4;V5,6,0.8,1,0,0,0,1
0;3;4;5;8;9;10,I;aVR;aVL;aVF;V3;V4;V5,6,0.9,1,0,0,0,1
0;3;4;5;8;9;10;11,I;aVR;aVL;aVF;V3;V4;V5;V6,7,0.5,1,1,1,0,3
0;3;4;5;8;9;10;11,I;aVR;aVL;aVF;V3;V4;V5;V6,7,0.6,1,0,1,0,2
0;3;4;5;8;9;10;11,I;aVR;aVL;aVF;V3;V4;V5;V6,7,0.7,1,0,1,0,2
0;3;4;5;8;9;10;11,I;aVR;aVL;aVF;V3;V4;V5;V6,7,0.8,1,0,0,0,1
0;3;4;5;8;9;10;11,I;aVR;aVL;aVF;V3;V4;V5;V6,7,0.9,1,0,0,0,1
0;3;4;5;8;9;11,I;aVR;aVL;aVF;V3;V4;V6,6,0.5,1,1,1,0,3
0;3;4;5;8;9;11,I;aVR;aVL;aVF;V3;V4;V6,6,0.6,1,0,1,0,2
0;3;4;5;8;9;11,I;aVR;aVL;aVF;V3;V4;V6,6,0.7,1,0,1,0,2
0;3;4;5;8;9;11,I;aVR;aVL;aVF;V3;V4;V6,6,0.8,1,0,0,0,1
0;3;4;5;8;9;11,I;aVR;aVL;aVF;V3;V4;V6,6,0.9,1,0,0,0,1
0;3;4;5;8;10,I;aVR;aVL;aVF;V3;V5,5,0.5,1,1,1,0,3
0;3;4;5;8;10,I;aVR;aVL;aVF;V3;V5,5,0.6,1,1,1,0,3
0;3;4;5;8;10,I;aVR;aVL;aVF;V3;V5,5,0.7,1,0,1,0,2
0;3;4;5;8;10,I;aVR;aVL;aVF;V3;V5,5,0.8,1,0,0,0,1
0;3;4;5;8;10,I;aVR;aVL;aVF;V3;V5,5,0.9,1,0,0,0,1
0;3;4;5;8;10;11,I;aVR;aVL;aVF;V3;V5;V6,6,0.5,1,1,1,0,3
0;3;4;5;8;10;11,I;aVR;aVL;aVF;V3;V5;V6,6,0.6,1,0,1,0,2
0;3;4;5;8;10;11,I;aVR;aVL;aVF;V3;V5;V6,6,0.7,1,0,1,0,2
0;3;4;5;8;10;11,I;aVR;aVL;aVF;V3;V5;V6,6,0.8,1,0,0,0,1
0;3;4;5;8;10;11,I;aVR;aVL;aVF;V3;V5;V6,6,0.9,1,0,0,0,1
0;3;4;5;8;11,I;aVR;aVL;aVF;V3;V6,5,0.5,1,1,1,0,3
0;3;4;5;8;11,I;aVR;aVL;aVF;V3;V6,5,0.6,1,0,1,0,2
0;3;4;5;8;11,I;aVR;aVL;aVF;V3;V6,5,0.7,1,0,1,0,2
0;3;4;5;8;11,I;aVR;aVL;aVF;V3;V6,5,0.8,1,0,0,0,1
0;3;4;5;8;11,I;aVR;aVL;aVF;V3;V6,5,0.9,1,0,0,0,1
0;3;4;5;9,I;aVR;aVL;aVF;V4,4,0.5,1,1,1,0,3
0;3;4;5;9,I;aVR;aVL;aVF;V4,4,0.6,1,0,1,0,2
0;3;4;5;9,I;aVR;aVL;aVF;V4,4,0.7,1,0,1,0,2
0;3;4;5;9,I;aVR;aVL;aVF;V4,4,0.8,1,0,1,0,2
0;3;4;5;9,I;aVR;aVL;aVF;V4,4,0.9,1,0,0,0,1
0;3;4;5;9;10,I;aVR;aVL;aVF;V4;V5,5,0.5,1,1,1,0,3
0;3;4;5;9;10,I;aVR;aVL;aVF;V4;V5,5,0.6,1,0,1,0,2
0;3;4;5;9;10,I;aVR;aVL;aVF;V4;V5,5,0.7,1,0,1,0,2
0;3;4;5;9;10,I;aVR;aVL;aVF;V4;V5,5,0.8,1,0,0,0,1
0;3;4;5;9;10,I;aVR;aVL;aVF;V4;V5,5,0.9,1,0,0,0,1
0;3;4;5;9;10;11,I;aVR;aVL;aVF;V4;V5;V6,6,0.5,1,1,1,0,3
0;3;4;5;9;10;11,I;aVR;aVL;aVF;V4;V5;V6,6,0.6,1,0,1,0,2
0;3;4;5;9;10;11,I;aVR;aVL;aVF;V4;V5;V6,6,0.7,1,0,1,0,2
0;3;4;5;9;10;11,I;aVR;aVL;aVF;V4;V5;V6,6,0.8,1,0,0,0,1
0;3;4;5;9;10;11,I;aVR;aVL;aVF;V4;V5;V6,6,0.9,1,0,0,0,1
0;3;4;5;9;11,I;aVR;aVL;aVF;V4;V6,5,0.5,1,1,1,0,3
0;3;4;5;9;11,I;aVR;aVL;aVF;V4;V6,5,0.6,1,0,1,0,2
0;3;4;5;9;11,I;aVR;aVL;aVF;V4;V6,5,0.7,1,0,1,0,2
0;3;4;5;9;11,I;aVR;aVL;aVF;V4;V6,5,0.8,1,0,0,0,1
0;3;4;5;9;11,I;aVR;aVL;aVF;V4;V6,5,0.9,1,0,0,0,1
0;3;4;5;10,I;aVR;aVL;aVF;V5,4,0.5,1,1,1,0,3
0;3;4;5;10,I;aVR;aVL;aVF;V5,4,0.6,1,0,1,0,2
0;3;4;5;10,I;aVR;aVL;aVF;V5,4,0.7,1,0,1,0,2
0;3;4;5;10,I;aVR;aVL;aVF;V5,4,0.8,1,0,0,0,1
0;3;4;5;10,I;aVR;aVL;aVF;V5,4,0.9,1,0,0,0,1
0;3;4;5;10;11,I;aVR;aVL;aVF;V5;V6,5,0.5,1,1,1,0,3
0;3;4;5;10;11,I;aVR;aVL;aVF;V5;V6,5,0.6,1,1,1,0,3
0;3;4;5;10;11,I;aVR;aVL;aVF;V5;V6,5,0.7,1,0,1,0,2
0;3;4;5;10;11,I;aVR;aVL;aVF;V5;V6,5,0.8,1,0,0,0,1
0;3;4;5;10;11,I;aVR;aVL;aVF;V5;V6,5,0.9,1,0,0,0,1
0;3;4;5;11,I;aVR;aVL;aVF;V6,4,0.5,1,1,1,0,3
0;3;4;5;11,I;aVR;aVL;aVF;V6,4,0.6,1,0,1,0,2
0;3;4;5;11,I;aVR;aVL;aVF;V6,4,0.7,1,0,1,0,2
0;3;4;5;11,I;aVR;aVL;aVF;V6,4,0.8,1,0,1,0,2
0;3;4;5;11,I;aVR;aVL;aVF;V6,4,0.9,1,0,0,0,1
0;3;4;6,I;aVR;aVL;V1,4,0.5,1,1,1,0,3
0;3;4;6,I;aVR;aVL;V1,4,0.6,1,0,1,0,2
0;3;4;6,I;aVR;aVL;V1,4,0.7,1,0,1,0,2
0;3;4;6,I;aVR;aVL;V1,4,0.8,1,0,1,0,2
0;3;4;6,I;aVR;aVL;V1,4,0.9,1,0,0,0,1
0;3;4;6;7,I;aVR;aVL;V1;V2,5,0.5,1,1,1,0,3
0;3;4;6;7,I;aVR;aVL;V1;V2,5,0.6,1,0,1,0,2
0;3;4;6;7,I;aVR;aVL;V1;V2,5,0.7,1,0,1,0,2
0;3;4;6;7,I;aVR;aVL;V1;V2,5,0.8,1,0,1,0,2
0;3;4;6;7,I;aVR;aVL;V1;V2,5,0.9,1,0,0,0,1
0;3;4;6;7;8,I;aVR;aVL;V1;V2;V3,6,0.5,1,1,1,0,3
0;3;4;6;7;8,I;aVR;aVL;V1;V2;V3,6,0.6,1,0,1,0,2
0;3;4;6;7;8,I;aVR;aVL;V1;V2;V3,6,0.7,1,0,1,0,2
0;3;4;6;7;8,I;aVR;aVL;V1;V2;V3,6,0.8,1,0,1,0,2
0;3;4;6;7;8,I;aVR;aVL;V1;V2;V3,6,0.9,1,0,0,0,1
0;3;4;6;7;8;9,I;aVR;aVL;V1;V2;V3;V4,7,0.5,1,1,1,0,3
0;3;4;6;7;8;9,I;aVR;aVL;V1;V2;V3;V4,7,0.6,1,0,1,0,2
0;3;4;6;7;8;9,I;aVR;aVL;V1;V2;V3;V4,7,0.7,1,0,1,0,2
0;3;4;6;7;8;9,I;aVR;aVL;V1;V2;V3;V4,7,0.8,1,0,1,0,2
0;3;4;6;7;8;9,I;aVR;aVL;V1;V2;V3;V4,7,0.9,1,0,0,0,1
0;3;4;6;7;8;9;10,I;aVR;aVL;V1;V2;V3;V4;V5,8,0.5,1,1,1,0,3
0;3;4;6;7;8;9;10,I;aVR;aVL;V1;V2;V3;V4;V5,8,0.6,1,0,1,0,2
0;3;4;6;7;8;9;10,I;aVR;aVL;V1;V2;V3;V4;V5,8,0.7,1,0,1,0,2
0;3;4;6;7;8;9;10,I;aVR;aVL;V1;V2;V3;V4;V5,8,0.8,1,0,1,0,2
0;3;4;6;7;8;9;10,I;aVR;aVL;V1;V2;V3;V4;V5,8,0.9,1,0,0,0,1
0;3;4;6;7;8;9;10;11,I;aVR;aVL;V1;V2;V3;V4;V5;V6,9,0.5,1,1,1,0,3
0;3;4;6;7;8;9;10;11,I;aVR;aVL;V1;V2;V3;V4;V5;V6,9,0.6,1,0,1,0,2
0;3;4;6;7;8;9;10;11,I;aVR;aVL;V1;V2;V3;V4;V5;V6,9,0.7,1,0,1,0,2
0;3;4;6;7;8;9;10;11,I;aVR;aVL;V1;V2;V3;V4;V5;V6,9,0.8,1,0,1,0,2
0;3;4;6;7;8;9;10;11,I;aVR;aVL;V1;V2;V3;V4;V5;V6,9,0.9,1,0,0,0,1
0;3;4;6;7;8;9;11,I;aVR;aVL;V1;V2;V3;V4;V6,8,0.5,1,1,1,0,3
0;3;4;6;7;8;9;11,I;aVR;aVL;V1;V2;V3;V4;V6,8,0.6,1,0,1,0,2
0;3;4;6;7;8;9;11,I;aVR;aVL;V1;V2;V3;V4;V6,8,0.7,1,0,1,0,2
0;3;4;6;7;8;9;11,I;aVR;aVL;V1;V2;V3;V4;V6,8,0.8,1,0,1,0,2
0;3;4;6;7;8;9;11,I;aVR;aVL;V1;V2;V3;V4;V6,8,0.9,1,0,0,0,1
0;3;4;6;7;8;10,I;aVR;aVL;V1;V2;V3;V5,7,0.5,1,1,1,0,3
0;3;4;6;7;8;10,I;aVR;aVL;V1;V2;V3;V5,7,0.6,1,0,1,0,2
0;3;4;6;7;8;10,I;aVR;aVL;V1;V2;V3;V5,7,0.7,1,0,1,0,2
0;3;4;6;7;8;10,I;aVR;aVL;V1;V2;V3;V5,7,0.8,1,0,1,0,2
0;3;4;6;7;8;10,I;aVR;aVL;V1;V2;V3;V5,7,0.9,1,0,0,0,1
0;3;4;6;7;8;10;11,I;aVR;aVL;V1;V2;V3;V5;V6,8,0.5,1,1,1,0,3
0;3;4;6;7;8;10;11,I;aVR;aVL;V1;V2;V3;V5;V6,8,0.6,1,0,1,0,2
0;3;4;6;7;8;10;11,I;aVR;aVL;V1;V2;V3;V5;V6,8,0.7,1,0,1,0,2
0;3;4;6;7;8;10;11,I;aVR;aVL;V1;V2;V3;V5;V6,8,0.8,1,0,1,0,2
0;3;4;6;7;8;10;11,I;aVR;aVL;V1;V2;V3;V5;V6,8,0.9,1,0,0,0,1
0;3;4;6;7;8;11,I;aVR;aVL;V1;V2;V3;V6,7,0.5,1,1,1,0,3
0;3;4;6;7;8;11,I;aVR;aVL;V1;V2;V3;V6,7,0.6,1,0,1,0,2
0;3;4;6;7;8;11,I;aVR;aVL;V1;V2;V3;V6,7,0.7,1,0,1,0,2
0;3;4;6;7;8;11,I;aVR;aVL;V1;V2;V3;V6,7,0.8,1,0,1,0,2
0;3;4;6;7;8;11,I;aVR;aVL;V1;V2;V3;V6,7,0.9,1,0,0,0,1
0;3;4;6;7;9,I;aVR;aVL;V1;V2;V4,6,0.5,1,1,1,0,3
0;3;4;6;7;9,I;aVR;aVL;V1;V2;V4,6,0.6,1,0,1,0,2
0;3;4;6;7;9,I;aVR;aVL;V1;V2;V4,6,0.7,1,0,1,0,2
0;3;4;6;7;9,I;aVR;aVL;V1;V2;V4,6,0.8,1,0,1,0,2
0;3;4;6;7;9,I;aVR;aVL;V1;V2;V4,6,0.9,1,0,0,0,1
0;3;4;6;7;9;10,I;aVR;aVL;V1;V2;V4;V5,7,0.5,1,1,1,0,3
0;3;4;6;7;9;10,I;aVR;aVL;V1;V2;V4;V5,7,0.6,1,0,1,0,2
0;3;4;6;7;9;10,I;aVR;aVL;V1;V2;V4;V5,7,0.7,1,0,1,0,2
0;3;4;6;7;9;10,I;aVR;aVL;V1;V2;V4;V5,7,0.8,1,0,1,0,2
0;3;4;6;7;9;10,I;aVR;aVL;V1;V2;V4;V5,7,0.9,1,0,0,0,1
0;3;4;6;7;9;10;11,I;aVR;aVL;V1;V2;V4;V5;V6,8,0.5,1,1,1,0,3
0;3;4;6;7;9;10;11,I;aVR;aVL;V1;V2;V4;V5;V6,8,0.6,1,0,1,0,2
0;3;4;6;7;9;10;11,I;aVR;aVL;V1;V2;V4;V5;V6,8,0.7,1,0,1,0,2
0;3;4;6;7;9;10;11,I;aVR;aVL;V1;V2;V4;V5;V6,8,0.8,1,0,1,0,2
0;3;4;6;7;9;10;11,I;aVR;aVL;V1;V2;V4;V5;V6,8,0.9,1,0,0,0,1
0;3;4;6;7;9;11,I;aVR;aVL;V1;V2;V4;V6,7,0.5,1,1,1,0,3
0;3;4;6;7;9;11,I;aVR;aVL;V1;V2;V4;V6,7,0.6,1,0,1,0,2
0;3;4;6;7;9;11,I;aVR;aVL;V1;V2;V4;V6,7,0.7,1,0,1,0,2
0;3;4;6;7;9;11,I;aVR;aVL;V1;V2;V4;V6,7,0.8,1,0,1,0,2
0;3;4;6;7;9;11,I;aVR;aVL;V1;V2;V4;V6,7,0.9,1,0,0,0,1
0;3;4;6;7;10,I;aVR;aVL;V1;V2;V5,6,0.5,1,1,1,0,3
0;3;4;6;7;10,I;aVR;aVL;V1;V2;V5,6,0.6,1,0,1,0,2
0;3;4;6;7;10,I;aVR;aVL;V1;V2;V5,6,0.7,1,0,1,0,2
0;3;4;6;7;10,I;aVR;aVL;V1;V2;V5,6,0.8,1,0,1,0,2
0;3;4;6;7;10,I;aVR;aVL;V1;V2;V5,6,0.9,1,0,0,0,1
0;3;4;6;7;10;11,I;aVR;aVL;V1;V2;V5;V6,7,0.5,1,1,1,0,3
0;3;4;6;7;10;11,I;aVR;aVL;V1;V2;V5;V6,7,0.6,1,0,1,0,2
0;3;4;6;7;10;11,I;aVR;aVL;V1;V2;V5;V6,7,0.7,1,0,1,0,2
0;3;4;6;7;10;11,I;aVR;aVL;V1;V2;V5;V6,7,0.8,1,0,1,0,2
0;3;4;6;7;10;11,I;aVR;aVL;V1;V2;V5;V6,7,0.9,1,0,0,0,1
0;3;4;6;7;11,I;aVR;aVL;V1;V2;V6,6,0.5,1,1,1,0,3
0;3;4;6;7;11,I;aVR;aVL;V1;V2;V6,6,0.6,1,1,1,0,3
0;3;4;6;7;11,I;aVR;aVL;V1;V2;V6,6,0.7,1,0,1,0,2
0;3;4;6;7;11,I;aVR;aVL;V1;V2;V6,6,0.8,1,0,1,0,2
0;3;4;6;7;11,I;aVR;aVL;V1;V2;V6,6,0.9,1,0,0,0,1
0;3;4;6;8,I;aVR;aVL;V1;V3,5,0.5,1,1,1,0,3
0;3;4;6;8,I;aVR;aVL;V1;V3,5,0.6,1,1,1,0,3
0;3;4;6;8,I;aVR;aVL;V1;V3,5,0.7,1,0,1,0,2
0;3;4;6;8,I;aVR;aVL;V1;V3,5,0.8,1,0,1,0,2
0;3;4;6;8,I;aVR;aVL;V1;V3,5,0.9,1,0,0,0,1
0;3;4;6;8;9,I;aVR;aVL;V1;V3;V4,6,0.5,1,1,1,0,3
0;3;4;6;8;9,I;aVR;aVL;V1;V3;V4,6,0.6,1,0,1,0,2
0;3;4;6;8;9,I;aVR;aVL;V1;V3;V4,6,0.7,1,0,1,0,2
0;3;4;6;8;9,I;aVR;aVL;V1;V3;V4,6,0.8,1,0,1,0,2
0;3;4;6;8;9,I;aVR;aVL;V1;V3;V4,6,0.9,1,0,0,0,1
0;3;4;6;8;9;10,I;aVR;aVL;V1;V3;V4;V5,7,0.5,1,1,1,0,3
0;3;4;6;8;9;10,I;aVR;aVL;V1;V3;V4;V5,7,0.6,1,0,1,0,2
0;3;4;6;8;9;10,I;aVR;aVL;V1;V3;V4;V5,7,0.7,1,0,1,0,2
0;3;4;6;8;9;10,I;aVR;aVL;V1;V3;V4;V5,7,0.8,1,0,1,0,2
0;3;4;6;8;9;10,I;aVR;aVL;V1;V3;V4;V5,7,0.9,1,0,0,0,1
0;3;4;6;8;9;10;11,I;aVR;aVL;V1;V3;V4;V5;V6,8,0.5,1,1,1,0,3
0;3;4;6;8;9;10;11,I;aVR;aVL;V1;V3;V4;V5;V6,8,0.6,1,0,1,0,2
0;3;4;6;8;9;10;11,I;aVR;aVL;V1;V3;V4;V5;V6,8,0.7,1,0,1,0,2
0;3;4;6;8;9;10;11,I;aVR;aVL;V1;V3;V4;V5;V6,8,0.8,1,0,1,0,2
0;3;4;6;8;9;10;11,I;aVR;aVL;V1;V3;V4;V5;V6,8,0.9,1,0,0,0,1
0;3;4;6;8;9;11,I;aVR;aVL;V1;V3;V4;V6,7,0.5,1,1,1,0,3
0;3;4;6;8;9;11,I;aVR;aVL;V1;V3;V4;V6,7,0.6,1,0,1,0,2
0;3;4;6;8;9;11,I;aVR;aVL;V1;V3;V4;V6,7,0.7,1,0,1,0,2
0;3;4;6;8;9;11,I;aVR;aVL;V1;V3;V4;V6,7,0.8,1,0,1,0,2
0;3;4;6;8;9;11,I;aVR;aVL;V1;V3;V4;V6,7,0.9,1,0,0,0,1
0;3;4;6;8;10,I;aVR;aVL;V1;V3;V5,6,0.5,1,1,1,0,3
0;3;4;6;8;10,I;aVR;aVL;V1;V3;V5,6,0.6,1,0,1,0,2
0;3;4;6;8;10,I;aVR;aVL;V1;V3;V5,6,0.7,1,0,1,0,2
0;3;4;6;8;10,I;aVR;aVL;V1;V3;V5,6,0.8,1,0,1,0,2
0;3;4;6;8;10,I;aVR;aVL;V1;V3;V5,6,0.9,1,0,0,0,1
0;3;4;6;8;10;11,I;aVR;aVL;V1;V3;V5;V6,7,0.5,1,1,1,0,3
0;3;4;6;8;10;11,I;aVR;aVL;V1;V3;V5;V6,7,0.6,1,0,1,0,2
0;3;4;6;8;10;11,I;aVR;aVL;V1;V3;V5;V6,7,0.7,1,0,1,0,2
0;3;4;6;8;10;11,I;aVR;aVL;V1;V3;V5;V6,7,0.8,1,0,1,0,2
0;3;4;6;8;10;11,I;aVR;aVL;V1;V3;V5;V6,7,0.9,1,0,0,0,1
0;3;4;6;8;11,I;aVR;aVL;V1;V3;V6,6,0.5,1,1,1,0,3
0;3;4;6;8;11,I;aVR;aVL;V1;V3;V6,6,0.6,1,0,1,0,2
0;3;4;6;8;11,I;aVR;aVL;V1;V3;V6,6,0.7,1,0,1,0,2
0;3;4;6;8;11,I;aVR;aVL;V1;V3;V6,6,0.8,1,0,1,0,2
0;3;4;6;8;11,I;aVR;aVL;V1;V3;V6,6,0.9,1,0,0,0,1
0;3;4;6;9,I;aVR;aVL;V1;V4,5,0.5,1,1,1,0,3
0;3;4;6;9,I;aVR;aVL;V1;V4,5,0.6,1,0,1,0,2
0;3;4;6;9,I;aVR;aVL;V1;V4,5,0.7,1,0,1,0,2
0;3;4;6;9,I;aVR;aVL;V1;V4,5,0.8,1,0,1,0,2
0;3;4;6;9,I;aVR;aVL;V1;V4,5,0.9,1,0,0,0,1
0;3;4;6;9;10,I;aVR;aVL;V1;V4;V5,6,0.5,1,1,1,0,3
0;3;4;6;9;10,I;aVR;aVL;V1;V4;V5,6,0.6,1,0,1,0,2
0;3;4;6;9;10,I;aVR;aVL;V1;V4;V5,6,0.7,1,0,1,0,2
0;3;4;6;9;10,I;aVR;aVL;V1;V4;V5,6,0.8,1,0,1,0,2
0;3;4;6;9;10,I;aVR;aVL;V1;V4;V5,6,0.9,1,0,0,0,1
0;3;4;6;9;10;11,I;aVR;aVL;V1;V4;V5;V6,7,0.5,1,1,1,0,3
0;3;4;6;9;10;11,I;aVR;aVL;V1;V4;V5;V6,7,0.6,1,0,1,0,2
0;3;4;6;9;10;11,I;aVR;aVL;V1;V4;V5;V6,7,0.7,1,0,1,0,2
0;3;4;6;9;10;11,I;aVR;aVL;V1;V4;V5;V6,7,0.8,1,0,1,0,2
0;3;4;6;9;10;11,I;aVR;aVL;V1;V4;V5;V6,7,0.9,1,0,0,0,1
0;3;4;6;9;11,I;aVR;aVL;V1;V4;V6,6,0.5,1,1,1,0,3
0;3;4;6;9;11,I;aVR;aVL;V1;V4;V6,6,0.6,1,0,1,0,2
0;3;4;6;9;11,I;aVR;aVL;V1;V4;V6,6,0.7,1,0,1,0,2
0;3;4;6;9;11,I;aVR;aVL;V1;V4;V6,6,0.8,1,0,1,0,2
0;3;4;6;9;11,I;aVR;aVL;V1;V4;V6,6,0.9,1,0,0,0,1
0;3;4;6;10,I;aVR;aVL;V1;V5,5,0.5,1,1,1,0,3
0;3;4;6;10,I;aVR;aVL;V1;V5,5,0.6,1,0,1,0,2
0;3;4;6;10,I;aVR;aVL;V1;V5,5,0.7,1,0,1,0,2
0;3;4;6;10,I;aVR;aVL;V1;V5,5,0.8,1,0,1,0,2
0;3;4;6;10,I;aVR;aVL;V1;V5,5,0.9,1,0,0,0,1
0;3;4;6;10;11,I;aVR;aVL;V1;V5;V6,6,0.5,1,1,1,0,3
0;3;4;6;10;11,I;aVR;aVL;V1;V5;V6,6,0.6,1,1,1,0,3
0;3;4;6;10;11,I;aVR;aVL;V1;V5;V6,6,0.7,1,0,1,0,2
0;3;4;6;10;11,I;aVR;aVL;V1;V5;V6,6,0.8,1,0,1,0,2
0;3;4;6;10;11,I;aVR;aVL;V1;V5;V6,6,0.9,1,0,0,0,1
0;3;4;6;11,I;aVR;aVL;V1;V6,5,0.5,1,1,1,0,3
0;3;4;6;11,I;aVR;aVL;V1;V6,5,0.6,1,1,1,0,3
0;3;4;6;11,I;aVR;aVL;V1;V6,5,0.7,1,0,1,0,2
0;3;4;6;11,I;aVR;aVL;V1;V6,5,0.8,1,0,1,0,2
0;3;4;6;11,I;aVR;aVL;V1;V6,5,0.9,1,0,0,0,1
0;3;4;7,I;aVR;aVL;V2,4,0.5,1,1,1,0,3
0;3;4;7,I;aVR;aVL;V2,4,0.6,1,0,1,0,2
0;3;4;7,I;aVR;aVL;V2,4,0.7,1,0,1,0,2
0;3;4;7,I;aVR;aVL;V2,4,0.8,1,0,1,0,2
0;3;4;7,I;aVR;aVL;V2,4,0.9,1,0,0,0,1
0;3;4;7;8,I;aVR;aVL;V2;V3,5,0.5,1,1,1,0,3
0;3;4;7;8,I;aVR;aVL;V2;V3,5,0.6,1,0,1,0,2
0;3;4;7;8,I;aVR;aVL;V2;V3,5,0.7,1,0,1,0,2
0;3;4;7;8,I;aVR;aVL;V2;V3,5,0.8,1,0,1,0,2
0;3;4;7;8,I;aVR;aVL;V2;V3,5,0.9,1,0,0,0,1
0;3;4;7;8;9,I;aVR;aVL;V2;V3;V4,6,0.5,1,1,1,0,3
0;3;4;7;8;9,I;aVR;aVL;V2;V3;V4,6,0.6,1,1,1,0,3
0;3;4;7;8;9,I;aVR;aVL;V2;V3;V4,6,0.7,1,0,1,0,2
0;3;4;7;8;9,I;aVR;aVL;V2;V3;V4,6,0.8,1,0,1,0,2
0;3;4;7;8;9,I;aVR;aVL;V2;V3;V4,6,0.9,1,0,0,0,1
0;3;4;7;8;9;10,I;aVR;aVL;V2;V3;V4;V5,7,0.5,1,1,1,0,3
0;3;4;7;8;9;10,I;aVR;aVL;V2;V3;V4;V5,7,0.6,1,0,1,0,2
0;3;4;7;8;9;10,I;aVR;aVL;V2;V3;V4;V5,7,0.7,1,0,1,0,2
0;3;4;7;8;9;10,I;aVR;aVL;V2;V3;V4;V5,7,0.8,1,0,1,0,2
0;3;4;7;8;9;10,I;aVR;aVL;V2;V3;V4;V5,7,0.9,1,0,0,0,1
0;3;4;7;8;9;10;11,I;aVR;aVL;V2;V3;V4;V5;V6,8,0.5,1,1,1,0,3
0;3;4;7;8;9;10;11,I;aVR;aVL;V2;V3;V4;V5;V6,8,0.6,1,1,1,0,3
0;3;4;7;8;9;10;11,I;aVR;aVL;V2;V3;V4;V5;V6,8,0.7,1,0,1,0,2
0;3;4;7;8;9;10;11,I;aVR;aVL;V2;V3;V4;V5;V6,8,0.8,1,0,1,0,2
0;3;4;7;8;9;10;11,I;aVR;aVL;V2;V3;V4;V5;V6,8,0.9,1,0,0,0,1
0;3;4;7;8;9;11,I;aVR;aVL;V2;V3;V4;V6,7,0.5,1,1,1,0,3
0;3;4;7;8;9;11,I;aVR;aVL;V2;V3;V4;V6,7,0.6,1,1,1,0,3
0;3;4;7;8;9;11,I;aVR;aVL;V2;V3;V4;V6,7,0.7,1,0,1,0,2
0;3;4;7;8;9;11,I;aVR;aVL;V2;V3;V4;V6,7,0.8,1,0,1,0,2
0;3;4;7;8;9;11,I;aVR;aVL;V2;V3;V4;V6,7,0.9,1,0,0,0,1
0;3;4;7;8;10,I;aVR;aVL;V2;V3;V5,6,0.5,1,1,1,0,3
0;3;4;7;8;10,I;aVR;aVL;V2;V3;V5,6,0.6,1,0,1,0,2
0;3;4;7;8;10,I;aVR;aVL;V2;V3;V5,6,0.7,1,0,1,0,2
0;3;4;7;8;10,I;aVR;aVL;V2;V3;V5,6,0.8,1,0,1,0,2
0;3;4;7;8;10,I;aVR;aVL;V2;V3;V5,6,0.9,1,0,0,0,1
0;3;4;7;8;10;11,I;aVR;aVL;V2;V3;V5;V6,7,0.5,1,1,1,0,3
0;3;4;7;8;10;11,I;aVR;aVL;V2;V3;V5;V6,7,0.6,1,0,1,0,2
0;3;4;7;8;10;11,I;aVR;aVL;V2;V3;V5;V6,7,0.7,1,0,1,0,2
0;3;4;7;8;10;11,I;aVR;aVL;V2;V3;V5;V6,7,0.8,1,0,0,0,1
0;3;4;7;8;10;11,I;aVR;aVL;V2;V3;V5;V6,7,0.9,1,0,0,0,1
0;3;4;7;8;11,I;aVR;aVL;V2;V3;V6,6,0.5,1,1,1,0,3
0;3;4;7;8;11,I;aVR;aVL;V2;V3;V6,6,0.6,1,0,1,0,2
0;3;4;7;8;11,I;aVR;aVL;V2;V3;V6,6,0.7,1,0,1,0,2
0;3;4;7;8;11,I;aVR;aVL;V2;V3;V6,6,0.8,1,0,1,0,2
0;3;4;7;8;11,I;aVR;aVL;V2;V3;V6,6,0.9,1,0,0,0,1
0;3;4;7;9,I;aVR;aVL;V2;V4,5,0.5,1,1,1,0,3
0;3;4;7;9,I;aVR;aVL;V2;V4,5,0.6,1,1,1,0,3
0;3;4;7;9,I;aVR;aVL;V2;V4,5,0.7,1,0,1,0,2
0;3;4;7;9,I;aVR;aVL;V2;V4,5,0.8,1,0,1,0,2
0;3;4;7;9,I;aVR;aVL;V2;V4,5,0.9,1,0,0,0,1
0;3;4;7;9;10,I;aVR;aVL;V2;V4;V5,6,0.5,1,1,1,0,3
0;3;4;7;9;10,I;aVR;aVL;V2;V4;V5,6,0.6,1,1,1,0,3
0;3;4;7;9;10,I;aVR;aVL;V2;V4;V5,6,0.7,1,0,1,0,2
0;3;4;7;9;10,I;aVR;aVL;V2;V4;V5,6,0.8,1,0,1,0,2
0;3;4;7;9;10,I;aVR;aVL;V2;V4;V5,6,0.9,1,0,0,0,1
0;3;4;7;9;10;11,I;aVR;aVL;V2;V4;V5;V6,7,0.5,1,1,1,0,3
0;3;4;7;9;10;11,I;aVR;aVL;V2;V4;V5;V6,7,0.6,1,0,1,0,2
0;3;4;7;9;10;11,I;aVR;aVL;V2;V4;V5;V6,7,0.7,1,0,1,0,2
0;3;4;7;9;10;11,I;aVR;aVL;V2;V4;V5;V6,7,0.8,1,0,1,0,2
0;3;4;7;9;10;11,I;aVR;aVL;V2;V4;V5;V6,7,0.9,1,0,0,0,1
0;3;4;7;9;11,I;aVR;aVL;V2;V4;V6,6,0.5,1,1,1,0,3
0;3;4;7;9;11,I;aVR;aVL;V2;V4;V6,6,0.6,1,0,1,0,2
0;3;4;7;9;11,I;aVR;aVL;V2;V4;V6,6,0.7,1,0,1,0,2
0;3;4;7;9;11,I;aVR;aVL;V2;V4;V6,6,0.8,1,0,1,0,2
0;3;4;7;9;11,I;aVR;aVL;V2;V4;V6,6,0.9,1,0,0,0,1
0;3;4;7;10,I;aVR;aVL;V2;V5,5,0.5,1,1,1,0,3
0;3;4;7;10,I;aVR;aVL;V2;V5,5,0.6,1,1,1,0,3
0;3;4;7;10,I;aVR;aVL;V2;V5,5,0.7,1,0,1,0,2
0;3;4;7;10,I;aVR;aVL;V2;V5,5,0.8,1,0,0,0,1
0;3;4;7;10,I;aVR;aVL;V2;V5,5,0.9,1,0,0,0,1
0;3;4;7;10;11,I;aVR;aVL;V2;V5;V6,6,0.5,1,1,1,0,3
0;3;4;7;10;11,I;aVR;aVL;V2;V5;V6,6,0.6,1,1,1,0,3
0;3;4;7;10;11,I;aVR;aVL;V2;V5;V6,6,0.7,1,0,1,0,2
0;3;4;7;10;11,I;aVR;aVL;V2;V5;V6,6,0.8,1,0,1,0,2
0;3;4;7;10;11,I;aVR;aVL;V2;V5;V6,6,0.9,1,0,0,0,1
0;3;4;7;11,I;aVR;aVL;V2;V6,5,0.5,1,1,1,0,3
0;3;4;7;11,I;aVR;aVL;V2;V6,5,0.6,1,1,1,0,3
0;3;4;7;11,I;aVR;aVL;V2;V6,5,0.7,1,0,1,0,2
0;3;4;7;11,I;aVR;aVL;V2;V6,5,0.8,1,0,1,0,2
0;3;4;7;11,I;aVR;aVL;V2;V6,5,0.9,1,0,0,0,1
0;3;4;8,I;aVR;aVL;V3,4,0.5,1,1,1,0,3
0;3;4;8,I;aVR;aVL;V3,4,0.6,1,0,1,0,2
0;3;4;8,I;aVR;aVL;V3,4,0.7,1,0,1,0,2
0;3;4;8,I;aVR;aVL;V3,4,0.8,1,0,1,0,2
0;3;4;8,I;aVR;aVL;V3,4,0.9,1,0,0,0,1
0;3;4;8;9,I;aVR;aVL;V3;V4,5,0.5,1,1,1,0,3
0;3;4;8;9,I;aVR;aVL;V3;V4,5,0.6,1,0,1,0,2
0;3;4;8;9,I;aVR;aVL;V3;V4,5,0.7,1,0,1,0,2
0;3;4;8;9,I;aVR;aVL;V3;V4,5,0.8,1,0,1,0,2
0;3;4;8;9,I;aVR;aVL;V3;V4,5,0.9,1,0,0,0,1
0;3;4;8;9;10,I;aVR;aVL;V3;V4;V5,6,0.5,1,1,1,0,3
0;3;4;8;9;10,I;aVR;aVL;V3;V4;V5,6,0.6,1,0,1,0,2
0;3;4;8;9;10,I;aVR;aVL;V3;V4;V5,6,0.7,1,0,1,0,2
0;3;4;8;9;10,I;aVR;aVL;V3;V4;V5,6,0.8,1,0,0,0,1
0;3;4;8;9;10,I;aVR;aVL;V3;V4;V5,6,0.9,1,0,0,0,1
0;3;4;8;9;10;11,I;aVR;aVL;V3;V4;V5;V6,7,0.5,1,1,1,0,3
0;3;4;8;9;10;11,I;aVR;aVL;V3;V4;V5;V6,7,0.6,1,0,1,0,2
0;3;4;8;9;10;11,I;aVR;aVL;V3;V4;V5;V6,7,0.7,1,0,1,0,2
0;3;4;8;9;10;11,I;aVR;aVL;V3;V4;V5;V6,7,0.8,1,0,0,0,1
0;3;4;8;9;10;11,I;aVR;aVL;V3;V4;V5;V6,7,0.9,1,0,0,0,1
0;3;4;8;9;11,I;aVR;aVL;V3;V4;V6,6,0.5,1,1,1,0,3
0;3;4;8;9;11,I;aVR;aVL;V3;V4;V6,6,0.6,1,0,1,0,2
0;3;4;8;9;11,I;aVR;aVL;V3;V4;V6,6,0.7,1,0,1,0,2
0;3;4;8;9;11,I;aVR;aVL;V3;V4;V6,6,0.8,1,0,0,0,1
0;3;4;8;9;11,I;aVR;aVL;V3;V4;V6,6,0.9,1,0,0,0,1
0;3;4;8;10,I;aVR;aVL;V3;V5,5,0.5,1,1,1,0,3
0;3;4;8;10,I;aVR;aVL;V3;V5,5,0.6,1,0,1,0,2
0;3;4;8;10,I;aVR;aVL;V3;V5,5,0.7,1,0,1,0,2
0;3;4;8;10,I;aVR;aVL;V3;V5,5,0.8,1,0,0,0,1
0;3;4;8;10,I;aVR;aVL;V3;V5,5,0.9,1,0,0,0,1
0;3;4;8;10;11,I;aVR;aVL;V3;V5;V6,6,0.5,1,1,1,0,3
0;3;4;8;10;11,I;aVR;aVL;V3;V5;V6,6,0.6,1,0,1,0,2
0;3;4;8;10;11,I;aVR;aVL;V3;V5;V6,6,0.7,1,0,1,0,2
0;3;4;8;10;11,I;aVR;aVL;V3;V5;V6,6,0.8,1,0,0,0,1
0;3;4;8;10;11,I;aVR;aVL;V3;V5;V6,6,0.9,1,0,0,0,1
0;3;4;8;11,I;aVR;aVL;V3;V6,5,0.5,1,1,1,0,3
0;3;4;8;11,I;aVR;aVL;V3;V6,5,0.6,1,0,1,0,2
0;3;4;8;11,I;aVR;aVL;V3;V6,5,0.7,1,0,1,0,2
0;3;4;8;11,I;aVR;aVL;V3;V6,5,0.8,1,0,1,0,2
0;3;4;8;11,I;aVR;aVL;V3;V6,5,0.9,1,0,0,0,1
0;3;4;9,I;aVR;aVL;V4,4,0.5,1,1,1,0,3
0;3;4;9,I;aVR;aVL;V4,4,0.6,1,0,1,0,2
0;3;4;9,I;aVR;aVL;V4,4,0.7,1,0,1,0,2
0;3;4;9,I;aVR;aVL;V4,4,0.8,1,0,1,0,2
0;3;4;9,I;aVR;aVL;V4,4,0.9,1,0,0,0,1
0;3;4;9;10,I;aVR;aVL;V4;V5,5,0.5,1,1,1,0,3
0;3;4;9;10,I;aVR;aVL;V4;V5,5,0.6,1,0,1,0,2
0;3;4;9;10,I;aVR;aVL;V4;V5,5,0.7,1,0,1,0,2
0;3;4;9;10,I;aVR;aVL;V4;V5,5,0.8,1,0,0,0,1
0;3;4;9;10,I;aVR;aVL;V4;V5,5,0.9,1,0,0,0,1
0;3;4;9;10;11,I;aVR;aVL;V4;V5;V6,6,0.5,1,1,1,0,3
0;3;4;9;10;11,I;aVR;aVL;V4;V5;V6,6,0.6,1,0,1,0,2
0;3;4;9;10;11,I;aVR;aVL;V4;V5;V6,6,0.7,1,0,1,0,2
0;3;4;9;10;11,I;aVR;aVL;V4;V5;V6,6,0.8,1,0,1,0,2
0;3;4;9;10;11,I;aVR;aVL;V4;V5;V6,6,0.9,1,0,0,0,1
0;3;4;9;11,I;aVR;aVL;V4;V6,5,0.5,1,1,1,0,3
0;3;4;9;11,I;aVR;aVL;V4;V6,5,0.6,1,0,1,0,2
0;3;4;9;11,I;aVR;aVL;V4;V6,5,0.7,1,0,1,0,2
0;3;4;9;11,I;aVR;aVL;V4;V6,5,0.8,1,0,1,0,2
0;3;4;9;11,I;aVR;aVL;V4;V6,5,0.9,1,0,0,0,1
0;3;4;10,I;aVR;aVL;V5,4,0.5,1,1,1,0,3
0;3;4;10,I;aVR;aVL;V5,4,0.6,1,0,1,0,2
0;3;4;10,I;aVR;aVL;V5,4,0.7,1,0,1,0,2
0;3;4;10,I;aVR;aVL;V5,4,0.8,1,0,0,0,1
0;3;4;10,I;aVR;aVL;V5,4,0.9,1,0,0,0,1
0;3;4;10;11,I;aVR;aVL;V5;V6,5,0.5,1,1,1,0,3
0;3;4;10;11,I;aVR;aVL;V5;V6,5,0.6,1,0,1,0,2
0;3;4;10;11,I;aVR;aVL;V5;V6,5,0.7,1,0,1,0,2
0;3;4;10;11,I;aVR;aVL;V5;V6,5,0.8,1,0,0,0,1
0;3;4;10;11,I;aVR;aVL;V5;V6,5,0.9,1,0,0,0,1
0;3;4;11,I;aVR;aVL;V6,4,0.5,1,1,1,0,3
0;3;4;11,I;aVR;aVL;V6,4,0.6,1,0,1,0,2
0;3;4;11,I;aVR;aVL;V6,4,0.7,1,0,1,0,2
0;3;4;11,I;aVR;aVL;V6,4,0.8,1,0,0,0,1
0;3;4;11,I;aVR;aVL;V6,4,0.9,1,0,0,0,1
0;3;5,I;aVR;aVF,3,0.5,1,1,1,0,3
0;3;5,I;aVR;aVF,3,0.6,1,1,1,0,3
0;3;5,I;aVR;aVF,3,0.7,1,0,1,0,2
0;3;5,I;aVR;aVF,3,0.8,1,0,1,0,2
0;3;5,I;aVR;aVF,3,0.9,1,0,0,0,1
0;3;5;6,I;aVR;aVF;V1,4,0.5,1,1,1,0,3
0;3;5;6,I;aVR;aVF;V1,4,0.6,1,0,1,0,2
0;3;5;6,I;aVR;aVF;V1,4,0.7,1,0,1,0,2
0;3;5;6,I;aVR;aVF;V1,4,0.8,1,0,1,0,2
0;3;5;6,I;aVR;aVF;V1,4,0.9,1,0,0,0,1
0;3;5;6;7,I;aVR;aVF;V1;V2,5,0.5,1,1,1,0,3
0;3;5;6;7,I;aVR;aVF;V1;V2,5,0.6,1,0,1,0,2
0;3;5;6;7,I;aVR;aVF;V1;V2,5,0.7,1,0,1,0,2
0;3;5;6;7,I;aVR;aVF;V1;V2,5,0.8,1,0,1,0,2
0;3;5;6;7,I;aVR;aVF;V1;V2,5,0.9,1,0,0,0,1
0;3;5;6;7;8,I;aVR;aVF;V1;V2;V3,6,0.5,1,1,1,0,3
0;3;5;6;7;8,I;aVR;aVF;V1;V2;V3,6,0.6,1,0,1,0,2
0;3;5;6;7;8,I;aVR;aVF;V1;V2;V3,6,0.7,1,0,1,0,2
0;3;5;6;7;8,I;aVR;aVF;V1;V2;V3,6,0.8,1,0,1,0,2
0;3;5;6;7;8,I;aVR;aVF;V1;V2;V3,6,0.9,1,0,0,0,1
0;3;5;6;7;8;9,I;aVR;aVF;V1;V2;V3;V4,7,0.5,1,1,1,0,3
0;3;5;6;7;8;9,I;aVR;aVF;V1;V2;V3;V4,7,0.6,1,1,1,0,3
0;3;5;6;7;8;9,I;aVR;aVF;V1;V2;V3;V4,7,0.7,1,0,1,0,2
0;3;5;6;7;8;9,I;aVR;aVF;V1;V2;V3;V4,7,0.8,1,0,1,0,2
0;3;5;6;7;8;9,I;aVR;aVF;V1;V2;V3;V4,7,0.9,1,0,0,0,1
0;3;5;6;7;8;9;10,I;aVR;aVF;V1;V2;V3;V4;V5,8,0.5,1,1,1,0,3
0;3;5;6;7;8;9;10,I;aVR;aVF;V1;V2;V3;V4;V5,8,0.6,1,0,1,0,2
0;3;5;6;7;8;9;10,I;aVR;aVF;V1;V2;V3;V4;V5,8,0.7,1,0,1,0,2
0;3;5;6;7;8;9;10,I;aVR;aVF;V1;V2;V3;V4;V5,8,0.8,1,0,1,0,2
0;3;5;6;7;8;9;10,I;aVR;aVF;V1;V2;V3;V4;V5,8,0.9,1,0,0,0,1
0;3;5;6;7;8;9;10;11,I;aVR;aVF;V1;V2;V3;V4;V5;V6,9,0.5,1,1,1,0,3
0;3;5;6;7;8;9;10;11,I;aVR;aVF;V1;V2;V3;V4;V5;V6,9,0.6,1,0,1,0,2
0;3;5;6;7;8;9;10;11,I;aVR;aVF;V1;V2;V3;V4;V5;V6,9,0.7,1,0,1,0,2
0;3;5;6;7;8;9;10;11,I;aVR;aVF;V1;V2;V3;V4;V5;V6,9,0.8,1,0,1,0,2
0;3;5;6;7;8;9;10;11,I;aVR;aVF;V1;V2;V3;V4;V5;V6,9,0.9,1,0,0,0,1
0;3;5;6;7;8;9;11,I;aVR;aVF;V1;V2;V3;V4;V6,8,0.5,1,1,1,0,3
0;3;5;6;7;8;9;11,I;aVR;aVF;V1;V2;V3;V4;V6,8,0.6,1,0,1,0,2
0;3;5;6;7;8;9;11,I;aVR;aVF;V1;V2;V3;V4;V6,8,0.7,1,0,1,0,2
0;3;5;6;7;8;9;11,I;aVR;aVF;V1;V2;V3;V4;V6,8,0.8,1,0,1,0,2
0;3;5;6;7;8;9;11,I;aVR;aVF;V1;V2;V3;V4;V6,8,0.9,1,0,0,0,1
0;3;5;6;7;8;10,I;aVR;aVF;V1;V2;V3;V5,7,0.5,1,1,1,0,3
0;3;5;6;7;8;10,I;aVR;aVF;V1;V2;V3;V5,7,0.6,1,0,1,0,2
0;3;5;6;7;8;10,I;aVR;aVF;V1;V2;V3;V5,7,0.7,1,0,1,0,2
0;3;5;6;7;8;10,I;aVR;aVF;V1;V2;V3;V5,7,0.8,1,0,1,0,2
0;3;5;6;7;8;10,I;aVR;aVF;V1;V2;V3;V5,7,0.9,1,0,0,0,1
0;3;5;6;7;8;10;11,I;aVR;aVF;V1;V2;V3;V5;V6,8,0.5,1,1,1,0,3
0;3;5;6;7;8;10;11,I;aVR;aVF;V1;V2;V3;V5;V6,8,0.6,1,0,1,0,2
0;3;5;6;7;8;10;11,I;aVR;aVF;V1;V2;V3;V5;V6,8,0.7,1,0,1,0,2
0;3;5;6;7;8;10;11,I;aVR;aVF;V1;V2;V3;V5;V6,8,0.8,1,0,1,0,2
0;3;5;6;7;8;10;11,I;aVR;aVF;V1;V2;V3;V5;V6,8,0.9,1,0,0,0,1
0;3;5;6;7;8;11,I;aVR;aVF;V1;V2;V3;V6,7,0.5,1,1,1,0,3
0;3;5;6;7;8;11,I;aVR;aVF;V1;V2;V3;V6,7,0.6,1,1,1,0,3
0;3;5;6;7;8;11,I;aVR;aVF;V1;V2;V3;V6,7,0.7,1,0,1,0,2
0;3;5;6;7;8;11,I;aVR;aVF;V1;V2;V3;V6,7,0.8,1,0,1,0,2
0;3;5;6;7;8;11,I;aVR;aVF;V1;V2;V3;V6,7,0.9,1,0,0,0,1
0;3;5;6;7;9,I;aVR;aVF;V1;V2;V4,6,0.5,1,1,1,0,3
0;3;5;6;7;9,I;aVR;aVF;V1;V2;V4,6,0.6,1,1,1,0,3
0;3;5;6;7;9,I;aVR;aVF;V1;V2;V4,6,0.7,1,0,1,0,2
0;3;5;6;7;9,I;aVR;aVF;V1;V2;V4,6,0.8,1,0,1,0,2
0;3;5;6;7;9,I;aVR;aVF;V1;V2;V4,6,0.9,1,0,0,0,1
0;3;5;6;7;9;10,I;aVR;aVF;V1;V2;V4;V5,7,0.5,1,1,1,0,3
0;3;5;6;7;9;10,I;aVR;aVF;V1;V2;V4;V5,7,0.6,1,0,1,0,2
0;3;5;6;7;9;10,I;aVR;aVF;V1;V2;V4;V5,7,0.7,1,0,1,0,2
0;3;5;6;7;9;10,I;aVR;aVF;V1;V2;V4;V5,7,0.8,1,0,1,0,2
0;3;5;6;7;9;10,I;aVR;aVF;V1;V2;V4;V5,7,0.9,1,0,0,0,1
0;3;5;6;7;9;10;11,I;aVR;aVF;V1;V2;V4;V5;V6,8,0.5,1,1,1,0,3
0;3;5;6;7;9;10;11,I;aVR;aVF;V1;V2;V4;V5;V6,8,0.6,1,0,1,0,2
0;3;5;6;7;9;10;11,I;aVR;aVF;V1;V2;V4;V5;V6,8,0.7,1,0,1,0,2
0;3;5;6;7;9;10;11,I;aVR;aVF;V1;V2;V4;V5;V6,8,0.8,1,0,1,0,2
0;3;5;6;7;9;10;11,I;aVR;aVF;V1;V2;V4;V5;V6,8,0.9,1,0,0,0,1
0;3;5;6;7;9;11,I;aVR;aVF;V1;V2;V4;V6,7,0.5,1,1,1,0,3
0;3;5;6;7;9;11,I;aVR;aVF;V1;V2;V4;V6,7,0.6,1,0,1,0,2
0;3;5;6;7;9;11,I;aVR;aVF;V1;V2;V4;V6,7,0.7,1,0,1,0,2
0;3;5;6;7;9;11,I;aVR;aVF;V1;V2;V4;V6,7,0.8,1,0,1,0,2
0;3;5;6;7;9;11,I;aVR;aVF;V1;V2;V4;V6,7,0.9,1,0,0,0,1
0;3;5;6;7;10,I;aVR;aVF;V1;V2;V5,6,0.5,1,1,1,0,3
0;3;5;6;7;10,I;aVR;aVF;V1;V2;V5,6,0.6,1,0,1,0,2
0;3;5;6;7;10,I;aVR;aVF;V1;V2;V5,6,0.7,1,0,1,0,2
0;3;5;6;7;10,I;aVR;aVF;V1;V2;V5,6,0.8,1,0,1,0,2
0;3;5;6;7;10,I;aVR;aVF;V1;V2;V5,6,0.9,1,0,0,0,1
0;3;5;6;7;10;11,I;aVR;aVF;V1;V2;V5;V6,7,0.5,1,1,1,0,3
0;3;5;6;7;10;11,I;aVR;aVF;V1;V2;V5;V6,7,0.6,1,1,1,0,3
0;3;5;6;7;10;11,I;aVR;aVF;V1;V2;V5;V6,7,0.7,1,0,1,0,2
0;3;5;6;7;10;11,I;aVR;aVF;V1;V2;V5;V6,7,0.8,1,0,1,0,2
0;3;5;6;7;10;11,I;aVR;aVF;V1;V2;V5;V6,7,0.9,1,0,0,0,1
0;3;5;6;7;11,I;aVR;aVF;V1;V2;V6,6,0.5,1,1,1,0,3
0;3;5;6;7;11,I;aVR;aVF;V1;V2;V6,6,0.6,1,1,1,0,3
0;3;5;6;7;11,I;aVR;aVF;V1;V2;V6,6,0.7,1,0,1,0,2
0;3;5;6;7;11,I;aVR;aVF;V1;V2;V6,6,0.8,1,0,1,0,2
0;3;5;6;7;11,I;aVR;aVF;V1;V2;V6,6,0.9,1,0,0,0,1
0;3;5;6;8,I;aVR;aVF;V1;V3,5,0.5,1,1,1,0,3
0;3;5;6;8,I;aVR;aVF;V1;V3,5,0.6,1,0,1,0,2
0;3;5;6;8,I;aVR;aVF;V1;V3,5,0.7,1,0,1,0,2
0;3;5;6;8,I;aVR;aVF;V1;V3,5,0.8,1,0,1,0,2
0;3;5;6;8,I;aVR;aVF;V1;V3,5,0.9,1,0,0,0,1
0;3;5;6;8;9,I;aVR;aVF;V1;V3;V4,6,0.5,1,1,1,0,3
0;3;5;6;8;9,I;aVR;aVF;V1;V3;V4,6,0.6,1,0,1,0,2
0;3;5;6;8;9,I;aVR;aVF;V1;V3;V4,6,0.7,1,0,1,0,2
0;3;5;6;8;9,I;aVR;aVF;V1;V3;V4,6,0.8,1,0,1,0,2
0;3;5;6;8;9,I;aVR;aVF;V1;V3;V4,6,0.9,1,0,0,0,1
0;3;5;6;8;9;10,I;aVR;aVF;V1;V3;V4;V5,7,0.5,1,1,1,0,3
0;3;5;6;8;9;10,I;aVR;aVF;V1;V3;V4;V5,7,0.6,1,0,1,0,2
0;3;5;6;8;9;10,I;aVR;aVF;V1;V3;V4;V5,7,0.7,1,0,1,0,2
0;3;5;6;8;9;10,I;aVR;aVF;V1;V3;V4;V5,7,0.8,1,0,1,0,2
0;3;5;6;8;9;10,I;aVR;aVF;V1;V3;V4;V5,7,0.9,1,0,0,0,1
0;3;5;6;8;9;10;11,I;aVR;aVF;V1;V3;V4;V5;V6,8,0.5,1,1,1,0,3
0;3;5;6;8;9;10;11,I;aVR;aVF;V1;V3;V4;V5;V6,8,0.6,1,0,1,0,2
0;3;5;6;8;9;10;11,I;aVR;aVF;V1;V3;V4;V5;V6,8,0.7,1,0,1,0,2
0;3;5;6;8;9;10;11,I;aVR;aVF;V1;V3;V4;V5;V6,8,0.8,1,0,1,0,2
0;3;5;6;8;9;10;11,I;aVR;aVF;V1;V3;V4;V5;V6,8,0.9,1,0,0,0,1
0;3;5;6;8;9;11,I;aVR;aVF;V1;V3;V4;V6,7,0.5,1,1,1,0,3
0;3;5;6;8;9;11,I;aVR;aVF;V1;V3;V4;V6,7,0.6,1,0,1,0,2
0;3;5;6;8;9;11,I;aVR;aVF;V1;V3;V4;V6,7,0.7,1,0,1,0,2
0;3;5;6;8;9;11,I;aVR;aVF;V1;V3;V4;V6,7,0.8,1,0,1,0,2
0;3;5;6;8;9;11,I;aVR;aVF;V1;V3;V4;V6,7,0.9,1,0,0,0,1
0;3;5;6;8;10,I;aVR;aVF;V1;V3;V5,6,0.5,1,1,1,0,3
0;3;5;6;8;10,I;aVR;aVF;V1;V3;V5,6,0.6,1,0,1,0,2
0;3;5;6;8;10,I;aVR;aVF;V1;V3;V5,6,0.7,1,0,1,0,2
0;3;5;6;8;10,I;aVR;aVF;V1;V3;V5,6,0.8,1,0,1,0,2
0;3;5;6;8;10,I;aVR;aVF;V1;V3;V5,6,0.9,1,0,0,0,1
0;3;5;6;8;10;11,I;aVR;aVF;V1;V3;V5;V6,7,0.5,1,1,1,0,3
0;3;5;6;8;10;11,I;aVR;aVF;V1;V3;V5;V6,7,0.6,1,0,1,0,2
0;3;5;6;8;10;11,I;aVR;aVF;V1;V3;V5;V6,7,0.7,1,0,1,0,2
0;3;5;6;8;10;11,I;aVR;aVF;V1;V3;V5;V6,7,0.8,1,0,1,0,2
0;3;5;6;8;10;11,I;aVR;aVF;V1;V3;V5;V6,7,0.9,1,0,0,0,1
0;3;5;6;8;11,I;aVR;aVF;V1;V3;V6,6,0.5,1,1,1,0,3
0;3;5;6;8;11,I;aVR;aVF;V1;V3;V6,6,0.6,1,0,1,0,2
0;3;5;6;8;11,I;aVR;aVF;V1;V3;V6,6,0.7,1,0,1,0,2
0;3;5;6;8;11,I;aVR;aVF;V1;V3;V6,6,0.8,1,0,1,0,2
0;3;5;6;8;11,I;aVR;aVF;V1;V3;V6,6,0.9,1,0,0,0,1
0;3;5;6;9,I;aVR;aVF;V1;V4,5,0.5,1,1,1,0,3
0;3;5;6;9,I;aVR;aVF;V1;V4,5,0.6,1,0,1,0,2
0;3;5;6;9,I;aVR;aVF;V1;V4,5,0.7,1,0,1,0,2
0;3;5;6;9,I;aVR;aVF;V1;V4,5,0.8,1,0,1,0,2
0;3;5;6;9,I;aVR;aVF;V1;V4,5,0.9,1,0,0,0,1
0;3;5;6;9;10,I;aVR;aVF;V1;V4;V5,6,0.5,1,1,1,0,3
0;3;5;6;9;10,I;aVR;aVF;V1;V4;V5,6,0.6,1,0,1,0,2
0;3;5;6;9;10,I;aVR;aVF;V1;V4;V5,6,0.7,1,0,1,0,2
0;3;5;6;9;10,I;aVR;aVF;V1;V4;V5,6,0.8,1,0,1,0,2
0;3;5;6;9;10,I;aVR;aVF;V1;V4;V5,6,0.9,1,0,0,0,1
0;3;5;6;9;10;11,I;aVR;aVF;V1;V4;V5;V6,7,0.5,1,1,1,0,3
0;3;5;6;9;10;11,I;aVR;aVF;V1;V4;V5;V6,7,0.6,1,0,1,0,2
0;3;5;6;9;10;11,I;aVR;aVF;V1;V4;V5;V6,7,0.7,1,0,1,0,2
0;3;5;6;9;10;11,I;aVR;aVF;V1;V4;V5;V6,7,0.8,1,0,1,0,2
0;3;5;6;9;10;11,I;aVR;aVF;V1;V4;V5;V6,7,0.9,1,0,0,0,1
0;3;5;6;9;11,I;aVR;aVF;V1;V4;V6,6,0.5,1,1,1,0,3
0;3;5;6;9;11,I;aVR;aVF;V1;V4;V6,6,0.6,1,0,1,0,2
0;3;5;6;9;11,I;aVR;aVF;V1;V4;V6,6,0.7,1,0,1,0,2
0;3;5;6;9;11,I;aVR;aVF;V1;V4;V6,6,0.8,1,0,1,0,2
0;3;5;6;9;11,I;aVR;aVF;V1;V4;V6,6,0.9,1,0,0,0,1
0;3;5;6;10,I;aVR;aVF;V1;V5,5,0.5,1,1,1,0,3
0;3;5;6;10,I;aVR;aVF;V1;V5,5,0.6,1,0,1,0,2
0;3;5;6;10,I;aVR;aVF;V1;V5,5,0.7,1,0,1,0,2
0;3;5;6;10,I;aVR;aVF;V1;V5,5,0.8,1,0,1,0,2
0;3;5;6;10,I;aVR;aVF;V1;V5,5,0.9,1,0,0,0,1
0;3;5;6;10;11,I;aVR;aVF;V1;V5;V6,6,0.5,1,1,1,0,3
0;3;5;6;10;11,I;aVR;aVF;V1;V5;V6,6,0.6,1,0,1,0,2
0;3;5;6;10;11,I;aVR;aVF;V1;V5;V6,6,0.7,1,0,1,0,2
0;3;5;6;10;11,I;aVR;aVF;V1;V5;V6,6,0.8,1,0,1,0,2
0;3;5;6;10;11,I;aVR;aVF;V1;V5;V6,6,0.9,1,0,0,0,1
0;3;5;6;11,I;aVR;aVF;V1;V6,5,0.5,1,1,1,0,3
0;3;5;6;11,I;aVR;aVF;V1;V6,5,0.6,1,1,1,0,3
0;3;5;6;11,I;aVR;aVF;V1;V6,5,0.7,1,0,1,0,2
0;3;5;6;11,I;aVR;aVF;V1;V6,5,0.8,1,0,1,0,2
0;3;5;6;11,I;aVR;aVF;V1;V6,5,0.9,1,0,0,0,1
0;3;5;7,I;aVR;aVF;V2,4,0.5,1,1,1,0,3
0;3;5;7,I;aVR;aVF;V2,4,0.6,1,0,1,0,2
0;3;5;7,I;aVR;aVF;V2,4,0.7,1,0,1,0,2
0;3;5;7,I;aVR;aVF;V2,4,0.8,1,0,1,0,2
0;3;5;7,I;aVR;aVF;V2,4,0.9,1,0,0,0,1
0;3;5;7;8,I;aVR;aVF;V2;V3,5,0.5,1,1,1,0,3
0;3;5;7;8,I;aVR;aVF;V2;V3,5,0.6,1,0,1,0,2
0;3;5;7;8,I;aVR;aVF;V2;V3,5,0.7,1,0,1,0,2
0;3;5;7;8,I;aVR;aVF;V2;V3,5,0.8,1,0,1,0,2
0;3;5;7;8,I;aVR;aVF;V2;V3,5,0.9,1,0,0,0,1
0;3;5;7;8;9,I;aVR;aVF;V2;V3;V4,6,0.5,1,1,1,0,3
0;3;5;7;8;9,I;aVR;aVF;V2;V3;V4,6,0.6,1,1,1,0,3
0;3;5;7;8;9,I;aVR;aVF;V2;V3;V4,6,0.7,1,0,1,0,2
0;3;5;7;8;9,I;aVR;aVF;V2;V3;V4,6,0.8,1,0,1,0,2
0;3;5;7;8;9,I;aVR;aVF;V2;V3;V4,6,0.9,1,0,0,0,1
0;3;5;7;8;9;10,I;aVR;aVF;V2;V3;V4;V5,7,0.5,1,1,1,0,3
0;3;5;7;8;9;10,I;aVR;aVF;V2;V3;V4;V5,7,0.6,1,1,1,0,3
0;3;5;7;8;9;10,I;aVR;aVF;V2;V3;V4;V5,7,0.7,1,0,1,0,2
0;3;5;7;8;9;10,I;aVR;aVF;V2;V3;V4;V5,7,0.8,1,0,1,0,2
0;3;5;7;8;9;10,I;aVR;aVF;V2;V3;V4;V5,7,0.9,1,0,0,0,1
0;3;5;7;8;9;10;11,I;aVR;aVF;V2;V3;V4;V5;V6,8,0.5,1,1,1,0,3
0;3;5;7;8;9;10;11,I;aVR;aVF;V2;V3;V4;V5;V6,8,0.6,1,1,1,0,3
0;3;5;7;8;9;10;11,I;aVR;aVF;V2;V3;V4;V5;V6,8,0.7,1,0,1,0,2
0;3;5;7;8;9;10;11,I;aVR;aVF;V2;V3;V4;V5;V6,8,0.8,1,0,0,0,1
0;3;5;7;8;9;10;11,I;aVR;aVF;V2;V3;V4;V5;V6,8,0.9,1,0,0,0,1
0;3;5;7;8;9;11,I;aVR;aVF;V2;V3;V4;V6,7,0.5,1,1,1,0,3
0;3;5;7;8;9;11,I;aVR;aVF;V2;V3;V4;V6,7,0.6,1,0,1,0,2
0;3;5;7;8;9;11,I;aVR;aVF;V2;V3;V4;V6,7,0.7,1,0,1,0,2
0;3;5;7;8;9;11,I;aVR;aVF;V2;V3;V4;V6,7,0.8,1,0,0,0,1
0;3;5;7;8;9;11,I;aVR;aVF;V2;V3;V4;V6,7,0.9,1,0,0,0,1
0;3;5;7;8;10,I;aVR;aVF;V2;V3;V5,6,0.5,1,1,1,0,3
0;3;5;7;8;10,I;aVR;aVF;V2;V3;V5,6,0.6,1,1,1,0,3
0;3;5;7;8;10,I;aVR;aVF;V2;V3;V5,6,0.7,1,0,1,0,2
0;3;5;7;8;10,I;aVR;aVF;V2;V3;V5,6,0.8,1,0,0,0,1
0;3;5;7;8;10,I;aVR;aVF;V2;V3;V5,6,0.9,1,0,0,0,1
0;3;5;7;8;10;11,I;aVR;aVF;V2;V3;V5;V6,7,0.5,1,1,1,0,3
0;3;5;7;8;10;11,I;aVR;aVF;V2;V3;V5;V6,7,0.6,1,1,1,0,3
0;3;5;7;8;10;11,I;aVR;aVF;V2;V3;V5;V6,7,0.7,1,0,1,0,2
0;3;5;7;8;10;11,I;aVR;aVF;V2;V3;V5;V6,7,0.8,1,0,0,0,1
0;3;5;7;8;10;11,I;aVR;aVF;V2;V3;V5;V6,7,0.9,1,0,0,0,1
0;3;5;7;8;11,I;aVR;aVF;V2;V3;V6,6,0.5,1,1,1,0,3
0;3;5;7;8;11,I;aVR;aVF;V2;V3;V6,6,0.6,1,1,1,0,3
0;3;5;7;8;11,I;aVR;aVF;V2;V3;V6,6,0.7,1,0,1,0,2
0;3;5;7;8;11,I;aVR;aVF;V2;V3;V6,6,0.8,1,0,0,0,1
0;3;5;7;8;11,I;aVR;aVF;V2;V3;V6,6,0.9,1,0,0,0,1
0;3;5;7;9,I;aVR;aVF;V2;V4,5,0.5,1,1,1,0,3
0;3;5;7;9,I;aVR;aVF;V2;V4,5,0.6,1,1,1,0,3
0;3;5;7;9,I;aVR;aVF;V2;V4,5,0.7,1,0,1,0,2
0;3;5;7;9,I;aVR;aVF;V2;V4,5,0.8,1,0,1,0,2
0;3;5;7;9,I;aVR;aVF;V2;V4,5,0.9,1,0,0,0,1
0;3;5;7;9;10,I;aVR;aVF;V2;V4;V5,6,0.5,1,1,1,0,3
0;3;5;7;9;10,I;aVR;aVF;V2;V4;V5,6,0.6,1,1,1,0,3
0;3;5;7;9;10,I;aVR;aVF;V2;V4;V5,6,0.7,1,0,1,0,2
0;3;5;7;9;10,I;aVR;aVF;V2;V4;V5,6,0.8,1,0,1,0,2
0;3;5;7;9;10,I;aVR;aVF;V2;V4;V5,6,0.9,1,0,0,0,1
0;3;5;7;9;10;11,I;aVR;aVF;V2;V4;V5;V6,7,0.5,1,1,1,0,3
0;3;5;7;9;10;11,I;aVR;aVF;V2;V4;V5;V6,7,0.6,1,1,1,0,3
0;3;5;7;9;10;11,I;aVR;aVF;V2;V4;V5;V6,7,0.7,1,0,1,0,2
0;3;5;7;9;10;11,I;aVR;aVF;V2;V4;V5;V6,7,0.8,1,0,1,0,2
0;3;5;7;9;10;11,I;aVR;aVF;V2;V4;V5;V6,7,0.9,1,0,0,0,1
0;3;5;7;9;11,I;aVR;aVF;V2;V4;V6,6,0.5,1,1,1,0,3
0;3;5;7;9;11,I;aVR;aVF;V2;V4;V6,6,0.6,1,0,1,0,2
0;3;5;7;9;11,I;aVR;aVF;V2;V4;V6,6,0.7,1,0,1,0,2
0;3;5;7;9;11,I;aVR;aVF;V2;V4;V6,6,0.8,1,0,0,0,1
0;3;5;7;9;11,I;aVR;aVF;V2;V4;V6,6,0.9,1,0,0,0,1
0;3;5;7;10,I;aVR;aVF;V2;V5,5,0.5,1,1,1,0,3
0;3;5;7;10,I;aVR;aVF;V2;V5,5,0.6,1,1,1,0,3
0;3;5;7;10,I;aVR;aVF;V2;V5,5,0.7,1,0,1,0,2
0;3;5;7;10,I;aVR;aVF;V2;V5,5,0.8,1,0,0,0,1
0;3;5;7;10,I;aVR;aVF;V2;V5,5,0.9,1,0,0,0,1
0;3;5;7;10;11,I;aVR;aVF;V2;V5;V6,6,0.5,1,1,1,0,3
0;3;5;7;10;11,I;aVR;aVF;V2;V5;V6,6,0.6,1,1,1,0,3
0;3;5;7;10;11,I;aVR;aVF;V2;V5;V6,6,0.7,1,0,1,0,2
0;3;5;7;10;11,I;aVR;aVF;V2;V5;V6,6,0.8,1,0,0,0,1
0;3;5;7;10;11,I;aVR;aVF;V2;V5;V6,6,0.9,1,0,0,0,1
0;3;5;7;11,I;aVR;aVF;V2;V6,5,0.5,1,1,1,0,3
0;3;5;7;11,I;aVR;aVF;V2;V6,5,0.6,1,1,1,0,3
0;3;5;7;11,I;aVR;aVF;V2;V6,5,0.7,1,0,1,0,2
0;3;5;7;11,I;aVR;aVF;V2;V6,5,0.8,1,0,0,0,1
0;3;5;7;11,I;aVR;aVF;V2;V6,5,0.9,1,0,0,0,1
0;3;5;8,I;aVR;aVF;V3,4,0.5,1,1,1,0,3
0;3;5;8,I;aVR;aVF;V3,4,0.6,1,0,1,0,2
0;3;5;8,I;aVR;aVF;V3,4,0.7,1,0,1,0,2
0;3;5;8,I;aVR;aVF;V3,4,0.8,1,0,0,0,1
0;3;5;8,I;aVR;aVF;V3,4,0.9,1,0,0,0,1
0;3;5;8;9,I;aVR;aVF;V3;V4,5,0.5,1,1,1,0,3
0;3;5;8;9,I;aVR;aVF;V3;V4,5,0.6,1,1,1,0,3
0;3;5;8;9,I;aVR;aVF;V3;V4,5,0.7,1,0,1,0,2
0;3;5;8;9,I;aVR;aVF;V3;V4,5,0.8,1,0,1,0,2
0;3;5;8;9,I;aVR;aVF;V3;V4,5,0.9,1,0,0,0,1
0;3;5;8;9;10,I;aVR;aVF;V3;V4;V5,6,0.5,1,1,1,0,3
0;3;5;8;9;10,I;aVR;aVF;V3;V4;V5,6,0.6,1,0,1,0,2
0;3;5;8;9;10,I;aVR;aVF;V3;V4;V5,6,0.7,1,0,1,0,2
0;3;5;8;9;10,I;aVR;aVF;V3;V4;V5,6,0.8,1,0,0,0,1
0;3;5;8;9;10,I;aVR;aVF;V3;V4;V5,6,0.9,1,0,0,0,1
0;3;5;8;9;10;11,I;aVR;aVF;V3;V4;V5;V6,7,0.5,1,1,1,0,3
0;3;5;8;9;10;11,I;aVR;aVF;V3;V4;V5;V6,7,0.6,1,0,1,0,2
0;3;5;8;9;10;11,I;aVR;aVF;V3;V4;V5;V6,7,0.7,1,0,1,0,2
0;3;5;8;9;10;11,I;aVR;aVF;V3;V4;V5;V6,7,0.8,1,0,0,0,1
0;3;5;8;9;10;11,I;aVR;aVF;V3;V4;V5;V6,7,0.9,1,0,0,0,1
0;3;5;8;9;11,I;aVR;aVF;V3;V4;V6,6,0.5,1,1,1,0,3
0;3;5;8;9;11,I;aVR;aVF;V3;V4;V6,6,0.6,1,0,1,0,2
0;3;5;8;9;11,I;aVR;aVF;V3;V4;V6,6,0.7,1,0,1,0,2
0;3;5;8;9;11,I;aVR;aVF;V3;V4;V6,6,0.8,1,0,0,0,1
0;3;5;8;9;11,I;aVR;aVF;V3;V4;V6,6,0.9,1,0,0,0,1
0;3;5;8;10,I;aVR;aVF;V3;V5,5,0.5,1,1,1,0,3
0;3;5;8;10,I;aVR;aVF;V3;V5,5,0.6,1,1,1,0,3
0;3;5;8;10,I;aVR;aVF;V3;V5,5,0.7,1,0,1,0,2
0;3;5;8;10,I;aVR;aVF;V3;V5,5,0.8,1,0,0,0,1
0;3;5;8;10,I;aVR;aVF;V3;V5,5,0.9,1,0,0,0,1
0;3;5;8;10;11,I;aVR;aVF;V3;V5;V6,6,0.5,1,1,1,0,3
0;3;5;8;10;11,I;aVR;aVF;V3;V5;V6,6,0.6,1,0,1,0,2
0;3;5;8;10;11,I;aVR;aVF;V3;V5;V6,6,0.7,1,0,1,0,2
0;3;5;8;10;11,I;aVR;aVF;V3;V5;V6,6,0.8,1,0,0,0,1
0;3;5;8;10;11,I;aVR;aVF;V3;V5;V6,6,0.9,1,0,0,0,1
0;3;5;8;11,I;aVR;aVF;V3;V6,5,0.5,1,1,1,0,3
0;3;5;8;11,I;aVR;aVF;V3;V6,5,0.6,1,0,1,0,2
0;3;5;8;11,I;aVR;aVF;V3;V6,5,0.7,1,0,1,0,2
0;3;5;8;11,I;aVR;aVF;V3;V6,5,0.8,1,0,0,0,1
0;3;5;8;11,I;aVR;aVF;V3;V6,5,0.9,1,0,0,0,1
0;3;5;9,I;aVR;aVF;V4,4,0.5,1,1,1,0,3
0;3;5;9,I;aVR;aVF;V4,4,0.6,1,0,1,0,2
0;3;5;9,I;aVR;aVF;V4,4,0.7,1,0,1,0,2
0;3;5;9,I;aVR;aVF;V4,4,0.8,1,0,1,0,2
0;3;5;9,I;aVR;aVF;V4,4,0.9,1,0,0,0,1
0;3;5;9;10,I;aVR;aVF;V4;V5,5,0.5,1,1,1,0,3
0;3;5;9;10,I;aVR;aVF;V4;V5,5,0.6,1,0,1,0,2
0;3;5;9;10,I;aVR;aVF;V4;V5,5,0.7,1,0,1,0,2
0;3;5;9;10,I;aVR;aVF;V4;V5,5,0.8,1,0,1,0,2
0;3;5;9;10,I;aVR;aVF;V4;V5,5,0.9,1,0,0,0,1
0;3;5;9;10;11,I;aVR;aVF;V4;V5;V6,6,0.5,1,1,1,0,3
0;3;5;9;10;11,I;aVR;aVF;V4;V5;V6,6,0.6,1,0,1,0,2
0;3;5;9;10;11,I;aVR;aVF;V4;V5;V6,6,0.7,1,0,1,0,2
0;3;5;9;10;11,I;aVR;aVF;V4;V5;V6,6,0.8,1,0,0,0,1
0;3;5;9;10;11,I;aVR;aVF;V4;V5;V6,6,0.9,1,0,0,0,1
0;3;5;9;11,I;aVR;aVF;V4;V6,5,0.5,1,1,1,0,3
0;3;5;9;11,I;aVR;aVF;V4;V6,5,0.6,1,0,1,0,2
0;3;5;9;11,I;aVR;aVF;V4;V6,5,0.7,1,0,1,0,2
0;3;5;9;11,I;aVR;aVF;V4;V6,5,0.8,1,0,0,0,1
0;3;5;9;11,I;aVR;aVF;V4;V6,5,0.9,1,0,0,0,1
0;3;5;10,I;aVR;aVF;V5,4,0.5,1,1,1,0,3
0;3;5;10,I;aVR;aVF;V5,4,0.6,1,0,1,0,2
0;3;5;10,I;aVR;aVF;V5,4,0.7,1,0,1,0,2
0;3;5;10,I;aVR;aVF;V5,4,0.8,1,0,0,0,1
0;3;5;10,I;aVR;aVF;V5,4,0.9,1,0,0,0,1
0;3;5;10;11,I;aVR;aVF;V5;V6,5,0.5,1,1,1,0,3
0;3;5;10;11,I;aVR;aVF;V5;V6,5,0.6,1,0,1,0,2
0;3;5;10;11,I;aVR;aVF;V5;V6,5,0.7,1,0,1,0,2
0;3;5;10;11,I;aVR;aVF;V5;V6,5,0.8,1,0,0,0,1
0;3;5;10;11,I;aVR;aVF;V5;V6,5,0.9,1,0,0,0,1
0;3;5;11,I;aVR;aVF;V6,4,0.5,1,1,1,0,3
0;3;5;11,I;aVR;aVF;V6,4,0.6,1,0,1,0,2
0;3;5;11,I;aVR;aVF;V6,4,0.7,1,0,1,0,2
0;3;5;11,I;aVR;aVF;V6,4,0.8,1,0,1,0,2
0;3;5;11,I;aVR;aVF;V6,4,0.9,1,0,0,0,1
0;3;6,I;aVR;V1,4,0.5,1,1,1,0,3
0;3;6,I;aVR;V1,4,0.6,1,1,1,0,3
0;3;6,I;aVR;V1,4,0.7,1,0,1,0,2
0;3;6,I;aVR;V1,4,0.8,1,0,1,0,2
0;3;6,I;aVR;V1,4,0.9,1,0,0,0,1
0;3;6;7,I;aVR;V1;V2,5,0.5,1,1,1,0,3
0;3;6;7,I;aVR;V1;V2,5,0.6,1,1,1,0,3
0;3;6;7,I;aVR;V1;V2,5,0.7,1,0,1,0,2
0;3;6;7,I;aVR;V1;V2,5,0.8,1,0,1,0,2
0;3;6;7,I;aVR;V1;V2,5,0.9,1,0,0,0,1
0;3;6;7;8,I;aVR;V1;V2;V3,6,0.5,1,1,1,0,3
0;3;6;7;8,I;aVR;V1;V2;V3,6,0.6,1,1,1,0,3
0;3;6;7;8,I;aVR;V1;V2;V3,6,0.7,1,0,1,0,2
0;3;6;7;8,I;aVR;V1;V2;V3,6,0.8,1,0,1,0,2
0;3;6;7;8,I;aVR;V1;V2;V3,6,0.9,1,0,0,0,1
0;3;6;7;8;9,I;aVR;V1;V2;V3;V4,7,0.5,1,1,1,0,3
0;3;6;7;8;9,I;aVR;V1;V2;V3;V4,7,0.6,1,1,1,0,3
0;3;6;7;8;9,I;aVR;V1;V2;V3;V4,7,0.7,1,0,1,0,2
0;3;6;7;8;9,I;aVR;V1;V2;V3;V4,7,0.8,1,0,1,0,2
0;3;6;7;8;9,I;aVR;V1;V2;V3;V4,7,0.9,1,0,0,0,1
0;3;6;7;8;9;10,I;aVR;V1;V2;V3;V4;V5,8,0.5,1,1,1,0,3
0;3;6;7;8;9;10,I;aVR;V1;V2;V3;V4;V5,8,0.6,1,1,1,0,3
0;3;6;7;8;9;10,I;aVR;V1;V2;V3;V4;V5,8,0.7,1,0,1,0,2
0;3;6;7;8;9;10,I;aVR;V1;V2;V3;V4;V5,8,0.8,1,0,1,0,2
0;3;6;7;8;9;10,I;aVR;V1;V2;V3;V4;V5,8,0.9,1,0,0,0,1
0;3;6;7;8;9;10;11,I;aVR;V1;V2;V3;V4;V5;V6,9,0.5,1,1,1,0,3
0;3;6;7;8;9;10;11,I;aVR;V1;V2;V3;V4;V5;V6,9,0.6,1,0,1,0,2
0;3;6;7;8;9;10;11,I;aVR;V1;V2;V3;V4;V5;V6,9,0.7,1,0,1,0,2
0;3;6;7;8;9;10;11,I;aVR;V1;V2;V3;V4;V5;V6,9,0.8,1,0,1,0,2
0;3;6;7;8;9;10;11,I;aVR;V1;V2;V3;V4;V5;V6,9,0.9,1,0,0,0,1
0;3;6;7;8;9;11,I;aVR;V1;V2;V3;V4;V6,8,0.5,1,1,1,0,3
0;3;6;7;8;9;11,I;aVR;V1;V2;V3;V4;V6,8,0.6,1,0,1,0,2
0;3;6;7;8;9;11,I;aVR;V1;V2;V3;V4;V6,8,0.7,1,0,1,0,2
0;3;6;7;8;9;11,I;aVR;V1;V2;V3;V4;V6,8,0.8,1,0,1,0,2
0;3;6;7;8;9;11,I;aVR;V1;V2;V3;V4;V6,8,0.9,1,0,0,0,1
0;3;6;7;8;10,I;aVR;V1;V2;V3;V5,7,0.5,1,1,1,0,3
0;3;6;7;8;10,I;aVR;V1;V2;V3;V5,7,0.6,1,1,1,0,3
0;3;6;7;8;10,I;aVR;V1;V2;V3;V5,7,0.7,1,0,1,0,2
0;3;6;7;8;10,I;aVR;V1;V2;V3;V5,7,0.8,1,0,1,0,2
0;3;6;7;8;10,I;aVR;V1;V2;V3;V5,7,0.9,1,0,0,0,1
0;3;6;7;8;10;11,I;aVR;V1;V2;V3;V5;V6,8,0.5,1,1,1,0,3
0;3;6;7;8;10;11,I;aVR;V1;V2;V3;V5;V6,8,0.6,1,0,1,0,2
0;3;6;7;8;10;11,I;aVR;V1;V2;V3;V5;V6,8,0.7,1,0,1,0,2
0;3;6;7;8;10;11,I;aVR;V1;V2;V3;V5;V6,8,0.8,1,0,1,0,2
0;3;6;7;8;10;11,I;aVR;V1;V2;V3;V5;V6,8,0.9,1,0,0,0,1
0;3;6;7;8;11,I;aVR;V1;V2;V3;V6,7,0.5,1,1,1,0,3
0;3;6;7;8;11,I;aVR;V1;V2;V3;V6,7,0.6,1,0,1,0,2
0;3;6;7;8;11,I;aVR;V1;V2;V3;V6,7,0.7,1,0,1,0,2
0;3;6;7;8;11,I;aVR;V1;V2;V3;V6,7,0.8,1,0,1,0,2
0;3;6;7;8;11,I;aVR;V1;V2;V3;V6,7,0.9,1,0,0,0,1
0;3;6;7;9,I;aVR;V1;V2;V4,6,0.5,1,1,1,0,3
0;3;6;7;9,I;aVR;V1;V2;V4,6,0.6,1,1,1,0,3
0;3;6;7;9,I;aVR;V1;V2;V4,6,0.7,1,0,1,0,2
0;3;6;7;9,I;aVR;V1;V2;V4,6,0.8,1,0,1,0,2
0;3;6;7;9,I;aVR;V1;V2;V4,6,0.9,1,0,0,0,1
0;3;6;7;9;10,I;aVR;V1;V2;V4;V5,7,0.5,1,1,1,0,3
0;3;6;7;9;10,I;aVR;V1;V2;V4;V5,7,0.6,1,0,1,0,2
0;3;6;7;9;10,I;aVR;V1;V2;V4;V5,7,0.7,1,0,1,0,2
0;3;6;7;9;10,I;aVR;V1;V2;V4;V5,7,0.8,1,0,1,0,2
0;3;6;7;9;10,I;aVR;V1;V2;V4;V5,7,0.9,1,0,0,0,1
0;3;6;7;9;10;11,I;aVR;V1;V2;V4;V5;V6,8,0.5,1,1,1,0,3
0;3;6;7;9;10;11,I;aVR;V1;V2;V4;V5;V6,8,0.6,1,0,1,0,2
0;3;6;7;9;10;11,I;aVR;V1;V2;V4;V5;V6,8,0.7,1,0,1,0,2
0;3;6;7;9;10;11,I;aVR;V1;V2;V4;V5;V6,8,0.8,1,0,1,0,2
0;3;6;7;9;10;11,I;aVR;V1;V2;V4;V5;V6,8,0.9,1,0,0,0,1
0;3;6;7;9;11,I;aVR;V1;V2;V4;V6,7,0.5,1,1,1,0,3
0;3;6;7;9;11,I;aVR;V1;V2;V4;V6,7,0.6,1,0,1,0,2
0;3;6;7;9;11,I;aVR;V1;V2;V4;V6,7,0.7,1,0,1,0,2
0;3;6;7;9;11,I;aVR;V1;V2;V4;V6,7,0.8,1,0,1,0,2
0;3;6;7;9;11,I;aVR;V1;V2;V4;V6,7,0.9,1,0,0,0,1
0;3;6;7;10,I;aVR;V1;V2;V5,6,0.5,1,1,1,0,3
0;3;6;7;10,I;aVR;V1;V2;V5,6,0.6,1,1,1,0,3
0;3;6;7;10,I;aVR;V1;V2;V5,6,0.7,1,0,1,0,2
0;3;6;7;10,I;aVR;V1;V2;V5,6,0.8,1,0,1,0,2
0;3;6;7;10,I;aVR;V1;V2;V5,6,0.9,1,0,0,0,1
0;3;6;7;10;11,I;aVR;V1;V2;V5;V6,7,0.5,1,1,1,0,3
0;3;6;7;10;11,I;aVR;V1;V2;V5;V6,7,0.6,1,0,1,0,2
0;3;6;7;10;11,I;aVR;V1;V2;V5;V6,7,0.7,1,0,1,0,2
0;3;6;7;10;11,I;aVR;V1;V2;V5;V6,7,0.8,1,0,1,0,2
0;3;6;7;10;11,I;aVR;V1;V2;V5;V6,7,0.9,1,0,0,0,1
0;3;6;7;11,I;aVR;V1;V2;V6,6,0.5,1,1,1,0,3
0;3;6;7;11,I;aVR;V1;V2;V6,6,0.6,1,0,1,0,2
0;3;6;7;11,I;aVR;V1;V2;V6,6,0.7,1,0,1,0,2
0;3;6;7;11,I;aVR;V1;V2;V6,6,0.8,1,0,1,0,2
0;3;6;7;11,I;aVR;V1;V2;V6,6,0.9,1,0,0,0,1
0;3;6;8,I;aVR;V1;V3,5,0.5,1,1,1,0,3
0;3;6;8,I;aVR;V1;V3,5,0.6,1,1,1,0,3
0;3;6;8,I;aVR;V1;V3,5,0.7,1,0,1,0,2
0;3;6;8,I;aVR;V1;V3,5,0.8,1,0,1,0,2
0;3;6;8,I;aVR;V1;V3,5,0.9,1,0,0,0,1
0;3;6;8;9,I;aVR;V1;V3;V4,6,0.5,1,1,1,0,3
0;3;6;8;9,I;aVR;V1;V3;V4,6,0.6,1,1,1,0,3
0;3;6;8;9,I;aVR;V1;V3;V4,6,0.7,1,0,1,0,2
0;3;6;8;9,I;aVR;V1;V3;V4,6,0.8,1,0,1,0,2
0;3;6;8;9,I;aVR;V1;V3;V4,6,0.9,1,0,0,0,1
0;3;6;8;9;10,I;aVR;V1;V3;V4;V5,7,0.5,1,1,1,0,3
0;3;6;8;9;10,I;aVR;V1;V3;V4;V5,7,0.6,1,0,1,0,2
0;3;6;8;9;10,I;aVR;V1;V3;V4;V5,7,0.7,1,0,1,0,2
0;3;6;8;9;10,I;aVR;V1;V3;V4;V5,7,0.8,1,0,1,0,2
0;3;6;8;9;10,I;aVR;V1;V3;V4;V5,7,0.9,1,0,0,0,1
0;3;6;8;9;10;11,I;aVR;V1;V3;V4;V5;V6,8,0.5,1,1,1,0,3
0;3;6;8;9;10;11,I;aVR;V1;V3;V4;V5;V6,8,0.6,1,0,1,0,2
0;3;6;8;9;10;11,I;aVR;V1;V3;V4;V5;V6,8,0.7,1,0,1,0,2
0;3;6;8;9;10;11,I;aVR;V1;V3;V4;V5;V6,8,0.8,1,0,1,0,2
0;3;6;8;9;10;11,I;aVR;V1;V3;V4;V5;V6,8,0.9,1,0,0,0,1
0;3;6;8;9;11,I;aVR;V1;V3;V4;V6,7,0.5,1,1,1,0,3
0;3;6;8;9;11,I;aVR;V1;V3;V4;V6,7,0.6,1,0,1,0,2
0;3;6;8;9;11,I;aVR;V1;V3;V4;V6,7,0.7,1,0,1,0,2
0;3;6;8;9;11,I;aVR;V1;V3;V4;V6,7,0.8,1,0,1,0,2
0;3;6;8;9;11,I;aVR;V1;V3;V4;V6,7,0.9,1,0,0,0,1
0;3;6;8;10,I;aVR;V1;V3;V5,6,0.5,1,1,1,0,3
0;3;6;8;10,I;aVR;V1;V3;V5,6,0.6,1,0,1,0,2
0;3;6;8;10,I;aVR;V1;V3;V5,6,0.7,1,0,1,0,2
0;3;6;8;10,I;aVR;V1;V3;V5,6,0.8,1,0,1,0,2
0;3;6;8;10,I;aVR;V1;V3;V5,6,0.9,1,0,0,0,1
0;3;6;8;10;11,I;aVR;V1;V3;V5;V6,7,0.5,1,1,1,0,3
0;3;6;8;10;11,I;aVR;V1;V3;V5;V6,7,0.6,1,0,1,0,2
0;3;6;8;10;11,I;aVR;V1;V3;V5;V6,7,0.7,1,0,1,0,2
0;3;6;8;10;11,I;aVR;V1;V3;V5;V6,7,0.8,1,0,1,0,2
0;3;6;8;10;11,I;aVR;V1;V3;V5;V6,7,0.9,1,0,0,0,1
0;3;6;8;11,I;aVR;V1;V3;V6,6,0.5,1,1,1,0,3
0;3;6;8;11,I;aVR;V1;V3;V6,6,0.6,1,1,1,0,3
0;3;6;8;11,I;aVR;V1;V3;V6,6,0.7,1,0,1,0,2
0;3;6;8;11,I;aVR;V1;V3;V6,6,0.8,1,0,1,0,2
0;3;6;8;11,I;aVR;V1;V3;V6,6,0.9,1,0,0,0,1
0;3;6;9,I;aVR;V1;V4,5,0.5,1,1,1,0,3
0;3;6;9,I;aVR;V1;V4,5,0.6,1,0,1,0,2
0;3;6;9,I;aVR;V1;V4,5,0.7,1,0,1,0,2
0;3;6;9,I;aVR;V1;V4,5,0.8,1,0,1,0,2
0;3;6;9,I;aVR;V1;V4,5,0.9,1,0,0,0,1
0;3;6;9;10,I;aVR;V1;V4;V5,6,0.5,1,1,1,0,3
0;3;6;9;10,I;aVR;V1;V4;V5,6,0.6,1,0,1,0,2
0;3;6;9;10,I;aVR;V1;V4;V5,6,0.7,1,0,1,0,2
0;3;6;9;10,I;aVR;V1;V4;V5,6,0.8,1,0,1,0,2
0;3;6;9;10,I;aVR;V1;V4;V5,6,0.9,1,0,0,0,1
0;3;6;9;10;11,I;aVR;V1;V4;V5;V6,7,0.5,1,1,1,0,3
0;3;6;9;10;11,I;aVR;V1;V4;V5;V6,7,0.6,1,0,1,0,2
0;3;6;9;10;11,I;aVR;V1;V4;V5;V6,7,0.7,1,0,1,0,2
0;3;6;9;10;11,I;aVR;V1;V4;V5;V6,7,0.8,1,0,1,0,2
0;3;6;9;10;11,I;aVR;V1;V4;V5;V6,7,0.9,1,0,0,0,1
0;3;6;9;11,I;aVR;V1;V4;V6,6,0.5,1,1,1,0,3
0;3;6;9;11,I;aVR;V1;V4;V6,6,0.6,1,0,1,0,2
0;3;6;9;11,I;aVR;V1;V4;V6,6,0.7,1,0,1,0,2
0;3;6;9;11,I;aVR;V1;V4;V6,6,0.8,1,0,1,0,2
0;3;6;9;11,I;aVR;V1;V4;V6,6,0.9,1,0,0,0,1
0;3;6;10,I;aVR;V1;V5,5,0.5,1,1,1,0,3
0;3;6;10,I;aVR;V1;V5,5,0.6,1,0,1,0,2
0;3;6;10,I;aVR;V1;V5,5,0.7,1,0,1,0,2
0;3;6;10,I;aVR;V1;V5,5,0.8,1,0,1,0,2
0;3;6;10,I;aVR;V1;V5,5,0.9,1,0,0,0,1
0;3;6;10;11,I;aVR;V1;V5;V6,6,0.5,1,1,1,0,3
0;3;6;10;11,I;aVR;V1;V5;V6,6,0.6,1,1,1,0,3
0;3;6;10;11,I;aVR;V1;V5;V6,6,0.7,1,0,1,0,2
0;3;6;10;11,I;aVR;V1;V5;V6,6,0.8,1,0,1,0,2
0;3;6;10;11,I;aVR;V1;V5;V6,6,0.9,1,0,0,0,1
0;3;6;11,I;aVR;V1;V6,5,0.5,1,1,1,0,3
0;3;6;11,I;aVR;V1;V6,5,0.6,1,1,1,0,3
0;3;6;11,I;aVR;V1;V6,5,0.7,1,0,1,0,2
0;3;6;11,I;aVR;V1;V6,5,0.8,1,0,1,0,2
0;3;6;11,I;aVR;V1;V6,5,0.9,1,0,0,0,1
0;3;7,I;aVR;V2,4,0.5,1,1,1,0,3
0;3;7,I;aVR;V2,4,0.6,1,1,1,0,3
0;3;7,I;aVR;V2,4,0.7,1,0,1,0,2
0;3;7,I;aVR;V2,4,0.8,1,0,1,0,2
0;3;7,I;aVR;V2,4,0.9,1,0,0,0,1
0;3;7;8,I;aVR;V2;V3,5,0.5,1,1,1,0,3
0;3;7;8,I;aVR;V2;V3,5,0.6,1,1,1,0,3
0;3;7;8,I;aVR;V2;V3,5,0.7,1,0,1,0,2
0;3;7;8,I;aVR;V2;V3,5,0.8,1,0,1,0,2
0;3;7;8,I;aVR;V2;V3,5,0.9,1,0,0,0,1
0;3;7;8;9,I;aVR;V2;V3;V4,6,0.5,1,1,1,0,3
0;3;7;8;9,I;aVR;V2;V3;V4,6,0.6,1,1,1,0,3
0;3;7;8;9,I;aVR;V2;V3;V4,6,0.7,1,0,1,0,2
0;3;7;8;9,I;aVR;V2;V3;V4,6,0.8,1,0,1,0,2
0;3;7;8;9,I;aVR;V2;V3;V4,6,0.9,1,0,0,0,1
0;3;7;8;9;10,I;aVR;V2;V3;V4;V5,7,0.5,1,1,1,0,3
0;3;7;8;9;10,I;aVR;V2;V3;V4;V5,7,0.6,1,1,1,0,3
0;3;7;8;9;10,I;aVR;V2;V3;V4;V5,7,0.7,1,0,1,0,2
0;3;7;8;9;10,I;aVR;V2;V3;V4;V5,7,0.8,1,0,1,0,2
0;3;7;8;9;10,I;aVR;V2;V3;V4;V5,7,0.9,1,0,0,0,1
0;3;7;8;9;10;11,I;aVR;V2;V3;V4;V5;V6,8,0.5,1,1,1,0,3
0;3;7;8;9;10;11,I;aVR;V2;V3;V4;V5;V6,8,0.6,1,1,1,0,3
0;3;7;8;9;10;11,I;aVR;V2;V3;V4;V5;V6,8,0.7,1,0,1,0,2
0;3;7;8;9;10;11,I;aVR;V2;V3;V4;V5;V6,8,0.8,1,0,1,0,2
0;3;7;8;9;10;11,I;aVR;V2;V3;V4;V5;V6,8,0.9,1,0,0,0,1
0;3;7;8;9;11,I;aVR;V2;V3;V4;V6,7,0.5,1,1,1,0,3
0;3;7;8;9;11,I;aVR;V2;V3;V4;V6,7,0.6,1,1,1,0,3
0;3;7;8;9;11,I;aVR;V2;V3;V4;V6,7,0.7,1,0,1,0,2
0;3;7;8;9;11,I;aVR;V2;V3;V4;V6,7,0.8,1,0,0,0,1
0;3;7;8;9;11,I;aVR;V2;V3;V4;V6,7,0.9,1,0,0,0,1
0;3;7;8;10,I;aVR;V2;V3;V5,6,0.5,1,1,1,0,3
0;3;7;8;10,I;aVR;V2;V3;V5,6,0.6,1,1,1,0,3
0;3;7;8;10,I;aVR;V2;V3;V5,6,0.7,1,0,1,0,2
0;3;7;8;10,I;aVR;V2;V3;V5,6,0.8,1,0,1,0,2
0;3;7;8;10,I;aVR;V2;V3;V5,6,0.9,1,0,0,0,1
0;3;7;8;10;11,I;aVR;V2;V3;V5;V6,7,0.5,1,1,1,0,3
0;3;7;8;10;11,I;aVR;V2;V3;V5;V6,7,0.6,1,0,1,0,2
0;3;7;8;10;11,I;aVR;V2;V3;V5;V6,7,0.7,1,0,1,0,2
0;3;7;8;10;11,I;aVR;V2;V3;V5;V6,7,0.8,1,0,0,0,1
0;3;7;8;10;11,I;aVR;V2;V3;V5;V6,7,0.9,1,0,0,0,1
0;3;7;8;11,I;aVR;V2;V3;V6,6,0.5,1,1,1,0,3
0;3;7;8;11,I;aVR;V2;V3;V6,6,0.6,1,1,1,0,3
0;3;7;8;11,I;aVR;V2;V3;V6,6,0.7,1,0,1,0,2
0;3;7;8;11,I;aVR;V2;V3;V6,6,0.8,1,0,0,0,1
0;3;7;8;11,I;aVR;V2;V3;V6,6,0.9,1,0,0,0,1
0;3;7;9,I;aVR;V2;V4,5,0.5,1,1,1,0,3
0;3;7;9,I;aVR;V2;V4,5,0.6,1,1,1,0,3
0;3;7;9,I;aVR;V2;V4,5,0.7,1,0,1,0,2
0;3;7;9,I;aVR;V2;V4,5,0.8,1,0,1,0,2
0;3;7;9,I;aVR;V2;V4,5,0.9,1,0,0,0,1
0;3;7;9;10,I;aVR;V2;V4;V5,6,0.5,1,1,1,0,3
0;3;7;9;10,I;aVR;V2;V4;V5,6,0.6,1,1,1,0,3
0;3;7;9;10,I;aVR;V2;V4;V5,6,0.7,1,0,1,0,2
0;3;7;9;10,I;aVR;V2;V4;V5,6,0.8,1,0,1,0,2
0;3;7;9;10,I;aVR;V2;V4;V5,6,0.9,1,0,0,0,1
0;3;7;9;10;11,I;aVR;V2;V4;V5;V6,7,0.5,1,1,1,0,3
0;3;7;9;10;11,I;aVR;V2;V4;V5;V6,7,0.6,1,1,1,0,3
0;3;7;9;10;11,I;aVR;V2;V4;V5;V6,7,0.7,1,0,1,0,2
0;3;7;9;10;11,I;aVR;V2;V4;V5;V6,7,0.8,1,0,0,0,1
0;3;7;9;10;11,I;aVR;V2;V4;V5;V6,7,0.9,1,0,0,0,1
0;3;7;9;11,I;aVR;V2;V4;V6,6,0.5,1,1,1,0,3
0;3;7;9;11,I;aVR;V2;V4;V6,6,0.6,1,1,1,0,3
0;3;7;9;11,I;aVR;V2;V4;V6,6,0.7,1,0,1,0,2
0;3;7;9;11,I;aVR;V2;V4;V6,6,0.8,1,0,1,0,2
0;3;7;9;11,I;aVR;V2;V4;V6,6,0.9,1,0,0,0,1
0;3;7;10,I;aVR;V2;V5,5,0.5,1,1,1,0,3
0;3;7;10,I;aVR;V2;V5,5,0.6,1,1,1,0,3
0;3;7;10,I;aVR;V2;V5,5,0.7,1,0,1,0,2
0;3;7;10,I;aVR;V2;V5,5,0.8,1,0,1,0,2
0;3;7;10,I;aVR;V2;V5,5,0.9,1,0,0,0,1
0;3;7;10;11,I;aVR;V2;V5;V6,6,0.5,1,1,1,0,3
0;3;7;10;11,I;aVR;V2;V5;V6,6,0.6,1,1,1,0,3
0;3;7;10;11,I;aVR;V2;V5;V6,6,0.7,1,0,1,0,2
0;3;7;10;11,I;aVR;V2;V5;V6,6,0.8,1,0,0,0,1
0;3;7;10;11,I;aVR;V2;V5;V6,6,0.9,1,0,0,0,1
0;3;7;11,I;aVR;V2;V6,5,0.5,1,1,1,0,3
0;3;7;11,I;aVR;V2;V6,5,0.6,1,1,1,0,3
0;3;7;11,I;aVR;V2;V6,5,0.7,1,0,1,0,2
0;3;7;11,I;aVR;V2;V6,5,0.8,1,0,1,0,2
0;3;7;11,I;aVR;V2;V6,5,0.9,1,0,0,0,1
0;3;8,I;aVR;V3,4,0.5,1,1,1,0,3
0;3;8,I;aVR;V3,4,0.6,1,0,1,0,2
0;3;8,I;aVR;V3,4,0.7,1,0,1,0,2
0;3;8,I;aVR;V3,4,0.8,1,0,1,0,2
0;3;8,I;aVR;V3,4,0.9,1,0,0,0,1
0;3;8;9,I;aVR;V3;V4,5,0.5,1,1,1,0,3
0;3;8;9,I;aVR;V3;V4,5,0.6,1,1,1,0,3
0;3;8;9,I;aVR;V3;V4,5,0.7,1,0,1,0,2
0;3;8;9,I;aVR;V3;V4,5,0.8,1,0,1,0,2
0;3;8;9,I;aVR;V3;V4,5,0.9,1,0,0,0,1
0;3;8;9;10,I;aVR;V3;V4;V5,6,0.5,1,1,1,0,3
0;3;8;9;10,I;aVR;V3;V4;V5,6,0.6,1,1,1,0,3
0;3;8;9;10,I;aVR;V3;V4;V5,6,0.7,1,0,1,0,2
0;3;8;9;10,I;aVR;V3;V4;V5,6,0.8,1,0,0,0,1
0;3;8;9;10,I;aVR;V3;V4;V5,6,0.9,1,0,0,0,1
0;3;8;9;10;11,I;aVR;V3;V4;V5;V6,7,0.5,1,1,1,0,3
0;3;8;9;10;11,I;aVR;V3;V4;V5;V6,7,0.6,1,1,1,0,3
0;3;8;9;10;11,I;aVR;V3;V4;V5;V6,7,0.7,1,0,1,0,2
0;3;8;9;10;11,I;aVR;V3;V4;V5;V6,7,0.8,1,0,0,0,1
0;3;8;9;10;11,I;aVR;V3;V4;V5;V6,7,0.9,1,0,0,0,1
0;3;8;9;11,I;aVR;V3;V4;V6,6,0.5,1,1,1,0,3
0;3;8;9;11,I;aVR;V3;V4;V6,6,0.6,1,1,1,0,3
0;3;8;9;11,I;aVR;V3;V4;V6,6,0.7,1,0,1,0,2
0;3;8;9;11,I;aVR;V3;V4;V6,6,0.8,1,0,0,0,1
0;3;8;9;11,I;aVR;V3;V4;V6,6,0.9,1,0,0,0,1
0;3;8;10,I;aVR;V3;V5,5,0.5,1,1,1,0,3
0;3;8;10,I;aVR;V3;V5,5,0.6,1,1,1,0,3
0;3;8;10,I;aVR;V3;V5,5,0.7,1,0,1,0,2
0;3;8;10,I;aVR;V3;V5,5,0.8,1,0,0,0,1
0;3;8;10,I;aVR;V3;V5,5,0.9,1,0,0,0,1
0;3;8;10;11,I;aVR;V3;V5;V6,6,0.5,1,1,1,0,3
0;3;8;10;11,I;aVR;V3;V5;V6,6,0.6,1,0,1,0,2
0;3;8;10;11,I;aVR;V3;V5;V6,6,0.7,1,0,1,0,2
0;3;8;10;11,I;aVR;V3;V5;V6,6,0.8,1,0,0,0,1
0;3;8;10;11,I;aVR;V3;V5;V6,6,0.9,1,0,0,0,1
0;3;8;11,I;aVR;V3;V6,5,0.5,1,1,1,0,3
0;3;8;11,I;aVR;V3;V6,5,0.6,1,0,1,0,2
0;3;8;11,I;aVR;V3;V6,5,0.7,1,0,1,0,2
0;3;8;11,I;aVR;V3;V6,5,0.8,1,0,0,0,1
0;3;8;11,I;aVR;V3;V6,5,0.9,1,0,0,0,1
0;3;9,I;aVR;V4,4,0.5,1,1,1,0,3
0;3;9,I;aVR;V4,4,0.6,1,0,1,0,2
0;3;9,I;aVR;V4,4,0.7,1,0,1,0,2
0;3;9,I;aVR;V4,4,0.8,1,0,1,0,2
0;3;9,I;aVR;V4,4,0.9,1,0,0,0,1
0;3;9;10,I;aVR;V4;V5,5,0.5,1,1,1,0,3
0;3;9;10,I;aVR;V4;V5,5,0.6,1,0,1,0,2
0;3;9;10,I;aVR;V4;V5,5,0.7,1,0,1,0,2
0;3;9;10,I;aVR;V4;V5,5,0.8,1,0,0,0,1
0;3;9;10,I;aVR;V4;V5,5,0.9,1,0,0,0,1
0;3;9;10;11,I;aVR;V4;V5;V6,6,0.5,1,1,1,0,3
0;3;9;10;11,I;aVR;V4;V5;V6,6,0.6,1,1,1,0,3
0;3;9;10;11,I;aVR;V4;V5;V6,6,0.7,1,0,1,0,2
0;3;9;10;11,I;aVR;V4;V5;V6,6,0.8,1,0,0,0,1
0;3;9;10;11,I;aVR;V4;V5;V6,6,0.9,1,0,0,0,1
0;3;9;11,I;aVR;V4;V6,5,0.5,1,1,1,0,3
0;3;9;11,I;aVR;V4;V6,5,0.6,1,0,1,0,2
0;3;9;11,I;aVR;V4;V6,5,0.7,1,0,1,0,2
0;3;9;11,I;aVR;V4;V6,5,0.8,1,0,1,0,2
0;3;9;11,I;aVR;V4;V6,5,0.9,1,0,0,0,1
0;3;10,I;aVR;V5,4,0.5,1,1,1,0,3
0;3;10,I;aVR;V5,4,0.6,1,0,1,0,2
0;3;10,I;aVR;V5,4,0.7,1,0,1,0,2
0;3;10,I;aVR;V5,4,0.8,1,0,0,0,1
0;3;10,I;aVR;V5,4,0.9,1,0,0,0,1
0;3;10;11,I;aVR;V5;V6,5,0.5,1,1,1,0,3
0;3;10;11,I;aVR;V5;V6,5,0.6,1,1,1,0,3
0;3;10;11,I;aVR;V5;V6,5,0.7,1,0,1,0,2
0;3;10;11,I;aVR;V5;V6,5,0.8,1,0,0,0,1
0;3;10;11,I;aVR;V5;V6,5,0.9,1,0,0,0,1
0;3;11,I;aVR;V6,4,0.5,1,1,1,0,3
0;3;11,I;aVR;V6,4,0.6,1,0,1,0,2
0;3;11,I;aVR;V6,4,0.7,1,0,1,0,2
0;3;11,I;aVR;V6,4,0.8,1,0,1,0,2
0;3;11,I;aVR;V6,4,0.9,1,0,0,0,1
0;4,I;aVL,3,0.5,1,1,1,0,3
0;4,I;aVL,3,0.6,1,1,1,0,3
0;4,I;aVL,3,0.7,1,0,1,0,2
0;4,I;aVL,3,0.8,1,0,1,0,2
0;4,I;aVL,3,0.9,1,0,0,0,1
0;4;5,I;aVL;aVF,3,0.5,1,1,1,0,3
0;4;5,I;aVL;aVF,3,0.6,1,1,1,0,3
0;4;5,I;aVL;aVF,3,0.7,1,0,1,0,2
0;4;5,I;aVL;aVF,3,0.8,1,0,1,0,2
0;4;5,I;aVL;aVF,3,0.9,1,0,0,0,1
0;4;5;6,I;aVL;aVF;V1,4,0.5,1,1,1,0,3
0;4;5;6,I;aVL;aVF;V1,4,0.6,1,1,1,0,3
0;4;5;6,I;aVL;aVF;V1,4,0.7,1,0,1,0,2
0;4;5;6,I;aVL;aVF;V1,4,0.8,1,0,1,0,2
0;4;5;6,I;aVL;aVF;V1,4,0.9,1,0,0,0,1
0;4;5;6;7,I;aVL;aVF;V1;V2,5,0.5,1,1,1,0,3
0;4;5;6;7,I;aVL;aVF;V1;V2,5,0.6,1,1,1,0,3
0;4;5;6;7,I;aVL;aVF;V1;V2,5,0.7,1,0,1,0,2
0;4;5;6;7,I;aVL;aVF;V1;V2,5,0.8,1,0,1,0,2
0;4;5;6;7,I;aVL;aVF;V1;V2,5,0.9,1,0,0,0,1
0;4;5;6;7;8,I;aVL;aVF;V1;V2;V3,6,0.5,1,1,1,0,3
0;4;5;6;7;8,I;aVL;aVF;V1;V2;V3,6,0.6,1,1,1,0,3
0;4;5;6;7;8,I;aVL;aVF;V1;V2;V3,6,0.7,1,0,1,0,2
0;4;5;6;7;8,I;aVL;aVF;V1;V2;V3,6,0.8,1,0,1,0,2
0;4;5;6;7;8,I;aVL;aVF;V1;V2;V3,6,0.9,1,0,0,0,1
0;4;5;6;7;8;9,I;aVL;aVF;V1;V2;V3;V4,7,0.5,1,1,1,0,3
0;4;5;6;7;8;9,I;aVL;aVF;V1;V2;V3;V4,7,0.6,1,1,1,0,3
0;4;5;6;7;8;9,I;aVL;aVF;V1;V2;V3;V4,7,0.7,1,0,1,0,2
0;4;5;6;7;8;9,I;aVL;aVF;V1;V2;V3;V4,7,0.8,1,0,1,0,2
0;4;5;6;7;8;9,I;aVL;aVF;V1;V2;V3;V4,7,0.9,1,0,0,0,1
0;4;5;6;7;8;9;10,I;aVL;aVF;V1;V2;V3;V4;V5,8,0.5,1,1,1,0,3
0;4;5;6;7;8;9;10,I;aVL;aVF;V1;V2;V3;V4;V5,8,0.6,1,0,1,0,2
0;4;5;6;7;8;9;10,I;aVL;aVF;V1;V2;V3;V4;V5,8,0.7,1,0,1,0,2
0;4;5;6;7;8;9;10,I;aVL;aVF;V1;V2;V3;V4;V5,8,0.8,1,0,1,0,2
0;4;5;6;7;8;9;10,I;aVL;aVF;V1;V2;V3;V4;V5,8,0.9,1,0,0,0,1
0;4;5;6;7;8;9;10;11,I;aVL;aVF;V1;V2;V3;V4;V5;V6,9,0.5,1,1,1,0,3
0;4;5;6;7;8;9;10;11,I;aVL;aVF;V1;V2;V3;V4;V5;V6,9,0.6,1,0,1,0,2
0;4;5;6;7;8;9;10;11,I;aVL;aVF;V1;V2;V3;V4;V5;V6,9,0.7,1,0,1,0,2
0;4;5;6;7;8;9;10;11,I;aVL;aVF;V1;V2;V3;V4;V5;V6,9,0.8,1,0,1,0,2
0;4;5;6;7;8;9;10;11,I;aVL;aVF;V1;V2;V3;V4;V5;V6,9,0.9,1,0,0,0,1
0;4;5;6;7;8;9;11,I;aVL;aVF;V1;V2;V3;V4;V6,8,0.5,1,1,1,0,3
0;4;5;6;7;8;9;11,I;aVL;aVF;V1;V2;V3;V4;V6,8,0.6,1,0,1,0,2
0;4;5;6;7;8;9;11,I;aVL;aVF;V1;V2;V3;V4;V6,8,0.7,1,0,1,0,2
0;4;5;6;7;8;9;11,I;aVL;aVF;V1;V2;V3;V4;V6,8,0.8,1,0,1,0,2
0;4;5;6;7;8;9;11,I;aVL;aVF;V1;V2;V3;V4;V6,8,0.9,1,0,0,0,1
0;4;5;6;7;8;10,I;aVL;aVF;V1;V2;V3;V5,7,0.5,1,1,1,0,3
0;4;5;6;7;8;10,I;aVL;aVF;V1;V2;V3;V5,7,0.6,1,0,1,0,2
0;4;5;6;7;8;10,I;aVL;aVF;V1;V2;V3;V5,7,0.7,1,0,1,0,2
0;4;5;6;7;8;10,I;aVL;aVF;V1;V2;V3;V5,7,0.8,1,0,1,0,2
0;4;5;6;7;8;10,I;aVL;aVF;V1;V2;V3;V5,7,0.9,1,0,0,0,1
0;4;5;6;7;8;10;11,I;aVL;aVF;V1;V2;V3;V5;V6,8,0.5,1,1,1,0,3
0;4;5;6;7;8;10;11,I;aVL;aVF;V1;V2;V3;V5;V6,8,0.6,1,0,1,0,2
0;4;5;6;7;8;10;11,I;aVL;aVF;V1;V2;V3;V5;V6,8,0.7,1,0,1,0,2
0;4;5;6;7;8;10;11,I;aVL;aVF;V1;V2;V3;V5;V6,8,0.8,1,0,1,0,2
0;4;5;6;7;8;10;11,I;aVL;aVF;V1;V2;V3;V5;V6,8,0.9,1,0,0,0,1
0;4;5;6;7;8;11,I;aVL;aVF;V1;V2;V3;V6,7,0.5,1,1,1,0,3
0;4;5;6;7;8;11,I;aVL;aVF;V1;V2;V3;V6,7,0.6,1,0,1,0,2
0;4;5;6;7;8;11,I;aVL;aVF;V1;V2;V3;V6,7,0.7,1,0,1,0,2
0;4;5;6;7;8;11,I;aVL;aVF;V1;V2;V3;V6,7,0.8,1,0,1,0,2
0;4;5;6;7;8;11,I;aVL;aVF;V1;V2;V3;V6,7,0.9,1,0,0,0,1
0;4;5;6;7;9,I;aVL;aVF;V1;V2;V4,6,0.5,1,1,1,0,3
0;4;5;6;7;9,I;aVL;aVF;V1;V2;V4,6,0.6,1,1,1,0,3
0;4;5;6;7;9,I;aVL;aVF;V1;V2;V4,6,0.7,1,0,1,0,2
0;4;5;6;7;9,I;aVL;aVF;V1;V2;V4,6,0.8,1,0,1,0,2
0;4;5;6;7;9,I;aVL;aVF;V1;V2;V4,6,0.9,1,0,0,0,1
0;4;5;6;7;9;10,I;aVL;aVF;V1;V2;V4;V5,7,0.5,1,1,1,0,3
0;4;5;6;7;9;10,I;aVL;aVF;V1;V2;V4;V5,7,0.6,1,0,1,0,2
0;4;5;6;7;9;10,I;aVL;aVF;V1;V2;V4;V5,7,0.7,1,0,1,0,2
0;4;5;6;7;9;10,I;aVL;aVF;V1;V2;V4;V5,7,0.8,1,0,1,0,2
0;4;5;6;7;9;10,I;aVL;aVF;V1;V2;V4;V5,7,0.9,1,0,0,0,1
0;4;5;6;7;9;10;11,I;aVL;aVF;V1;V2;V4;V5;V6,8,0.5,1,1,1,0,3
0;4;5;6;7;9;10;11,I;aVL;aVF;V1;V2;V4;V5;V6,8,0.6,1,0,1,0,2
0;4;5;6;7;9;10;11,I;aVL;aVF;V1;V2;V4;V5;V6,8,0.7,1,0,1,0,2
0;4;5;6;7;9;10;11,I;aVL;aVF;V1;V2;V4;V5;V6,8,0.8,1,0,1,0,2
0;4;5;6;7;9;10;11,I;aVL;aVF;V1;V2;V4;V5;V6,8,0.9,1,0,0,0,1
0;4;5;6;7;9;11,I;aVL;aVF;V1;V2;V4;V6,7,0.5,1,1,1,0,3
0;4;5;6;7;9;11,I;aVL;aVF;V1;V2;V4;V6,7,0.6,1,0,1,0,2
0;4;5;6;7;9;11,I;aVL;aVF;V1;V2;V4;V6,7,0.7,1,0,1,0,2
0;4;5;6;7;9;11,I;aVL;aVF;V1;V2;V4;V6,7,0.8,1,0,1,0,2
0;4;5;6;7;9;11,I;aVL;aVF;V1;V2;V4;V6,7,0.9,1,0,0,0,1
0;4;5;6;7;10,I;aVL;aVF;V1;V2;V5,6,0.5,1,1,1,0,3
0;4;5;6;7;10,I;aVL;aVF;V1;V2;V5,6,0.6,1,0,1,0,2
0;4;5;6;7;10,I;aVL;aVF;V1;V2;V5,6,0.7,1,0,1,0,2
0;4;5;6;7;10,I;aVL;aVF;V1;V2;V5,6,0.8,1,0,1,0,2
0;4;5;6;7;10,I;aVL;aVF;V1;V2;V5,6,0.9,1,0,0,0,1
0;4;5;6;7;10;11,I;aVL;aVF;V1;V2;V5;V6,7,0.5,1,1,1,0,3
0;4;5;6;7;10;11,I;aVL;aVF;V1;V2;V5;V6,7,0.6,1,0,1,0,2
0;4;5;6;7;10;11,I;aVL;aVF;V1;V2;V5;V6,7,0.7,1,0,1,0,2
0;4;5;6;7;10;11,I;aVL;aVF;V1;V2;V5;V6,7,0.8,1,0,1,0,2
0;4;5;6;7;10;11,I;aVL;aVF;V1;V2;V5;V6,7,0.9,1,0,0,0,1
0;4;5;6;7;11,I;aVL;aVF;V1;V2;V6,6,0.5,1,1,1,0,3
0;4;5;6;7;11,I;aVL;aVF;V1;V2;V6,6,0.6,1,1,1,0,3
0;4;5;6;7;11,I;aVL;aVF;V1;V2;V6,6,0.7,1,0,1,0,2
0;4;5;6;7;11,I;aVL;aVF;V1;V2;V6,6,0.8,1,0,1,0,2
0;4;5;6;7;11,I;aVL;aVF;V1;V2;V6,6,0.9,1,0,0,0,1
0;4;5;6;8,I;aVL;aVF;V1;V3,5,0.5,1,1,1,0,3
0;4;5;6;8,I;aVL;aVF;V1;V3,5,0.6,1,1,1,0,3
0;4;5;6;8,I;aVL;aVF;V1;V3,5,0.7,1,0,1,0,2
0;4;5;6;8,I;aVL;aVF;V1;V3,5,0.8,1,0,1,0,2
0;4;5;6;8,I;aVL;aVF;V1;V3,5,0.9,1,0,0,0,1
0;4;5;6;8;9,I;aVL;aVF;V1;V3;V4,6,0.5,1,1,1,0,3
0;4;5;6;8;9,I;aVL;aVF;V1;V3;V4,6,0.6,1,0,1,0,2
0;4;5;6;8;9,I;aVL;aVF;V1;V3;V4,6,0.7,1,0,1,0,2
0;4;5;6;8;9,I;aVL;aVF;V1;V3;V4,6,0.8,1,0,1,0,2
0;4;5;6;8;9,I;aVL;aVF;V1;V3;V4,6,0.9,1,0,0,0,1
0;4;5;6;8;9;10,I;aVL;aVF;V1;V3;V4;V5,7,0.5,1,1,1,0,3
0;4;5;6;8;9;10,I;aVL;aVF;V1;V3;V4;V5,7,0.6,1,0,1,0,2
0;4;5;6;8;9;10,I;aVL;aVF;V1;V3;V4;V5,7,0.7,1,0,1,0,2
0;4;5;6;8;9;10,I;aVL;aVF;V1;V3;V4;V5,7,0.8,1,0,1,0,2
0;4;5;6;8;9;10,I;aVL;aVF;V1;V3;V4;V5,7,0.9,1,0,0,0,1
0;4;5;6;8;9;10;11,I;aVL;aVF;V1;V3;V4;V5;V6,8,0.5,1,1,1,0,3
0;4;5;6;8;9;10;11,I;aVL;aVF;V1;V3;V4;V5;V6,8,0.6,1,0,1,0,2
0;4;5;6;8;9;10;11,I;aVL;aVF;V1;V3;V4;V5;V6,8,0.7,1,0,1,0,2
0;4;5;6;8;9;10;11,I;aVL;aVF;V1;V3;V4;V5;V6,8,0.8,1,0,1,0,2
0;4;5;6;8;9;10;11,I;aVL;aVF;V1;V3;V4;V5;V6,8,0.9,1,0,0,0,1
0;4;5;6;8;9;11,I;aVL;aVF;V1;V3;V4;V6,7,0.5,1,1,1,0,3
0;4;5;6;8;9;11,I;aVL;aVF;V1;V3;V4;V6,7,0.6,1,0,1,0,2
0;4;5;6;8;9;11,I;aVL;aVF;V1;V3;V4;V6,7,0.7,1,0,1,0,2
0;4;5;6;8;9;11,I;aVL;aVF;V1;V3;V4;V6,7,0.8,1,0,1,0,2
0;4;5;6;8;9;11,I;aVL;aVF;V1;V3;V4;V6,7,0.9,1,0,0,0,1
0;4;5;6;8;10,I;aVL;aVF;V1;V3;V5,6,0.5,1,1,1,0,3
0;4;5;6;8;10,I;aVL;aVF;V1;V3;V5,6,0.6,1,0,1,0,2
0;4;5;6;8;10,I;aVL;aVF;V1;V3;V5,6,0.7,1,0,1,0,2
0;4;5;6;8;10,I;aVL;aVF;V1;V3;V5,6,0.8,1,0,1,0,2
0;4;5;6;8;10,I;aVL;aVF;V1;V3;V5,6,0.9,1,0,0,0,1
0;4;5;6;8;10;11,I;aVL;aVF;V1;V3;V5;V6,7,0.5,1,1,1,0,3
0;4;5;6;8;10;11,I;aVL;aVF;V1;V3;V5;V6,7,0.6,1,0,1,0,2
0;4;5;6;8;10;11,I;aVL;aVF;V1;V3;V5;V6,7,0.7,1,0,1,0,2
0;4;5;6;8;10;11,I;aVL;aVF;V1;V3;V5;V6,7,0.8,1,0,1,0,2
0;4;5;6;8;10;11,I;aVL;aVF;V1;V3;V5;V6,7,0.9,1,0,0,0,1
0;4;5;6;8;11,I;aVL;aVF;V1;V3;V6,6,0.5,1,1,1,0,3
0;4;5;6;8;11,I;aVL;aVF;V1;V3;V6,6,0.6,1,0,1,0,2
0;4;5;6;8;11,I;aVL;aVF;V1;V3;V6,6,0.7,1,0,1,0,2
0;4;5;6;8;11,I;aVL;aVF;V1;V3;V6,6,0.8,1,0,1,0,2
0;4;5;6;8;11,I;aVL;aVF;V1;V3;V6,6,0.9,1,0,0,0,1
0;4;5;6;9,I;aVL;aVF;V1;V4,5,0.5,1,1,1,0,3
0;4;5;6;9,I;aVL;aVF;V1;V4,5,0.6,1,0,1,0,2
0;4;5;6;9,I;aVL;aVF;V1;V4,5,0.7,1,0,1,0,2
0;4;5;6;9,I;aVL;aVF;V1;V4,5,0.8,1,0,1,0,2
0;4;5;6;9,I;aVL;aVF;V1;V4,5,0.9,1,0,0,0,1
0;4;5;6;9;10,I;aVL;aVF;V1;V4;V5,6,0.5,1,1,1,0,3
0;4;5;6;9;10,I;aVL;aVF;V1;V4;V5,6,0.6,1,0,1,0,2
0;4;5;6;9;10,I;aVL;aVF;V1;V4;V5,6,0.7,1,0,1,0,2
0;4;5;6;9;10,I;aVL;aVF;V1;V4;V5,6,0.8,1,0,1,0,2
0;4;5;6;9;10,I;aVL;aVF;V1;V4;V5,6,0.9,1,0,0,0,1
0;4;5;6;9;10;11,I;aVL;aVF;V1;V4;V5;V6,7,0.5,1,1,1,0,3
0;4;5;6;9;10;11,I;aVL;aVF;V1;V4;V5;V6,7,0.6,1,0,1,0,2
0;4;5;6;9;10;11,I;aVL;aVF;V1;V4;V5;V6,7,0.7,1,0,1,0,2
0;4;5;6;9;10;11,I;aVL;aVF;V1;V4;V5;V6,7,0.8,1,0,1,0,2
0;4;5;6;9;10;11,I;aVL;aVF;V1;V4;V5;V6,7,0.9,1,0,0,0,1
0;4;5;6;9;11,I;aVL;aVF;V1;V4;V6,6,0.5,1,1,1,0,3
0;4;5;6;9;11,I;aVL;aVF;V1;V4;V6,6,0.6,1,0,1,0,2
0;4;5;6;9;11,I;aVL;aVF;V1;V4;V6,6,0.7,1,0,1,0,2
0;4;5;6;9;11,I;aVL;aVF;V1;V4;V6,6,0.8,1,0,1,0,2
0;4;5;6;9;11,I;aVL;aVF;V1;V4;V6,6,0.9,1,0,0,0,1
0;4;5;6;10,I;aVL;aVF;V1;V5,5,0.5,1,1,1,0,3
0;4;5;6;10,I;aVL;aVF;V1;V5,5,0.6,1,0,1,0,2
0;4;5;6;10,I;aVL;aVF;V1;V5,5,0.7,1,0,1,0,2
0;4;5;6;10,I;aVL;aVF;V1;V5,5,0.8,1,0,1,0,2
0;4;5;6;10,I;aVL;aVF;V1;V5,5,0.9,1,0,0,0,1
0;4;5;6;10;11,I;aVL;aVF;V1;V5;V6,6,0.5,1,1,1,0,3
0;4;5;6;10;11,I;aVL;aVF;V1;V5;V6,6,0.6,1,0,1,0,2
0;4;5;6;10;11,I;aVL;aVF;V1;V5;V6,6,0.7,1,0,1,0,2
0;4;5;6;10;11,I;aVL;aVF;V1;V5;V6,6,0.8,1,0,1,0,2
0;4;5;6;10;11,I;aVL;aVF;V1;V5;V6,6,0.9,1,0,0,0,1
0;4;5;6;11,I;aVL;aVF;V1;V6,5,0.5,1,1,1,0,3
0;4;5;6;11,I;aVL;aVF;V1;V6,5,0.6,1,1,1,0,3
0;4;5;6;11,I;aVL;aVF;V1;V6,5,0.7,1,0,1,0,2
0;4;5;6;11,I;aVL;aVF;V1;V6,5,0.8,1,0,1,0,2
0;4;5;6;11,I;aVL;aVF;V1;V6,5,0.9,1,0,0,0,1
0;4;5;7,I;aVL;aVF;V2,4,0.5,1,1,1,0,3
0;4;5;7,I;aVL;aVF;V2,4,0.6,1,0,1,0,2
0;4;5;7,I;aVL;aVF;V2,4,0.7,1,0,1,0,2
0;4;5;7,I;aVL;aVF;V2,4,0.8,1,0,1,0,2
0;4;5;7,I;aVL;aVF;V2,4,0.9,1,0,0,0,1
0;4;5;7;8,I;aVL;aVF;V2;V3,5,0.5,1,1,1,0,3
0;4;5;7;8,I;aVL;aVF;V2;V3,5,0.6,1,1,1,0,3
0;4;5;7;8,I;aVL;aVF;V2;V3,5,0.7,1,0,1,0,2
0;4;5;7;8,I;aVL;aVF;V2;V3,5,0.8,1,0,0,0,1
0;4;5;7;8,I;aVL;aVF;V2;V3,5,0.9,1,0,0,0,1
0;4;5;7;8;9,I;aVL;aVF;V2;V3;V4,6,0.5,1,1,1,0,3
0;4;5;7;8;9,I;aVL;aVF;V2;V3;V4,6,0.6,1,1,1,0,3
0;4;5;7;8;9,I;aVL;aVF;V2;V3;V4,6,0.7,1,0,1,0,2
0;4;5;7;8;9,I;aVL;aVF;V2;V3;V4,6,0.8,1,0,1,0,2
0;4;5;7;8;9,I;aVL;aVF;V2;V3;V4,6,0.9,1,0,0,0,1
0;4;5;7;8;9;10,I;aVL;aVF;V2;V3;V4;V5,7,0.5,1,1,1,0,3
0;4;5;7;8;9;10,I;aVL;aVF;V2;V3;V4;V5,7,0.6,1,0,1,0,2
0;4;5;7;8;9;10,I;aVL;aVF;V2;V3;V4;V5,7,0.7,1,0,1,0,2
0;4;5;7;8;9;10,I;aVL;aVF;V2;V3;V4;V5,7,0.8,1,0,1,0,2
0;4;5;7;8;9;10,I;aVL;aVF;V2;V3;V4;V5,7,0.9,1,0,0,0,1
0;4;5;7;8;9;10;11,I;aVL;aVF;V2;V3;V4;V5;V6,8,0.5,1,1,1,0,3
0;4;5;7;8;9;10;11,I;aVL;aVF;V2;V3;V4;V5;V6,8,0.6,1,0,1,0,2
0;4;5;7;8;9;10;11,I;aVL;aVF;V2;V3;V4;V5;V6,8,0.7,1,0,1,0,2
0;4;5;7;8;9;10;11,I;aVL;aVF;V2;V3;V4;V5;V6,8,0.8,1,0,1,0,2
0;4;5;7;8;9;10;11,I;aVL;aVF;V2;V3;V4;V5;V6,8,0.9,1,0,0,0,1
0;4;5;7;8;9;11,I;aVL;aVF;V2;V3;V4;V6,7,0.5,1,1,1,0,3
0;4;5;7;8;9;11,I;aVL;aVF;V2;V3;V4;V6,7,0.6,1,0,1,0,2
0;4;5;7;8;9;11,I;aVL;aVF;V2;V3;V4;V6,7,0.7,1,0,1,0,2
0;4;5;7;8;9;11,I;aVL;aVF;V2;V3;V4;V6,7,0.8,1,0,0,0,1
0;4;5;7;8;9;11,I;aVL;aVF;V2;V3;V4;V6,7,0.9,1,0,0,0,1
0;4;5;7;8;10,I;aVL;aVF;V2;V3;V5,6,0.5,1,1,1,0,3
0;4;5;7;8;10,I;aVL;aVF;V2;V3;V5,6,0.6,1,1,1,0,3
0;4;5;7;8;10,I;aVL;aVF;V2;V3;V5,6,0.7,1,0,1,0,2
0;4;5;7;8;10,I;aVL;aVF;V2;V3;V5,6,0.8,1,0,1,0,2
0;4;5;7;8;10,I;aVL;aVF;V2;V3;V5,6,0.9,1,0,0,0,1
0;4;5;7;8;10;11,I;aVL;aVF;V2;V3;V5;V6,7,0.5,1,1,1,0,3
0;4;5;7;8;10;11,I;aVL;aVF;V2;V3;V5;V6,7,0.6,1,0,1,0,2
0;4;5;7;8;10;11,I;aVL;aVF;V2;V3;V5;V6,7,0.7,1,0,1,0,2
0;4;5;7;8;10;11,I;aVL;aVF;V2;V3;V5;V6,7,0.8,1,0,0,0,1
0;4;5;7;8;10;11,I;aVL;aVF;V2;V3;V5;V6,7,0.9,1,0,0,0,1
0;4;5;7;8;11,I;aVL;aVF;V2;V3;V6,6,0.5,1,1,1,0,3
0;4;5;7;8;11,I;aVL;aVF;V2;V3;V6,6,0.6,1,0,1,0,2
0;4;5;7;8;11,I;aVL;aVF;V2;V3;V6,6,0.7,1,0,1,0,2
0;4;5;7;8;11,I;aVL;aVF;V2;V3;V6,6,0.8,1,0,0,0,1
0;4;5;7;8;11,I;aVL;aVF;V2;V3;V6,6,0.9,1,0,0,0,1
0;4;5;7;9,I;aVL;aVF;V2;V4,5,0.5,1,1,1,0,3
0;4;5;7;9,I;aVL;aVF;V2;V4,5,0.6,1,1,1,0,3
0;4;5;7;9,I;aVL;aVF;V2;V4,5,0.7,1,0,1,0,2
0;4;5;7;9,I;aVL;aVF;V2;V4,5,0.8,1,0,1,0,2
0;4;5;7;9,I;aVL;aVF;V2;V4,5,0.9,1,0,0,0,1
0;4;5;7;9;10,I;aVL;aVF;V2;V4;V5,6,0.5,1,1,1,0,3
0;4;5;7;9;10,I;aVL;aVF;V2;V4;V5,6,0.6,1,1,1,0,3
0;4;5;7;9;10,I;aVL;aVF;V2;V4;V5,6,0.7,1,0,1,0,2
0;4;5;7;9;10,I;aVL;aVF;V2;V4;V5,6,0.8,1,0,1,0,2
0;4;5;7;9;10,I;aVL;aVF;V2;V4;V5,6,0.9,1,0,0,0,1
0;4;5;7;9;10;11,I;aVL;aVF;V2;V4;V5;V6,7,0.5,1,1,1,0,3
0;4;5;7;9;10;11,I;aVL;aVF;V2;V4;V5;V6,7,0.6,1,0,1,0,2
0;4;5;7;9;10;11,I;aVL;aVF;V2;V4;V5;V6,7,0.7,1,0,1,0,2
0;4;5;7;9;10;11,I;aVL;aVF;V2;V4;V5;V6,7,0.8,1,0,0,0,1
0;4;5;7;9;10;11,I;aVL;aVF;V2;V4;V5;V6,7,0.9,1,0,0,0,1
0;4;5;7;9;11,I;aVL;aVF;V2;V4;V6,6,0.5,1,1,1,0,3
0;4;5;7;9;11,I;aVL;aVF;V2;V4;V6,6,0.6,1,0,1,0,2
0;4;5;7;9;11,I;aVL;aVF;V2;V4;V6,6,0.7,1,0,1,0,2
0;4;5;7;9;11,I;aVL;aVF;V2;V4;V6,6,0.8,1,0,0,0,1
0;4;5;7;9;11,I;aVL;aVF;V2;V4;V6,6,0.9,1,0,0,0,1
0;4;5;7;10,I;aVL;aVF;V2;V5,5,0.5,1,1,1,0,3
0;4;5;7;10,I;aVL;aVF;V2;V5,5,0.6,1,1,1,0,3
0;4;5;7;10,I;aVL;aVF;V2;V5,5,0.7,1,0,1,0,2
0;4;5;7;10,I;aVL;aVF;V2;V5,5,0.8,1,0,0,0,1
0;4;5;7;10,I;aVL;aVF;V2;V5,5,0.9,1,0,0,0,1
0;4;5;7;10;11,I;aVL;aVF;V2;V5;V6,6,0.5,1,1,1,0,3
0;4;5;7;10;11,I;aVL;aVF;V2;V5;V6,6,0.6,1,0,1,0,2
0;4;5;7;10;11,I;aVL;aVF;V2;V5;V6,6,0.7,1,0,1,0,2
0;4;5;7;10;11,I;aVL;aVF;V2;V5;V6,6,0.8,1,0,0,0,1
0;4;5;7;10;11,I;aVL;aVF;V2;V5;V6,6,0.9,1,0,0,0,1
0;4;5;7;11,I;aVL;aVF;V2;V6,5,0.5,1,1,1,0,3
0;4;5;7;11,I;aVL;aVF;V2;V6,5,0.6,1,0,1,0,2
0;4;5;7;11,I;aVL;aVF;V2;V6,5,0.7,1,0,1,0,2
0;4;5;7;11,I;aVL;aVF;V2;V6,5,0.8,1,0,1,0,2
0;4;5;7;11,I;aVL;aVF;V2;V6,5,0.9,1,0,0,0,1
0;4;5;8,I;aVL;aVF;V3,4,0.5,1,1,1,0,3
0;4;5;8,I;aVL;aVF;V3,4,0.6,1,0,1,0,2
0;4;5;8,I;aVL;aVF;V3,4,0.7,1,0,1,0,2
0;4;5;8,I;aVL;aVF;V3,4,0.8,1,0,0,0,1
0;4;5;8,I;aVL;aVF;V3,4,0.9,1,0,0,0,1
0;4;5;8;9,I;aVL;aVF;V3;V4,5,0.5,1,1,1,0,3
0;4;5;8;9,I;aVL;aVF;V3;V4,5,0.6,1,1,1,0,3
0;4;5;8;9,I;aVL;aVF;V3;V4,5,0.7,1,0,1,0,2
0;4;5;8;9,I;aVL;aVF;V3;V4,5,0.8,1,0,0,0,1
0;4;5;8;9,I;aVL;aVF;V3;V4,5,0.9,1,0,0,0,1
0;4;5;8;9;10,I;aVL;aVF;V3;V4;V5,6,0.5,1,1,1,0,3
0;4;5;8;9;10,I;aVL;aVF;V3;V4;V5,6,0.6,1,0,1,0,2
0;4;5;8;9;10,I;aVL;aVF;V3;V4;V5,6,0.7,1,0,1,0,2
0;4;5;8;9;10,I;aVL;aVF;V3;V4;V5,6,0.8,1,0,0,0,1
0;4;5;8;9;10,I;aVL;aVF;V3;V4;V5,6,0.9,1,0,0,0,1
0;4;5;8;9;10;11,I;aVL;aVF;V3;V4;V5;V6,7,0.5,1,1,1,0,3
0;4;5;8;9;10;11,I;aVL;aVF;V3;V4;V5;V6,7,0.6,1,0,1,0,2
0;4;5;8;9;10;11,I;aVL;aVF;V3;V4;V5;V6,7,0.7,1,0,1,0,2
0;4;5;8;9;10;11,I;aVL;aVF;V3;V4;V5;V6,7,0.8,1,0,0,0,1
0;4;5;8;9;10;11,I;aVL;aVF;V3;V4;V5;V6,7,0.9,1,0,0,0,1
0;4;5;8;9;11,I;aVL;aVF;V3;V4;V6,6,0.5,1,1,1,0,3
0;4;5;8;9;11,I;aVL;aVF;V3;V4;V6,6,0.6,1,0,1,0,2
0;4;5;8;9;11,I;aVL;aVF;V3;V4;V6,6,0.7,1,0,1,0,2
0;4;5;8;9;11,I;aVL;aVF;V3;V4;V6,6,0.8,1,0,0,0,1
0;4;5;8;9;11,I;aVL;aVF;V3;V4;V6,6,0.9,1,0,0,0,1
0;4;5;8;10,I;aVL;aVF;V3;V5,5,0.5,1,1,1,0,3
0;4;5;8;10,I;aVL;aVF;V3;V5,5,0.6,1,1,1,0,3
0;4;5;8;10,I;aVL;aVF;V3;V5,5,0.7,1,0,1,0,2
0;4;5;8;10,I;aVL;aVF;V3;V5,5,0.8,1,0,0,0,1
0;4;5;8;10,I;aVL;aVF;V3;V5,5,0.9,1,0,0,0,1
0;4;5;8;10;11,I;aVL;aVF;V3;V5;V6,6,0.5,1,1,1,0,3
0;4;5;8;10;11,I;aVL;aVF;V3;V5;V6,6,0.6,1,0,1,0,2
0;4;5;8;10;11,I;aVL;aVF;V3;V5;V6,6,0.7,1,0,1,0,2
0;4;5;8;10;11,I;aVL;aVF;V3;V5;V6,6,0.8,1,0,0,0,1
0;4;5;8;10;11,I;aVL;aVF;V3;V5;V6,6,0.9,1,0,0,0,1
0;4;5;8;11,I;aVL;aVF;V3;V6,5,0.5,1,1,1,0,3
0;4;5;8;11,I;aVL;aVF;V3;V6,5,0.6,1,0,1,0,2
0;4;5;8;11,I;aVL;aVF;V3;V6,5,0.7,1,0,1,0,2
0;4;5;8;11,I;aVL;aVF;V3;V6,5,0.8,1,0,0,0,1
0;4;5;8;11,I;aVL;aVF;V3;V6,5,0.9,1,0,0,0,1
0;4;5;9,I;aVL;aVF;V4,4,0.5,1,1,1,0,3
0;4;5;9,I;aVL;aVF;V4,4,0.6,1,1,1,0,3
0;4;5;9,I;aVL;aVF;V4,4,0.7,1,0,1,0,2
0;4;5;9,I;aVL;aVF;V4,4,0.8,1,0,1,0,2
0;4;5;9,I;aVL;aVF;V4,4,0.9,1,0,0,0,1
0;4;5;9;10,I;aVL;aVF;V4;V5,5,0.5,1,1,1,0,3
0;4;5;9;10,I;aVL;aVF;V4;V5,5,0.6,1,0,1,0,2
0;4;5;9;10,I;aVL;aVF;V4;V5,5,0.7,1,0,1,0,2
0;4;5;9;10,I;aVL;aVF;V4;V5,5,0.8,1,0,1,0,2
0;4;5;9;10,I;aVL;aVF;V4;V5,5,0.9,1,0,0,0,1
0;4;5;9;10;11,I;aVL;aVF;V4;V5;V6,6,0.5,1,1,1,0,3
0;4;5;9;10;11,I;aVL;aVF;V4;V5;V6,6,0.6,1,0,1,0,2
0;4;5;9;10;11,I;aVL;aVF;V4;V5;V6,6,0.7,1,0,1,0,2
0;4;5;9;10;11,I;aVL;aVF;V4;V5;V6,6,0.8,1,0,0,0,1
0;4;5;9;10;11,I;aVL;aVF;V4;V5;V6,6,0.9,1,0,0,0,1
0;4;5;9;11,I;aVL;aVF;V4;V6,5,0.5,1,1,1,0,3
0;4;5;9;11,I;aVL;aVF;V4;V6,5,0.6,1,0,1,0,2
0;4;5;9;11,I;aVL;aVF;V4;V6,5,0.7,1,0,1,0,2
0;4;5;9;11,I;aVL;aVF;V4;V6,5,0.8,1,0,0,0,1
0;4;5;9;11,I;aVL;aVF;V4;V6,5,0.9,1,0,0,0,1
0;4;5;10,I;aVL;aVF;V5,4,0.5,1,1,1,0,3
0;4;5;10,I;aVL;aVF;V5,4,0.6,1,0,1,0,2
0;4;5;10,I;aVL;aVF;V5,4,0.7,1,0,1,0,2
0;4;5;10,I;aVL;aVF;V5,4,0.8,1,0,0,0,1
0;4;5;10,I;aVL;aVF;V5,4,0.9,1,0,0,0,1
0;4;5;10;11,I;aVL;aVF;V5;V6,5,0.5,1,1,1,0,3
0;4;5;10;11,I;aVL;aVF;V5;V6,5,0.6,1,1,1,0,3
0;4;5;10;11,I;aVL;aVF;V5;V6,5,0.7,1,0,1,0,2
0;4;5;10;11,I;aVL;aVF;V5;V6,5,0.8,1,0,0,0,1
0;4;5;10;11,I;aVL;aVF;V5;V6,5,0.9,1,0,0,0,1
0;4;5;11,I;aVL;aVF;V6,4,0.5,1,1,1,0,3
0;4;5;11,I;aVL;aVF;V6,4,0.6,1,1,1,0,3
0;4;5;11,I;aVL;aVF;V6,4,0.7,1,0,1,0,2
0;4;5;11,I;aVL;aVF;V6,4,0.8,1,0,0,0,1
0;4;5;11,I;aVL;aVF;V6,4,0.9,1,0,0,0,1
0;4;6,I;aVL;V1,4,0.5,1,1,1,0,3
0;4;6,I;aVL;V1,4,0.6,1,0,1,0,2
0;4;6,I;aVL;V1,4,0.7,1,0,1,0,2
0;4;6,I;aVL;V1,4,0.8,1,0,1,0,2
0;4;6,I;aVL;V1,4,0.9,1,0,0,0,1
0;4;6;7,I;aVL;V1;V2,5,0.5,1,1,1,0,3
0;4;6;7,I;aVL;V1;V2,5,0.6,1,1,1,0,3
0;4;6;7,I;aVL;V1;V2,5,0.7,1,0,1,0,2
0;4;6;7,I;aVL;V1;V2,5,0.8,1,0,1,0,2
0;4;6;7,I;aVL;V1;V2,5,0.9,1,0,0,0,1
0;4;6;7;8,I;aVL;V1;V2;V3,6,0.5,1,1,1,0,3
0;4;6;7;8,I;aVL;V1;V2;V3,6,0.6,1,0,1,0,2
0;4;6;7;8,I;aVL;V1;V2;V3,6,0.7,1,0,1,0,2
0;4;6;7;8,I;aVL;V1;V2;V3,6,0.8,1,0,1,0,2
0;4;6;7;8,I;aVL;V1;V2;V3,6,0.9,1,0,0,0,1
0;4;6;7;8;9,I;aVL;V1;V2;V3;V4,7,0.5,1,1,1,0,3
0;4;6;7;8;9,I;aVL;V1;V2;V3;V4,7,0.6,1,0,1,0,2
0;4;6;7;8;9,I;aVL;V1;V2;V3;V4,7,0.7,1,0,1,0,2
0;4;6;7;8;9,I;aVL;V1;V2;V3;V4,7,0.8,1,0,1,0,2
0;4;6;7;8;9,I;aVL;V1;V2;V3;V4,7,0.9,1,0,0,0,1
0;4;6;7;8;9;10,I;aVL;V1;V2;V3;V4;V5,8,0.5,1,1,1,0,3
0;4;6;7;8;9;10,I;aVL;V1;V2;V3;V4;V5,8,0.6,1,1,1,0,3
0;4;6;7;8;9;10,I;aVL;V1;V2;V3;V4;V5,8,0.7,1,0,1,0,2
0;4;6;7;8;9;10,I;aVL;V1;V2;V3;V4;V5,8,0.8,1,0,1,0,2
0;4;6;7;8;9;10,I;aVL;V1;V2;V3;V4;V5,8,0.9,1,0,0,0,1
0;4;6;7;8;9;10;11,I;aVL;V1;V2;V3;V4;V5;V6,9,0.5,1,1,1,0,3
0;4;6;7;8;9;10;11,I;aVL;V1;V2;V3;V4;V5;V6,9,0.6,1,0,1,0,2
0;4;6;7;8;9;10;11,I;aVL;V1;V2;V3;V4;V5;V6,9,0.7,1,0,1,0,2
0;4;6;7;8;9;10;11,I;aVL;V1;V2;V3;V4;V5;V6,9,0.8,1,0,1,0,2
0;4;6;7;8;9;10;11,I;aVL;V1;V2;V3;V4;V5;V6,9,0.9,1,0,0,0,1
0;4;6;7;8;9;11,I;aVL;V1;V2;V3;V4;V6,8,0.5,1,1,1,0,3
0;4;6;7;8;9;11,I;aVL;V1;V2;V3;V4;V6,8,0.6,1,0,1,0,2
0;4;6;7;8;9;11,I;aVL;V1;V2;V3;V4;V6,8,0.7,1,0,1,0,2
0;4;6;7;8;9;11,I;aVL;V1;V2;V3;V4;V6,8,0.8,1,0,1,0,2
0;4;6;7;8;9;11,I;aVL;V1;V2;V3;V4;V6,8,0.9,1,0,0,0,1
0;4;6;7;8;10,I;aVL;V1;V2;V3;V5,7,0.5,1,1,1,0,3
0;4;6;7;8;10,I;aVL;V1;V2;V3;V5,7,0.6,1,0,1,0,2
0;4;6;7;8;10,I;aVL;V1;V2;V3;V5,7,0.7,1,0,1,0,2
0;4;6;7;8;10,I;aVL;V1;V2;V3;V5,7,0.8,1,0,1,0,2
0;4;6;7;8;10,I;aVL;V1;V2;V3;V5,7,0.9,1,0,0,0,1
0;4;6;7;8;10;11,I;aVL;V1;V2;V3;V5;V6,8,0.5,1,1,1,0,3
0;4;6;7;8;10;11,I;aVL;V1;V2;V3;V5;V6,8,0.6,1,0,1,0,2
0;4;6;7;8;10;11,I;aVL;V1;V2;V3;V5;V6,8,0.7,1,0,1,0,2
0;4;6;7;8;10;11,I;aVL;V1;V2;V3;V5;V6,8,0.8,1,0,1,0,2
0;4;6;7;8;10;11,I;aVL;V1;V2;V3;V5;V6,8,0.9,1,0,0,0,1
0;4;6;7;8;11,I;aVL;V1;V2;V3;V6,7,0.5,1,1,1,0,3
0;4;6;7;8;11,I;aVL;V1;V2;V3;V6,7,0.6,1,1,1,0,3
0;4;6;7;8;11,I;aVL;V1;V2;V3;V6,7,0.7,1,0,1,0,2
0;4;6;7;8;11,I;aVL;V1;V2;V3;V6,7,0.8,1,0,1,0,2
0;4;6;7;8;11,I;aVL;V1;V2;V3;V6,7,0.9,1,0,0,0,1
0;4;6;7;9,I;aVL;V1;V2;V4,6,0.5,1,1,1,0,3
0;4;6;7;9,I;aVL;V1;V2;V4,6,0.6,1,1,1,0,3
0;4;6;7;9,I;aVL;V1;V2;V4,6,0.7,1,0,1,0,2
0;4;6;7;9,I;aVL;V1;V2;V4,6,0.8,1,0,1,0,2
0;4;6;7;9,I;aVL;V1;V2;V4,6,0.9,1,0,0,0,1
0;4;6;7;9;10,I;aVL;V1;V2;V4;V5,7,0.5,1,1,1,0,3
0;4;6;7;9;10,I;aVL;V1;V2;V4;V5,7,0.6,1,0,1,0,2
0;4;6;7;9;10,I;aVL;V1;V2;V4;V5,7,0.7,1,0,1,0,2
0;4;6;7;9;10,I;aVL;V1;V2;V4;V5,7,0.8,1,0,1,0,2
0;4;6;7;9;10,I;aVL;V1;V2;V4;V5,7,0.9,1,0,0,0,1
0;4;6;7;9;10;11,I;aVL;V1;V2;V4;V5;V6,8,0.5,1,1,1,0,3
0;4;6;7;9;10;11,I;aVL;V1;V2;V4;V5;V6,8,0.6,1,0,1,0,2
0;4;6;7;9;10;11,I;aVL;V1;V2;V4;V5;V6,8,0.7,1,0,1,0,2
0;4;6;7;9;10;11,I;aVL;V1;V2;V4;V5;V6,8,0.8,1,0,1,0,2
0;4;6;7;9;10;11,I;aVL;V1;V2;V4;V5;V6,8,0.9,1,0,0,0,1
0;4;6;7;9;11,I;aVL;V1;V2;V4;V6,7,0.5,1,1,1,0,3
0;4;6;7;9;11,I;aVL;V1;V2;V4;V6,7,0.6,1,0,1,0,2
0;4;6;7;9;11,I;aVL;V1;V2;V4;V6,7,0.7,1,0,1,0,2
0;4;6;7;9;11,I;aVL;V1;V2;V4;V6,7,0.8,1,0,1,0,2
0;4;6;7;9;11,I;aVL;V1;V2;V4;V6,7,0.9,1,0,0,0,1
0;4;6;7;10,I;aVL;V1;V2;V5,6,0.5,1,1,1,0,3
0;4;6;7;10,I;aVL;V1;V2;V5,6,0.6,1,0,1,0,2
0;4;6;7;10,I;aVL;V1;V2;V5,6,0.7,1,0,1,0,2
0;4;6;7;10,I;aVL;V1;V2;V5,6,0.8,1,0,1,0,2
0;4;6;7;10,I;aVL;V1;V2;V5,6,0.9,1,0,0,0,1
0;4;6;7;10;11,I;aVL;V1;V2;V5;V6,7,0.5,1,1,1,0,3
0;4;6;7;10;11,I;aVL;V1;V2;V5;V6,7,0.6,1,0,1,0,2
0;4;6;7;10;11,I;aVL;V1;V2;V5;V6,7,0.7,1,0,1,0,2
0;4;6;7;10;11,I;aVL;V1;V2;V5;V6,7,0.8,1,0,1,0,2
0;4;6;7;10;11,I;aVL;V1;V2;V5;V6,7,0.9,1,0,0,0,1
0;4;6;7;11,I;aVL;V1;V2;V6,6,0.5,1,1,1,0,3
0;4;6;7;11,I;aVL;V1;V2;V6,6,0.6,1,0,1,0,2
0;4;6;7;11,I;aVL;V1;V2;V6,6,0.7,1,0,1,0,2
0;4;6;7;11,I;aVL;V1;V2;V6,6,0.8,1,0,1,0,2
0;4;6;7;11,I;aVL;V1;V2;V6,6,0.9,1,0,0,0,1
0;4;6;8,I;aVL;V1;V3,5,0.5,1,1,1,0,3
0;4;6;8,I;aVL;V1;V3,5,0.6,1,1,1,0,3
0;4;6;8,I;aVL;V1;V3,5,0.7,1,0,1,0,2
0;4;6;8,I;aVL;V1;V3,5,0.8,1,0,1,0,2
0;4;6;8,I;aVL;V1;V3,5,0.9,1,0,0,0,1
0;4;6;8;9,I;aVL;V1;V3;V4,6,0.5,1,1,1,0,3
0;4;6;8;9,I;aVL;V1;V3;V4,6,0.6,1,0,1,0,2
0;4;6;8;9,I;aVL;V1;V3;V4,6,0.7,1,0,1,0,2
0;4;6;8;9,I;aVL;V1;V3;V4,6,0.8,1,0,1,0,2
0;4;6;8;9,I;aVL;V1;V3;V4,6,0.9,1,0,0,0,1
0;4;6;8;9;10,I;aVL;V1;V3;V4;V5,7,0.5,1,1,1,0,3
0;4;6;8;9;10,I;aVL;V1;V3;V4;V5,7,0.6,1,0,1,0,2
0;4;6;8;9;10,I;aVL;V1;V3;V4;V5,7,0.7,1,0,1,0,2
0;4;6;8;9;10,I;aVL;V1;V3;V4;V5,7,0.8,1,0,1,0,2
0;4;6;8;9;10,I;aVL;V1;V3;V4;V5,7,0.9,1,0,0,0,1
0;4;6;8;9;10;11,I;aVL;V1;V3;V4;V5;V6,8,0.5,1,1,1,0,3
0;4;6;8;9;10;11,I;aVL;V1;V3;V4;V5;V6,8,0.6,1,0,1,0,2
0;4;6;8;9;10;11,I;aVL;V1;V3;V4;V5;V6,8,0.7,1,0,1,0,2
0;4;6;8;9;10;11,I;aVL;V1;V3;V4;V5;V6,8,0.8,1,0,1,0,2
0;4;6;8;9;10;11,I;aVL;V1;V3;V4;V5;V6,8,0.9,1,0,0,0,1
0;4;6;8;9;11,I;aVL;V1;V3;V4;V6,7,0.5,1,1,1,0,3
0;4;6;8;9;11,I;aVL;V1;V3;V4;V6,7,0.6,1,1,1,0,3
0;4;6;8;9;11,I;aVL;V1;V3;V4;V6,7,0.7,1,0,1,0,2
0;4;6;8;9;11,I;aVL;V1;V3;V4;V6,7,0.8,1,0,1,0,2
0;4;6;8;9;11,I;aVL;V1;V3;V4;V6,7,0.9,1,0,0,0,1
0;4;6;8;10,I;aVL;V1;V3;V5,6,0.5,1,1,1,0,3
0;4;6;8;10,I;aVL;V1;V3;V5,6,0.6,1,0,1,0,2
0;4;6;8;10,I;aVL;V1;V3;V5,6,0.7,1,0,1,0,2
0;4;6;8;10,I;aVL;V1;V3;V5,6,0.8,1,0,1,0,2
0;4;6;8;10,I;aVL;V1;V3;V5,6,0.9,1,0,0,0,1
0;4;6;8;10;11,I;aVL;V1;V3;V5;V6,7,0.5,1,1,1,0,3
0;4;6;8;10;11,I;aVL;V1;V3;V5;V6,7,0.6,1,1,1,0,3
0;4;6;8;10;11,I;aVL;V1;V3;V5;V6,7,0.7,1,0,1,0,2
0;4;6;8;10;11,I;aVL;V1;V3;V5;V6,7,0.8,1,0,1,0,2
0;4;6;8;10;11,I;aVL;V1;V3;V5;V6,7,0.9,1,0,0,0,1
0;4;6;8;11,I;aVL;V1;V3;V6,6,0.5,1,1,1,0,3
0;4;6;8;11,I;aVL;V1;V3;V6,6,0.6,1,0,1,0,2
0;4;6;8;11,I;aVL;V1;V3;V6,6,0.7,1,0,1,0,2
0;4;6;8;11,I;aVL;V1;V3;V6,6,0.8,1,0,1,0,2
0;4;6;8;11,I;aVL;V1;V3;V6,6,0.9,1,0,0,0,1
0;4;6;9,I;aVL;V1;V4,5,0.5,1,1,1,0,3
0;4;6;9,I;aVL;V1;V4,5,0.6,1,1,1,0,3
0;4;6;9,I;aVL;V1;V4,5,0.7,1,0,1,0,2
0;4;6;9,I;aVL;V1;V4,5,0.8,1,0,1,0,2
0;4;6;9,I;aVL;V1;V4,5,0.9,1,0,0,0,1
0;4;6;9;10,I;aVL;V1;V4;V5,6,0.5,1,1,1,0,3
0;4;6;9;10,I;aVL;V1;V4;V5,6,0.6,1,1,1,0,3
0;4;6;9;10,I;aVL;V1;V4;V5,6,0.7,1,0,1,0,2
0;4;6;9;10,I;aVL;V1;V4;V5,6,0.8,1,0,1,0,2
0;4;6;9;10,I;aVL;V1;V4;V5,6,0.9,1,0,0,0,1
0;4;6;9;10;11,I;aVL;V1;V4;V5;V6,7,0.5,1,1,1,0,3
0;4;6;9;10;11,I;aVL;V1;V4;V5;V6,7,0.6,1,0,1,0,2
0;4;6;9;10;11,I;aVL;V1;V4;V5;V6,7,0.7,1,0,1,0,2
0;4;6;9;10;11,I;aVL;V1;V4;V5;V6,7,0.8,1,0,1,0,2
0;4;6;9;10;11,I;aVL;V1;V4;V5;V6,7,0.9,1,0,0,0,1
0;4;6;9;11,I;aVL;V1;V4;V6,6,0.5,1,1,1,0,3
0;4;6;9;11,I;aVL;V1;V4;V6,6,0.6,1,0,1,0,2
0;4;6;9;11,I;aVL;V1;V4;V6,6,0.7,1,0,1,0,2
0;4;6;9;11,I;aVL;V1;V4;V6,6,0.8,1,0,1,0,2
0;4;6;9;11,I;aVL;V1;V4;V6,6,0.9,1,0,0,0,1
0;4;6;10,I;aVL;V1;V5,5,0.5,1,1,1,0,3
0;4;6;10,I;aVL;V1;V5,5,0.6,1,1,1,0,3
0;4;6;10,I;aVL;V1;V5,5,0.7,1,0,1,0,2
0;4;6;10,I;aVL;V1;V5,5,0.8,1,0,1,0,2
0;4;6;10,I;aVL;V1;V5,5,0.9,1,0,0,0,1
0;4;6;10;11,I;aVL;V1;V5;V6,6,0.5,1,1,1,0,3
0;4;6;10;11,I;aVL;V1;V5;V6,6,0.6,1,1,1,0,3
0;4;6;10;11,I;aVL;V1;V5;V6,6,0.7,1,0,1,0,2
0;4;6;10;11,I;aVL;V1;V5;V6,6,0.8,1,0,1,0,2
0;4;6;10;11,I;aVL;V1;V5;V6,6,0.9,1,0,0,0,1
0;4;6;11,I;aVL;V1;V6,5,0.5,1,1,1,0,3
0;4;6;11,I;aVL;V1;V6,5,0.6,1,1,1,0,3
0;4;6;11,I;aVL;V1;V6,5,0.7,1,0,1,0,2
0;4;6;11,I;aVL;V1;V6,5,0.8,1,0,1,0,2
0;4;6;11,I;aVL;V1;V6,5,0.9,1,0,0,0,1
0;4;7,I;aVL;V2,4,0.5,1,1,1,0,3
0;4;7,I;aVL;V2,4,0.6,1,0,1,0,2
0;4;7,I;aVL;V2,4,0.7,1,0,1,0,2
0;4;7,I;aVL;V2,4,0.8,1,0,1,0,2
0;4;7,I;aVL;V2,4,0.9,1,0,0,0,1
0;4;7;8,I;aVL;V2;V3,5,0.5,1,1,1,0,3
0;4;7;8,I;aVL;V2;V3,5,0.6,1,0,1,0,2
0;4;7;8,I;aVL;V2;V3,5,0.7,1,0,1,0,2
0;4;7;8,I;aVL;V2;V3,5,0.8,1,0,0,0,1
0;4;7;8,I;aVL;V2;V3,5,0.9,1,0,0,0,1
0;4;7;8;9,I;aVL;V2;V3;V4,6,0.5,1,1,1,0,3
0;4;7;8;9,I;aVL;V2;V3;V4,6,0.6,1,0,1,0,2
0;4;7;8;9,I;aVL;V2;V3;V4,6,0.7,1,0,1,0,2
0;4;7;8;9,I;aVL;V2;V3;V4,6,0.8,1,0,1,0,2
0;4;7;8;9,I;aVL;V2;V3;V4,6,0.9,1,0,0,0,1
0;4;7;8;9;10,I;aVL;V2;V3;V4;V5,7,0.5,1,1,1,0,3
0;4;7;8;9;10,I;aVL;V2;V3;V4;V5,7,0.6,1,0,1,0,2
0;4;7;8;9;10,I;aVL;V2;V3;V4;V5,7,0.7,1,0,1,0,2
0;4;7;8;9;10,I;aVL;V2;V3;V4;V5,7,0.8,1,0,1,0,2
0;4;7;8;9;10,I;aVL;V2;V3;V4;V5,7,0.9,1,0,0,0,1
0;4;7;8;9;10;11,I;aVL;V2;V3;V4;V5;V6,8,0.5,1,1,1,0,3
0;4;7;8;9;10;11,I;aVL;V2;V3;V4;V5;V6,8,0.6,1,1,1,0,3
0;4;7;8;9;10;11,I;aVL;V2;V3;V4;V5;V6,8,0.7,1,0,1,0,2
0;4;7;8;9;10;11,I;aVL;V2;V3;V4;V5;V6,8,0.8,1,0,1,0,2
0;4;7;8;9;10;11,I;aVL;V2;V3;V4;V5;V6,8,0.9,1,0,0,0,1
0;4;7;8;9;11,I;aVL;V2;V3;V4;V6,7,0.5,1,1,1,0,3
0;4;7;8;9;11,I;aVL;V2;V3;V4;V6,7,0.6,1,1,1,0,3
0;4;7;8;9;11,I;aVL;V2;V3;V4;V6,7,0.7,1,0,1,0,2
0;4;7;8;9;11,I;aVL;V2;V3;V4;V6,7,0.8,1,0,1,0,2
0;4;7;8;9;11,I;aVL;V2;V3;V4;V6,7,0.9,1,0,0,0,1
0;4;7;8;10,I;aVL;V2;V3;V5,6,0.5,1,1,1,0,3
0;4;7;8;10,I;aVL;V2;V3;V5,6,0.6,1,0,1,0,2
0;4;7;8;10,I;aVL;V2;V3;V5,6,0.7,1,0,1,0,2
0;4;7;8;10,I;aVL;V2;V3;V5,6,0.8,1,0,1,0,2
0;4;7;8;10,I;aVL;V2;V3;V5,6,0.9,1,0,0,0,1
0;4;7;8;10;11,I;aVL;V2;V3;V5;V6,7,0.5,1,1,1,0,3
0;4;7;8;10;11,I;aVL;V2;V3;V5;V6,7,0.6,1,1,1,0,3
0;4;7;8;10;11,I;aVL;V2;V3;V5;V6,7,0.7,1,0,1,0,2
0;4;7;8;10;11,I;aVL;V2;V3;V5;V6,7,0.8,1,0,1,0,2
0;4;7;8;10;11,I;aVL;V2;V3;V5;V6,7,0.9,1,0,0,0,1
0;4;7;8;11,I;aVL;V2;V3;V6,6,0.5,1,1,1,0,3
0;4;7;8;11,I;aVL;V2;V3;V6,6,0.6,1,1,1,0,3
0;4;7;8;11,I;aVL;V2;V3;V6,6,0.7,1,0,1,0,2
0;4;7;8;11,I;aVL;V2;V3;V6,6,0.8,1,0,0,0,1
0;4;7;8;11,I;aVL;V2;V3;V6,6,0.9,1,0,0,0,1
0;4;7;9,I;aVL;V2;V4,5,0.5,1,1,1,0,3
0;4;7;9,I;aVL;V2;V4,5,0.6,1,1,1,0,3
0;4;7;9,I;aVL;V2;V4,5,0.7,1,0,1,0,2
0;4;7;9,I;aVL;V2;V4,5,0.8,1,0,1,0,2
0;4;7;9,I;aVL;V2;V4,5,0.9,1,0,0,0,1
0;4;7;9;10,I;aVL;V2;V4;V5,6,0.5,1,1,1,0,3
0;4;7;9;10,I;aVL;V2;V4;V5,6,0.6,1,1,1,0,3
0;4;7;9;10,I;aVL;V2;V4;V5,6,0.7,1,0,1,0,2
0;4;7;9;10,I;aVL;V2;V4;V5,6,0.8,1,0,1,0,2
0;4;7;9;10,I;aVL;V2;V4;V5,6,0.9,1,0,0,0,1
0;4;7;9;10;11,I;aVL;V2;V4;V5;V6,7,0.5,1,1,1,0,3
0;4;7;9;10;11,I;aVL;V2;V4;V5;V6,7,0.6,1,0,1,0,2
0;4;7;9;10;11,I;aVL;V2;V4;V5;V6,7,0.7,1,0,1,0,2
0;4;7;9;10;11,I;aVL;V2;V4;V5;V6,7,0.8,1,0,1,0,2
0;4;7;9;10;11,I;aVL;V2;V4;V5;V6,7,0.9,1,0,0,0,1
0;4;7;9;11,I;aVL;V2;V4;V6,6,0.5,1,1,1,0,3
0;4;7;9;11,I;aVL;V2;V4;V6,6,0.6,1,1,1,0,3
0;4;7;9;11,I;aVL;V2;V4;V6,6,0.7,1,0,1,0,2
0;4;7;9;11,I;aVL;V2;V4;V6,6,0.8,1,0,1,0,2
0;4;7;9;11,I;aVL;V2;V4;V6,6,0.9,1,0,0,0,1
0;4;7;10,I;aVL;V2;V5,5,0.5,1,1,1,0,3
0;4;7;10,I;aVL;V2;V5,5,0.6,1,0,1,0,2
0;4;7;10,I;aVL;V2;V5,5,0.7,1,0,1,0,2
0;4;7;10,I;aVL;V2;V5,5,0.8,1,0,0,0,1
0;4;7;10,I;aVL;V2;V5,5,0.9,1,0,0,0,1
0;4;7;10;11,I;aVL;V2;V5;V6,6,0.5,1,1,1,0,3
0;4;7;10;11,I;aVL;V2;V5;V6,6,0.6,1,1,1,0,3
0;4;7;10;11,I;aVL;V2;V5;V6,6,0.7,1,0,1,0,2
0;4;7;10;11,I;aVL;V2;V5;V6,6,0.8,1,0,1,0,2
0;4;7;10;11,I;aVL;V2;V5;V6,6,0.9,1,0,0,0,1
0;4;7;11,I;aVL;V2;V6,5,0.5,1,1,1,0,3
0;4;7;11,I;aVL;V2;V6,5,0.6,1,0,1,0,2
0;4;7;11,I;aVL;V2;V6,5,0.7,1,0,1,0,2
0;4;7;11,I;aVL;V2;V6,5,0.8,1,0,1,0,2
0;4;7;11,I;aVL;V2;V6,5,0.9,1,0,0,0,1
0;4;8,I;aVL;V3,4,0.5,1,1,1,0,3
0;4;8,I;aVL;V3,4,0.6,1,0,1,0,2
0;4;8,I;aVL;V3,4,0.7,1,0,1,0,2
0;4;8,I;aVL;V3,4,0.8,1,0,1,0,2
0;4;8,I;aVL;V3,4,0.9,1,0,0,0,1
0;4;8;9,I;aVL;V3;V4,5,0.5,1,1,1,0,3
0;4;8;9,I;aVL;V3;V4,5,0.6,1,0,1,0,2
0;4;8;9,I;aVL;V3;V4,5,0.7,1,0,1,0,2
0;4;8;9,I;aVL;V3;V4,5,0.8,1,0,0,0,1
0;4;8;9,I;aVL;V3;V4,5,0.9,1,0,0,0,1
0;4;8;9;10,I;aVL;V3;V4;V5,6,0.5,1,1,1,0,3
0;4;8;9;10,I;aVL;V3;V4;V5,6,0.6,1,1,1,0,3
0;4;8;9;10,I;aVL;V3;V4;V5,6,0.7,1,0,1,0,2
0;4;8;9;10,I;aVL;V3;V4;V5,6,0.8,1,0,1,0,2
0;4;8;9;10,I;aVL;V3;V4;V5,6,0.9,1,0,0,0,1
0;4;8;9;10;11,I;aVL;V3;V4;V5;V6,7,0.5,1,1,1,0,3
0;4;8;9;10;11,I;aVL;V3;V4;V5;V6,7,0.6,1,1,1,0,3
0;4;8;9;10;11,I;aVL;V3;V4;V5;V6,7,0.7,1,0,1,0,2
0;4;8;9;10;11,I;aVL;V3;V4;V5;V6,7,0.8,1,0,1,0,2
0;4;8;9;10;11,I;aVL;V3;V4;V5;V6,7,0.9,1,0,0,0,1
0;4;8;9;11,I;aVL;V3;V4;V6,6,0.5,1,1,1,0,3
0;4;8;9;11,I;aVL;V3;V4;V6,6,0.6,1,0,1,0,2
0;4;8;9;11,I;aVL;V3;V4;V6,6,0.7,1,0,1,0,2
0;4;8;9;11,I;aVL;V3;V4;V6,6,0.8,1,0,1,0,2
0;4;8;9;11,I;aVL;V3;V4;V6,6,0.9,1,0,0,0,1
0;4;8;10,I;aVL;V3;V5,5,0.5,1,1,1,0,3
0;4;8;10,I;aVL;V3;V5,5,0.6,1,0,1,0,2
0;4;8;10,I;aVL;V3;V5,5,0.7,1,0,1,0,2
0;4;8;10,I;aVL;V3;V5,5,0.8,1,0,0,0,1
0;4;8;10,I;aVL;V3;V5,5,0.9,1,0,0,0,1
0;4;8;10;11,I;aVL;V3;V5;V6,6,0.5,1,1,1,0,3
0;4;8;10;11,I;aVL;V3;V5;V6,6,0.6,1,0,1,0,2
0;4;8;10;11,I;aVL;V3;V5;V6,6,0.7,1,0,1,0,2
0;4;8;10;11,I;aVL;V3;V5;V6,6,0.8,1,0,1,0,2
0;4;8;10;11,I;aVL;V3;V5;V6,6,0.9,1,0,0,0,1
0;4;8;11,I;aVL;V3;V6,5,0.5,1,1,1,0,3
0;4;8;11,I;aVL;V3;V6,5,0.6,1,0,1,0,2
0;4;8;11,I;aVL;V3;V6,5,0.7,1,0,1,0,2
0;4;8;11,I;aVL;V3;V6,5,0.8,1,0,1,0,2
0;4;8;11,I;aVL;V3;V6,5,0.9,1,0,0,0,1
0;4;9,I;aVL;V4,4,0.5,1,1,1,0,3
0;4;9,I;aVL;V4,4,0.6,1,0,1,0,2
0;4;9,I;aVL;V4,4,0.7,1,0,1,0,2
0;4;9,I;aVL;V4,4,0.8,1,0,1,0,2
0;4;9,I;aVL;V4,4,0.9,1,0,0,0,1
0;4;9;10,I;aVL;V4;V5,5,0.5,1,1,1,0,3
0;4;9;10,I;aVL;V4;V5,5,0.6,1,0,1,0,2
0;4;9;10,I;aVL;V4;V5,5,0.7,1,0,1,0,2
0;4;9;10,I;aVL;V4;V5,5,0.8,1,0,0,0,1
0;4;9;10,I;aVL;V4;V5,5,0.9,1,0,0,0,1
0;4;9;10;11,I;aVL;V4;V5;V6,6,0.5,1,1,1,0,3
0;4;9;10;11,I;aVL;V4;V5;V6,6,0.6,1,0,1,0,2
0;4;9;10;11,I;aVL;V4;V5;V6,6,0.7,1,0,1,0,2
0;4;9;10;11,I;aVL;V4;V5;V6,6,0.8,1,0,0,0,1
0;4;9;10;11,I;aVL;V4;V5;V6,6,0.9,1,0,0,0,1
0;4;9;11,I;aVL;V4;V6,5,0.5,1,1,1,0,3
0;4;9;11,I;aVL;V4;V6,5,0.6,1,0,1,0,2
0;4;9;11,I;aVL;V4;V6,5,0.7,1,0,1,0,2
0;4;9;11,I;aVL;V4;V6,5,0.8,1,0,0,0,1
0;4;9;11,I;aVL;V4;V6,5,0.9,1,0,0,0,1
0;4;10,I;aVL;V5,4,0.5,1,1,1,0,3
0;4;10,I;aVL;V5,4,0.6,1,1,1,0,3
0;4;10,I;aVL;V5,4,0.7,1,0,1,0,2
0;4;10,I;aVL;V5,4,0.8,1,0,0,0,1
0;4;10,I;aVL;V5,4,0.9,1,0,0,0,1
0;4;10;11,I;aVL;V5;V6,5,0.5,1,1,1,0,3
0;4;10;11,I;aVL;V5;V6,5,0.6,1,1,1,0,3
0;4;10;11,I;aVL;V5;V6,5,0.7,1,0,1,0,2
0;4;10;11,I;aVL;V5;V6,5,0.8,1,0,0,0,1
0;4;10;11,I;aVL;V5;V6,5,0.9,1,0,0,0,1
0;4;11,I;aVL;V6,4,0.5,1,1,1,0,3
0;4;11,I;aVL;V6,4,0.6,1,1,1,0,3
0;4;11,I;aVL;V6,4,0.7,1,0,1,0,2
0;4;11,I;aVL;V6,4,0.8,1,0,0,0,1
0;4;11,I;aVL;V6,4,0.9,1,0,0,0,1
0;5,I;aVF,3,0.5,1,1,1,0,3
0;5,I;aVF,3,0.6,1,1,1,0,3
0;5,I;aVF,3,0.7,1,0,1,0,2
0;5,I;aVF,3,0.8,1,0,1,0,2
0;5,I;aVF,3,0.9,1,0,0,0,1
0;5;6,I;aVF;V1,4,0.5,1,1,1,0,3
0;5;6,I;aVF;V1,4,0.6,1,1,1,0,3
0;5;6,I;aVF;V1,4,0.7,1,0,1,0,2
0;5;6,I;aVF;V1,4,0.8,1,0,1,0,2
0;5;6,I;aVF;V1,4,0.9,1,0,0,0,1
0;5;6;7,I;aVF;V1;V2,5,0.5,1,1,1,0,3
0;5;6;7,I;aVF;V1;V2,5,0.6,1,1,1,0,3
0;5;6;7,I;aVF;V1;V2,5,0.7,1,0,1,0,2
0;5;6;7,I;aVF;V1;V2,5,0.8,1,0,1,0,2
0;5;6;7,I;aVF;V1;V2,5,0.9,1,0,0,0,1
0;5;6;7;8,I;aVF;V1;V2;V3,6,0.5,1,1,1,0,3
0;5;6;7;8,I;aVF;V1;V2;V3,6,0.6,1,1,1,0,3
0;5;6;7;8,I;aVF;V1;V2;V3,6,0.7,1,0,1,0,2
0;5;6;7;8,I;aVF;V1;V2;V3,6,0.8,1,0,1,0,2
0;5;6;7;8,I;aVF;V1;V2;V3,6,0.9,1,0,0,0,1
0;5;6;7;8;9,I;aVF;V1;V2;V3;V4,7,0.5,1,1,1,0,3
0;5;6;7;8;9,I;aVF;V1;V2;V3;V4,7,0.6,1,0,1,0,2
0;5;6;7;8;9,I;aVF;V1;V2;V3;V4,7,0.7,1,0,1,0,2
0;5;6;7;8;9,I;aVF;V1;V2;V3;V4,7,0.8,1,0,1,0,2
0;5;6;7;8;9,I;aVF;V1;V2;V3;V4,7,0.9,1,0,0,0,1
0;5;6;7;8;9;10,I;aVF;V1;V2;V3;V4;V5,8,0.5,1,1,1,0,3
0;5;6;7;8;9;10,I;aVF;V1;V2;V3;V4;V5,8,0.6,1,0,1,0,2
0;5;6;7;8;9;10,I;aVF;V1;V2;V3;V4;V5,8,0.7,1,0,1,0,2
0;5;6;7;8;9;10,I;aVF;V1;V2;V3;V4;V5,8,0.8,1,0,1,0,2
0;5;6;7;8;9;10,I;aVF;V1;V2;V3;V4;V5,8,0.9,1,0,0,0,1
0;5;6;7;8;9;10;11,I;aVF;V1;V2;V3;V4;V5;V6,9,0.5,1,1,1,0,3
0;5;6;7;8;9;10;11,I;aVF;V1;V2;V3;V4;V5;V6,9,0.6,1,0,1,0,2
0;5;6;7;8;9;10;11,I;aVF;V1;V2;V3;V4;V5;V6,9,0.7,1,0,1,0,2
0;5;6;7;8;9;10;11,I;aVF;V1;V2;V3;V4;V5;V6,9,0.8,1,0,1,0,2
0;5;6;7;8;9;10;11,I;aVF;V1;V2;V3;V4;V5;V6,9,0.9,1,0,0,0,1
0;5;6;7;8;9;11,I;aVF;V1;V2;V3;V4;V6,8,0.5,1,1,1,0,3
0;5;6;7;8;9;11,I;aVF;V1;V2;V3;V4;V6,8,0.6,1,0,1,0,2
0;5;6;7;8;9;11,I;aVF;V1;V2;V3;V4;V6,8,0.7,1,0,1,0,2
0;5;6;7;8;9;11,I;aVF;V1;V2;V3;V4;V6,8,0.8,1,0,1,0,2
0;5;6;7;8;9;11,I;aVF;V1;V2;V3;V4;V6,8,0.9,1,0,0,0,1
0;5;6;7;8;10,I;aVF;V1;V2;V3;V5,7,0.5,1,1,1,0,3
0;5;6;7;8;10,I;aVF;V1;V2;V3;V5,7,0.6,1,0,1,0,2
0;5;6;7;8;10,I;aVF;V1;V2;V3;V5,7,0.7,1,0,1,0,2
0;5;6;7;8;10,I;aVF;V1;V2;V3;V5,7,0.8,1,0,1,0,2
0;5;6;7;8;10,I;aVF;V1;V2;V3;V5,7,0.9,1,0,0,0,1
0;5;6;7;8;10;11,I;aVF;V1;V2;V3;V5;V6,8,0.5,1,1,1,0,3
0;5;6;7;8;10;11,I;aVF;V1;V2;V3;V5;V6,8,0.6,1,1,1,0,3
0;5;6;7;8;10;11,I;aVF;V1;V2;V3;V5;V6,8,0.7,1,0,1,0,2
0;5;6;7;8;10;11,I;aVF;V1;V2;V3;V5;V6,8,0.8,1,0,1,0,2
0;5;6;7;8;10;11,I;aVF;V1;V2;V3;V5;V6,8,0.9,1,0,0,0,1
0;5;6;7;8;11,I;aVF;V1;V2;V3;V6,7,0.5,1,1,1,0,3
0;5;6;7;8;11,I;aVF;V1;V2;V3;V6,7,0.6,1,0,1,0,2
0;5;6;7;8;11,I;aVF;V1;V2;V3;V6,7,0.7,1,0,1,0,2
0;5;6;7;8;11,I;aVF;V1;V2;V3;V6,7,0.8,1,0,1,0,2
0;5;6;7;8;11,I;aVF;V1;V2;V3;V6,7,0.9,1,0,0,0,1
0;5;6;7;9,I;aVF;V1;V2;V4,6,0.5,1,1,1,0,3
0;5;6;7;9,I;aVF;V1;V2;V4,6,0.6,1,1,1,0,3
0;5;6;7;9,I;aVF;V1;V2;V4,6,0.7,1,0,1,0,2
0;5;6;7;9,I;aVF;V1;V2;V4,6,0.8,1,0,1,0,2
0;5;6;7;9,I;aVF;V1;V2;V4,6,0.9,1,0,0,0,1
0;5;6;7;9;10,I;aVF;V1;V2;V4;V5,7,0.5,1,1,1,0,3
0;5;6;7;9;10,I;aVF;V1;V2;V4;V5,7,0.6,1,0,1,0,2
0;5;6;7;9;10,I;aVF;V1;V2;V4;V5,7,0.7,1,0,1,0,2
0;5;6;7;9;10,I;aVF;V1;V2;V4;V5,7,0.8,1,0,1,0,2
0;5;6;7;9;10,I;aVF;V1;V2;V4;V5,7,0.9,1,0,0,0,1
0;5;6;7;9;10;11,I;aVF;V1;V2;V4;V5;V6,8,0.5,1,1,1,0,3
0;5;6;7;9;10;11,I;aVF;V1;V2;V4;V5;V6,8,0.6,1,0,1,0,2
0;5;6;7;9;10;11,I;aVF;V1;V2;V4;V5;V6,8,0.7,1,0,1,0,2
0;5;6;7;9;10;11,I;aVF;V1;V2;V4;V5;V6,8,0.8,1,0,1,0,2
0;5;6;7;9;10;11,I;aVF;V1;V2;V4;V5;V6,8,0.9,1,0,0,0,1
0;5;6;7;9;11,I;aVF;V1;V2;V4;V6,7,0.5,1,1,1,0,3
0;5;6;7;9;11,I;aVF;V1;V2;V4;V6,7,0.6,1,0,1,0,2
0;5;6;7;9;11,I;aVF;V1;V2;V4;V6,7,0.7,1,0,1,0,2
0;5;6;7;9;11,I;aVF;V1;V2;V4;V6,7,0.8,1,0,1,0,2
0;5;6;7;9;11,I;aVF;V1;V2;V4;V6,7,0.9,1,0,0,0,1
0;5;6;7;10,I;aVF;V1;V2;V5,6,0.5,1,1,1,0,3
0;5;6;7;10,I;aVF;V1;V2;V5,6,0.6,1,0,1,0,2
0;5;6;7;10,I;aVF;V1;V2;V5,6,0.7,1,0,1,0,2
0;5;6;7;10,I;aVF;V1;V2;V5,6,0.8,1,0,1,0,2
0;5;6;7;10,I;aVF;V1;V2;V5,6,0.9,1,0,0,0,1
0;5;6;7;10;11,I;aVF;V1;V2;V5;V6,7,0.5,1,1,1,0,3
0;5;6;7;10;11,I;aVF;V1;V2;V5;V6,7,0.6,1,1,1,0,3
0;5;6;7;10;11,I;aVF;V1;V2;V5;V6,7,0.7,1,0,1,0,2
0;5;6;7;10;11,I;aVF;V1;V2;V5;V6,7,0.8,1,0,1,0,2
0;5;6;7;10;11,I;aVF;V1;V2;V5;V6,7,0.9,1,0,0,0,1
0;5;6;7;11,I;aVF;V1;V2;V6,6,0.5,1,1,1,0,3
0;5;6;7;11,I;aVF;V1;V2;V6,6,0.6,1,1,1,0,3
0;5;6;7;11,I;aVF;V1;V2;V6,6,0.7,1,0,1,0,2
0;5;6;7;11,I;aVF;V1;V2;V6,6,0.8,1,0,1,0,2
0;5;6;7;11,I;aVF;V1;V2;V6,6,0.9,1,0,0,0,1
0;5;6;8,I;aVF;V1;V3,5,0.5,1,1,1,0,3
0;5;6;8,I;aVF;V1;V3,5,0.6,1,0,1,0,2
0;5;6;8,I;aVF;V1;V3,5,0.7,1,0,1,0,2
0;5;6;8,I;aVF;V1;V3,5,0.8,1,0,1,0,2
0;5;6;8,I;aVF;V1;V3,5,0.9,1,0,0,0,1
0;5;6;8;9,I;aVF;V1;V3;V4,6,0.5,1,1,1,0,3
0;5;6;8;9,I;aVF;V1;V3;V4,6,0.6,1,0,1,0,2
0;5;6;8;9,I;aVF;V1;V3;V4,6,0.7,1,0,1,0,2
0;5;6;8;9,I;aVF;V1;V3;V4,6,0.8,1,0,1,0,2
0;5;6;8;9,I;aVF;V1;V3;V4,6,0.9,1,0,0,0,1
0;5;6;8;9;10,I;aVF;V1;V3;V4;V5,7,0.5,1,1,1,0,3
0;5;6;8;9;10,I;aVF;V1;V3;V4;V5,7,0.6,1,0,1,0,2
0;5;6;8;9;10,I;aVF;V1;V3;V4;V5,7,0.7,1,0,1,0,2
0;5;6;8;9;10,I;aVF;V1;V3;V4;V5,7,0.8,1,0,1,0,2
0;5;6;8;9;10,I;aVF;V1;V3;V4;V5,7,0.9,1,0,0,0,1
0;5;6;8;9;10;11,I;aVF;V1;V3;V4;V5;V6,8,0.5,1,1,1,0,3
0;5;6;8;9;10;11,I;aVF;V1;V3;V4;V5;V6,8,0.6,1,0,1,0,2
0;5;6;8;9;10;11,I;aVF;V1;V3;V4;V5;V6,8,0.7,1,0,1,0,2
0;5;6;8;9;10;11,I;aVF;V1;V3;V4;V5;V6,8,0.8,1,0,1,0,2
0;5;6;8;9;10;11,I;aVF;V1;V3;V4;V5;V6,8,0.9,1,0,0,0,1
0;5;6;8;9;11,I;aVF;V1;V3;V4;V6,7,0.5,1,1,1,0,3
0;5;6;8;9;11,I;aVF;V1;V3;V4;V6,7,0.6,1,0,1,0,2
0;5;6;8;9;11,I;aVF;V1;V3;V4;V6,7,0.7,1,0,1,0,2
0;5;6;8;9;11,I;aVF;V1;V3;V4;V6,7,0.8,1,0,1,0,2
0;5;6;8;9;11,I;aVF;V1;V3;V4;V6,7,0.9,1,0,0,0,1
0;5;6;8;10,I;aVF;V1;V3;V5,6,0.5,1,1,1,0,3
0;5;6;8;10,I;aVF;V1;V3;V5,6,0.6,1,0,1,0,2
0;5;6;8;10,I;aVF;V1;V3;V5,6,0.7,1,0,1,0,2
0;5;6;8;10,I;aVF;V1;V3;V5,6,0.8,1,0,1,0,2
0;5;6;8;10,I;aVF;V1;V3;V5,6,0.9,1,0,0,0,1
0;5;6;8;10;11,I;aVF;V1;V3;V5;V6,7,0.5,1,1,1,0,3
0;5;6;8;10;11,I;aVF;V1;V3;V5;V6,7,0.6,1,0,1,0,2
0;5;6;8;10;11,I;aVF;V1;V3;V5;V6,7,0.7,1,0,1,0,2
0;5;6;8;10;11,I;aVF;V1;V3;V5;V6,7,0.8,1,0,1,0,2
0;5;6;8;10;11,I;aVF;V1;V3;V5;V6,7,0.9,1,0,0,0,1
0;5;6;8;11,I;aVF;V1;V3;V6,6,0.5,1,1,1,0,3
0;5;6;8;11,I;aVF;V1;V3;V6,6,0.6,1,0,1,0,2
0;5;6;8;11,I;aVF;V1;V3;V6,6,0.7,1,0,1,0,2
0;5;6;8;11,I;aVF;V1;V3;V6,6,0.8,1,0,1,0,2
0;5;6;8;11,I;aVF;V1;V3;V6,6,0.9,1,0,0,0,1
0;5;6;9,I;aVF;V1;V4,5,0.5,1,1,1,0,3
0;5;6;9,I;aVF;V1;V4,5,0.6,1,0,1,0,2
0;5;6;9,I;aVF;V1;V4,5,0.7,1,0,1,0,2
0;5;6;9,I;aVF;V1;V4,5,0.8,1,0,1,0,2
0;5;6;9,I;aVF;V1;V4,5,0.9,1,0,0,0,1
0;5;6;9;10,I;aVF;V1;V4;V5,6,0.5,1,1,1,0,3
0;5;6;9;10,I;aVF;V1;V4;V5,6,0.6,1,0,1,0,2
0;5;6;9;10,I;aVF;V1;V4;V5,6,0.7,1,0,1,0,2
0;5;6;9;10,I;aVF;V1;V4;V5,6,0.8,1,0,1,0,2
0;5;6;9;10,I;aVF;V1;V4;V5,6,0.9,1,0,0,0,1
0;5;6;9;10;11,I;aVF;V1;V4;V5;V6,7,0.5,1,1,1,0,3
0;5;6;9;10;11,I;aVF;V1;V4;V5;V6,7,0.6,1,0,1,0,2
0;5;6;9;10;11,I;aVF;V1;V4;V5;V6,7,0.7,1,0,1,0,2
0;5;6;9;10;11,I;aVF;V1;V4;V5;V6,7,0.8,1,0,1,0,2
0;5;6;9;10;11,I;aVF;V1;V4;V5;V6,7,0.9,1,0,0,0,1
0;5;6;9;11,I;aVF;V1;V4;V6,6,0.5,1,1,1,0,3
0;5;6;9;11,I;aVF;V1;V4;V6,6,0.6,1,0,1,0,2
0;5;6;9;11,I;aVF;V1;V4;V6,6,0.7,1,0,1,0,2
0;5;6;9;11,I;aVF;V1;V4;V6,6,0.8,1,0,1,0,2
0;5;6;9;11,I;aVF;V1;V4;V6,6,0.9,1,0,0,0,1
0;5;6;10,I;aVF;V1;V5,5,0.5,1,1,1,0,3
0;5;6;10,I;aVF;V1;V5,5,0.6,1,0,1,0,2
0;5;6;10,I;aVF;V1;V5,5,0.7,1,0,1,0,2
0;5;6;10,I;aVF;V1;V5,5,0.8,1,0,1,0,2
0;5;6;10,I;aVF;V1;V5,5,0.9,1,0,0,0,1
0;5;6;10;11,I;aVF;V1;V5;V6,6,0.5,1,1,1,0,3
0;5;6;10;11,I;aVF;V1;V5;V6,6,0.6,1,0,1,0,2
0;5;6;10;11,I;aVF;V1;V5;V6,6,0.7,1,0,1,0,2
0;5;6;10;11,I;aVF;V1;V5;V6,6,0.8,1,0,1,0,2
0;5;6;10;11,I;aVF;V1;V5;V6,6,0.9,1,0,0,0,1
0;5;6;11,I;aVF;V1;V6,5,0.5,1,1,1,0,3
0;5;6;11,I;aVF;V1;V6,5,0.6,1,1,1,0,3
0;5;6;11,I;aVF;V1;V6,5,0.7,1,0,1,0,2
0;5;6;11,I;aVF;V1;V6,5,0.8,1,0,1,0,2
0;5;6;11,I;aVF;V1;V6,5,0.9,1,0,0,0,1
0;5;7,I;aVF;V2,4,0.5,1,1,1,0,3
0;5;7,I;aVF;V2,4,0.6,1,0,1,0,2
0;5;7,I;aVF;V2,4,0.7,1,0,1,0,2
0;5;7,I;aVF;V2,4,0.8,1,0,1,0,2
0;5;7,I;aVF;V2,4,0.9,1,0,0,0,1
0;5;7;8,I;aVF;V2;V3,5,0.5,1,1,1,0,3
0;5;7;8,I;aVF;V2;V3,5,0.6,1,1,1,0,3
0;5;7;8,I;aVF;V2;V3,5,0.7,1,0,1,0,2
0;5;7;8,I;aVF;V2;V3,5,0.8,1,0,0,0,1
0;5;7;8,I;aVF;V2;V3,5,0.9,1,0,0,0,1
0;5;7;8;9,I;aVF;V2;V3;V4,6,0.5,1,1,1,0,3
0;5;7;8;9,I;aVF;V2;V3;V4,6,0.6,1,1,1,0,3
0;5;7;8;9,I;aVF;V2;V3;V4,6,0.7,1,0,1,0,2
0;5;7;8;9,I;aVF;V2;V3;V4,6,0.8,1,0,1,0,2
0;5;7;8;9,I;aVF;V2;V3;V4,6,0.9,1,0,0,0,1
0;5;7;8;9;10,I;aVF;V2;V3;V4;V5,7,0.5,1,1,1,0,3
0;5;7;8;9;10,I;aVF;V2;V3;V4;V5,7,0.6,1,0,1,0,2
0;5;7;8;9;10,I;aVF;V2;V3;V4;V5,7,0.7,1,0,1,0,2
0;5;7;8;9;10,I;aVF;V2;V3;V4;V5,7,0.8,1,0,1,0,2
0;5;7;8;9;10,I;aVF;V2;V3;V4;V5,7,0.9,1,0,0,0,1
0;5;7;8;9;10;11,I;aVF;V2;V3;V4;V5;V6,8,0.5,1,1,1,0,3
0;5;7;8;9;10;11,I;aVF;V2;V3;V4;V5;V6,8,0.6,1,0,1,0,2
0;5;7;8;9;10;11,I;aVF;V2;V3;V4;V5;V6,8,0.7,1,0,1,0,2
0;5;7;8;9;10;11,I;aVF;V2;V3;V4;V5;V6,8,0.8,1,0,0,0,1
0;5;7;8;9;10;11,I;aVF;V2;V3;V4;V5;V6,8,0.9,1,0,0,0,1
0;5;7;8;9;11,I;aVF;V2;V3;V4;V6,7,0.5,1,1,1,0,3
0;5;7;8;9;11,I;aVF;V2;V3;V4;V6,7,0.6,1,0,1,0,2
0;5;7;8;9;11,I;aVF;V2;V3;V4;V6,7,0.7,1,0,1,0,2
0;5;7;8;9;11,I;aVF;V2;V3;V4;V6,7,0.8,1,0,0,0,1
0;5;7;8;9;11,I;aVF;V2;V3;V4;V6,7,0.9,1,0,0,0,1
0;5;7;8;10,I;aVF;V2;V3;V5,6,0.5,1,1,1,0,3
0;5;7;8;10,I;aVF;V2;V3;V5,6,0.6,1,1,1,0,3
0;5;7;8;10,I;aVF;V2;V3;V5,6,0.7,1,0,1,0,2
0;5;7;8;10,I;aVF;V2;V3;V5,6,0.8,1,0,0,0,1
0;5;7;8;10,I;aVF;V2;V3;V5,6,0.9,1,0,0,0,1
0;5;7;8;10;11,I;aVF;V2;V3;V5;V6,7,0.5,1,1,1,0,3
0;5;7;8;10;11,I;aVF;V2;V3;V5;V6,7,0.6,1,1,1,0,3
0;5;7;8;10;11,I;aVF;V2;V3;V5;V6,7,0.7,1,0,1,0,2
0;5;7;8;10;11,I;aVF;V2;V3;V5;V6,7,0.8,1,0,0,0,1
0;5;7;8;10;11,I;aVF;V2;V3;V5;V6,7,0.9,1,0,0,0,1
0;5;7;8;11,I;aVF;V2;V3;V6,6,0.5,1,1,1,0,3
0;5;7;8;11,I;aVF;V2;V3;V6,6,0.6,1,1,1,0,3
0;5;7;8;11,I;aVF;V2;V3;V6,6,0.7,1,0,1,0,2
0;5;7;8;11,I;aVF;V2;V3;V6,6,0.8,1,0,0,0,1
0;5;7;8;11,I;aVF;V2;V3;V6,6,0.9,1,0,0,0,1
0;5;7;9,I;aVF;V2;V4,5,0.5,1,1,1,0,3
0;5;7;9,I;aVF;V2;V4,5,0.6,1,1,1,0,3
0;5;7;9,I;aVF;V2;V4,5,0.7,1,0,1,0,2
0;5;7;9,I;aVF;V2;V4,5,0.8,1,0,1,0,2
0;5;7;9,I;aVF;V2;V4,5,0.9,1,0,0,0,1
0;5;7;9;10,I;aVF;V2;V4;V5,6,0.5,1,1,1,0,3
0;5;7;9;10,I;aVF;V2;V4;V5,6,0.6,1,1,1,0,3
0;5;7;9;10,I;aVF;V2;V4;V5,6,0.7,1,0,1,0,2
0;5;7;9;10,I;aVF;V2;V4;V5,6,0.8,1,0,1,0,2
0;5;7;9;10,I;aVF;V2;V4;V5,6,0.9,1,0,0,0,1
0;5;7;9;10;11,I;aVF;V2;V4;V5;V6,7,0.5,1,1,1,0,3
0;5;7;9;10;11,I;aVF;V2;V4;V5;V6,7,0.6,1,0,1,0,2
0;5;7;9;10;11,I;aVF;V2;V4;V5;V6,7,0.7,1,0,1,0,2
0;5;7;9;10;11,I;aVF;V2;V4;V5;V6,7,0.8,1,0,1,0,2
0;5;7;9;10;11,I;aVF;V2;V4;V5;V6,7,0.9,1,0,0,0,1
0;5;7;9;11,I;aVF;V2;V4;V6,6,0.5,1,1,1,0,3
0;5;7;9;11,I;aVF;V2;V4;V6,6,0.6,1,0,1,0,2
0;5;7;9;11,I;aVF;V2;V4;V6,6,0.7,1,0,1,0,2
0;5;7;9;11,I;aVF;V2;V4;V6,6,0.8,1,0,1,0,2
0;5;7;9;11,I;aVF;V2;V4;V6,6,0.9,1,0,0,0,1
0;5;7;10,I;aVF;V2;V5,5,0.5,1,1,1,0,3
0;5;7;10,I;aVF;V2;V5,5,0.6,1,1,1,0,3
0;5;7;10,I;aVF;V2;V5,5,0.7,1,0,1,0,2
0;5;7;10,I;aVF;V2;V5,5,0.8,1,0,1,0,2
0;5;7;10,I;aVF;V2;V5,5,0.9,1,0,0,0,1
0;5;7;10;11,I;aVF;V2;V5;V6,6,0.5,1,1,1,0,3
0;5;7;10;11,I;aVF;V2;V5;V6,6,0.6,1,1,1,0,3
0;5;7;10;11,I;aVF;V2;V5;V6,6,0.7,1,0,1,0,2
0;5;7;10;11,I;aVF;V2;V5;V6,6,0.8,1,0,0,0,1
0;5;7;10;11,I;aVF;V2;V5;V6,6,0.9,1,0,0,0,1
0;5;7;11,I;aVF;V2;V6,5,0.5,1,1,1,0,3
0;5;7;11,I;aVF;V2;V6,5,0.6,1,0,1,0,2
0;5;7;11,I;aVF;V2;V6,5,0.7,1,0,1,0,2
0;5;7;11,I;aVF;V2;V6,5,0.8,1,0,1,0,2
0;5;7;11,I;aVF;V2;V6,5,0.9,1,0,0,0,1
0;5;8,I;aVF;V3,4,0.5,1,1,1,0,3
0;5;8,I;aVF;V3,4,0.6,1,0,1,0,2
0;5;8,I;aVF;V3,4,0.7,1,0,1,0,2
0;5;8,I;aVF;V3,4,0.8,1,0,0,0,1
0;5;8,I;aVF;V3,4,0.9,1,0,0,0,1
0;5;8;9,I;aVF;V3;V4,5,0.5,1,1,1,0,3
0;5;8;9,I;aVF;V3;V4,5,0.6,1,1,1,0,3
0;5;8;9,I;aVF;V3;V4,5,0.7,1,0,1,0,2
0;5;8;9,I;aVF;V3;V4,5,0.8,1,0,0,0,1
0;5;8;9,I;aVF;V3;V4,5,0.9,1,0,0,0,1
0;5;8;9;10,I;aVF;V3;V4;V5,6,0.5,1,1,1,0,3
0;5;8;9;10,I;aVF;V3;V4;V5,6,0.6,1,0,1,0,2
0;5;8;9;10,I;aVF;V3;V4;V5,6,0.7,1,0,1,0,2
0;5;8;9;10,I;aVF;V3;V4;V5,6,0.8,1,0,0,0,1
0;5;8;9;10,I;aVF;V3;V4;V5,6,0.9,1,0,0,0,1
0;5;8;9;10;11,I;aVF;V3;V4;V5;V6,7,0.5,1,1,1,0,3
0;5;8;9;10;11,I;aVF;V3;V4;V5;V6,7,0.6,1,1,1,0,3
0;5;8;9;10;11,I;aVF;V3;V4;V5;V6,7,0.7,1,0,1,0,2
0;5;8;9;10;11,I;aVF;V3;V4;V5;V6,7,0.8,1,0,0,0,1
0;5;8;9;10;11,I;aVF;V3;V4;V5;V6,7,0.9,1,0,0,0,1
0;5;8;9;11,I;aVF;V3;V4;V6,6,0.5,1,1,1,0,3
0;5;8;9;11,I;aVF;V3;V4;V6,6,0.6,1,0,1,0,2
0;5;8;9;11,I;aVF;V3;V4;V6,6,0.7,1,0,1,0,2
0;5;8;9;11,I;aVF;V3;V4;V6,6,0.8,1,0,0,0,1
0;5;8;9;11,I;aVF;V3;V4;V6,6,0.9,1,0,0,0,1
0;5;8;10,I;aVF;V3;V5,5,0.5,1,1,1,0,3
0;5;8;10,I;aVF;V3;V5,5,0.6,1,1,1,0,3
0;5;8;10,I;aVF;V3;V5,5,0.7,1,0,1,0,2
0;5;8;10,I;aVF;V3;V5,5,0.8,1,0,0,0,1
0;5;8;10,I;aVF;V3;V5,5,0.9,1,0,0,0,1
0;5;8;10;11,I;aVF;V3;V5;V6,6,0.5,1,1,1,0,3
0;5;8;10;11,I;aVF;V3;V5;V6,6,0.6,1,1,1,0,3
0;5;8;10;11,I;aVF;V3;V5;V6,6,0.7,1,0,1,0,2
0;5;8;10;11,I;aVF;V3;V5;V6,6,0.8,1,0,0,0,1
0;5;8;10;11,I;aVF;V3;V5;V6,6,0.9,1,0,0,0,1
0;5;8;11,I;aVF;V3;V6,5,0.5,1,1,1,0,3
0;5;8;11,I;aVF;V3;V6,5,0.6,1,0,1,0,2
0;5;8;11,I;aVF;V3;V6,5,0.7,1,0,1,0,2
0;5;8;11,I;aVF;V3;V6,5,0.8,1,0,0,0,1
0;5;8;11,I;aVF;V3;V6,5,0.9,1,0,0,0,1
0;5;9,I;aVF;V4,4,0.5,1,1,1,0,3
0;5;9,I;aVF;V4,4,0.6,1,0,1,0,2
0;5;9,I;aVF;V4,4,0.7,1,0,1,0,2
0;5;9,I;aVF;V4,4,0.8,1,0,1,0,2
0;5;9,I;aVF;V4,4,0.9,1,0,0,0,1
0;5;9;10,I;aVF;V4;V5,5,0.5,1,1,1,0,3
0;5;9;10,I;aVF;V4;V5,5,0.6,1,0,1,0,2
0;5;9;10,I;aVF;V4;V5,5,0.7,1,0,1,0,2
0;5;9;10,I;aVF;V4;V5,5,0.8,1,0,0,0,1
0;5;9;10,I;aVF;V4;V5,5,0.9,1,0,0,0,1
0;5;9;10;11,I;aVF;V4;V5;V6,6,0.5,1,1,1,0,3
0;5;9;10;11,I;aVF;V4;V5;V6,6,0.6,1,0,1,0,2
0;5;9;10;11,I;aVF;V4;V5;V6,6,0.7,1,0,1,0,2
0;5;9;10;11,I;aVF;V4;V5;V6,6,0.8,1,0,0,0,1
0;5;9;10;11,I;aVF;V4;V5;V6,6,0.9,1,0,0,0,1
0;5;9;11,I;aVF;V4;V6,5,0.5,1,1,1,0,3
0;5;9;11,I;aVF;V4;V6,5,0.6,1,0,1,0,2
0;5;9;11,I;aVF;V4;V6,5,0.7,1,0,1,0,2
0;5;9;11,I;aVF;V4;V6,5,0.8,1,0,0,0,1
0;5;9;11,I;aVF;V4;V6,5,0.9,1,0,0,0,1
0;5;10,I;aVF;V5,4,0.5,1,1,1,0,3
0;5;10,I;aVF;V5,4,0.6,1,0,1,0,2
0;5;10,I;aVF;V5,4,0.7,1,0,1,0,2
0;5;10,I;aVF;V5,4,0.8,1,0,0,0,1
0;5;10,I;aVF;V5,4,0.9,1,0,0,0,1
0;5;10;11,I;aVF;V5;V6,5,0.5,1,1,1,0,3
0;5;10;11,I;aVF;V5;V6,5,0.6,1,1,1,0,3
0;5;10;11,I;aVF;V5;V6,5,0.7,1,0,1,0,2
0;5;10;11,I;aVF;V5;V6,5,0.8,1,0,0,0,1
0;5;10;11,I;aVF;V5;V6,5,0.9,1,0,0,0,1
0;5;11,I;aVF;V6,4,0.5,1,1,1,0,3
0;5;11,I;aVF;V6,4,0.6,1,0,1,0,2
0;5;11,I;aVF;V6,4,0.7,1,0,1,0,2
0;5;11,I;aVF;V6,4,0.8,1,0,0,0,1
0;5;11,I;aVF;V6,4,0.9,1,0,0,0,1
0;6,I;V1,4,0.5,1,1,1,0,3
0;6,I;V1,4,0.6,1,0,1,0,2
0;6,I;V1,4,0.7,1,0,1,0,2
0;6,I;V1,4,0.8,1,0,1,0,2
0;6,I;V1,4,0.9,1,0,0,0,1
0;6;7,I;V1;V2,5,0.5,1,1,1,0,3
0;6;7,I;V1;V2,5,0.6,1,1,1,0,3
0;6;7,I;V1;V2,5,0.7,1,0,1,0,2
0;6;7,I;V1;V2,5,0.8,1,0,1,0,2
0;6;7,I;V1;V2,5,0.9,1,0,0,0,1
0;6;7;8,I;V1;V2;V3,6,0.5,1,1,1,0,3
0;6;7;8,I;V1;V2;V3,6,0.6,1,0,1,0,2
0;6;7;8,I;V1;V2;V3,6,0.7,1,0,1,0,2
0;6;7;8,I;V1;V2;V3,6,0.8,1,0,1,0,2
0;6;7;8,I;V1;V2;V3,6,0.9,1,0,0,0,1
0;6;7;8;9,I;V1;V2;V3;V4,7,0.5,1,1,1,0,3
0;6;7;8;9,I;V1;V2;V3;V4,7,0.6,1,1,1,0,3
0;6;7;8;9,I;V1;V2;V3;V4,7,0.7,1,0,1,0,2
0;6;7;8;9,I;V1;V2;V3;V4,7,0.8,1,0,1,0,2
0;6;7;8;9,I;V1;V2;V3;V4,7,0.9,1,0,0,0,1
0;6;7;8;9;10,I;V1;V2;V3;V4;V5,8,0.5,1,1,1,0,3
0;6;7;8;9;10,I;V1;V2;V3;V4;V5,8,0.6,1,0,1,0,2
0;6;7;8;9;10,I;V1;V2;V3;V4;V5,8,0.7,1,0,1,0,2
0;6;7;8;9;10,I;V1;V2;V3;V4;V5,8,0.8,1,0,1,0,2
0;6;7;8;9;10,I;V1;V2;V3;V4;V5,8,0.9,1,0,0,0,1
0;6;7;8;9;10;11,I;V1;V2;V3;V4;V5;V6,9,0.5,1,1,1,0,3
0;6;7;8;9;10;11,I;V1;V2;V3;V4;V5;V6,9,0.6,1,1,1,0,3
0;6;7;8;9;10;11,I;V1;V2;V3;V4;V5;V6,9,0.7,1,0,1,0,2
0;6;7;8;9;10;11,I;V1;V2;V3;V4;V5;V6,9,0.8,1,0,1,0,2
0;6;7;8;9;10;11,I;V1;V2;V3;V4;V5;V6,9,0.9,1,0,0,0,1
0;6;7;8;9;11,I;V1;V2;V3;V4;V6,8,0.5,1,1,1,0,3
0;6;7;8;9;11,I;V1;V2;V3;V4;V6,8,0.6,1,1,1,0,3
0;6;7;8;9;11,I;V1;V2;V3;V4;V6,8,0.7,1,0,1,0,2
0;6;7;8;9;11,I;V1;V2;V3;V4;V6,8,0.8,1,0,1,0,2
0;6;7;8;9;11,I;V1;V2;V3;V4;V6,8,0.9,1,0,0,0,1
0;6;7;8;10,I;V1;V2;V3;V5,7,0.5,1,1,1,0,3
0;6;7;8;10,I;V1;V2;V3;V5,7,0.6,1,1,1,0,3
0;6;7;8;10,I;V1;V2;V3;V5,7,0.7,1,0,1,0,2
0;6;7;8;10,I;V1;V2;V3;V5,7,0.8,1,0,1,0,2
0;6;7;8;10,I;V1;V2;V3;V5,7,0.9,1,0,0,0,1
0;6;7;8;10;11,I;V1;V2;V3;V5;V6,8,0.5,1,1,1,0,3
0;6;7;8;10;11,I;V1;V2;V3;V5;V6,8,0.6,1,0,1,0,2
0;6;7;8;10;11,I;V1;V2;V3;V5;V6,8,0.7,1,0,1,0,2
0;6;7;8;10;11,I;V1;V2;V3;V5;V6,8,0.8,1,0,1,0,2
0;6;7;8;10;11,I;V1;V2;V3;V5;V6,8,0.9,1,0,0,0,1
0;6;7;8;11,I;V1;V2;V3;V6,7,0.5,1,1,1,0,3
0;6;7;8;11,I;V1;V2;V3;V6,7,0.6,1,0,1,0,2
0;6;7;8;11,I;V1;V2;V3;V6,7,0.7,1,0,1,0,2
0;6;7;8;11,I;V1;V2;V3;V6,7,0.8,1,0,1,0,2
0;6;7;8;11,I;V1;V2;V3;V6,7,0.9,1,0,0,0,1
0;6;7;9,I;V1;V2;V4,6,0.5,1,1,1,0,3
0;6;7;9,I;V1;V2;V4,6,0.6,1,1,1,0,3
0;6;7;9,I;V1;V2;V4,6,0.7,1,0,1,0,2
0;6;7;9,I;V1;V2;V4,6,0.8,1,0,1,0,2
0;6;7;9,I;V1;V2;V4,6,0.9,1,0,0,0,1
0;6;7;9;10,I;V1;V2;V4;V5,7,0.5,1,1,1,0,3
0;6;7;9;10,I;V1;V2;V4;V5,7,0.6,1,1,1,0,3
0;6;7;9;10,I;V1;V2;V4;V5,7,0.7,1,0,1,0,2
0;6;7;9;10,I;V1;V2;V4;V5,7,0.8,1,0,1,0,2
0;6;7;9;10,I;V1;V2;V4;V5,7,0.9,1,0,0,0,1
0;6;7;9;10;11,I;V1;V2;V4;V5;V6,8,0.5,1,1,1,0,3
0;6;7;9;10;11,I;V1;V2;V4;V5;V6,8,0.6,1,0,1,0,2
0;6;7;9;10;11,I;V1;V2;V4;V5;V6,8,0.7,1,0,1,0,2
0;6;7;9;10;11,I;V1;V2;V4;V5;V6,8,0.8,1,0,1,0,2
0;6;7;9;10;11,I;V1;V2;V4;V5;V6,8,0.9,1,0,0,0,1
0;6;7;9;11,I;V1;V2;V4;V6,7,0.5,1,1,1,0,3
0;6;7;9;11,I;V1;V2;V4;V6,7,0.6,1,1,1,0,3
0;6;7;9;11,I;V1;V2;V4;V6,7,0.7,1,0,1,0,2
0;6;7;9;11,I;V1;V2;V4;V6,7,0.8,1,0,1,0,2
0;6;7;9;11,I;V1;V2;V4;V6,7,0.9,1,0,0,0,1
0;6;7;10,I;V1;V2;V5,6,0.5,1,1,1,0,3
0;6;7;10,I;V1;V2;V5,6,0.6,1,0,1,0,2
0;6;7;10,I;V1;V2;V5,6,0.7,1,0,1,0,2
0;6;7;10,I;V1;V2;V5,6,0.8,1,0,1,0,2
0;6;7;10,I;V1;V2;V5,6,0.9,1,0,0,0,1
0;6;7;10;11,I;V1;V2;V5;V6,7,0.5,1,1,1,0,3
0;6;7;10;11,I;V1;V2;V5;V6,7,0.6,1,0,1,0,2
0;6;7;10;11,I;V1;V2;V5;V6,7,0.7,1,0,1,0,2
0;6;7;10;11,I;V1;V2;V5;V6,7,0.8,1,0,1,0,2
0;6;7;10;11,I;V1;V2;V5;V6,7,0.9,1,0,0,0,1
0;6;7;11,I;V1;V2;V6,6,0.5,1,1,1,0,3
0;6;7;11,I;V1;V2;V6,6,0.6,1,0,1,0,2
0;6;7;11,I;V1;V2;V6,6,0.7,1,0,1,0,2
0;6;7;11,I;V1;V2;V6,6,0.8,1,0,1,0,2
0;6;7;11,I;V1;V2;V6,6,0.9,1,0,0,0,1
0;6;8,I;V1;V3,5,0.5,1,1,1,0,3
0;6;8,I;V1;V3,5,0.6,1,0,1,0,2
0;6;8,I;V1;V3,5,0.7,1,0,1,0,2
0;6;8,I;V1;V3,5,0.8,1,0,1,0,2
0;6;8,I;V1;V3,5,0.9,1,0,0,0,1
0;6;8;9,I;V1;V3;V4,6,0.5,1,1,1,0,3
0;6;8;9,I;V1;V3;V4,6,0.6,1,1,1,0,3
0;6;8;9,I;V1;V3;V4,6,0.7,1,0,1,0,2
0;6;8;9,I;V1;V3;V4,6,0.8,1,0,1,0,2
0;6;8;9,I;V1;V3;V4,6,0.9,1,0,0,0,1
0;6;8;9;10,I;V1;V3;V4;V5,7,0.5,1,1,1,0,3
0;6;8;9;10,I;V1;V3;V4;V5,7,0.6,1,1,1,0,3
0;6;8;9;10,I;V1;V3;V4;V5,7,0.7,1,0,1,0,2
0;6;8;9;10,I;V1;V3;V4;V5,7,0.8,1,0,1,0,2
0;6;8;9;10,I;V1;V3;V4;V5,7,0.9,1,0,0,0,1
0;6;8;9;10;11,I;V1;V3;V4;V5;V6,8,0.5,1,1,1,0,3
0;6;8;9;10;11,I;V1;V3;V4;V5;V6,8,0.6,1,1,1,0,3
0;6;8;9;10;11,I;V1;V3;V4;V5;V6,8,0.7,1,0,1,0,2
0;6;8;9;10;11,I;V1;V3;V4;V5;V6,8,0.8,1,0,1,0,2
0;6;8;9;10;11,I;V1;V3;V4;V5;V6,8,0.9,1,0,0,0,1
0;6;8;9;11,I;V1;V3;V4;V6,7,0.5,1,1,1,0,3
0;6;8;9;11,I;V1;V3;V4;V6,7,0.6,1,1,1,0,3
0;6;8;9;11,I;V1;V3;V4;V6,7,0.7,1,0,1,0,2
0;6;8;9;11,I;V1;V3;V4;V6,7,0.8,1,0,1,0,2
0;6;8;9;11,I;V1;V3;V4;V6,7,0.9,1,0,0,0,1
0;6;8;10,I;V1;V3;V5,6,0.5,1,1,1,0,3
0;6;8;10,I;V1;V3;V5,6,0.6,1,1,1,0,3
0;6;8;10,I;V1;V3;V5,6,0.7,1,0,1,0,2
0;6;8;10,I;V1;V3;V5,6,0.8,1,0,1,0,2
0;6;8;10,I;V1;V3;V5,6,0.9,1,0,0,0,1
0;6;8;10;11,I;V1;V3;V5;V6,7,0.5,1,1,1,0,3
0;6;8;10;11,I;V1;V3;V5;V6,7,0.6,1,0,1,0,2
0;6;8;10;11,I;V1;V3;V5;V6,7,0.7,1,0,1,0,2
0;6;8;10;11,I;V1;V3;V5;V6,7,0.8,1,0,1,0,2
0;6;8;10;11,I;V1;V3;V5;V6,7,0.9,1,0,0,0,1
0;6;8;11,I;V1;V3;V6,6,0.5,1,1,1,0,3
0;6;8;11,I;V1;V3;V6,6,0.6,1,1,1,0,3
0;6;8;11,I;V1;V3;V6,6,0.7,1,0,1,0,2
0;6;8;11,I;V1;V3;V6,6,0.8,1,0,1,0,2
0;6;8;11,I;V1;V3;V6,6,0.9,1,0,0,0,1
0;6;9,I;V1;V4,5,0.5,1,1,1,0,3
0;6;9,I;V1;V4,5,0.6,1,1,1,0,3
0;6;9,I;V1;V4,5,0.7,1,0,1,0,2
0;6;9,I;V1;V4,5,0.8,1,0,1,0,2
0;6;9,I;V1;V4,5,0.9,1,0,0,0,1
0;6;9;10,I;V1;V4;V5,6,0.5,1,1,1,0,3
0;6;9;10,I;V1;V4;V5,6,0.6,1,1,1,0,3
0;6;9;10,I;V1;V4;V5,6,0.7,1,0,1,0,2
0;6;9;10,I;V1;V4;V5,6,0.8,1,0,1,0,2
0;6;9;10,I;V1;V4;V5,6,0.9,1,0,0,0,1
0;6;9;10;11,I;V1;V4;V5;V6,7,0.5,1,1,1,0,3
0;6;9;10;11,I;V1;V4;V5;V6,7,0.6,1,0,1,0,2
0;6;9;10;11,I;V1;V4;V5;V6,7,0.7,1,0,1,0,2
0;6;9;10;11,I;V1;V4;V5;V6,7,0.8,1,0,1,0,2
0;6;9;10;11,I;V1;V4;V5;V6,7,0.9,1,0,0,0,1
0;6;9;11,I;V1;V4;V6,6,0.5,1,1,1,0,3
0;6;9;11,I;V1;V4;V6,6,0.6,1,1,1,0,3
0;6;9;11,I;V1;V4;V6,6,0.7,1,0,1,0,2
0;6;9;11,I;V1;V4;V6,6,0.8,1,0,1,0,2
0;6;9;11,I;V1;V4;V6,6,0.9,1,0,0,0,1
0;6;10,I;V1;V5,5,0.5,1,1,1,0,3
0;6;10,I;V1;V5,5,0.6,1,1,1,0,3
0;6;10,I;V1;V5,5,0.7,1,0,1,0,2
0;6;10,I;V1;V5,5,0.8,1,0,1,0,2
0;6;10,I;V1;V5,5,0.9,1,0,0,0,1
0;6;10;11,I;V1;V5;V6,6,0.5,1,1,1,0,3
0;6;10;11,I;V1;V5;V6,6,0.6,1,0,1,0,2
0;6;10;11,I;V1;V5;V6,6,0.7,1,0,1,0,2
0;6;10;11,I;V1;V5;V6,6,0.8,1,0,1,0,2
0;6;10;11,I;V1;V5;V6,6,0.9,1,0,0,0,1
0;6;11,I;V1;V6,5,0.5,1,1,1,0,3
0;6;11,I;V1;V6,5,0.6,1,1,1,0,3
0;6;11,I;V1;V6,5,0.7,1,0,1,0,2
0;6;11,I;V1;V6,5,0.8,1,0,1,0,2
0;6;11,I;V1;V6,5,0.9,1,0,0,0,1
0;7,I;V2,4,0.5,1,1,1,0,3
0;7,I;V2,4,0.6,1,1,1,0,3
0;7,I;V2,4,0.7,1,0,1,0,2
0;7,I;V2,4,0.8,1,0,1,0,2
0;7,I;V2,4,0.9,1,0,0,0,1
0;7;8,I;V2;V3,5,0.5,1,1,1,0,3
0;7;8,I;V2;V3,5,0.6,1,0,1,0,2
0;7;8,I;V2;V3,5,0.7,1,0,1,0,2
0;7;8,I;V2;V3,5,0.8,1,0,1,0,2
0;7;8,I;V2;V3,5,0.9,1,0,0,0,1
0;7;8;9,I;V2;V3;V4,6,0.5,1,1,1,0,3
0;7;8;9,I;V2;V3;V4,6,0.6,1,0,1,0,2
0;7;8;9,I;V2;V3;V4,6,0.7,1,0,1,0,2
0;7;8;9,I;V2;V3;V4,6,0.8,1,0,1,0,2
0;7;8;9,I;V2;V3;V4,6,0.9,1,0,0,0,1
0;7;8;9;10,I;V2;V3;V4;V5,7,0.5,1,1,1,0,3
0;7;8;9;10,I;V2;V3;V4;V5,7,0.6,1,1,1,0,3
0;7;8;9;10,I;V2;V3;V4;V5,7,0.7,1,0,1,0,2
0;7;8;9;10,I;V2;V3;V4;V5,7,0.8,1,0,1,0,2
0;7;8;9;10,I;V2;V3;V4;V5,7,0.9,1,0,0,0,1
0;7;8;9;10;11,I;V2;V3;V4;V5;V6,8,0.5,1,1,1,0,3
0;7;8;9;10;11,I;V2;V3;V4;V5;V6,8,0.6,1,1,1,0,3
0;7;8;9;10;11,I;V2;V3;V4;V5;V6,8,0.7,1,0,1,0,2
0;7;8;9;10;11,I;V2;V3;V4;V5;V6,8,0.8,1,0,1,0,2
0;7;8;9;10;11,I;V2;V3;V4;V5;V6,8,0.9,1,0,0,0,1
0;7;8;9;11,I;V2;V3;V4;V6,7,0.5,1,1,1,0,3
0;7;8;9;11,I;V2;V3;V4;V6,7,0.6,1,1,1,0,3
0;7;8;9;11,I;V2;V3;V4;V6,7,0.7,1,0,1,0,2
0;7;8;9;11,I;V2;V3;V4;V6,7,0.8,1,0,1,0,2
0;7;8;9;11,I;V2;V3;V4;V6,7,0.9,1,0,0,0,1
0;7;8;10,I;V2;V3;V5,6,0.5,1,1,1,0,3
0;7;8;10,I;V2;V3;V5,6,0.6,1,0,1,0,2
0;7;8;10,I;V2;V3;V5,6,0.7,1,0,1,0,2
0;7;8;10,I;V2;V3;V5,6,0.8,1,0,1,0,2
0;7;8;10,I;V2;V3;V5,6,0.9,1,0,0,0,1
0;7;8;10;11,I;V2;V3;V5;V6,7,0.5,1,1,1,0,3
0;7;8;10;11,I;V2;V3;V5;V6,7,0.6,1,1,1,0,3
0;7;8;10;11,I;V2;V3;V5;V6,7,0.7,1,0,1,0,2
0;7;8;10;11,I;V2;V3;V5;V6,7,0.8,1,0,1,0,2
0;7;8;10;11,I;V2;V3;V5;V6,7,0.9,1,0,0,0,1
0;7;8;11,I;V2;V3;V6,6,0.5,1,1,1,0,3
0;7;8;11,I;V2;V3;V6,6,0.6,1,1,1,0,3
0;7;8;11,I;V2;V3;V6,6,0.7,1,0,1,0,2
0;7;8;11,I;V2;V3;V6,6,0.8,1,0,1,0,2
0;7;8;11,I;V2;V3;V6,6,0.9,1,0,0,0,1
0;7;9,I;V2;V4,5,0.5,1,1,1,0,3
0;7;9,I;V2;V4,5,0.6,1,1,1,0,3
0;7;9,I;V2;V4,5,0.7,1,0,1,0,2
0;7;9,I;V2;V4,5,0.8,1,0,1,0,2
0;7;9,I;V2;V4,5,0.9,1,0,0,0,1
0;7;9;10,I;V2;V4;V5,6,0.5,1,1,1,0,3
0;7;9;10,I;V2;V4;V5,6,0.6,1,0,1,0,2
0;7;9;10,I;V2;V4;V5,6,0.7,1,0,1,0,2
0;7;9;10,I;V2;V4;V5,6,0.8,1,0,1,0,2
0;7;9;10,I;V2;V4;V5,6,0.9,1,0,0,0,1
0;7;9;10;11,I;V2;V4;V5;V6,7,0.5,1,1,1,0,3
0;7;9;10;11,I;V2;V4;V5;V6,7,0.6,1,1,1,0,3
0;7;9;10;11,I;V2;V4;V5;V6,7,0.7,1,0,1,0,2
0;7;9;10;11,I;V2;V4;V5;V6,7,0.8,1,0,0,0,1
0;7;9;10;11,I;V2;V4;V5;V6,7,0.9,1,0,0,0,1
0;7;9;11,I;V2;V4;V6,6,0.5,1,1,1,0,3
0;7;9;11,I;V2;V4;V6,6,0.6,1,1,1,0,3
0;7;9;11,I;V2;V4;V6,6,0.7,1,0,1,0,2
0;7;9;11,I;V2;V4;V6,6,0.8,1,0,1,0,2
0;7;9;11,I;V2;V4;V6,6,0.9,1,0,0,0,1
0;7;10,I;V2;V5,5,0.5,1,1,1,0,3
0;7;10,I;V2;V5,5,0.6,1,1,1,0,3
0;7;10,I;V2;V5,5,0.7,1,0,1,0,2
0;7;10,I;V2;V5,5,0.8,1,0,1,0,2
0;7;10,I;V2;V5,5,0.9,1,0,0,0,1
0;7;10;11,I;V2;V5;V6,6,0.5,1,1,1,0,3
0;7;10;11,I;V2;V5;V6,6,0.6,1,1,1,0,3
0;7;10;11,I;V2;V5;V6,6,0.7,1,0,1,0,2
0;7;10;11,I;V2;V5;V6,6,0.8,1,0,1,0,2
0;7;10;11,I;V2;V5;V6,6,0.9,1,0,0,0,1
0;7;11,I;V2;V6,5,0.5,1,1,1,0,3
0;7;11,I;V2;V6,5,0.6,1,0,1,0,2
0;7;11,I;V2;V6,5,0.7,1,0,1,0,2
0;7;11,I;V2;V6,5,0.8,1,0,1,0,2
0;7;11,I;V2;V6,5,0.9,1,0,0,0,1
0;8,I;V3,4,0.5,1,1,1,0,3
0;8,I;V3,4,0.6,1,0,1,0,2
0;8,I;V3,4,0.7,1,0,1,0,2
0;8,I;V3,4,0.8,1,0,1,0,2
0;8,I;V3,4,0.9,1,0,0,0,1
0;8;9,I;V3;V4,5,0.5,1,1,1,0,3
0;8;9,I;V3;V4,5,0.6,1,1,1,0,3
0;8;9,I;V3;V4,5,0.7,1,0,1,0,2
0;8;9,I;V3;V4,5,0.8,1,0,1,0,2
0;8;9,I;V3;V4,5,0.9,1,0,0,0,1
0;8;9;10,I;V3;V4;V5,6,0.5,1,1,1,0,3
0;8;9;10,I;V3;V4;V5,6,0.6,1,1,1,0,3
0;8;9;10,I;V3;V4;V5,6,0.7,1,0,1,0,2
0;8;9;10,I;V3;V4;V5,6,0.8,1,0,1,0,2
0;8;9;10,I;V3;V4;V5,6,0.9,1,0,0,0,1
0;8;9;10;11,I;V3;V4;V5;V6,7,0.5,1,1,1,0,3
0;8;9;10;11,I;V3;V4;V5;V6,7,0.6,1,1,1,0,3
0;8;9;10;11,I;V3;V4;V5;V6,7,0.7,1,0,1,0,2
0;8;9;10;11,I;V3;V4;V5;V6,7,0.8,1,0,1,0,2
0;8;9;10;11,I;V3;V4;V5;V6,7,0.9,1,0,0,0,1
0;8;9;11,I;V3;V4;V6,6,0.5,1,1,1,0,3
0;8;9;11,I;V3;V4;V6,6,0.6,1,1,1,0,3
0;8;9;11,I;V3;V4;V6,6,0.7,1,0,1,0,2
0;8;9;11,I;V3;V4;V6,6,0.8,1,0,1,0,2
0;8;9;11,I;V3;V4;V6,6,0.9,1,0,0,0,1
0;8;10,I;V3;V5,5,0.5,1,1,1,0,3
0;8;10,I;V3;V5,5,0.6,1,1,1,0,3
0;8;10,I;V3;V5,5,0.7,1,0,1,0,2
0;8;10,I;V3;V5,5,0.8,1,0,1,0,2
0;8;10,I;V3;V5,5,0.9,1,0,0,0,1
0;8;10;11,I;V3;V5;V6,6,0.5,1,1,1,0,3
0;8;10;11,I;V3;V5;V6,6,0.6,1,1,1,0,3
0;8;10;11,I;V3;V5;V6,6,0.7,1,0,1,0,2
0;8;10;11,I;V3;V5;V6,6,0.8,1,0,1,0,2
0;8;10;11,I;V3;V5;V6,6,0.9,1,0,0,0,1
0;8;11,I;V3;V6,5,0.5,1,1,1,0,3
0;8;11,I;V3;V6,5,0.6,1,0,1,0,2
0;8;11,I;V3;V6,5,0.7,1,0,1,0,2
0;8;11,I;V3;V6,5,0.8,1,0,1,0,2
0;8;11,I;V3;V6,5,0.9,1,0,0,0,1
0;9,I;V4,4,0.5,1,1,1,0,3
0;9,I;V4,4,0.6,1,0,1,0,2
0;9,I;V4,4,0.7,1,0,1,0,2
0;9,I;V4,4,0.8,1,0,1,0,2
0;9,I;V4,4,0.9,1,0,0,0,1
0;9;10,I;V4;V5,5,0.5,1,1,1,0,3
0;9;10,I;V4;V5,5,0.6,1,1,1,0,3
0;9;10,I;V4;V5,5,0.7,1,0,1,0,2
0;9;10,I;V4;V5,5,0.8,1,0,0,0,1
0;9;10,I;V4;V5,5,0.9,1,0,0,0,1
0;9;10;11,I;V4;V5;V6,6,0.5,1,1,1,0,3
0;9;10;11,I;V4;V5;V6,6,0.6,1,1,1,0,3
0;9;10;11,I;V4;V5;V6,6,0.7,1,0,1,0,2
0;9;10;11,I;V4;V5;V6,6,0.8,1,0,0,0,1
0;9;10;11,I;V4;V5;V6,6,0.9,1,0,0,0,1
0;9;11,I;V4;V6,5,0.5,1,1,1,0,3
0;9;11,I;V4;V6,5,0.6,1,1,1,0,3
0;9;11,I;V4;V6,5,0.7,1,0,1,0,2
0;9;11,I;V4;V6,5,0.8,1,0,0,0,1
0;9;11,I;V4;V6,5,0.9,1,0,0,0,1
0;10,I;V5,4,0.5,1,1,1,0,3
0;10,I;V5,4,0.6,1,1,1,0,3
0;10,I;V5,4,0.7,1,0,1,0,2
0;10,I;V5,4,0.8,1,0,0,0,1
0;10,I;V5,4,0.9,1,0,0,0,1
0;10;11,I;V5;V6,5,0.5,1,1,1,0,3
0;10;11,I;V5;V6,5,0.6,1,0,1,0,2
0;10;11,I;V5;V6,5,0.7,1,0,1,0,2
0;10;11,I;V5;V6,5,0.8,1,0,0,0,1
0;10;11,I;V5;V6,5,0.9,1,0,0,0,1
0;11,I;V6,4,0.5,1,1,1,0,3
0;11,I;V6,4,0.6,1,1,1,0,3
0;11,I;V6,4,0.7,1,0,1,0,2
0;11,I;V6,4,0.8,1,0,0,0,1
0;11,I;V6,4,0.9,1,0,0,0,1
1,II,2,0.5,1,1,1,0,3
1,II,2,0.6,1,0,1,0,2
1,II,2,0.7,1,0,1,0,2
1,II,2,0.8,1,0,0,0,1
1,II,2,0.9,1,0,0,0,1
1;2,II;III,3,0.5,1,1,1,0,3
1;2,II;III,3,0.6,1,1,1,0,3
1;2,II;III,3,0.7,1,0,1,0,2
1;2,II;III,3,0.8,1,0,1,0,2
1;2,II;III,3,0.9,1,0,0,0,1
1;2;3,II;III;aVR,3,0.5,1,1,1,0,3
1;2;3,II;III;aVR,3,0.6,1,1,1,0,3
1;2;3,II;III;aVR,3,0.7,1,0,1,0,2
1;2;3,II;III;aVR,3,0.8,1,0,1,0,2
1;2;3,II;III;aVR,3,0.9,1,0,0,0,1
1;2;3;4,II;III;aVR;aVL,3,0.5,1,1,1,0,3
1;2;3;4,II;III;aVR;aVL,3,0.6,1,1,1,0,3
1;2;3;4,II;III;aVR;aVL,3,0.7,1,0,1,0,2
1;2;3;4,II;III;aVR;aVL,3,0.8,1,0,1,0,2
1;2;3;4,II;III;aVR;aVL,3,0.9,1,0,0,0,1
1;2;3;4;5,II;III;aVR;aVL;aVF,3,0.5,1,1,1,0,3
1;2;3;4;5,II;III;aVR;aVL;aVF,3,0.6,1,1,1,0,3
1;2;3;4;5,II;III;aVR;aVL;aVF,3,0.7,1,0,1,0,2
1;2;3;4;5,II;III;aVR;aVL;aVF,3,0.8,1,0,1,0,2
1;2;3;4;5,II;III;aVR;aVL;aVF,3,0.9,1,0,0,0,1
1;2;3;4;5;6,II;III;aVR;aVL;aVF;V1,4,0.5,1,1,1,0,3
1;2;3;4;5;6,II;III;aVR;aVL;aVF;V1,4,0.6,1,0,1,0,2
1;2;3;4;5;6,II;III;aVR;aVL;aVF;V1,4,0.7,1,0,1,0,2
1;2;3;4;5;6,II;III;aVR;aVL;aVF;V1,4,0.8,1,0,1,0,2
1;2;3;4;5;6,II;III;aVR;aVL;aVF;V1,4,0.9,1,0,0,0,1
1;2;3;4;5;6;7,II;III;aVR;aVL;aVF;V1;V2,5,0.5,1,1,1,0,3
1;2;3;4;5;6;7,II;III;aVR;aVL;aVF;V1;V2,5,0.6,1,1,1,0,3
1;2;3;4;5;6;7,II;III;aVR;aVL;aVF;V1;V2,5,0.7,1,0,1,0,2
1;2;3;4;5;6;7,II;III;aVR;aVL;aVF;V1;V2,5,0.8,1,0,1,0,2
1;2;3;4;5;6;7,II;III;aVR;aVL;aVF;V1;V2,5,0.9,1,0,0,0,1
1;2;3;4;5;6;7;8,II;III;aVR;aVL;aVF;V1;V2;V3,6,0.5,1,1,1,0,3
1;2;3;4;5;6;7;8,II;III;aVR;aVL;aVF;V1;V2;V3,6,0.6,1,0,1,0,2
1;2;3;4;5;6;7;8,II;III;aVR;aVL;aVF;V1;V2;V3,6,0.7,1,0,1,0,2
1;2;3;4;5;6;7;8,II;III;aVR;aVL;aVF;V1;V2;V3,6,0.8,1,0,1,0,2
1;2;3;4;5;6;7;8,II;III;aVR;aVL;aVF;V1;V2;V3,6,0.9,1,0,0,0,1
1;2;3;4;5;6;7;8;9,II;III;aVR;aVL;aVF;V1;V2;V3;V4,7,0.5,1,1,1,0,3
1;2;3;4;5;6;7;8;9,II;III;aVR;aVL;aVF;V1;V2;V3;V4,7,0.6,1,0,1,0,2
1;2;3;4;5;6;7;8;9,II;III;aVR;aVL;aVF;V1;V2;V3;V4,7,0.7,1,0,1,0,2
1;2;3;4;5;6;7;8;9,II;III;aVR;aVL;aVF;V1;V2;V3;V4,7,0.8,1,0,1,0,2
1;2;3;4;5;6;7;8;9,II;III;aVR;aVL;aVF;V1;V2;V3;V4,7,0.9,1,0,0,0,1
1;2;3;4;5;6;7;8;9;10,II;III;aVR;aVL;aVF;V1;V2;V3;V4;V5,8,0.5,1,1,1,0,3
1;2;3;4;5;6;7;8;9;10,II;III;aVR;aVL;aVF;V1;V2;V3;V4;V5,8,0.6,1,0,1,0,2
1;2;3;4;5;6;7;8;9;10,II;III;aVR;aVL;aVF;V1;V2;V3;V4;V5,8,0.7,1,0,1,0,2
1;2;3;4;5;6;7;8;9;10,II;III;aVR;aVL;aVF;V1;V2;V3;V4;V5,8,0.8,1,0,1,0,2
1;2;3;4;5;6;7;8;9;10,II;III;aVR;aVL;aVF;V1;V2;V3;V4;V5,8,0.9,1,0,0,0,1
1;2;3;4;5;6;7;8;9;10;11,II;III;aVR;aVL;aVF;V1;V2;V3;V4;V5;V6,9,0.5,1,1,1,0,3
1;2;3;4;5;6;7;8;9;10;11,II;III;aVR;aVL;aVF;V1;V2;V3;V4;V5;V6,9,0.6,1,0,1,0,2
1;2;3;4;5;6;7;8;9;10;11,II;III;aVR;aVL;aVF;V1;V2;V3;V4;V5;V6,9,0.7,1,0,1,0,2
1;2;3;4;5;6;7;8;9;10;11,II;III;aVR;aVL;aVF;V1;V2;V3;V4;V5;V6,9,0.8,1,0,1,0,2
1;2;3;4;5;6;7;8;9;10;11,II;III;aVR;aVL;aVF;V1;V2;V3;V4;V5;V6,9,0.9,1,0,0,0,1
1;2;3;4;5;6;7;8;9;11,II;III;aVR;aVL;aVF;V1;V2;V3;V4;V6,8,0.5,1,1,1,0,3
1;2;3;4;5;6;7;8;9;11,II;III;aVR;aVL;aVF;V1;V2;V3;V4;V6,8,0.6,1,0,1,0,2
1;2;3;4;5;6;7;8;9;11,II;III;aVR;aVL;aVF;V1;V2;V3;V4;V6,8,0.7,1,0,1,0,2
1;2;3;4;5;6;7;8;9;11,II;III;aVR;aVL;aVF;V1;V2;V3;V4;V6,8,0.8,1,0,1,0,2
1;2;3;4;5;6;7;8;9;11,II;III;aVR;aVL;aVF;V1;V2;V3;V4;V6,8,0.9,1,0,0,0,1
1;2;3;4;5;6;7;8;10,II;III;aVR;aVL;aVF;V1;V2;V3;V5,7,0.5,1,1,1,0,3
1;2;3;4;5;6;7;8;10,II;III;aVR;aVL;aVF;V1;V2;V3;V5,7,0.6,1,0,1,0,2
1;2;3;4;5;6;7;8;10,II;III;aVR;aVL;aVF;V1;V2;V3;V5,7,0.7,1,0,1,0,2
1;2;3;4;5;6;7;8;10,II;III;aVR;aVL;aVF;V1;V2;V3;V5,7,0.8,1,0,1,0,2
1;2;3;4;5;6;7;8;10,II;III;aVR;aVL;aVF;V1;V2;V3;V5,7,0.9,1,0,0,0,1
1;2;3;4;5;6;7;8;10;11,II;III;aVR;aVL;aVF;V1;V2;V3;V5;V6,8,0.5,1,1,1,0,3
1;2;3;4;5;6;7;8;10;11,II;III;aVR;aVL;aVF;V1;V2;V3;V5;V6,8,0.6,1,0,1,0,2
1;2;3;4;5;6;7;8;10;11,II;III;aVR;aVL;aVF;V1;V2;V3;V5;V6,8,0.7,1,0,1,0,2
1;2;3;4;5;6;7;8;10;11,II;III;aVR;aVL;aVF;V1;V2;V3;V5;V6,8,0.8,1,0,1,0,2
1;2;3;4;5;6;7;8;10;11,II;III;aVR;aVL;aVF;V1;V2;V3;V5;V6,8,0.9,1,0,0,0,1
1;2;3;4;5;6;7;8;11,II;III;aVR;aVL;aVF;V1;V2;V3;V6,7,0.5,1,1,1,0,3
1;2;3;4;5;6;7;8;11,II;III;aVR;aVL;aVF;V1;V2;V3;V6,7,0.6,1,0,1,0,2
1;2;3;4;5;6;7;8;11,II;III;aVR;aVL;aVF;V1;V2;V3;V6,7,0.7,1,0,1,0,2
1;2;3;4;5;6;7;8;11,II;III;aVR;aVL;aVF;V1;V2;V3;V6,7,0.8,1,0,1,0,2
1;2;3;4;5;6;7;8;11,II;III;aVR;aVL;aVF;V1;V2;V3;V6,7,0.9,1,0,0,0,1
1;2;3;4;5;6;7;9,II;III;aVR;aVL;aVF;V1;V2;V4,6,0.5,1,1,1,0,3
1;2;3;4;5;6;7;9,II;III;aVR;aVL;aVF;V1;V2;V4,6,0.6,1,0,1,0,2
1;2;3;4;5;6;7;9,II;III;aVR;aVL;aVF;V1;V2;V4,6,0.7,1,0,1,0,2
1;2;3;4;5;6;7;9,II;III;aVR;aVL;aVF;V1;V2;V4,6,0.8,1,0,1,0,2
1;2;3;4;5;6;7;9,II;III;aVR;aVL;aVF;V1;V2;V4,6,0.9,1,0,0,0,1
1;2;3;4;5;6;7;9;10,II;III;aVR;aVL;aVF;V1;V2;V4;V5,7,0.5,1,1,1,0,3
1;2;3;4;5;6;7;9;10,II;III;aVR;aVL;aVF;V1;V2;V4;V5,7,0.6,1,0,1,0,2
1;2;3;4;5;6;7;9;10,II;III;aVR;aVL;aVF;V1;V2;V4;V5,7,0.7,1,0,1,0,2
1;2;3;4;5;6;7;9;10,II;III;aVR;aVL;aVF;V1;V2;V4;V5,7,0.8,1,0,1,0,2
1;2;3;4;5;6;7;9;10,II;III;aVR;aVL;aVF;V1;V2;V4;V5,7,0.9,1,0,0,0,1
1;2;3;4;5;6;7;9;10;11,II;III;aVR;aVL;aVF;V1;V2;V4;V5;V6,8,0.5,1,1,1,0,3
1;2;3;4;5;6;7;9;10;11,II;III;aVR;aVL;aVF;V1;V2;V4;V5;V6,8,0.6,1,0,1,0,2
1;2;3;4;5;6;7;9;10;11,II;III;aVR;aVL;aVF;V1;V2;V4;V5;V6,8,0.7,1,0,1,0,2
1;2;3;4;5;6;7;9;10;11,II;III;aVR;aVL;aVF;V1;V2;V4;V5;V6,8,0.8,1,0,1,0,2
1;2;3;4;5;6;7;9;10;11,II;III;aVR;aVL;aVF;V1;V2;V4;V5;V6,8,0.9,1,0,0,0,1
1;2;3;4;5;6;7;9;11,II;III;aVR;aVL;aVF;V1;V2;V4;V6,7,0.5,1,1,1,0,3
1;2;3;4;5;6;7;9;11,II;III;aVR;aVL;aVF;V1;V2;V4;V6,7,0.6,1,0,1,0,2
1;2;3;4;5;6;7;9;11,II;III;aVR;aVL;aVF;V1;V2;V4;V6,7,0.7,1,0,1,0,2
1;2;3;4;5;6;7;9;11,II;III;aVR;aVL;aVF;V1;V2;V4;V6,7,0.8,1,0,1,0,2
1;2;3;4;5;6;7;9;11,II;III;aVR;aVL;aVF;V1;V2;V4;V6,7,0.9,1,0,0,0,1
1;2;3;4;5;6;7;10,II;III;aVR;aVL;aVF;V1;V2;V5,6,0.5,1,1,1,0,3
1;2;3;4;5;6;7;10,II;III;aVR;aVL;aVF;V1;V2;V5,6,0.6,1,1,1,0,3
1;2;3;4;5;6;7;10,II;III;aVR;aVL;aVF;V1;V2;V5,6,0.7,1,0,1,0,2
1;2;3;4;5;6;7;10,II;III;aVR;aVL;aVF;V1;V2;V5,6,0.8,1,0,1,0,2
1;2;3;4;5;6;7;10,II;III;aVR;aVL;aVF;V1;V2;V5,6,0.9,1,0,0,0,1
1;2;3;4;5;6;7;10;11,II;III;aVR;aVL;aVF;V1;V2;V5;V6,7,0.5,1,1,1,0,3
1;2;3;4;5;6;7;10;11,II;III;aVR;aVL;aVF;V1;V2;V5;V6,7,0.6,1,1,1,0,3
1;2;3;4;5;6;7;10;11,II;III;aVR;aVL;aVF;V1;V2;V5;V6,7,0.7,1,0,1,0,2
1;2;3;4;5;6;7;10;11,II;III;aVR;aVL;aVF;V1;V2;V5;V6,7,0.8,1,0,1,0,2
1;2;3;4;5;6;7;10;11,II;III;aVR;aVL;aVF;V1;V2;V5;V6,7,0.9,1,0,0,0,1
1;2;3;4;5;6;7;11,II;III;aVR;aVL;aVF;V1;V2;V6,6,0.5,1,1,1,0,3
1;2;3;4;5;6;7;11,II;III;aVR;aVL;aVF;V1;V2;V6,6,0.6,1,0,1,0,2
1;2;3;4;5;6;7;11,II;III;aVR;aVL;aVF;V1;V2;V6,6,0.7,1,0,1,0,2
1;2;3;4;5;6;7;11,II;III;aVR;aVL;aVF;V1;V2;V6,6,0.8,1,0,1,0,2
1;2;3;4;5;6;7;11,II;III;aVR;aVL;aVF;V1;V2;V6,6,0.9,1,0,0,0,1
1;2;3;4;5;6;8,II;III;aVR;aVL;aVF;V1;V3,5,0.5,1,1,1,0,3
1;2;3;4;5;6;8,II;III;aVR;aVL;aVF;V1;V3,5,0.6,1,0,1,0,2
1;2;3;4;5;6;8,II;III;aVR;aVL;aVF;V1;V3,5,0.7,1,0,1,0,2
1;2;3;4;5;6;8,II;III;aVR;aVL;aVF;V1;V3,5,0.8,1,0,1,0,2
1;2;3;4;5;6;8,II;III;aVR;aVL;aVF;V1;V3,5,0.9,1,0,0,0,1
1;2;3;4;5;6;8;9,II;III;aVR;aVL;aVF;V1;V3;V4,6,0.5,1,1,1,0,3
1;2;3;4;5;6;8;9,II;III;aVR;aVL;aVF;V1;V3;V4,6,0.6,1,1,1,0,3
1;2;3;4;5;6;8;9,II;III;aVR;aVL;aVF;V1;V3;V4,6,0.7,1,0,1,0,2
1;2;3;4;5;6;8;9,II;III;aVR;aVL;aVF;V1;V3;V4,6,0.8,1,0,1,0,2
1;2;3;4;5;6;8;9,II;III;aVR;aVL;aVF;V1;V3;V4,6,0.9,1,0,0,0,1
1;2;3;4;5;6;8;9;10,II;III;aVR;aVL;aVF;V1;V3;V4;V5,7,0.5,1,1,1,0,3
1;2;3;4;5;6;8;9;10,II;III;aVR;aVL;aVF;V1;V3;V4;V5,7,0.6,1,0,1,0,2
1;2;3;4;5;6;8;9;10,II;III;aVR;aVL;aVF;V1;V3;V4;V5,7,0.7,1,0,1,0,2
1;2;3;4;5;6;8;9;10,II;III;aVR;aVL;aVF;V1;V3;V4;V5,7,0.8,1,0,1,0,2
1;2;3;4;5;6;8;9;10,II;III;aVR;aVL;aVF;V1;V3;V4;V5,7,0.9,1,0,0,0,1
1;2;3;4;5;6;8;9;10;11,II;III;aVR;aVL;aVF;V1;V3;V4;V5;V6,8,0.5,1,1,1,0,3
1;2;3;4;5;6;8;9;10;11,II;III;aVR;aVL;aVF;V1;V3;V4;V5;V6,8,0.6,1,0,1,0,2
1;2;3;4;5;6;8;9;10;11,II;III;aVR;aVL;aVF;V1;V3;V4;V5;V6,8,0.7,1,0,1,0,2
1;2;3;4;5;6;8;9;10;11,II;III;aVR;aVL;aVF;V1;V3;V4;V5;V6,8,0.8,1,0,1,0,2
1;2;3;4;5;6;8;9;10;11,II;III;aVR;aVL;aVF;V1;V3;V4;V5;V6,8,0.9,1,0,0,0,1
1;2;3;4;5;6;8;9;11,II;III;aVR;aVL;aVF;V1;V3;V4;V6,7,0.5,1,1,1,0,3
1;2;3;4;5;6;8;9;11,II;III;aVR;aVL;aVF;V1;V3;V4;V6,7,0.6,1,0,1,0,2
1;2;3;4;5;6;8;9;11,II;III;aVR;aVL;aVF;V1;V3;V4;V6,7,0.7,1,0,1,0,2
1;2;3;4;5;6;8;9;11,II;III;aVR;aVL;aVF;V1;V3;V4;V6,7,0.8,1,0,1,0,2
1;2;3;4;5;6;8;9;11,II;III;aVR;aVL;aVF;V1;V3;V4;V6,7,0.9,1,0,0,0,1
1;2;3;4;5;6;8;10,II;III;aVR;aVL;aVF;V1;V3;V5,6,0.5,1,1,1,0,3
1;2;3;4;5;6;8;10,II;III;aVR;aVL;aVF;V1;V3;V5,6,0.6,1,0,1,0,2
1;2;3;4;5;6;8;10,II;III;aVR;aVL;aVF;V1;V3;V5,6,0.7,1,0,1,0,2
1;2;3;4;5;6;8;10,II;III;aVR;aVL;aVF;V1;V3;V5,6,0.8,1,0,1,0,2
1;2;3;4;5;6;8;10,II;III;aVR;aVL;aVF;V1;V3;V5,6,0.9,1,0,0,0,1
1;2;3;4;5;6;8;10;11,II;III;aVR;aVL;aVF;V1;V3;V5;V6,7,0.5,1,1,1,0,3
1;2;3;4;5;6;8;10;11,II;III;aVR;aVL;aVF;V1;V3;V5;V6,7,0.6,1,0,1,0,2
1;2;3;4;5;6;8;10;11,II;III;aVR;aVL;aVF;V1;V3;V5;V6,7,0.7,1,0,1,0,2
1;2;3;4;5;6;8;10;11,II;III;aVR;aVL;aVF;V1;V3;V5;V6,7,0.8,1,0,1,0,2
1;2;3;4;5;6;8;10;11,II;III;aVR;aVL;aVF;V1;V3;V5;V6,7,0.9,1,0,0,0,1
1;2;3;4;5;6;8;11,II;III;aVR;aVL;aVF;V1;V3;V6,6,0.5,1,1,1,0,3
1;2;3;4;5;6;8;11,II;III;aVR;aVL;aVF;V1;V3;V6,6,0.6,1,0,1,0,2
1;2;3;4;5;6;8;11,II;III;aVR;aVL;aVF;V1;V3;V6,6,0.7,1,0,1,0,2
1;2;3;4;5;6;8;11,II;III;aVR;aVL;aVF;V1;V3;V6,6,0.8,1,0,1,0,2
1;2;3;4;5;6;8;11,II;III;aVR;aVL;aVF;V1;V3;V6,6,0.9,1,0,0,0,1
1;2;3;4;5;6;9,II;III;aVR;aVL;aVF;V1;V4,5,0.5,1,1,1,0,3
1;2;3;4;5;6;9,II;III;aVR;aVL;aVF;V1;V4,5,0.6,1,0,1,0,2
1;2;3;4;5;6;9,II;III;aVR;aVL;aVF;V1;V4,5,0.7,1,0,1,0,2
1;2;3;4;5;6;9,II;III;aVR;aVL;aVF;V1;V4,5,0.8,1,0,1,0,2
1;2;3;4;5;6;9,II;III;aVR;aVL;aVF;V1;V4,5,0.9,1,0,0,0,1
1;2;3;4;5;6;9;10,II;III;aVR;aVL;aVF;V1;V4;V5,6,0.5,1,1,1,0,3
1;2;3;4;5;6;9;10,II;III;aVR;aVL;aVF;V1;V4;V5,6,0.6,1,0,1,0,2
1;2;3;4;5;6;9;10,II;III;aVR;aVL;aVF;V1;V4;V5,6,0.7,1,0,1,0,2
1;2;3;4;5;6;9;10,II;III;aVR;aVL;aVF;V1;V4;V5,6,0.8,1,0,1,0,2
1;2;3;4;5;6;9;10,II;III;aVR;aVL;aVF;V1;V4;V5,6,0.9,1,0,0,0,1
1;2;3;4;5;6;9;10;11,II;III;aVR;aVL;aVF;V1;V4;V5;V6,7,0.5,1,1,1,0,3
1;2;3;4;5;6;9;10;11,II;III;aVR;aVL;aVF;V1;V4;V5;V6,7,0.6,1,0,1,0,2
1;2;3;4;5;6;9;10;11,II;III;aVR;aVL;aVF;V1;V4;V5;V6,7,0.7,1,0,1,0,2
1;2;3;4;5;6;9;10;11,II;III;aVR;aVL;aVF;V1;V4;V5;V6,7,0.8,1,0,1,0,2
1;2;3;4;5;6;9;10;11,II;III;aVR;aVL;aVF;V1;V4;V5;V6,7,0.9,1,0,0,0,1
1;2;3;4;5;6;9;11,II;III;aVR;aVL;aVF;V1;V4;V6,6,0.5,1,1,1,0,3
1;2;3;4;5;6;9;11,II;III;aVR;aVL;aVF;V1;V4;V6,6,0.6,1,0,1,0,2
1;2;3;4;5;6;9;11,II;III;aVR;aVL;aVF;V1;V4;V6,6,0.7,1,0,1,0,2
1;2;3;4;5;6;9;11,II;III;aVR;aVL;aVF;V1;V4;V6,6,0.8,1,0,1,0,2
1;2;3;4;5;6;9;11,II;III;aVR;aVL;aVF;V1;V4;V6,6,0.9,1,0,0,0,1
1;2;3;4;5;6;10,II;III;aVR;aVL;aVF;V1;V5,5,0.5,1,1,1,0,3
1;2;3;4;5;6;10,II;III;aVR;aVL;aVF;V1;V5,5,0.6,1,0,1,0,2
1;2;3;4;5;6;10,II;III;aVR;aVL;aVF;V1;V5,5,0.7,1,0,1,0,2
1;2;3;4;5;6;10,II;III;aVR;aVL;aVF;V1;V5,5,0.8,1,0,1,0,2
1;2;3;4;5;6;10,II;III;aVR;aVL;aVF;V1;V5,5,0.9,1,0,0,0,1
1;2;3;4;5;6;10;11,II;III;aVR;aVL;aVF;V1;V5;V6,6,0.5,1,1,1,0,3
1;2;3;4;5;6;10;11,II;III;aVR;aVL;aVF;V1;V5;V6,6,0.6,1,0,1,0,2
1;2;3;4;5;6;10;11,II;III;aVR;aVL;aVF;V1;V5;V6,6,0.7,1,0,1,0,2
1;2;3;4;5;6;10;11,II;III;aVR;aVL;aVF;V1;V5;V6,6,0.8,1,0,1,0,2
1;2;3;4;5;6;10;11,II;III;aVR;aVL;aVF;V1;V5;V6,6,0.9,1,0,0,0,1
1;2;3;4;5;6;11,II;III;aVR;aVL;aVF;V1;V6,5,0.5,1,1,1,0,3
1;2;3;4;5;6;11,II;III;aVR;aVL;aVF;V1;V6,5,0.6,1,1,1,0,3
1;2;3;4;5;6;11,II;III;aVR;aVL;aVF;V1;V6,5,0.7,1,0,1,0,2
1;2;3;4;5;6;11,II;III;aVR;aVL;aVF;V1;V6,5,0.8,1,0,1,0,2
1;2;3;4;5;6;11,II;III;aVR;aVL;aVF;V1;V6,5,0.9,1,0,0,0,1
1;2;3;4;5;7,II;III;aVR;aVL;aVF;V2,4,0.5,1,1,1,0,3
1;2;3;4;5;7,II;III;aVR;aVL;aVF;V2,4,0.6,1,1,1,0,3
1;2;3;4;5;7,II;III;aVR;aVL;aVF;V2,4,0.7,1,0,1,0,2
1;2;3;4;5;7,II;III;aVR;aVL;aVF;V2,4,0.8,1,0,1,0,2
1;2;3;4;5;7,II;III;aVR;aVL;aVF;V2,4,0.9,1,0,0,0,1
1;2;3;4;5;7;8,II;III;aVR;aVL;aVF;V2;V3,5,0.5,1,1,1,0,3
1;2;3;4;5;7;8,II;III;aVR;aVL;aVF;V2;V3,5,0.6,1,1,1,0,3
1;2;3;4;5;7;8,II;III;aVR;aVL;aVF;V2;V3,5,0.7,1,0,1,0,2
1;2;3;4;5;7;8,II;III;aVR;aVL;aVF;V2;V3,5,0.8,1,0,1,0,2
1;2;3;4;5;7;8,II;III;aVR;aVL;aVF;V2;V3,5,0.9,1,0,0,0,1
1;2;3;4;5;7;8;9,II;III;aVR;aVL;aVF;V2;V3;V4,6,0.5,1,1,1,0,3
1;2;3;4;5;7;8;9,II;III;aVR;aVL;aVF;V2;V3;V4,6,0.6,1,1,1,0,3
1;2;3;4;5;7;8;9,II;III;aVR;aVL;aVF;V2;V3;V4,6,0.7,1,0,1,0,2
1;2;3;4;5;7;8;9,II;III;aVR;aVL;aVF;V2;V3;V4,6,0.8,1,0,1,0,2
1;2;3;4;5;7;8;9,II;III;aVR;aVL;aVF;V2;V3;V4,6,0.9,1,0,0,0,1
1;2;3;4;5;7;8;9;10,II;III;aVR;aVL;aVF;V2;V3;V4;V5,7,0.5,1,1,1,0,3
1;2;3;4;5;7;8;9;10,II;III;aVR;aVL;aVF;V2;V3;V4;V5,7,0.6,1,1,1,0,3
1;2;3;4;5;7;8;9;10,II;III;aVR;aVL;aVF;V2;V3;V4;V5,7,0.7,1,0,1,0,2
1;2;3;4;5;7;8;9;10,II;III;aVR;aVL;aVF;V2;V3;V4;V5,7,0.8,1,0,0,0,1
1;2;3;4;5;7;8;9;10,II;III;aVR;aVL;aVF;V2;V3;V4;V5,7,0.9,1,0,0,0,1
1;2;3;4;5;7;8;9;10;11,II;III;aVR;aVL;aVF;V2;V3;V4;V5;V6,8,0.5,1,1,1,0,3
1;2;3;4;5;7;8;9;10;11,II;III;aVR;aVL;aVF;V2;V3;V4;V5;V6,8,0.6,1,0,1,0,2
1;2;3;4;5;7;8;9;10;11,II;III;aVR;aVL;aVF;V2;V3;V4;V5;V6,8,0.7,1,0,1,0,2
1;2;3;4;5;7;8;9;10;11,II;III;aVR;aVL;aVF;V2;V3;V4;V5;V6,8,0.8,1,0,0,0,1
1;2;3;4;5;7;8;9;10;11,II;III;aVR;aVL;aVF;V2;V3;V4;V5;V6,8,0.9,1,0,0,0,1
1;2;3;4;5;7;8;9;11,II;III;aVR;aVL;aVF;V2;V3;V4;V6,7,0.5,1,1,1,0,3
1;2;3;4;5;7;8;9;11,II;III;aVR;aVL;aVF;V2;V3;V4;V6,7,0.6,1,0,1,0,2
1;2;3;4;5;7;8;9;11,II;III;aVR;aVL;aVF;V2;V3;V4;V6,7,0.7,1,0,1,0,2
1;2;3;4;5;7;8;9;11,II;III;aVR;aVL;aVF;V2;V3;V4;V6,7,0.8,1,0,0,0,1
1;2;3;4;5;7;8;9;11,II;III;aVR;aVL;aVF;V2;V3;V4;V6,7,0.9,1,0,0,0,1
1;2;3;4;5;7;8;10,II;III;aVR;aVL;aVF;V2;V3;V5,6,0.5,1,1,1,0,3
1;2;3;4;5;7;8;10,II;III;aVR;aVL;aVF;V2;V3;V5,6,0.6,1,0,1,0,2
1;2;3;4;5;7;8;10,II;III;aVR;aVL;aVF;V2;V3;V5,6,0.7,1,0,1,0,2
1;2;3;4;5;7;8;10,II;III;aVR;aVL;aVF;V2;V3;V5,6,0.8,1,0,0,0,1
1;2;3;4;5;7;8;10,II;III;aVR;aVL;aVF;V2;V3;V5,6,0.9,1,0,0,0,1
1;2;3;4;5;7;8;10;11,II;III;aVR;aVL;aVF;V2;V3;V5;V6,7,0.5,1,1,1,0,3
1;2;3;4;5;7;8;10;11,II;III;aVR;aVL;aVF;V2;V3;V5;V6,7,0.6,1,0,1,0,2
1;2;3;4;5;7;8;10;11,II;III;aVR;aVL;aVF;V2;V3;V5;V6,7,0.7,1,0,1,0,2
1;2;3;4;5;7;8;10;11,II;III;aVR;aVL;aVF;V2;V3;V5;V6,7,0.8,1,0,0,0,1
1;2;3;4;5;7;8;10;11,II;III;aVR;aVL;aVF;V2;V3;V5;V6,7,0.9,1,0,0,0,1
1;2;3;4;5;7;8;11,II;III;aVR;aVL;aVF;V2;V3;V6,6,0.5,1,1,1,0,3
1;2;3;4;5;7;8;11,II;III;aVR;aVL;aVF;V2;V3;V6,6,0.6,1,1,1,0,3
1;2;3;4;5;7;8;11,II;III;aVR;aVL;aVF;V2;V3;V6,6,0.7,1,0,1,0,2
1;2;3;4;5;7;8;11,II;III;aVR;aVL;aVF;V2;V3;V6,6,0.8,1,0,0,0,1
1;2;3;4;5;7;8;11,II;III;aVR;aVL;aVF;V2;V3;V6,6,0.9,1,0,0,0,1
1;2;3;4;5;7;9,II;III;aVR;aVL;aVF;V2;V4,5,0.5,1,1,1,0,3
1;2;3;4;5;7;9,II;III;aVR;aVL;aVF;V2;V4,5,0.6,1,0,1,0,2
1;2;3;4;5;7;9,II;III;aVR;aVL;aVF;V2;V4,5,0.7,1,0,1,0,2
1;2;3;4;5;7;9,II;III;aVR;aVL;aVF;V2;V4,5,0.8,1,0,1,0,2
1;2;3;4;5;7;9,II;III;aVR;aVL;aVF;V2;V4,5,0.9,1,0,0,0,1
1;2;3;4;5;7;9;10,II;III;aVR;aVL;aVF;V2;V4;V5,6,0.5,1,1,1,0,3
1;2;3;4;5;7;9;10,II;III;aVR;aVL;aVF;V2;V4;V5,6,0.6,1,0,1,0,2
1;2;3;4;5;7;9;10,II;III;aVR;aVL;aVF;V2;V4;V5,6,0.7,1,0,1,0,2
1;2;3;4;5;7;9;10,II;III;aVR;aVL;aVF;V2;V4;V5,6,0.8,1,0,0,0,1
1;2;3;4;5;7;9;10,II;III;aVR;aVL;aVF;V2;V4;V5,6,0.9,1,0,0,0,1
1;2;3;4;5;7;9;10;11,II;III;aVR;aVL;aVF;V2;V4;V5;V6,7,0.5,1,1,1,0,3
1;2;3;4;5;7;9;10;11,II;III;aVR;aVL;aVF;V2;V4;V5;V6,7,0.6,1,0,1,0,2
1;2;3;4;5;7;9;10;11,II;III;aVR;aVL;aVF;V2;V4;V5;V6,7,0.7,1,0,1,0,2
1;2;3;4;5;7;9;10;11,II;III;aVR;aVL;aVF;V2;V4;V5;V6,7,0.8,1,0,0,0,1
1;2;3;4;5;7;9;10;11,II;III;aVR;aVL;aVF;V2;V4;V5;V6,7,0.9,1,0,0,0,1
1;2;3;4;5;7;9;11,II;III;aVR;aVL;aVF;V2;V4;V6,6,0.5,1,1,1,0,3
1;2;3;4;5;7;9;11,II;III;aVR;aVL;aVF;V2;V4;V6,6,0.6,1,0,1,0,2
1;2;3;4;5;7;9;11,II;III;aVR;aVL;aVF;V2;V4;V6,6,0.7,1,0,1,0,2
1;2;3;4;5;7;9;11,II;III;aVR;aVL;aVF;V2;V4;V6,6,0.8,1,0,0,0,1
1;2;3;4;5;7;9;11,II;III;aVR;aVL;aVF;V2;V4;V6,6,0.9,1,0,0,0,1
1;2;3;4;5;7;10,II;III;aVR;aVL;aVF;V2;V5,5,0.5,1,1,1,0,3
1;2;3;4;5;7;10,II;III;aVR;aVL;aVF;V2;V5,5,0.6,1,0,1,0,2
1;2;3;4;5;7;10,II;III;aVR;aVL;aVF;V2;V5,5,0.7,1,0,1,0,2
1;2;3;4;5;7;10,II;III;aVR;aVL;aVF;V2;V5,5,0.8,1,0,1,0,2
1;2;3;4;5;7;10,II;III;aVR;aVL;aVF;V2;V5,5,0.9,1,0,0,0,1
1;2;3;4;5;7;10;11,II;III;aVR;aVL;aVF;V2;V5;V6,6,0.5,1,1,1,0,3
1;2;3;4;5;7;10;11,II;III;aVR;aVL;aVF;V2;V5;V6,6,0.6,1,0,1,0,2
1;2;3;4;5;7;10;11,II;III;aVR;aVL;aVF;V2;V5;V6,6,0.7,1,0,1,0,2
1;2;3;4;5;7;10;11,II;III;aVR;aVL;aVF;V2;V5;V6,6,0.8,1,0,0,0,1
1;2;3;4;5;7;10;11,II;III;aVR;aVL;aVF;V2;V5;V6,6,0.9,1,0,0,0,1
1;2;3;4;5;7;11,II;III;aVR;aVL;aVF;V2;V6,5,0.5,1,1,1,0,3
1;2;3;4;5;7;11,II;III;aVR;aVL;aVF;V2;V6,5,0.6,1,1,1,0,3
1;2;3;4;5;7;11,II;III;aVR;aVL;aVF;V2;V6,5,0.7,1,0,1,0,2
1;2;3;4;5;7;11,II;III;aVR;aVL;aVF;V2;V6,5,0.8,1,0,0,0,1
1;2;3;4;5;7;11,II;III;aVR;aVL;aVF;V2;V6,5,0.9,1,0,0,0,1
1;2;3;4;5;8,II;III;aVR;aVL;aVF;V3,4,0.5,1,1,1,0,3
1;2;3;4;5;8,II;III;aVR;aVL;aVF;V3,4,0.6,1,0,1,0,2
1;2;3;4;5;8,II;III;aVR;aVL;aVF;V3,4,0.7,1,0,1,0,2
1;2;3;4;5;8,II;III;aVR;aVL;aVF;V3,4,0.8,1,0,0,0,1
1;2;3;4;5;8,II;III;aVR;aVL;aVF;V3,4,0.9,1,0,0,0,1
1;2;3;4;5;8;9,II;III;aVR;aVL;aVF;V3;V4,5,0.5,1,1,1,0,3
1;2;3;4;5;8;9,II;III;aVR;aVL;aVF;V3;V4,5,0.6,1,1,1,0,3
1;2;3;4;5;8;9,II;III;aVR;aVL;aVF;V3;V4,5,0.7,1,0,1,0,2
1;2;3;4;5;8;9,II;III;aVR;aVL;aVF;V3;V4,5,0.8,1,0,1,0,2
1;2;3;4;5;8;9,II;III;aVR;aVL;aVF;V3;V4,5,0.9,1,0,0,0,1
1;2;3;4;5;8;9;10,II;III;aVR;aVL;aVF;V3;V4;V5,6,0.5,1,1,1,0,3
1;2;3;4;5;8;9;10,II;III;aVR;aVL;aVF;V3;V4;V5,6,0.6,1,0,1,0,2
1;2;3;4;5;8;9;10,II;III;aVR;aVL;aVF;V3;V4;V5,6,0.7,1,0,1,0,2
1;2;3;4;5;8;9;10,II;III;aVR;aVL;aVF;V3;V4;V5,6,0.8,1,0,0,0,1
1;2;3;4;5;8;9;10,II;III;aVR;aVL;aVF;V3;V4;V5,6,0.9,1,0,0,0,1
1;2;3;4;5;8;9;10;11,II;III;aVR;aVL;aVF;V3;V4;V5;V6,7,0.5,1,1,1,0,3
1;2;3;4;5;8;9;10;11,II;III;aVR;aVL;aVF;V3;V4;V5;V6,7,0.6,1,0,1,0,2
1;2;3;4;5;8;9;10;11,II;III;aVR;aVL;aVF;V3;V4;V5;V6,7,0.7,1,0,1,0,2
1;2;3;4;5;8;9;10;11,II;III;aVR;aVL;aVF;V3;V4;V5;V6,7,0.8,1,0,0,0,1
1;2;3;4;5;8;9;10;11,II;III;aVR;aVL;aVF;V3;V4;V5;V6,7,0.9,1,0,0,0,1
1;2;3;4;5;8;9;11,II;III;aVR;aVL;aVF;V3;V4;V6,6,0.5,1,1,1,0,3
1;2;3;4;5;8;9;11,II;III;aVR;aVL;aVF;V3;V4;V6,6,0.6,1,0,1,0,2
1;2;3;4;5;8;9;11,II;III;aVR;aVL;aVF;V3;V4;V6,6,0.7,1,0,1,0,2
1;2;3;4;5;8;9;11,II;III;aVR;aVL;aVF;V3;V4;V6,6,0.8,1,0,0,0,1
1;2;3;4;5;8;9;11,II;III;aVR;aVL;aVF;V3;V4;V6,6,0.9,1,0,0,0,1
1;2;3;4;5;8;10,II;III;aVR;aVL;aVF;V3;V5,5,0.5,1,1,1,0,3
1;2;3;4;5;8;10,II;III;aVR;aVL;aVF;V3;V5,5,0.6,1,0,1,0,2
1;2;3;4;5;8;10,II;III;aVR;aVL;aVF;V3;V5,5,0.7,1,0,1,0,2
1;2;3;4;5;8;10,II;III;aVR;aVL;aVF;V3;V5,5,0.8,1,0,0,0,1
1;2;3;4;5;8;10,II;III;aVR;aVL;aVF;V3;V5,5,0.9,1,0,0,0,1
1;2;3;4;5;8;10;11,II;III;aVR;aVL;aVF;V3;V5;V6,6,0.5,1,1,1,0,3
1;2;3;4;5;8;10;11,II;III;aVR;aVL;aVF;V3;V5;V6,6,0.6,1,0,1,0,2
1;2;3;4;5;8;10;11,II;III;aVR;aVL;aVF;V3;V5;V6,6,0.7,1,0,1,0,2
1;2;3;4;5;8;10;11,II;III;aVR;aVL;aVF;V3;V5;V6,6,0.8,1,0,0,0,1
1;2;3;4;5;8;10;11,II;III;aVR;aVL;aVF;V3;V5;V6,6,0.9,1,0,0,0,1
1;2;3;4;5;8;11,II;III;aVR;aVL;aVF;V3;V6,5,0.5,1,1,1,0,3
1;2;3;4;5;8;11,II;III;aVR;aVL;aVF;V3;V6,5,0.6,1,0,1,0,2
1;2;3;4;5;8;11,II;III;aVR;aVL;aVF;V3;V6,5,0.7,1,0,1,0,2
1;2;3;4;5;8;11,II;III;aVR;aVL;aVF;V3;V6,5,0.8,1,0,0,0,1
1;2;3;4;5;8;11,II;III;aVR;aVL;aVF;V3;V6,5,0.9,1,0,0,0,1
1;2;3;4;5;9,II;III;aVR;aVL;aVF;V4,4,0.5,1,1,1,0,3
1;2;3;4;5;9,II;III;aVR;aVL;aVF;V4,4,0.6,1,0,1,0,2
1;2;3;4;5;9,II;III;aVR;aVL;aVF;V4,4,0.7,1,0,1,0,2
1;2;3;4;5;9,II;III;aVR;aVL;aVF;V4,4,0.8,1,0,1,0,2
1;2;3;4;5;9,II;III;aVR;aVL;aVF;V4,4,0.9,1,0,0,0,1
1;2;3;4;5;9;10,II;III;aVR;aVL;aVF;V4;V5,5,0.5,1,1,1,0,3
1;2;3;4;5;9;10,II;III;aVR;aVL;aVF;V4;V5,5,0.6,1,0,1,0,2
1;2;3;4;5;9;10,II;III;aVR;aVL;aVF;V4;V5,5,0.7,1,0,1,0,2
1;2;3;4;5;9;10,II;III;aVR;aVL;aVF;V4;V5,5,0.8,1,0,0,0,1
1;2;3;4;5;9;10,II;III;aVR;aVL;aVF;V4;V5,5,0.9,1,0,0,0,1
1;2;3;4;5;9;10;11,II;III;aVR;aVL;aVF;V4;V5;V6,6,0.5,1,1,1,0,3
1;2;3;4;5;9;10;11,II;III;aVR;aVL;aVF;V4;V5;V6,6,0.6,1,0,1,0,2
1;2;3;4;5;9;10;11,II;III;aVR;aVL;aVF;V4;V5;V6,6,0.7,1,0,1,0,2
1;2;3;4;5;9;10;11,II;III;aVR;aVL;aVF;V4;V5;V6,6,0.8,1,0,1,0,2
1;2;3;4;5;9;10;11,II;III;aVR;aVL;aVF;V4;V5;V6,6,0.9,1,0,0,0,1
1;2;3;4;5;9;11,II;III;aVR;aVL;aVF;V4;V6,5,0.5,1,1,1,0,3
1;2;3;4;5;9;11,II;III;aVR;aVL;aVF;V4;V6,5,0.6,1,0,1,0,2
1;2;3;4;5;9;11,II;III;aVR;aVL;aVF;V4;V6,5,0.7,1,0,1,0,2
1;2;3;4;5;9;11,II;III;aVR;aVL;aVF;V4;V6,5,0.8,1,0,1,0,2
1;2;3;4;5;9;11,II;III;aVR;aVL;aVF;V4;V6,5,0.9,1,0,0,0,1
1;2;3;4;5;10,II;III;aVR;aVL;aVF;V5,4,0.5,1,1,1,0,3
1;2;3;4;5;10,II;III;aVR;aVL;aVF;V5,4,0.6,1,0,1,0,2
1;2;3;4;5;10,II;III;aVR;aVL;aVF;V5,4,0.7,1,0,1,0,2
1;2;3;4;5;10,II;III;aVR;aVL;aVF;V5,4,0.8,1,0,0,0,1
1;2;3;4;5;10,II;III;aVR;aVL;aVF;V5,4,0.9,1,0,0,0,1
1;2;3;4;5;10;11,II;III;aVR;aVL;aVF;V5;V6,5,0.5,1,1,1,0,3
1;2;3;4;5;10;11,II;III;aVR;aVL;aVF;V5;V6,5,0.6,1,1,1,0,3
1;2;3;4;5;10;11,II;III;aVR;aVL;aVF;V5;V6,5,0.7,1,0,1,0,2
1;2;3;4;5;10;11,II;III;aVR;aVL;aVF;V5;V6,5,0.8,1,0,0,0,1
1;2;3;4;5;10;11,II;III;aVR;aVL;aVF;V5;V6,5,0.9,1,0,0,0,1
1;2;3;4;5;11,II;III;aVR;aVL;aVF;V6,4,0.5,1,1,1,0,3
1;2;3;4;5;11,II;III;aVR;aVL;aVF;V6,4,0.6,1,0,1,0,2
1;2;3;4;5;11,II;III;aVR;aVL;aVF;V6,4,0.7,1,0,1,0,2
1;2;3;4;5;11,II;III;aVR;aVL;aVF;V6,4,0.8,1,0,0,0,1
1;2;3;4;5;11,II;III;aVR;aVL;aVF;V6,4,0.9,1,0,0,0,1
1;2;3;4;6,II;III;aVR;aVL;V1,4,0.5,1,1,1,0,3
1;2;3;4;6,II;III;aVR;aVL;V1,4,0.6,1,1,1,0,3
1;2;3;4;6,II;III;aVR;aVL;V1,4,0.7,1,0,1,0,2
1;2;3;4;6,II;III;aVR;aVL;V1,4,0.8,1,0,1,0,2
1;2;3;4;6,II;III;aVR;aVL;V1,4,0.9,1,0,0,0,1
1;2;3;4;6;7,II;III;aVR;aVL;V1;V2,5,0.5,1,1,1,0,3
1;2;3;4;6;7,II;III;aVR;aVL;V1;V2,5,0.6,1,0,1,0,2
1;2;3;4;6;7,II;III;aVR;aVL;V1;V2,5,0.7,1,0,1,0,2
1;2;3;4;6;7,II;III;aVR;aVL;V1;V2,5,0.8,1,0,1,0,2
1;2;3;4;6;7,II;III;aVR;aVL;V1;V2,5,0.9,1,0,0,0,1
1;2;3;4;6;7;8,II;III;aVR;aVL;V1;V2;V3,6,0.5,1,1,1,0,3
1;2;3;4;6;7;8,II;III;aVR;aVL;V1;V2;V3,6,0.6,1,0,1,0,2
1;2;3;4;6;7;8,II;III;aVR;aVL;V1;V2;V3,6,0.7,1,0,1,0,2
1;2;3;4;6;7;8,II;III;aVR;aVL;V1;V2;V3,6,0.8,1,0,1,0,2
1;2;3;4;6;7;8,II;III;aVR;aVL;V1;V2;V3,6,0.9,1,0,0,0,1
1;2;3;4;6;7;8;9,II;III;aVR;aVL;V1;V2;V3;V4,7,0.5,1,1,1,0,3
1;2;3;4;6;7;8;9,II;III;aVR;aVL;V1;V2;V3;V4,7,0.6,1,0,1,0,2
1;2;3;4;6;7;8;9,II;III;aVR;aVL;V1;V2;V3;V4,7,0.7,1,0,1,0,2
1;2;3;4;6;7;8;9,II;III;aVR;aVL;V1;V2;V3;V4,7,0.8,1,0,1,0,2
1;2;3;4;6;7;8;9,II;III;aVR;aVL;V1;V2;V3;V4,7,0.9,1,0,0,0,1
1;2;3;4;6;7;8;9;10,II;III;aVR;aVL;V1;V2;V3;V4;V5,8,0.5,1,1,1,0,3
1;2;3;4;6;7;8;9;10,II;III;aVR;aVL;V1;V2;V3;V4;V5,8,0.6,1,0,1,0,2
1;2;3;4;6;7;8;9;10,II;III;aVR;aVL;V1;V2;V3;V4;V5,8,0.7,1,0,1,0,2
1;2;3;4;6;7;8;9;10,II;III;aVR;aVL;V1;V2;V3;V4;V5,8,0.8,1,0,1,0,2
1;2;3;4;6;7;8;9;10,II;III;aVR;aVL;V1;V2;V3;V4;V5,8,0.9,1,0,0,0,1
1;2;3;4;6;7;8;9;10;11,II;III;aVR;aVL;V1;V2;V3;V4;V5;V6,9,0.5,1,1,1,0,3
1;2;3;4;6;7;8;9;10;11,II;III;aVR;aVL;V1;V2;V3;V4;V5;V6,9,0.6,1,0,1,0,2
1;2;3;4;6;7;8;9;10;11,II;III;aVR;aVL;V1;V2;V3;V4;V5;V6,9,0.7,1,0,1,0,2
1;2;3;4;6;7;8;9;10;11,II;III;aVR;aVL;V1;V2;V3;V4;V5;V6,9,0.8,1,0,1,0,2
1;2;3;4;6;7;8;9;10;11,II;III;aVR;aVL;V1;V2;V3;V4;V5;V6,9,0.9,1,0,0,0,1
1;2;3;4;6;7;8;9;11,II;III;aVR;aVL;V1;V2;V3;V4;V6,8,0.5,1,1,1,0,3
1;2;3;4;6;7;8;9;11,II;III;aVR;aVL;V1;V2;V3;V4;V6,8,0.6,1,0,1,0,2
1;2;3;4;6;7;8;9;11,II;III;aVR;aVL;V1;V2;V3;V4;V6,8,0.7,1,0,1,0,2
1;2;3;4;6;7;8;9;11,II;III;aVR;aVL;V1;V2;V3;V4;V6,8,0.8,1,0,1,0,2
1;2;3;4;6;7;8;9;11,II;III;aVR;aVL;V1;V2;V3;V4;V6,8,0.9,1,0,0,0,1
1;2;3;4;6;7;8;10,II;III;aVR;aVL;V1;V2;V3;V5,7,0.5,1,1,1,0,3
1;2;3;4;6;7;8;10,II;III;aVR;aVL;V1;V2;V3;V5,7,0.6,1,0,1,0,2
1;2;3;4;6;7;8;10,II;III;aVR;aVL;V1;V2;V3;V5,7,0.7,1,0,1,0,2
1;2;3;4;6;7;8;10,II;III;aVR;aVL;V1;V2;V3;V5,7,0.8,1,0,1,0,2
1;2;3;4;6;7;8;10,II;III;aVR;aVL;V1;V2;V3;V5,7,0.9,1,0,0,0,1
1;2;3;4;6;7;8;10;11,II;III;aVR;aVL;V1;V2;V3;V5;V6,8,0.5,1,1,1,0,3
1;2;3;4;6;7;8;10;11,II;III;aVR;aVL;V1;V2;V3;V5;V6,8,0.6,1,0,1,0,2
1;2;3;4;6;7;8;10;11,II;III;aVR;aVL;V1;V2;V3;V5;V6,8,0.7,1,0,1,0,2
1;2;3;4;6;7;8;10;11,II;III;aVR;aVL;V1;V2;V3;V5;V6,8,0.8,1,0,1,0,2
1;2;3;4;6;7;8;10;11,II;III;aVR;aVL;V1;V2;V3;V5;V6,8,0.9,1,0,0,0,1
1;2;3;4;6;7;8;11,II;III;aVR;aVL;V1;V2;V3;V6,7,0.5,1,1,1,0,3
1;2;3;4;6;7;8;11,II;III;aVR;aVL;V1;V2;V3;V6,7,0.6,1,0,1,0,2
1;2;3;4;6;7;8;11,II;III;aVR;aVL;V1;V2;V3;V6,7,0.7,1,0,1,0,2
1;2;3;4;6;7;8;11,II;III;aVR;aVL;V1;V2;V3;V6,7,0.8,1,0,1,0,2
1;2;3;4;6;7;8;11,II;III;aVR;aVL;V1;V2;V3;V6,7,0.9,1,0,0,0,1
1;2;3;4;6;7;9,II;III;aVR;aVL;V1;V2;V4,6,0.5,1,1,1,0,3
1;2;3;4;6;7;9,II;III;aVR;aVL;V1;V2;V4,6,0.6,1,0,1,0,2
1;2;3;4;6;7;9,II;III;aVR;aVL;V1;V2;V4,6,0.7,1,0,1,0,2
1;2;3;4;6;7;9,II;III;aVR;aVL;V1;V2;V4,6,0.8,1,0,1,0,2
1;2;3;4;6;7;9,II;III;aVR;aVL;V1;V2;V4,6,0.9,1,0,0,0,1
1;2;3;4;6;7;9;10,II;III;aVR;aVL;V1;V2;V4;V5,7,0.5,1,1,1,0,3
1;2;3;4;6;7;9;10,II;III;aVR;aVL;V1;V2;V4;V5,7,0.6,1,0,1,0,2
1;2;3;4;6;7;9;10,II;III;aVR;aVL;V1;V2;V4;V5,7,0.7,1,0,1,0,2
1;2;3;4;6;7;9;10,II;III;aVR;aVL;V1;V2;V4;V5,7,0.8,1,0,1,0,2
1;2;3;4;6;7;9;10,II;III;aVR;aVL;V1;V2;V4;V5,7,0.9,1,0,0,0,1
1;2;3;4;6;7;9;10;11,II;III;aVR;aVL;V1;V2;V4;V5;V6,8,0.5,1,1,1,0,3
1;2;3;4;6;7;9;10;11,II;III;aVR;aVL;V1;V2;V4;V5;V6,8,0.6,1,0,1,0,2
1;2;3;4;6;7;9;10;11,II;III;aVR;aVL;V1;V2;V4;V5;V6,8,0.7,1,0,1,0,2
1;2;3;4;6;7;9;10;11,II;III;aVR;aVL;V1;V2;V4;V5;V6,8,0.8,1,0,1,0,2
1;2;3;4;6;7;9;10;11,II;III;aVR;aVL;V1;V2;V4;V5;V6,8,0.9,1,0,0,0,1
1;2;3;4;6;7;9;11,II;III;aVR;aVL;V1;V2;V4;V6,7,0.5,1,1,1,0,3
1;2;3;4;6;7;9;11,II;III;aVR;aVL;V1;V2;V4;V6,7,0.6,1,0,1,0,2
1;2;3;4;6;7;9;11,II;III;aVR;aVL;V1;V2;V4;V6,7,0.7,1,0,1,0,2
1;2;3;4;6;7;9;11,II;III;aVR;aVL;V1;V2;V4;V6,7,0.8,1,0,1,0,2
1;2;3;4;6;7;9;11,II;III;aVR;aVL;V1;V2;V4;V6,7,0.9,1,0,0,0,1
1;2;3;4;6;7;10,II;III;aVR;aVL;V1;V2;V5,6,0.5,1,1,1,0,3
1;2;3;4;6;7;10,II;III;aVR;aVL;V1;V2;V5,6,0.6,1,0,1,0,2
1;2;3;4;6;7;10,II;III;aVR;aVL;V1;V2;V5,6,0.7,1,0,1,0,2
1;2;3;4;6;7;10,II;III;aVR;aVL;V1;V2;V5,6,0.8,1,0,1,0,2
1;2;3;4;6;7;10,II;III;aVR;aVL;V1;V2;V5,6,0.9,1,0,0,0,1
1;2;3;4;6;7;10;11,II;III;aVR;aVL;V1;V2;V5;V6,7,0.5,1,1,1,0,3
1;2;3;4;6;7;10;11,II;III;aVR;aVL;V1;V2;V5;V6,7,0.6,1,0,1,0,2
1;2;3;4;6;7;10;11,II;III;aVR;aVL;V1;V2;V5;V6,7,0.7,1,0,1,0,2
1;2;3;4;6;7;10;11,II;III;aVR;aVL;V1;V2;V5;V6,7,0.8,1,0,1,0,2
1;2;3;4;6;7;10;11,II;III;aVR;aVL;V1;V2;V5;V6,7,0.9,1,0,0,0,1
1;2;3;4;6;7;11,II;III;aVR;aVL;V1;V2;V6,6,0.5,1,1,1,0,3
1;2;3;4;6;7;11,II;III;aVR;aVL;V1;V2;V6,6,0.6,1,0,1,0,2
1;2;3;4;6;7;11,II;III;aVR;aVL;V1;V2;V6,6,0.7,1,0,1,0,2
1;2;3;4;6;7;11,II;III;aVR;aVL;V1;V2;V6,6,0.8,1,0,1,0,2
1;2;3;4;6;7;11,II;III;aVR;aVL;V1;V2;V6,6,0.9,1,0,0,0,1
1;2;3;4;6;8,II;III;aVR;aVL;V1;V3,5,0.5,1,1,1,0,3
1;2;3;4;6;8,II;III;aVR;aVL;V1;V3,5,0.6,1,0,1,0,2
1;2;3;4;6;8,II;III;aVR;aVL;V1;V3,5,0.7,1,0,1,0,2
1;2;3;4;6;8,II;III;aVR;aVL;V1;V3,5,0.8,1,0,1,0,2
1;2;3;4;6;8,II;III;aVR;aVL;V1;V3,5,0.9,1,0,0,0,1
1;2;3;4;6;8;9,II;III;aVR;aVL;V1;V3;V4,6,0.5,1,1,1,0,3
1;2;3;4;6;8;9,II;III;aVR;aVL;V1;V3;V4,6,0.6,1,0,1,0,2
1;2;3;4;6;8;9,II;III;aVR;aVL;V1;V3;V4,6,0.7,1,0,1,0,2
1;2;3;4;6;8;9,II;III;aVR;aVL;V1;V3;V4,6,0.8,1,0,1,0,2
1;2;3;4;6;8;9,II;III;aVR;aVL;V1;V3;V4,6,0.9,1,0,0,0,1
1;2;3;4;6;8;9;10,II;III;aVR;aVL;V1;V3;V4;V5,7,0.5,1,1,1,0,3
1;2;3;4;6;8;9;10,II;III;aVR;aVL;V1;V3;V4;V5,7,0.6,1,0,1,0,2
1;2;3;4;6;8;9;10,II;III;aVR;aVL;V1;V3;V4;V5,7,0.7,1,0,1,0,2
1;2;3;4;6;8;9;10,II;III;aVR;aVL;V1;V3;V4;V5,7,0.8,1,0,1,0,2
1;2;3;4;6;8;9;10,II;III;aVR;aVL;V1;V3;V4;V5,7,0.9,1,0,0,0,1
1;2;3;4;6;8;9;10;11,II;III;aVR;aVL;V1;V3;V4;V5;V6,8,0.5,1,1,1,0,3
1;2;3;4;6;8;9;10;11,II;III;aVR;aVL;V1;V3;V4;V5;V6,8,0.6,1,0,1,0,2
1;2;3;4;6;8;9;10;11,II;III;aVR;aVL;V1;V3;V4;V5;V6,8,0.7,1,0,1,0,2
1;2;3;4;6;8;9;10;11,II;III;aVR;aVL;V1;V3;V4;V5;V6,8,0.8,1,0,1,0,2
1;2;3;4;6;8;9;10;11,II;III;aVR;aVL;V1;V3;V4;V5;V6,8,0.9,1,0,0,0,1
1;2;3;4;6;8;9;11,II;III;aVR;aVL;V1;V3;V4;V6,7,0.5,1,1,1,0,3
1;2;3;4;6;8;9;11,II;III;aVR;aVL;V1;V3;V4;V6,7,0.6,1,0,1,0,2
1;2;3;4;6;8;9;11,II;III;aVR;aVL;V1;V3;V4;V6,7,0.7,1,0,1,0,2
1;2;3;4;6;8;9;11,II;III;aVR;aVL;V1;V3;V4;V6,7,0.8,1,0,1,0,2
1;2;3;4;6;8;9;11,II;III;aVR;aVL;V1;V3;V4;V6,7,0.9,1,0,0,0,1
1;2;3;4;6;8;10,II;III;aVR;aVL;V1;V3;V5,6,0.5,1,1,1,0,3
1;2;3;4;6;8;10,II;III;aVR;aVL;V1;V3;V5,6,0.6,1,0,1,0,2
1;2;3;4;6;8;10,II;III;aVR;aVL;V1;V3;V5,6,0.7,1,0,1,0,2
1;2;3;4;6;8;10,II;III;aVR;aVL;V1;V3;V5,6,0.8,1,0,1,0,2
1;2;3;4;6;8;10,II;III;aVR;aVL;V1;V3;V5,6,0.9,1,0,0,0,1
1;2;3;4;6;8;10;11,II;III;aVR;aVL;V1;V3;V5;V6,7,0.5,1,1,1,0,3
1;2;3;4;6;8;10;11,II;III;aVR;aVL;V1;V3;V5;V6,7,0.6,1,0,1,0,2
1;2;3;4;6;8;10;11,II;III;aVR;aVL;V1;V3;V5;V6,7,0.7,1,0,1,0,2
1;2;3;4;6;8;10;11,II;III;aVR;aVL;V1;V3;V5;V6,7,0.8,1,0,1,0,2
1;2;3;4;6;8;10;11,II;III;aVR;aVL;V1;V3;V5;V6,7,0.9,1,0,0,0,1
1;2;3;4;6;8;11,II;III;aVR;aVL;V1;V3;V6,6,0.5,1,1,1,0,3
1;2;3;4;6;8;11,II;III;aVR;aVL;V1;V3;V6,6,0.6,1,0,1,0,2
1;2;3;4;6;8;11,II;III;aVR;aVL;V1;V3;V6,6,0.7,1,0,1,0,2
1;2;3;4;6;8;11,II;III;aVR;aVL;V1;V3;V6,6,0.8,1,0,1,0,2
1;2;3;4;6;8;11,II;III;aVR;aVL;V1;V3;V6,6,0.9,1,0,0,0,1
1;2;3;4;6;9,II;III;aVR;aVL;V1;V4,5,0.5,1,1,1,0,3
1;2;3;4;6;9,II;III;aVR;aVL;V1;V4,5,0.6,1,0,1,0,2
1;2;3;4;6;9,II;III;aVR;aVL;V1;V4,5,0.7,1,0,1,0,2
1;2;3;4;6;9,II;III;aVR;aVL;V1;V4,5,0.8,1,0,1,0,2
1;2;3;4;6;9,II;III;aVR;aVL;V1;V4,5,0.9,1,0,0,0,1
1;2;3;4;6;9;10,II;III;aVR;aVL;V1;V4;V5,6,0.5,1,1,1,0,3
1;2;3;4;6;9;10,II;III;aVR;aVL;V1;V4;V5,6,0.6,1,0,1,0,2
1;2;3;4;6;9;10,II;III;aVR;aVL;V1;V4;V5,6,0.7,1,0,1,0,2
1;2;3;4;6;9;10,II;III;aVR;aVL;V1;V4;V5,6,0.8,1,0,1,0,2
1;2;3;4;6;9;10,II;III;aVR;aVL;V1;V4;V5,6,0.9,1,0,0,0,1
1;2;3;4;6;9;10;11,II;III;aVR;aVL;V1;V4;V5;V6,7,0.5,1,1,1,0,3
1;2;3;4;6;9;10;11,II;III;aVR;aVL;V1;V4;V5;V6,7,0.6,1,0,1,0,2
1;2;3;4;6;9;10;11,II;III;aVR;aVL;V1;V4;V5;V6,7,0.7,1,0,1,0,2
1;2;3;4;6;9;10;11,II;III;aVR;aVL;V1;V4;V5;V6,7,0.8,1,0,1,0,2
1;2;3;4;6;9;10;11,II;III;aVR;aVL;V1;V4;V5;V6,7,0.9,1,0,0,0,1
1;2;3;4;6;9;11,II;III;aVR;aVL;V1;V4;V6,6,0.5,1,1,1,0,3
1;2;3;4;6;9;11,II;III;aVR;aVL;V1;V4;V6,6,0.6,1,0,1,0,2
1;2;3;4;6;9;11,II;III;aVR;aVL;V1;V4;V6,6,0.7,1,0,1,0,2
1;2;3;4;6;9;11,II;III;aVR;aVL;V1;V4;V6,6,0.8,1,0,1,0,2
1;2;3;4;6;9;11,II;III;aVR;aVL;V1;V4;V6,6,0.9,1,0,0,0,1
1;2;3;4;6;10,II;III;aVR;aVL;V1;V5,5,0.5,1,1,1,0,3
1;2;3;4;6;10,II;III;aVR;aVL;V1;V5,5,0.6,1,0,1,0,2
1;2;3;4;6;10,II;III;aVR;aVL;V1;V5,5,0.7,1,0,1,0,2
1;2;3;4;6;10,II;III;aVR;aVL;V1;V5,5,0.8,1,0,1,0,2
1;2;3;4;6;10,II;III;aVR;aVL;V1;V5,5,0.9,1,0,0,0,1
1;2;3;4;6;10;11,II;III;aVR;aVL;V1;V5;V6,6,0.5,1,1,1,0,3
1;2;3;4;6;10;11,II;III;aVR;aVL;V1;V5;V6,6,0.6,1,0,1,0,2
1;2;3;4;6;10;11,II;III;aVR;aVL;V1;V5;V6,6,0.7,1,0,1,0,2
1;2;3;4;6;10;11,II;III;aVR;aVL;V1;V5;V6,6,0.8,1,0,1,0,2
1;2;3;4;6;10;11,II;III;aVR;aVL;V1;V5;V6,6,0.9,1,0,0,0,1
1;2;3;4;6;11,II;III;aVR;aVL;V1;V6,5,0.5,1,1,1,0,3
1;2;3;4;6;11,II;III;aVR;aVL;V1;V6,5,0.6,1,1,1,0,3
1;2;3;4;6;11,II;III;aVR;aVL;V1;V6,5,0.7,1,0,1,0,2
1;2;3;4;6;11,II;III;aVR;aVL;V1;V6,5,0.8,1,0,1,0,2
1;2;3;4;6;11,II;III;aVR;aVL;V1;V6,5,0.9,1,0,0,0,1
1;2;3;4;7,II;III;aVR;aVL;V2,4,0.5,1,1,1,0,3
1;2;3;4;7,II;III;aVR;aVL;V2,4,0.6,1,0,1,0,2
1;2;3;4;7,II;III;aVR;aVL;V2,4,0.7,1,0,1,0,2
1;2;3;4;7,II;III;aVR;aVL;V2,4,0.8,1,0,1,0,2
1;2;3;4;7,II;III;aVR;aVL;V2,4,0.9,1,0,0,0,1
1;2;3;4;7;8,II;III;aVR;aVL;V2;V3,5,0.5,1,1,1,0,3
1;2;3;4;7;8,II;III;aVR;aVL;V2;V3,5,0.6,1,1,1,0,3
1;2;3;4;7;8,II;III;aVR;aVL;V2;V3,5,0.7,1,0,1,0,2
1;2;3;4;7;8,II;III;aVR;aVL;V2;V3,5,0.8,1,0,1,0,2
1;2;3;4;7;8,II;III;aVR;aVL;V2;V3,5,0.9,1,0,0,0,1
1;2;3;4;7;8;9,II;III;aVR;aVL;V2;V3;V4,6,0.5,1,1,1,0,3
1;2;3;4;7;8;9,II;III;aVR;aVL;V2;V3;V4,6,0.6,1,1,1,0,3
1;2;3;4;7;8;9,II;III;aVR;aVL;V2;V3;V4,6,0.7,1,0,1,0,2
1;2;3;4;7;8;9,II;III;aVR;aVL;V2;V3;V4,6,0.8,1,0,1,0,2
1;2;3;4;7;8;9,II;III;aVR;aVL;V2;V3;V4,6,0.9,1,0,0,0,1
1;2;3;4;7;8;9;10,II;III;aVR;aVL;V2;V3;V4;V5,7,0.5,1,1,1,0,3
1;2;3;4;7;8;9;10,II;III;aVR;aVL;V2;V3;V4;V5,7,0.6,1,0,1,0,2
1;2;3;4;7;8;9;10,II;III;aVR;aVL;V2;V3;V4;V5,7,0.7,1,0,1,0,2
1;2;3;4;7;8;9;10,II;III;aVR;aVL;V2;V3;V4;V5,7,0.8,1,0,0,0,1
1;2;3;4;7;8;9;10,II;III;aVR;aVL;V2;V3;V4;V5,7,0.9,1,0,0,0,1
1;2;3;4;7;8;9;10;11,II;III;aVR;aVL;V2;V3;V4;V5;V6,8,0.5,1,1,1,0,3
1;2;3;4;7;8;9;10;11,II;III;aVR;aVL;V2;V3;V4;V5;V6,8,0.6,1,0,1,0,2
1;2;3;4;7;8;9;10;11,II;III;aVR;aVL;V2;V3;V4;V5;V6,8,0.7,1,0,1,0,2
1;2;3;4;7;8;9;10;11,II;III;aVR;aVL;V2;V3;V4;V5;V6,8,0.8,1,0,0,0,1
1;2;3;4;7;8;9;10;11,II;III;aVR;aVL;V2;V3;V4;V5;V6,8,0.9,1,0,0,0,1
1;2;3;4;7;8;9;11,II;III;aVR;aVL;V2;V3;V4;V6,7,0.5,1,1,1,0,3
1;2;3;4;7;8;9;11,II;III;aVR;aVL;V2;V3;V4;V6,7,0.6,1,0,1,0,2
1;2;3;4;7;8;9;11,II;III;aVR;aVL;V2;V3;V4;V6,7,0.7,1,0,1,0,2
1;2;3;4;7;8;9;11,II;III;aVR;aVL;V2;V3;V4;V6,7,0.8,1,0,1,0,2
1;2;3;4;7;8;9;11,II;III;aVR;aVL;V2;V3;V4;V6,7,0.9,1,0,0,0,1
1;2;3;4;7;8;10,II;III;aVR;aVL;V2;V3;V5,6,0.5,1,1,1,0,3
1;2;3;4;7;8;10,II;III;aVR;aVL;V2;V3;V5,6,0.6,1,0,1,0,2
1;2;3;4;7;8;10,II;III;aVR;aVL;V2;V3;V5,6,0.7,1,0,1,0,2
1;2;3;4;7;8;10,II;III;aVR;aVL;V2;V3;V5,6,0.8,1,0,0,0,1
1;2;3;4;7;8;10,II;III;aVR;aVL;V2;V3;V5,6,0.9,1,0,0,0,1
1;2;3;4;7;8;10;11,II;III;aVR;aVL;V2;V3;V5;V6,7,0.5,1,1,1,0,3
1;2;3;4;7;8;10;11,II;III;aVR;aVL;V2;V3;V5;V6,7,0.6,1,0,1,0,2
1;2;3;4;7;8;10;11,II;III;aVR;aVL;V2;V3;V5;V6,7,0.7,1,0,1,0,2
1;2;3;4;7;8;10;11,II;III;aVR;aVL;V2;V3;V5;V6,7,0.8,1,0,0,0,1
1;2;3;4;7;8;10;11,II;III;aVR;aVL;V2;V3;V5;V6,7,0.9,1,0,0,0,1
1;2;3;4;7;8;11,II;III;aVR;aVL;V2;V3;V6,6,0.5,1,1,1,0,3
1;2;3;4;7;8;11,II;III;aVR;aVL;V2;V3;V6,6,0.6,1,0,1,0,2
1;2;3;4;7;8;11,II;III;aVR;aVL;V2;V3;V6,6,0.7,1,0,1,0,2
1;2;3;4;7;8;11,II;III;aVR;aVL;V2;V3;V6,6,0.8,1,0,0,0,1
1;2;3;4;7;8;11,II;III;aVR;aVL;V2;V3;V6,6,0.9,1,0,0,0,1
1;2;3;4;7;9,II;III;aVR;aVL;V2;V4,5,0.5,1,1,1,0,3
1;2;3;4;7;9,II;III;aVR;aVL;V2;V4,5,0.6,1,1,1,0,3
1;2;3;4;7;9,II;III;aVR;aVL;V2;V4,5,0.7,1,0,1,0,2
1;2;3;4;7;9,II;III;aVR;aVL;V2;V4,5,0.8,1,0,1,0,2
1;2;3;4;7;9,II;III;aVR;aVL;V2;V4,5,0.9,1,0,0,0,1
1;2;3;4;7;9;10,II;III;aVR;aVL;V2;V4;V5,6,0.5,1,1,1,0,3
1;2;3;4;7;9;10,II;III;aVR;aVL;V2;V4;V5,6,0.6,1,0,1,0,2
1;2;3;4;7;9;10,II;III;aVR;aVL;V2;V4;V5,6,0.7,1,0,1,0,2
1;2;3;4;7;9;10,II;III;aVR;aVL;V2;V4;V5,6,0.8,1,0,0,0,1
1;2;3;4;7;9;10,II;III;aVR;aVL;V2;V4;V5,6,0.9,1,0,0,0,1
1;2;3;4;7;9;10;11,II;III;aVR;aVL;V2;V4;V5;V6,7,0.5,1,1,1,0,3
1;2;3;4;7;9;10;11,II;III;aVR;aVL;V2;V4;V5;V6,7,0.6,1,0,1,0,2
1;2;3;4;7;9;10;11,II;III;aVR;aVL;V2;V4;V5;V6,7,0.7,1,0,1,0,2
1;2;3;4;7;9;10;11,II;III;aVR;aVL;V2;V4;V5;V6,7,0.8,1,0,0,0,1
1;2;3;4;7;9;10;11,II;III;aVR;aVL;V2;V4;V5;V6,7,0.9,1,0,0,0,1
1;2;3;4;7;9;11,II;III;aVR;aVL;V2;V4;V6,6,0.5,1,1,1,0,3
1;2;3;4;7;9;11,II;III;aVR;aVL;V2;V4;V6,6,0.6,1,0,1,0,2
1;2;3;4;7;9;11,II;III;aVR;aVL;V2;V4;V6,6,0.7,1,0,1,0,2
1;2;3;4;7;9;11,II;III;aVR;aVL;V2;V4;V6,6,0.8,1,0,0,0,1
1;2;3;4;7;9;11,II;III;aVR;aVL;V2;V4;V6,6,0.9,1,0,0,0,1
1;2;3;4;7;10,II;III;aVR;aVL;V2;V5,5,0.5,1,1,1,0,3
1;2;3;4;7;10,II;III;aVR;aVL;V2;V5,5,0.6,1,0,1,0,2
1;2;3;4;7;10,II;III;aVR;aVL;V2;V5,5,0.7,1,0,1,0,2
1;2;3;4;7;10,II;III;aVR;aVL;V2;V5,5,0.8,1,0,0,0,1
1;2;3;4;7;10,II;III;aVR;aVL;V2;V5,5,0.9,1,0,0,0,1
1;2;3;4;7;10;11,II;III;aVR;aVL;V2;V5;V6,6,0.5,1,1,1,0,3
1;2;3;4;7;10;11,II;III;aVR;aVL;V2;V5;V6,6,0.6,1,0,1,0,2
1;2;3;4;7;10;11,II;III;aVR;aVL;V2;V5;V6,6,0.7,1,0,1,0,2
1;2;3;4;7;10;11,II;III;aVR;aVL;V2;V5;V6,6,0.8,1,0,0,0,1
1;2;3;4;7;10;11,II;III;aVR;aVL;V2;V5;V6,6,0.9,1,0,0,0,1
1;2;3;4;7;11,II;III;aVR;aVL;V2;V6,5,0.5,1,1,1,0,3
1;2;3;4;7;11,II;III;aVR;aVL;V2;V6,5,0.6,1,0,1,0,2
1;2;3;4;7;11,II;III;aVR;aVL;V2;V6,5,0.7,1,0,1,0,2
1;2;3;4;7;11,II;III;aVR;aVL;V2;V6,5,0.8,1,0,0,0,1
1;2;3;4;7;11,II;III;aVR;aVL;V2;V6,5,0.9,1,0,0,0,1
1;2;3;4;8,II;III;aVR;aVL;V3,4,0.5,1,1,1,0,3
1;2;3;4;8,II;III;aVR;aVL;V3,4,0.6,1,0,1,0,2
1;2;3;4;8,II;III;aVR;aVL;V3,4,0.7,1,0,1,0,2
1;2;3;4;8,II;III;aVR;aVL;V3,4,0.8,1,0,0,0,1
1;2;3;4;8,II;III;aVR;aVL;V3,4,0.9,1,0,0,0,1
1;2;3;4;8;9,II;III;aVR;aVL;V3;V4,5,0.5,1,1,1,0,3
1;2;3;4;8;9,II;III;aVR;aVL;V3;V4,5,0.6,1,1,1,0,3
1;2;3;4;8;9,II;III;aVR;aVL;V3;V4,5,0.7,1,0,1,0,2
1;2;3;4;8;9,II;III;aVR;aVL;V3;V4,5,0.8,1,0,1,0,2
1;2;3;4;8;9,II;III;aVR;aVL;V3;V4,5,0.9,1,0,0,0,1
1;2;3;4;8;9;10,II;III;aVR;aVL;V3;V4;V5,6,0.5,1,1,1,0,3
1;2;3;4;8;9;10,II;III;aVR;aVL;V3;V4;V5,6,0.6,1,0,1,0,2
1;2;3;4;8;9;10,II;III;aVR;aVL;V3;V4;V5,6,0.7,1,0,1,0,2
1;2;3;4;8;9;10,II;III;aVR;aVL;V3;V4;V5,6,0.8,1,0,0,0,1
1;2;3;4;8;9;10,II;III;aVR;aVL;V3;V4;V5,6,0.9,1,0,0,0,1
1;2;3;4;8;9;10;11,II;III;aVR;aVL;V3;V4;V5;V6,7,0.5,1,1,1,0,3
1;2;3;4;8;9;10;11,II;III;aVR;aVL;V3;V4;V5;V6,7,0.6,1,0,1,0,2
1;2;3;4;8;9;10;11,II;III;aVR;aVL;V3;V4;V5;V6,7,0.7,1,0,1,0,2
1;2;3;4;8;9;10;11,II;III;aVR;aVL;V3;V4;V5;V6,7,0.8,1,0,0,0,1
1;2;3;4;8;9;10;11,II;III;aVR;aVL;V3;V4;V5;V6,7,0.9,1,0,0,0,1
1;2;3;4;8;9;11,II;III;aVR;aVL;V3;V4;V6,6,0.5,1,1,1,0,3
1;2;3;4;8;9;11,II;III;aVR;aVL;V3;V4;V6,6,0.6,1,0,1,0,2
1;2;3;4;8;9;11,II;III;aVR;aVL;V3;V4;V6,6,0.7,1,0,1,0,2
1;2;3;4;8;9;11,II;III;aVR;aVL;V3;V4;V6,6,0.8,1,0,0,0,1
1;2;3;4;8;9;11,II;III;aVR;aVL;V3;V4;V6,6,0.9,1,0,0,0,1
1;2;3;4;8;10,II;III;aVR;aVL;V3;V5,5,0.5,1,1,1,0,3
1;2;3;4;8;10,II;III;aVR;aVL;V3;V5,5,0.6,1,0,1,0,2
1;2;3;4;8;10,II;III;aVR;aVL;V3;V5,5,0.7,1,0,1,0,2
1;2;3;4;8;10,II;III;aVR;aVL;V3;V5,5,0.8,1,0,0,0,1
1;2;3;4;8;10,II;III;aVR;aVL;V3;V5,5,0.9,1,0,0,0,1
1;2;3;4;8;10;11,II;III;aVR;aVL;V3;V5;V6,6,0.5,1,1,1,0,3
1;2;3;4;8;10;11,II;III;aVR;aVL;V3;V5;V6,6,0.6,1,0,1,0,2
1;2;3;4;8;10;11,II;III;aVR;aVL;V3;V5;V6,6,0.7,1,0,1,0,2
1;2;3;4;8;10;11,II;III;aVR;aVL;V3;V5;V6,6,0.8,1,0,0,0,1
1;2;3;4;8;10;11,II;III;aVR;aVL;V3;V5;V6,6,0.9,1,0,0,0,1
1;2;3;4;8;11,II;III;aVR;aVL;V3;V6,5,0.5,1,1,1,0,3
1;2;3;4;8;11,II;III;aVR;aVL;V3;V6,5,0.6,1,0,1,0,2
1;2;3;4;8;11,II;III;aVR;aVL;V3;V6,5,0.7,1,0,1,0,2
1;2;3;4;8;11,II;III;aVR;aVL;V3;V6,5,0.8,1,0,0,0,1
1;2;3;4;8;11,II;III;aVR;aVL;V3;V6,5,0.9,1,0,0,0,1
1;2;3;4;9,II;III;aVR;aVL;V4,4,0.5,1,1,1,0,3
1;2;3;4;9,II;III;aVR;aVL;V4,4,0.6,1,0,1,0,2
1;2;3;4;9,II;III;aVR;aVL;V4,4,0.7,1,0,1,0,2
1;2;3;4;9,II;III;aVR;aVL;V4,4,0.8,1,0,1,0,2
1;2;3;4;9,II;III;aVR;aVL;V4,4,0.9,1,0,0,0,1
1;2;3;4;9;10,II;III;aVR;aVL;V4;V5,5,0.5,1,1,1,0,3
1;2;3;4;9;10,II;III;aVR;aVL;V4;V5,5,0.6,1,0,1,0,2
1;2;3;4;9;10,II;III;aVR;aVL;V4;V5,5,0.7,1,0,1,0,2
1;2;3;4;9;10,II;III;aVR;aVL;V4;V5,5,0.8,1,0,1,0,2
1;2;3;4;9;10,II;III;aVR;aVL;V4;V5,5,0.9,1,0,0,0,1
1;2;3;4;9;10;11,II;III;aVR;aVL;V4;V5;V6,6,0.5,1,1,1,0,3
1;2;3;4;9;10;11,II;III;aVR;aVL;V4;V5;V6,6,0.6,1,0,1,0,2
1;2;3;4;9;10;11,II;III;aVR;aVL;V4;V5;V6,6,0.7,1,0,1,0,2
1;2;3;4;9;10;11,II;III;aVR;aVL;V4;V5;V6,6,0.8,1,0,0,0,1
1;2;3;4;9;10;11,II;III;aVR;aVL;V4;V5;V6,6,0.9,1,0,0,0,1
1;2;3;4;9;11,II;III;aVR;aVL;V4;V6,5,0.5,1,1,1,0,3
1;2;3;4;9;11,II;III;aVR;aVL;V4;V6,5,0.6,1,0,1,0,2
1;2;3;4;9;11,II;III;aVR;aVL;V4;V6,5,0.7,1,0,1,0,2
1;2;3;4;9;11,II;III;aVR;aVL;V4;V6,5,0.8,1,0,1,0,2
1;2;3;4;9;11,II;III;aVR;aVL;V4;V6,5,0.9,1,0,0,0,1
1;2;3;4;10,II;III;aVR;aVL;V5,4,0.5,1,1,1,0,3
1;2;3;4;10,II;III;aVR;aVL;V5,4,0.6,1,0,1,0,2
1;2;3;4;10,II;III;aVR;aVL;V5,4,0.7,1,0,1,0,2
1;2;3;4;10,II;III;aVR;aVL;V5,4,0.8,1,0,0,0,1
1;2;3;4;10,II;III;aVR;aVL;V5,4,0.9,1,0,0,0,1
1;2;3;4;10;11,II;III;aVR;aVL;V5;V6,5,0.5,1,1,1,0,3
1;2;3;4;10;11,II;III;aVR;aVL;V5;V6,5,0.6,1,0,1,0,2
1;2;3;4;10;11,II;III;aVR;aVL;V5;V6,5,0.7,1,0,1,0,2
1;2;3;4;10;11,II;III;aVR;aVL;V5;V6,5,0.8,1,0,0,0,1
1;2;3;4;10;11,II;III;aVR;aVL;V5;V6,5,0.9,1,0,0,0,1
1;2;3;4;11,II;III;aVR;aVL;V6,4,0.5,1,1,1,0,3
1;2;3;4;11,II;III;aVR;aVL;V6,4,0.6,1,0,1,0,2
1;2;3;4;11,II;III;aVR;aVL;V6,4,0.7,1,0,1,0,2
1;2;3;4;11,II;III;aVR;aVL;V6,4,0.8,1,0,1,0,2
1;2;3;4;11,II;III;aVR;aVL;V6,4,0.9,1,0,0,0,1
1;2;3;5,II;III;aVR;aVF,3,0.5,1,1,1,0,3
1;2;3;5,II;III;aVR;aVF,3,0.6,1,1,1,0,3
1;2;3;5,II;III;aVR;aVF,3,0.7,1,0,1,0,2
1;2;3;5,II;III;aVR;aVF,3,0.8,1,0,1,0,2
1;2;3;5,II;III;aVR;aVF,3,0.9,1,0,0,0,1
1;2;3;5;6,II;III;aVR;aVF;V1,4,0.5,1,1,1,0,3
1;2;3;5;6,II;III;aVR;aVF;V1,4,0.6,1,1,1,0,3
1;2;3;5;6,II;III;aVR;aVF;V1,4,0.7,1,0,1,0,2
1;2;3;5;6,II;III;aVR;aVF;V1,4,0.8,1,0,1,0,2
1;2;3;5;6,II;III;aVR;aVF;V1,4,0.9,1,0,0,0,1
1;2;3;5;6;7,II;III;aVR;aVF;V1;V2,5,0.5,1,1,1,0,3
1;2;3;5;6;7,II;III;aVR;aVF;V1;V2,5,0.6,1,0,1,0,2
1;2;3;5;6;7,II;III;aVR;aVF;V1;V2,5,0.7,1,0,1,0,2
1;2;3;5;6;7,II;III;aVR;aVF;V1;V2,5,0.8,1,0,1,0,2
1;2;3;5;6;7,II;III;aVR;aVF;V1;V2,5,0.9,1,0,0,0,1
1;2;3;5;6;7;8,II;III;aVR;aVF;V1;V2;V3,6,0.5,1,1,1,0,3
1;2;3;5;6;7;8,II;III;aVR;aVF;V1;V2;V3,6,0.6,1,0,1,0,2
1;2;3;5;6;7;8,II;III;aVR;aVF;V1;V2;V3,6,0.7,1,0,1,0,2
1;2;3;5;6;7;8,II;III;aVR;aVF;V1;V2;V3,6,0.8,1,0,1,0,2
1;2;3;5;6;7;8,II;III;aVR;aVF;V1;V2;V3,6,0.9,1,0,0,0,1
1;2;3;5;6;7;8;9,II;III;aVR;aVF;V1;V2;V3;V4,7,0.5,1,1,1,0,3
1;2;3;5;6;7;8;9,II;III;aVR;aVF;V1;V2;V3;V4,7,0.6,1,0,1,0,2
1;2;3;5;6;7;8;9,II;III;aVR;aVF;V1;V2;V3;V4,7,0.7,1,0,1,0,2
1;2;3;5;6;7;8;9,II;III;aVR;aVF;V1;V2;V3;V4,7,0.8,1,0,1,0,2
1;2;3;5;6;7;8;9,II;III;aVR;aVF;V1;V2;V3;V4,7,0.9,1,0,0,0,1
1;2;3;5;6;7;8;9;10,II;III;aVR;aVF;V1;V2;V3;V4;V5,8,0.5,1,1,1,0,3
1;2;3;5;6;7;8;9;10,II;III;aVR;aVF;V1;V2;V3;V4;V5,8,0.6,1,0,1,0,2
1;2;3;5;6;7;8;9;10,II;III;aVR;aVF;V1;V2;V3;V4;V5,8,0.7,1,0,1,0,2
1;2;3;5;6;7;8;9;10,II;III;aVR;aVF;V1;V2;V3;V4;V5,8,0.8,1,0,1,0,2
1;2;3;5;6;7;8;9;10,II;III;aVR;aVF;V1;V2;V3;V4;V5,8,0.9,1,0,0,0,1
1;2;3;5;6;7;8;9;10;11,II;III;aVR;aVF;V1;V2;V3;V4;V5;V6,9,0.5,1,1,1,0,3
1;2;3;5;6;7;8;9;10;11,II;III;aVR;aVF;V1;V2;V3;V4;V5;V6,9,0.6,1,0,1,0,2
1;2;3;5;6;7;8;9;10;11,II;III;aVR;aVF;V1;V2;V3;V4;V5;V6,9,0.7,1,0,1,0,2
1;2;3;5;6;7;8;9;10;11,II;III;aVR;aVF;V1;V2;V3;V4;V5;V6,9,0.8,1,0,1,0,2
1;2;3;5;6;7;8;9;10;11,II;III;aVR;aVF;V1;V2;V3;V4;V5;V6,9,0.9,1,0,0,0,1
1;2;3;5;6;7;8;9;11,II;III;aVR;aVF;V1;V2;V3;V4;V6,8,0.5,1,1,1,0,3
1;2;3;5;6;7;8;9;11,II;III;aVR;aVF;V1;V2;V3;V4;V6,8,0.6,1,0,1,0,2
1;2;3;5;6;7;8;9;11,II;III;aVR;aVF;V1;V2;V3;V4;V6,8,0.7,1,0,1,0,2
1;2;3;5;6;7;8;9;11,II;III;aVR;aVF;V1;V2;V3;V4;V6,8,0.8,1,0,1,0,2
1;2;3;5;6;7;8;9;11,II;III;aVR;aVF;V1;V2;V3;V4;V6,8,0.9,1,0,0,0,1
1;2;3;5;6;7;8;10,II;III;aVR;aVF;V1;V2;V3;V5,7,0.5,1,1,1,0,3
1;2;3;5;6;7;8;10,II;III;aVR;aVF;V1;V2;V3;V5,7,0.6,1,0,1,0,2
1;2;3;5;6;7;8;10,II;III;aVR;aVF;V1;V2;V3;V5,7,0.7,1,0,1,0,2
1;2;3;5;6;7;8;10,II;III;aVR;aVF;V1;V2;V3;V5,7,0.8,1,0,1,0,2
1;2;3;5;6;7;8;10,II;III;aVR;aVF;V1;V2;V3;V5,7,0.9,1,0,0,0,1
1;2;3;5;6;7;8;10;11,II;III;aVR;aVF;V1;V2;V3;V5;V6,8,0.5,1,1,1,0,3
1;2;3;5;6;7;8;10;11,II;III;aVR;aVF;V1;V2;V3;V5;V6,8,0.6,1,0,1,0,2
1;2;3;5;6;7;8;10;11,II;III;aVR;aVF;V1;V2;V3;V5;V6,8,0.7,1,0,1,0,2
1;2;3;5;6;7;8;10;11,II;III;aVR;aVF;V1;V2;V3;V5;V6,8,0.8,1,0,1,0,2
1;2;3;5;6;7;8;10;11,II;III;aVR;aVF;V1;V2;V3;V5;V6,8,0.9,1,0,0,0,1
1;2;3;5;6;7;8;11,II;III;aVR;aVF;V1;V2;V3;V6,7,0.5,1,1,1,0,3
1;2;3;5;6;7;8;11,II;III;aVR;aVF;V1;V2;V3;V6,7,0.6,1,0,1,0,2
1;2;3;5;6;7;8;11,II;III;aVR;aVF;V1;V2;V3;V6,7,0.7,1,0,1,0,2
1;2;3;5;6;7;8;11,II;III;aVR;aVF;V1;V2;V3;V6,7,0.8,1,0,1,0,2
1;2;3;5;6;7;8;11,II;III;aVR;aVF;V1;V2;V3;V6,7,0.9,1,0,0,0,1
1;2;3;5;6;7;9,II;III;aVR;aVF;V1;V2;V4,6,0.5,1,1,1,0,3
1;2;3;5;6;7;9,II;III;aVR;aVF;V1;V2;V4,6,0.6,1,0,1,0,2
1;2;3;5;6;7;9,II;III;aVR;aVF;V1;V2;V4,6,0.7,1,0,1,0,2
1;2;3;5;6;7;9,II;III;aVR;aVF;V1;V2;V4,6,0.8,1,0,1,0,2
1;2;3;5;6;7;9,II;III;aVR;aVF;V1;V2;V4,6,0.9,1,0,0,0,1
1;2;3;5;6;7;9;10,II;III;aVR;aVF;V1;V2;V4;V5,7,0.5,1,1,1,0,3
1;2;3;5;6;7;9;10,II;III;aVR;aVF;V1;V2;V4;V5,7,0.6,1,0,1,0,2
1;2;3;5;6;7;9;10,II;III;aVR;aVF;V1;V2;V4;V5,7,0.7,1,0,1,0,2
1;2;3;5;6;7;9;10,II;III;aVR;aVF;V1;V2;V4;V5,7,0.8,1,0,1,0,2
1;2;3;5;6;7;9;10,II;III;aVR;aVF;V1;V2;V4;V5,7,0.9,1,0,0,0,1
1;2;3;5;6;7;9;10;11,II;III;aVR;aVF;V1;V2;V4;V5;V6,8,0.5,1,1,1,0,3
1;2;3;5;6;7;9;10;11,II;III;aVR;aVF;V1;V2;V4;V5;V6,8,0.6,1,0,1,0,2
1;2;3;5;6;7;9;10;11,II;III;aVR;aVF;V1;V2;V4;V5;V6,8,0.7,1,0,1,0,2
1;2;3;5;6;7;9;10;11,II;III;aVR;aVF;V1;V2;V4;V5;V6,8,0.8,1,0,1,0,2
1;2;3;5;6;7;9;10;11,II;III;aVR;aVF;V1;V2;V4;V5;V6,8,0.9,1,0,0,0,1
1;2;3;5;6;7;9;11,II;III;aVR;aVF;V1;V2;V4;V6,7,0.5,1,1,1,0,3
1;2;3;5;6;7;9;11,II;III;aVR;aVF;V1;V2;V4;V6,7,0.6,1,0,1,0,2
1;2;3;5;6;7;9;11,II;III;aVR;aVF;V1;V2;V4;V6,7,0.7,1,0,1,0,2
1;2;3;5;6;7;9;11,II;III;aVR;aVF;V1;V2;V4;V6,7,0.8,1,0,1,0,2
1;2;3;5;6;7;9;11,II;III;aVR;aVF;V1;V2;V4;V6,7,0.9,1,0,0,0,1
1;2;3;5;6;7;10,II;III;aVR;aVF;V1;V2;V5,6,0.5,1,1,1,0,3
1;2;3;5;6;7;10,II;III;aVR;aVF;V1;V2;V5,6,0.6,1,0,1,0,2
1;2;3;5;6;7;10,II;III;aVR;aVF;V1;V2;V5,6,0.7,1,0,1,0,2
1;2;3;5;6;7;10,II;III;aVR;aVF;V1;V2;V5,6,0.8,1,0,1,0,2
1;2;3;5;6;7;10,II;III;aVR;aVF;V1;V2;V5,6,0.9,1,0,0,0,1
1;2;3;5;6;7;10;11,II;III;aVR;aVF;V1;V2;V5;V6,7,0.5,1,1,1,0,3
1;2;3;5;6;7;10;11,II;III;aVR;aVF;V1;V2;V5;V6,7,0.6,1,0,1,0,2
1;2;3;5;6;7;10;11,II;III;aVR;aVF;V1;V2;V5;V6,7,0.7,1,0,1,0,2
1;2;3;5;6;7;10;11,II;III;aVR;aVF;V1;V2;V5;V6,7,0.8,1,0,1,0,2
1;2;3;5;6;7;10;11,II;III;aVR;aVF;V1;V2;V5;V6,7,0.9,1,0,0,0,1
1;2;3;5;6;7;11,II;III;aVR;aVF;V1;V2;V6,6,0.5,1,1,1,0,3
1;2;3;5;6;7;11,II;III;aVR;aVF;V1;V2;V6,6,0.6,1,0,1,0,2
1;2;3;5;6;7;11,II;III;aVR;aVF;V1;V2;V6,6,0.7,1,0,1,0,2
1;2;3;5;6;7;11,II;III;aVR;aVF;V1;V2;V6,6,0.8,1,0,1,0,2
1;2;3;5;6;7;11,II;III;aVR;aVF;V1;V2;V6,6,0.9,1,0,0,0,1
1;2;3;5;6;8,II;III;aVR;aVF;V1;V3,5,0.5,1,1,1,0,3
1;2;3;5;6;8,II;III;aVR;aVF;V1;V3,5,0.6,1,0,1,0,2
1;2;3;5;6;8,II;III;aVR;aVF;V1;V3,5,0.7,1,0,1,0,2
1;2;3;5;6;8,II;III;aVR;aVF;V1;V3,5,0.8,1,0,1,0,2
1;2;3;5;6;8,II;III;aVR;aVF;V1;V3,5,0.9,1,0,0,0,1
1;2;3;5;6;8;9,II;III;aVR;aVF;V1;V3;V4,6,0.5,1,1,1,0,3
1;2;3;5;6;8;9,II;III;aVR;aVF;V1;V3;V4,6,0.6,1,0,1,0,2
1;2;3;5;6;8;9,II;III;aVR;aVF;V1;V3;V4,6,0.7,1,0,1,0,2
1;2;3;5;6;8;9,II;III;aVR;aVF;V1;V3;V4,6,0.8,1,0,1,0,2
1;2;3;5;6;8;9,II;III;aVR;aVF;V1;V3;V4,6,0.9,1,0,0,0,1
1;2;3;5;6;8;9;10,II;III;aVR;aVF;V1;V3;V4;V5,7,0.5,1,1,1,0,3
1;2;3;5;6;8;9;10,II;III;aVR;aVF;V1;V3;V4;V5,7,0.6,1,0,1,0,2
1;2;3;5;6;8;9;10,II;III;aVR;aVF;V1;V3;V4;V5,7,0.7,1,0,1,0,2
1;2;3;5;6;8;9;10,II;III;aVR;aVF;V1;V3;V4;V5,7,0.8,1,0,1,0,2
1;2;3;5;6;8;9;10,II;III;aVR;aVF;V1;V3;V4;V5,7,0.9,1,0,0,0,1
1;2;3;5;6;8;9;10;11,II;III;aVR;aVF;V1;V3;V4;V5;V6,8,0.5,1,1,1,0,3
1;2;3;5;6;8;9;10;11,II;III;aVR;aVF;V1;V3;V4;V5;V6,8,0.6,1,0,1,0,2
1;2;3;5;6;8;9;10;11,II;III;aVR;aVF;V1;V3;V4;V5;V6,8,0.7,1,0,1,0,2
1;2;3;5;6;8;9;10;11,II;III;aVR;aVF;V1;V3;V4;V5;V6,8,0.8,1,0,1,0,2
1;2;3;5;6;8;9;10;11,II;III;aVR;aVF;V1;V3;V4;V5;V6,8,0.9,1,0,0,0,1
1;2;3;5;6;8;9;11,II;III;aVR;aVF;V1;V3;V4;V6,7,0.5,1,1,1,0,3
1;2;3;5;6;8;9;11,II;III;aVR;aVF;V1;V3;V4;V6,7,0.6,1,0,1,0,2
1;2;3;5;6;8;9;11,II;III;aVR;aVF;V1;V3;V4;V6,7,0.7,1,0,1,0,2
1;2;3;5;6;8;9;11,II;III;aVR;aVF;V1;V3;V4;V6,7,0.8,1,0,1,0,2
1;2;3;5;6;8;9;11,II;III;aVR;aVF;V1;V3;V4;V6,7,0.9,1,0,0,0,1
1;2;3;5;6;8;10,II;III;aVR;aVF;V1;V3;V5,6,0.5,1,1,1,0,3
1;2;3;5;6;8;10,II;III;aVR;aVF;V1;V3;V5,6,0.6,1,0,1,0,2
1;2;3;5;6;8;10,II;III;aVR;aVF;V1;V3;V5,6,0.7,1,0,1,0,2
1;2;3;5;6;8;10,II;III;aVR;aVF;V1;V3;V5,6,0.8,1,0,1,0,2
1;2;3;5;6;8;10,II;III;aVR;aVF;V1;V3;V5,6,0.9,1,0,0,0,1
1;2;3;5;6;8;10;11,II;III;aVR;aVF;V1;V3;V5;V6,7,0.5,1,1,1,0,3
1;2;3;5;6;8;10;11,II;III;aVR;aVF;V1;V3;V5;V6,7,0.6,1,0,1,0,2
1;2;3;5;6;8;10;11,II;III;aVR;aVF;V1;V3;V5;V6,7,0.7,1,0,1,0,2
1;2;3;5;6;8;10;11,II;III;aVR;aVF;V1;V3;V5;V6,7,0.8,1,0,1,0,2
1;2;3;5;6;8;10;11,II;III;aVR;aVF;V1;V3;V5;V6,7,0.9,1,0,0,0,1
1;2;3;5;6;8;11,II;III;aVR;aVF;V1;V3;V6,6,0.5,1,1,1,0,3
1;2;3;5;6;8;11,II;III;aVR;aVF;V1;V3;V6,6,0.6,1,0,1,0,2
1;2;3;5;6;8;11,II;III;aVR;aVF;V1;V3;V6,6,0.7,1,0,1,0,2
1;2;3;5;6;8;11,II;III;aVR;aVF;V1;V3;V6,6,0.8,1,0,1,0,2
1;2;3;5;6;8;11,II;III;aVR;aVF;V1;V3;V6,6,0.9,1,0,0,0,1
1;2;3;5;6;9,II;III;aVR;aVF;V1;V4,5,0.5,1,1,1,0,3
1;2;3;5;6;9,II;III;aVR;aVF;V1;V4,5,0.6,1,0,1,0,2
1;2;3;5;6;9,II;III;aVR;aVF;V1;V4,5,0.7,1,0,1,0,2
1;2;3;5;6;9,II;III;aVR;aVF;V1;V4,5,0.8,1,0,1,0,2
1;2;3;5;6;9,II;III;aVR;aVF;V1;V4,5,0.9,1,0,0,0,1
1;2;3;5;6;9;10,II;III;aVR;aVF;V1;V4;V5,6,0.5,1,1,1,0,3
1;2;3;5;6;9;10,II;III;aVR;aVF;V1;V4;V5,6,0.6,1,0,1,0,2
1;2;3;5;6;9;10,II;III;aVR;aVF;V1;V4;V5,6,0.7,1,0,1,0,2
1;2;3;5;6;9;10,II;III;aVR;aVF;V1;V4;V5,6,0.8,1,0,1,0,2
1;2;3;5;6;9;10,II;III;aVR;aVF;V1;V4;V5,6,0.9,1,0,0,0,1
1;2;3;5;6;9;10;11,II;III;aVR;aVF;V1;V4;V5;V6,7,0.5,1,1,1,0,3
1;2;3;5;6;9;10;11,II;III;aVR;aVF;V1;V4;V5;V6,7,0.6,1,0,1,0,2
1;2;3;5;6;9;10;11,II;III;aVR;aVF;V1;V4;V5;V6,7,0.7,1,0,1,0,2
1;2;3;5;6;9;10;11,II;III;aVR;aVF;V1;V4;V5;V6,7,0.8,1,0,1,0,2
1;2;3;5;6;9;10;11,II;III;aVR;aVF;V1;V4;V5;V6,7,0.9,1,0,0,0,1
1;2;3;5;6;9;11,II;III;aVR;aVF;V1;V4;V6,6,0.5,1,1,1,0,3
1;2;3;5;6;9;11,II;III;aVR;aVF;V1;V4;V6,6,0.6,1,0,1,0,2
1;2;3;5;6;9;11,II;III;aVR;aVF;V1;V4;V6,6,0.7,1,0,1,0,2
1;2;3;5;6;9;11,II;III;aVR;aVF;V1;V4;V6,6,0.8,1,0,1,0,2
1;2;3;5;6;9;11,II;III;aVR;aVF;V1;V4;V6,6,0.9,1,0,0,0,1
1;2;3;5;6;10,II;III;aVR;aVF;V1;V5,5,0.5,1,1,1,0,3
1;2;3;5;6;10,II;III;aVR;aVF;V1;V5,5,0.6,1,0,1,0,2
1;2;3;5;6;10,II;III;aVR;aVF;V1;V5,5,0.7,1,0,1,0,2
1;2;3;5;6;10,II;III;aVR;aVF;V1;V5,5,0.8,1,0,1,0,2
1;2;3;5;6;10,II;III;aVR;aVF;V1;V5,5,0.9,1,0,0,0,1
1;2;3;5;6;10;11,II;III;aVR;aVF;V1;V5;V6,6,0.5,1,1,1,0,3
1;2;3;5;6;10;11,II;III;aVR;aVF;V1;V5;V6,6,0.6,1,1,1,0,3
1;2;3;5;6;10;11,II;III;aVR;aVF;V1;V5;V6,6,0.7,1,0,1,0,2
1;2;3;5;6;10;11,II;III;aVR;aVF;V1;V5;V6,6,0.8,1,0,1,0,2
1;2;3;5;6;10;11,II;III;aVR;aVF;V1;V5;V6,6,0.9,1,0,0,0,1
1;2;3;5;6;11,II;III;aVR;aVF;V1;V6,5,0.5,1,1,1,0,3
1;2;3;5;6;11,II;III;aVR;aVF;V1;V6,5,0.6,1,1,1,0,3
1;2;3;5;6;11,II;III;aVR;aVF;V1;V6,5,0.7,1,0,1,0,2
1;2;3;5;6;11,II;III;aVR;aVF;V1;V6,5,0.8,1,0,1,0,2
1;2;3;5;6;11,II;III;aVR;aVF;V1;V6,5,0.9,1,0,0,0,1
1;2;3;5;7,II;III;aVR;aVF;V2,4,0.5,1,1,1,0,3
1;2;3;5;7,II;III;aVR;aVF;V2,4,0.6,1,0,1,0,2
1;2;3;5;7,II;III;aVR;aVF;V2,4,0.7,1,0,1,0,2
1;2;3;5;7,II;III;aVR;aVF;V2,4,0.8,1,0,1,0,2
1;2;3;5;7,II;III;aVR;aVF;V2,4,0.9,1,0,0,0,1
1;2;3;5;7;8,II;III;aVR;aVF;V2;V3,5,0.5,1,1,1,0,3
1;2;3;5;7;8,II;III;aVR;aVF;V2;V3,5,0.6,1,0,1,0,2
1;2;3;5;7;8,II;III;aVR;aVF;V2;V3,5,0.7,1,0,1,0,2
1;2;3;5;7;8,II;III;aVR;aVF;V2;V3,5,0.8,1,0,0,0,1
1;2;3;5;7;8,II;III;aVR;aVF;V2;V3,5,0.9,1,0,0,0,1
1;2;3;5;7;8;9,II;III;aVR;aVF;V2;V3;V4,6,0.5,1,1,1,0,3
1;2;3;5;7;8;9,II;III;aVR;aVF;V2;V3;V4,6,0.6,1,0,1,0,2
1;2;3;5;7;8;9,II;III;aVR;aVF;V2;V3;V4,6,0.7,1,0,1,0,2
1;2;3;5;7;8;9,II;III;aVR;aVF;V2;V3;V4,6,0.8,1,0,1,0,2
1;2;3;5;7;8;9,II;III;aVR;aVF;V2;V3;V4,6,0.9,1,0,0,0,1
1;2;3;5;7;8;9;10,II;III;aVR;aVF;V2;V3;V4;V5,7,0.5,1,1,1,0,3
1;2;3;5;7;8;9;10,II;III;aVR;aVF;V2;V3;V4;V5,7,0.6,1,1,1,0,3
1;2;3;5;7;8;9;10,II;III;aVR;aVF;V2;V3;V4;V5,7,0.7,1,0,1,0,2
1;2;3;5;7;8;9;10,II;III;aVR;aVF;V2;V3;V4;V5,7,0.8,1,0,0,0,1
1;2;3;5;7;8;9;10,II;III;aVR;aVF;V2;V3;V4;V5,7,0.9,1,0,0,0,1
1;2;3;5;7;8;9;10;11,II;III;aVR;aVF;V2;V3;V4;V5;V6,8,0.5,1,1,1,0,3
1;2;3;5;7;8;9;10;11,II;III;aVR;aVF;V2;V3;V4;V5;V6,8,0.6,1,0,1,0,2
1;2;3;5;7;8;9;10;11,II;III;aVR;aVF;V2;V3;V4;V5;V6,8,0.7,1,0,1,0,2
1;2;3;5;7;8;9;10;11,II;III;aVR;aVF;V2;V3;V4;V5;V6,8,0.8,1,0,0,0,1
1;2;3;5;7;8;9;10;11,II;III;aVR;aVF;V2;V3;V4;V5;V6,8,0.9,1,0,0,0,1
1;2;3;5;7;8;9;11,II;III;aVR;aVF;V2;V3;V4;V6,7,0.5,1,1,1,0,3
1;2;3;5;7;8;9;11,II;III;aVR;aVF;V2;V3;V4;V6,7,0.6,1,0,1,0,2
1;2;3;5;7;8;9;11,II;III;aVR;aVF;V2;V3;V4;V6,7,0.7,1,0,1,0,2
1;2;3;5;7;8;9;11,II;III;aVR;aVF;V2;V3;V4;V6,7,0.8,1,0,0,0,1
1;2;3;5;7;8;9;11,II;III;aVR;aVF;V2;V3;V4;V6,7,0.9,1,0,0,0,1
1;2;3;5;7;8;10,II;III;aVR;aVF;V2;V3;V5,6,0.5,1,1,1,0,3
1;2;3;5;7;8;10,II;III;aVR;aVF;V2;V3;V5,6,0.6,1,0,1,0,2
1;2;3;5;7;8;10,II;III;aVR;aVF;V2;V3;V5,6,0.7,1,0,1,0,2
1;2;3;5;7;8;10,II;III;aVR;aVF;V2;V3;V5,6,0.8,1,0,0,0,1
1;2;3;5;7;8;10,II;III;aVR;aVF;V2;V3;V5,6,0.9,1,0,0,0,1
1;2;3;5;7;8;10;11,II;III;aVR;aVF;V2;V3;V5;V6,7,0.5,1,1,1,0,3
1;2;3;5;7;8;10;11,II;III;aVR;aVF;V2;V3;V5;V6,7,0.6,1,0,1,0,2
1;2;3;5;7;8;10;11,II;III;aVR;aVF;V2;V3;V5;V6,7,0.7,1,0,1,0,2
1;2;3;5;7;8;10;11,II;III;aVR;aVF;V2;V3;V5;V6,7,0.8,1,0,0,0,1
1;2;3;5;7;8;10;11,II;III;aVR;aVF;V2;V3;V5;V6,7,0.9,1,0,0,0,1
1;2;3;5;7;8;11,II;III;aVR;aVF;V2;V3;V6,6,0.5,1,1,1,0,3
1;2;3;5;7;8;11,II;III;aVR;aVF;V2;V3;V6,6,0.6,1,0,1,0,2
1;2;3;5;7;8;11,II;III;aVR;aVF;V2;V3;V6,6,0.7,1,0,1,0,2
1;2;3;5;7;8;11,II;III;aVR;aVF;V2;V3;V6,6,0.8,1,0,0,0,1
1;2;3;5;7;8;11,II;III;aVR;aVF;V2;V3;V6,6,0.9,1,0,0,0,1
1;2;3;5;7;9,II;III;aVR;aVF;V2;V4,5,0.5,1,1,1,0,3
1;2;3;5;7;9,II;III;aVR;aVF;V2;V4,5,0.6,1,1,1,0,3
1;2;3;5;7;9,II;III;aVR;aVF;V2;V4,5,0.7,1,0,1,0,2
1;2;3;5;7;9,II;III;aVR;aVF;V2;V4,5,0.8,1,0,1,0,2
1;2;3;5;7;9,II;III;aVR;aVF;V2;V4,5,0.9,1,0,0,0,1
1;2;3;5;7;9;10,II;III;aVR;aVF;V2;V4;V5,6,0.5,1,1,1,0,3
1;2;3;5;7;9;10,II;III;aVR;aVF;V2;V4;V5,6,0.6,1,0,1,0,2
1;2;3;5;7;9;10,II;III;aVR;aVF;V2;V4;V5,6,0.7,1,0,1,0,2
1;2;3;5;7;9;10,II;III;aVR;aVF;V2;V4;V5,6,0.8,1,0,1,0,2
1;2;3;5;7;9;10,II;III;aVR;aVF;V2;V4;V5,6,0.9,1,0,0,0,1
1;2;3;5;7;9;10;11,II;III;aVR;aVF;V2;V4;V5;V6,7,0.5,1,1,1,0,3
1;2;3;5;7;9;10;11,II;III;aVR;aVF;V2;V4;V5;V6,7,0.6,1,0,1,0,2
1;2;3;5;7;9;10;11,II;III;aVR;aVF;V2;V4;V5;V6,7,0.7,1,0,1,0,2
1;2;3;5;7;9;10;11,II;III;aVR;aVF;V2;V4;V5;V6,7,0.8,1,0,0,0,1
1;2;3;5;7;9;10;11,II;III;aVR;aVF;V2;V4;V5;V6,7,0.9,1,0,0,0,1
1;2;3;5;7;9;11,II;III;aVR;aVF;V2;V4;V6,6,0.5,1,1,1,0,3
1;2;3;5;7;9;11,II;III;aVR;aVF;V2;V4;V6,6,0.6,1,0,1,0,2
1;2;3;5;7;9;11,II;III;aVR;aVF;V2;V4;V6,6,0.7,1,0,1,0,2
1;2;3;5;7;9;11,II;III;aVR;aVF;V2;V4;V6,6,0.8,1,0,0,0,1
1;2;3;5;7;9;11,II;III;aVR;aVF;V2;V4;V6,6,0.9,1,0,0,0,1
1;2;3;5;7;10,II;III;aVR;aVF;V2;V5,5,0.5,1,1,1,0,3
1;2;3;5;7;10,II;III;aVR;aVF;V2;V5,5,0.6,1,0,1,0,2
1;2;3;5;7;10,II;III;aVR;aVF;V2;V5,5,0.7,1,0,1,0,2
1;2;3;5;7;10,II;III;aVR;aVF;V2;V5,5,0.8,1,0,1,0,2
1;2;3;5;7;10,II;III;aVR;aVF;V2;V5,5,0.9,1,0,0,0,1
1;2;3;5;7;10;11,II;III;aVR;aVF;V2;V5;V6,6,0.5,1,1,1,0,3
1;2;3;5;7;10;11,II;III;aVR;aVF;V2;V5;V6,6,0.6,1,1,1,0,3
1;2;3;5;7;10;11,II;III;aVR;aVF;V2;V5;V6,6,0.7,1,0,1,0,2
1;2;3;5;7;10;11,II;III;aVR;aVF;V2;V5;V6,6,0.8,1,0,0,0,1
1;2;3;5;7;10;11,II;III;aVR;aVF;V2;V5;V6,6,0.9,1,0,0,0,1
1;2;3;5;7;11,II;III;aVR;aVF;V2;V6,5,0.5,1,1,1,0,3
1;2;3;5;7;11,II;III;aVR;aVF;V2;V6,5,0.6,1,0,1,0,2
1;2;3;5;7;11,II;III;aVR;aVF;V2;V6,5,0.7,1,0,1,0,2
1;2;3;5;7;11,II;III;aVR;aVF;V2;V6,5,0.8,1,0,0,0,1
1;2;3;5;7;11,II;III;aVR;aVF;V2;V6,5,0.9,1,0,0,0,1
1;2;3;5;8,II;III;aVR;aVF;V3,4,0.5,1,1,1,0,3
1;2;3;5;8,II;III;aVR;aVF;V3,4,0.6,1,0,1,0,2
1;2;3;5;8,II;III;aVR;aVF;V3,4,0.7,1,0,1,0,2
1;2;3;5;8,II;III;aVR;aVF;V3,4,0.8,1,0,0,0,1
1;2;3;5;8,II;III;aVR;aVF;V3,4,0.9,1,0,0,0,1
1;2;3;5;8;9,II;III;aVR;aVF;V3;V4,5,0.5,1,1,1,0,3
1;2;3;5;8;9,II;III;aVR;aVF;V3;V4,5,0.6,1,1,1,0,3
1;2;3;5;8;9,II;III;aVR;aVF;V3;V4,5,0.7,1,0,1,0,2
1;2;3;5;8;9,II;III;aVR;aVF;V3;V4,5,0.8,1,0,1,0,2
1;2;3;5;8;9,II;III;aVR;aVF;V3;V4,5,0.9,1,0,0,0,1
1;2;3;5;8;9;10,II;III;aVR;aVF;V3;V4;V5,6,0.5,1,1,1,0,3
1;2;3;5;8;9;10,II;III;aVR;aVF;V3;V4;V5,6,0.6,1,0,1,0,2
1;2;3;5;8;9;10,II;III;aVR;aVF;V3;V4;V5,6,0.7,1,0,1,0,2
1;2;3;5;8;9;10,II;III;aVR;aVF;V3;V4;V5,6,0.8,1,0,0,0,1
1;2;3;5;8;9;10,II;III;aVR;aVF;V3;V4;V5,6,0.9,1,0,0,0,1
1;2;3;5;8;9;10;11,II;III;aVR;aVF;V3;V4;V5;V6,7,0.5,1,1,1,0,3
1;2;3;5;8;9;10;11,II;III;aVR;aVF;V3;V4;V5;V6,7,0.6,1,0,1,0,2
1;2;3;5;8;9;10;11,II;III;aVR;aVF;V3;V4;V5;V6,7,0.7,1,0,1,0,2
1;2;3;5;8;9;10;11,II;III;aVR;aVF;V3;V4;V5;V6,7,0.8,1,0,0,0,1
1;2;3;5;8;9;10;11,II;III;aVR;aVF;V3;V4;V5;V6,7,0.9,1,0,0,0,1
1;2;3;5;8;9;11,II;III;aVR;aVF;V3;V4;V6,6,0.5,1,1,1,0,3
1;2;3;5;8;9;11,II;III;aVR;aVF;V3;V4;V6,6,0.6,1,0,1,0,2
1;2;3;5;8;9;11,II;III;aVR;aVF;V3;V4;V6,6,0.7,1,0,1,0,2
1;2;3;5;8;9;11,II;III;aVR;aVF;V3;V4;V6,6,0.8,1,0,0,0,1
1;2;3;5;8;9;11,II;III;aVR;aVF;V3;V4;V6,6,0.9,1,0,0,0,1
1;2;3;5;8;10,II;III;aVR;aVF;V3;V5,5,0.5,1,1,1,0,3
1;2;3;5;8;10,II;III;aVR;aVF;V3;V5,5,0.6,1,0,1,0,2
1;2;3;5;8;10,II;III;aVR;aVF;V3;V5,5,0.7,1,0,1,0,2
1;2;3;5;8;10,II;III;aVR;aVF;V3;V5,5,0.8,1,0,0,0,1
1;2;3;5;8;10,II;III;aVR;aVF;V3;V5,5,0.9,1,0,0,0,1
1;2;3;5;8;10;11,II;III;aVR;aVF;V3;V5;V6,6,0.5,1,1,1,0,3
1;2;3;5;8;10;11,II;III;aVR;aVF;V3;V5;V6,6,0.6,1,0,1,0,2
1;2;3;5;8;10;11,II;III;aVR;aVF;V3;V5;V6,6,0.7,1,0,1,0,2
1;2;3;5;8;10;11,II;III;aVR;aVF;V3;V5;V6,6,0.8,1,0,0,0,1
1;2;3;5;8;10;11,II;III;aVR;aVF;V3;V5;V6,6,0.9,1,0,0,0,1
1;2;3;5;8;11,II;III;aVR;aVF;V3;V6,5,0.5,1,1,1,0,3
1;2;3;5;8;11,II;III;aVR;aVF;V3;V6,5,0.6,1,0,1,0,2
1;2;3;5;8;11,II;III;aVR;aVF;V3;V6,5,0.7,1,0,1,0,2
1;2;3;5;8;11,II;III;aVR;aVF;V3;V6,5,0.8,1,0,0,0,1
1;2;3;5;8;11,II;III;aVR;aVF;V3;V6,5,0.9,1,0,0,0,1
1;2;3;5;9,II;III;aVR;aVF;V4,4,0.5,1,1,1,0,3
1;2;3;5;9,II;III;aVR;aVF;V4,4,0.6,1,1,1,0,3
1;2;3;5;9,II;III;aVR;aVF;V4,4,0.7,1,0,1,0,2
1;2;3;5;9,II;III;aVR;aVF;V4,4,0.8,1,0,1,0,2
1;2;3;5;9,II;III;aVR;aVF;V4,4,0.9,1,0,0,0,1
1;2;3;5;9;10,II;III;aVR;aVF;V4;V5,5,0.5,1,1,1,0,3
1;2;3;5;9;10,II;III;aVR;aVF;V4;V5,5,0.6,1,0,1,0,2
1;2;3;5;9;10,II;III;aVR;aVF;V4;V5,5,0.7,1,0,1,0,2
1;2;3;5;9;10,II;III;aVR;aVF;V4;V5,5,0.8,1,0,0,0,1
1;2;3;5;9;10,II;III;aVR;aVF;V4;V5,5,0.9,1,0,0,0,1
1;2;3;5;9;10;11,II;III;aVR;aVF;V4;V5;V6,6,0.5,1,1,1,0,3
1;2;3;5;9;10;11,II;III;aVR;aVF;V4;V5;V6,6,0.6,1,0,1,0,2
1;2;3;5;9;10;11,II;III;aVR;aVF;V4;V5;V6,6,0.7,1,0,1,0,2
1;2;3;5;9;10;11,II;III;aVR;aVF;V4;V5;V6,6,0.8,1,0,0,0,1
1;2;3;5;9;10;11,II;III;aVR;aVF;V4;V5;V6,6,0.9,1,0,0,0,1
1;2;3;5;9;11,II;III;aVR;aVF;V4;V6,5,0.5,1,1,1,0,3
1;2;3;5;9;11,II;III;aVR;aVF;V4;V6,5,0.6,1,0,1,0,2
1;2;3;5;9;11,II;III;aVR;aVF;V4;V6,5,0.7,1,0,1,0,2
1;2;3;5;9;11,II;III;aVR;aVF;V4;V6,5,0.8,1,0,0,0,1
1;2;3;5;9;11,II;III;aVR;aVF;V4;V6,5,0.9,1,0,0,0,1
1;2;3;5;10,II;III;aVR;aVF;V5,4,0.5,1,1,1,0,3
1;2;3;5;10,II;III;aVR;aVF;V5,4,0.6,1,0,1,0,2
1;2;3;5;10,II;III;aVR;aVF;V5,4,0.7,1,0,1,0,2
1;2;3;5;10,II;III;aVR;aVF;V5,4,0.8,1,0,0,0,1
1;2;3;5;10,II;III;aVR;aVF;V5,4,0.9,1,0,0,0,1
1;2;3;5;10;11,II;III;aVR;aVF;V5;V6,5,0.5,1,1,1,0,3
1;2;3;5;10;11,II;III;aVR;aVF;V5;V6,5,0.6,1,1,1,0,3
1;2;3;5;10;11,II;III;aVR;aVF;V5;V6,5,0.7,1,0,1,0,2
1;2;3;5;10;11,II;III;aVR;aVF;V5;V6,5,0.8,1,0,0,0,1
1;2;3;5;10;11,II;III;aVR;aVF;V5;V6,5,0.9,1,0,0,0,1
1;2;3;5;11,II;III;aVR;aVF;V6,4,0.5,1,1,1,0,3
1;2;3;5;11,II;III;aVR;aVF;V6,4,0.6,1,0,1,0,2
1;2;3;5;11,II;III;aVR;aVF;V6,4,0.7,1,0,1,0,2
1;2;3;5;11,II;III;aVR;aVF;V6,4,0.8,1,0,0,0,1
1;2;3;5;11,II;III;aVR;aVF;V6,4,0.9,1,0,0,0,1
1;2;3;6,II;III;aVR;V1,4,0.5,1,1,1,0,3
1;2;3;6,II;III;aVR;V1,4,0.6,1,1,1,0,3
1;2;3;6,II;III;aVR;V1,4,0.7,1,0,1,0,2
1;2;3;6,II;III;aVR;V1,4,0.8,1,0,1,0,2
1;2;3;6,II;III;aVR;V1,4,0.9,1,0,0,0,1
1;2;3;6;7,II;III;aVR;V1;V2,5,0.5,1,1,1,0,3
1;2;3;6;7,II;III;aVR;V1;V2,5,0.6,1,0,1,0,2
1;2;3;6;7,II;III;aVR;V1;V2,5,0.7,1,0,1,0,2
1;2;3;6;7,II;III;aVR;V1;V2,5,0.8,1,0,1,0,2
1;2;3;6;7,II;III;aVR;V1;V2,5,0.9,1,0,0,0,1
1;2;3;6;7;8,II;III;aVR;V1;V2;V3,6,0.5,1,1,1,0,3
1;2;3;6;7;8,II;III;aVR;V1;V2;V3,6,0.6,1,0,1,0,2
1;2;3;6;7;8,II;III;aVR;V1;V2;V3,6,0.7,1,0,1,0,2
1;2;3;6;7;8,II;III;aVR;V1;V2;V3,6,0.8,1,0,1,0,2
1;2;3;6;7;8,II;III;aVR;V1;V2;V3,6,0.9,1,0,0,0,1
1;2;3;6;7;8;9,II;III;aVR;V1;V2;V3;V4,7,0.5,1,1,1,0,3
1;2;3;6;7;8;9,II;III;aVR;V1;V2;V3;V4,7,0.6,1,0,1,0,2
1;2;3;6;7;8;9,II;III;aVR;V1;V2;V3;V4,7,0.7,1,0,1,0,2
1;2;3;6;7;8;9,II;III;aVR;V1;V2;V3;V4,7,0.8,1,0,1,0,2
1;2;3;6;7;8;9,II;III;aVR;V1;V2;V3;V4,7,0.9,1,0,0,0,1
1;2;3;6;7;8;9;10,II;III;aVR;V1;V2;V3;V4;V5,8,0.5,1,1,1,0,3
1;2;3;6;7;8;9;10,II;III;aVR;V1;V2;V3;V4;V5,8,0.6,1,0,1,0,2
1;2;3;6;7;8;9;10,II;III;aVR;V1;V2;V3;V4;V5,8,0.7,1,0,1,0,2
1;2;3;6;7;8;9;10,II;III;aVR;V1;V2;V3;V4;V5,8,0.8,1,0,1,0,2
1;2;3;6;7;8;9;10,II;III;aVR;V1;V2;V3;V4;V5,8,0.9,1,0,0,0,1
1;2;3;6;7;8;9;10;11,II;III;aVR;V1;V2;V3;V4;V5;V6,9,0.5,1,1,1,0,3
1;2;3;6;7;8;9;10;11,II;III;aVR;V1;V2;V3;V4;V5;V6,9,0.6,1,0,1,0,2
1;2;3;6;7;8;9;10;11,II;III;aVR;V1;V2;V3;V4;V5;V6,9,0.7,1,0,1,0,2
1;2;3;6;7;8;9;10;11,II;III;aVR;V1;V2;V3;V4;V5;V6,9,0.8,1,0,1,0,2
1;2;3;6;7;8;9;10;11,II;III;aVR;V1;V2;V3;V4;V5;V6,9,0.9,1,0,0,0,1
1;2;3;6;7;8;9;11,II;III;aVR;V1;V2;V3;V4;V6,8,0.5,1,1,1,0,3
1;2;3;6;7;8;9;11,II;III;aVR;V1;V2;V3;V4;V6,8,0.6,1,0,1,0,2
1;2;3;6;7;8;9;11,II;III;aVR;V1;V2;V3;V4;V6,8,0.7,1,0,1,0,2
1;2;3;6;7;8;9;11,II;III;aVR;V1;V2;V3;V4;V6,8,0.8,1,0,1,0,2
1;2;3;6;7;8;9;11,II;III;aVR;V1;V2;V3;V4;V6,8,0.9,1,0,0,0,1
1;2;3;6;7;8;10,II;III;aVR;V1;V2;V3;V5,7,0.5,1,1,1,0,3
1;2;3;6;7;8;10,II;III;aVR;V1;V2;V3;V5,7,0.6,1,0,1,0,2
1;2;3;6;7;8;10,II;III;aVR;V1;V2;V3;V5,7,0.7,1,0,1,0,2
1;2;3;6;7;8;10,II;III;aVR;V1;V2;V3;V5,7,0.8,1,0,1,0,2
1;2;3;6;7;8;10,II;III;aVR;V1;V2;V3;V5,7,0.9,1,0,0,0,1
1;2;3;6;7;8;10;11,II;III;aVR;V1;V2;V3;V5;V6,8,0.5,1,1,1,0,3
1;2;3;6;7;8;10;11,II;III;aVR;V1;V2;V3;V5;V6,8,0.6,1,0,1,0,2
1;2;3;6;7;8;10;11,II;III;aVR;V1;V2;V3;V5;V6,8,0.7,1,0,1,0,2
1;2;3;6;7;8;10;11,II;III;aVR;V1;V2;V3;V5;V6,8,0.8,1,0,1,0,2
1;2;3;6;7;8;10;11,II;III;aVR;V1;V2;V3;V5;V6,8,0.9,1,0,0,0,1
1;2;3;6;7;8;11,II;III;aVR;V1;V2;V3;V6,7,0.5,1,1,1,0,3
1;2;3;6;7;8;11,II;III;aVR;V1;V2;V3;V6,7,0.6,1,0,1,0,2
1;2;3;6;7;8;11,II;III;aVR;V1;V2;V3;V6,7,0.7,1,0,1,0,2
1;2;3;6;7;8;11,II;III;aVR;V1;V2;V3;V6,7,0.8,1,0,1,0,2
1;2;3;6;7;8;11,II;III;aVR;V1;V2;V3;V6,7,0.9,1,0,0,0,1
1;2;3;6;7;9,II;III;aVR;V1;V2;V4,6,0.5,1,1,1,0,3
1;2;3;6;7;9,II;III;aVR;V1;V2;V4,6,0.6,1,0,1,0,2
1;2;3;6;7;9,II;III;aVR;V1;V2;V4,6,0.7,1,0,1,0,2
1;2;3;6;7;9,II;III;aVR;V1;V2;V4,6,0.8,1,0,1,0,2
1;2;3;6;7;9,II;III;aVR;V1;V2;V4,6,0.9,1,0,0,0,1
1;2;3;6;7;9;10,II;III;aVR;V1;V2;V4;V5,7,0.5,1,1,1,0,3
1;2;3;6;7;9;10,II;III;aVR;V1;V2;V4;V5,7,0.6,1,0,1,0,2
1;2;3;6;7;9;10,II;III;aVR;V1;V2;V4;V5,7,0.7,1,0,1,0,2
1;2;3;6;7;9;10,II;III;aVR;V1;V2;V4;V5,7,0.8,1,0,1,0,2
1;2;3;6;7;9;10,II;III;aVR;V1;V2;V4;V5,7,0.9,1,0,0,0,1
1;2;3;6;7;9;10;11,II;III;aVR;V1;V2;V4;V5;V6,8,0.5,1,1,1,0,3
1;2;3;6;7;9;10;11,II;III;aVR;V1;V2;V4;V5;V6,8,0.6,1,0,1,0,2
1;2;3;6;7;9;10;11,II;III;aVR;V1;V2;V4;V5;V6,8,0.7,1,0,1,0,2
1;2;3;6;7;9;10;11,II;III;aVR;V1;V2;V4;V5;V6,8,0.8,1,0,1,0,2
1;2;3;6;7;9;10;11,II;III;aVR;V1;V2;V4;V5;V6,8,0.9,1,0,0,0,1
1;2;3;6;7;9;11,II;III;aVR;V1;V2;V4;V6,7,0.5,1,1,1,0,3
1;2;3;6;7;9;11,II;III;aVR;V1;V2;V4;V6,7,0.6,1,0,1,0,2
1;2;3;6;7;9;11,II;III;aVR;V1;V2;V4;V6,7,0.7,1,0,1,0,2
1;2;3;6;7;9;11,II;III;aVR;V1;V2;V4;V6,7,0.8,1,0,1,0,2
1;2;3;6;7;9;11,II;III;aVR;V1;V2;V4;V6,7,0.9,1,0,0,0,1
1;2;3;6;7;10,II;III;aVR;V1;V2;V5,6,0.5,1,1,1,0,3
1;2;3;6;7;10,II;III;aVR;V1;V2;V5,6,0.6,1,0,1,0,2
1;2;3;6;7;10,II;III;aVR;V1;V2;V5,6,0.7,1,0,1,0,2
1;2;3;6;7;10,II;III;aVR;V1;V2;V5,6,0.8,1,0,1,0,2
1;2;3;6;7;10,II;III;aVR;V1;V2;V5,6,0.9,1,0,0,0,1
1;2;3;6;7;10;11,II;III;aVR;V1;V2;V5;V6,7,0.5,1,1,1,0,3
1;2;3;6;7;10;11,II;III;aVR;V1;V2;V5;V6,7,0.6,1,0,1,0,2
1;2;3;6;7;10;11,II;III;aVR;V1;V2;V5;V6,7,0.7,1,0,1,0,2
1;2;3;6;7;10;11,II;III;aVR;V1;V2;V5;V6,7,0.8,1,0,1,0,2
1;2;3;6;7;10;11,II;III;aVR;V1;V2;V5;V6,7,0.9,1,0,0,0,1
1;2;3;6;7;11,II;III;aVR;V1;V2;V6,6,0.5,1,1,1,0,3
1;2;3;6;7;11,II;III;aVR;V1;V2;V6,6,0.6,1,0,1,0,2
1;2;3;6;7;11,II;III;aVR;V1;V2;V6,6,0.7,1,0,1,0,2
1;2;3;6;7;11,II;III;aVR;V1;V2;V6,6,0.8,1,0,1,0,2
1;2;3;6;7;11,II;III;aVR;V1;V2;V6,6,0.9,1,0,0,0,1
1;2;3;6;8,II;III;aVR;V1;V3,5,0.5,1,1,1,0,3
1;2;3;6;8,II;III;aVR;V1;V3,5,0.6,1,0,1,0,2
1;2;3;6;8,II;III;aVR;V1;V3,5,0.7,1,0,1,0,2
1;2;3;6;8,II;III;aVR;V1;V3,5,0.8,1,0,1,0,2
1;2;3;6;8,II;III;aVR;V1;V3,5,0.9,1,0,0,0,1
1;2;3;6;8;9,II;III;aVR;V1;V3;V4,6,0.5,1,1,1,0,3
1;2;3;6;8;9,II;III;aVR;V1;V3;V4,6,0.6,1,0,1,0,2
1;2;3;6;8;9,II;III;aVR;V1;V3;V4,6,0.7,1,0,1,0,2
1;2;3;6;8;9,II;III;aVR;V1;V3;V4,6,0.8,1,0,1,0,2
1;2;3;6;8;9,II;III;aVR;V1;V3;V4,6,0.9,1,0,0,0,1
1;2;3;6;8;9;10,II;III;aVR;V1;V3;V4;V5,7,0.5,1,1,1,0,3
1;2;3;6;8;9;10,II;III;aVR;V1;V3;V4;V5,7,0.6,1,0,1,0,2
1;2;3;6;8;9;10,II;III;aVR;V1;V3;V4;V5,7,0.7,1,0,1,0,2
1;2;3;6;8;9;10,II;III;aVR;V1;V3;V4;V5,7,0.8,1,0,1,0,2
1;2;3;6;8;9;10,II;III;aVR;V1;V3;V4;V5,7,0.9,1,0,0,0,1
1;2;3;6;8;9;10;11,II;III;aVR;V1;V3;V4;V5;V6,8,0.5,1,1,1,0,3
1;2;3;6;8;9;10;11,II;III;aVR;V1;V3;V4;V5;V6,8,0.6,1,0,1,0,2
1;2;3;6;8;9;10;11,II;III;aVR;V1;V3;V4;V5;V6,8,0.7,1,0,1,0,2
1;2;3;6;8;9;10;11,II;III;aVR;V1;V3;V4;V5;V6,8,0.8,1,0,1,0,2
1;2;3;6;8;9;10;11,II;III;aVR;V1;V3;V4;V5;V6,8,0.9,1,0,0,0,1
1;2;3;6;8;9;11,II;III;aVR;V1;V3;V4;V6,7,0.5,1,1,1,0,3
1;2;3;6;8;9;11,II;III;aVR;V1;V3;V4;V6,7,0.6,1,0,1,0,2
1;2;3;6;8;9;11,II;III;aVR;V1;V3;V4;V6,7,0.7,1,0,1,0,2
1;2;3;6;8;9;11,II;III;aVR;V1;V3;V4;V6,7,0.8,1,0,1,0,2
1;2;3;6;8;9;11,II;III;aVR;V1;V3;V4;V6,7,0.9,1,0,0,0,1
1;2;3;6;8;10,II;III;aVR;V1;V3;V5,6,0.5,1,1,1,0,3
1;2;3;6;8;10,II;III;aVR;V1;V3;V5,6,0.6,1,0,1,0,2
1;2;3;6;8;10,II;III;aVR;V1;V3;V5,6,0.7,1,0,1,0,2
1;2;3;6;8;10,II;III;aVR;V1;V3;V5,6,0.8,1,0,1,0,2
1;2;3;6;8;10,II;III;aVR;V1;V3;V5,6,0.9,1,0,0,0,1
1;2;3;6;8;10;11,II;III;aVR;V1;V3;V5;V6,7,0.5,1,1,1,0,3
1;2;3;6;8;10;11,II;III;aVR;V1;V3;V5;V6,7,0.6,1,0,1,0,2
1;2;3;6;8;10;11,II;III;aVR;V1;V3;V5;V6,7,0.7,1,0,1,0,2
1;2;3;6;8;10;11,II;III;aVR;V1;V3;V5;V6,7,0.8,1,0,1,0,2
1;2;3;6;8;10;11,II;III;aVR;V1;V3;V5;V6,7,0.9,1,0,0,0,1
1;2;3;6;8;11,II;III;aVR;V1;V3;V6,6,0.5,1,1,1,0,3
1;2;3;6;8;11,II;III;aVR;V1;V3;V6,6,0.6,1,0,1,0,2
1;2;3;6;8;11,II;III;aVR;V1;V3;V6,6,0.7,1,0,1,0,2
1;2;3;6;8;11,II;III;aVR;V1;V3;V6,6,0.8,1,0,1,0,2
1;2;3;6;8;11,II;III;aVR;V1;V3;V6,6,0.9,1,0,0,0,1
1;2;3;6;9,II;III;aVR;V1;V4,5,0.5,1,1,1,0,3
1;2;3;6;9,II;III;aVR;V1;V4,5,0.6,1,0,1,0,2
1;2;3;6;9,II;III;aVR;V1;V4,5,0.7,1,0,1,0,2
1;2;3;6;9,II;III;aVR;V1;V4,5,0.8,1,0,1,0,2
1;2;3;6;9,II;III;aVR;V1;V4,5,0.9,1,0,0,0,1
1;2;3;6;9;10,II;III;aVR;V1;V4;V5,6,0.5,1,1,1,0,3
1;2;3;6;9;10,II;III;aVR;V1;V4;V5,6,0.6,1,0,1,0,2
1;2;3;6;9;10,II;III;aVR;V1;V4;V5,6,0.7,1,0,1,0,2
1;2;3;6;9;10,II;III;aVR;V1;V4;V5,6,0.8,1,0,1,0,2
1;2;3;6;9;10,II;III;aVR;V1;V4;V5,6,0.9,1,0,0,0,1
1;2;3;6;9;10;11,II;III;aVR;V1;V4;V5;V6,7,0.5,1,1,1,0,3
1;2;3;6;9;10;11,II;III;aVR;V1;V4;V5;V6,7,0.6,1,0,1,0,2
1;2;3;6;9;10;11,II;III;aVR;V1;V4;V5;V6,7,0.7,1,0,1,0,2
1;2;3;6;9;10;11,II;III;aVR;V1;V4;V5;V6,7,0.8,1,0,1,0,2
1;2;3;6;9;10;11,II;III;aVR;V1;V4;V5;V6,7,0.9,1,0,0,0,1
1;2;3;6;9;11,II;III;aVR;V1;V4;V6,6,0.5,1,1,1,0,3
1;2;3;6;9;11,II;III;aVR;V1;V4;V6,6,0.6,1,0,1,0,2
1;2;3;6;9;11,II;III;aVR;V1;V4;V6,6,0.7,1,0,1,0,2
1;2;3;6;9;11,II;III;aVR;V1;V4;V6,6,0.8,1,0,1,0,2
1;2;3;6;9;11,II;III;aVR;V1;V4;V6,6,0.9,1,0,0,0,1
1;2;3;6;10,II;III;aVR;V1;V5,5,0.5,1,1,1,0,3
1;2;3;6;10,II;III;aVR;V1;V5,5,0.6,1,0,1,0,2
1;2;3;6;10,II;III;aVR;V1;V5,5,0.7,1,0,1,0,2
1;2;3;6;10,II;III;aVR;V1;V5,5,0.8,1,0,1,0,2
1;2;3;6;10,II;III;aVR;V1;V5,5,0.9,1,0,0,0,1
1;2;3;6;10;11,II;III;aVR;V1;V5;V6,6,0.5,1,1,1,0,3
1;2;3;6;10;11,II;III;aVR;V1;V5;V6,6,0.6,1,0,1,0,2
1;2;3;6;10;11,II;III;aVR;V1;V5;V6,6,0.7,1,0,1,0,2
1;2;3;6;10;11,II;III;aVR;V1;V5;V6,6,0.8,1,0,1,0,2
1;2;3;6;10;11,II;III;aVR;V1;V5;V6,6,0.9,1,0,0,0,1
1;2;3;6;11,II;III;aVR;V1;V6,5,0.5,1,1,1,0,3
1;2;3;6;11,II;III;aVR;V1;V6,5,0.6,1,0,1,0,2
1;2;3;6;11,II;III;aVR;V1;V6,5,0.7,1,0,1,0,2
1;2;3;6;11,II;III;aVR;V1;V6,5,0.8,1,0,1,0,2
1;2;3;6;11,II;III;aVR;V1;V6,5,0.9,1,0,0,0,1
1;2;3;7,II;III;aVR;V2,4,0.5,1,1,1,0,3
1;2;3;7,II;III;aVR;V2,4,0.6,1,0,1,0,2
1;2;3;7,II;III;aVR;V2,4,0.7,1,0,1,0,2
1;2;3;7,II;III;aVR;V2,4,0.8,1,0,1,0,2
1;2;3;7,II;III;aVR;V2,4,0.9,1,0,0,0,1
1;2;3;7;8,II;III;aVR;V2;V3,5,0.5,1,1,1,0,3
1;2;3;7;8,II;III;aVR;V2;V3,5,0.6,1,0,1,0,2
1;2;3;7;8,II;III;aVR;V2;V3,5,0.7,1,0,1,0,2
1;2;3;7;8,II;III;aVR;V2;V3,5,0.8,1,0,1,0,2
1;2;3;7;8,II;III;aVR;V2;V3,5,0.9,1,0,0,0,1
1;2;3;7;8;9,II;III;aVR;V2;V3;V4,6,0.5,1,1,1,0,3
1;2;3;7;8;9,II;III;aVR;V2;V3;V4,6,0.6,1,0,1,0,2
1;2;3;7;8;9,II;III;aVR;V2;V3;V4,6,0.7,1,0,1,0,2
1;2;3;7;8;9,II;III;aVR;V2;V3;V4,6,0.8,1,0,1,0,2
1;2;3;7;8;9,II;III;aVR;V2;V3;V4,6,0.9,1,0,0,0,1
1;2;3;7;8;9;10,II;III;aVR;V2;V3;V4;V5,7,0.5,1,1,1,0,3
1;2;3;7;8;9;10,II;III;aVR;V2;V3;V4;V5,7,0.6,1,0,1,0,2
1;2;3;7;8;9;10,II;III;aVR;V2;V3;V4;V5,7,0.7,1,0,1,0,2
1;2;3;7;8;9;10,II;III;aVR;V2;V3;V4;V5,7,0.8,1,0,0,0,1
1;2;3;7;8;9;10,II;III;aVR;V2;V3;V4;V5,7,0.9,1,0,0,0,1
1;2;3;7;8;9;10;11,II;III;aVR;V2;V3;V4;V5;V6,8,0.5,1,1,1,0,3
1;2;3;7;8;9;10;11,II;III;aVR;V2;V3;V4;V5;V6,8,0.6,1,0,1,0,2
1;2;3;7;8;9;10;11,II;III;aVR;V2;V3;V4;V5;V6,8,0.7,1,0,1,0,2
1;2;3;7;8;9;10;11,II;III;aVR;V2;V3;V4;V5;V6,8,0.8,1,0,0,0,1
1;2;3;7;8;9;10;11,II;III;aVR;V2;V3;V4;V5;V6,8,0.9,1,0,0,0,1
1;2;3;7;8;9;11,II;III;aVR;V2;V3;V4;V6,7,0.5,1,1,1,0,3
1;2;3;7;8;9;11,II;III;aVR;V2;V3;V4;V6,7,0.6,1,0,1,0,2
1;2;3;7;8;9;11,II;III;aVR;V2;V3;V4;V6,7,0.7,1,0,1,0,2
1;2;3;7;8;9;11,II;III;aVR;V2;V3;V4;V6,7,0.8,1,0,1,0,2
1;2;3;7;8;9;11,II;III;aVR;V2;V3;V4;V6,7,0.9,1,0,0,0,1
1;2;3;7;8;10,II;III;aVR;V2;V3;V5,6,0.5,1,1,1,0,3
1;2;3;7;8;10,II;III;aVR;V2;V3;V5,6,0.6,1,0,1,0,2
1;2;3;7;8;10,II;III;aVR;V2;V3;V5,6,0.7,1,0,1,0,2
1;2;3;7;8;10,II;III;aVR;V2;V3;V5,6,0.8,1,0,0,0,1
1;2;3;7;8;10,II;III;aVR;V2;V3;V5,6,0.9,1,0,0,0,1
1;2;3;7;8;10;11,II;III;aVR;V2;V3;V5;V6,7,0.5,1,1,1,0,3
1;2;3;7;8;10;11,II;III;aVR;V2;V3;V5;V6,7,0.6,1,0,1,0,2
1;2;3;7;8;10;11,II;III;aVR;V2;V3;V5;V6,7,0.7,1,0,1,0,2
1;2;3;7;8;10;11,II;III;aVR;V2;V3;V5;V6,7,0.8,1,0,0,0,1
1;2;3;7;8;10;11,II;III;aVR;V2;V3;V5;V6,7,0.9,1,0,0,0,1
1;2;3;7;8;11,II;III;aVR;V2;V3;V6,6,0.5,1,1,1,0,3
1;2;3;7;8;11,II;III;aVR;V2;V3;V6,6,0.6,1,0,1,0,2
1;2;3;7;8;11,II;III;aVR;V2;V3;V6,6,0.7,1,0,1,0,2
1;2;3;7;8;11,II;III;aVR;V2;V3;V6,6,0.8,1,0,0,0,1
1;2;3;7;8;11,II;III;aVR;V2;V3;V6,6,0.9,1,0,0,0,1
1;2;3;7;9,II;III;aVR;V2;V4,5,0.5,1,1,1,0,3
1;2;3;7;9,II;III;aVR;V2;V4,5,0.6,1,1,1,0,3
1;2;3;7;9,II;III;aVR;V2;V4,5,0.7,1,0,1,0,2
1;2;3;7;9,II;III;aVR;V2;V4,5,0.8,1,0,1,0,2
1;2;3;7;9,II;III;aVR;V2;V4,5,0.9,1,0,0,0,1
1;2;3;7;9;10,II;III;aVR;V2;V4;V5,6,0.5,1,1,1,0,3
1;2;3;7;9;10,II;III;aVR;V2;V4;V5,6,0.6,1,0,1,0,2
1;2;3;7;9;10,II;III;aVR;V2;V4;V5,6,0.7,1,0,1,0,2
1;2;3;7;9;10,II;III;aVR;V2;V4;V5,6,0.8,1,0,0,0,1
1;2;3;7;9;10,II;III;aVR;V2;V4;V5,6,0.9,1,0,0,0,1
1;2;3;7;9;10;11,II;III;aVR;V2;V4;V5;V6,7,0.5,1,1,1,0,3
1;2;3;7;9;10;11,II;III;aVR;V2;V4;V5;V6,7,0.6,1,0,1,0,2
1;2;3;7;9;10;11,II;III;aVR;V2;V4;V5;V6,7,0.7,1,0,1,0,2
1;2;3;7;9;10;11,II;III;aVR;V2;V4;V5;V6,7,0.8,1,0,0,0,1
1;2;3;7;9;10;11,II;III;aVR;V2;V4;V5;V6,7,0.9,1,0,0,0,1
1;2;3;7;9;11,II;III;aVR;V2;V4;V6,6,0.5,1,1,1,0,3
1;2;3;7;9;11,II;III;aVR;V2;V4;V6,6,0.6,1,0,1,0,2
1;2;3;7;9;11,II;III;aVR;V2;V4;V6,6,0.7,1,0,1,0,2
1;2;3;7;9;11,II;III;aVR;V2;V4;V6,6,0.8,1,0,1,0,2
1;2;3;7;9;11,II;III;aVR;V2;V4;V6,6,0.9,1,0,0,0,1
1;2;3;7;10,II;III;aVR;V2;V5,5,0.5,1,1,1,0,3
1;2;3;7;10,II;III;aVR;V2;V5,5,0.6,1,0,1,0,2
1;2;3;7;10,II;III;aVR;V2;V5,5,0.7,1,0,1,0,2
1;2;3;7;10,II;III;aVR;V2;V5,5,0.8,1,0,0,0,1
1;2;3;7;10,II;III;aVR;V2;V5,5,0.9,1,0,0,0,1
1;2;3;7;10;11,II;III;aVR;V2;V5;V6,6,0.5,1,1,1,0,3
1;2;3;7;10;11,II;III;aVR;V2;V5;V6,6,0.6,1,0,1,0,2
1;2;3;7;10;11,II;III;aVR;V2;V5;V6,6,0.7,1,0,1,0,2
1;2;3;7;10;11,II;III;aVR;V2;V5;V6,6,0.8,1,0,0,0,1
1;2;3;7;10;11,II;III;aVR;V2;V5;V6,6,0.9,1,0,0,0,1
1;2;3;7;11,II;III;aVR;V2;V6,5,0.5,1,1,1,0,3
1;2;3;7;11,II;III;aVR;V2;V6,5,0.6,1,0,1,0,2
1;2;3;7;11,II;III;aVR;V2;V6,5,0.7,1,0,1,0,2
1;2;3;7;11,II;III;aVR;V2;V6,5,0.8,1,0,1,0,2
1;2;3;7;11,II;III;aVR;V2;V6,5,0.9,1,0,0,0,1
1;2;3;8,II;III;aVR;V3,4,0.5,1,1,1,0,3
1;2;3;8,II;III;aVR;V3,4,0.6,1,0,1,0,2
1;2;3;8,II;III;aVR;V3,4,0.7,1,0,1,0,2
1;2;3;8,II;III;aVR;V3,4,0.8,1,0,1,0,2
1;2;3;8,II;III;aVR;V3,4,0.9,1,0,0,0,1
1;2;3;8;9,II;III;aVR;V3;V4,5,0.5,1,1,1,0,3
1;2;3;8;9,II;III;aVR;V3;V4,5,0.6,1,0,1,0,2
1;2;3;8;9,II;III;aVR;V3;V4,5,0.7,1,0,1,0,2
1;2;3;8;9,II;III;aVR;V3;V4,5,0.8,1,0,1,0,2
1;2;3;8;9,II;III;aVR;V3;V4,5,0.9,1,0,0,0,1
1;2;3;8;9;10,II;III;aVR;V3;V4;V5,6,0.5,1,1,1,0,3
1;2;3;8;9;10,II;III;aVR;V3;V4;V5,6,0.6,1,0,1,0,2
1;2;3;8;9;10,II;III;aVR;V3;V4;V5,6,0.7,1,0,1,0,2
1;2;3;8;9;10,II;III;aVR;V3;V4;V5,6,0.8,1,0,0,0,1
1;2;3;8;9;10,II;III;aVR;V3;V4;V5,6,0.9,1,0,0,0,1
1;2;3;8;9;10;11,II;III;aVR;V3;V4;V5;V6,7,0.5,1,1,1,0,3
1;2;3;8;9;10;11,II;III;aVR;V3;V4;V5;V6,7,0.6,1,0,1,0,2
1;2;3;8;9;10;11,II;III;aVR;V3;V4;V5;V6,7,0.7,1,0,1,0,2
1;2;3;8;9;10;11,II;III;aVR;V3;V4;V5;V6,7,0.8,1,0,0,0,1
1;2;3;8;9;10;11,II;III;aVR;V3;V4;V5;V6,7,0.9,1,0,0,0,1
1;2;3;8;9;11,II;III;aVR;V3;V4;V6,6,0.5,1,1,1,0,3
1;2;3;8;9;11,II;III;aVR;V3;V4;V6,6,0.6,1,0,1,0,2
1;2;3;8;9;11,II;III;aVR;V3;V4;V6,6,0.7,1,0,1,0,2
1;2;3;8;9;11,II;III;aVR;V3;V4;V6,6,0.8,1,0,0,0,1
1;2;3;8;9;11,II;III;aVR;V3;V4;V6,6,0.9,1,0,0,0,1
1;2;3;8;10,II;III;aVR;V3;V5,5,0.5,1,1,1,0,3
1;2;3;8;10,II;III;aVR;V3;V5,5,0.6,1,0,1,0,2
1;2;3;8;10,II;III;aVR;V3;V5,5,0.7,1,0,1,0,2
1;2;3;8;10,II;III;aVR;V3;V5,5,0.8,1,0,0,0,1
1;2;3;8;10,II;III;aVR;V3;V5,5,0.9,1,0,0,0,1
1;2;3;8;10;11,II;III;aVR;V3;V5;V6,6,0.5,1,1,1,0,3
1;2;3;8;10;11,II;III;aVR;V3;V5;V6,6,0.6,1,0,1,0,2
1;2;3;8;10;11,II;III;aVR;V3;V5;V6,6,0.7,1,0,1,0,2
1;2;3;8;10;11,II;III;aVR;V3;V5;V6,6,0.8,1,0,0,0,1
1;2;3;8;10;11,II;III;aVR;V3;V5;V6,6,0.9,1,0,0,0,1
1;2;3;8;11,II;III;aVR;V3;V6,5,0.5,1,1,1,0,3
1;2;3;8;11,II;III;aVR;V3;V6,5,0.6,1,0,1,0,2
1;2;3;8;11,II;III;aVR;V3;V6,5,0.7,1,0,1,0,2
1;2;3;8;11,II;III;aVR;V3;V6,5,0.8,1,0,0,0,1
1;2;3;8;11,II;III;aVR;V3;V6,5,0.9,1,0,0,0,1
1;2;3;9,II;III;aVR;V4,4,0.5,1,1,1,0,3
1;2;3;9,II;III;aVR;V4,4,0.6,1,0,1,0,2
1;2;3;9,II;III;aVR;V4,4,0.7,1,0,1,0,2
1;2;3;9,II;III;aVR;V4,4,0.8,1,0,1,0,2
1;2;3;9,II;III;aVR;V4,4,0.9,1,0,0,0,1
1;2;3;9;10,II;III;aVR;V4;V5,5,0.5,1,1,1,0,3
1;2;3;9;10,II;III;aVR;V4;V5,5,0.6,1,0,1,0,2
1;2;3;9;10,II;III;aVR;V4;V5,5,0.7,1,0,1,0,2
1;2;3;9;10,II;III;aVR;V4;V5,5,0.8,1,0,0,0,1
1;2;3;9;10,II;III;aVR;V4;V5,5,0.9,1,0,0,0,1
1;2;3;9;10;11,II;III;aVR;V4;V5;V6,6,0.5,1,1,1,0,3
1;2;3;9;10;11,II;III;aVR;V4;V5;V6,6,0.6,1,0,1,0,2
1;2;3;9;10;11,II;III;aVR;V4;V5;V6,6,0.7,1,0,1,0,2
1;2;3;9;10;11,II;III;aVR;V4;V5;V6,6,0.8,1,0,0,0,1
1;2;3;9;10;11,II;III;aVR;V4;V5;V6,6,0.9,1,0,0,0,1
1;2;3;9;11,II;III;aVR;V4;V6,5,0.5,1,1,1,0,3
1;2;3;9;11,II;III;aVR;V4;V6,5,0.6,1,0,1,0,2
1;2;3;9;11,II;III;aVR;V4;V6,5,0.7,1,0,1,0,2
1;2;3;9;11,II;III;aVR;V4;V6,5,0.8,1,0,1,0,2
1;2;3;9;11,II;III;aVR;V4;V6,5,0.9,1,0,0,0,1
1;2;3;10,II;III;aVR;V5,4,0.5,1,1,1,0,3
1;2;3;10,II;III;aVR;V5,4,0.6,1,0,1,0,2
1;2;3;10,II;III;aVR;V5,4,0.7,1,0,1,0,2
1;2;3;10,II;III;aVR;V5,4,0.8,1,0,0,0,1
1;2;3;10,II;III;aVR;V5,4,0.9,1,0,0,0,1
1;2;3;10;11,II;III;aVR;V5;V6,5,0.5,1,1,1,0,3
1;2;3;10;11,II;III;aVR;V5;V6,5,0.6,1,0,1,0,2
1;2;3;10;11,II;III;aVR;V5;V6,5,0.7,1,0,1,0,2
1;2;3;10;11,II;III;aVR;V5;V6,5,0.8,1,0,0,0,1
1;2;3;10;11,II;III;aVR;V5;V6,5,0.9,1,0,0,0,1
1;2;3;11,II;III;aVR;V6,4,0.5,1,1,1,0,3
1;2;3;11,II;III;aVR;V6,4,0.6,1,0,1,0,2
1;2;3;11,II;III;aVR;V6,4,0.7,1,0,1,0,2
1;2;3;11,II;III;aVR;V6,4,0.8,1,0,0,0,1
1;2;3;11,II;III;aVR;V6,4,0.9,1,0,0,0,1
1;2;4,II;III;aVL,3,0.5,1,1,1,0,3
1;2;4,II;III;aVL,3,0.6,1,1,1,0,3
1;2;4,II;III;aVL,3,0.7,1,0,1,0,2
1;2;4,II;III;aVL,3,0.8,1,0,1,0,2
1;2;4,II;III;aVL,3,0.9,1,0,0,0,1
1;2;4;5,II;III;aVL;aVF,3,0.5,1,1,1,0,3
1;2;4;5,II;III;aVL;aVF,3,0.6,1,1,1,0,3
1;2;4;5,II;III;aVL;aVF,3,0.7,1,0,1,0,2
1;2;4;5,II;III;aVL;aVF,3,0.8,1,0,1,0,2
1;2;4;5,II;III;aVL;aVF,3,0.9,1,0,0,0,1
1;2;4;5;6,II;III;aVL;aVF;V1,4,0.5,1,1,1,0,3
1;2;4;5;6,II;III;aVL;aVF;V1,4,0.6,1,1,1,0,3
1;2;4;5;6,II;III;aVL;aVF;V1,4,0.7,1,0,1,0,2
1;2;4;5;6,II;III;aVL;aVF;V1,4,0.8,1,0,1,0,2
1;2;4;5;6,II;III;aVL;aVF;V1,4,0.9,1,0,0,0,1
1;2;4;5;6;7,II;III;aVL;aVF;V1;V2,5,0.5,1,1,1,0,3
1;2;4;5;6;7,II;III;aVL;aVF;V1;V2,5,0.6,1,1,1,0,3
1;2;4;5;6;7,II;III;aVL;aVF;V1;V2,5,0.7,1,0,1,0,2
1;2;4;5;6;7,II;III;aVL;aVF;V1;V2,5,0.8,1,0,1,0,2
1;2;4;5;6;7,II;III;aVL;aVF;V1;V2,5,0.9,1,0,0,0,1
1;2;4;5;6;7;8,II;III;aVL;aVF;V1;V2;V3,6,0.5,1,1,1,0,3
1;2;4;5;6;7;8,II;III;aVL;aVF;V1;V2;V3,6,0.6,1,0,1,0,2
1;2;4;5;6;7;8,II;III;aVL;aVF;V1;V2;V3,6,0.7,1,0,1,0,2
1;2;4;5;6;7;8,II;III;aVL;aVF;V1;V2;V3,6,0.8,1,0,1,0,2
1;2;4;5;6;7;8,II;III;aVL;aVF;V1;V2;V3,6,0.9,1,0,0,0,1
1;2;4;5;6;7;8;9,II;III;aVL;aVF;V1;V2;V3;V4,7,0.5,1,1,1,0,3
1;2;4;5;6;7;8;9,II;III;aVL;aVF;V1;V2;V3;V4,7,0.6,1,0,1,0,2
1;2;4;5;6;7;8;9,II;III;aVL;aVF;V1;V2;V3;V4,7,0.7,1,0,1,0,2
1;2;4;5;6;7;8;9,II;III;aVL;aVF;V1;V2;V3;V4,7,0.8,1,0,1,0,2
1;2;4;5;6;7;8;9,II;III;aVL;aVF;V1;V2;V3;V4,7,0.9,1,0,0,0,1
1;2;4;5;6;7;8;9;10,II;III;aVL;aVF;V1;V2;V3;V4;V5,8,0.5,1,1,1,0,3
1;2;4;5;6;7;8;9;10,II;III;aVL;aVF;V1;V2;V3;V4;V5,8,0.6,1,0,1,0,2
1;2;4;5;6;7;8;9;10,II;III;aVL;aVF;V1;V2;V3;V4;V5,8,0.7,1,0,1,0,2
1;2;4;5;6;7;8;9;10,II;III;aVL;aVF;V1;V2;V3;V4;V5,8,0.8,1,0,1,0,2
1;2;4;5;6;7;8;9;10,II;III;aVL;aVF;V1;V2;V3;V4;V5,8,0.9,1,0,0,0,1
1;2;4;5;6;7;8;9;10;11,II;III;aVL;aVF;V1;V2;V3;V4;V5;V6,9,0.5,1,1,1,0,3
1;2;4;5;6;7;8;9;10;11,II;III;aVL;aVF;V1;V2;V3;V4;V5;V6,9,0.6,1,0,1,0,2
1;2;4;5;6;7;8;9;10;11,II;III;aVL;aVF;V1;V2;V3;V4;V5;V6,9,0.7,1,0,1,0,2
1;2;4;5;6;7;8;9;10;11,II;III;aVL;aVF;V1;V2;V3;V4;V5;V6,9,0.8,1,0,1,0,2
1;2;4;5;6;7;8;9;10;11,II;III;aVL;aVF;V1;V2;V3;V4;V5;V6,9,0.9,1,0,0,0,1
1;2;4;5;6;7;8;9;11,II;III;aVL;aVF;V1;V2;V3;V4;V6,8,0.5,1,1,1,0,3
1;2;4;5;6;7;8;9;11,II;III;aVL;aVF;V1;V2;V3;V4;V6,8,0.6,1,0,1,0,2
1;2;4;5;6;7;8;9;11,II;III;aVL;aVF;V1;V2;V3;V4;V6,8,0.7,1,0,1,0,2
1;2;4;5;6;7;8;9;11,II;III;aVL;aVF;V1;V2;V3;V4;V6,8,0.8,1,0,1,0,2
1;2;4;5;6;7;8;9;11,II;III;aVL;aVF;V1;V2;V3;V4;V6,8,0.9,1,0,0,0,1
1;2;4;5;6;7;8;10,II;III;aVL;aVF;V1;V2;V3;V5,7,0.5,1,1,1,0,3
1;2;4;5;6;7;8;10,II;III;aVL;aVF;V1;V2;V3;V5,7,0.6,1,0,1,0,2
1;2;4;5;6;7;8;10,II;III;aVL;aVF;V1;V2;V3;V5,7,0.7,1,0,1,0,2
1;2;4;5;6;7;8;10,II;III;aVL;aVF;V1;V2;V3;V5,7,0.8,1,0,1,0,2
1;2;4;5;6;7;8;10,II;III;aVL;aVF;V1;V2;V3;V5,7,0.9,1,0,0,0,1
1;2;4;5;6;7;8;10;11,II;III;aVL;aVF;V1;V2;V3;V5;V6,8,0.5,1,1,1,0,3
1;2;4;5;6;7;8;10;11,II;III;aVL;aVF;V1;V2;V3;V5;V6,8,0.6,1,0,1,0,2
1;2;4;5;6;7;8;10;11,II;III;aVL;aVF;V1;V2;V3;V5;V6,8,0.7,1,0,1,0,2
1;2;4;5;6;7;8;10;11,II;III;aVL;aVF;V1;V2;V3;V5;V6,8,0.8,1,0,1,0,2
1;2;4;5;6;7;8;10;11,II;III;aVL;aVF;V1;V2;V3;V5;V6,8,0.9,1,0,0,0,1
1;2;4;5;6;7;8;11,II;III;aVL;aVF;V1;V2;V3;V6,7,0.5,1,1,1,0,3
1;2;4;5;6;7;8;11,II;III;aVL;aVF;V1;V2;V3;V6,7,0.6,1,0,1,0,2
1;2;4;5;6;7;8;11,II;III;aVL;aVF;V1;V2;V3;V6,7,0.7,1,0,1,0,2
1;2;4;5;6;7;8;11,II;III;aVL;aVF;V1;V2;V3;V6,7,0.8,1,0,1,0,2
1;2;4;5;6;7;8;11,II;III;aVL;aVF;V1;V2;V3;V6,7,0.9,1,0,0,0,1
1;2;4;5;6;7;9,II;III;aVL;aVF;V1;V2;V4,6,0.5,1,1,1,0,3
1;2;4;5;6;7;9,II;III;aVL;aVF;V1;V2;V4,6,0.6,1,0,1,0,2
1;2;4;5;6;7;9,II;III;aVL;aVF;V1;V2;V4,6,0.7,1,0,1,0,2
1;2;4;5;6;7;9,II;III;aVL;aVF;V1;V2;V4,6,0.8,1,0,1,0,2
1;2;4;5;6;7;9,II;III;aVL;aVF;V1;V2;V4,6,0.9,1,0,0,0,1
1;2;4;5;6;7;9;10,II;III;aVL;aVF;V1;V2;V4;V5,7,0.5,1,1,1,0,3
1;2;4;5;6;7;9;10,II;III;aVL;aVF;V1;V2;V4;V5,7,0.6,1,0,1,0,2
1;2;4;5;6;7;9;10,II;III;aVL;aVF;V1;V2;V4;V5,7,0.7,1,0,1,0,2
1;2;4;5;6;7;9;10,II;III;aVL;aVF;V1;V2;V4;V5,7,0.8,1,0,1,0,2
1;2;4;5;6;7;9;10,II;III;aVL;aVF;V1;V2;V4;V5,7,0.9,1,0,0,0,1
1;2;4;5;6;7;9;10;11,II;III;aVL;aVF;V1;V2;V4;V5;V6,8,0.5,1,1,1,0,3
1;2;4;5;6;7;9;10;11,II;III;aVL;aVF;V1;V2;V4;V5;V6,8,0.6,1,0,1,0,2
1;2;4;5;6;7;9;10;11,II;III;aVL;aVF;V1;V2;V4;V5;V6,8,0.7,1,0,1,0,2
1;2;4;5;6;7;9;10;11,II;III;aVL;aVF;V1;V2;V4;V5;V6,8,0.8,1,0,1,0,2
1;2;4;5;6;7;9;10;11,II;III;aVL;aVF;V1;V2;V4;V5;V6,8,0.9,1,0,0,0,1
1;2;4;5;6;7;9;11,II;III;aVL;aVF;V1;V2;V4;V6,7,0.5,1,1,1,0,3
1;2;4;5;6;7;9;11,II;III;aVL;aVF;V1;V2;V4;V6,7,0.6,1,0,1,0,2
1;2;4;5;6;7;9;11,II;III;aVL;aVF;V1;V2;V4;V6,7,0.7,1,0,1,0,2
1;2;4;5;6;7;9;11,II;III;aVL;aVF;V1;V2;V4;V6,7,0.8,1,0,1,0,2
1;2;4;5;6;7;9;11,II;III;aVL;aVF;V1;V2;V4;V6,7,0.9,1,0,0,0,1
1;2;4;5;6;7;10,II;III;aVL;aVF;V1;V2;V5,6,0.5,1,1,1,0,3
1;2;4;5;6;7;10,II;III;aVL;aVF;V1;V2;V5,6,0.6,1,0,1,0,2
1;2;4;5;6;7;10,II;III;aVL;aVF;V1;V2;V5,6,0.7,1,0,1,0,2
1;2;4;5;6;7;10,II;III;aVL;aVF;V1;V2;V5,6,0.8,1,0,1,0,2
1;2;4;5;6;7;10,II;III;aVL;aVF;V1;V2;V5,6,0.9,1,0,0,0,1
1;2;4;5;6;7;10;11,II;III;aVL;aVF;V1;V2;V5;V6,7,0.5,1,1,1,0,3
1;2;4;5;6;7;10;11,II;III;aVL;aVF;V1;V2;V5;V6,7,0.6,1,0,1,0,2
1;2;4;5;6;7;10;11,II;III;aVL;aVF;V1;V2;V5;V6,7,0.7,1,0,1,0,2
1;2;4;5;6;7;10;11,II;III;aVL;aVF;V1;V2;V5;V6,7,0.8,1,0,1,0,2
1;2;4;5;6;7;10;11,II;III;aVL;aVF;V1;V2;V5;V6,7,0.9,1,0,0,0,1
1;2;4;5;6;7;11,II;III;aVL;aVF;V1;V2;V6,6,0.5,1,1,1,0,3
1;2;4;5;6;7;11,II;III;aVL;aVF;V1;V2;V6,6,0.6,1,0,1,0,2
1;2;4;5;6;7;11,II;III;aVL;aVF;V1;V2;V6,6,0.7,1,0,1,0,2
1;2;4;5;6;7;11,II;III;aVL;aVF;V1;V2;V6,6,0.8,1,0,1,0,2
1;2;4;5;6;7;11,II;III;aVL;aVF;V1;V2;V6,6,0.9,1,0,0,0,1
1;2;4;5;6;8,II;III;aVL;aVF;V1;V3,5,0.5,1,1,1,0,3
1;2;4;5;6;8,II;III;aVL;aVF;V1;V3,5,0.6,1,0,1,0,2
1;2;4;5;6;8,II;III;aVL;aVF;V1;V3,5,0.7,1,0,1,0,2
1;2;4;5;6;8,II;III;aVL;aVF;V1;V3,5,0.8,1,0,1,0,2
1;2;4;5;6;8,II;III;aVL;aVF;V1;V3,5,0.9,1,0,0,0,1
1;2;4;5;6;8;9,II;III;aVL;aVF;V1;V3;V4,6,0.5,1,1,1,0,3
1;2;4;5;6;8;9,II;III;aVL;aVF;V1;V3;V4,6,0.6,1,0,1,0,2
1;2;4;5;6;8;9,II;III;aVL;aVF;V1;V3;V4,6,0.7,1,0,1,0,2
1;2;4;5;6;8;9,II;III;aVL;aVF;V1;V3;V4,6,0.8,1,0,1,0,2
1;2;4;5;6;8;9,II;III;aVL;aVF;V1;V3;V4,6,0.9,1,0,0,0,1
1;2;4;5;6;8;9;10,II;III;aVL;aVF;V1;V3;V4;V5,7,0.5,1,1,1,0,3
1;2;4;5;6;8;9;10,II;III;aVL;aVF;V1;V3;V4;V5,7,0.6,1,0,1,0,2
1;2;4;5;6;8;9;10,II;III;aVL;aVF;V1;V3;V4;V5,7,0.7,1,0,1,0,2
1;2;4;5;6;8;9;10,II;III;aVL;aVF;V1;V3;V4;V5,7,0.8,1,0,1,0,2
1;2;4;5;6;8;9;10,II;III;aVL;aVF;V1;V3;V4;V5,7,0.9,1,0,0,0,1
1;2;4;5;6;8;9;10;11,II;III;aVL;aVF;V1;V3;V4;V5;V6,8,0.5,1,1,1,0,3
1;2;4;5;6;8;9;10;11,II;III;aVL;aVF;V1;V3;V4;V5;V6,8,0.6,1,0,1,0,2
1;2;4;5;6;8;9;10;11,II;III;aVL;aVF;V1;V3;V4;V5;V6,8,0.7,1,0,1,0,2
1;2;4;5;6;8;9;10;11,II;III;aVL;aVF;V1;V3;V4;V5;V6,8,0.8,1,0,1,0,2
1;2;4;5;6;8;9;10;11,II;III;aVL;aVF;V1;V3;V4;V5;V6,8,0.9,1,0,0,0,1
1;2;4;5;6;8;9;11,II;III;aVL;aVF;V1;V3;V4;V6,7,0.5,1,1,1,0,3
1;2;4;5;6;8;9;11,II;III;aVL;aVF;V1;V3;V4;V6,7,0.6,1,0,1,0,2
1;2;4;5;6;8;9;11,II;III;aVL;aVF;V1;V3;V4;V6,7,0.7,1,0,1,0,2
1;2;4;5;6;8;9;11,II;III;aVL;aVF;V1;V3;V4;V6,7,0.8,1,0,1,0,2
1;2;4;5;6;8;9;11,II;III;aVL;aVF;V1;V3;V4;V6,7,0.9,1,0,0,0,1
1;2;4;5;6;8;10,II;III;aVL;aVF;V1;V3;V5,6,0.5,1,1,1,0,3
1;2;4;5;6;8;10,II;III;aVL;aVF;V1;V3;V5,6,0.6,1,0,1,0,2
1;2;4;5;6;8;10,II;III;aVL;aVF;V1;V3;V5,6,0.7,1,0,1,0,2
1;2;4;5;6;8;10,II;III;aVL;aVF;V1;V3;V5,6,0.8,1,0,1,0,2
1;2;4;5;6;8;10,II;III;aVL;aVF;V1;V3;V5,6,0.9,1,0,0,0,1
1;2;4;5;6;8;10;11,II;III;aVL;aVF;V1;V3;V5;V6,7,0.5,1,1,1,0,3
1;2;4;5;6;8;10;11,II;III;aVL;aVF;V1;V3;V5;V6,7,0.6,1,0,1,0,2
1;2;4;5;6;8;10;11,II;III;aVL;aVF;V1;V3;V5;V6,7,0.7,1,0,1,0,2
1;2;4;5;6;8;10;11,II;III;aVL;aVF;V1;V3;V5;V6,7,0.8,1,0,1,0,2
1;2;4;5;6;8;10;11,II;III;aVL;aVF;V1;V3;V5;V6,7,0.9,1,0,0,0,1
1;2;4;5;6;8;11,II;III;aVL;aVF;V1;V3;V6,6,0.5,1,1,1,0,3
1;2;4;5;6;8;11,II;III;aVL;aVF;V1;V3;V6,6,0.6,1,0,1,0,2
1;2;4;5;6;8;11,II;III;aVL;aVF;V1;V3;V6,6,0.7,1,0,1,0,2
1;2;4;5;6;8;11,II;III;aVL;aVF;V1;V3;V6,6,0.8,1,0,1,0,2
1;2;4;5;6;8;11,II;III;aVL;aVF;V1;V3;V6,6,0.9,1,0,0,0,1
1;2;4;5;6;9,II;III;aVL;aVF;V1;V4,5,0.5,1,1,1,0,3
1;2;4;5;6;9,II;III;aVL;aVF;V1;V4,5,0.6,1,0,1,0,2
1;2;4;5;6;9,II;III;aVL;aVF;V1;V4,5,0.7,1,0,1,0,2
1;2;4;5;6;9,II;III;aVL;aVF;V1;V4,5,0.8,1,0,1,0,2
1;2;4;5;6;9,II;III;aVL;aVF;V1;V4,5,0.9,1,0,0,0,1
1;2;4;5;6;9;10,II;III;aVL;aVF;V1;V4;V5,6,0.5,1,1,1,0,3
1;2;4;5;6;9;10,II;III;aVL;aVF;V1;V4;V5,6,0.6,1,0,1,0,2
1;2;4;5;6;9;10,II;III;aVL;aVF;V1;V4;V5,6,0.7,1,0,1,0,2
1;2;4;5;6;9;10,II;III;aVL;aVF;V1;V4;V5,6,0.8,1,0,1,0,2
1;2;4;5;6;9;10,II;III;aVL;aVF;V1;V4;V5,6,0.9,1,0,0,0,1
1;2;4;5;6;9;10;11,II;III;aVL;aVF;V1;V4;V5;V6,7,0.5,1,1,1,0,3
1;2;4;5;6;9;10;11,II;III;aVL;aVF;V1;V4;V5;V6,7,0.6,1,0,1,0,2
1;2;4;5;6;9;10;11,II;III;aVL;aVF;V1;V4;V5;V6,7,0.7,1,0,1,0,2
1;2;4;5;6;9;10;11,II;III;aVL;aVF;V1;V4;V5;V6,7,0.8,1,0,1,0,2
1;2;4;5;6;9;10;11,II;III;aVL;aVF;V1;V4;V5;V6,7,0.9,1,0,0,0,1
1;2;4;5;6;9;11,II;III;aVL;aVF;V1;V4;V6,6,0.5,1,1,1,0,3
1;2;4;5;6;9;11,II;III;aVL;aVF;V1;V4;V6,6,0.6,1,0,1,0,2
1;2;4;5;6;9;11,II;III;aVL;aVF;V1;V4;V6,6,0.7,1,0,1,0,2
1;2;4;5;6;9;11,II;III;aVL;aVF;V1;V4;V6,6,0.8,1,0,1,0,2
1;2;4;5;6;9;11,II;III;aVL;aVF;V1;V4;V6,6,0.9,1,0,0,0,1
1;2;4;5;6;10,II;III;aVL;aVF;V1;V5,5,0.5,1,1,1,0,3
1;2;4;5;6;10,II;III;aVL;aVF;V1;V5,5,0.6,1,0,1,0,2
1;2;4;5;6;10,II;III;aVL;aVF;V1;V5,5,0.7,1,0,1,0,2
1;2;4;5;6;10,II;III;aVL;aVF;V1;V5,5,0.8,1,0,1,0,2
1;2;4;5;6;10,II;III;aVL;aVF;V1;V5,5,0.9,1,0,0,0,1
1;2;4;5;6;10;11,II;III;aVL;aVF;V1;V5;V6,6,0.5,1,1,1,0,3
1;2;4;5;6;10;11,II;III;aVL;aVF;V1;V5;V6,6,0.6,1,0,1,0,2
1;2;4;5;6;10;11,II;III;aVL;aVF;V1;V5;V6,6,0.7,1,0,1,0,2
1;2;4;5;6;10;11,II;III;aVL;aVF;V1;V5;V6,6,0.8,1,0,1,0,2
1;2;4;5;6;10;11,II;III;aVL;aVF;V1;V5;V6,6,0.9,1,0,0,0,1
1;2;4;5;6;11,II;III;aVL;aVF;V1;V6,5,0.5,1,1,1,0,3
1;2;4;5;6;11,II;III;aVL;aVF;V1;V6,5,0.6,1,1,1,0,3
1;2;4;5;6;11,II;III;aVL;aVF;V1;V6,5,0.7,1,0,1,0,2
1;2;4;5;6;11,II;III;aVL;aVF;V1;V6,5,0.8,1,0,1,0,2
1;2;4;5;6;11,II;III;aVL;aVF;V1;V6,5,0.9,1,0,0,0,1
1;2;4;5;7,II;III;aVL;aVF;V2,4,0.5,1,1,1,0,3
1;2;4;5;7,II;III;aVL;aVF;V2,4,0.6,1,0,1,0,2
1;2;4;5;7,II;III;aVL;aVF;V2,4,0.7,1,0,1,0,2
1;2;4;5;7,II;III;aVL;aVF;V2,4,0.8,1,0,1,0,2
1;2;4;5;7,II;III;aVL;aVF;V2,4,0.9,1,0,0,0,1
1;2;4;5;7;8,II;III;aVL;aVF;V2;V3,5,0.5,1,1,1,0,3
1;2;4;5;7;8,II;III;aVL;aVF;V2;V3,5,0.6,1,0,1,0,2
1;2;4;5;7;8,II;III;aVL;aVF;V2;V3,5,0.7,1,0,1,0,2
1;2;4;5;7;8,II;III;aVL;aVF;V2;V3,5,0.8,1,0,1,0,2
1;2;4;5;7;8,II;III;aVL;aVF;V2;V3,5,0.9,1,0,0,0,1
1;2;4;5;7;8;9,II;III;aVL;aVF;V2;V3;V4,6,0.5,1,1,1,0,3
1;2;4;5;7;8;9,II;III;aVL;aVF;V2;V3;V4,6,0.6,1,0,1,0,2
1;2;4;5;7;8;9,II;III;aVL;aVF;V2;V3;V4,6,0.7,1,0,1,0,2
1;2;4;5;7;8;9,II;III;aVL;aVF;V2;V3;V4,6,0.8,1,0,1,0,2
1;2;4;5;7;8;9,II;III;aVL;aVF;V2;V3;V4,6,0.9,1,0,0,0,1
1;2;4;5;7;8;9;10,II;III;aVL;aVF;V2;V3;V4;V5,7,0.5,1,1,1,0,3
1;2;4;5;7;8;9;10,II;III;aVL;aVF;V2;V3;V4;V5,7,0.6,1,0,1,0,2
1;2;4;5;7;8;9;10,II;III;aVL;aVF;V2;V3;V4;V5,7,0.7,1,0,1,0,2
1;2;4;5;7;8;9;10,II;III;aVL;aVF;V2;V3;V4;V5,7,0.8,1,0,0,0,1
1;2;4;5;7;8;9;10,II;III;aVL;aVF;V2;V3;V4;V5,7,0.9,1,0,0,0,1
1;2;4;5;7;8;9;10;11,II;III;aVL;aVF;V2;V3;V4;V5;V6,8,0.5,1,1,1,0,3
1;2;4;5;7;8;9;10;11,II;III;aVL;aVF;V2;V3;V4;V5;V6,8,0.6,1,0,1,0,2
1;2;4;5;7;8;9;10;11,II;III;aVL;aVF;V2;V3;V4;V5;V6,8,0.7,1,0,1,0,2
1;2;4;5;7;8;9;10;11,II;III;aVL;aVF;V2;V3;V4;V5;V6,8,0.8,1,0,0,0,1
1;2;4;5;7;8;9;10;11,II;III;aVL;aVF;V2;V3;V4;V5;V6,8,0.9,1,0,0,0,1
1;2;4;5;7;8;9;11,II;III;aVL;aVF;V2;V3;V4;V6,7,0.5,1,1,1,0,3
1;2;4;5;7;8;9;11,II;III;aVL;aVF;V2;V3;V4;V6,7,0.6,1,0,1,0,2
1;2;4;5;7;8;9;11,II;III;aVL;aVF;V2;V3;V4;V6,7,0.7,1,0,1,0,2
1;2;4;5;7;8;9;11,II;III;aVL;aVF;V2;V3;V4;V6,7,0.8,1,0,0,0,1
1;2;4;5;7;8;9;11,II;III;aVL;aVF;V2;V3;V4;V6,7,0.9,1,0,0,0,1
1;2;4;5;7;8;10,II;III;aVL;aVF;V2;V3;V5,6,0.5,1,1,1,0,3
1;2;4;5;7;8;10,II;III;aVL;aVF;V2;V3;V5,6,0.6,1,0,1,0,2
1;2;4;5;7;8;10,II;III;aVL;aVF;V2;V3;V5,6,0.7,1,0,1,0,2
1;2;4;5;7;8;10,II;III;aVL;aVF;V2;V3;V5,6,0.8,1,0,0,0,1
1;2;4;5;7;8;10,II;III;aVL;aVF;V2;V3;V5,6,0.9,1,0,0,0,1
1;2;4;5;7;8;10;11,II;III;aVL;aVF;V2;V3;V5;V6,7,0.5,1,1,1,0,3
1;2;4;5;7;8;10;11,II;III;aVL;aVF;V2;V3;V5;V6,7,0.6,1,0,1,0,2
1;2;4;5;7;8;10;11,II;III;aVL;aVF;V2;V3;V5;V6,7,0.7,1,0,1,0,2
1;2;4;5;7;8;10;11,II;III;aVL;aVF;V2;V3;V5;V6,7,0.8,1,0,0,0,1
1;2;4;5;7;8;10;11,II;III;aVL;aVF;V2;V3;V5;V6,7,0.9,1,0,0,0,1
1;2;4;5;7;8;11,II;III;aVL;aVF;V2;V3;V6,6,0.5,1,1,1,0,3
1;2;4;5;7;8;11,II;III;aVL;aVF;V2;V3;V6,6,0.6,1,0,1,0,2
1;2;4;5;7;8;11,II;III;aVL;aVF;V2;V3;V6,6,0.7,1,0,1,0,2
1;2;4;5;7;8;11,II;III;aVL;aVF;V2;V3;V6,6,0.8,1,0,1,0,2
1;2;4;5;7;8;11,II;III;aVL;aVF;V2;V3;V6,6,0.9,1,0,0,0,1
1;2;4;5;7;9,II;III;aVL;aVF;V2;V4,5,0.5,1,1,1,0,3
1;2;4;5;7;9,II;III;aVL;aVF;V2;V4,5,0.6,1,1,1,0,3
1;2;4;5;7;9,II;III;aVL;aVF;V2;V4,5,0.7,1,0,1,0,2
1;2;4;5;7;9,II;III;aVL;aVF;V2;V4,5,0.8,1,0,1,0,2
1;2;4;5;7;9,II;III;aVL;aVF;V2;V4,5,0.9,1,0,0,0,1
1;2;4;5;7;9;10,II;III;aVL;aVF;V2;V4;V5,6,0.5,1,1,1,0,3
1;2;4;5;7;9;10,II;III;aVL;aVF;V2;V4;V5,6,0.6,1,0,1,0,2
1;2;4;5;7;9;10,II;III;aVL;aVF;V2;V4;V5,6,0.7,1,0,1,0,2
1;2;4;5;7;9;10,II;III;aVL;aVF;V2;V4;V5,6,0.8,1,0,1,0,2
1;2;4;5;7;9;10,II;III;aVL;aVF;V2;V4;V5,6,0.9,1,0,0,0,1
1;2;4;5;7;9;10;11,II;III;aVL;aVF;V2;V4;V5;V6,7,0.5,1,1,1,0,3
1;2;4;5;7;9;10;11,II;III;aVL;aVF;V2;V4;V5;V6,7,0.6,1,0,1,0,2
1;2;4;5;7;9;10;11,II;III;aVL;aVF;V2;V4;V5;V6,7,0.7,1,0,1,0,2
1;2;4;5;7;9;10;11,II;III;aVL;aVF;V2;V4;V5;V6,7,0.8,1,0,1,0,2
1;2;4;5;7;9;10;11,II;III;aVL;aVF;V2;V4;V5;V6,7,0.9,1,0,0,0,1
1;2;4;5;7;9;11,II;III;aVL;aVF;V2;V4;V6,6,0.5,1,1,1,0,3
1;2;4;5;7;9;11,II;III;aVL;aVF;V2;V4;V6,6,0.6,1,0,1,0,2
1;2;4;5;7;9;11,II;III;aVL;aVF;V2;V4;V6,6,0.7,1,0,1,0,2
1;2;4;5;7;9;11,II;III;aVL;aVF;V2;V4;V6,6,0.8,1,0,0,0,1
1;2;4;5;7;9;11,II;III;aVL;aVF;V2;V4;V6,6,0.9,1,0,0,0,1
1;2;4;5;7;10,II;III;aVL;aVF;V2;V5,5,0.5,1,1,1,0,3
1;2;4;5;7;10,II;III;aVL;aVF;V2;V5,5,0.6,1,0,1,0,2
1;2;4;5;7;10,II;III;aVL;aVF;V2;V5,5,0.7,1,0,1,0,2
1;2;4;5;7;10,II;III;aVL;aVF;V2;V5,5,0.8,1,0,0,0,1
1;2;4;5;7;10,II;III;aVL;aVF;V2;V5,5,0.9,1,0,0,0,1
1;2;4;5;7;10;11,II;III;aVL;aVF;V2;V5;V6,6,0.5,1,1,1,0,3
1;2;4;5;7;10;11,II;III;aVL;aVF;V2;V5;V6,6,0.6,1,0,1,0,2
1;2;4;5;7;10;11,II;III;aVL;aVF;V2;V5;V6,6,0.7,1,0,1,0,2
1;2;4;5;7;10;11,II;III;aVL;aVF;V2;V5;V6,6,0.8,1,0,1,0,2
1;2;4;5;7;10;11,II;III;aVL;aVF;V2;V5;V6,6,0.9,1,0,0,0,1
1;2;4;5;7;11,II;III;aVL;aVF;V2;V6,5,0.5,1,1,1,0,3
1;2;4;5;7;11,II;III;aVL;aVF;V2;V6,5,0.6,1,0,1,0,2
1;2;4;5;7;11,II;III;aVL;aVF;V2;V6,5,0.7,1,0,1,0,2
1;2;4;5;7;11,II;III;aVL;aVF;V2;V6,5,0.8,1,0,1,0,2
1;2;4;5;7;11,II;III;aVL;aVF;V2;V6,5,0.9,1,0,0,0,1
1;2;4;5;8,II;III;aVL;aVF;V3,4,0.5,1,1,1,0,3
1;2;4;5;8,II;III;aVL;aVF;V3,4,0.6,1,0,1,0,2
1;2;4;5;8,II;III;aVL;aVF;V3,4,0.7,1,0,1,0,2
1;2;4;5;8,II;III;aVL;aVF;V3,4,0.8,1,0,1,0,2
1;2;4;5;8,II;III;aVL;aVF;V3,4,0.9,1,0,0,0,1
1;2;4;5;8;9,II;III;aVL;aVF;V3;V4,5,0.5,1,1,1,0,3
1;2;4;5;8;9,II;III;aVL;aVF;V3;V4,5,0.6,1,0,1,0,2
1;2;4;5;8;9,II;III;aVL;aVF;V3;V4,5,0.7,1,0,1,0,2
1;2;4;5;8;9,II;III;aVL;aVF;V3;V4,5,0.8,1,0,1,0,2
1;2;4;5;8;9,II;III;aVL;aVF;V3;V4,5,0.9,1,0,0,0,1
1;2;4;5;8;9;10,II;III;aVL;aVF;V3;V4;V5,6,0.5,1,1,1,0,3
1;2;4;5;8;9;10,II;III;aVL;aVF;V3;V4;V5,6,0.6,1,0,1,0,2
1;2;4;5;8;9;10,II;III;aVL;aVF;V3;V4;V5,6,0.7,1,0,1,0,2
1;2;4;5;8;9;10,II;III;aVL;aVF;V3;V4;V5,6,0.8,1,0,0,0,1
1;2;4;5;8;9;10,II;III;aVL;aVF;V3;V4;V5,6,0.9,1,0,0,0,1
1;2;4;5;8;9;10;11,II;III;aVL;aVF;V3;V4;V5;V6,7,0.5,1,1,1,0,3
1;2;4;5;8;9;10;11,II;III;aVL;aVF;V3;V4;V5;V6,7,0.6,1,0,1,0,2
1;2;4;5;8;9;10;11,II;III;aVL;aVF;V3;V4;V5;V6,7,0.7,1,0,1,0,2
1;2;4;5;8;9;10;11,II;III;aVL;aVF;V3;V4;V5;V6,7,0.8,1,0,0,0,1
1;2;4;5;8;9;10;11,II;III;aVL;aVF;V3;V4;V5;V6,7,0.9,1,0,0,0,1
1;2;4;5;8;9;11,II;III;aVL;aVF;V3;V4;V6,6,0.5,1,1,1,0,3
1;2;4;5;8;9;11,II;III;aVL;aVF;V3;V4;V6,6,0.6,1,0,1,0,2
1;2;4;5;8;9;11,II;III;aVL;aVF;V3;V4;V6,6,0.7,1,0,1,0,2
1;2;4;5;8;9;11,II;III;aVL;aVF;V3;V4;V6,6,0.8,1,0,0,0,1
1;2;4;5;8;9;11,II;III;aVL;aVF;V3;V4;V6,6,0.9,1,0,0,0,1
1;2;4;5;8;10,II;III;aVL;aVF;V3;V5,5,0.5,1,1,1,0,3
1;2;4;5;8;10,II;III;aVL;aVF;V3;V5,5,0.6,1,0,1,0,2
1;2;4;5;8;10,II;III;aVL;aVF;V3;V5,5,0.7,1,0,1,0,2
1;2;4;5;8;10,II;III;aVL;aVF;V3;V5,5,0.8,1,0,0,0,1
1;2;4;5;8;10,II;III;aVL;aVF;V3;V5,5,0.9,1,0,0,0,1
1;2;4;5;8;10;11,II;III;aVL;aVF;V3;V5;V6,6,0.5,1,1,1,0,3
1;2;4;5;8;10;11,II;III;aVL;aVF;V3;V5;V6,6,0.6,1,0,1,0,2
1;2;4;5;8;10;11,II;III;aVL;aVF;V3;V5;V6,6,0.7,1,0,1,0,2
1;2;4;5;8;10;11,II;III;aVL;aVF;V3;V5;V6,6,0.8,1,0,0,0,1
1;2;4;5;8;10;11,II;III;aVL;aVF;V3;V5;V6,6,0.9,1,0,0,0,1
1;2;4;5;8;11,II;III;aVL;aVF;V3;V6,5,0.5,1,1,1,0,3
1;2;4;5;8;11,II;III;aVL;aVF;V3;V6,5,0.6,1,0,1,0,2
1;2;4;5;8;11,II;III;aVL;aVF;V3;V6,5,0.7,1,0,1,0,2
1;2;4;5;8;11,II;III;aVL;aVF;V3;V6,5,0.8,1,0,0,0,1
1;2;4;5;8;11,II;III;aVL;aVF;V3;V6,5,0.9,1,0,0,0,1
1;2;4;5;9,II;III;aVL;aVF;V4,4,0.5,1,1,1,0,3
1;2;4;5;9,II;III;aVL;aVF;V4,4,0.6,1,0,1,0,2
1;2;4;5;9,II;III;aVL;aVF;V4,4,0.7,1,0,1,0,2
1;2;4;5;9,II;III;aVL;aVF;V4,4,0.8,1,0,1,0,2
1;2;4;5;9,II;III;aVL;aVF;V4,4,0.9,1,0,0,0,1
1;2;4;5;9;10,II;III;aVL;aVF;V4;V5,5,0.5,1,1,1,0,3
1;2;4;5;9;10,II;III;aVL;aVF;V4;V5,5,0.6,1,0,1,0,2
1;2;4;5;9;10,II;III;aVL;aVF;V4;V5,5,0.7,1,0,1,0,2
1;2;4;5;9;10,II;III;aVL;aVF;V4;V5,5,0.8,1,0,0,0,1
1;2;4;5;9;10,II;III;aVL;aVF;V4;V5,5,0.9,1,0,0,0,1
1;2;4;5;9;10;11,II;III;aVL;aVF;V4;V5;V6,6,0.5,1,1,1,0,3
1;2;4;5;9;10;11,II;III;aVL;aVF;V4;V5;V6,6,0.6,1,0,1,0,2
1;2;4;5;9;10;11,II;III;aVL;aVF;V4;V5;V6,6,0.7,1,0,1,0,2
1;2;4;5;9;10;11,II;III;aVL;aVF;V4;V5;V6,6,0.8,1,0,0,0,1
1;2;4;5;9;10;11,II;III;aVL;aVF;V4;V5;V6,6,0.9,1,0,0,0,1
1;2;4;5;9;11,II;III;aVL;aVF;V4;V6,5,0.5,1,1,1,0,3
1;2;4;5;9;11,II;III;aVL;aVF;V4;V6,5,0.6,1,0,1,0,2
1;2;4;5;9;11,II;III;aVL;aVF;V4;V6,5,0.7,1,0,1,0,2
1;2;4;5;9;11,II;III;aVL;aVF;V4;V6,5,0.8,1,0,0,0,1
1;2;4;5;9;11,II;III;aVL;aVF;V4;V6,5,0.9,1,0,0,0,1
1;2;4;5;10,II;III;aVL;aVF;V5,4,0.5,1,1,1,0,3
1;2;4;5;10,II;III;aVL;aVF;V5,4,0.6,1,0,1,0,2
1;2;4;5;10,II;III;aVL;aVF;V5,4,0.7,1,0,1,0,2
1;2;4;5;10,II;III;aVL;aVF;V5,4,0.8,1,0,0,0,1
1;2;4;5;10,II;III;aVL;aVF;V5,4,0.9,1,0,0,0,1
1;2;4;5;10;11,II;III;aVL;aVF;V5;V6,5,0.5,1,1,1,0,3
1;2;4;5;10;11,II;III;aVL;aVF;V5;V6,5,0.6,1,0,1,0,2
1;2;4;5;10;11,II;III;aVL;aVF;V5;V6,5,0.7,1,0,1,0,2
1;2;4;5;10;11,II;III;aVL;aVF;V5;V6,5,0.8,1,0,0,0,1
1;2;4;5;10;11,II;III;aVL;aVF;V5;V6,5,0.9,1,0,0,0,1
1;2;4;5;11,II;III;aVL;aVF;V6,4,0.5,1,1,1,0,3
1;2;4;5;11,II;III;aVL;aVF;V6,4,0.6,1,0,1,0,2
1;2;4;5;11,II;III;aVL;aVF;V6,4,0.7,1,0,1,0,2
1;2;4;5;11,II;III;aVL;aVF;V6,4,0.8,1,0,1,0,2
1;2;4;5;11,II;III;aVL;aVF;V6,4,0.9,1,0,0,0,1
1;2;4;6,II;III;aVL;V1,4,0.5,1,1,1,0,3
1;2;4;6,II;III;aVL;V1,4,0.6,1,0,1,0,2
1;2;4;6,II;III;aVL;V1,4,0.7,1,0,1,0,2
1;2;4;6,II;III;aVL;V1,4,0.8,1,0,1,0,2
1;2;4;6,II;III;aVL;V1,4,0.9,1,0,0,0,1
1;2;4;6;7,II;III;aVL;V1;V2,5,0.5,1,1,1,0,3
1;2;4;6;7,II;III;aVL;V1;V2,5,0.6,1,0,1,0,2
1;2;4;6;7,II;III;aVL;V1;V2,5,0.7,1,0,1,0,2
1;2;4;6;7,II;III;aVL;V1;V2,5,0.8,1,0,1,0,2
1;2;4;6;7,II;III;aVL;V1;V2,5,0.9,1,0,0,0,1
1;2;4;6;7;8,II;III;aVL;V1;V2;V3,6,0.5,1,1,1,0,3
1;2;4;6;7;8,II;III;aVL;V1;V2;V3,6,0.6,1,0,1,0,2
1;2;4;6;7;8,II;III;aVL;V1;V2;V3,6,0.7,1,0,1,0,2
1;2;4;6;7;8,II;III;aVL;V1;V2;V3,6,0.8,1,0,1,0,2
1;2;4;6;7;8,II;III;aVL;V1;V2;V3,6,0.9,1,0,0,0,1
1;2;4;6;7;8;9,II;III;aVL;V1;V2;V3;V4,7,0.5,1,1,1,0,3
1;2;4;6;7;8;9,II;III;aVL;V1;V2;V3;V4,7,0.6,1,0,1,0,2
1;2;4;6;7;8;9,II;III;aVL;V1;V2;V3;V4,7,0.7,1,0,1,0,2
1;2;4;6;7;8;9,II;III;aVL;V1;V2;V3;V4,7,0.8,1,0,1,0,2
1;2;4;6;7;8;9,II;III;aVL;V1;V2;V3;V4,7,0.9,1,0,0,0,1
1;2;4;6;7;8;9;10,II;III;aVL;V1;V2;V3;V4;V5,8,0.5,1,1,1,0,3
1;2;4;6;7;8;9;10,II;III;aVL;V1;V2;V3;V4;V5,8,0.6,1,0,1,0,2
1;2;4;6;7;8;9;10,II;III;aVL;V1;V2;V3;V4;V5,8,0.7,1,0,1,0,2
1;2;4;6;7;8;9;10,II;III;aVL;V1;V2;V3;V4;V5,8,0.8,1,0,1,0,2
1;2;4;6;7;8;9;10,II;III;aVL;V1;V2;V3;V4;V5,8,0.9,1,0,0,0,1
1;2;4;6;7;8;9;10;11,II;III;aVL;V1;V2;V3;V4;V5;V6,9,0.5,1,1,1,0,3
1;2;4;6;7;8;9;10;11,II;III;aVL;V1;V2;V3;V4;V5;V6,9,0.6,1,0,1,0,2
1;2;4;6;7;8;9;10;11,II;III;aVL;V1;V2;V3;V4;V5;V6,9,0.7,1,0,1,0,2
1;2;4;6;7;8;9;10;11,II;III;aVL;V1;V2;V3;V4;V5;V6,9,0.8,1,0,1,0,2
1;2;4;6;7;8;9;10;11,II;III;aVL;V1;V2;V3;V4;V5;V6,9,0.9,1,0,0,0,1
1;2;4;6;7;8;9;11,II;III;aVL;V1;V2;V3;V4;V6,8,0.5,1,1,1,0,3
1;2;4;6;7;8;9;11,II;III;aVL;V1;V2;V3;V4;V6,8,0.6,1,0,1,0,2
1;2;4;6;7;8;9;11,II;III;aVL;V1;V2;V3;V4;V6,8,0.7,1,0,1,0,2
1;2;4;6;7;8;9;11,II;III;aVL;V1;V2;V3;V4;V6,8,0.8,1,0,1,0,2
1;2;4;6;7;8;9;11,II;III;aVL;V1;V2;V3;V4;V6,8,0.9,1,0,0,0,1
1;2;4;6;7;8;10,II;III;aVL;V1;V2;V3;V5,7,0.5,1,1,1,0,3
1;2;4;6;7;8;10,II;III;aVL;V1;V2;V3;V5,7,0.6,1,0,1,0,2
1;2;4;6;7;8;10,II;III;aVL;V1;V2;V3;V5,7,0.7,1,0,1,0,2
1;2;4;6;7;8;10,II;III;aVL;V1;V2;V3;V5,7,0.8,1,0,1,0,2
1;2;4;6;7;8;10,II;III;aVL;V1;V2;V3;V5,7,0.9,1,0,0,0,1
1;2;4;6;7;8;10;11,II;III;aVL;V1;V2;V3;V5;V6,8,0.5,1,1,1,0,3
1;2;4;6;7;8;10;11,II;III;aVL;V1;V2;V3;V5;V6,8,0.6,1,0,1,0,2
1;2;4;6;7;8;10;11,II;III;aVL;V1;V2;V3;V5;V6,8,0.7,1,0,1,0,2
1;2;4;6;7;8;10;11,II;III;aVL;V1;V2;V3;V5;V6,8,0.8,1,0,1,0,2
1;2;4;6;7;8;10;11,II;III;aVL;V1;V2;V3;V5;V6,8,0.9,1,0,0,0,1
1;2;4;6;7;8;11,II;III;aVL;V1;V2;V3;V6,7,0.5,1,1,1,0,3
1;2;4;6;7;8;11,II;III;aVL;V1;V2;V3;V6,7,0.6,1,0,1,0,2
1;2;4;6;7;8;11,II;III;aVL;V1;V2;V3;V6,7,0.7,1,0,1,0,2
1;2;4;6;7;8;11,II;III;aVL;V1;V2;V3;V6,7,0.8,1,0,1,0,2
1;2;4;6;7;8;11,II;III;aVL;V1;V2;V3;V6,7,0.9,1,0,0,0,1
1;2;4;6;7;9,II;III;aVL;V1;V2;V4,6,0.5,1,1,1,0,3
1;2;4;6;7;9,II;III;aVL;V1;V2;V4,6,0.6,1,0,1,0,2
1;2;4;6;7;9,II;III;aVL;V1;V2;V4,6,0.7,1,0,1,0,2
1;2;4;6;7;9,II;III;aVL;V1;V2;V4,6,0.8,1,0,1,0,2
1;2;4;6;7;9,II;III;aVL;V1;V2;V4,6,0.9,1,0,0,0,1
1;2;4;6;7;9;10,II;III;aVL;V1;V2;V4;V5,7,0.5,1,1,1,0,3
1;2;4;6;7;9;10,II;III;aVL;V1;V2;V4;V5,7,0.6,1,0,1,0,2
1;2;4;6;7;9;10,II;III;aVL;V1;V2;V4;V5,7,0.7,1,0,1,0,2
1;2;4;6;7;9;10,II;III;aVL;V1;V2;V4;V5,7,0.8,1,0,1,0,2
1;2;4;6;7;9;10,II;III;aVL;V1;V2;V4;V5,7,0.9,1,0,0,0,1
1;2;4;6;7;9;10;11,II;III;aVL;V1;V2;V4;V5;V6,8,0.5,1,1,1,0,3
1;2;4;6;7;9;10;11,II;III;aVL;V1;V2;V4;V5;V6,8,0.6,1,0,1,0,2
1;2;4;6;7;9;10;11,II;III;aVL;V1;V2;V4;V5;V6,8,0.7,1,0,1,0,2
1;2;4;6;7;9;10;11,II;III;aVL;V1;V2;V4;V5;V6,8,0.8,1,0,1,0,2
1;2;4;6;7;9;10;11,II;III;aVL;V1;V2;V4;V5;V6,8,0.9,1,0,0,0,1
1;2;4;6;7;9;11,II;III;aVL;V1;V2;V4;V6,7,0.5,1,1,1,0,3
1;2;4;6;7;9;11,II;III;aVL;V1;V2;V4;V6,7,0.6,1,0,1,0,2
1;2;4;6;7;9;11,II;III;aVL;V1;V2;V4;V6,7,0.7,1,0,1,0,2
1;2;4;6;7;9;11,II;III;aVL;V1;V2;V4;V6,7,0.8,1,0,1,0,2
1;2;4;6;7;9;11,II;III;aVL;V1;V2;V4;V6,7,0.9,1,0,0,0,1
1;2;4;6;7;10,II;III;aVL;V1;V2;V5,6,0.5,1,1,1,0,3
1;2;4;6;7;10,II;III;aVL;V1;V2;V5,6,0.6,1,0,1,0,2
1;2;4;6;7;10,II;III;aVL;V1;V2;V5,6,0.7,1,0,1,0,2
1;2;4;6;7;10,II;III;aVL;V1;V2;V5,6,0.8,1,0,1,0,2
1;2;4;6;7;10,II;III;aVL;V1;V2;V5,6,0.9,1,0,0,0,1
1;2;4;6;7;10;11,II;III;aVL;V1;V2;V5;V6,7,0.5,1,1,1,0,3
1;2;4;6;7;10;11,II;III;aVL;V1;V2;V5;V6,7,0.6,1,0,1,0,2
1;2;4;6;7;10;11,II;III;aVL;V1;V2;V5;V6,7,0.7,1,0,1,0,2
1;2;4;6;7;10;11,II;III;aVL;V1;V2;V5;V6,7,0.8,1,0,1,0,2
1;2;4;6;7;10;11,II;III;aVL;V1;V2;V5;V6,7,0.9,1,0,0,0,1
1;2;4;6;7;11,II;III;aVL;V1;V2;V6,6,0.5,1,1,1,0,3
1;2;4;6;7;11,II;III;aVL;V1;V2;V6,6,0.6,1,0,1,0,2
1;2;4;6;7;11,II;III;aVL;V1;V2;V6,6,0.7,1,0,1,0,2
1;2;4;6;7;11,II;III;aVL;V1;V2;V6,6,0.8,1,0,1,0,2
1;2;4;6;7;11,II;III;aVL;V1;V2;V6,6,0.9,1,0,0,0,1
1;2;4;6;8,II;III;aVL;V1;V3,5,0.5,1,1,1,0,3
1;2;4;6;8,II;III;aVL;V1;V3,5,0.6,1,0,1,0,2
1;2;4;6;8,II;III;aVL;V1;V3,5,0.7,1,0,1,0,2
1;2;4;6;8,II;III;aVL;V1;V3,5,0.8,1,0,0,0,1
1;2;4;6;8,II;III;aVL;V1;V3,5,0.9,1,0,0,0,1
1;2;4;6;8;9,II;III;aVL;V1;V3;V4,6,0.5,1,1,1,0,3
1;2;4;6;8;9,II;III;aVL;V1;V3;V4,6,0.6,1,0,1,0,2
1;2;4;6;8;9,II;III;aVL;V1;V3;V4,6,0.7,1,0,1,0,2
1;2;4;6;8;9,II;III;aVL;V1;V3;V4,6,0.8,1,0,1,0,2
1;2;4;6;8;9,II;III;aVL;V1;V3;V4,6,0.9,1,0,0,0,1
1;2;4;6;8;9;10,II;III;aVL;V1;V3;V4;V5,7,0.5,1,1,1,0,3
1;2;4;6;8;9;10,II;III;aVL;V1;V3;V4;V5,7,0.6,1,0,1,0,2
1;2;4;6;8;9;10,II;III;aVL;V1;V3;V4;V5,7,0.7,1,0,1,0,2
1;2;4;6;8;9;10,II;III;aVL;V1;V3;V4;V5,7,0.8,1,0,1,0,2
1;2;4;6;8;9;10,II;III;aVL;V1;V3;V4;V5,7,0.9,1,0,0,0,1
1;2;4;6;8;9;10;11,II;III;aVL;V1;V3;V4;V5;V6,8,0.5,1,1,1,0,3
1;2;4;6;8;9;10;11,II;III;aVL;V1;V3;V4;V5;V6,8,0.6,1,0,1,0,2
1;2;4;6;8;9;10;11,II;III;aVL;V1;V3;V4;V5;V6,8,0.7,1,0,1,0,2
1;2;4;6;8;9;10;11,II;III;aVL;V1;V3;V4;V5;V6,8,0.8,1,0,1,0,2
1;2;4;6;8;9;10;11,II;III;aVL;V1;V3;V4;V5;V6,8,0.9,1,0,0,0,1
1;2;4;6;8;9;11,II;III;aVL;V1;V3;V4;V6,7,0.5,1,1,1,0,3
1;2;4;6;8;9;11,II;III;aVL;V1;V3;V4;V6,7,0.6,1,0,1,0,2
1;2;4;6;8;9;11,II;III;aVL;V1;V3;V4;V6,7,0.7,1,0,1,0,2
1;2;4;6;8;9;11,II;III;aVL;V1;V3;V4;V6,7,0.8,1,0,1,0,2
1;2;4;6;8;9;11,II;III;aVL;V1;V3;V4;V6,7,0.9,1,0,0,0,1
1;2;4;6;8;10,II;III;aVL;V1;V3;V5,6,0.5,1,1,1,0,3
1;2;4;6;8;10,II;III;aVL;V1;V3;V5,6,0.6,1,0,1,0,2
1;2;4;6;8;10,II;III;aVL;V1;V3;V5,6,0.7,1,0,1,0,2
1;2;4;6;8;10,II;III;aVL;V1;V3;V5,6,0.8,1,0,1,0,2
1;2;4;6;8;10,II;III;aVL;V1;V3;V5,6,0.9,1,0,0,0,1
1;2;4;6;8;10;11,II;III;aVL;V1;V3;V5;V6,7,0.5,1,1,1,0,3
1;2;4;6;8;10;11,II;III;aVL;V1;V3;V5;V6,7,0.6,1,0,1,0,2
1;2;4;6;8;10;11,II;III;aVL;V1;V3;V5;V6,7,0.7,1,0,1,0,2
1;2;4;6;8;10;11,II;III;aVL;V1;V3;V5;V6,7,0.8,1,0,1,0,2
1;2;4;6;8;10;11,II;III;aVL;V1;V3;V5;V6,7,0.9,1,0,0,0,1
1;2;4;6;8;11,II;III;aVL;V1;V3;V6,6,0.5,1,1,1,0,3
1;2;4;6;8;11,II;III;aVL;V1;V3;V6,6,0.6,1,0,1,0,2
1;2;4;6;8;11,II;III;aVL;V1;V3;V6,6,0.7,1,0,1,0,2
1;2;4;6;8;11,II;III;aVL;V1;V3;V6,6,0.8,1,0,1,0,2
1;2;4;6;8;11,II;III;aVL;V1;V3;V6,6,0.9,1,0,0,0,1
1;2;4;6;9,II;III;aVL;V1;V4,5,0.5,1,1,1,0,3
1;2;4;6;9,II;III;aVL;V1;V4,5,0.6,1,0,1,0,2
1;2;4;6;9,II;III;aVL;V1;V4,5,0.7,1,0,1,0,2
1;2;4;6;9,II;III;aVL;V1;V4,5,0.8,1,0,1,0,2
1;2;4;6;9,II;III;aVL;V1;V4,5,0.9,1,0,0,0,1
1;2;4;6;9;10,II;III;aVL;V1;V4;V5,6,0.5,1,1,1,0,3
1;2;4;6;9;10,II;III;aVL;V1;V4;V5,6,0.6,1,0,1,0,2
1;2;4;6;9;10,II;III;aVL;V1;V4;V5,6,0.7,1,0,1,0,2
1;2;4;6;9;10,II;III;aVL;V1;V4;V5,6,0.8,1,0,1,0,2
1;2;4;6;9;10,II;III;aVL;V1;V4;V5,6,0.9,1,0,0,0,1
1;2;4;6;9;10;11,II;III;aVL;V1;V4;V5;V6,7,0.5,1,1,1,0,3
1;2;4;6;9;10;11,II;III;aVL;V1;V4;V5;V6,7,0.6,1,0,1,0,2
1;2;4;6;9;10;11,II;III;aVL;V1;V4;V5;V6,7,0.7,1,0,1,0,2
1;2;4;6;9;10;11,II;III;aVL;V1;V4;V5;V6,7,0.8,1,0,1,0,2
1;2;4;6;9;10;11,II;III;aVL;V1;V4;V5;V6,7,0.9,1,0,0,0,1
1;2;4;6;9;11,II;III;aVL;V1;V4;V6,6,0.5,1,1,1,0,3
1;2;4;6;9;11,II;III;aVL;V1;V4;V6,6,0.6,1,0,1,0,2
1;2;4;6;9;11,II;III;aVL;V1;V4;V6,6,0.7,1,0,1,0,2
1;2;4;6;9;11,II;III;aVL;V1;V4;V6,6,0.8,1,0,1,0,2
1;2;4;6;9;11,II;III;aVL;V1;V4;V6,6,0.9,1,0,0,0,1
1;2;4;6;10,II;III;aVL;V1;V5,5,0.5,1,1,1,0,3
1;2;4;6;10,II;III;aVL;V1;V5,5,0.6,1,0,1,0,2
1;2;4;6;10,II;III;aVL;V1;V5,5,0.7,1,0,1,0,2
1;2;4;6;10,II;III;aVL;V1;V5,5,0.8,1,0,1,0,2
1;2;4;6;10,II;III;aVL;V1;V5,5,0.9,1,0,0,0,1
1;2;4;6;10;11,II;III;aVL;V1;V5;V6,6,0.5,1,1,1,0,3
1;2;4;6;10;11,II;III;aVL;V1;V5;V6,6,0.6,1,0,1,0,2
1;2;4;6;10;11,II;III;aVL;V1;V5;V6,6,0.7,1,0,1,0,2
1;2;4;6;10;11,II;III;aVL;V1;V5;V6,6,0.8,1,0,1,0,2
1;2;4;6;10;11,II;III;aVL;V1;V5;V6,6,0.9,1,0,0,0,1
1;2;4;6;11,II;III;aVL;V1;V6,5,0.5,1,1,1,0,3
1;2;4;6;11,II;III;aVL;V1;V6,5,0.6,1,0,1,0,2
1;2;4;6;11,II;III;aVL;V1;V6,5,0.7,1,0,1,0,2
1;2;4;6;11,II;III;aVL;V1;V6,5,0.8,1,0,1,0,2
1;2;4;6;11,II;III;aVL;V1;V6,5,0.9,1,0,0,0,1
1;2;4;7,II;III;aVL;V2,4,0.5,1,1,1,0,3
1;2;4;7,II;III;aVL;V2,4,0.6,1,0,1,0,2
1;2;4;7,II;III;aVL;V2,4,0.7,1,0,1,0,2
1;2;4;7,II;III;aVL;V2,4,0.8,1,0,1,0,2
1;2;4;7,II;III;aVL;V2,4,0.9,1,0,0,0,1
1;2;4;7;8,II;III;aVL;V2;V3,5,0.5,1,1,1,0,3
1;2;4;7;8,II;III;aVL;V2;V3,5,0.6,1,1,1,0,3
1;2;4;7;8,II;III;aVL;V2;V3,5,0.7,1,0,1,0,2
1;2;4;7;8,II;III;aVL;V2;V3,5,0.8,1,0,0,0,1
1;2;4;7;8,II;III;aVL;V2;V3,5,0.9,1,0,0,0,1
1;2;4;7;8;9,II;III;aVL;V2;V3;V4,6,0.5,1,1,1,0,3
1;2;4;7;8;9,II;III;aVL;V2;V3;V4,6,0.6,1,1,1,0,3
1;2;4;7;8;9,II;III;aVL;V2;V3;V4,6,0.7,1,0,1,0,2
1;2;4;7;8;9,II;III;aVL;V2;V3;V4,6,0.8,1,0,1,0,2
1;2;4;7;8;9,II;III;aVL;V2;V3;V4,6,0.9,1,0,0,0,1
1;2;4;7;8;9;10,II;III;aVL;V2;V3;V4;V5,7,0.5,1,1,1,0,3
1;2;4;7;8;9;10,II;III;aVL;V2;V3;V4;V5,7,0.6,1,0,1,0,2
1;2;4;7;8;9;10,II;III;aVL;V2;V3;V4;V5,7,0.7,1,0,1,0,2
1;2;4;7;8;9;10,II;III;aVL;V2;V3;V4;V5,7,0.8,1,0,0,0,1
1;2;4;7;8;9;10,II;III;aVL;V2;V3;V4;V5,7,0.9,1,0,0,0,1
1;2;4;7;8;9;10;11,II;III;aVL;V2;V3;V4;V5;V6,8,0.5,1,1,1,0,3
1;2;4;7;8;9;10;11,II;III;aVL;V2;V3;V4;V5;V6,8,0.6,1,0,1,0,2
1;2;4;7;8;9;10;11,II;III;aVL;V2;V3;V4;V5;V6,8,0.7,1,0,1,0,2
1;2;4;7;8;9;10;11,II;III;aVL;V2;V3;V4;V5;V6,8,0.8,1,0,0,0,1
1;2;4;7;8;9;10;11,II;III;aVL;V2;V3;V4;V5;V6,8,0.9,1,0,0,0,1
1;2;4;7;8;9;11,II;III;aVL;V2;V3;V4;V6,7,0.5,1,1,1,0,3
1;2;4;7;8;9;11,II;III;aVL;V2;V3;V4;V6,7,0.6,1,0,1,0,2
1;2;4;7;8;9;11,II;III;aVL;V2;V3;V4;V6,7,0.7,1,0,1,0,2
1;2;4;7;8;9;11,II;III;aVL;V2;V3;V4;V6,7,0.8,1,0,0,0,1
1;2;4;7;8;9;11,II;III;aVL;V2;V3;V4;V6,7,0.9,1,0,0,0,1
1;2;4;7;8;10,II;III;aVL;V2;V3;V5,6,0.5,1,1,1,0,3
1;2;4;7;8;10,II;III;aVL;V2;V3;V5,6,0.6,1,0,1,0,2
1;2;4;7;8;10,II;III;aVL;V2;V3;V5,6,0.7,1,0,1,0,2
1;2;4;7;8;10,II;III;aVL;V2;V3;V5,6,0.8,1,0,0,0,1
1;2;4;7;8;10,II;III;aVL;V2;V3;V5,6,0.9,1,0,0,0,1
1;2;4;7;8;10;11,II;III;aVL;V2;V3;V5;V6,7,0.5,1,1,1,0,3
1;2;4;7;8;10;11,II;III;aVL;V2;V3;V5;V6,7,0.6,1,0,1,0,2
1;2;4;7;8;10;11,II;III;aVL;V2;V3;V5;V6,7,0.7,1,0,1,0,2
1;2;4;7;8;10;11,II;III;aVL;V2;V3;V5;V6,7,0.8,1,0,0,0,1
1;2;4;7;8;10;11,II;III;aVL;V2;V3;V5;V6,7,0.9,1,0,0,0,1
1;2;4;7;8;11,II;III;aVL;V2;V3;V6,6,0.5,1,1,1,0,3
1;2;4;7;8;11,II;III;aVL;V2;V3;V6,6,0.6,1,0,1,0,2
1;2;4;7;8;11,II;III;aVL;V2;V3;V6,6,0.7,1,0,1,0,2
1;2;4;7;8;11,II;III;aVL;V2;V3;V6,6,0.8,1,0,0,0,1
1;2;4;7;8;11,II;III;aVL;V2;V3;V6,6,0.9,1,0,0,0,1
1;2;4;7;9,II;III;aVL;V2;V4,5,0.5,1,1,1,0,3
1;2;4;7;9,II;III;aVL;V2;V4,5,0.6,1,1,1,0,3
1;2;4;7;9,II;III;aVL;V2;V4,5,0.7,1,0,1,0,2
1;2;4;7;9,II;III;aVL;V2;V4,5,0.8,1,0,1,0,2
1;2;4;7;9,II;III;aVL;V2;V4,5,0.9,1,0,0,0,1
1;2;4;7;9;10,II;III;aVL;V2;V4;V5,6,0.5,1,1,1,0,3
1;2;4;7;9;10,II;III;aVL;V2;V4;V5,6,0.6,1,0,1,0,2
1;2;4;7;9;10,II;III;aVL;V2;V4;V5,6,0.7,1,0,1,0,2
1;2;4;7;9;10,II;III;aVL;V2;V4;V5,6,0.8,1,0,0,0,1
1;2;4;7;9;10,II;III;aVL;V2;V4;V5,6,0.9,1,0,0,0,1
1;2;4;7;9;10;11,II;III;aVL;V2;V4;V5;V6,7,0.5,1,1,1,0,3
1;2;4;7;9;10;11,II;III;aVL;V2;V4;V5;V6,7,0.6,1,0,1,0,2
1;2;4;7;9;10;11,II;III;aVL;V2;V4;V5;V6,7,0.7,1,0,1,0,2
1;2;4;7;9;10;11,II;III;aVL;V2;V4;V5;V6,7,0.8,1,0,0,0,1
1;2;4;7;9;10;11,II;III;aVL;V2;V4;V5;V6,7,0.9,1,0,0,0,1
1;2;4;7;9;11,II;III;aVL;V2;V4;V6,6,0.5,1,1,1,0,3
1;2;4;7;9;11,II;III;aVL;V2;V4;V6,6,0.6,1,0,1,0,2
1;2;4;7;9;11,II;III;aVL;V2;V4;V6,6,0.7,1,0,1,0,2
1;2;4;7;9;11,II;III;aVL;V2;V4;V6,6,0.8,1,0,0,0,1
1;2;4;7;9;11,II;III;aVL;V2;V4;V6,6,0.9,1,0,0,0,1
1;2;4;7;10,II;III;aVL;V2;V5,5,0.5,1,1,1,0,3
1;2;4;7;10,II;III;aVL;V2;V5,5,0.6,1,0,1,0,2
1;2;4;7;10,II;III;aVL;V2;V5,5,0.7,1,0,1,0,2
1;2;4;7;10,II;III;aVL;V2;V5,5,0.8,1,0,0,0,1
1;2;4;7;10,II;III;aVL;V2;V5,5,0.9,1,0,0,0,1
1;2;4;7;10;11,II;III;aVL;V2;V5;V6,6,0.5,1,1,1,0,3
1;2;4;7;10;11,II;III;aVL;V2;V5;V6,6,0.6,1,0,1,0,2
1;2;4;7;10;11,II;III;aVL;V2;V5;V6,6,0.7,1,0,1,0,2
1;2;4;7;10;11,II;III;aVL;V2;V5;V6,6,0.8,1,0,0,0,1
1;2;4;7;10;11,II;III;aVL;V2;V5;V6,6,0.9,1,0,0,0,1
1;2;4;7;11,II;III;aVL;V2;V6,5,0.5,1,1,1,0,3
1;2;4;7;11,II;III;aVL;V2;V6,5,0.6,1,0,1,0,2
1;2;4;7;11,II;III;aVL;V2;V6,5,0.7,1,0,1,0,2
1;2;4;7;11,II;III;aVL;V2;V6,5,0.8,1,0,0,0,1
1;2;4;7;11,II;III;aVL;V2;V6,5,0.9,1,0,0,0,1
1;2;4;8,II;III;aVL;V3,4,0.5,1,1,1,0,3
1;2;4;8,II;III;aVL;V3,4,0.6,1,0,1,0,2
1;2;4;8,II;III;aVL;V3,4,0.7,1,0,1,0,2
1;2;4;8,II;III;aVL;V3,4,0.8,1,0,0,0,1
1;2;4;8,II;III;aVL;V3,4,0.9,1,0,0,0,1
1;2;4;8;9,II;III;aVL;V3;V4,5,0.5,1,1,1,0,3
1;2;4;8;9,II;III;aVL;V3;V4,5,0.6,1,0,1,0,2
1;2;4;8;9,II;III;aVL;V3;V4,5,0.7,1,0,1,0,2
1;2;4;8;9,II;III;aVL;V3;V4,5,0.8,1,0,1,0,2
1;2;4;8;9,II;III;aVL;V3;V4,5,0.9,1,0,0,0,1
1;2;4;8;9;10,II;III;aVL;V3;V4;V5,6,0.5,1,1,1,0,3
1;2;4;8;9;10,II;III;aVL;V3;V4;V5,6,0.6,1,0,1,0,2
1;2;4;8;9;10,II;III;aVL;V3;V4;V5,6,0.7,1,0,1,0,2
1;2;4;8;9;10,II;III;aVL;V3;V4;V5,6,0.8,1,0,0,0,1
1;2;4;8;9;10,II;III;aVL;V3;V4;V5,6,0.9,1,0,0,0,1
1;2;4;8;9;10;11,II;III;aVL;V3;V4;V5;V6,7,0.5,1,1,1,0,3
1;2;4;8;9;10;11,II;III;aVL;V3;V4;V5;V6,7,0.6,1,0,1,0,2
1;2;4;8;9;10;11,II;III;aVL;V3;V4;V5;V6,7,0.7,1,0,1,0,2
1;2;4;8;9;10;11,II;III;aVL;V3;V4;V5;V6,7,0.8,1,0,0,0,1
1;2;4;8;9;10;11,II;III;aVL;V3;V4;V5;V6,7,0.9,1,0,0,0,1
1;2;4;8;9;11,II;III;aVL;V3;V4;V6,6,0.5,1,1,1,0,3
1;2;4;8;9;11,II;III;aVL;V3;V4;V6,6,0.6,1,0,1,0,2
1;2;4;8;9;11,II;III;aVL;V3;V4;V6,6,0.7,1,0,1,0,2
1;2;4;8;9;11,II;III;aVL;V3;V4;V6,6,0.8,1,0,0,0,1
1;2;4;8;9;11,II;III;aVL;V3;V4;V6,6,0.9,1,0,0,0,1
1;2;4;8;10,II;III;aVL;V3;V5,5,0.5,1,1,1,0,3
1;2;4;8;10,II;III;aVL;V3;V5,5,0.6,1,0,1,0,2
1;2;4;8;10,II;III;aVL;V3;V5,5,0.7,1,0,1,0,2
1;2;4;8;10,II;III;aVL;V3;V5,5,0.8,1,0,0,0,1
1;2;4;8;10,II;III;aVL;V3;V5,5,0.9,1,0,0,0,1
1;2;4;8;10;11,II;III;aVL;V3;V5;V6,6,0.5,1,1,1,0,3
1;2;4;8;10;11,II;III;aVL;V3;V5;V6,6,0.6,1,0,1,0,2
1;2;4;8;10;11,II;III;aVL;V3;V5;V6,6,0.7,1,0,1,0,2
1;2;4;8;10;11,II;III;aVL;V3;V5;V6,6,0.8,1,0,0,0,1
1;2;4;8;10;11,II;III;aVL;V3;V5;V6,6,0.9,1,0,0,0,1
1;2;4;8;11,II;III;aVL;V3;V6,5,0.5,1,1,1,0,3
1;2;4;8;11,II;III;aVL;V3;V6,5,0.6,1,0,1,0,2
1;2;4;8;11,II;III;aVL;V3;V6,5,0.7,1,0,1,0,2
1;2;4;8;11,II;III;aVL;V3;V6,5,0.8,1,0,0,0,1
1;2;4;8;11,II;III;aVL;V3;V6,5,0.9,1,0,0,0,1
1;2;4;9,II;III;aVL;V4,4,0.5,1,1,1,0,3
1;2;4;9,II;III;aVL;V4,4,0.6,1,0,1,0,2
1;2;4;9,II;III;aVL;V4,4,0.7,1,0,1,0,2
1;2;4;9,II;III;aVL;V4,4,0.8,1,0,1,0,2
1;2;4;9,II;III;aVL;V4,4,0.9,1,0,0,0,1
1;2;4;9;10,II;III;aVL;V4;V5,5,0.5,1,1,1,0,3
1;2;4;9;10,II;III;aVL;V4;V5,5,0.6,1,0,1,0,2
1;2;4;9;10,II;III;aVL;V4;V5,5,0.7,1,0,1,0,2
1;2;4;9;10,II;III;aVL;V4;V5,5,0.8,1,0,0,0,1
1;2;4;9;10,II;III;aVL;V4;V5,5,0.9,1,0,0,0,1
1;2;4;9;10;11,II;III;aVL;V4;V5;V6,6,0.5,1,1,1,0,3
1;2;4;9;10;11,II;III;aVL;V4;V5;V6,6,0.6,1,0,1,0,2
1;2;4;9;10;11,II;III;aVL;V4;V5;V6,6,0.7,1,0,1,0,2
1;2;4;9;10;11,II;III;aVL;V4;V5;V6,6,0.8,1,0,0,0,1
1;2;4;9;10;11,II;III;aVL;V4;V5;V6,6,0.9,1,0,0,0,1
1;2;4;9;11,II;III;aVL;V4;V6,5,0.5,1,1,1,0,3
1;2;4;9;11,II;III;aVL;V4;V6,5,0.6,1,0,1,0,2
1;2;4;9;11,II;III;aVL;V4;V6,5,0.7,1,0,1,0,2
1;2;4;9;11,II;III;aVL;V4;V6,5,0.8,1,0,0,0,1
1;2;4;9;11,II;III;aVL;V4;V6,5,0.9,1,0,0,0,1
1;2;4;10,II;III;aVL;V5,4,0.5,1,1,1,0,3
1;2;4;10,II;III;aVL;V5,4,0.6,1,0,1,0,2
1;2;4;10,II;III;aVL;V5,4,0.7,1,0,1,0,2
1;2;4;10,II;III;aVL;V5,4,0.8,1,0,0,0,1
1;2;4;10,II;III;aVL;V5,4,0.9,1,0,0,0,1
1;2;4;10;11,II;III;aVL;V5;V6,5,0.5,1,1,1,0,3
1;2;4;10;11,II;III;aVL;V5;V6,5,0.6,1,0,1,0,2
1;2;4;10;11,II;III;aVL;V5;V6,5,0.7,1,0,1,0,2
1;2;4;10;11,II;III;aVL;V5;V6,5,0.8,1,0,0,0,1
1;2;4;10;11,II;III;aVL;V5;V6,5,0.9,1,0,0,0,1
1;2;4;11,II;III;aVL;V6,4,0.5,1,1,1,0,3
1;2;4;11,II;III;aVL;V6,4,0.6,1,0,1,0,2
1;2;4;11,II;III;aVL;V6,4,0.7,1,0,1,0,2
1;2;4;11,II;III;aVL;V6,4,0.8,1,0,1,0,2
1;2;4;11,II;III;aVL;V6,4,0.9,1,0,0,0,1
1;2;5,II;III;aVF,3,0.5,1,1,1,0,3
1;2;5,II;III;aVF,3,0.6,1,1,1,0,3
1;2;5,II;III;aVF,3,0.7,1,0,1,0,2
1;2;5,II;III;aVF,3,0.8,1,0,1,0,2
1;2;5,II;III;aVF,3,0.9,1,0,0,0,1
1;2;5;6,II;III;aVF;V1,4,0.5,1,1,1,0,3
1;2;5;6,II;III;aVF;V1,4,0.6,1,0,1,0,2
1;2;5;6,II;III;aVF;V1,4,0.7,1,0,1,0,2
1;2;5;6,II;III;aVF;V1,4,0.8,1,0,1,0,2
1;2;5;6,II;III;aVF;V1,4,0.9,1,0,0,0,1
1;2;5;6;7,II;III;aVF;V1;V2,5,0.5,1,1,1,0,3
1;2;5;6;7,II;III;aVF;V1;V2,5,0.6,1,0,1,0,2
1;2;5;6;7,II;III;aVF;V1;V2,5,0.7,1,0,1,0,2
1;2;5;6;7,II;III;aVF;V1;V2,5,0.8,1,0,1,0,2
1;2;5;6;7,II;III;aVF;V1;V2,5,0.9,1,0,0,0,1
1;2;5;6;7;8,II;III;aVF;V1;V2;V3,6,0.5,1,1,1,0,3
1;2;5;6;7;8,II;III;aVF;V1;V2;V3,6,0.6,1,0,1,0,2
1;2;5;6;7;8,II;III;aVF;V1;V2;V3,6,0.7,1,0,1,0,2
1;2;5;6;7;8,II;III;aVF;V1;V2;V3,6,0.8,1,0,1,0,2
1;2;5;6;7;8,II;III;aVF;V1;V2;V3,6,0.9,1,0,0,0,1
1;2;5;6;7;8;9,II;III;aVF;V1;V2;V3;V4,7,0.5,1,1,1,0,3
1;2;5;6;7;8;9,II;III;aVF;V1;V2;V3;V4,7,0.6,1,0,1,0,2
1;2;5;6;7;8;9,II;III;aVF;V1;V2;V3;V4,7,0.7,1,0,1,0,2
1;2;5;6;7;8;9,II;III;aVF;V1;V2;V3;V4,7,0.8,1,0,1,0,2
1;2;5;6;7;8;9,II;III;aVF;V1;V2;V3;V4,7,0.9,1,0,0,0,1
1;2;5;6;7;8;9;10,II;III;aVF;V1;V2;V3;V4;V5,8,0.5,1,1,1,0,3
1;2;5;6;7;8;9;10,II;III;aVF;V1;V2;V3;V4;V5,8,0.6,1,0,1,0,2
1;2;5;6;7;8;9;10,II;III;aVF;V1;V2;V3;V4;V5,8,0.7,1,0,1,0,2
1;2;5;6;7;8;9;10,II;III;aVF;V1;V2;V3;V4;V5,8,0.8,1,0,1,0,2
1;2;5;6;7;8;9;10,II;III;aVF;V1;V2;V3;V4;V5,8,0.9,1,0,0,0,1
1;2;5;6;7;8;9;10;11,II;III;aVF;V1;V2;V3;V4;V5;V6,9,0.5,1,1,1,0,3
1;2;5;6;7;8;9;10;11,II;III;aVF;V1;V2;V3;V4;V5;V6,9,0.6,1,0,1,0,2
1;2;5;6;7;8;9;10;11,II;III;aVF;V1;V2;V3;V4;V5;V6,9,0.7,1,0,1,0,2
1;2;5;6;7;8;9;10;11,II;III;aVF;V1;V2;V3;V4;V5;V6,9,0.8,1,0,1,0,2
1;2;5;6;7;8;9;10;11,II;III;aVF;V1;V2;V3;V4;V5;V6,9,0.9,1,0,0,0,1
1;2;5;6;7;8;9;11,II;III;aVF;V1;V2;V3;V4;V6,8,0.5,1,1,1,0,3
1;2;5;6;7;8;9;11,II;III;aVF;V1;V2;V3;V4;V6,8,0.6,1,0,1,0,2
1;2;5;6;7;8;9;11,II;III;aVF;V1;V2;V3;V4;V6,8,0.7,1,0,1,0,2
1;2;5;6;7;8;9;11,II;III;aVF;V1;V2;V3;V4;V6,8,0.8,1,0,1,0,2
1;2;5;6;7;8;9;11,II;III;aVF;V1;V2;V3;V4;V6,8,0.9,1,0,0,0,1
1;2;5;6;7;8;10,II;III;aVF;V1;V2;V3;V5,7,0.5,1,1,1,0,3
1;2;5;6;7;8;10,II;III;aVF;V1;V2;V3;V5,7,0.6,1,0,1,0,2
1;2;5;6;7;8;10,II;III;aVF;V1;V2;V3;V5,7,0.7,1,0,1,0,2
1;2;5;6;7;8;10,II;III;aVF;V1;V2;V3;V5,7,0.8,1,0,1,0,2
1;2;5;6;7;8;10,II;III;aVF;V1;V2;V3;V5,7,0.9,1,0,0,0,1
1;2;5;6;7;8;10;11,II;III;aVF;V1;V2;V3;V5;V6,8,0.5,1,1,1,0,3
1;2;5;6;7;8;10;11,II;III;aVF;V1;V2;V3;V5;V6,8,0.6,1,1,1,0,3
1;2;5;6;7;8;10;11,II;III;aVF;V1;V2;V3;V5;V6,8,0.7,1,0,1,0,2
1;2;5;6;7;8;10;11,II;III;aVF;V1;V2;V3;V5;V6,8,0.8,1,0,1,0,2
1;2;5;6;7;8;10;11,II;III;aVF;V1;V2;V3;V5;V6,8,0.9,1,0,0,0,1
1;2;5;6;7;8;11,II;III;aVF;V1;V2;V3;V6,7,0.5,1,1,1,0,3
1;2;5;6;7;8;11,II;III;aVF;V1;V2;V3;V6,7,0.6,1,0,1,0,2
1;2;5;6;7;8;11,II;III;aVF;V1;V2;V3;V6,7,0.7,1,0,1,0,2
1;2;5;6;7;8;11,II;III;aVF;V1;V2;V3;V6,7,0.8,1,0,1,0,2
1;2;5;6;7;8;11,II;III;aVF;V1;V2;V3;V6,7,0.9,1,0,0,0,1
1;2;5;6;7;9,II;III;aVF;V1;V2;V4,6,0.5,1,1,1,0,3
1;2;5;6;7;9,II;III;aVF;V1;V2;V4,6,0.6,1,0,1,0,2
1;2;5;6;7;9,II;III;aVF;V1;V2;V4,6,0.7,1,0,1,0,2
1;2;5;6;7;9,II;III;aVF;V1;V2;V4,6,0.8,1,0,1,0,2
1;2;5;6;7;9,II;III;aVF;V1;V2;V4,6,0.9,1,0,0,0,1
1;2;5;6;7;9;10,II;III;aVF;V1;V2;V4;V5,7,0.5,1,1,1,0,3
1;2;5;6;7;9;10,II;III;aVF;V1;V2;V4;V5,7,0.6,1,0,1,0,2
1;2;5;6;7;9;10,II;III;aVF;V1;V2;V4;V5,7,0.7,1,0,1,0,2
1;2;5;6;7;9;10,II;III;aVF;V1;V2;V4;V5,7,0.8,1,0,1,0,2
1;2;5;6;7;9;10,II;III;aVF;V1;V2;V4;V5,7,0.9,1,0,0,0,1
1;2;5;6;7;9;10;11,II;III;aVF;V1;V2;V4;V5;V6,8,0.5,1,1,1,0,3
1;2;5;6;7;9;10;11,II;III;aVF;V1;V2;V4;V5;V6,8,0.6,1,0,1,0,2
1;2;5;6;7;9;10;11,II;III;aVF;V1;V2;V4;V5;V6,8,0.7,1,0,1,0,2
1;2;5;6;7;9;10;11,II;III;aVF;V1;V2;V4;V5;V6,8,0.8,1,0,1,0,2
1;2;5;6;7;9;10;11,II;III;aVF;V1;V2;V4;V5;V6,8,0.9,1,0,0,0,1
1;2;5;6;7;9;11,II;III;aVF;V1;V2;V4;V6,7,0.5,1,1,1,0,3
1;2;5;6;7;9;11,II;III;aVF;V1;V2;V4;V6,7,0.6,1,0,1,0,2
1;2;5;6;7;9;11,II;III;aVF;V1;V2;V4;V6,7,0.7,1,0,1,0,2
1;2;5;6;7;9;11,II;III;aVF;V1;V2;V4;V6,7,0.8,1,0,1,0,2
1;2;5;6;7;9;11,II;III;aVF;V1;V2;V4;V6,7,0.9,1,0,0,0,1
1;2;5;6;7;10,II;III;aVF;V1;V2;V5,6,0.5,1,1,1,0,3
1;2;5;6;7;10,II;III;aVF;V1;V2;V5,6,0.6,1,0,1,0,2
1;2;5;6;7;10,II;III;aVF;V1;V2;V5,6,0.7,1,0,1,0,2
1;2;5;6;7;10,II;III;aVF;V1;V2;V5,6,0.8,1,0,1,0,2
1;2;5;6;7;10,II;III;aVF;V1;V2;V5,6,0.9,1,0,0,0,1
1;2;5;6;7;10;11,II;III;aVF;V1;V2;V5;V6,7,0.5,1,1,1,0,3
1;2;5;6;7;10;11,II;III;aVF;V1;V2;V5;V6,7,0.6,1,0,1,0,2
1;2;5;6;7;10;11,II;III;aVF;V1;V2;V5;V6,7,0.7,1,0,1,0,2
1;2;5;6;7;10;11,II;III;aVF;V1;V2;V5;V6,7,0.8,1,0,1,0,2
1;2;5;6;7;10;11,II;III;aVF;V1;V2;V5;V6,7,0.9,1,0,0,0,1
1;2;5;6;7;11,II;III;aVF;V1;V2;V6,6,0.5,1,1,1,0,3
1;2;5;6;7;11,II;III;aVF;V1;V2;V6,6,0.6,1,0,1,0,2
1;2;5;6;7;11,II;III;aVF;V1;V2;V6,6,0.7,1,0,1,0,2
1;2;5;6;7;11,II;III;aVF;V1;V2;V6,6,0.8,1,0,1,0,2
1;2;5;6;7;11,II;III;aVF;V1;V2;V6,6,0.9,1,0,0,0,1
1;2;5;6;8,II;III;aVF;V1;V3,5,0.5,1,1,1,0,3
1;2;5;6;8,II;III;aVF;V1;V3,5,0.6,1,0,1,0,2
1;2;5;6;8,II;III;aVF;V1;V3,5,0.7,1,0,1,0,2
1;2;5;6;8,II;III;aVF;V1;V3,5,0.8,1,0,1,0,2
1;2;5;6;8,II;III;aVF;V1;V3,5,0.9,1,0,0,0,1
1;2;5;6;8;9,II;III;aVF;V1;V3;V4,6,0.5,1,1,1,0,3
1;2;5;6;8;9,II;III;aVF;V1;V3;V4,6,0.6,1,1,1,0,3
1;2;5;6;8;9,II;III;aVF;V1;V3;V4,6,0.7,1,0,1,0,2
1;2;5;6;8;9,II;III;aVF;V1;V3;V4,6,0.8,1,0,1,0,2
1;2;5;6;8;9,II;III;aVF;V1;V3;V4,6,0.9,1,0,0,0,1
1;2;5;6;8;9;10,II;III;aVF;V1;V3;V4;V5,7,0.5,1,1,1,0,3
1;2;5;6;8;9;10,II;III;aVF;V1;V3;V4;V5,7,0.6,1,0,1,0,2
1;2;5;6;8;9;10,II;III;aVF;V1;V3;V4;V5,7,0.7,1,0,1,0,2
1;2;5;6;8;9;10,II;III;aVF;V1;V3;V4;V5,7,0.8,1,0,1,0,2
1;2;5;6;8;9;10,II;III;aVF;V1;V3;V4;V5,7,0.9,1,0,0,0,1
1;2;5;6;8;9;10;11,II;III;aVF;V1;V3;V4;V5;V6,8,0.5,1,1,1,0,3
1;2;5;6;8;9;10;11,II;III;aVF;V1;V3;V4;V5;V6,8,0.6,1,0,1,0,2
1;2;5;6;8;9;10;11,II;III;aVF;V1;V3;V4;V5;V6,8,0.7,1,0,1,0,2
1;2;5;6;8;9;10;11,II;III;aVF;V1;V3;V4;V5;V6,8,0.8,1,0,1,0,2
1;2;5;6;8;9;10;11,II;III;aVF;V1;V3;V4;V5;V6,8,0.9,1,0,0,0,1
1;2;5;6;8;9;11,II;III;aVF;V1;V3;V4;V6,7,0.5,1,1,1,0,3
1;2;5;6;8;9;11,II;III;aVF;V1;V3;V4;V6,7,0.6,1,0,1,0,2
1;2;5;6;8;9;11,II;III;aVF;V1;V3;V4;V6,7,0.7,1,0,1,0,2
1;2;5;6;8;9;11,II;III;aVF;V1;V3;V4;V6,7,0.8,1,0,1,0,2
1;2;5;6;8;9;11,II;III;aVF;V1;V3;V4;V6,7,0.9,1,0,0,0,1
1;2;5;6;8;10,II;III;aVF;V1;V3;V5,6,0.5,1,1,1,0,3
1;2;5;6;8;10,II;III;aVF;V1;V3;V5,6,0.6,1,0,1,0,2
1;2;5;6;8;10,II;III;aVF;V1;V3;V5,6,0.7,1,0,1,0,2
1;2;5;6;8;10,II;III;aVF;V1;V3;V5,6,0.8,1,0,1,0,2
1;2;5;6;8;10,II;III;aVF;V1;V3;V5,6,0.9,1,0,0,0,1
1;2;5;6;8;10;11,II;III;aVF;V1;V3;V5;V6,7,0.5,1,1,1,0,3
1;2;5;6;8;10;11,II;III;aVF;V1;V3;V5;V6,7,0.6,1,0,1,0,2
1;2;5;6;8;10;11,II;III;aVF;V1;V3;V5;V6,7,0.7,1,0,1,0,2
1;2;5;6;8;10;11,II;III;aVF;V1;V3;V5;V6,7,0.8,1,0,1,0,2
1;2;5;6;8;10;11,II;III;aVF;V1;V3;V5;V6,7,0.9,1,0,0,0,1
1;2;5;6;8;11,II;III;aVF;V1;V3;V6,6,0.5,1,1,1,0,3
1;2;5;6;8;11,II;III;aVF;V1;V3;V6,6,0.6,1,0,1,0,2
1;2;5;6;8;11,II;III;aVF;V1;V3;V6,6,0.7,1,0,1,0,2
1;2;5;6;8;11,II;III;aVF;V1;V3;V6,6,0.8,1,0,1,0,2
1;2;5;6;8;11,II;III;aVF;V1;V3;V6,6,0.9,1,0,0,0,1
1;2;5;6;9,II;III;aVF;V1;V4,5,0.5,1,1,1,0,3
1;2;5;6;9,II;III;aVF;V1;V4,5,0.6,1,0,1,0,2
1;2;5;6;9,II;III;aVF;V1;V4,5,0.7,1,0,1,0,2
1;2;5;6;9,II;III;aVF;V1;V4,5,0.8,1,0,1,0,2
1;2;5;6;9,II;III;aVF;V1;V4,5,0.9,1,0,0,0,1
1;2;5;6;9;10,II;III;aVF;V1;V4;V5,6,0.5,1,1,1,0,3
1;2;5;6;9;10,II;III;aVF;V1;V4;V5,6,0.6,1,0,1,0,2
1;2;5;6;9;10,II;III;aVF;V1;V4;V5,6,0.7,1,0,1,0,2
1;2;5;6;9;10,II;III;aVF;V1;V4;V5,6,0.8,1,0,1,0,2
1;2;5;6;9;10,II;III;aVF;V1;V4;V5,6,0.9,1,0,0,0,1
1;2;5;6;9;10;11,II;III;aVF;V1;V4;V5;V6,7,0.5,1,1,1,0,3
1;2;5;6;9;10;11,II;III;aVF;V1;V4;V5;V6,7,0.6,1,0,1,0,2
1;2;5;6;9;10;11,II;III;aVF;V1;V4;V5;V6,7,0.7,1,0,1,0,2
1;2;5;6;9;10;11,II;III;aVF;V1;V4;V5;V6,7,0.8,1,0,1,0,2
1;2;5;6;9;10;11,II;III;aVF;V1;V4;V5;V6,7,0.9,1,0,0,0,1
1;2;5;6;9;11,II;III;aVF;V1;V4;V6,6,0.5,1,1,1,0,3
1;2;5;6;9;11,II;III;aVF;V1;V4;V6,6,0.6,1,0,1,0,2
1;2;5;6;9;11,II;III;aVF;V1;V4;V6,6,0.7,1,0,1,0,2
1;2;5;6;9;11,II;III;aVF;V1;V4;V6,6,0.8,1,0,1,0,2
1;2;5;6;9;11,II;III;aVF;V1;V4;V6,6,0.9,1,0,0,0,1
1;2;5;6;10,II;III;aVF;V1;V5,5,0.5,1,1,1,0,3
1;2;5;6;10,II;III;aVF;V1;V5,5,0.6,1,0,1,0,2
1;2;5;6;10,II;III;aVF;V1;V5,5,0.7,1,0,1,0,2
1;2;5;6;10,II;III;aVF;V1;V5,5,0.8,1,0,1,0,2
1;2;5;6;10,II;III;aVF;V1;V5,5,0.9,1,0,0,0,1
1;2;5;6;10;11,II;III;aVF;V1;V5;V6,6,0.5,1,1,1,0,3
1;2;5;6;10;11,II;III;aVF;V1;V5;V6,6,0.6,1,0,1,0,2
1;2;5;6;10;11,II;III;aVF;V1;V5;V6,6,0.7,1,0,1,0,2
1;2;5;6;10;11,II;III;aVF;V1;V5;V6,6,0.8,1,0,1,0,2
1;2;5;6;10;11,II;III;aVF;V1;V5;V6,6,0.9,1,0,0,0,1
1;2;5;6;11,II;III;aVF;V1;V6,5,0.5,1,1,1,0,3
1;2;5;6;11,II;III;aVF;V1;V6,5,0.6,1,1,1,0,3
1;2;5;6;11,II;III;aVF;V1;V6,5,0.7,1,0,1,0,2
1;2;5;6;11,II;III;aVF;V1;V6,5,0.8,1,0,1,0,2
1;2;5;6;11,II;III;aVF;V1;V6,5,0.9,1,0,0,0,1
1;2;5;7,II;III;aVF;V2,4,0.5,1,1,1,0,3
1;2;5;7,II;III;aVF;V2,4,0.6,1,0,1,0,2
1;2;5;7,II;III;aVF;V2,4,0.7,1,0,1,0,2
1;2;5;7,II;III;aVF;V2,4,0.8,1,0,1,0,2
1;2;5;7,II;III;aVF;V2,4,0.9,1,0,0,0,1
1;2;5;7;8,II;III;aVF;V2;V3,5,0.5,1,1,1,0,3
1;2;5;7;8,II;III;aVF;V2;V3,5,0.6,1,0,1,0,2
1;2;5;7;8,II;III;aVF;V2;V3,5,0.7,1,0,1,0,2
1;2;5;7;8,II;III;aVF;V2;V3,5,0.8,1,0,1,0,2
1;2;5;7;8,II;III;aVF;V2;V3,5,0.9,1,0,0,0,1
1;2;5;7;8;9,II;III;aVF;V2;V3;V4,6,0.5,1,1,1,0,3
1;2;5;7;8;9,II;III;aVF;V2;V3;V4,6,0.6,1,0,1,0,2
1;2;5;7;8;9,II;III;aVF;V2;V3;V4,6,0.7,1,0,1,0,2
1;2;5;7;8;9,II;III;aVF;V2;V3;V4,6,0.8,1,0,1,0,2
1;2;5;7;8;9,II;III;aVF;V2;V3;V4,6,0.9,1,0,0,0,1
1;2;5;7;8;9;10,II;III;aVF;V2;V3;V4;V5,7,0.5,1,1,1,0,3
1;2;5;7;8;9;10,II;III;aVF;V2;V3;V4;V5,7,0.6,1,0,1,0,2
1;2;5;7;8;9;10,II;III;aVF;V2;V3;V4;V5,7,0.7,1,0,1,0,2
1;2;5;7;8;9;10,II;III;aVF;V2;V3;V4;V5,7,0.8,1,0,0,0,1
1;2;5;7;8;9;10,II;III;aVF;V2;V3;V4;V5,7,0.9,1,0,0,0,1
1;2;5;7;8;9;10;11,II;III;aVF;V2;V3;V4;V5;V6,8,0.5,1,1,1,0,3
1;2;5;7;8;9;10;11,II;III;aVF;V2;V3;V4;V5;V6,8,0.6,1,0,1,0,2
1;2;5;7;8;9;10;11,II;III;aVF;V2;V3;V4;V5;V6,8,0.7,1,0,1,0,2
1;2;5;7;8;9;10;11,II;III;aVF;V2;V3;V4;V5;V6,8,0.8,1,0,0,0,1
1;2;5;7;8;9;10;11,II;III;aVF;V2;V3;V4;V5;V6,8,0.9,1,0,0,0,1
1;2;5;7;8;9;11,II;III;aVF;V2;V3;V4;V6,7,0.5,1,1,1,0,3
1;2;5;7;8;9;11,II;III;aVF;V2;V3;V4;V6,7,0.6,1,0,1,0,2
1;2;5;7;8;9;11,II;III;aVF;V2;V3;V4;V6,7,0.7,1,0,1,0,2
1;2;5;7;8;9;11,II;III;aVF;V2;V3;V4;V6,7,0.8,1,0,0,0,1
1;2;5;7;8;9;11,II;III;aVF;V2;V3;V4;V6,7,0.9,1,0,0,0,1
1;2;5;7;8;10,II;III;aVF;V2;V3;V5,6,0.5,1,1,1,0,3
1;2;5;7;8;10,II;III;aVF;V2;V3;V5,6,0.6,1,1,1,0,3
1;2;5;7;8;10,II;III;aVF;V2;V3;V5,6,0.7,1,0,1,0,2
1;2;5;7;8;10,II;III;aVF;V2;V3;V5,6,0.8,1,0,0,0,1
1;2;5;7;8;10,II;III;aVF;V2;V3;V5,6,0.9,1,0,0,0,1
1;2;5;7;8;10;11,II;III;aVF;V2;V3;V5;V6,7,0.5,1,1,1,0,3
1;2;5;7;8;10;11,II;III;aVF;V2;V3;V5;V6,7,0.6,1,0,1,0,2
1;2;5;7;8;10;11,II;III;aVF;V2;V3;V5;V6,7,0.7,1,0,1,0,2
1;2;5;7;8;10;11,II;III;aVF;V2;V3;V5;V6,7,0.8,1,0,0,0,1
1;2;5;7;8;10;11,II;III;aVF;V2;V3;V5;V6,7,0.9,1,0,0,0,1
1;2;5;7;8;11,II;III;aVF;V2;V3;V6,6,0.5,1,1,1,0,3
1;2;5;7;8;11,II;III;aVF;V2;V3;V6,6,0.6,1,0,1,0,2
1;2;5;7;8;11,II;III;aVF;V2;V3;V6,6,0.7,1,0,1,0,2
1;2;5;7;8;11,II;III;aVF;V2;V3;V6,6,0.8,1,0,0,0,1
1;2;5;7;8;11,II;III;aVF;V2;V3;V6,6,0.9,1,0,0,0,1
1;2;5;7;9,II;III;aVF;V2;V4,5,0.5,1,1,1,0,3
1;2;5;7;9,II;III;aVF;V2;V4,5,0.6,1,0,1,0,2
1;2;5;7;9,II;III;aVF;V2;V4,5,0.7,1,0,1,0,2
1;2;5;7;9,II;III;aVF;V2;V4,5,0.8,1,0,1,0,2
1;2;5;7;9,II;III;aVF;V2;V4,5,0.9,1,0,0,0,1
1;2;5;7;9;10,II;III;aVF;V2;V4;V5,6,0.5,1,1,1,0,3
1;2;5;7;9;10,II;III;aVF;V2;V4;V5,6,0.6,1,0,1,0,2
1;2;5;7;9;10,II;III;aVF;V2;V4;V5,6,0.7,1,0,1,0,2
1;2;5;7;9;10,II;III;aVF;V2;V4;V5,6,0.8,1,0,1,0,2
1;2;5;7;9;10,II;III;aVF;V2;V4;V5,6,0.9,1,0,0,0,1
1;2;5;7;9;10;11,II;III;aVF;V2;V4;V5;V6,7,0.5,1,1,1,0,3
1;2;5;7;9;10;11,II;III;aVF;V2;V4;V5;V6,7,0.6,1,0,1,0,2
1;2;5;7;9;10;11,II;III;aVF;V2;V4;V5;V6,7,0.7,1,0,1,0,2
1;2;5;7;9;10;11,II;III;aVF;V2;V4;V5;V6,7,0.8,1,0,1,0,2
1;2;5;7;9;10;11,II;III;aVF;V2;V4;V5;V6,7,0.9,1,0,0,0,1
1;2;5;7;9;11,II;III;aVF;V2;V4;V6,6,0.5,1,1,1,0,3
1;2;5;7;9;11,II;III;aVF;V2;V4;V6,6,0.6,1,0,1,0,2
1;2;5;7;9;11,II;III;aVF;V2;V4;V6,6,0.7,1,0,1,0,2
1;2;5;7;9;11,II;III;aVF;V2;V4;V6,6,0.8,1,0,1,0,2
1;2;5;7;9;11,II;III;aVF;V2;V4;V6,6,0.9,1,0,0,0,1
1;2;5;7;10,II;III;aVF;V2;V5,5,0.5,1,1,1,0,3
1;2;5;7;10,II;III;aVF;V2;V5,5,0.6,1,0,1,0,2
1;2;5;7;10,II;III;aVF;V2;V5,5,0.7,1,0,1,0,2
1;2;5;7;10,II;III;aVF;V2;V5,5,0.8,1,0,0,0,1
1;2;5;7;10,II;III;aVF;V2;V5,5,0.9,1,0,0,0,1
1;2;5;7;10;11,II;III;aVF;V2;V5;V6,6,0.5,1,1,1,0,3
1;2;5;7;10;11,II;III;aVF;V2;V5;V6,6,0.6,1,0,1,0,2
1;2;5;7;10;11,II;III;aVF;V2;V5;V6,6,0.7,1,0,1,0,2
1;2;5;7;10;11,II;III;aVF;V2;V5;V6,6,0.8,1,0,1,0,2
1;2;5;7;10;11,II;III;aVF;V2;V5;V6,6,0.9,1,0,0,0,1
1;2;5;7;11,II;III;aVF;V2;V6,5,0.5,1,1,1,0,3
1;2;5;7;11,II;III;aVF;V2;V6,5,0.6,1,0,1,0,2
1;2;5;7;11,II;III;aVF;V2;V6,5,0.7,1,0,1,0,2
1;2;5;7;11,II;III;aVF;V2;V6,5,0.8,1,0,1,0,2
1;2;5;7;11,II;III;aVF;V2;V6,5,0.9,1,0,0,0,1
1;2;5;8,II;III;aVF;V3,4,0.5,1,1,1,0,3
1;2;5;8,II;III;aVF;V3,4,0.6,1,0,1,0,2
1;2;5;8,II;III;aVF;V3,4,0.7,1,0,1,0,2
1;2;5;8,II;III;aVF;V3,4,0.8,1,0,1,0,2
1;2;5;8,II;III;aVF;V3,4,0.9,1,0,0,0,1
1;2;5;8;9,II;III;aVF;V3;V4,5,0.5,1,1,1,0,3
1;2;5;8;9,II;III;aVF;V3;V4,5,0.6,1,0,1,0,2
1;2;5;8;9,II;III;aVF;V3;V4,5,0.7,1,0,1,0,2
1;2;5;8;9,II;III;aVF;V3;V4,5,0.8,1,0,1,0,2
1;2;5;8;9,II;III;aVF;V3;V4,5,0.9,1,0,0,0,1
1;2;5;8;9;10,II;III;aVF;V3;V4;V5,6,0.5,1,1,1,0,3
1;2;5;8;9;10,II;III;aVF;V3;V4;V5,6,0.6,1,0,1,0,2
1;2;5;8;9;10,II;III;aVF;V3;V4;V5,6,0.7,1,0,1,0,2
1;2;5;8;9;10,II;III;aVF;V3;V4;V5,6,0.8,1,0,0,0,1
1;2;5;8;9;10,II;III;aVF;V3;V4;V5,6,0.9,1,0,0,0,1
1;2;5;8;9;10;11,II;III;aVF;V3;V4;V5;V6,7,0.5,1,1,1,0,3
1;2;5;8;9;10;11,II;III;aVF;V3;V4;V5;V6,7,0.6,1,0,1,0,2
1;2;5;8;9;10;11,II;III;aVF;V3;V4;V5;V6,7,0.7,1,0,1,0,2
1;2;5;8;9;10;11,II;III;aVF;V3;V4;V5;V6,7,0.8,1,0,0,0,1
1;2;5;8;9;10;11,II;III;aVF;V3;V4;V5;V6,7,0.9,1,0,0,0,1
1;2;5;8;9;11,II;III;aVF;V3;V4;V6,6,0.5,1,1,1,0,3
1;2;5;8;9;11,II;III;aVF;V3;V4;V6,6,0.6,1,0,1,0,2
1;2;5;8;9;11,II;III;aVF;V3;V4;V6,6,0.7,1,0,1,0,2
1;2;5;8;9;11,II;III;aVF;V3;V4;V6,6,0.8,1,0,0,0,1
1;2;5;8;9;11,II;III;aVF;V3;V4;V6,6,0.9,1,0,0,0,1
1;2;5;8;10,II;III;aVF;V3;V5,5,0.5,1,1,1,0,3
1;2;5;8;10,II;III;aVF;V3;V5,5,0.6,1,0,1,0,2
1;2;5;8;10,II;III;aVF;V3;V5,5,0.7,1,0,1,0,2
1;2;5;8;10,II;III;aVF;V3;V5,5,0.8,1,0,0,0,1
1;2;5;8;10,II;III;aVF;V3;V5,5,0.9,1,0,0,0,1
1;2;5;8;10;11,II;III;aVF;V3;V5;V6,6,0.5,1,1,1,0,3
1;2;5;8;10;11,II;III;aVF;V3;V5;V6,6,0.6,1,0,1,0,2
1;2;5;8;10;11,II;III;aVF;V3;V5;V6,6,0.7,1,0,1,0,2
1;2;5;8;10;11,II;III;aVF;V3;V5;V6,6,0.8,1,0,0,0,1
1;2;5;8;10;11,II;III;aVF;V3;V5;V6,6,0.9,1,0,0,0,1
1;2;5;8;11,II;III;aVF;V3;V6,5,0.5,1,1,1,0,3
1;2;5;8;11,II;III;aVF;V3;V6,5,0.6,1,0,1,0,2
1;2;5;8;11,II;III;aVF;V3;V6,5,0.7,1,0,1,0,2
1;2;5;8;11,II;III;aVF;V3;V6,5,0.8,1,0,0,0,1
1;2;5;8;11,II;III;aVF;V3;V6,5,0.9,1,0,0,0,1
1;2;5;9,II;III;aVF;V4,4,0.5,1,1,1,0,3
1;2;5;9,II;III;aVF;V4,4,0.6,1,0,1,0,2
1;2;5;9,II;III;aVF;V4,4,0.7,1,0,1,0,2
1;2;5;9,II;III;aVF;V4,4,0.8,1,0,1,0,2
1;2;5;9,II;III;aVF;V4,4,0.9,1,0,0,0,1
1;2;5;9;10,II;III;aVF;V4;V5,5,0.5,1,1,1,0,3
1;2;5;9;10,II;III;aVF;V4;V5,5,0.6,1,0,1,0,2
1;2;5;9;10,II;III;aVF;V4;V5,5,0.7,1,0,1,0,2
1;2;5;9;10,II;III;aVF;V4;V5,5,0.8,1,0,0,0,1
1;2;5;9;10,II;III;aVF;V4;V5,5,0.9,1,0,0,0,1
1;2;5;9;10;11,II;III;aVF;V4;V5;V6,6,0.5,1,1,1,0,3
1;2;5;9;10;11,II;III;aVF;V4;V5;V6,6,0.6,1,0,1,0,2
1;2;5;9;10;11,II;III;aVF;V4;V5;V6,6,0.7,1,0,1,0,2
1;2;5;9;10;11,II;III;aVF;V4;V5;V6,6,0.8,1,0,0,0,1
1;2;5;9;10;11,II;III;aVF;V4;V5;V6,6,0.9,1,0,0,0,1
1;2;5;9;11,II;III;aVF;V4;V6,5,0.5,1,1,1,0,3
1;2;5;9;11,II;III;aVF;V4;V6,5,0.6,1,0,1,0,2
1;2;5;9;11,II;III;aVF;V4;V6,5,0.7,1,0,1,0,2
1;2;5;9;11,II;III;aVF;V4;V6,5,0.8,1,0,0,0,1
1;2;5;9;11,II;III;aVF;V4;V6,5,0.9,1,0,0,0,1
1;2;5;10,II;III;aVF;V5,4,0.5,1,1,1,0,3
1;2;5;10,II;III;aVF;V5,4,0.6,1,0,1,0,2
1;2;5;10,II;III;aVF;V5,4,0.7,1,0,1,0,2
1;2;5;10,II;III;aVF;V5,4,0.8,1,0,0,0,1
1;2;5;10,II;III;aVF;V5,4,0.9,1,0,0,0,1
1;2;5;10;11,II;III;aVF;V5;V6,5,0.5,1,1,1,0,3
1;2;5;10;11,II;III;aVF;V5;V6,5,0.6,1,0,1,0,2
1;2;5;10;11,II;III;aVF;V5;V6,5,0.7,1,0,1,0,2
1;2;5;10;11,II;III;aVF;V5;V6,5,0.8,1,0,0,0,1
1;2;5;10;11,II;III;aVF;V5;V6,5,0.9,1,0,0,0,1
1;2;5;11,II;III;aVF;V6,4,0.5,1,1,1,0,3
1;2;5;11,II;III;aVF;V6,4,0.6,1,0,1,0,2
1;2;5;11,II;III;aVF;V6,4,0.7,1,0,1,0,2
1;2;5;11,II;III;aVF;V6,4,0.8,1,0,1,0,2
1;2;5;11,II;III;aVF;V6,4,0.9,1,0,0,0,1
1;2;6,II;III;V1,4,0.5,1,1,1,0,3
1;2;6,II;III;V1,4,0.6,1,0,1,0,2
1;2;6,II;III;V1,4,0.7,1,0,1,0,2
1;2;6,II;III;V1,4,0.8,1,0,1,0,2
1;2;6,II;III;V1,4,0.9,1,0,0,0,1
1;2;6;7,II;III;V1;V2,5,0.5,1,1,1,0,3
1;2;6;7,II;III;V1;V2,5,0.6,1,0,1,0,2
1;2;6;7,II;III;V1;V2,5,0.7,1,0,1,0,2
1;2;6;7,II;III;V1;V2,5,0.8,1,0,1,0,2
1;2;6;7,II;III;V1;V2,5,0.9,1,0,0,0,1
1;2;6;7;8,II;III;V1;V2;V3,6,0.5,1,1,1,0,3
1;2;6;7;8,II;III;V1;V2;V3,6,0.6,1,0,1,0,2
1;2;6;7;8,II;III;V1;V2;V3,6,0.7,1,0,1,0,2
1;2;6;7;8,II;III;V1;V2;V3,6,0.8,1,0,1,0,2
1;2;6;7;8,II;III;V1;V2;V3,6,0.9,1,0,0,0,1
1;2;6;7;8;9,II;III;V1;V2;V3;V4,7,0.5,1,1,1,0,3
1;2;6;7;8;9,II;III;V1;V2;V3;V4,7,0.6,1,0,1,0,2
1;2;6;7;8;9,II;III;V1;V2;V3;V4,7,0.7,1,0,1,0,2
1;2;6;7;8;9,II;III;V1;V2;V3;V4,7,0.8,1,0,1,0,2
1;2;6;7;8;9,II;III;V1;V2;V3;V4,7,0.9,1,0,0,0,1
1;2;6;7;8;9;10,II;III;V1;V2;V3;V4;V5,8,0.5,1,1,1,0,3
1;2;6;7;8;9;10,II;III;V1;V2;V3;V4;V5,8,0.6,1,0,1,0,2
1;2;6;7;8;9;10,II;III;V1;V2;V3;V4;V5,8,0.7,1,0,1,0,2
1;2;6;7;8;9;10,II;III;V1;V2;V3;V4;V5,8,0.8,1,0,1,0,2
1;2;6;7;8;9;10,II;III;V1;V2;V3;V4;V5,8,0.9,1,0,0,0,1
1;2;6;7;8;9;10;11,II;III;V1;V2;V3;V4;V5;V6,9,0.5,1,1,1,0,3
1;2;6;7;8;9;10;11,II;III;V1;V2;V3;V4;V5;V6,9,0.6,1,0,1,0,2
1;2;6;7;8;9;10;11,II;III;V1;V2;V3;V4;V5;V6,9,0.7,1,0,1,0,2
1;2;6;7;8;9;10;11,II;III;V1;V2;V3;V4;V5;V6,9,0.8,1,0,1,0,2
1;2;6;7;8;9;10;11,II;III;V1;V2;V3;V4;V5;V6,9,0.9,1,0,0,0,1
1;2;6;7;8;9;11,II;III;V1;V2;V3;V4;V6,8,0.5,1,1,1,0,3
1;2;6;7;8;9;11,II;III;V1;V2;V3;V4;V6,8,0.6,1,0,1,0,2
1;2;6;7;8;9;11,II;III;V1;V2;V3;V4;V6,8,0.7,1,0,1,0,2
1;2;6;7;8;9;11,II;III;V1;V2;V3;V4;V6,8,0.8,1,0,1,0,2
1;2;6;7;8;9;11,II;III;V1;V2;V3;V4;V6,8,0.9,1,0,0,0,1
1;2;6;7;8;10,II;III;V1;V2;V3;V5,7,0.5,1,1,1,0,3
1;2;6;7;8;10,II;III;V1;V2;V3;V5,7,0.6,1,0,1,0,2
1;2;6;7;8;10,II;III;V1;V2;V3;V5,7,0.7,1,0,1,0,2
1;2;6;7;8;10,II;III;V1;V2;V3;V5,7,0.8,1,0,1,0,2
1;2;6;7;8;10,II;III;V1;V2;V3;V5,7,0.9,1,0,0,0,1
1;2;6;7;8;10;11,II;III;V1;V2;V3;V5;V6,8,0.5,1,1,1,0,3
1;2;6;7;8;10;11,II;III;V1;V2;V3;V5;V6,8,0.6,1,0,1,0,2
1;2;6;7;8;10;11,II;III;V1;V2;V3;V5;V6,8,0.7,1,0,1,0,2
1;2;6;7;8;10;11,II;III;V1;V2;V3;V5;V6,8,0.8,1,0,1,0,2
1;2;6;7;8;10;11,II;III;V1;V2;V3;V5;V6,8,0.9,1,0,0,0,1
1;2;6;7;8;11,II;III;V1;V2;V3;V6,7,0.5,1,1,1,0,3
1;2;6;7;8;11,II;III;V1;V2;V3;V6,7,0.6,1,0,1,0,2
1;2;6;7;8;11,II;III;V1;V2;V3;V6,7,0.7,1,0,1,0,2
1;2;6;7;8;11,II;III;V1;V2;V3;V6,7,0.8,1,0,1,0,2
1;2;6;7;8;11,II;III;V1;V2;V3;V6,7,0.9,1,0,0,0,1
1;2;6;7;9,II;III;V1;V2;V4,6,0.5,1,1,1,0,3
1;2;6;7;9,II;III;V1;V2;V4,6,0.6,1,1,1,0,3
1;2;6;7;9,II;III;V1;V2;V4,6,0.7,1,0,1,0,2
1;2;6;7;9,II;III;V1;V2;V4,6,0.8,1,0,1,0,2
1;2;6;7;9,II;III;V1;V2;V4,6,0.9,1,0,0,0,1
1;2;6;7;9;10,II;III;V1;V2;V4;V5,7,0.5,1,1,1,0,3
1;2;6;7;9;10,II;III;V1;V2;V4;V5,7,0.6,1,0,1,0,2
1;2;6;7;9;10,II;III;V1;V2;V4;V5,7,0.7,1,0,1,0,2
1;2;6;7;9;10,II;III;V1;V2;V4;V5,7,0.8,1,0,1,0,2
1;2;6;7;9;10,II;III;V1;V2;V4;V5,7,0.9,1,0,0,0,1
1;2;6;7;9;10;11,II;III;V1;V2;V4;V5;V6,8,0.5,1,1,1,0,3
1;2;6;7;9;10;11,II;III;V1;V2;V4;V5;V6,8,0.6,1,0,1,0,2
1;2;6;7;9;10;11,II;III;V1;V2;V4;V5;V6,8,0.7,1,0,1,0,2
1;2;6;7;9;10;11,II;III;V1;V2;V4;V5;V6,8,0.8,1,0,1,0,2
1;2;6;7;9;10;11,II;III;V1;V2;V4;V5;V6,8,0.9,1,0,0,0,1
1;2;6;7;9;11,II;III;V1;V2;V4;V6,7,0.5,1,1,1,0,3
1;2;6;7;9;11,II;III;V1;V2;V4;V6,7,0.6,1,0,1,0,2
1;2;6;7;9;11,II;III;V1;V2;V4;V6,7,0.7,1,0,1,0,2
1;2;6;7;9;11,II;III;V1;V2;V4;V6,7,0.8,1,0,1,0,2
1;2;6;7;9;11,II;III;V1;V2;V4;V6,7,0.9,1,0,0,0,1
1;2;6;7;10,II;III;V1;V2;V5,6,0.5,1,1,1,0,3
1;2;6;7;10,II;III;V1;V2;V5,6,0.6,1,0,1,0,2
1;2;6;7;10,II;III;V1;V2;V5,6,0.7,1,0,1,0,2
1;2;6;7;10,II;III;V1;V2;V5,6,0.8,1,0,1,0,2
1;2;6;7;10,II;III;V1;V2;V5,6,0.9,1,0,0,0,1
1;2;6;7;10;11,II;III;V1;V2;V5;V6,7,0.5,1,1,1,0,3
1;2;6;7;10;11,II;III;V1;V2;V5;V6,7,0.6,1,0,1,0,2
1;2;6;7;10;11,II;III;V1;V2;V5;V6,7,0.7,1,0,1,0,2
1;2;6;7;10;11,II;III;V1;V2;V5;V6,7,0.8,1,0,1,0,2
1;2;6;7;10;11,II;III;V1;V2;V5;V6,7,0.9,1,0,0,0,1
1;2;6;7;11,II;III;V1;V2;V6,6,0.5,1,1,1,0,3
1;2;6;7;11,II;III;V1;V2;V6,6,0.6,1,0,1,0,2
1;2;6;7;11,II;III;V1;V2;V6,6,0.7,1,0,1,0,2
1;2;6;7;11,II;III;V1;V2;V6,6,0.8,1,0,1,0,2
1;2;6;7;11,II;III;V1;V2;V6,6,0.9,1,0,0,0,1
1;2;6;8,II;III;V1;V3,5,0.5,1,1,1,0,3
1;2;6;8,II;III;V1;V3,5,0.6,1,0,1,0,2
1;2;6;8,II;III;V1;V3,5,0.7,1,0,1,0,2
1;2;6;8,II;III;V1;V3,5,0.8,1,0,1,0,2
1;2;6;8,II;III;V1;V3,5,0.9,1,0,0,0,1
1;2;6;8;9,II;III;V1;V3;V4,6,0.5,1,1,1,0,3
1;2;6;8;9,II;III;V1;V3;V4,6,0.6,1,0,1,0,2
1;2;6;8;9,II;III;V1;V3;V4,6,0.7,1,0,1,0,2
1;2;6;8;9,II;III;V1;V3;V4,6,0.8,1,0,1,0,2
1;2;6;8;9,II;III;V1;V3;V4,6,0.9,1,0,0,0,1
1;2;6;8;9;10,II;III;V1;V3;V4;V5,7,0.5,1,1,1,0,3
1;2;6;8;9;10,II;III;V1;V3;V4;V5,7,0.6,1,0,1,0,2
1;2;6;8;9;10,II;III;V1;V3;V4;V5,7,0.7,1,0,1,0,2
1;2;6;8;9;10,II;III;V1;V3;V4;V5,7,0.8,1,0,1,0,2
1;2;6;8;9;10,II;III;V1;V3;V4;V5,7,0.9,1,0,0,0,1
1;2;6;8;9;10;11,II;III;V1;V3;V4;V5;V6,8,0.5,1,1,1,0,3
1;2;6;8;9;10;11,II;III;V1;V3;V4;V5;V6,8,0.6,1,0,1,0,2
1;2;6;8;9;10;11,II;III;V1;V3;V4;V5;V6,8,0.7,1,0,1,0,2
1;2;6;8;9;10;11,II;III;V1;V3;V4;V5;V6,8,0.8,1,0,1,0,2
1;2;6;8;9;10;11,II;III;V1;V3;V4;V5;V6,8,0.9,1,0,0,0,1
1;2;6;8;9;11,II;III;V1;V3;V4;V6,7,0.5,1,1,1,0,3
1;2;6;8;9;11,II;III;V1;V3;V4;V6,7,0.6,1,0,1,0,2
1;2;6;8;9;11,II;III;V1;V3;V4;V6,7,0.7,1,0,1,0,2
1;2;6;8;9;11,II;III;V1;V3;V4;V6,7,0.8,1,0,1,0,2
1;2;6;8;9;11,II;III;V1;V3;V4;V6,7,0.9,1,0,0,0,1
1;2;6;8;10,II;III;V1;V3;V5,6,0.5,1,1,1,0,3
1;2;6;8;10,II;III;V1;V3;V5,6,0.6,1,0,1,0,2
1;2;6;8;10,II;III;V1;V3;V5,6,0.7,1,0,1,0,2
1;2;6;8;10,II;III;V1;V3;V5,6,0.8,1,0,1,0,2
1;2;6;8;10,II;III;V1;V3;V5,6,0.9,1,0,0,0,1
1;2;6;8;10;11,II;III;V1;V3;V5;V6,7,0.5,1,1,1,0,3
1;2;6;8;10;11,II;III;V1;V3;V5;V6,7,0.6,1,0,1,0,2
1;2;6;8;10;11,II;III;V1;V3;V5;V6,7,0.7,1,0,1,0,2
1;2;6;8;10;11,II;III;V1;V3;V5;V6,7,0.8,1,0,1,0,2
1;2;6;8;10;11,II;III;V1;V3;V5;V6,7,0.9,1,0,0,0,1
1;2;6;8;11,II;III;V1;V3;V6,6,0.5,1,1,1,0,3
1;2;6;8;11,II;III;V1;V3;V6,6,0.6,1,0,1,0,2
1;2;6;8;11,II;III;V1;V3;V6,6,0.7,1,0,1,0,2
1;2;6;8;11,II;III;V1;V3;V6,6,0.8,1,0,1,0,2
1;2;6;8;11,II;III;V1;V3;V6,6,0.9,1,0,0,0,1
1;2;6;9,II;III;V1;V4,5,0.5,1,1,1,0,3
1;2;6;9,II;III;V1;V4,5,0.6,1,0,1,0,2
1;2;6;9,II;III;V1;V4,5,0.7,1,0,1,0,2
1;2;6;9,II;III;V1;V4,5,0.8,1,0,1,0,2
1;2;6;9,II;III;V1;V4,5,0.9,1,0,0,0,1
1;2;6;9;10,II;III;V1;V4;V5,6,0.5,1,1,1,0,3
1;2;6;9;10,II;III;V1;V4;V5,6,0.6,1,0,1,0,2
1;2;6;9;10,II;III;V1;V4;V5,6,0.7,1,0,1,0,2
1;2;6;9;10,II;III;V1;V4;V5,6,0.8,1,0,1,0,2
1;2;6;9;10,II;III;V1;V4;V5,6,0.9,1,0,0,0,1
1;2;6;9;10;11,II;III;V1;V4;V5;V6,7,0.5,1,1,1,0,3
1;2;6;9;10;11,II;III;V1;V4;V5;V6,7,0.6,1,0,1,0,2
1;2;6;9;10;11,II;III;V1;V4;V5;V6,7,0.7,1,0,1,0,2
1;2;6;9;10;11,II;III;V1;V4;V5;V6,7,0.8,1,0,1,0,2
1;2;6;9;10;11,II;III;V1;V4;V5;V6,7,0.9,1,0,0,0,1
1;2;6;9;11,II;III;V1;V4;V6,6,0.5,1,1,1,0,3
1;2;6;9;11,II;III;V1;V4;V6,6,0.6,1,0,1,0,2
1;2;6;9;11,II;III;V1;V4;V6,6,0.7,1,0,1,0,2
1;2;6;9;11,II;III;V1;V4;V6,6,0.8,1,0,1,0,2
1;2;6;9;11,II;III;V1;V4;V6,6,0.9,1,0,0,0,1
1;2;6;10,II;III;V1;V5,5,0.5,1,1,1,0,3
1;2;6;10,II;III;V1;V5,5,0.6,1,0,1,0,2
1;2;6;10,II;III;V1;V5,5,0.7,1,0,1,0,2
1;2;6;10,II;III;V1;V5,5,0.8,1,0,1,0,2
1;2;6;10,II;III;V1;V5,5,0.9,1,0,0,0,1
1;2;6;10;11,II;III;V1;V5;V6,6,0.5,1,1,1,0,3
1;2;6;10;11,II;III;V1;V5;V6,6,0.6,1,1,1,0,3
1;2;6;10;11,II;III;V1;V5;V6,6,0.7,1,0,1,0,2
1;2;6;10;11,II;III;V1;V5;V6,6,0.8,1,0,1,0,2
1;2;6;10;11,II;III;V1;V5;V6,6,0.9,1,0,0,0,1
1;2;6;11,II;III;V1;V6,5,0.5,1,1,1,0,3
1;2;6;11,II;III;V1;V6,5,0.6,1,0,1,0,2
1;2;6;11,II;III;V1;V6,5,0.7,1,0,1,0,2
1;2;6;11,II;III;V1;V6,5,0.8,1,0,1,0,2
1;2;6;11,II;III;V1;V6,5,0.9,1,0,0,0,1
1;2;7,II;III;V2,4,0.5,1,1,1,0,3
1;2;7,II;III;V2,4,0.6,1,0,1,0,2
1;2;7,II;III;V2,4,0.7,1,0,1,0,2
1;2;7,II;III;V2,4,0.8,1,0,1,0,2
1;2;7,II;III;V2,4,0.9,1,0,0,0,1
1;2;7;8,II;III;V2;V3,5,0.5,1,1,1,0,3
1;2;7;8,II;III;V2;V3,5,0.6,1,0,1,0,2
1;2;7;8,II;III;V2;V3,5,0.7,1,0,1,0,2
1;2;7;8,II;III;V2;V3,5,0.8,1,0,0,0,1
1;2;7;8,II;III;V2;V3,5,0.9,1,0,0,0,1
1;2;7;8;9,II;III;V2;V3;V4,6,0.5,1,1,1,0,3
1;2;7;8;9,II;III;V2;V3;V4,6,0.6,1,0,1,0,2
1;2;7;8;9,II;III;V2;V3;V4,6,0.7,1,0,1,0,2
1;2;7;8;9,II;III;V2;V3;V4,6,0.8,1,0,1,0,2
1;2;7;8;9,II;III;V2;V3;V4,6,0.9,1,0,0,0,1
1;2;7;8;9;10,II;III;V2;V3;V4;V5,7,0.5,1,1,1,0,3
1;2;7;8;9;10,II;III;V2;V3;V4;V5,7,0.6,1,0,1,0,2
1;2;7;8;9;10,II;III;V2;V3;V4;V5,7,0.7,1,0,1,0,2
1;2;7;8;9;10,II;III;V2;V3;V4;V5,7,0.8,1,0,0,0,1
1;2;7;8;9;10,II;III;V2;V3;V4;V5,7,0.9,1,0,0,0,1
1;2;7;8;9;10;11,II;III;V2;V3;V4;V5;V6,8,0.5,1,1,1,0,3
1;2;7;8;9;10;11,II;III;V2;V3;V4;V5;V6,8,0.6,1,0,1,0,2
1;2;7;8;9;10;11,II;III;V2;V3;V4;V5;V6,8,0.7,1,0,1,0,2
1;2;7;8;9;10;11,II;III;V2;V3;V4;V5;V6,8,0.8,1,0,0,0,1
1;2;7;8;9;10;11,II;III;V2;V3;V4;V5;V6,8,0.9,1,0,0,0,1
1;2;7;8;9;11,II;III;V2;V3;V4;V6,7,0.5,1,1,1,0,3
1;2;7;8;9;11,II;III;V2;V3;V4;V6,7,0.6,1,0,1,0,2
1;2;7;8;9;11,II;III;V2;V3;V4;V6,7,0.7,1,0,1,0,2
1;2;7;8;9;11,II;III;V2;V3;V4;V6,7,0.8,1,0,0,0,1
1;2;7;8;9;11,II;III;V2;V3;V4;V6,7,0.9,1,0,0,0,1
1;2;7;8;10,II;III;V2;V3;V5,6,0.5,1,1,1,0,3
1;2;7;8;10,II;III;V2;V3;V5,6,0.6,1,0,1,0,2
1;2;7;8;10,II;III;V2;V3;V5,6,0.7,1,0,1,0,2
1;2;7;8;10,II;III;V2;V3;V5,6,0.8,1,0,0,0,1
1;2;7;8;10,II;III;V2;V3;V5,6,0.9,1,0,0,0,1
1;2;7;8;10;11,II;III;V2;V3;V5;V6,7,0.5,1,1,1,0,3
1;2;7;8;10;11,II;III;V2;V3;V5;V6,7,0.6,1,0,1,0,2
1;2;7;8;10;11,II;III;V2;V3;V5;V6,7,0.7,1,0,1,0,2
1;2;7;8;10;11,II;III;V2;V3;V5;V6,7,0.8,1,0,0,0,1
1;2;7;8;10;11,II;III;V2;V3;V5;V6,7,0.9,1,0,0,0,1
1;2;7;8;11,II;III;V2;V3;V6,6,0.5,1,1,1,0,3
1;2;7;8;11,II;III;V2;V3;V6,6,0.6,1,0,1,0,2
1;2;7;8;11,II;III;V2;V3;V6,6,0.7,1,0,1,0,2
1;2;7;8;11,II;III;V2;V3;V6,6,0.8,1,0,0,0,1
1;2;7;8;11,II;III;V2;V3;V6,6,0.9,1,0,0,0,1
1;2;7;9,II;III;V2;V4,5,0.5,1,1,1,0,3
1;2;7;9,II;III;V2;V4,5,0.6,1,0,1,0,2
1;2;7;9,II;III;V2;V4,5,0.7,1,0,1,0,2
1;2;7;9,II;III;V2;V4,5,0.8,1,0,1,0,2
1;2;7;9,II;III;V2;V4,5,0.9,1,0,0,0,1
1;2;7;9;10,II;III;V2;V4;V5,6,0.5,1,1,1,0,3
1;2;7;9;10,II;III;V2;V4;V5,6,0.6,1,0,1,0,2
1;2;7;9;10,II;III;V2;V4;V5,6,0.7,1,0,1,0,2
1;2;7;9;10,II;III;V2;V4;V5,6,0.8,1,0,0,0,1
1;2;7;9;10,II;III;V2;V4;V5,6,0.9,1,0,0,0,1
1;2;7;9;10;11,II;III;V2;V4;V5;V6,7,0.5,1,1,1,0,3
1;2;7;9;10;11,II;III;V2;V4;V5;V6,7,0.6,1,0,1,0,2
1;2;7;9;10;11,II;III;V2;V4;V5;V6,7,0.7,1,0,1,0,2
1;2;7;9;10;11,II;III;V2;V4;V5;V6,7,0.8,1,0,1,0,2
1;2;7;9;10;11,II;III;V2;V4;V5;V6,7,0.9,1,0,0,0,1
1;2;7;9;11,II;III;V2;V4;V6,6,0.5,1,1,1,0,3
1;2;7;9;11,II;III;V2;V4;V6,6,0.6,1,0,1,0,2
1;2;7;9;11,II;III;V2;V4;V6,6,0.7,1,0,1,0,2
1;2;7;9;11,II;III;V2;V4;V6,6,0.8,1,0,0,0,1
1;2;7;9;11,II;III;V2;V4;V6,6,0.9,1,0,0,0,1
1;2;7;10,II;III;V2;V5,5,0.5,1,1,1,0,3
1;2;7;10,II;III;V2;V5,5,0.6,1,0,1,0,2
1;2;7;10,II;III;V2;V5,5,0.7,1,0,1,0,2
1;2;7;10,II;III;V2;V5,5,0.8,1,0,1,0,2
1;2;7;10,II;III;V2;V5,5,0.9,1,0,0,0,1
1;2;7;10;11,II;III;V2;V5;V6,6,0.5,1,1,1,0,3
1;2;7;10;11,II;III;V2;V5;V6,6,0.6,1,0,1,0,2
1;2;7;10;11,II;III;V2;V5;V6,6,0.7,1,0,1,0,2
1;2;7;10;11,II;III;V2;V5;V6,6,0.8,1,0,1,0,2
1;2;7;10;11,II;III;V2;V5;V6,6,0.9,1,0,0,0,1
1;2;7;11,II;III;V2;V6,5,0.5,1,1,1,0,3
1;2;7;11,II;III;V2;V6,5,0.6,1,0,1,0,2
1;2;7;11,II;III;V2;V6,5,0.7,1,0,1,0,2
1;2;7;11,II;III;V2;V6,5,0.8,1,0,1,0,2
1;2;7;11,II;III;V2;V6,5,0.9,1,0,0,0,1
1;2;8,II;III;V3,4,0.5,1,1,1,0,3
1;2;8,II;III;V3,4,0.6,1,0,1,0,2
1;2;8,II;III;V3,4,0.7,1,0,1,0,2
1;2;8,II;III;V3,4,0.8,1,0,1,0,2
1;2;8,II;III;V3,4,0.9,1,0,0,0,1
1;2;8;9,II;III;V3;V4,5,0.5,1,1,1,0,3
1;2;8;9,II;III;V3;V4,5,0.6,1,0,1,0,2
1;2;8;9,II;III;V3;V4,5,0.7,1,0,1,0,2
1;2;8;9,II;III;V3;V4,5,0.8,1,0,1,0,2
1;2;8;9,II;III;V3;V4,5,0.9,1,0,0,0,1
1;2;8;9;10,II;III;V3;V4;V5,6,0.5,1,1,1,0,3
1;2;8;9;10,II;III;V3;V4;V5,6,0.6,1,0,1,0,2
1;2;8;9;10,II;III;V3;V4;V5,6,0.7,1,0,1,0,2
1;2;8;9;10,II;III;V3;V4;V5,6,0.8,1,0,0,0,1
1;2;8;9;10,II;III;V3;V4;V5,6,0.9,1,0,0,0,1
1;2;8;9;10;11,II;III;V3;V4;V5;V6,7,0.5,1,1,1,0,3
1;2;8;9;10;11,II;III;V3;V4;V5;V6,7,0.6,1,0,1,0,2
1;2;8;9;10;11,II;III;V3;V4;V5;V6,7,0.7,1,0,1,0,2
1;2;8;9;10;11,II;III;V3;V4;V5;V6,7,0.8,1,0,0,0,1
1;2;8;9;10;11,II;III;V3;V4;V5;V6,7,0.9,1,0,0,0,1
1;2;8;9;11,II;III;V3;V4;V6,6,0.5,1,1,1,0,3
1;2;8;9;11,II;III;V3;V4;V6,6,0.6,1,0,1,0,2
1;2;8;9;11,II;III;V3;V4;V6,6,0.7,1,0,1,0,2
1;2;8;9;11,II;III;V3;V4;V6,6,0.8,1,0,0,0,1
1;2;8;9;11,II;III;V3;V4;V6,6,0.9,1,0,0,0,1
1;2;8;10,II;III;V3;V5,5,0.5,1,1,1,0,3
1;2;8;10,II;III;V3;V5,5,0.6,1,0,1,0,2
1;2;8;10,II;III;V3;V5,5,0.7,1,0,1,0,2
1;2;8;10,II;III;V3;V5,5,0.8,1,0,0,0,1
1;2;8;10,II;III;V3;V5,5,0.9,1,0,0,0,1
1;2;8;10;11,II;III;V3;V5;V6,6,0.5,1,1,1,0,3
1;2;8;10;11,II;III;V3;V5;V6,6,0.6,1,0,1,0,2
1;2;8;10;11,II;III;V3;V5;V6,6,0.7,1,0,1,0,2
1;2;8;10;11,II;III;V3;V5;V6,6,0.8,1,0,0,0,1
1;2;8;10;11,II;III;V3;V5;V6,6,0.9,1,0,0,0,1
1;2;8;11,II;III;V3;V6,5,0.5,1,1,1,0,3
1;2;8;11,II;III;V3;V6,5,0.6,1,0,1,0,2
1;2;8;11,II;III;V3;V6,5,0.7,1,0,1,0,2
1;2;8;11,II;III;V3;V6,5,0.8,1,0,0,0,1
1;2;8;11,II;III;V3;V6,5,0.9,1,0,0,0,1
1;2;9,II;III;V4,4,0.5,1,1,1,0,3
1;2;9,II;III;V4,4,0.6,1,0,1,0,2
1;2;9,II;III;V4,4,0.7,1,0,1,0,2
1;2;9,II;III;V4,4,0.8,1,0,1,0,2
1;2;9,II;III;V4,4,0.9,1,0,0,0,1
1;2;9;10,II;III;V4;V5,5,0.5,1,1,1,0,3
1;2;9;10,II;III;V4;V5,5,0.6,1,0,1,0,2
1;2;9;10,II;III;V4;V5,5,0.7,1,0,1,0,2
1;2;9;10,II;III;V4;V5,5,0.8,1,0,0,0,1
1;2;9;10,II;III;V4;V5,5,0.9,1,0,0,0,1
1;2;9;10;11,II;III;V4;V5;V6,6,0.5,1,1,1,0,3
1;2;9;10;11,II;III;V4;V5;V6,6,0.6,1,0,1,0,2
1;2;9;10;11,II;III;V4;V5;V6,6,0.7,1,0,1,0,2
1;2;9;10;11,II;III;V4;V5;V6,6,0.8,1,0,0,0,1
1;2;9;10;11,II;III;V4;V5;V6,6,0.9,1,0,0,0,1
1;2;9;11,II;III;V4;V6,5,0.5,1,1,1,0,3
1;2;9;11,II;III;V4;V6,5,0.6,1,0,1,0,2
1;2;9;11,II;III;V4;V6,5,0.7,1,0,1,0,2
1;2;9;11,II;III;V4;V6,5,0.8,1,0,0,0,1
1;2;9;11,II;III;V4;V6,5,0.9,1,0,0,0,1
1;2;10,II;III;V5,4,0.5,1,1,1,0,3
1;2;10,II;III;V5,4,0.6,1,1,1,0,3
1;2;10,II;III;V5,4,0.7,1,0,1,0,2
1;2;10,II;III;V5,4,0.8,1,0,0,0,1
1;2;10,II;III;V5,4,0.9,1,0,0,0,1
1;2;10;11,II;III;V5;V6,5,0.5,1,1,1,0,3
1;2;10;11,II;III;V5;V6,5,0.6,1,1,1,0,3
1;2;10;11,II;III;V5;V6,5,0.7,1,0,1,0,2
1;2;10;11,II;III;V5;V6,5,0.8,1,0,0,0,1
1;2;10;11,II;III;V5;V6,5,0.9,1,0,0,0,1
1;2;11,II;III;V6,4,0.5,1,1,1,0,3
1;2;11,II;III;V6,4,0.6,1,0,1,0,2
1;2;11,II;III;V6,4,0.7,1,0,1,0,2
1;2;11,II;III;V6,4,0.8,1,0,0,0,1
1;2;11,II;III;V6,4,0.9,1,0,0,0,1
1;3,II;aVR,3,0.5,1,1,1,0,3
1;3,II;aVR,3,0.6,1,1,1,0,3
1;3,II;aVR,3,0.7,1,0,1,0,2
1;3,II;aVR,3,0.8,1,0,1,0,2
1;3,II;aVR,3,0.9,1,0,0,0,1
1;3;4,II;aVR;aVL,3,0.5,1,1,1,0,3
1;3;4,II;aVR;aVL,3,0.6,1,1,1,0,3
1;3;4,II;aVR;aVL,3,0.7,1,0,1,0,2
1;3;4,II;aVR;aVL,3,0.8,1,0,1,0,2
1;3;4,II;aVR;aVL,3,0.9,1,0,0,0,1
1;3;4;5,II;aVR;aVL;aVF,3,0.5,1,1,1,0,3
1;3;4;5,II;aVR;aVL;aVF,3,0.6,1,1,1,0,3
1;3;4;5,II;aVR;aVL;aVF,3,0.7,1,0,1,0,2
1;3;4;5,II;aVR;aVL;aVF,3,0.8,1,0,1,0,2
1;3;4;5,II;aVR;aVL;aVF,3,0.9,1,0,0,0,1
1;3;4;5;6,II;aVR;aVL;aVF;V1,4,0.5,1,1,1,0,3
1;3;4;5;6,II;aVR;aVL;aVF;V1,4,0.6,1,0,1,0,2
1;3;4;5;6,II;aVR;aVL;aVF;V1,4,0.7,1,0,1,0,2
1;3;4;5;6,II;aVR;aVL;aVF;V1,4,0.8,1,0,1,0,2
1;3;4;5;6,II;aVR;aVL;aVF;V1,4,0.9,1,0,0,0,1
1;3;4;5;6;7,II;aVR;aVL;aVF;V1;V2,5,0.5,1,1,1,0,3
1;3;4;5;6;7,II;aVR;aVL;aVF;V1;V2,5,0.6,1,0,1,0,2
1;3;4;5;6;7,II;aVR;aVL;aVF;V1;V2,5,0.7,1,0,1,0,2
1;3;4;5;6;7,II;aVR;aVL;aVF;V1;V2,5,0.8,1,0,1,0,2
1;3;4;5;6;7,II;aVR;aVL;aVF;V1;V2,5,0.9,1,0,0,0,1
1;3;4;5;6;7;8,II;aVR;aVL;aVF;V1;V2;V3,6,0.5,1,1,1,0,3
1;3;4;5;6;7;8,II;aVR;aVL;aVF;V1;V2;V3,6,0.6,1,0,1,0,2
1;3;4;5;6;7;8,II;aVR;aVL;aVF;V1;V2;V3,6,0.7,1,0,1,0,2
1;3;4;5;6;7;8,II;aVR;aVL;aVF;V1;V2;V3,6,0.8,1,0,1,0,2
1;3;4;5;6;7;8,II;aVR;aVL;aVF;V1;V2;V3,6,0.9,1,0,0,0,1
1;3;4;5;6;7;8;9,II;aVR;aVL;aVF;V1;V2;V3;V4,7,0.5,1,1,1,0,3
1;3;4;5;6;7;8;9,II;aVR;aVL;aVF;V1;V2;V3;V4,7,0.6,1,0,1,0,2
1;3;4;5;6;7;8;9,II;aVR;aVL;aVF;V1;V2;V3;V4,7,0.7,1,0,1,0,2
1;3;4;5;6;7;8;9,II;aVR;aVL;aVF;V1;V2;V3;V4,7,0.8,1,0,1,0,2
1;3;4;5;6;7;8;9,II;aVR;aVL;aVF;V1;V2;V3;V4,7,0.9,1,0,0,0,1
1;3;4;5;6;7;8;9;10,II;aVR;aVL;aVF;V1;V2;V3;V4;V5,8,0.5,1,1,1,0,3
1;3;4;5;6;7;8;9;10,II;aVR;aVL;aVF;V1;V2;V3;V4;V5,8,0.6,1,0,1,0,2
1;3;4;5;6;7;8;9;10,II;aVR;aVL;aVF;V1;V2;V3;V4;V5,8,0.7,1,0,1,0,2
1;3;4;5;6;7;8;9;10,II;aVR;aVL;aVF;V1;V2;V3;V4;V5,8,0.8,1,0,1,0,2
1;3;4;5;6;7;8;9;10,II;aVR;aVL;aVF;V1;V2;V3;V4;V5,8,0.9,1,0,0,0,1
1;3;4;5;6;7;8;9;10;11,II;aVR;aVL;aVF;V1;V2;V3;V4;V5;V6,9,0.5,1,1,1,0,3
1;3;4;5;6;7;8;9;10;11,II;aVR;aVL;aVF;V1;V2;V3;V4;V5;V6,9,0.6,1,0,1,0,2
1;3;4;5;6;7;8;9;10;11,II;aVR;aVL;aVF;V1;V2;V3;V4;V5;V6,9,0.7,1,0,1,0,2
1;3;4;5;6;7;8;9;10;11,II;aVR;aVL;aVF;V1;V2;V3;V4;V5;V6,9,0.8,1,0,1,0,2
1;3;4;5;6;7;8;9;10;11,II;aVR;aVL;aVF;V1;V2;V3;V4;V5;V6,9,0.9,1,0,0,0,1
1;3;4;5;6;7;8;9;11,II;aVR;aVL;aVF;V1;V2;V3;V4;V6,8,0.5,1,1,1,0,3
1;3;4;5;6;7;8;9;11,II;aVR;aVL;aVF;V1;V2;V3;V4;V6,8,0.6,1,0,1,0,2
1;3;4;5;6;7;8;9;11,II;aVR;aVL;aVF;V1;V2;V3;V4;V6,8,0.7,1,0,1,0,2
1;3;4;5;6;7;8;9;11,II;aVR;aVL;aVF;V1;V2;V3;V4;V6,8,0.8,1,0,1,0,2
1;3;4;5;6;7;8;9;11,II;aVR;aVL;aVF;V1;V2;V3;V4;V6,8,0.9,1,0,0,0,1
1;3;4;5;6;7;8;10,II;aVR;aVL;aVF;V1;V2;V3;V5,7,0.5,1,1,1,0,3
1;3;4;5;6;7;8;10,II;aVR;aVL;aVF;V1;V2;V3;V5,7,0.6,1,0,1,0,2
1;3;4;5;6;7;8;10,II;aVR;aVL;aVF;V1;V2;V3;V5,7,0.7,1,0,1,0,2
1;3;4;5;6;7;8;10,II;aVR;aVL;aVF;V1;V2;V3;V5,7,0.8,1,0,1,0,2
1;3;4;5;6;7;8;10,II;aVR;aVL;aVF;V1;V2;V3;V5,7,0.9,1,0,0,0,1
1;3;4;5;6;7;8;10;11,II;aVR;aVL;aVF;V1;V2;V3;V5;V6,8,0.5,1,1,1,0,3
1;3;4;5;6;7;8;10;11,II;aVR;aVL;aVF;V1;V2;V3;V5;V6,8,0.6,1,0,1,0,2
1;3;4;5;6;7;8;10;11,II;aVR;aVL;aVF;V1;V2;V3;V5;V6,8,0.7,1,0,1,0,2
1;3;4;5;6;7;8;10;11,II;aVR;aVL;aVF;V1;V2;V3;V5;V6,8,0.8,1,0,1,0,2
1;3;4;5;6;7;8;10;11,II;aVR;aVL;aVF;V1;V2;V3;V5;V6,8,0.9,1,0,0,0,1
1;3;4;5;6;7;8;11,II;aVR;aVL;aVF;V1;V2;V3;V6,7,0.5,1,1,1,0,3
1;3;4;5;6;7;8;11,II;aVR;aVL;aVF;V1;V2;V3;V6,7,0.6,1,0,1,0,2
1;3;4;5;6;7;8;11,II;aVR;aVL;aVF;V1;V2;V3;V6,7,0.7,1,0,1,0,2
1;3;4;5;6;7;8;11,II;aVR;aVL;aVF;V1;V2;V3;V6,7,0.8,1,0,1,0,2
1;3;4;5;6;7;8;11,II;aVR;aVL;aVF;V1;V2;V3;V6,7,0.9,1,0,0,0,1
1;3;4;5;6;7;9,II;aVR;aVL;aVF;V1;V2;V4,6,0.5,1,1,1,0,3
1;3;4;5;6;7;9,II;aVR;aVL;aVF;V1;V2;V4,6,0.6,1,0,1,0,2
1;3;4;5;6;7;9,II;aVR;aVL;aVF;V1;V2;V4,6,0.7,1,0,1,0,2
1;3;4;5;6;7;9,II;aVR;aVL;aVF;V1;V2;V4,6,0.8,1,0,1,0,2
1;3;4;5;6;7;9,II;aVR;aVL;aVF;V1;V2;V4,6,0.9,1,0,0,0,1
1;3;4;5;6;7;9;10,II;aVR;aVL;aVF;V1;V2;V4;V5,7,0.5,1,1,1,0,3
1;3;4;5;6;7;9;10,II;aVR;aVL;aVF;V1;V2;V4;V5,7,0.6,1,0,1,0,2
1;3;4;5;6;7;9;10,II;aVR;aVL;aVF;V1;V2;V4;V5,7,0.7,1,0,1,0,2
1;3;4;5;6;7;9;10,II;aVR;aVL;aVF;V1;V2;V4;V5,7,0.8,1,0,1,0,2
1;3;4;5;6;7;9;10,II;aVR;aVL;aVF;V1;V2;V4;V5,7,0.9,1,0,0,0,1
1;3;4;5;6;7;9;10;11,II;aVR;aVL;aVF;V1;V2;V4;V5;V6,8,0.5,1,1,1,0,3
1;3;4;5;6;7;9;10;11,II;aVR;aVL;aVF;V1;V2;V4;V5;V6,8,0.6,1,0,1,0,2
1;3;4;5;6;7;9;10;11,II;aVR;aVL;aVF;V1;V2;V4;V5;V6,8,0.7,1,0,1,0,2
1;3;4;5;6;7;9;10;11,II;aVR;aVL;aVF;V1;V2;V4;V5;V6,8,0.8,1,0,1,0,2
1;3;4;5;6;7;9;10;11,II;aVR;aVL;aVF;V1;V2;V4;V5;V6,8,0.9,1,0,0,0,1
1;3;4;5;6;7;9;11,II;aVR;aVL;aVF;V1;V2;V4;V6,7,0.5,1,1,1,0,3
1;3;4;5;6;7;9;11,II;aVR;aVL;aVF;V1;V2;V4;V6,7,0.6,1,0,1,0,2
1;3;4;5;6;7;9;11,II;aVR;aVL;aVF;V1;V2;V4;V6,7,0.7,1,0,1,0,2
1;3;4;5;6;7;9;11,II;aVR;aVL;aVF;V1;V2;V4;V6,7,0.8,1,0,1,0,2
1;3;4;5;6;7;9;11,II;aVR;aVL;aVF;V1;V2;V4;V6,7,0.9,1,0,0,0,1
1;3;4;5;6;7;10,II;aVR;aVL;aVF;V1;V2;V5,6,0.5,1,1,1,0,3
1;3;4;5;6;7;10,II;aVR;aVL;aVF;V1;V2;V5,6,0.6,1,0,1,0,2
1;3;4;5;6;7;10,II;aVR;aVL;aVF;V1;V2;V5,6,0.7,1,0,1,0,2
1;3;4;5;6;7;10,II;aVR;aVL;aVF;V1;V2;V5,6,0.8,1,0,1,0,2
1;3;4;5;6;7;10,II;aVR;aVL;aVF;V1;V2;V5,6,0.9,1,0,0,0,1
1;3;4;5;6;7;10;11,II;aVR;aVL;aVF;V1;V2;V5;V6,7,0.5,1,1,1,0,3
1;3;4;5;6;7;10;11,II;aVR;aVL;aVF;V1;V2;V5;V6,7,0.6,1,0,1,0,2
1;3;4;5;6;7;10;11,II;aVR;aVL;aVF;V1;V2;V5;V6,7,0.7,1,0,1,0,2
1;3;4;5;6;7;10;11,II;aVR;aVL;aVF;V1;V2;V5;V6,7,0.8,1,0,1,0,2
1;3;4;5;6;7;10;11,II;aVR;aVL;aVF;V1;V2;V5;V6,7,0.9,1,0,0,0,1
1;3;4;5;6;7;11,II;aVR;aVL;aVF;V1;V2;V6,6,0.5,1,1,1,0,3
1;3;4;5;6;7;11,II;aVR;aVL;aVF;V1;V2;V6,6,0.6,1,0,1,0,2
1;3;4;5;6;7;11,II;aVR;aVL;aVF;V1;V2;V6,6,0.7,1,0,1,0,2
1;3;4;5;6;7;11,II;aVR;aVL;aVF;V1;V2;V6,6,0.8,1,0,1,0,2
1;3;4;5;6;7;11,II;aVR;aVL;aVF;V1;V2;V6,6,0.9,1,0,0,0,1
1;3;4;5;6;8,II;aVR;aVL;aVF;V1;V3,5,0.5,1,1,1,0,3
1;3;4;5;6;8,II;aVR;aVL;aVF;V1;V3,5,0.6,1,0,1,0,2
1;3;4;5;6;8,II;aVR;aVL;aVF;V1;V3,5,0.7,1,0,1,0,2
1;3;4;5;6;8,II;aVR;aVL;aVF;V1;V3,5,0.8,1,0,1,0,2
1;3;4;5;6;8,II;aVR;aVL;aVF;V1;V3,5,0.9,1,0,0,0,1
1;3;4;5;6;8;9,II;aVR;aVL;aVF;V1;V3;V4,6,0.5,1,1,1,0,3
1;3;4;5;6;8;9,II;aVR;aVL;aVF;V1;V3;V4,6,0.6,1,0,1,0,2
1;3;4;5;6;8;9,II;aVR;aVL;aVF;V1;V3;V4,6,0.7,1,0,1,0,2
1;3;4;5;6;8;9,II;aVR;aVL;aVF;V1;V3;V4,6,0.8,1,0,1,0,2
1;3;4;5;6;8;9,II;aVR;aVL;aVF;V1;V3;V4,6,0.9,1,0,0,0,1
1;3;4;5;6;8;9;10,II;aVR;aVL;aVF;V1;V3;V4;V5,7,0.5,1,1,1,0,3
1;3;4;5;6;8;9;10,II;aVR;aVL;aVF;V1;V3;V4;V5,7,0.6,1,0,1,0,2
1;3;4;5;6;8;9;10,II;aVR;aVL;aVF;V1;V3;V4;V5,7,0.7,1,0,1,0,2
1;3;4;5;6;8;9;10,II;aVR;aVL;aVF;V1;V3;V4;V5,7,0.8,1,0,1,0,2
1;3;4;5;6;8;9;10,II;aVR;aVL;aVF;V1;V3;V4;V5,7,0.9,1,0,0,0,1
1;3;4;5;6;8;9;10;11,II;aVR;aVL;aVF;V1;V3;V4;V5;V6,8,0.5,1,1,1,0,3
1;3;4;5;6;8;9;10;11,II;aVR;aVL;aVF;V1;V3;V4;V5;V6,8,0.6,1,0,1,0,2
1;3;4;5;6;8;9;10;11,II;aVR;aVL;aVF;V1;V3;V4;V5;V6,8,0.7,1,0,1,0,2
1;3;4;5;6;8;9;10;11,II;aVR;aVL;aVF;V1;V3;V4;V5;V6,8,0.8,1,0,1,0,2
1;3;4;5;6;8;9;10;11,II;aVR;aVL;aVF;V1;V3;V4;V5;V6,8,0.9,1,0,0,0,1
1;3;4;5;6;8;9;11,II;aVR;aVL;aVF;V1;V3;V4;V6,7,0.5,1,1,1,0,3
1;3;4;5;6;8;9;11,II;aVR;aVL;aVF;V1;V3;V4;V6,7,0.6,1,0,1,0,2
1;3;4;5;6;8;9;11,II;aVR;aVL;aVF;V1;V3;V4;V6,7,0.7,1,0,1,0,2
1;3;4;5;6;8;9;11,II;aVR;aVL;aVF;V1;V3;V4;V6,7,0.8,1,0,1,0,2
1;3;4;5;6;8;9;11,II;aVR;aVL;aVF;V1;V3;V4;V6,7,0.9,1,0,0,0,1
1;3;4;5;6;8;10,II;aVR;aVL;aVF;V1;V3;V5,6,0.5,1,1,1,0,3
1;3;4;5;6;8;10,II;aVR;aVL;aVF;V1;V3;V5,6,0.6,1,0,1,0,2
1;3;4;5;6;8;10,II;aVR;aVL;aVF;V1;V3;V5,6,0.7,1,0,1,0,2
1;3;4;5;6;8;10,II;aVR;aVL;aVF;V1;V3;V5,6,0.8,1,0,1,0,2
1;3;4;5;6;8;10,II;aVR;aVL;aVF;V1;V3;V5,6,0.9,1,0,0,0,1
1;3;4;5;6;8;10;11,II;aVR;aVL;aVF;V1;V3;V5;V6,7,0.5,1,1,1,0,3
1;3;4;5;6;8;10;11,II;aVR;aVL;aVF;V1;V3;V5;V6,7,0.6,1,0,1,0,2
1;3;4;5;6;8;10;11,II;aVR;aVL;aVF;V1;V3;V5;V6,7,0.7,1,0,1,0,2
1;3;4;5;6;8;10;11,II;aVR;aVL;aVF;V1;V3;V5;V6,7,0.8,1,0,1,0,2
1;3;4;5;6;8;10;11,II;aVR;aVL;aVF;V1;V3;V5;V6,7,0.9,1,0,0,0,1
1;3;4;5;6;8;11,II;aVR;aVL;aVF;V1;V3;V6,6,0.5,1,1,1,0,3
1;3;4;5;6;8;11,II;aVR;aVL;aVF;V1;V3;V6,6,0.6,1,0,1,0,2
1;3;4;5;6;8;11,II;aVR;aVL;aVF;V1;V3;V6,6,0.7,1,0,1,0,2
1;3;4;5;6;8;11,II;aVR;aVL;aVF;V1;V3;V6,6,0.8,1,0,1,0,2
1;3;4;5;6;8;11,II;aVR;aVL;aVF;V1;V3;V6,6,0.9,1,0,0,0,1
1;3;4;5;6;9,II;aVR;aVL;aVF;V1;V4,5,0.5,1,1,1,0,3
1;3;4;5;6;9,II;aVR;aVL;aVF;V1;V4,5,0.6,1,0,1,0,2
1;3;4;5;6;9,II;aVR;aVL;aVF;V1;V4,5,0.7,1,0,1,0,2
1;3;4;5;6;9,II;aVR;aVL;aVF;V1;V4,5,0.8,1,0,1,0,2
1;3;4;5;6;9,II;aVR;aVL;aVF;V1;V4,5,0.9,1,0,0,0,1
1;3;4;5;6;9;10,II;aVR;aVL;aVF;V1;V4;V5,6,0.5,1,1,1,0,3
1;3;4;5;6;9;10,II;aVR;aVL;aVF;V1;V4;V5,6,0.6,1,0,1,0,2
1;3;4;5;6;9;10,II;aVR;aVL;aVF;V1;V4;V5,6,0.7,1,0,1,0,2
1;3;4;5;6;9;10,II;aVR;aVL;aVF;V1;V4;V5,6,0.8,1,0,1,0,2
1;3;4;5;6;9;10,II;aVR;aVL;aVF;V1;V4;V5,6,0.9,1,0,0,0,1
1;3;4;5;6;9;10;11,II;aVR;aVL;aVF;V1;V4;V5;V6,7,0.5,1,1,1,0,3
1;3;4;5;6;9;10;11,II;aVR;aVL;aVF;V1;V4;V5;V6,7,0.6,1,0,1,0,2
1;3;4;5;6;9;10;11,II;aVR;aVL;aVF;V1;V4;V5;V6,7,0.7,1,0,1,0,2
1;3;4;5;6;9;10;11,II;aVR;aVL;aVF;V1;V4;V5;V6,7,0.8,1,0,1,0,2
1;3;4;5;6;9;10;11,II;aVR;aVL;aVF;V1;V4;V5;V6,7,0.9,1,0,0,0,1
1;3;4;5;6;9;11,II;aVR;aVL;aVF;V1;V4;V6,6,0.5,1,1,1,0,3
1;3;4;5;6;9;11,II;aVR;aVL;aVF;V1;V4;V6,6,0.6,1,0,1,0,2
1;3;4;5;6;9;11,II;aVR;aVL;aVF;V1;V4;V6,6,0.7,1,0,1,0,2
1;3;4;5;6;9;11,II;aVR;aVL;aVF;V1;V4;V6,6,0.8,1,0,1,0,2
1;3;4;5;6;9;11,II;aVR;aVL;aVF;V1;V4;V6,6,0.9,1,0,0,0,1
1;3;4;5;6;10,II;aVR;aVL;aVF;V1;V5,5,0.5,1,1,1,0,3
1;3;4;5;6;10,II;aVR;aVL;aVF;V1;V5,5,0.6,1,0,1,0,2
1;3;4;5;6;10,II;aVR;aVL;aVF;V1;V5,5,0.7,1,0,1,0,2
1;3;4;5;6;10,II;aVR;aVL;aVF;V1;V5,5,0.8,1,0,1,0,2
1;3;4;5;6;10,II;aVR;aVL;aVF;V1;V5,5,0.9,1,0,0,0,1
1;3;4;5;6;10;11,II;aVR;aVL;aVF;V1;V5;V6,6,0.5,1,1,1,0,3
1;3;4;5;6;10;11,II;aVR;aVL;aVF;V1;V5;V6,6,0.6,1,0,1,0,2
1;3;4;5;6;10;11,II;aVR;aVL;aVF;V1;V5;V6,6,0.7,1,0,1,0,2
1;3;4;5;6;10;11,II;aVR;aVL;aVF;V1;V5;V6,6,0.8,1,0,1,0,2
1;3;4;5;6;10;11,II;aVR;aVL;aVF;V1;V5;V6,6,0.9,1,0,0,0,1
1;3;4;5;6;11,II;aVR;aVL;aVF;V1;V6,5,0.5,1,1,1,0,3
1;3;4;5;6;11,II;aVR;aVL;aVF;V1;V6,5,0.6,1,1,1,0,3
1;3;4;5;6;11,II;aVR;aVL;aVF;V1;V6,5,0.7,1,0,1,0,2
1;3;4;5;6;11,II;aVR;aVL;aVF;V1;V6,5,0.8,1,0,1,0,2
1;3;4;5;6;11,II;aVR;aVL;aVF;V1;V6,5,0.9,1,0,0,0,1
1;3;4;5;7,II;aVR;aVL;aVF;V2,4,0.5,1,1,1,0,3
1;3;4;5;7,II;aVR;aVL;aVF;V2,4,0.6,1,0,1,0,2
1;3;4;5;7,II;aVR;aVL;aVF;V2,4,0.7,1,0,1,0,2
1;3;4;5;7,II;aVR;aVL;aVF;V2,4,0.8,1,0,1,0,2
1;3;4;5;7,II;aVR;aVL;aVF;V2,4,0.9,1,0,0,0,1
1;3;4;5;7;8,II;aVR;aVL;aVF;V2;V3,5,0.5,1,1,1,0,3
1;3;4;5;7;8,II;aVR;aVL;aVF;V2;V3,5,0.6,1,0,1,0,2
1;3;4;5;7;8,II;aVR;aVL;aVF;V2;V3,5,0.7,1,0,1,0,2
1;3;4;5;7;8,II;aVR;aVL;aVF;V2;V3,5,0.8,1,0,1,0,2
1;3;4;5;7;8,II;aVR;aVL;aVF;V2;V3,5,0.9,1,0,0,0,1
1;3;4;5;7;8;9,II;aVR;aVL;aVF;V2;V3;V4,6,0.5,1,1,1,0,3
1;3;4;5;7;8;9,II;aVR;aVL;aVF;V2;V3;V4,6,0.6,1,1,1,0,3
1;3;4;5;7;8;9,II;aVR;aVL;aVF;V2;V3;V4,6,0.7,1,0,1,0,2
1;3;4;5;7;8;9,II;aVR;aVL;aVF;V2;V3;V4,6,0.8,1,0,1,0,2
1;3;4;5;7;8;9,II;aVR;aVL;aVF;V2;V3;V4,6,0.9,1,0,0,0,1
1;3;4;5;7;8;9;10,II;aVR;aVL;aVF;V2;V3;V4;V5,7,0.5,1,1,1,0,3
1;3;4;5;7;8;9;10,II;aVR;aVL;aVF;V2;V3;V4;V5,7,0.6,1,0,1,0,2
1;3;4;5;7;8;9;10,II;aVR;aVL;aVF;V2;V3;V4;V5,7,0.7,1,0,1,0,2
1;3;4;5;7;8;9;10,II;aVR;aVL;aVF;V2;V3;V4;V5,7,0.8,1,0,1,0,2
1;3;4;5;7;8;9;10,II;aVR;aVL;aVF;V2;V3;V4;V5,7,0.9,1,0,0,0,1
1;3;4;5;7;8;9;10;11,II;aVR;aVL;aVF;V2;V3;V4;V5;V6,8,0.5,1,1,1,0,3
1;3;4;5;7;8;9;10;11,II;aVR;aVL;aVF;V2;V3;V4;V5;V6,8,0.6,1,1,1,0,3
1;3;4;5;7;8;9;10;11,II;aVR;aVL;aVF;V2;V3;V4;V5;V6,8,0.7,1,0,1,0,2
1;3;4;5;7;8;9;10;11,II;aVR;aVL;aVF;V2;V3;V4;V5;V6,8,0.8,1,0,0,0,1
1;3;4;5;7;8;9;10;11,II;aVR;aVL;aVF;V2;V3;V4;V5;V6,8,0.9,1,0,0,0,1
1;3;4;5;7;8;9;11,II;aVR;aVL;aVF;V2;V3;V4;V6,7,0.5,1,1,1,0,3
1;3;4;5;7;8;9;11,II;aVR;aVL;aVF;V2;V3;V4;V6,7,0.6,1,0,1,0,2
1;3;4;5;7;8;9;11,II;aVR;aVL;aVF;V2;V3;V4;V6,7,0.7,1,0,1,0,2
1;3;4;5;7;8;9;11,II;aVR;aVL;aVF;V2;V3;V4;V6,7,0.8,1,0,0,0,1
1;3;4;5;7;8;9;11,II;aVR;aVL;aVF;V2;V3;V4;V6,7,0.9,1,0,0,0,1
1;3;4;5;7;8;10,II;aVR;aVL;aVF;V2;V3;V5,6,0.5,1,1,1,0,3
1;3;4;5;7;8;10,II;aVR;aVL;aVF;V2;V3;V5,6,0.6,1,0,1,0,2
1;3;4;5;7;8;10,II;aVR;aVL;aVF;V2;V3;V5,6,0.7,1,0,1,0,2
1;3;4;5;7;8;10,II;aVR;aVL;aVF;V2;V3;V5,6,0.8,1,0,0,0,1
1;3;4;5;7;8;10,II;aVR;aVL;aVF;V2;V3;V5,6,0.9,1,0,0,0,1
1;3;4;5;7;8;10;11,II;aVR;aVL;aVF;V2;V3;V5;V6,7,0.5,1,1,1,0,3
1;3;4;5;7;8;10;11,II;aVR;aVL;aVF;V2;V3;V5;V6,7,0.6,1,0,1,0,2
1;3;4;5;7;8;10;11,II;aVR;aVL;aVF;V2;V3;V5;V6,7,0.7,1,0,1,0,2
1;3;4;5;7;8;10;11,II;aVR;aVL;aVF;V2;V3;V5;V6,7,0.8,1,0,0,0,1
1;3;4;5;7;8;10;11,II;aVR;aVL;aVF;V2;V3;V5;V6,7,0.9,1,0,0,0,1
1;3;4;5;7;8;11,II;aVR;aVL;aVF;V2;V3;V6,6,0.5,1,1,1,0,3
1;3;4;5;7;8;11,II;aVR;aVL;aVF;V2;V3;V6,6,0.6,1,0,1,0,2
1;3;4;5;7;8;11,II;aVR;aVL;aVF;V2;V3;V6,6,0.7,1,0,1,0,2
1;3;4;5;7;8;11,II;aVR;aVL;aVF;V2;V3;V6,6,0.8,1,0,0,0,1
1;3;4;5;7;8;11,II;aVR;aVL;aVF;V2;V3;V6,6,0.9,1,0,0,0,1
1;3;4;5;7;9,II;aVR;aVL;aVF;V2;V4,5,0.5,1,1,1,0,3
1;3;4;5;7;9,II;aVR;aVL;aVF;V2;V4,5,0.6,1,1,1,0,3
1;3;4;5;7;9,II;aVR;aVL;aVF;V2;V4,5,0.7,1,0,1,0,2
1;3;4;5;7;9,II;aVR;aVL;aVF;V2;V4,5,0.8,1,0,1,0,2
1;3;4;5;7;9,II;aVR;aVL;aVF;V2;V4,5,0.9,1,0,0,0,1
1;3;4;5;7;9;10,II;aVR;aVL;aVF;V2;V4;V5,6,0.5,1,1,1,0,3
1;3;4;5;7;9;10,II;aVR;aVL;aVF;V2;V4;V5,6,0.6,1,0,1,0,2
1;3;4;5;7;9;10,II;aVR;aVL;aVF;V2;V4;V5,6,0.7,1,0,1,0,2
1;3;4;5;7;9;10,II;aVR;aVL;aVF;V2;V4;V5,6,0.8,1,0,1,0,2
1;3;4;5;7;9;10,II;aVR;aVL;aVF;V2;V4;V5,6,0.9,1,0,0,0,1
1;3;4;5;7;9;10;11,II;aVR;aVL;aVF;V2;V4;V5;V6,7,0.5,1,1,1,0,3
1;3;4;5;7;9;10;11,II;aVR;aVL;aVF;V2;V4;V5;V6,7,0.6,1,0,1,0,2
1;3;4;5;7;9;10;11,II;aVR;aVL;aVF;V2;V4;V5;V6,7,0.7,1,0,1,0,2
1;3;4;5;7;9;10;11,II;aVR;aVL;aVF;V2;V4;V5;V6,7,0.8,1,0,0,0,1
1;3;4;5;7;9;10;11,II;aVR;aVL;aVF;V2;V4;V5;V6,7,0.9,1,0,0,0,1
1;3;4;5;7;9;11,II;aVR;aVL;aVF;V2;V4;V6,6,0.5,1,1,1,0,3
1;3;4;5;7;9;11,II;aVR;aVL;aVF;V2;V4;V6,6,0.6,1,0,1,0,2
1;3;4;5;7;9;11,II;aVR;aVL;aVF;V2;V4;V6,6,0.7,1,0,1,0,2
1;3;4;5;7;9;11,II;aVR;aVL;aVF;V2;V4;V6,6,0.8,1,0,0,0,1
1;3;4;5;7;9;11,II;aVR;aVL;aVF;V2;V4;V6,6,0.9,1,0,0,0,1
1;3;4;5;7;10,II;aVR;aVL;aVF;V2;V5,5,0.5,1,1,1,0,3
1;3;4;5;7;10,II;aVR;aVL;aVF;V2;V5,5,0.6,1,0,1,0,2
1;3;4;5;7;10,II;aVR;aVL;aVF;V2;V5,5,0.7,1,0,1,0,2
1;3;4;5;7;10,II;aVR;aVL;aVF;V2;V5,5,0.8,1,0,1,0,2
1;3;4;5;7;10,II;aVR;aVL;aVF;V2;V5,5,0.9,1,0,0,0,1
1;3;4;5;7;10;11,II;aVR;aVL;aVF;V2;V5;V6,6,0.5,1,1,1,0,3
1;3;4;5;7;10;11,II;aVR;aVL;aVF;V2;V5;V6,6,0.6,1,0,1,0,2
1;3;4;5;7;10;11,II;aVR;aVL;aVF;V2;V5;V6,6,0.7,1,0,1,0,2
1;3;4;5;7;10;11,II;aVR;aVL;aVF;V2;V5;V6,6,0.8,1,0,0,0,1
1;3;4;5;7;10;11,II;aVR;aVL;aVF;V2;V5;V6,6,0.9,1,0,0,0,1
1;3;4;5;7;11,II;aVR;aVL;aVF;V2;V6,5,0.5,1,1,1,0,3
1;3;4;5;7;11,II;aVR;aVL;aVF;V2;V6,5,0.6,1,0,1,0,2
1;3;4;5;7;11,II;aVR;aVL;aVF;V2;V6,5,0.7,1,0,1,0,2
1;3;4;5;7;11,II;aVR;aVL;aVF;V2;V6,5,0.8,1,0,1,0,2
1;3;4;5;7;11,II;aVR;aVL;aVF;V2;V6,5,0.9,1,0,0,0,1
1;3;4;5;8,II;aVR;aVL;aVF;V3,4,0.5,1,1,1,0,3
1;3;4;5;8,II;aVR;aVL;aVF;V3,4,0.6,1,0,1,0,2
1;3;4;5;8,II;aVR;aVL;aVF;V3,4,0.7,1,0,1,0,2
1;3;4;5;8,II;aVR;aVL;aVF;V3,4,0.8,1,0,0,0,1
1;3;4;5;8,II;aVR;aVL;aVF;V3,4,0.9,1,0,0,0,1
1;3;4;5;8;9,II;aVR;aVL;aVF;V3;V4,5,0.5,1,1,1,0,3
1;3;4;5;8;9,II;aVR;aVL;aVF;V3;V4,5,0.6,1,1,1,0,3
1;3;4;5;8;9,II;aVR;aVL;aVF;V3;V4,5,0.7,1,0,1,0,2
1;3;4;5;8;9,II;aVR;aVL;aVF;V3;V4,5,0.8,1,0,1,0,2
1;3;4;5;8;9,II;aVR;aVL;aVF;V3;V4,5,0.9,1,0,0,0,1
1;3;4;5;8;9;10,II;aVR;aVL;aVF;V3;V4;V5,6,0.5,1,1,1,0,3
1;3;4;5;8;9;10,II;aVR;aVL;aVF;V3;V4;V5,6,0.6,1,0,1,0,2
1;3;4;5;8;9;10,II;aVR;aVL;aVF;V3;V4;V5,6,0.7,1,0,1,0,2
1;3;4;5;8;9;10,II;aVR;aVL;aVF;V3;V4;V5,6,0.8,1,0,0,0,1
1;3;4;5;8;9;10,II;aVR;aVL;aVF;V3;V4;V5,6,0.9,1,0,0,0,1
1;3;4;5;8;9;10;11,II;aVR;aVL;aVF;V3;V4;V5;V6,7,0.5,1,1,1,0,3
1;3;4;5;8;9;10;11,II;aVR;aVL;aVF;V3;V4;V5;V6,7,0.6,1,0,1,0,2
1;3;4;5;8;9;10;11,II;aVR;aVL;aVF;V3;V4;V5;V6,7,0.7,1,0,1,0,2
1;3;4;5;8;9;10;11,II;aVR;aVL;aVF;V3;V4;V5;V6,7,0.8,1,0,0,0,1
1;3;4;5;8;9;10;11,II;aVR;aVL;aVF;V3;V4;V5;V6,7,0.9,1,0,0,0,1
1;3;4;5;8;9;11,II;aVR;aVL;aVF;V3;V4;V6,6,0.5,1,1,1,0,3
1;3;4;5;8;9;11,II;aVR;aVL;aVF;V3;V4;V6,6,0.6,1,0,1,0,2
1;3;4;5;8;9;11,II;aVR;aVL;aVF;V3;V4;V6,6,0.7,1,0,1,0,2
1;3;4;5;8;9;11,II;aVR;aVL;aVF;V3;V4;V6,6,0.8,1,0,0,0,1
1;3;4;5;8;9;11,II;aVR;aVL;aVF;V3;V4;V6,6,0.9,1,0,0,0,1
1;3;4;5;8;10,II;aVR;aVL;aVF;V3;V5,5,0.5,1,1,1,0,3
1;3;4;5;8;10,II;aVR;aVL;aVF;V3;V5,5,0.6,1,0,1,0,2
1;3;4;5;8;10,II;aVR;aVL;aVF;V3;V5,5,0.7,1,0,1,0,2
1;3;4;5;8;10,II;aVR;aVL;aVF;V3;V5,5,0.8,1,0,0,0,1
1;3;4;5;8;10,II;aVR;aVL;aVF;V3;V5,5,0.9,1,0,0,0,1
1;3;4;5;8;10;11,II;aVR;aVL;aVF;V3;V5;V6,6,0.5,1,1,1,0,3
1;3;4;5;8;10;11,II;aVR;aVL;aVF;V3;V5;V6,6,0.6,1,0,1,0,2
1;3;4;5;8;10;11,II;aVR;aVL;aVF;V3;V5;V6,6,0.7,1,0,1,0,2
1;3;4;5;8;10;11,II;aVR;aVL;aVF;V3;V5;V6,6,0.8,1,0,0,0,1
1;3;4;5;8;10;11,II;aVR;aVL;aVF;V3;V5;V6,6,0.9,1,0,0,0,1
1;3;4;5;8;11,II;aVR;aVL;aVF;V3;V6,5,0.5,1,1,1,0,3
1;3;4;5;8;11,II;aVR;aVL;aVF;V3;V6,5,0.6,1,0,1,0,2
1;3;4;5;8;11,II;aVR;aVL;aVF;V3;V6,5,0.7,1,0,1,0,2
1;3;4;5;8;11,II;aVR;aVL;aVF;V3;V6,5,0.8,1,0,0,0,1
1;3;4;5;8;11,II;aVR;aVL;aVF;V3;V6,5,0.9,1,0,0,0,1
1;3;4;5;9,II;aVR;aVL;aVF;V4,4,0.5,1,1,1,0,3
1;3;4;5;9,II;aVR;aVL;aVF;V4,4,0.6,1,1,1,0,3
1;3;4;5;9,II;aVR;aVL;aVF;V4,4,0.7,1,0,1,0,2
1;3;4;5;9,II;aVR;aVL;aVF;V4,4,0.8,1,0,1,0,2
1;3;4;5;9,II;aVR;aVL;aVF;V4,4,0.9,1,0,0,0,1
1;3;4;5;9;10,II;aVR;aVL;aVF;V4;V5,5,0.5,1,1,1,0,3
1;3;4;5;9;10,II;aVR;aVL;aVF;V4;V5,5,0.6,1,0,1,0,2
1;3;4;5;9;10,II;aVR;aVL;aVF;V4;V5,5,0.7,1,0,1,0,2
1;3;4;5;9;10,II;aVR;aVL;aVF;V4;V5,5,0.8,1,0,0,0,1
1;3;4;5;9;10,II;aVR;aVL;aVF;V4;V5,5,0.9,1,0,0,0,1
1;3;4;5;9;10;11,II;aVR;aVL;aVF;V4;V5;V6,6,0.5,1,1,1,0,3
1;3;4;5;9;10;11,II;aVR;aVL;aVF;V4;V5;V6,6,0.6,1,0,1,0,2
1;3;4;5;9;10;11,II;aVR;aVL;aVF;V4;V5;V6,6,0.7,1,0,1,0,2
1;3;4;5;9;10;11,II;aVR;aVL;aVF;V4;V5;V6,6,0.8,1,0,0,0,1
1;3;4;5;9;10;11,II;aVR;aVL;aVF;V4;V5;V6,6,0.9,1,0,0,0,1
1;3;4;5;9;11,II;aVR;aVL;aVF;V4;V6,5,0.5,1,1,1,0,3
1;3;4;5;9;11,II;aVR;aVL;aVF;V4;V6,5,0.6,1,0,1,0,2
1;3;4;5;9;11,II;aVR;aVL;aVF;V4;V6,5,0.7,1,0,1,0,2
1;3;4;5;9;11,II;aVR;aVL;aVF;V4;V6,5,0.8,1,0,1,0,2
1;3;4;5;9;11,II;aVR;aVL;aVF;V4;V6,5,0.9,1,0,0,0,1
1;3;4;5;10,II;aVR;aVL;aVF;V5,4,0.5,1,1,1,0,3
1;3;4;5;10,II;aVR;aVL;aVF;V5,4,0.6,1,0,1,0,2
1;3;4;5;10,II;aVR;aVL;aVF;V5,4,0.7,1,0,1,0,2
1;3;4;5;10,II;aVR;aVL;aVF;V5,4,0.8,1,0,0,0,1
1;3;4;5;10,II;aVR;aVL;aVF;V5,4,0.9,1,0,0,0,1
1;3;4;5;10;11,II;aVR;aVL;aVF;V5;V6,5,0.5,1,1,1,0,3
1;3;4;5;10;11,II;aVR;aVL;aVF;V5;V6,5,0.6,1,1,1,0,3
1;3;4;5;10;11,II;aVR;aVL;aVF;V5;V6,5,0.7,1,0,1,0,2
1;3;4;5;10;11,II;aVR;aVL;aVF;V5;V6,5,0.8,1,0,0,0,1
1;3;4;5;10;11,II;aVR;aVL;aVF;V5;V6,5,0.9,1,0,0,0,1
1;3;4;5;11,II;aVR;aVL;aVF;V6,4,0.5,1,1,1,0,3
1;3;4;5;11,II;aVR;aVL;aVF;V6,4,0.6,1,0,1,0,2
1;3;4;5;11,II;aVR;aVL;aVF;V6,4,0.7,1,0,1,0,2
1;3;4;5;11,II;aVR;aVL;aVF;V6,4,0.8,1,0,0,0,1
1;3;4;5;11,II;aVR;aVL;aVF;V6,4,0.9,1,0,0,0,1
1;3;4;6,II;aVR;aVL;V1,4,0.5,1,1,1,0,3
1;3;4;6,II;aVR;aVL;V1,4,0.6,1,1,1,0,3
1;3;4;6,II;aVR;aVL;V1,4,0.7,1,0,1,0,2
1;3;4;6,II;aVR;aVL;V1,4,0.8,1,0,1,0,2
1;3;4;6,II;aVR;aVL;V1,4,0.9,1,0,0,0,1
1;3;4;6;7,II;aVR;aVL;V1;V2,5,0.5,1,1,1,0,3
1;3;4;6;7,II;aVR;aVL;V1;V2,5,0.6,1,0,1,0,2
1;3;4;6;7,II;aVR;aVL;V1;V2,5,0.7,1,0,1,0,2
1;3;4;6;7,II;aVR;aVL;V1;V2,5,0.8,1,0,1,0,2
1;3;4;6;7,II;aVR;aVL;V1;V2,5,0.9,1,0,0,0,1
1;3;4;6;7;8,II;aVR;aVL;V1;V2;V3,6,0.5,1,1,1,0,3
1;3;4;6;7;8,II;aVR;aVL;V1;V2;V3,6,0.6,1,0,1,0,2
1;3;4;6;7;8,II;aVR;aVL;V1;V2;V3,6,0.7,1,0,1,0,2
1;3;4;6;7;8,II;aVR;aVL;V1;V2;V3,6,0.8,1,0,1,0,2
1;3;4;6;7;8,II;aVR;aVL;V1;V2;V3,6,0.9,1,0,0,0,1
1;3;4;6;7;8;9,II;aVR;aVL;V1;V2;V3;V4,7,0.5,1,1,1,0,3
1;3;4;6;7;8;9,II;aVR;aVL;V1;V2;V3;V4,7,0.6,1,0,1,0,2
1;3;4;6;7;8;9,II;aVR;aVL;V1;V2;V3;V4,7,0.7,1,0,1,0,2
1;3;4;6;7;8;9,II;aVR;aVL;V1;V2;V3;V4,7,0.8,1,0,1,0,2
1;3;4;6;7;8;9,II;aVR;aVL;V1;V2;V3;V4,7,0.9,1,0,0,0,1
1;3;4;6;7;8;9;10,II;aVR;aVL;V1;V2;V3;V4;V5,8,0.5,1,1,1,0,3
1;3;4;6;7;8;9;10,II;aVR;aVL;V1;V2;V3;V4;V5,8,0.6,1,0,1,0,2
1;3;4;6;7;8;9;10,II;aVR;aVL;V1;V2;V3;V4;V5,8,0.7,1,0,1,0,2
1;3;4;6;7;8;9;10,II;aVR;aVL;V1;V2;V3;V4;V5,8,0.8,1,0,1,0,2
1;3;4;6;7;8;9;10,II;aVR;aVL;V1;V2;V3;V4;V5,8,0.9,1,0,0,0,1
1;3;4;6;7;8;9;10;11,II;aVR;aVL;V1;V2;V3;V4;V5;V6,9,0.5,1,1,1,0,3
1;3;4;6;7;8;9;10;11,II;aVR;aVL;V1;V2;V3;V4;V5;V6,9,0.6,1,0,1,0,2
1;3;4;6;7;8;9;10;11,II;aVR;aVL;V1;V2;V3;V4;V5;V6,9,0.7,1,0,1,0,2
1;3;4;6;7;8;9;10;11,II;aVR;aVL;V1;V2;V3;V4;V5;V6,9,0.8,1,0,1,0,2
1;3;4;6;7;8;9;10;11,II;aVR;aVL;V1;V2;V3;V4;V5;V6,9,0.9,1,0,0,0,1
1;3;4;6;7;8;9;11,II;aVR;aVL;V1;V2;V3;V4;V6,8,0.5,1,1,1,0,3
1;3;4;6;7;8;9;11,II;aVR;aVL;V1;V2;V3;V4;V6,8,0.6,1,0,1,0,2
1;3;4;6;7;8;9;11,II;aVR;aVL;V1;V2;V3;V4;V6,8,0.7,1,0,1,0,2
1;3;4;6;7;8;9;11,II;aVR;aVL;V1;V2;V3;V4;V6,8,0.8,1,0,1,0,2
1;3;4;6;7;8;9;11,II;aVR;aVL;V1;V2;V3;V4;V6,8,0.9,1,0,0,0,1
1;3;4;6;7;8;10,II;aVR;aVL;V1;V2;V3;V5,7,0.5,1,1,1,0,3
1;3;4;6;7;8;10,II;aVR;aVL;V1;V2;V3;V5,7,0.6,1,0,1,0,2
1;3;4;6;7;8;10,II;aVR;aVL;V1;V2;V3;V5,7,0.7,1,0,1,0,2
1;3;4;6;7;8;10,II;aVR;aVL;V1;V2;V3;V5,7,0.8,1,0,1,0,2
1;3;4;6;7;8;10,II;aVR;aVL;V1;V2;V3;V5,7,0.9,1,0,0,0,1
1;3;4;6;7;8;10;11,II;aVR;aVL;V1;V2;V3;V5;V6,8,0.5,1,1,1,0,3
1;3;4;6;7;8;10;11,II;aVR;aVL;V1;V2;V3;V5;V6,8,0.6,1,0,1,0,2
1;3;4;6;7;8;10;11,II;aVR;aVL;V1;V2;V3;V5;V6,8,0.7,1,0,1,0,2
1;3;4;6;7;8;10;11,II;aVR;aVL;V1;V2;V3;V5;V6,8,0.8,1,0,1,0,2
1;3;4;6;7;8;10;11,II;aVR;aVL;V1;V2;V3;V5;V6,8,0.9,1,0,0,0,1
1;3;4;6;7;8;11,II;aVR;aVL;V1;V2;V3;V6,7,0.5,1,1,1,0,3
1;3;4;6;7;8;11,II;aVR;aVL;V1;V2;V3;V6,7,0.6,1,0,1,0,2
1;3;4;6;7;8;11,II;aVR;aVL;V1;V2;V3;V6,7,0.7,1,0,1,0,2
1;3;4;6;7;8;11,II;aVR;aVL;V1;V2;V3;V6,7,0.8,1,0,1,0,2
1;3;4;6;7;8;11,II;aVR;aVL;V1;V2;V3;V6,7,0.9,1,0,0,0,1
1;3;4;6;7;9,II;aVR;aVL;V1;V2;V4,6,0.5,1,1,1,0,3
1;3;4;6;7;9,II;aVR;aVL;V1;V2;V4,6,0.6,1,0,1,0,2
1;3;4;6;7;9,II;aVR;aVL;V1;V2;V4,6,0.7,1,0,1,0,2
1;3;4;6;7;9,II;aVR;aVL;V1;V2;V4,6,0.8,1,0,1,0,2
1;3;4;6;7;9,II;aVR;aVL;V1;V2;V4,6,0.9,1,0,0,0,1
1;3;4;6;7;9;10,II;aVR;aVL;V1;V2;V4;V5,7,0.5,1,1,1,0,3
1;3;4;6;7;9;10,II;aVR;aVL;V1;V2;V4;V5,7,0.6,1,0,1,0,2
1;3;4;6;7;9;10,II;aVR;aVL;V1;V2;V4;V5,7,0.7,1,0,1,0,2
1;3;4;6;7;9;10,II;aVR;aVL;V1;V2;V4;V5,7,0.8,1,0,1,0,2
1;3;4;6;7;9;10,II;aVR;aVL;V1;V2;V4;V5,7,0.9,1,0,0,0,1
1;3;4;6;7;9;10;11,II;aVR;aVL;V1;V2;V4;V5;V6,8,0.5,1,1,1,0,3
1;3;4;6;7;9;10;11,II;aVR;aVL;V1;V2;V4;V5;V6,8,0.6,1,0,1,0,2
1;3;4;6;7;9;10;11,II;aVR;aVL;V1;V2;V4;V5;V6,8,0.7,1,0,1,0,2
1;3;4;6;7;9;10;11,II;aVR;aVL;V1;V2;V4;V5;V6,8,0.8,1,0,1,0,2
1;3;4;6;7;9;10;11,II;aVR;aVL;V1;V2;V4;V5;V6,8,0.9,1,0,0,0,1
1;3;4;6;7;9;11,II;aVR;aVL;V1;V2;V4;V6,7,0.5,1,1,1,0,3
1;3;4;6;7;9;11,II;aVR;aVL;V1;V2;V4;V6,7,0.6,1,0,1,0,2
1;3;4;6;7;9;11,II;aVR;aVL;V1;V2;V4;V6,7,0.7,1,0,1,0,2
1;3;4;6;7;9;11,II;aVR;aVL;V1;V2;V4;V6,7,0.8,1,0,1,0,2
1;3;4;6;7;9;11,II;aVR;aVL;V1;V2;V4;V6,7,0.9,1,0,0,0,1
1;3;4;6;7;10,II;aVR;aVL;V1;V2;V5,6,0.5,1,1,1,0,3
1;3;4;6;7;10,II;aVR;aVL;V1;V2;V5,6,0.6,1,0,1,0,2
1;3;4;6;7;10,II;aVR;aVL;V1;V2;V5,6,0.7,1,0,1,0,2
1;3;4;6;7;10,II;aVR;aVL;V1;V2;V5,6,0.8,1,0,1,0,2
1;3;4;6;7;10,II;aVR;aVL;V1;V2;V5,6,0.9,1,0,0,0,1
1;3;4;6;7;10;11,II;aVR;aVL;V1;V2;V5;V6,7,0.5,1,1,1,0,3
1;3;4;6;7;10;11,II;aVR;aVL;V1;V2;V5;V6,7,0.6,1,0,1,0,2
1;3;4;6;7;10;11,II;aVR;aVL;V1;V2;V5;V6,7,0.7,1,0,1,0,2
1;3;4;6;7;10;11,II;aVR;aVL;V1;V2;V5;V6,7,0.8,1,0,1,0,2
1;3;4;6;7;10;11,II;aVR;aVL;V1;V2;V5;V6,7,0.9,1,0,0,0,1
1;3;4;6;7;11,II;aVR;aVL;V1;V2;V6,6,0.5,1,1,1,0,3
1;3;4;6;7;11,II;aVR;aVL;V1;V2;V6,6,0.6,1,0,1,0,2
1;3;4;6;7;11,II;aVR;aVL;V1;V2;V6,6,0.7,1,0,1,0,2
1;3;4;6;7;11,II;aVR;aVL;V1;V2;V6,6,0.8,1,0,1,0,2
1;3;4;6;7;11,II;aVR;aVL;V1;V2;V6,6,0.9,1,0,0,0,1
1;3;4;6;8,II;aVR;aVL;V1;V3,5,0.5,1,1,1,0,3
1;3;4;6;8,II;aVR;aVL;V1;V3,5,0.6,1,0,1,0,2
1;3;4;6;8,II;aVR;aVL;V1;V3,5,0.7,1,0,1,0,2
1;3;4;6;8,II;aVR;aVL;V1;V3,5,0.8,1,0,1,0,2
1;3;4;6;8,II;aVR;aVL;V1;V3,5,0.9,1,0,0,0,1
1;3;4;6;8;9,II;aVR;aVL;V1;V3;V4,6,0.5,1,1,1,0,3
1;3;4;6;8;9,II;aVR;aVL;V1;V3;V4,6,0.6,1,0,1,0,2
1;3;4;6;8;9,II;aVR;aVL;V1;V3;V4,6,0.7,1,0,1,0,2
1;3;4;6;8;9,II;aVR;aVL;V1;V3;V4,6,0.8,1,0,1,0,2
1;3;4;6;8;9,II;aVR;aVL;V1;V3;V4,6,0.9,1,0,0,0,1
1;3;4;6;8;9;10,II;aVR;aVL;V1;V3;V4;V5,7,0.5,1,1,1,0,3
1;3;4;6;8;9;10,II;aVR;aVL;V1;V3;V4;V5,7,0.6,1,0,1,0,2
1;3;4;6;8;9;10,II;aVR;aVL;V1;V3;V4;V5,7,0.7,1,0,1,0,2
1;3;4;6;8;9;10,II;aVR;aVL;V1;V3;V4;V5,7,0.8,1,0,1,0,2
1;3;4;6;8;9;10,II;aVR;aVL;V1;V3;V4;V5,7,0.9,1,0,0,0,1
1;3;4;6;8;9;10;11,II;aVR;aVL;V1;V3;V4;V5;V6,8,0.5,1,1,1,0,3
1;3;4;6;8;9;10;11,II;aVR;aVL;V1;V3;V4;V5;V6,8,0.6,1,0,1,0,2
1;3;4;6;8;9;10;11,II;aVR;aVL;V1;V3;V4;V5;V6,8,0.7,1,0,1,0,2
1;3;4;6;8;9;10;11,II;aVR;aVL;V1;V3;V4;V5;V6,8,0.8,1,0,1,0,2
1;3;4;6;8;9;10;11,II;aVR;aVL;V1;V3;V4;V5;V6,8,0.9,1,0,0,0,1
1;3;4;6;8;9;11,II;aVR;aVL;V1;V3;V4;V6,7,0.5,1,1,1,0,3
1;3;4;6;8;9;11,II;aVR;aVL;V1;V3;V4;V6,7,0.6,1,0,1,0,2
1;3;4;6;8;9;11,II;aVR;aVL;V1;V3;V4;V6,7,0.7,1,0,1,0,2
1;3;4;6;8;9;11,II;aVR;aVL;V1;V3;V4;V6,7,0.8,1,0,1,0,2
1;3;4;6;8;9;11,II;aVR;aVL;V1;V3;V4;V6,7,0.9,1,0,0,0,1
1;3;4;6;8;10,II;aVR;aVL;V1;V3;V5,6,0.5,1,1,1,0,3
1;3;4;6;8;10,II;aVR;aVL;V1;V3;V5,6,0.6,1,0,1,0,2
1;3;4;6;8;10,II;aVR;aVL;V1;V3;V5,6,0.7,1,0,1,0,2
1;3;4;6;8;10,II;aVR;aVL;V1;V3;V5,6,0.8,1,0,1,0,2
1;3;4;6;8;10,II;aVR;aVL;V1;V3;V5,6,0.9,1,0,0,0,1
1;3;4;6;8;10;11,II;aVR;aVL;V1;V3;V5;V6,7,0.5,1,1,1,0,3
1;3;4;6;8;10;11,II;aVR;aVL;V1;V3;V5;V6,7,0.6,1,0,1,0,2
1;3;4;6;8;10;11,II;aVR;aVL;V1;V3;V5;V6,7,0.7,1,0,1,0,2
1;3;4;6;8;10;11,II;aVR;aVL;V1;V3;V5;V6,7,0.8,1,0,1,0,2
1;3;4;6;8;10;11,II;aVR;aVL;V1;V3;V5;V6,7,0.9,1,0,0,0,1
1;3;4;6;8;11,II;aVR;aVL;V1;V3;V6,6,0.5,1,1,1,0,3
1;3;4;6;8;11,II;aVR;aVL;V1;V3;V6,6,0.6,1,0,1,0,2
1;3;4;6;8;11,II;aVR;aVL;V1;V3;V6,6,0.7,1,0,1,0,2
1;3;4;6;8;11,II;aVR;aVL;V1;V3;V6,6,0.8,1,0,1,0,2
1;3;4;6;8;11,II;aVR;aVL;V1;V3;V6,6,0.9,1,0,0,0,1
1;3;4;6;9,II;aVR;aVL;V1;V4,5,0.5,1,1,1,0,3
1;3;4;6;9,II;aVR;aVL;V1;V4,5,0.6,1,0,1,0,2
1;3;4;6;9,II;aVR;aVL;V1;V4,5,0.7,1,0,1,0,2
1;3;4;6;9,II;aVR;aVL;V1;V4,5,0.8,1,0,1,0,2
1;3;4;6;9,II;aVR;aVL;V1;V4,5,0.9,1,0,0,0,1
1;3;4;6;9;10,II;aVR;aVL;V1;V4;V5,6,0.5,1,1,1,0,3
1;3;4;6;9;10,II;aVR;aVL;V1;V4;V5,6,0.6,1,0,1,0,2
1;3;4;6;9;10,II;aVR;aVL;V1;V4;V5,6,0.7,1,0,1,0,2
1;3;4;6;9;10,II;aVR;aVL;V1;V4;V5,6,0.8,1,0,1,0,2
1;3;4;6;9;10,II;aVR;aVL;V1;V4;V5,6,0.9,1,0,0,0,1
1;3;4;6;9;10;11,II;aVR;aVL;V1;V4;V5;V6,7,0.5,1,1,1,0,3
1;3;4;6;9;10;11,II;aVR;aVL;V1;V4;V5;V6,7,0.6,1,0,1,0,2
1;3;4;6;9;10;11,II;aVR;aVL;V1;V4;V5;V6,7,0.7,1,0,1,0,2
1;3;4;6;9;10;11,II;aVR;aVL;V1;V4;V5;V6,7,0.8,1,0,1,0,2
1;3;4;6;9;10;11,II;aVR;aVL;V1;V4;V5;V6,7,0.9,1,0,0,0,1
1;3;4;6;9;11,II;aVR;aVL;V1;V4;V6,6,0.5,1,1,1,0,3
1;3;4;6;9;11,II;aVR;aVL;V1;V4;V6,6,0.6,1,0,1,0,2
1;3;4;6;9;11,II;aVR;aVL;V1;V4;V6,6,0.7,1,0,1,0,2
1;3;4;6;9;11,II;aVR;aVL;V1;V4;V6,6,0.8,1,0,1,0,2
1;3;4;6;9;11,II;aVR;aVL;V1;V4;V6,6,0.9,1,0,0,0,1
1;3;4;6;10,II;aVR;aVL;V1;V5,5,0.5,1,1,1,0,3
1;3;4;6;10,II;aVR;aVL;V1;V5,5,0.6,1,0,1,0,2
1;3;4;6;10,II;aVR;aVL;V1;V5,5,0.7,1,0,1,0,2
1;3;4;6;10,II;aVR;aVL;V1;V5,5,0.8,1,0,1,0,2
1;3;4;6;10,II;aVR;aVL;V1;V5,5,0.9,1,0,0,0,1
1;3;4;6;10;11,II;aVR;aVL;V1;V5;V6,6,0.5,1,1,1,0,3
1;3;4;6;10;11,II;aVR;aVL;V1;V5;V6,6,0.6,1,0,1,0,2
1;3;4;6;10;11,II;aVR;aVL;V1;V5;V6,6,0.7,1,0,1,0,2
1;3;4;6;10;11,II;aVR;aVL;V1;V5;V6,6,0.8,1,0,1,0,2
1;3;4;6;10;11,II;aVR;aVL;V1;V5;V6,6,0.9,1,0,0,0,1
1;3;4;6;11,II;aVR;aVL;V1;V6,5,0.5,1,1,1,0,3
1;3;4;6;11,II;aVR;aVL;V1;V6,5,0.6,1,1,1,0,3
1;3;4;6;11,II;aVR;aVL;V1;V6,5,0.7,1,0,1,0,2
1;3;4;6;11,II;aVR;aVL;V1;V6,5,0.8,1,0,1,0,2
1;3;4;6;11,II;aVR;aVL;V1;V6,5,0.9,1,0,0,0,1
1;3;4;7,II;aVR;aVL;V2,4,0.5,1,1,1,0,3
1;3;4;7,II;aVR;aVL;V2,4,0.6,1,0,1,0,2
1;3;4;7,II;aVR;aVL;V2,4,0.7,1,0,1,0,2
1;3;4;7,II;aVR;aVL;V2,4,0.8,1,0,1,0,2
1;3;4;7,II;aVR;aVL;V2,4,0.9,1,0,0,0,1
1;3;4;7;8,II;aVR;aVL;V2;V3,5,0.5,1,1,1,0,3
1;3;4;7;8,II;aVR;aVL;V2;V3,5,0.6,1,1,1,0,3
1;3;4;7;8,II;aVR;aVL;V2;V3,5,0.7,1,0,1,0,2
1;3;4;7;8,II;aVR;aVL;V2;V3,5,0.8,1,0,1,0,2
1;3;4;7;8,II;aVR;aVL;V2;V3,5,0.9,1,0,0,0,1
1;3;4;7;8;9,II;aVR;aVL;V2;V3;V4,6,0.5,1,1,1,0,3
1;3;4;7;8;9,II;aVR;aVL;V2;V3;V4,6,0.6,1,0,1,0,2
1;3;4;7;8;9,II;aVR;aVL;V2;V3;V4,6,0.7,1,0,1,0,2
1;3;4;7;8;9,II;aVR;aVL;V2;V3;V4,6,0.8,1,0,1,0,2
1;3;4;7;8;9,II;aVR;aVL;V2;V3;V4,6,0.9,1,0,0,0,1
1;3;4;7;8;9;10,II;aVR;aVL;V2;V3;V4;V5,7,0.5,1,1,1,0,3
1;3;4;7;8;9;10,II;aVR;aVL;V2;V3;V4;V5,7,0.6,1,1,1,0,3
1;3;4;7;8;9;10,II;aVR;aVL;V2;V3;V4;V5,7,0.7,1,0,1,0,2
1;3;4;7;8;9;10,II;aVR;aVL;V2;V3;V4;V5,7,0.8,1,0,1,0,2
1;3;4;7;8;9;10,II;aVR;aVL;V2;V3;V4;V5,7,0.9,1,0,0,0,1
1;3;4;7;8;9;10;11,II;aVR;aVL;V2;V3;V4;V5;V6,8,0.5,1,1,1,0,3
1;3;4;7;8;9;10;11,II;aVR;aVL;V2;V3;V4;V5;V6,8,0.6,1,0,1,0,2
1;3;4;7;8;9;10;11,II;aVR;aVL;V2;V3;V4;V5;V6,8,0.7,1,0,1,0,2
1;3;4;7;8;9;10;11,II;aVR;aVL;V2;V3;V4;V5;V6,8,0.8,1,0,0,0,1
1;3;4;7;8;9;10;11,II;aVR;aVL;V2;V3;V4;V5;V6,8,0.9,1,0,0,0,1
1;3;4;7;8;9;11,II;aVR;aVL;V2;V3;V4;V6,7,0.5,1,1,1,0,3
1;3;4;7;8;9;11,II;aVR;aVL;V2;V3;V4;V6,7,0.6,1,0,1,0,2
1;3;4;7;8;9;11,II;aVR;aVL;V2;V3;V4;V6,7,0.7,1,0,1,0,2
1;3;4;7;8;9;11,II;aVR;aVL;V2;V3;V4;V6,7,0.8,1,0,1,0,2
1;3;4;7;8;9;11,II;aVR;aVL;V2;V3;V4;V6,7,0.9,1,0,0,0,1
1;3;4;7;8;10,II;aVR;aVL;V2;V3;V5,6,0.5,1,1,1,0,3
1;3;4;7;8;10,II;aVR;aVL;V2;V3;V5,6,0.6,1,0,1,0,2
1;3;4;7;8;10,II;aVR;aVL;V2;V3;V5,6,0.7,1,0,1,0,2
1;3;4;7;8;10,II;aVR;aVL;V2;V3;V5,6,0.8,1,0,0,0,1
1;3;4;7;8;10,II;aVR;aVL;V2;V3;V5,6,0.9,1,0,0,0,1
1;3;4;7;8;10;11,II;aVR;aVL;V2;V3;V5;V6,7,0.5,1,1,1,0,3
1;3;4;7;8;10;11,II;aVR;aVL;V2;V3;V5;V6,7,0.6,1,0,1,0,2
1;3;4;7;8;10;11,II;aVR;aVL;V2;V3;V5;V6,7,0.7,1,0,1,0,2
1;3;4;7;8;10;11,II;aVR;aVL;V2;V3;V5;V6,7,0.8,1,0,1,0,2
1;3;4;7;8;10;11,II;aVR;aVL;V2;V3;V5;V6,7,0.9,1,0,0,0,1
1;3;4;7;8;11,II;aVR;aVL;V2;V3;V6,6,0.5,1,1,1,0,3
1;3;4;7;8;11,II;aVR;aVL;V2;V3;V6,6,0.6,1,0,1,0,2
1;3;4;7;8;11,II;aVR;aVL;V2;V3;V6,6,0.7,1,0,1,0,2
1;3;4;7;8;11,II;aVR;aVL;V2;V3;V6,6,0.8,1,0,0,0,1
1;3;4;7;8;11,II;aVR;aVL;V2;V3;V6,6,0.9,1,0,0,0,1
1;3;4;7;9,II;aVR;aVL;V2;V4,5,0.5,1,1,1,0,3
1;3;4;7;9,II;aVR;aVL;V2;V4,5,0.6,1,1,1,0,3
1;3;4;7;9,II;aVR;aVL;V2;V4,5,0.7,1,0,1,0,2
1;3;4;7;9,II;aVR;aVL;V2;V4,5,0.8,1,0,1,0,2
1;3;4;7;9,II;aVR;aVL;V2;V4,5,0.9,1,0,0,0,1
1;3;4;7;9;10,II;aVR;aVL;V2;V4;V5,6,0.5,1,1,1,0,3
1;3;4;7;9;10,II;aVR;aVL;V2;V4;V5,6,0.6,1,0,1,0,2
1;3;4;7;9;10,II;aVR;aVL;V2;V4;V5,6,0.7,1,0,1,0,2
1;3;4;7;9;10,II;aVR;aVL;V2;V4;V5,6,0.8,1,0,0,0,1
1;3;4;7;9;10,II;aVR;aVL;V2;V4;V5,6,0.9,1,0,0,0,1
1;3;4;7;9;10;11,II;aVR;aVL;V2;V4;V5;V6,7,0.5,1,1,1,0,3
1;3;4;7;9;10;11,II;aVR;aVL;V2;V4;V5;V6,7,0.6,1,0,1,0,2
1;3;4;7;9;10;11,II;aVR;aVL;V2;V4;V5;V6,7,0.7,1,0,1,0,2
1;3;4;7;9;10;11,II;aVR;aVL;V2;V4;V5;V6,7,0.8,1,0,0,0,1
1;3;4;7;9;10;11,II;aVR;aVL;V2;V4;V5;V6,7,0.9,1,0,0,0,1
1;3;4;7;9;11,II;aVR;aVL;V2;V4;V6,6,0.5,1,1,1,0,3
1;3;4;7;9;11,II;aVR;aVL;V2;V4;V6,6,0.6,1,0,1,0,2
1;3;4;7;9;11,II;aVR;aVL;V2;V4;V6,6,0.7,1,0,1,0,2
1;3;4;7;9;11,II;aVR;aVL;V2;V4;V6,6,0.8,1,0,0,0,1
1;3;4;7;9;11,II;aVR;aVL;V2;V4;V6,6,0.9,1,0,0,0,1
1;3;4;7;10,II;aVR;aVL;V2;V5,5,0.5,1,1,1,0,3
1;3;4;7;10,II;aVR;aVL;V2;V5,5,0.6,1,1,1,0,3
1;3;4;7;10,II;aVR;aVL;V2;V5,5,0.7,1,0,1,0,2
1;3;4;7;10,II;aVR;aVL;V2;V5,5,0.8,1,0,1,0,2
1;3;4;7;10,II;aVR;aVL;V2;V5,5,0.9,1,0,0,0,1
1;3;4;7;10;11,II;aVR;aVL;V2;V5;V6,6,0.5,1,1,1,0,3
1;3;4;7;10;11,II;aVR;aVL;V2;V5;V6,6,0.6,1,0,1,0,2
1;3;4;7;10;11,II;aVR;aVL;V2;V5;V6,6,0.7,1,0,1,0,2
1;3;4;7;10;11,II;aVR;aVL;V2;V5;V6,6,0.8,1,0,0,0,1
1;3;4;7;10;11,II;aVR;aVL;V2;V5;V6,6,0.9,1,0,0,0,1
1;3;4;7;11,II;aVR;aVL;V2;V6,5,0.5,1,1,1,0,3
1;3;4;7;11,II;aVR;aVL;V2;V6,5,0.6,1,1,1,0,3
1;3;4;7;11,II;aVR;aVL;V2;V6,5,0.7,1,0,1,0,2
1;3;4;7;11,II;aVR;aVL;V2;V6,5,0.8,1,0,1,0,2
1;3;4;7;11,II;aVR;aVL;V2;V6,5,0.9,1,0,0,0,1
1;3;4;8,II;aVR;aVL;V3,4,0.5,1,1,1,0,3
1;3;4;8,II;aVR;aVL;V3,4,0.6,1,0,1,0,2
1;3;4;8,II;aVR;aVL;V3,4,0.7,1,0,1,0,2
1;3;4;8,II;aVR;aVL;V3,4,0.8,1,0,0,0,1
1;3;4;8,II;aVR;aVL;V3,4,0.9,1,0,0,0,1
1;3;4;8;9,II;aVR;aVL;V3;V4,5,0.5,1,1,1,0,3
1;3;4;8;9,II;aVR;aVL;V3;V4,5,0.6,1,0,1,0,2
1;3;4;8;9,II;aVR;aVL;V3;V4,5,0.7,1,0,1,0,2
1;3;4;8;9,II;aVR;aVL;V3;V4,5,0.8,1,0,0,0,1
1;3;4;8;9,II;aVR;aVL;V3;V4,5,0.9,1,0,0,0,1
1;3;4;8;9;10,II;aVR;aVL;V3;V4;V5,6,0.5,1,1,1,0,3
1;3;4;8;9;10,II;aVR;aVL;V3;V4;V5,6,0.6,1,0,1,0,2
1;3;4;8;9;10,II;aVR;aVL;V3;V4;V5,6,0.7,1,0,1,0,2
1;3;4;8;9;10,II;aVR;aVL;V3;V4;V5,6,0.8,1,0,0,0,1
1;3;4;8;9;10,II;aVR;aVL;V3;V4;V5,6,0.9,1,0,0,0,1
1;3;4;8;9;10;11,II;aVR;aVL;V3;V4;V5;V6,7,0.5,1,1,1,0,3
1;3;4;8;9;10;11,II;aVR;aVL;V3;V4;V5;V6,7,0.6,1,0,1,0,2
1;3;4;8;9;10;11,II;aVR;aVL;V3;V4;V5;V6,7,0.7,1,0,1,0,2
1;3;4;8;9;10;11,II;aVR;aVL;V3;V4;V5;V6,7,0.8,1,0,0,0,1
1;3;4;8;9;10;11,II;aVR;aVL;V3;V4;V5;V6,7,0.9,1,0,0,0,1
1;3;4;8;9;11,II;aVR;aVL;V3;V4;V6,6,0.5,1,1,1,0,3
1;3;4;8;9;11,II;aVR;aVL;V3;V4;V6,6,0.6,1,0,1,0,2
1;3;4;8;9;11,II;aVR;aVL;V3;V4;V6,6,0.7,1,0,1,0,2
1;3;4;8;9;11,II;aVR;aVL;V3;V4;V6,6,0.8,1,0,0,0,1
1;3;4;8;9;11,II;aVR;aVL;V3;V4;V6,6,0.9,1,0,0,0,1
1;3;4;8;10,II;aVR;aVL;V3;V5,5,0.5,1,1,1,0,3
1;3;4;8;10,II;aVR;aVL;V3;V5,5,0.6,1,0,1,0,2
1;3;4;8;10,II;aVR;aVL;V3;V5,5,0.7,1,0,1,0,2
1;3;4;8;10,II;aVR;aVL;V3;V5,5,0.8,1,0,0,0,1
1;3;4;8;10,II;aVR;aVL;V3;V5,5,0.9,1,0,0,0,1
1;3;4;8;10;11,II;aVR;aVL;V3;V5;V6,6,0.5,1,1,1,0,3
1;3;4;8;10;11,II;aVR;aVL;V3;V5;V6,6,0.6,1,0,1,0,2
1;3;4;8;10;11,II;aVR;aVL;V3;V5;V6,6,0.7,1,0,1,0,2
1;3;4;8;10;11,II;aVR;aVL;V3;V5;V6,6,0.8,1,0,0,0,1
1;3;4;8;10;11,II;aVR;aVL;V3;V5;V6,6,0.9,1,0,0,0,1
1;3;4;8;11,II;aVR;aVL;V3;V6,5,0.5,1,1,1,0,3
1;3;4;8;11,II;aVR;aVL;V3;V6,5,0.6,1,0,1,0,2
1;3;4;8;11,II;aVR;aVL;V3;V6,5,0.7,1,0,1,0,2
1;3;4;8;11,II;aVR;aVL;V3;V6,5,0.8,1,0,0,0,1
1;3;4;8;11,II;aVR;aVL;V3;V6,5,0.9,1,0,0,0,1
1;3;4;9,II;aVR;aVL;V4,4,0.5,1,1,1,0,3
1;3;4;9,II;aVR;aVL;V4,4,0.6,1,0,1,0,2
1;3;4;9,II;aVR;aVL;V4,4,0.7,1,0,1,0,2
1;3;4;9,II;aVR;aVL;V4,4,0.8,1,0,1,0,2
1;3;4;9,II;aVR;aVL;V4,4,0.9,1,0,0,0,1
1;3;4;9;10,II;aVR;aVL;V4;V5,5,0.5,1,1,1,0,3
1;3;4;9;10,II;aVR;aVL;V4;V5,5,0.6,1,0,1,0,2
1;3;4;9;10,II;aVR;aVL;V4;V5,5,0.7,1,0,1,0,2
1;3;4;9;10,II;aVR;aVL;V4;V5,5,0.8,1,0,0,0,1
1;3;4;9;10,II;aVR;aVL;V4;V5,5,0.9,1,0,0,0,1
1;3;4;9;10;11,II;aVR;aVL;V4;V5;V6,6,0.5,1,1,1,0,3
1;3;4;9;10;11,II;aVR;aVL;V4;V5;V6,6,0.6,1,0,1,0,2
1;3;4;9;10;11,II;aVR;aVL;V4;V5;V6,6,0.7,1,0,1,0,2
1;3;4;9;10;11,II;aVR;aVL;V4;V5;V6,6,0.8,1,0,0,0,1
1;3;4;9;10;11,II;aVR;aVL;V4;V5;V6,6,0.9,1,0,0,0,1
1;3;4;9;11,II;aVR;aVL;V4;V6,5,0.5,1,1,1,0,3
1;3;4;9;11,II;aVR;aVL;V4;V6,5,0.6,1,0,1,0,2
1;3;4;9;11,II;aVR;aVL;V4;V6,5,0.7,1,0,1,0,2
1;3;4;9;11,II;aVR;aVL;V4;V6,5,0.8,1,0,0,0,1
1;3;4;9;11,II;aVR;aVL;V4;V6,5,0.9,1,0,0,0,1
1;3;4;10,II;aVR;aVL;V5,4,0.5,1,1,1,0,3
1;3;4;10,II;aVR;aVL;V5,4,0.6,1,0,1,0,2
1;3;4;10,II;aVR;aVL;V5,4,0.7,1,0,1,0,2
1;3;4;10,II;aVR;aVL;V5,4,0.8,1,0,0,0,1
1;3;4;10,II;aVR;aVL;V5,4,0.9,1,0,0,0,1
1;3;4;10;11,II;aVR;aVL;V5;V6,5,0.5,1,1,1,0,3
1;3;4;10;11,II;aVR;aVL;V5;V6,5,0.6,1,0,1,0,2
1;3;4;10;11,II;aVR;aVL;V5;V6,5,0.7,1,0,1,0,2
1;3;4;10;11,II;aVR;aVL;V5;V6,5,0.8,1,0,0,0,1
1;3;4;10;11,II;aVR;aVL;V5;V6,5,0.9,1,0,0,0,1
1;3;4;11,II;aVR;aVL;V6,4,0.5,1,1,1,0,3
1;3;4;11,II;aVR;aVL;V6,4,0.6,1,1,1,0,3
1;3;4;11,II;aVR;aVL;V6,4,0.7,1,0,1,0,2
1;3;4;11,II;aVR;aVL;V6,4,0.8,1,0,0,0,1
1;3;4;11,II;aVR;aVL;V6,4,0.9,1,0,0,0,1
1;3;5,II;aVR;aVF,3,0.5,1,1,1,0,3
1;3;5,II;aVR;aVF,3,0.6,1,1,1,0,3
1;3;5,II;aVR;aVF,3,0.7,1,0,1,0,2
1;3;5,II;aVR;aVF,3,0.8,1,0,1,0,2
1;3;5,II;aVR;aVF,3,0.9,1,0,0,0,1
1;3;5;6,II;aVR;aVF;V1,4,0.5,1,1,1,0,3
1;3;5;6,II;aVR;aVF;V1,4,0.6,1,1,1,0,3
1;3;5;6,II;aVR;aVF;V1,4,0.7,1,0,1,0,2
1;3;5;6,II;aVR;aVF;V1,4,0.8,1,0,1,0,2
1;3;5;6,II;aVR;aVF;V1,4,0.9,1,0,0,0,1
1;3;5;6;7,II;aVR;aVF;V1;V2,5,0.5,1,1,1,0,3
1;3;5;6;7,II;aVR;aVF;V1;V2,5,0.6,1,1,1,0,3
1;3;5;6;7,II;aVR;aVF;V1;V2,5,0.7,1,0,1,0,2
1;3;5;6;7,II;aVR;aVF;V1;V2,5,0.8,1,0,1,0,2
1;3;5;6;7,II;aVR;aVF;V1;V2,5,0.9,1,0,0,0,1
1;3;5;6;7;8,II;aVR;aVF;V1;V2;V3,6,0.5,1,1,1,0,3
1;3;5;6;7;8,II;aVR;aVF;V1;V2;V3,6,0.6,1,0,1,0,2
1;3;5;6;7;8,II;aVR;aVF;V1;V2;V3,6,0.7,1,0,1,0,2
1;3;5;6;7;8,II;aVR;aVF;V1;V2;V3,6,0.8,1,0,1,0,2
1;3;5;6;7;8,II;aVR;aVF;V1;V2;V3,6,0.9,1,0,0,0,1
1;3;5;6;7;8;9,II;aVR;aVF;V1;V2;V3;V4,7,0.5,1,1,1,0,3
1;3;5;6;7;8;9,II;aVR;aVF;V1;V2;V3;V4,7,0.6,1,1,1,0,3
1;3;5;6;7;8;9,II;aVR;aVF;V1;V2;V3;V4,7,0.7,1,0,1,0,2
1;3;5;6;7;8;9,II;aVR;aVF;V1;V2;V3;V4,7,0.8,1,0,1,0,2
1;3;5;6;7;8;9,II;aVR;aVF;V1;V2;V3;V4,7,0.9,1,0,0,0,1
1;3;5;6;7;8;9;10,II;aVR;aVF;V1;V2;V3;V4;V5,8,0.5,1,1,1,0,3
1;3;5;6;7;8;9;10,II;aVR;aVF;V1;V2;V3;V4;V5,8,0.6,1,0,1,0,2
1;3;5;6;7;8;9;10,II;aVR;aVF;V1;V2;V3;V4;V5,8,0.7,1,0,1,0,2
1;3;5;6;7;8;9;10,II;aVR;aVF;V1;V2;V3;V4;V5,8,0.8,1,0,1,0,2
1;3;5;6;7;8;9;10,II;aVR;aVF;V1;V2;V3;V4;V5,8,0.9,1,0,0,0,1
1;3;5;6;7;8;9;10;11,II;aVR;aVF;V1;V2;V3;V4;V5;V6,9,0.5,1,1,1,0,3
1;3;5;6;7;8;9;10;11,II;aVR;aVF;V1;V2;V3;V4;V5;V6,9,0.6,1,0,1,0,2
1;3;5;6;7;8;9;10;11,II;aVR;aVF;V1;V2;V3;V4;V5;V6,9,0.7,1,0,1,0,2
1;3;5;6;7;8;9;10;11,II;aVR;aVF;V1;V2;V3;V4;V5;V6,9,0.8,1,0,1,0,2
1;3;5;6;7;8;9;10;11,II;aVR;aVF;V1;V2;V3;V4;V5;V6,9,0.9,1,0,0,0,1
1;3;5;6;7;8;9;11,II;aVR;aVF;V1;V2;V3;V4;V6,8,0.5,1,1,1,0,3
1;3;5;6;7;8;9;11,II;aVR;aVF;V1;V2;V3;V4;V6,8,0.6,1,1,1,0,3
1;3;5;6;7;8;9;11,II;aVR;aVF;V1;V2;V3;V4;V6,8,0.7,1,0,1,0,2
1;3;5;6;7;8;9;11,II;aVR;aVF;V1;V2;V3;V4;V6,8,0.8,1,0,1,0,2
1;3;5;6;7;8;9;11,II;aVR;aVF;V1;V2;V3;V4;V6,8,0.9,1,0,0,0,1
1;3;5;6;7;8;10,II;aVR;aVF;V1;V2;V3;V5,7,0.5,1,1,1,0,3
1;3;5;6;7;8;10,II;aVR;aVF;V1;V2;V3;V5,7,0.6,1,0,1,0,2
1;3;5;6;7;8;10,II;aVR;aVF;V1;V2;V3;V5,7,0.7,1,0,1,0,2
1;3;5;6;7;8;10,II;aVR;aVF;V1;V2;V3;V5,7,0.8,1,0,1,0,2
1;3;5;6;7;8;10,II;aVR;aVF;V1;V2;V3;V5,7,0.9,1,0,0,0,1
1;3;5;6;7;8;10;11,II;aVR;aVF;V1;V2;V3;V5;V6,8,0.5,1,1,1,0,3
1;3;5;6;7;8;10;11,II;aVR;aVF;V1;V2;V3;V5;V6,8,0.6,1,1,1,0,3
1;3;5;6;7;8;10;11,II;aVR;aVF;V1;V2;V3;V5;V6,8,0.7,1,0,1,0,2
1;3;5;6;7;8;10;11,II;aVR;aVF;V1;V2;V3;V5;V6,8,0.8,1,0,1,0,2
1;3;5;6;7;8;10;11,II;aVR;aVF;V1;V2;V3;V5;V6,8,0.9,1,0,0,0,1
1;3;5;6;7;8;11,II;aVR;aVF;V1;V2;V3;V6,7,0.5,1,1,1,0,3
1;3;5;6;7;8;11,II;aVR;aVF;V1;V2;V3;V6,7,0.6,1,0,1,0,2
1;3;5;6;7;8;11,II;aVR;aVF;V1;V2;V3;V6,7,0.7,1,0,1,0,2
1;3;5;6;7;8;11,II;aVR;aVF;V1;V2;V3;V6,7,0.8,1,0,1,0,2
1;3;5;6;7;8;11,II;aVR;aVF;V1;V2;V3;V6,7,0.9,1,0,0,0,1
1;3;5;6;7;9,II;aVR;aVF;V1;V2;V4,6,0.5,1,1,1,0,3
1;3;5;6;7;9,II;aVR;aVF;V1;V2;V4,6,0.6,1,1,1,0,3
1;3;5;6;7;9,II;aVR;aVF;V1;V2;V4,6,0.7,1,0,1,0,2
1;3;5;6;7;9,II;aVR;aVF;V1;V2;V4,6,0.8,1,0,1,0,2
1;3;5;6;7;9,II;aVR;aVF;V1;V2;V4,6,0.9,1,0,0,0,1
1;3;5;6;7;9;10,II;aVR;aVF;V1;V2;V4;V5,7,0.5,1,1,1,0,3
1;3;5;6;7;9;10,II;aVR;aVF;V1;V2;V4;V5,7,0.6,1,1,1,0,3
1;3;5;6;7;9;10,II;aVR;aVF;V1;V2;V4;V5,7,0.7,1,0,1,0,2
1;3;5;6;7;9;10,II;aVR;aVF;V1;V2;V4;V5,7,0.8,1,0,1,0,2
1;3;5;6;7;9;10,II;aVR;aVF;V1;V2;V4;V5,7,0.9,1,0,0,0,1
1;3;5;6;7;9;10;11,II;aVR;aVF;V1;V2;V4;V5;V6,8,0.5,1,1,1,0,3
1;3;5;6;7;9;10;11,II;aVR;aVF;V1;V2;V4;V5;V6,8,0.6,1,0,1,0,2
1;3;5;6;7;9;10;11,II;aVR;aVF;V1;V2;V4;V5;V6,8,0.7,1,0,1,0,2
1;3;5;6;7;9;10;11,II;aVR;aVF;V1;V2;V4;V5;V6,8,0.8,1,0,1,0,2
1;3;5;6;7;9;10;11,II;aVR;aVF;V1;V2;V4;V5;V6,8,0.9,1,0,0,0,1
1;3;5;6;7;9;11,II;aVR;aVF;V1;V2;V4;V6,7,0.5,1,1,1,0,3
1;3;5;6;7;9;11,II;aVR;aVF;V1;V2;V4;V6,7,0.6,1,0,1,0,2
1;3;5;6;7;9;11,II;aVR;aVF;V1;V2;V4;V6,7,0.7,1,0,1,0,2
1;3;5;6;7;9;11,II;aVR;aVF;V1;V2;V4;V6,7,0.8,1,0,1,0,2
1;3;5;6;7;9;11,II;aVR;aVF;V1;V2;V4;V6,7,0.9,1,0,0,0,1
1;3;5;6;7;10,II;aVR;aVF;V1;V2;V5,6,0.5,1,1,1,0,3
1;3;5;6;7;10,II;aVR;aVF;V1;V2;V5,6,0.6,1,1,1,0,3
1;3;5;6;7;10,II;aVR;aVF;V1;V2;V5,6,0.7,1,0,1,0,2
1;3;5;6;7;10,II;aVR;aVF;V1;V2;V5,6,0.8,1,0,1,0,2
1;3;5;6;7;10,II;aVR;aVF;V1;V2;V5,6,0.9,1,0,0,0,1
1;3;5;6;7;10;11,II;aVR;aVF;V1;V2;V5;V6,7,0.5,1,1,1,0,3
1;3;5;6;7;10;11,II;aVR;aVF;V1;V2;V5;V6,7,0.6,1,0,1,0,2
1;3;5;6;7;10;11,II;aVR;aVF;V1;V2;V5;V6,7,0.7,1,0,1,0,2
1;3;5;6;7;10;11,II;aVR;aVF;V1;V2;V5;V6,7,0.8,1,0,1,0,2
1;3;5;6;7;10;11,II;aVR;aVF;V1;V2;V5;V6,7,0.9,1,0,0,0,1
1;3;5;6;7;11,II;aVR;aVF;V1;V2;V6,6,0.5,1,1,1,0,3
1;3;5;6;7;11,II;aVR;aVF;V1;V2;V6,6,0.6,1,1,1,0,3
1;3;5;6;7;11,II;aVR;aVF;V1;V2;V6,6,0.7,1,0,1,0,2
1;3;5;6;7;11,II;aVR;aVF;V1;V2;V6,6,0.8,1,0,1,0,2
1;3;5;6;7;11,II;aVR;aVF;V1;V2;V6,6,0.9,1,0,0,0,1
1;3;5;6;8,II;aVR;aVF;V1;V3,5,0.5,1,1,1,0,3
1;3;5;6;8,II;aVR;aVF;V1;V3,5,0.6,1,0,1,0,2
1;3;5;6;8,II;aVR;aVF;V1;V3,5,0.7,1,0,1,0,2
1;3;5;6;8,II;aVR;aVF;V1;V3,5,0.8,1,0,1,0,2
1;3;5;6;8,II;aVR;aVF;V1;V3,5,0.9,1,0,0,0,1
1;3;5;6;8;9,II;aVR;aVF;V1;V3;V4,6,0.5,1,1,1,0,3
1;3;5;6;8;9,II;aVR;aVF;V1;V3;V4,6,0.6,1,0,1,0,2
1;3;5;6;8;9,II;aVR;aVF;V1;V3;V4,6,0.7,1,0,1,0,2
1;3;5;6;8;9,II;aVR;aVF;V1;V3;V4,6,0.8,1,0,1,0,2
1;3;5;6;8;9,II;aVR;aVF;V1;V3;V4,6,0.9,1,0,0,0,1
1;3;5;6;8;9;10,II;aVR;aVF;V1;V3;V4;V5,7,0.5,1,1,1,0,3
1;3;5;6;8;9;10,II;aVR;aVF;V1;V3;V4;V5,7,0.6,1,0,1,0,2
1;3;5;6;8;9;10,II;aVR;aVF;V1;V3;V4;V5,7,0.7,1,0,1,0,2
1;3;5;6;8;9;10,II;aVR;aVF;V1;V3;V4;V5,7,0.8,1,0,1,0,2
1;3;5;6;8;9;10,II;aVR;aVF;V1;V3;V4;V5,7,0.9,1,0,0,0,1
1;3;5;6;8;9;10;11,II;aVR;aVF;V1;V3;V4;V5;V6,8,0.5,1,1,1,0,3
1;3;5;6;8;9;10;11,II;aVR;aVF;V1;V3;V4;V5;V6,8,0.6,1,0,1,0,2
1;3;5;6;8;9;10;11,II;aVR;aVF;V1;V3;V4;V5;V6,8,0.7,1,0,1,0,2
1;3;5;6;8;9;10;11,II;aVR;aVF;V1;V3;V4;V5;V6,8,0.8,1,0,1,0,2
1;3;5;6;8;9;10;11,II;aVR;aVF;V1;V3;V4;V5;V6,8,0.9,1,0,0,0,1
1;3;5;6;8;9;11,II;aVR;aVF;V1;V3;V4;V6,7,0.5,1,1,1,0,3
1;3;5;6;8;9;11,II;aVR;aVF;V1;V3;V4;V6,7,0.6,1,0,1,0,2
1;3;5;6;8;9;11,II;aVR;aVF;V1;V3;V4;V6,7,0.7,1,0,1,0,2
1;3;5;6;8;9;11,II;aVR;aVF;V1;V3;V4;V6,7,0.8,1,0,1,0,2
1;3;5;6;8;9;11,II;aVR;aVF;V1;V3;V4;V6,7,0.9,1,0,0,0,1
1;3;5;6;8;10,II;aVR;aVF;V1;V3;V5,6,0.5,1,1,1,0,3
1;3;5;6;8;10,II;aVR;aVF;V1;V3;V5,6,0.6,1,0,1,0,2
1;3;5;6;8;10,II;aVR;aVF;V1;V3;V5,6,0.7,1,0,1,0,2
1;3;5;6;8;10,II;aVR;aVF;V1;V3;V5,6,0.8,1,0,1,0,2
1;3;5;6;8;10,II;aVR;aVF;V1;V3;V5,6,0.9,1,0,0,0,1
1;3;5;6;8;10;11,II;aVR;aVF;V1;V3;V5;V6,7,0.5,1,1,1,0,3
1;3;5;6;8;10;11,II;aVR;aVF;V1;V3;V5;V6,7,0.6,1,0,1,0,2
1;3;5;6;8;10;11,II;aVR;aVF;V1;V3;V5;V6,7,0.7,1,0,1,0,2
1;3;5;6;8;10;11,II;aVR;aVF;V1;V3;V5;V6,7,0.8,1,0,1,0,2
1;3;5;6;8;10;11,II;aVR;aVF;V1;V3;V5;V6,7,0.9,1,0,0,0,1
1;3;5;6;8;11,II;aVR;aVF;V1;V3;V6,6,0.5,1,1,1,0,3
1;3;5;6;8;11,II;aVR;aVF;V1;V3;V6,6,0.6,1,0,1,0,2
1;3;5;6;8;11,II;aVR;aVF;V1;V3;V6,6,0.7,1,0,1,0,2
1;3;5;6;8;11,II;aVR;aVF;V1;V3;V6,6,0.8,1,0,1,0,2
1;3;5;6;8;11,II;aVR;aVF;V1;V3;V6,6,0.9,1,0,0,0,1
1;3;5;6;9,II;aVR;aVF;V1;V4,5,0.5,1,1,1,0,3
1;3;5;6;9,II;aVR;aVF;V1;V4,5,0.6,1,0,1,0,2
1;3;5;6;9,II;aVR;aVF;V1;V4,5,0.7,1,0,1,0,2
1;3;5;6;9,II;aVR;aVF;V1;V4,5,0.8,1,0,1,0,2
1;3;5;6;9,II;aVR;aVF;V1;V4,5,0.9,1,0,0,0,1
1;3;5;6;9;10,II;aVR;aVF;V1;V4;V5,6,0.5,1,1,1,0,3
1;3;5;6;9;10,II;aVR;aVF;V1;V4;V5,6,0.6,1,0,1,0,2
1;3;5;6;9;10,II;aVR;aVF;V1;V4;V5,6,0.7,1,0,1,0,2
1;3;5;6;9;10,II;aVR;aVF;V1;V4;V5,6,0.8,1,0,1,0,2
1;3;5;6;9;10,II;aVR;aVF;V1;V4;V5,6,0.9,1,0,0,0,1
1;3;5;6;9;10;11,II;aVR;aVF;V1;V4;V5;V6,7,0.5,1,1,1,0,3
1;3;5;6;9;10;11,II;aVR;aVF;V1;V4;V5;V6,7,0.6,1,0,1,0,2
1;3;5;6;9;10;11,II;aVR;aVF;V1;V4;V5;V6,7,0.7,1,0,1,0,2
1;3;5;6;9;10;11,II;aVR;aVF;V1;V4;V5;V6,7,0.8,1,0,1,0,2
1;3;5;6;9;10;11,II;aVR;aVF;V1;V4;V5;V6,7,0.9,1,0,0,0,1
1;3;5;6;9;11,II;aVR;aVF;V1;V4;V6,6,0.5,1,1,1,0,3
1;3;5;6;9;11,II;aVR;aVF;V1;V4;V6,6,0.6,1,0,1,0,2
1;3;5;6;9;11,II;aVR;aVF;V1;V4;V6,6,0.7,1,0,1,0,2
1;3;5;6;9;11,II;aVR;aVF;V1;V4;V6,6,0.8,1,0,1,0,2
1;3;5;6;9;11,II;aVR;aVF;V1;V4;V6,6,0.9,1,0,0,0,1
1;3;5;6;10,II;aVR;aVF;V1;V5,5,0.5,1,1,1,0,3
1;3;5;6;10,II;aVR;aVF;V1;V5,5,0.6,1,0,1,0,2
1;3;5;6;10,II;aVR;aVF;V1;V5,5,0.7,1,0,1,0,2
1;3;5;6;10,II;aVR;aVF;V1;V5,5,0.8,1,0,1,0,2
1;3;5;6;10,II;aVR;aVF;V1;V5,5,0.9,1,0,0,0,1
1;3;5;6;10;11,II;aVR;aVF;V1;V5;V6,6,0.5,1,1,1,0,3
1;3;5;6;10;11,II;aVR;aVF;V1;V5;V6,6,0.6,1,0,1,0,2
1;3;5;6;10;11,II;aVR;aVF;V1;V5;V6,6,0.7,1,0,1,0,2
1;3;5;6;10;11,II;aVR;aVF;V1;V5;V6,6,0.8,1,0,1,0,2
1;3;5;6;10;11,II;aVR;aVF;V1;V5;V6,6,0.9,1,0,0,0,1
1;3;5;6;11,II;aVR;aVF;V1;V6,5,0.5,1,1,1,0,3
1;3;5;6;11,II;aVR;aVF;V1;V6,5,0.6,1,0,1,0,2
1;3;5;6;11,II;aVR;aVF;V1;V6,5,0.7,1,0,1,0,2
1;3;5;6;11,II;aVR;aVF;V1;V6,5,0.8,1,0,1,0,2
1;3;5;6;11,II;aVR;aVF;V1;V6,5,0.9,1,0,0,0,1
1;3;5;7,II;aVR;aVF;V2,4,0.5,1,1,1,0,3
1;3;5;7,II;aVR;aVF;V2,4,0.6,1,1,1,0,3
1;3;5;7,II;aVR;aVF;V2,4,0.7,1,0,1,0,2
1;3;5;7,II;aVR;aVF;V2,4,0.8,1,0,1,0,2
1;3;5;7,II;aVR;aVF;V2,4,0.9,1,0,0,0,1
1;3;5;7;8,II;aVR;aVF;V2;V3,5,0.5,1,1,1,0,3
1;3;5;7;8,II;aVR;aVF;V2;V3,5,0.6,1,1,1,0,3
1;3;5;7;8,II;aVR;aVF;V2;V3,5,0.7,1,0,1,0,2
1;3;5;7;8,II;aVR;aVF;V2;V3,5,0.8,1,0,1,0,2
1;3;5;7;8,II;aVR;aVF;V2;V3,5,0.9,1,0,0,0,1
1;3;5;7;8;9,II;aVR;aVF;V2;V3;V4,6,0.5,1,1,1,0,3
1;3;5;7;8;9,II;aVR;aVF;V2;V3;V4,6,0.6,1,0,1,0,2
1;3;5;7;8;9,II;aVR;aVF;V2;V3;V4,6,0.7,1,0,1,0,2
1;3;5;7;8;9,II;aVR;aVF;V2;V3;V4,6,0.8,1,0,1,0,2
1;3;5;7;8;9,II;aVR;aVF;V2;V3;V4,6,0.9,1,0,0,0,1
1;3;5;7;8;9;10,II;aVR;aVF;V2;V3;V4;V5,7,0.5,1,1,1,0,3
1;3;5;7;8;9;10,II;aVR;aVF;V2;V3;V4;V5,7,0.6,1,1,1,0,3
1;3;5;7;8;9;10,II;aVR;aVF;V2;V3;V4;V5,7,0.7,1,0,1,0,2
1;3;5;7;8;9;10,II;aVR;aVF;V2;V3;V4;V5,7,0.8,1,0,0,0,1
1;3;5;7;8;9;10,II;aVR;aVF;V2;V3;V4;V5,7,0.9,1,0,0,0,1
1;3;5;7;8;9;10;11,II;aVR;aVF;V2;V3;V4;V5;V6,8,0.5,1,1,1,0,3
1;3;5;7;8;9;10;11,II;aVR;aVF;V2;V3;V4;V5;V6,8,0.6,1,0,1,0,2
1;3;5;7;8;9;10;11,II;aVR;aVF;V2;V3;V4;V5;V6,8,0.7,1,0,1,0,2
1;3;5;7;8;9;10;11,II;aVR;aVF;V2;V3;V4;V5;V6,8,0.8,1,0,0,0,1
1;3;5;7;8;9;10;11,II;aVR;aVF;V2;V3;V4;V5;V6,8,0.9,1,0,0,0,1
1;3;5;7;8;9;11,II;aVR;aVF;V2;V3;V4;V6,7,0.5,1,1,1,0,3
1;3;5;7;8;9;11,II;aVR;aVF;V2;V3;V4;V6,7,0.6,1,0,1,0,2
1;3;5;7;8;9;11,II;aVR;aVF;V2;V3;V4;V6,7,0.7,1,0,1,0,2
1;3;5;7;8;9;11,II;aVR;aVF;V2;V3;V4;V6,7,0.8,1,0,0,0,1
1;3;5;7;8;9;11,II;aVR;aVF;V2;V3;V4;V6,7,0.9,1,0,0,0,1
1;3;5;7;8;10,II;aVR;aVF;V2;V3;V5,6,0.5,1,1,1,0,3
1;3;5;7;8;10,II;aVR;aVF;V2;V3;V5,6,0.6,1,1,1,0,3
1;3;5;7;8;10,II;aVR;aVF;V2;V3;V5,6,0.7,1,0,1,0,2
1;3;5;7;8;10,II;aVR;aVF;V2;V3;V5,6,0.8,1,0,0,0,1
1;3;5;7;8;10,II;aVR;aVF;V2;V3;V5,6,0.9,1,0,0,0,1
1;3;5;7;8;10;11,II;aVR;aVF;V2;V3;V5;V6,7,0.5,1,1,1,0,3
1;3;5;7;8;10;11,II;aVR;aVF;V2;V3;V5;V6,7,0.6,1,1,1,0,3
1;3;5;7;8;10;11,II;aVR;aVF;V2;V3;V5;V6,7,0.7,1,0,1,0,2
1;3;5;7;8;10;11,II;aVR;aVF;V2;V3;V5;V6,7,0.8,1,0,0,0,1
1;3;5;7;8;10;11,II;aVR;aVF;V2;V3;V5;V6,7,0.9,1,0,0,0,1
1;3;5;7;8;11,II;aVR;aVF;V2;V3;V6,6,0.5,1,1,1,0,3
1;3;5;7;8;11,II;aVR;aVF;V2;V3;V6,6,0.6,1,0,1,0,2
1;3;5;7;8;11,II;aVR;aVF;V2;V3;V6,6,0.7,1,0,1,0,2
1;3;5;7;8;11,II;aVR;aVF;V2;V3;V6,6,0.8,1,0,0,0,1
1;3;5;7;8;11,II;aVR;aVF;V2;V3;V6,6,0.9,1,0,0,0,1
1;3;5;7;9,II;aVR;aVF;V2;V4,5,0.5,1,1,1,0,3
1;3;5;7;9,II;aVR;aVF;V2;V4,5,0.6,1,1,1,0,3
1;3;5;7;9,II;aVR;aVF;V2;V4,5,0.7,1,0,1,0,2
1;3;5;7;9,II;aVR;aVF;V2;V4,5,0.8,1,0,1,0,2
1;3;5;7;9,II;aVR;aVF;V2;V4,5,0.9,1,0,0,0,1
1;3;5;7;9;10,II;aVR;aVF;V2;V4;V5,6,0.5,1,1,1,0,3
1;3;5;7;9;10,II;aVR;aVF;V2;V4;V5,6,0.6,1,1,1,0,3
1;3;5;7;9;10,II;aVR;aVF;V2;V4;V5,6,0.7,1,0,1,0,2
1;3;5;7;9;10,II;aVR;aVF;V2;V4;V5,6,0.8,1,0,0,0,1
1;3;5;7;9;10,II;aVR;aVF;V2;V4;V5,6,0.9,1,0,0,0,1
1;3;5;7;9;10;11,II;aVR;aVF;V2;V4;V5;V6,7,0.5,1,1,1,0,3
1;3;5;7;9;10;11,II;aVR;aVF;V2;V4;V5;V6,7,0.6,1,0,1,0,2
1;3;5;7;9;10;11,II;aVR;aVF;V2;V4;V5;V6,7,0.7,1,0,1,0,2
1;3;5;7;9;10;11,II;aVR;aVF;V2;V4;V5;V6,7,0.8,1,0,0,0,1
1;3;5;7;9;10;11,II;aVR;aVF;V2;V4;V5;V6,7,0.9,1,0,0,0,1
1;3;5;7;9;11,II;aVR;aVF;V2;V4;V6,6,0.5,1,1,1,0,3
1;3;5;7;9;11,II;aVR;aVF;V2;V4;V6,6,0.6,1,0,1,0,2
1;3;5;7;9;11,II;aVR;aVF;V2;V4;V6,6,0.7,1,0,1,0,2
1;3;5;7;9;11,II;aVR;aVF;V2;V4;V6,6,0.8,1,0,0,0,1
1;3;5;7;9;11,II;aVR;aVF;V2;V4;V6,6,0.9,1,0,0,0,1
1;3;5;7;10,II;aVR;aVF;V2;V5,5,0.5,1,1,1,0,3
1;3;5;7;10,II;aVR;aVF;V2;V5,5,0.6,1,0,1,0,2
1;3;5;7;10,II;aVR;aVF;V2;V5,5,0.7,1,0,1,0,2
1;3;5;7;10,II;aVR;aVF;V2;V5,5,0.8,1,0,1,0,2
1;3;5;7;10,II;aVR;aVF;V2;V5,5,0.9,1,0,0,0,1
1;3;5;7;10;11,II;aVR;aVF;V2;V5;V6,6,0.5,1,1,1,0,3
1;3;5;7;10;11,II;aVR;aVF;V2;V5;V6,6,0.6,1,1,1,0,3
1;3;5;7;10;11,II;aVR;aVF;V2;V5;V6,6,0.7,1,0,1,0,2
1;3;5;7;10;11,II;aVR;aVF;V2;V5;V6,6,0.8,1,0,0,0,1
1;3;5;7;10;11,II;aVR;aVF;V2;V5;V6,6,0.9,1,0,0,0,1
1;3;5;7;11,II;aVR;aVF;V2;V6,5,0.5,1,1,1,0,3
1;3;5;7;11,II;aVR;aVF;V2;V6,5,0.6,1,1,1,0,3
1;3;5;7;11,II;aVR;aVF;V2;V6,5,0.7,1,0,1,0,2
1;3;5;7;11,II;aVR;aVF;V2;V6,5,0.8,1,0,0,0,1
1;3;5;7;11,II;aVR;aVF;V2;V6,5,0.9,1,0,0,0,1
1;3;5;8,II;aVR;aVF;V3,4,0.5,1,1,1,0,3
1;3;5;8,II;aVR;aVF;V3,4,0.6,1,0,1,0,2
1;3;5;8,II;aVR;aVF;V3,4,0.7,1,0,1,0,2
1;3;5;8,II;aVR;aVF;V3,4,0.8,1,0,1,0,2
1;3;5;8,II;aVR;aVF;V3,4,0.9,1,0,0,0,1
1;3;5;8;9,II;aVR;aVF;V3;V4,5,0.5,1,1,1,0,3
1;3;5;8;9,II;aVR;aVF;V3;V4,5,0.6,1,1,1,0,3
1;3;5;8;9,II;aVR;aVF;V3;V4,5,0.7,1,0,1,0,2
1;3;5;8;9,II;aVR;aVF;V3;V4,5,0.8,1,0,1,0,2
1;3;5;8;9,II;aVR;aVF;V3;V4,5,0.9,1,0,0,0,1
1;3;5;8;9;10,II;aVR;aVF;V3;V4;V5,6,0.5,1,1,1,0,3
1;3;5;8;9;10,II;aVR;aVF;V3;V4;V5,6,0.6,1,0,1,0,2
1;3;5;8;9;10,II;aVR;aVF;V3;V4;V5,6,0.7,1,0,1,0,2
1;3;5;8;9;10,II;aVR;aVF;V3;V4;V5,6,0.8,1,0,0,0,1
1;3;5;8;9;10,II;aVR;aVF;V3;V4;V5,6,0.9,1,0,0,0,1
1;3;5;8;9;10;11,II;aVR;aVF;V3;V4;V5;V6,7,0.5,1,1,1,0,3
1;3;5;8;9;10;11,II;aVR;aVF;V3;V4;V5;V6,7,0.6,1,0,1,0,2
1;3;5;8;9;10;11,II;aVR;aVF;V3;V4;V5;V6,7,0.7,1,0,1,0,2
1;3;5;8;9;10;11,II;aVR;aVF;V3;V4;V5;V6,7,0.8,1,0,0,0,1
1;3;5;8;9;10;11,II;aVR;aVF;V3;V4;V5;V6,7,0.9,1,0,0,0,1
1;3;5;8;9;11,II;aVR;aVF;V3;V4;V6,6,0.5,1,1,1,0,3
1;3;5;8;9;11,II;aVR;aVF;V3;V4;V6,6,0.6,1,0,1,0,2
1;3;5;8;9;11,II;aVR;aVF;V3;V4;V6,6,0.7,1,0,1,0,2
1;3;5;8;9;11,II;aVR;aVF;V3;V4;V6,6,0.8,1,0,0,0,1
1;3;5;8;9;11,II;aVR;aVF;V3;V4;V6,6,0.9,1,0,0,0,1
1;3;5;8;10,II;aVR;aVF;V3;V5,5,0.5,1,1,1,0,3
1;3;5;8;10,II;aVR;aVF;V3;V5,5,0.6,1,0,1,0,2
1;3;5;8;10,II;aVR;aVF;V3;V5,5,0.7,1,0,1,0,2
1;3;5;8;10,II;aVR;aVF;V3;V5,5,0.8,1,0,0,0,1
1;3;5;8;10,II;aVR;aVF;V3;V5,5,0.9,1,0,0,0,1
1;3;5;8;10;11,II;aVR;aVF;V3;V5;V6,6,0.5,1,1,1,0,3
1;3;5;8;10;11,II;aVR;aVF;V3;V5;V6,6,0.6,1,0,1,0,2
1;3;5;8;10;11,II;aVR;aVF;V3;V5;V6,6,0.7,1,0,1,0,2
1;3;5;8;10;11,II;aVR;aVF;V3;V5;V6,6,0.8,1,0,0,0,1
1;3;5;8;10;11,II;aVR;aVF;V3;V5;V6,6,0.9,1,0,0,0,1
1;3;5;8;11,II;aVR;aVF;V3;V6,5,0.5,1,1,1,0,3
1;3;5;8;11,II;aVR;aVF;V3;V6,5,0.6,1,0,1,0,2
1;3;5;8;11,II;aVR;aVF;V3;V6,5,0.7,1,0,1,0,2
1;3;5;8;11,II;aVR;aVF;V3;V6,5,0.8,1,0,0,0,1
1;3;5;8;11,II;aVR;aVF;V3;V6,5,0.9,1,0,0,0,1
1;3;5;9,II;aVR;aVF;V4,4,0.5,1,1,1,0,3
1;3;5;9,II;aVR;aVF;V4,4,0.6,1,1,1,0,3
1;3;5;9,II;aVR;aVF;V4,4,0.7,1,0,1,0,2
1;3;5;9,II;aVR;aVF;V4,4,0.8,1,0,1,0,2
1;3;5;9,II;aVR;aVF;V4,4,0.9,1,0,0,0,1
1;3;5;9;10,II;aVR;aVF;V4;V5,5,0.5,1,1,1,0,3
1;3;5;9;10,II;aVR;aVF;V4;V5,5,0.6,1,0,1,0,2
1;3;5;9;10,II;aVR;aVF;V4;V5,5,0.7,1,0,1,0,2
1;3;5;9;10,II;aVR;aVF;V4;V5,5,0.8,1,0,0,0,1
1;3;5;9;10,II;aVR;aVF;V4;V5,5,0.9,1,0,0,0,1
1;3;5;9;10;11,II;aVR;aVF;V4;V5;V6,6,0.5,1,1,1,0,3
1;3;5;9;10;11,II;aVR;aVF;V4;V5;V6,6,0.6,1,0,1,0,2
1;3;5;9;10;11,II;aVR;aVF;V4;V5;V6,6,0.7,1,0,1,0,2
1;3;5;9;10;11,II;aVR;aVF;V4;V5;V6,6,0.8,1,0,0,0,1
1;3;5;9;10;11,II;aVR;aVF;V4;V5;V6,6,0.9,1,0,0,0,1
1;3;5;9;11,II;aVR;aVF;V4;V6,5,0.5,1,1,1,0,3
1;3;5;9;11,II;aVR;aVF;V4;V6,5,0.6,1,0,1,0,2
1;3;5;9;11,II;aVR;aVF;V4;V6,5,0.7,1,0,1,0,2
1;3;5;9;11,II;aVR;aVF;V4;V6,5,0.8,1,0,0,0,1
1;3;5;9;11,II;aVR;aVF;V4;V6,5,0.9,1,0,0,0,1
1;3;5;10,II;aVR;aVF;V5,4,0.5,1,1,1,0,3
1;3;5;10,II;aVR;aVF;V5,4,0.6,1,0,1,0,2
1;3;5;10,II;aVR;aVF;V5,4,0.7,1,0,1,0,2
1;3;5;10,II;aVR;aVF;V5,4,0.8,1,0,1,0,2
1;3;5;10,II;aVR;aVF;V5,4,0.9,1,0,0,0,1
1;3;5;10;11,II;aVR;aVF;V5;V6,5,0.5,1,1,1,0,3
1;3;5;10;11,II;aVR;aVF;V5;V6,5,0.6,1,1,1,0,3
1;3;5;10;11,II;aVR;aVF;V5;V6,5,0.7,1,0,1,0,2
1;3;5;10;11,II;aVR;aVF;V5;V6,5,0.8,1,0,0,0,1
1;3;5;10;11,II;aVR;aVF;V5;V6,5,0.9,1,0,0,0,1
1;3;5;11,II;aVR;aVF;V6,4,0.5,1,1,1,0,3
1;3;5;11,II;aVR;aVF;V6,4,0.6,1,0,1,0,2
1;3;5;11,II;aVR;aVF;V6,4,0.7,1,0,1,0,2
1;3;5;11,II;aVR;aVF;V6,4,0.8,1,0,0,0,1
1;3;5;11,II;aVR;aVF;V6,4,0.9,1,0,0,0,1
1;3;6,II;aVR;V1,4,0.5,1,1,1,0,3
1;3;6,II;aVR;V1,4,0.6,1,1,1,0,3
1;3;6,II;aVR;V1,4,0.7,1,0,1,0,2
1;3;6,II;aVR;V1,4,0.8,1,0,1,0,2
1;3;6,II;aVR;V1,4,0.9,1,0,0,0,1
1;3;6;7,II;aVR;V1;V2,5,0.5,1,1,1,0,3
1;3;6;7,II;aVR;V1;V2,5,0.6,1,1,1,0,3
1;3;6;7,II;aVR;V1;V2,5,0.7,1,0,1,0,2
1;3;6;7,II;aVR;V1;V2,5,0.8,1,0,1,0,2
1;3;6;7,II;aVR;V1;V2,5,0.9,1,0,0,0,1
1;3;6;7;8,II;aVR;V1;V2;V3,6,0.5,1,1,1,0,3
1;3;6;7;8,II;aVR;V1;V2;V3,6,0.6,1,0,1,0,2
1;3;6;7;8,II;aVR;V1;V2;V3,6,0.7,1,0,1,0,2
1;3;6;7;8,II;aVR;V1;V2;V3,6,0.8,1,0,1,0,2
1;3;6;7;8,II;aVR;V1;V2;V3,6,0.9,1,0,0,0,1
1;3;6;7;8;9,II;aVR;V1;V2;V3;V4,7,0.5,1,1,1,0,3
1;3;6;7;8;9,II;aVR;V1;V2;V3;V4,7,0.6,1,0,1,0,2
1;3;6;7;8;9,II;aVR;V1;V2;V3;V4,7,0.7,1,0,1,0,2
1;3;6;7;8;9,II;aVR;V1;V2;V3;V4,7,0.8,1,0,1,0,2
1;3;6;7;8;9,II;aVR;V1;V2;V3;V4,7,0.9,1,0,0,0,1
1;3;6;7;8;9;10,II;aVR;V1;V2;V3;V4;V5,8,0.5,1,1,1,0,3
1;3;6;7;8;9;10,II;aVR;V1;V2;V3;V4;V5,8,0.6,1,0,1,0,2
1;3;6;7;8;9;10,II;aVR;V1;V2;V3;V4;V5,8,0.7,1,0,1,0,2
1;3;6;7;8;9;10,II;aVR;V1;V2;V3;V4;V5,8,0.8,1,0,1,0,2
1;3;6;7;8;9;10,II;aVR;V1;V2;V3;V4;V5,8,0.9,1,0,0,0,1
1;3;6;7;8;9;10;11,II;aVR;V1;V2;V3;V4;V5;V6,9,0.5,1,1,1,0,3
1;3;6;7;8;9;10;11,II;aVR;V1;V2;V3;V4;V5;V6,9,0.6,1,1,1,0,3
1;3;6;7;8;9;10;11,II;aVR;V1;V2;V3;V4;V5;V6,9,0.7,1,0,1,0,2
1;3;6;7;8;9;10;11,II;aVR;V1;V2;V3;V4;V5;V6,9,0.8,1,0,1,0,2
1;3;6;7;8;9;10;11,II;aVR;V1;V2;V3;V4;V5;V6,9,0.9,1,0,0,0,1
1;3;6;7;8;9;11,II;aVR;V1;V2;V3;V4;V6,8,0.5,1,1,1,0,3
1;3;6;7;8;9;11,II;aVR;V1;V2;V3;V4;V6,8,0.6,1,1,1,0,3
1;3;6;7;8;9;11,II;aVR;V1;V2;V3;V4;V6,8,0.7,1,0,1,0,2
1;3;6;7;8;9;11,II;aVR;V1;V2;V3;V4;V6,8,0.8,1,0,1,0,2
1;3;6;7;8;9;11,II;aVR;V1;V2;V3;V4;V6,8,0.9,1,0,0,0,1
1;3;6;7;8;10,II;aVR;V1;V2;V3;V5,7,0.5,1,1,1,0,3
1;3;6;7;8;10,II;aVR;V1;V2;V3;V5,7,0.6,1,0,1,0,2
1;3;6;7;8;10,II;aVR;V1;V2;V3;V5,7,0.7,1,0,1,0,2
1;3;6;7;8;10,II;aVR;V1;V2;V3;V5,7,0.8,1,0,1,0,2
1;3;6;7;8;10,II;aVR;V1;V2;V3;V5,7,0.9,1,0,0,0,1
1;3;6;7;8;10;11,II;aVR;V1;V2;V3;V5;V6,8,0.5,1,1,1,0,3
1;3;6;7;8;10;11,II;aVR;V1;V2;V3;V5;V6,8,0.6,1,1,1,0,3
1;3;6;7;8;10;11,II;aVR;V1;V2;V3;V5;V6,8,0.7,1,0,1,0,2
1;3;6;7;8;10;11,II;aVR;V1;V2;V3;V5;V6,8,0.8,1,0,1,0,2
1;3;6;7;8;10;11,II;aVR;V1;V2;V3;V5;V6,8,0.9,1,0,0,0,1
1;3;6;7;8;11,II;aVR;V1;V2;V3;V6,7,0.5,1,1,1,0,3
1;3;6;7;8;11,II;aVR;V1;V2;V3;V6,7,0.6,1,0,1,0,2
1;3;6;7;8;11,II;aVR;V1;V2;V3;V6,7,0.7,1,0,1,0,2
1;3;6;7;8;11,II;aVR;V1;V2;V3;V6,7,0.8,1,0,1,0,2
1;3;6;7;8;11,II;aVR;V1;V2;V3;V6,7,0.9,1,0,0,0,1
1;3;6;7;9,II;aVR;V1;V2;V4,6,0.5,1,1,1,0,3
1;3;6;7;9,II;aVR;V1;V2;V4,6,0.6,1,1,1,0,3
1;3;6;7;9,II;aVR;V1;V2;V4,6,0.7,1,0,1,0,2
1;3;6;7;9,II;aVR;V1;V2;V4,6,0.8,1,0,1,0,2
1;3;6;7;9,II;aVR;V1;V2;V4,6,0.9,1,0,0,0,1
1;3;6;7;9;10,II;aVR;V1;V2;V4;V5,7,0.5,1,1,1,0,3
1;3;6;7;9;10,II;aVR;V1;V2;V4;V5,7,0.6,1,1,1,0,3
1;3;6;7;9;10,II;aVR;V1;V2;V4;V5,7,0.7,1,0,1,0,2
1;3;6;7;9;10,II;aVR;V1;V2;V4;V5,7,0.8,1,0,1,0,2
1;3;6;7;9;10,II;aVR;V1;V2;V4;V5,7,0.9,1,0,0,0,1
1;3;6;7;9;10;11,II;aVR;V1;V2;V4;V5;V6,8,0.5,1,1,1,0,3
1;3;6;7;9;10;11,II;aVR;V1;V2;V4;V5;V6,8,0.6,1,1,1,0,3
1;3;6;7;9;10;11,II;aVR;V1;V2;V4;V5;V6,8,0.7,1,0,1,0,2
1;3;6;7;9;10;11,II;aVR;V1;V2;V4;V5;V6,8,0.8,1,0,1,0,2
1;3;6;7;9;10;11,II;aVR;V1;V2;V4;V5;V6,8,0.9,1,0,0,0,1
1;3;6;7;9;11,II;aVR;V1;V2;V4;V6,7,0.5,1,1,1,0,3
1;3;6;7;9;11,II;aVR;V1;V2;V4;V6,7,0.6,1,1,1,0,3
1;3;6;7;9;11,II;aVR;V1;V2;V4;V6,7,0.7,1,0,1,0,2
1;3;6;7;9;11,II;aVR;V1;V2;V4;V6,7,0.8,1,0,1,0,2
1;3;6;7;9;11,II;aVR;V1;V2;V4;V6,7,0.9,1,0,0,0,1
1;3;6;7;10,II;aVR;V1;V2;V5,6,0.5,1,1,1,0,3
1;3;6;7;10,II;aVR;V1;V2;V5,6,0.6,1,0,1,0,2
1;3;6;7;10,II;aVR;V1;V2;V5,6,0.7,1,0,1,0,2
1;3;6;7;10,II;aVR;V1;V2;V5,6,0.8,1,0,1,0,2
1;3;6;7;10,II;aVR;V1;V2;V5,6,0.9,1,0,0,0,1
1;3;6;7;10;11,II;aVR;V1;V2;V5;V6,7,0.5,1,1,1,0,3
1;3;6;7;10;11,II;aVR;V1;V2;V5;V6,7,0.6,1,0,1,0,2
1;3;6;7;10;11,II;aVR;V1;V2;V5;V6,7,0.7,1,0,1,0,2
1;3;6;7;10;11,II;aVR;V1;V2;V5;V6,7,0.8,1,0,1,0,2
1;3;6;7;10;11,II;aVR;V1;V2;V5;V6,7,0.9,1,0,0,0,1
1;3;6;7;11,II;aVR;V1;V2;V6,6,0.5,1,1,1,0,3
1;3;6;7;11,II;aVR;V1;V2;V6,6,0.6,1,1,1,0,3
1;3;6;7;11,II;aVR;V1;V2;V6,6,0.7,1,0,1,0,2
1;3;6;7;11,II;aVR;V1;V2;V6,6,0.8,1,0,1,0,2
1;3;6;7;11,II;aVR;V1;V2;V6,6,0.9,1,0,0,0,1
1;3;6;8,II;aVR;V1;V3,5,0.5,1,1,1,0,3
1;3;6;8,II;aVR;V1;V3,5,0.6,1,0,1,0,2
1;3;6;8,II;aVR;V1;V3,5,0.7,1,0,1,0,2
1;3;6;8,II;aVR;V1;V3,5,0.8,1,0,1,0,2
1;3;6;8,II;aVR;V1;V3,5,0.9,1,0,0,0,1
1;3;6;8;9,II;aVR;V1;V3;V4,6,0.5,1,1,1,0,3
1;3;6;8;9,II;aVR;V1;V3;V4,6,0.6,1,0,1,0,2
1;3;6;8;9,II;aVR;V1;V3;V4,6,0.7,1,0,1,0,2
1;3;6;8;9,II;aVR;V1;V3;V4,6,0.8,1,0,1,0,2
1;3;6;8;9,II;aVR;V1;V3;V4,6,0.9,1,0,0,0,1
1;3;6;8;9;10,II;aVR;V1;V3;V4;V5,7,0.5,1,1,1,0,3
1;3;6;8;9;10,II;aVR;V1;V3;V4;V5,7,0.6,1,0,1,0,2
1;3;6;8;9;10,II;aVR;V1;V3;V4;V5,7,0.7,1,0,1,0,2
1;3;6;8;9;10,II;aVR;V1;V3;V4;V5,7,0.8,1,0,1,0,2
1;3;6;8;9;10,II;aVR;V1;V3;V4;V5,7,0.9,1,0,0,0,1
1;3;6;8;9;10;11,II;aVR;V1;V3;V4;V5;V6,8,0.5,1,1,1,0,3
1;3;6;8;9;10;11,II;aVR;V1;V3;V4;V5;V6,8,0.6,1,1,1,0,3
1;3;6;8;9;10;11,II;aVR;V1;V3;V4;V5;V6,8,0.7,1,0,1,0,2
1;3;6;8;9;10;11,II;aVR;V1;V3;V4;V5;V6,8,0.8,1,0,1,0,2
1;3;6;8;9;10;11,II;aVR;V1;V3;V4;V5;V6,8,0.9,1,0,0,0,1
1;3;6;8;9;11,II;aVR;V1;V3;V4;V6,7,0.5,1,1,1,0,3
1;3;6;8;9;11,II;aVR;V1;V3;V4;V6,7,0.6,1,0,1,0,2
1;3;6;8;9;11,II;aVR;V1;V3;V4;V6,7,0.7,1,0,1,0,2
1;3;6;8;9;11,II;aVR;V1;V3;V4;V6,7,0.8,1,0,1,0,2
1;3;6;8;9;11,II;aVR;V1;V3;V4;V6,7,0.9,1,0,0,0,1
1;3;6;8;10,II;aVR;V1;V3;V5,6,0.5,1,1,1,0,3
1;3;6;8;10,II;aVR;V1;V3;V5,6,0.6,1,0,1,0,2
1;3;6;8;10,II;aVR;V1;V3;V5,6,0.7,1,0,1,0,2
1;3;6;8;10,II;aVR;V1;V3;V5,6,0.8,1,0,1,0,2
1;3;6;8;10,II;aVR;V1;V3;V5,6,0.9,1,0,0,0,1
1;3;6;8;10;11,II;aVR;V1;V3;V5;V6,7,0.5,1,1,1,0,3
1;3;6;8;10;11,II;aVR;V1;V3;V5;V6,7,0.6,1,0,1,0,2
1;3;6;8;10;11,II;aVR;V1;V3;V5;V6,7,0.7,1,0,1,0,2
1;3;6;8;10;11,II;aVR;V1;V3;V5;V6,7,0.8,1,0,1,0,2
1;3;6;8;10;11,II;aVR;V1;V3;V5;V6,7,0.9,1,0,0,0,1
1;3;6;8;11,II;aVR;V1;V3;V6,6,0.5,1,1,1,0,3
1;3;6;8;11,II;aVR;V1;V3;V6,6,0.6,1,0,1,0,2
1;3;6;8;11,II;aVR;V1;V3;V6,6,0.7,1,0,1,0,2
1;3;6;8;11,II;aVR;V1;V3;V6,6,0.8,1,0,1,0,2
1;3;6;8;11,II;aVR;V1;V3;V6,6,0.9,1,0,0,0,1
1;3;6;9,II;aVR;V1;V4,5,0.5,1,1,1,0,3
1;3;6;9,II;aVR;V1;V4,5,0.6,1,1,1,0,3
1;3;6;9,II;aVR;V1;V4,5,0.7,1,0,1,0,2
1;3;6;9,II;aVR;V1;V4,5,0.8,1,0,1,0,2
1;3;6;9,II;aVR;V1;V4,5,0.9,1,0,0,0,1
1;3;6;9;10,II;aVR;V1;V4;V5,6,0.5,1,1,1,0,3
1;3;6;9;10,II;aVR;V1;V4;V5,6,0.6,1,0,1,0,2
1;3;6;9;10,II;aVR;V1;V4;V5,6,0.7,1,0,1,0,2
1;3;6;9;10,II;aVR;V1;V4;V5,6,0.8,1,0,1,0,2
1;3;6;9;10,II;aVR;V1;V4;V5,6,0.9,1,0,0,0,1
1;3;6;9;10;11,II;aVR;V1;V4;V5;V6,7,0.5,1,1,1,0,3
1;3;6;9;10;11,II;aVR;V1;V4;V5;V6,7,0.6,1,0,1,0,2
1;3;6;9;10;11,II;aVR;V1;V4;V5;V6,7,0.7,1,0,1,0,2
1;3;6;9;10;11,II;aVR;V1;V4;V5;V6,7,0.8,1,0,1,0,2
1;3;6;9;10;11,II;aVR;V1;V4;V5;V6,7,0.9,1,0,0,0,1
1;3;6;9;11,II;aVR;V1;V4;V6,6,0.5,1,1,1,0,3
1;3;6;9;11,II;aVR;V1;V4;V6,6,0.6,1,0,1,0,2
1;3;6;9;11,II;aVR;V1;V4;V6,6,0.7,1,0,1,0,2
1;3;6;9;11,II;aVR;V1;V4;V6,6,0.8,1,0,1,0,2
1;3;6;9;11,II;aVR;V1;V4;V6,6,0.9,1,0,0,0,1
1;3;6;10,II;aVR;V1;V5,5,0.5,1,1,1,0,3
1;3;6;10,II;aVR;V1;V5,5,0.6,1,0,1,0,2
1;3;6;10,II;aVR;V1;V5,5,0.7,1,0,1,0,2
1;3;6;10,II;aVR;V1;V5,5,0.8,1,0,1,0,2
1;3;6;10,II;aVR;V1;V5,5,0.9,1,0,0,0,1
1;3;6;10;11,II;aVR;V1;V5;V6,6,0.5,1,1,1,0,3
1;3;6;10;11,II;aVR;V1;V5;V6,6,0.6,1,0,1,0,2
1;3;6;10;11,II;aVR;V1;V5;V6,6,0.7,1,0,1,0,2
1;3;6;10;11,II;aVR;V1;V5;V6,6,0.8,1,0,1,0,2
1;3;6;10;11,II;aVR;V1;V5;V6,6,0.9,1,0,0,0,1
1;3;6;11,II;aVR;V1;V6,5,0.5,1,1,1,0,3
1;3;6;11,II;aVR;V1;V6,5,0.6,1,1,1,0,3
1;3;6;11,II;aVR;V1;V6,5,0.7,1,0,1,0,2
1;3;6;11,II;aVR;V1;V6,5,0.8,1,0,1,0,2
1;3;6;11,II;aVR;V1;V6,5,0.9,1,0,0,0,1
1;3;7,II;aVR;V2,4,0.5,1,1,1,0,3
1;3;7,II;aVR;V2,4,0.6,1,1,1,0,3
1;3;7,II;aVR;V2,4,0.7,1,0,1,0,2
1;3;7,II;aVR;V2,4,0.8,1,0,1,0,2
1;3;7,II;aVR;V2,4,0.9,1,0,0,0,1
1;3;7;8,II;aVR;V2;V3,5,0.5,1,1,1,0,3
1;3;7;8,II;aVR;V2;V3,5,0.6,1,0,1,0,2
1;3;7;8,II;aVR;V2;V3,5,0.7,1,0,1,0,2
1;3;7;8,II;aVR;V2;V3,5,0.8,1,0,1,0,2
1;3;7;8,II;aVR;V2;V3,5,0.9,1,0,0,0,1
1;3;7;8;9,II;aVR;V2;V3;V4,6,0.5,1,1,1,0,3
1;3;7;8;9,II;aVR;V2;V3;V4,6,0.6,1,0,1,0,2
1;3;7;8;9,II;aVR;V2;V3;V4,6,0.7,1,0,1,0,2
1;3;7;8;9,II;aVR;V2;V3;V4,6,0.8,1,0,1,0,2
1;3;7;8;9,II;aVR;V2;V3;V4,6,0.9,1,0,0,0,1
1;3;7;8;9;10,II;aVR;V2;V3;V4;V5,7,0.5,1,1,1,0,3
1;3;7;8;9;10,II;aVR;V2;V3;V4;V5,7,0.6,1,0,1,0,2
1;3;7;8;9;10,II;aVR;V2;V3;V4;V5,7,0.7,1,0,1,0,2
1;3;7;8;9;10,II;aVR;V2;V3;V4;V5,7,0.8,1,0,0,0,1
1;3;7;8;9;10,II;aVR;V2;V3;V4;V5,7,0.9,1,0,0,0,1
1;3;7;8;9;10;11,II;aVR;V2;V3;V4;V5;V6,8,0.5,1,1,1,0,3
1;3;7;8;9;10;11,II;aVR;V2;V3;V4;V5;V6,8,0.6,1,0,1,0,2
1;3;7;8;9;10;11,II;aVR;V2;V3;V4;V5;V6,8,0.7,1,0,1,0,2
1;3;7;8;9;10;11,II;aVR;V2;V3;V4;V5;V6,8,0.8,1,0,0,0,1
1;3;7;8;9;10;11,II;aVR;V2;V3;V4;V5;V6,8,0.9,1,0,0,0,1
1;3;7;8;9;11,II;aVR;V2;V3;V4;V6,7,0.5,1,1,1,0,3
1;3;7;8;9;11,II;aVR;V2;V3;V4;V6,7,0.6,1,1,1,0,3
1;3;7;8;9;11,II;aVR;V2;V3;V4;V6,7,0.7,1,0,1,0,2
1;3;7;8;9;11,II;aVR;V2;V3;V4;V6,7,0.8,1,0,1,0,2
1;3;7;8;9;11,II;aVR;V2;V3;V4;V6,7,0.9,1,0,0,0,1
1;3;7;8;10,II;aVR;V2;V3;V5,6,0.5,1,1,1,0,3
1;3;7;8;10,II;aVR;V2;V3;V5,6,0.6,1,0,1,0,2
1;3;7;8;10,II;aVR;V2;V3;V5,6,0.7,1,0,1,0,2
1;3;7;8;10,II;aVR;V2;V3;V5,6,0.8,1,0,0,0,1
1;3;7;8;10,II;aVR;V2;V3;V5,6,0.9,1,0,0,0,1
1;3;7;8;10;11,II;aVR;V2;V3;V5;V6,7,0.5,1,1,1,0,3
1;3;7;8;10;11,II;aVR;V2;V3;V5;V6,7,0.6,1,0,1,0,2
1;3;7;8;10;11,II;aVR;V2;V3;V5;V6,7,0.7,1,0,1,0,2
1;3;7;8;10;11,II;aVR;V2;V3;V5;V6,7,0.8,1,0,1,0,2
1;3;7;8;10;11,II;aVR;V2;V3;V5;V6,7,0.9,1,0,0,0,1
1;3;7;8;11,II;aVR;V2;V3;V6,6,0.5,1,1,1,0,3
1;3;7;8;11,II;aVR;V2;V3;V6,6,0.6,1,0,1,0,2
1;3;7;8;11,II;aVR;V2;V3;V6,6,0.7,1,0,1,0,2
1;3;7;8;11,II;aVR;V2;V3;V6,6,0.8,1,0,1,0,2
1;3;7;8;11,II;aVR;V2;V3;V6,6,0.9,1,0,0,0,1
1;3;7;9,II;aVR;V2;V4,5,0.5,1,1,1,0,3
1;3;7;9,II;aVR;V2;V4,5,0.6,1,1,1,0,3
1;3;7;9,II;aVR;V2;V4,5,0.7,1,0,1,0,2
1;3;7;9,II;aVR;V2;V4,5,0.8,1,0,1,0,2
1;3;7;9,II;aVR;V2;V4,5,0.9,1,0,0,0,1
1;3;7;9;10,II;aVR;V2;V4;V5,6,0.5,1,1,1,0,3
1;3;7;9;10,II;aVR;V2;V4;V5,6,0.6,1,0,1,0,2
1;3;7;9;10,II;aVR;V2;V4;V5,6,0.7,1,0,1,0,2
1;3;7;9;10,II;aVR;V2;V4;V5,6,0.8,1,0,1,0,2
1;3;7;9;10,II;aVR;V2;V4;V5,6,0.9,1,0,0,0,1
1;3;7;9;10;11,II;aVR;V2;V4;V5;V6,7,0.5,1,1,1,0,3
1;3;7;9;10;11,II;aVR;V2;V4;V5;V6,7,0.6,1,1,1,0,3
1;3;7;9;10;11,II;aVR;V2;V4;V5;V6,7,0.7,1,0,1,0,2
1;3;7;9;10;11,II;aVR;V2;V4;V5;V6,7,0.8,1,0,1,0,2
1;3;7;9;10;11,II;aVR;V2;V4;V5;V6,7,0.9,1,0,0,0,1
1;3;7;9;11,II;aVR;V2;V4;V6,6,0.5,1,1,1,0,3
1;3;7;9;11,II;aVR;V2;V4;V6,6,0.6,1,0,1,0,2
1;3;7;9;11,II;aVR;V2;V4;V6,6,0.7,1,0,1,0,2
1;3;7;9;11,II;aVR;V2;V4;V6,6,0.8,1,0,1,0,2
1;3;7;9;11,II;aVR;V2;V4;V6,6,0.9,1,0,0,0,1
1;3;7;10,II;aVR;V2;V5,5,0.5,1,1,1,0,3
1;3;7;10,II;aVR;V2;V5,5,0.6,1,1,1,0,3
1;3;7;10,II;aVR;V2;V5,5,0.7,1,0,1,0,2
1;3;7;10,II;aVR;V2;V5,5,0.8,1,0,0,0,1
1;3;7;10,II;aVR;V2;V5,5,0.9,1,0,0,0,1
1;3;7;10;11,II;aVR;V2;V5;V6,6,0.5,1,1,1,0,3
1;3;7;10;11,II;aVR;V2;V5;V6,6,0.6,1,1,1,0,3
1;3;7;10;11,II;aVR;V2;V5;V6,6,0.7,1,0,1,0,2
1;3;7;10;11,II;aVR;V2;V5;V6,6,0.8,1,0,1,0,2
1;3;7;10;11,II;aVR;V2;V5;V6,6,0.9,1,0,0,0,1
1;3;7;11,II;aVR;V2;V6,5,0.5,1,1,1,0,3
1;3;7;11,II;aVR;V2;V6,5,0.6,1,1,1,0,3
1;3;7;11,II;aVR;V2;V6,5,0.7,1,0,1,0,2
1;3;7;11,II;aVR;V2;V6,5,0.8,1,0,1,0,2
1;3;7;11,II;aVR;V2;V6,5,0.9,1,0,0,0,1
1;3;8,II;aVR;V3,4,0.5,1,1,1,0,3
1;3;8,II;aVR;V3,4,0.6,1,0,1,0,2
1;3;8,II;aVR;V3,4,0.7,1,0,1,0,2
1;3;8,II;aVR;V3,4,0.8,1,0,1,0,2
1;3;8,II;aVR;V3,4,0.9,1,0,0,0,1
1;3;8;9,II;aVR;V3;V4,5,0.5,1,1,1,0,3
1;3;8;9,II;aVR;V3;V4,5,0.6,1,1,1,0,3
1;3;8;9,II;aVR;V3;V4,5,0.7,1,0,1,0,2
1;3;8;9,II;aVR;V3;V4,5,0.8,1,0,1,0,2
1;3;8;9,II;aVR;V3;V4,5,0.9,1,0,0,0,1
1;3;8;9;10,II;aVR;V3;V4;V5,6,0.5,1,1,1,0,3
1;3;8;9;10,II;aVR;V3;V4;V5,6,0.6,1,1,1,0,3
1;3;8;9;10,II;aVR;V3;V4;V5,6,0.7,1,0,1,0,2
1;3;8;9;10,II;aVR;V3;V4;V5,6,0.8,1,0,1,0,2
1;3;8;9;10,II;aVR;V3;V4;V5,6,0.9,1,0,0,0,1
1;3;8;9;10;11,II;aVR;V3;V4;V5;V6,7,0.5,1,1,1,0,3
1;3;8;9;10;11,II;aVR;V3;V4;V5;V6,7,0.6,1,0,1,0,2
1;3;8;9;10;11,II;aVR;V3;V4;V5;V6,7,0.7,1,0,1,0,2
1;3;8;9;10;11,II;aVR;V3;V4;V5;V6,7,0.8,1,0,0,0,1
1;3;8;9;10;11,II;aVR;V3;V4;V5;V6,7,0.9,1,0,0,0,1
1;3;8;9;11,II;aVR;V3;V4;V6,6,0.5,1,1,1,0,3
1;3;8;9;11,II;aVR;V3;V4;V6,6,0.6,1,0,1,0,2
1;3;8;9;11,II;aVR;V3;V4;V6,6,0.7,1,0,1,0,2
1;3;8;9;11,II;aVR;V3;V4;V6,6,0.8,1,0,0,0,1
1;3;8;9;11,II;aVR;V3;V4;V6,6,0.9,1,0,0,0,1
1;3;8;10,II;aVR;V3;V5,5,0.5,1,1,1,0,3
1;3;8;10,II;aVR;V3;V5,5,0.6,1,0,1,0,2
1;3;8;10,II;aVR;V3;V5,5,0.7,1,0,1,0,2
1;3;8;10,II;aVR;V3;V5,5,0.8,1,0,0,0,1
1;3;8;10,II;aVR;V3;V5,5,0.9,1,0,0,0,1
1;3;8;10;11,II;aVR;V3;V5;V6,6,0.5,1,1,1,0,3
1;3;8;10;11,II;aVR;V3;V5;V6,6,0.6,1,0,1,0,2
1;3;8;10;11,II;aVR;V3;V5;V6,6,0.7,1,0,1,0,2
1;3;8;10;11,II;aVR;V3;V5;V6,6,0.8,1,0,0,0,1
1;3;8;10;11,II;aVR;V3;V5;V6,6,0.9,1,0,0,0,1
1;3;8;11,II;aVR;V3;V6,5,0.5,1,1,1,0,3
1;3;8;11,II;aVR;V3;V6,5,0.6,1,0,1,0,2
1;3;8;11,II;aVR;V3;V6,5,0.7,1,0,1,0,2
1;3;8;11,II;aVR;V3;V6,5,0.8,1,0,0,0,1
1;3;8;11,II;aVR;V3;V6,5,0.9,1,0,0,0,1
1;3;9,II;aVR;V4,4,0.5,1,1,1,0,3
1;3;9,II;aVR;V4,4,0.6,1,1,1,0,3
1;3;9,II;aVR;V4,4,0.7,1,0,1,0,2
1;3;9,II;aVR;V4,4,0.8,1,0,1,0,2
1;3;9,II;aVR;V4,4,0.9,1,0,0,0,1
1;3;9;10,II;aVR;V4;V5,5,0.5,1,1,1,0,3
1;3;9;10,II;aVR;V4;V5,5,0.6,1,0,1,0,2
1;3;9;10,II;aVR;V4;V5,5,0.7,1,0,1,0,2
1;3;9;10,II;aVR;V4;V5,5,0.8,1,0,0,0,1
1;3;9;10,II;aVR;V4;V5,5,0.9,1,0,0,0,1
1;3;9;10;11,II;aVR;V4;V5;V6,6,0.5,1,1,1,0,3
1;3;9;10;11,II;aVR;V4;V5;V6,6,0.6,1,1,1,0,3
1;3;9;10;11,II;aVR;V4;V5;V6,6,0.7,1,0,1,0,2
1;3;9;10;11,II;aVR;V4;V5;V6,6,0.8,1,0,1,0,2
1;3;9;10;11,II;aVR;V4;V5;V6,6,0.9,1,0,0,0,1
1;3;9;11,II;aVR;V4;V6,5,0.5,1,1,1,0,3
1;3;9;11,II;aVR;V4;V6,5,0.6,1,0,1,0,2
1;3;9;11,II;aVR;V4;V6,5,0.7,1,0,1,0,2
1;3;9;11,II;aVR;V4;V6,5,0.8,1,0,1,0,2
1;3;9;11,II;aVR;V4;V6,5,0.9,1,0,0,0,1
1;3;10,II;aVR;V5,4,0.5,1,1,1,0,3
1;3;10,II;aVR;V5,4,0.6,1,1,1,0,3
1;3;10,II;aVR;V5,4,0.7,1,0,1,0,2
1;3;10,II;aVR;V5,4,0.8,1,0,0,0,1
1;3;10,II;aVR;V5,4,0.9,1,0,0,0,1
1;3;10;11,II;aVR;V5;V6,5,0.5,1,1,1,0,3
1;3;10;11,II;aVR;V5;V6,5,0.6,1,1,1,0,3
1;3;10;11,II;aVR;V5;V6,5,0.7,1,0,1,0,2
1;3;10;11,II;aVR;V5;V6,5,0.8,1,0,0,0,1
1;3;10;11,II;aVR;V5;V6,5,0.9,1,0,0,0,1
1;3;11,II;aVR;V6,4,0.5,1,1,1,0,3
1;3;11,II;aVR;V6,4,0.6,1,0,1,0,2
1;3;11,II;aVR;V6,4,0.7,1,0,1,0,2
1;3;11,II;aVR;V6,4,0.8,1,0,1,0,2
1;3;11,II;aVR;V6,4,0.9,1,0,0,0,1
1;4,II;aVL,3,0.5,1,1,1,0,3
1;4,II;aVL,3,0.6,1,1,1,0,3
1;4,II;aVL,3,0.7,1,0,1,0,2
1;4,II;aVL,3,0.8,1,0,0,0,1
1;4,II;aVL,3,0.9,1,0,0,0,1
1;4;5,II;aVL;aVF,3,0.5,1,1,1,0,3
1;4;5,II;aVL;aVF,3,0.6,1,1,1,0,3
1;4;5,II;aVL;aVF,3,0.7,1,0,1,0,2
1;4;5,II;aVL;aVF,3,0.8,1,0,1,0,2
1;4;5,II;aVL;aVF,3,0.9,1,0,0,0,1
1;4;5;6,II;aVL;aVF;V1,4,0.5,1,1,1,0,3
1;4;5;6,II;aVL;aVF;V1,4,0.6,1,0,1,0,2
1;4;5;6,II;aVL;aVF;V1,4,0.7,1,0,1,0,2
1;4;5;6,II;aVL;aVF;V1,4,0.8,1,0,1,0,2
1;4;5;6,II;aVL;aVF;V1,4,0.9,1,0,0,0,1
1;4;5;6;7,II;aVL;aVF;V1;V2,5,0.5,1,1,1,0,3
1;4;5;6;7,II;aVL;aVF;V1;V2,5,0.6,1,0,1,0,2
1;4;5;6;7,II;aVL;aVF;V1;V2,5,0.7,1,0,1,0,2
1;4;5;6;7,II;aVL;aVF;V1;V2,5,0.8,1,0,1,0,2
1;4;5;6;7,II;aVL;aVF;V1;V2,5,0.9,1,0,0,0,1
1;4;5;6;7;8,II;aVL;aVF;V1;V2;V3,6,0.5,1,1,1,0,3
1;4;5;6;7;8,II;aVL;aVF;V1;V2;V3,6,0.6,1,0,1,0,2
1;4;5;6;7;8,II;aVL;aVF;V1;V2;V3,6,0.7,1,0,1,0,2
1;4;5;6;7;8,II;aVL;aVF;V1;V2;V3,6,0.8,1,0,1,0,2
1;4;5;6;7;8,II;aVL;aVF;V1;V2;V3,6,0.9,1,0,0,0,1
1;4;5;6;7;8;9,II;aVL;aVF;V1;V2;V3;V4,7,0.5,1,1,1,0,3
1;4;5;6;7;8;9,II;aVL;aVF;V1;V2;V3;V4,7,0.6,1,0,1,0,2
1;4;5;6;7;8;9,II;aVL;aVF;V1;V2;V3;V4,7,0.7,1,0,1,0,2
1;4;5;6;7;8;9,II;aVL;aVF;V1;V2;V3;V4,7,0.8,1,0,1,0,2
1;4;5;6;7;8;9,II;aVL;aVF;V1;V2;V3;V4,7,0.9,1,0,0,0,1
1;4;5;6;7;8;9;10,II;aVL;aVF;V1;V2;V3;V4;V5,8,0.5,1,1,1,0,3
1;4;5;6;7;8;9;10,II;aVL;aVF;V1;V2;V3;V4;V5,8,0.6,1,0,1,0,2
1;4;5;6;7;8;9;10,II;aVL;aVF;V1;V2;V3;V4;V5,8,0.7,1,0,1,0,2
1;4;5;6;7;8;9;10,II;aVL;aVF;V1;V2;V3;V4;V5,8,0.8,1,0,1,0,2
1;4;5;6;7;8;9;10,II;aVL;aVF;V1;V2;V3;V4;V5,8,0.9,1,0,0,0,1
1;4;5;6;7;8;9;10;11,II;aVL;aVF;V1;V2;V3;V4;V5;V6,9,0.5,1,1,1,0,3
1;4;5;6;7;8;9;10;11,II;aVL;aVF;V1;V2;V3;V4;V5;V6,9,0.6,1,0,1,0,2
1;4;5;6;7;8;9;10;11,II;aVL;aVF;V1;V2;V3;V4;V5;V6,9,0.7,1,0,1,0,2
1;4;5;6;7;8;9;10;11,II;aVL;aVF;V1;V2;V3;V4;V5;V6,9,0.8,1,0,1,0,2
1;4;5;6;7;8;9;10;11,II;aVL;aVF;V1;V2;V3;V4;V5;V6,9,0.9,1,0,0,0,1
1;4;5;6;7;8;9;11,II;aVL;aVF;V1;V2;V3;V4;V6,8,0.5,1,1,1,0,3
1;4;5;6;7;8;9;11,II;aVL;aVF;V1;V2;V3;V4;V6,8,0.6,1,0,1,0,2
1;4;5;6;7;8;9;11,II;aVL;aVF;V1;V2;V3;V4;V6,8,0.7,1,0,1,0,2
1;4;5;6;7;8;9;11,II;aVL;aVF;V1;V2;V3;V4;V6,8,0.8,1,0,1,0,2
1;4;5;6;7;8;9;11,II;aVL;aVF;V1;V2;V3;V4;V6,8,0.9,1,0,0,0,1
1;4;5;6;7;8;10,II;aVL;aVF;V1;V2;V3;V5,7,0.5,1,1,1,0,3
1;4;5;6;7;8;10,II;aVL;aVF;V1;V2;V3;V5,7,0.6,1,0,1,0,2
1;4;5;6;7;8;10,II;aVL;aVF;V1;V2;V3;V5,7,0.7,1,0,1,0,2
1;4;5;6;7;8;10,II;aVL;aVF;V1;V2;V3;V5,7,0.8,1,0,1,0,2
1;4;5;6;7;8;10,II;aVL;aVF;V1;V2;V3;V5,7,0.9,1,0,0,0,1
1;4;5;6;7;8;10;11,II;aVL;aVF;V1;V2;V3;V5;V6,8,0.5,1,1,1,0,3
1;4;5;6;7;8;10;11,II;aVL;aVF;V1;V2;V3;V5;V6,8,0.6,1,0,1,0,2
1;4;5;6;7;8;10;11,II;aVL;aVF;V1;V2;V3;V5;V6,8,0.7,1,0,1,0,2
1;4;5;6;7;8;10;11,II;aVL;aVF;V1;V2;V3;V5;V6,8,0.8,1,0,1,0,2
1;4;5;6;7;8;10;11,II;aVL;aVF;V1;V2;V3;V5;V6,8,0.9,1,0,0,0,1
1;4;5;6;7;8;11,II;aVL;aVF;V1;V2;V3;V6,7,0.5,1,1,1,0,3
1;4;5;6;7;8;11,II;aVL;aVF;V1;V2;V3;V6,7,0.6,1,0,1,0,2
1;4;5;6;7;8;11,II;aVL;aVF;V1;V2;V3;V6,7,0.7,1,0,1,0,2
1;4;5;6;7;8;11,II;aVL;aVF;V1;V2;V3;V6,7,0.8,1,0,1,0,2
1;4;5;6;7;8;11,II;aVL;aVF;V1;V2;V3;V6,7,0.9,1,0,0,0,1
1;4;5;6;7;9,II;aVL;aVF;V1;V2;V4,6,0.5,1,1,1,0,3
1;4;5;6;7;9,II;aVL;aVF;V1;V2;V4,6,0.6,1,0,1,0,2
1;4;5;6;7;9,II;aVL;aVF;V1;V2;V4,6,0.7,1,0,1,0,2
1;4;5;6;7;9,II;aVL;aVF;V1;V2;V4,6,0.8,1,0,1,0,2
1;4;5;6;7;9,II;aVL;aVF;V1;V2;V4,6,0.9,1,0,0,0,1
1;4;5;6;7;9;10,II;aVL;aVF;V1;V2;V4;V5,7,0.5,1,1,1,0,3
1;4;5;6;7;9;10,II;aVL;aVF;V1;V2;V4;V5,7,0.6,1,0,1,0,2
1;4;5;6;7;9;10,II;aVL;aVF;V1;V2;V4;V5,7,0.7,1,0,1,0,2
1;4;5;6;7;9;10,II;aVL;aVF;V1;V2;V4;V5,7,0.8,1,0,1,0,2
1;4;5;6;7;9;10,II;aVL;aVF;V1;V2;V4;V5,7,0.9,1,0,0,0,1
1;4;5;6;7;9;10;11,II;aVL;aVF;V1;V2;V4;V5;V6,8,0.5,1,1,1,0,3
1;4;5;6;7;9;10;11,II;aVL;aVF;V1;V2;V4;V5;V6,8,0.6,1,0,1,0,2
1;4;5;6;7;9;10;11,II;aVL;aVF;V1;V2;V4;V5;V6,8,0.7,1,0,1,0,2
1;4;5;6;7;9;10;11,II;aVL;aVF;V1;V2;V4;V5;V6,8,0.8,1,0,1,0,2
1;4;5;6;7;9;10;11,II;aVL;aVF;V1;V2;V4;V5;V6,8,0.9,1,0,0,0,1
1;4;5;6;7;9;11,II;aVL;aVF;V1;V2;V4;V6,7,0.5,1,1,1,0,3
1;4;5;6;7;9;11,II;aVL;aVF;V1;V2;V4;V6,7,0.6,1,0,1,0,2
1;4;5;6;7;9;11,II;aVL;aVF;V1;V2;V4;V6,7,0.7,1,0,1,0,2
1;4;5;6;7;9;11,II;aVL;aVF;V1;V2;V4;V6,7,0.8,1,0,1,0,2
1;4;5;6;7;9;11,II;aVL;aVF;V1;V2;V4;V6,7,0.9,1,0,0,0,1
1;4;5;6;7;10,II;aVL;aVF;V1;V2;V5,6,0.5,1,1,1,0,3
1;4;5;6;7;10,II;aVL;aVF;V1;V2;V5,6,0.6,1,0,1,0,2
1;4;5;6;7;10,II;aVL;aVF;V1;V2;V5,6,0.7,1,0,1,0,2
1;4;5;6;7;10,II;aVL;aVF;V1;V2;V5,6,0.8,1,0,1,0,2
1;4;5;6;7;10,II;aVL;aVF;V1;V2;V5,6,0.9,1,0,0,0,1
1;4;5;6;7;10;11,II;aVL;aVF;V1;V2;V5;V6,7,0.5,1,1,1,0,3
1;4;5;6;7;10;11,II;aVL;aVF;V1;V2;V5;V6,7,0.6,1,0,1,0,2
1;4;5;6;7;10;11,II;aVL;aVF;V1;V2;V5;V6,7,0.7,1,0,1,0,2
1;4;5;6;7;10;11,II;aVL;aVF;V1;V2;V5;V6,7,0.8,1,0,1,0,2
1;4;5;6;7;10;11,II;aVL;aVF;V1;V2;V5;V6,7,0.9,1,0,0,0,1
1;4;5;6;7;11,II;aVL;aVF;V1;V2;V6,6,0.5,1,1,1,0,3
1;4;5;6;7;11,II;aVL;aVF;V1;V2;V6,6,0.6,1,0,1,0,2
1;4;5;6;7;11,II;aVL;aVF;V1;V2;V6,6,0.7,1,0,1,0,2
1;4;5;6;7;11,II;aVL;aVF;V1;V2;V6,6,0.8,1,0,1,0,2
1;4;5;6;7;11,II;aVL;aVF;V1;V2;V6,6,0.9,1,0,0,0,1
1;4;5;6;8,II;aVL;aVF;V1;V3,5,0.5,1,1,1,0,3
1;4;5;6;8,II;aVL;aVF;V1;V3,5,0.6,1,0,1,0,2
1;4;5;6;8,II;aVL;aVF;V1;V3,5,0.7,1,0,1,0,2
1;4;5;6;8,II;aVL;aVF;V1;V3,5,0.8,1,0,1,0,2
1;4;5;6;8,II;aVL;aVF;V1;V3,5,0.9,1,0,0,0,1
1;4;5;6;8;9,II;aVL;aVF;V1;V3;V4,6,0.5,1,1,1,0,3
1;4;5;6;8;9,II;aVL;aVF;V1;V3;V4,6,0.6,1,0,1,0,2
1;4;5;6;8;9,II;aVL;aVF;V1;V3;V4,6,0.7,1,0,1,0,2
1;4;5;6;8;9,II;aVL;aVF;V1;V3;V4,6,0.8,1,0,1,0,2
1;4;5;6;8;9,II;aVL;aVF;V1;V3;V4,6,0.9,1,0,0,0,1
1;4;5;6;8;9;10,II;aVL;aVF;V1;V3;V4;V5,7,0.5,1,1,1,0,3
1;4;5;6;8;9;10,II;aVL;aVF;V1;V3;V4;V5,7,0.6,1,0,1,0,2
1;4;5;6;8;9;10,II;aVL;aVF;V1;V3;V4;V5,7,0.7,1,0,1,0,2
1;4;5;6;8;9;10,II;aVL;aVF;V1;V3;V4;V5,7,0.8,1,0,1,0,2
1;4;5;6;8;9;10,II;aVL;aVF;V1;V3;V4;V5,7,0.9,1,0,0,0,1
1;4;5;6;8;9;10;11,II;aVL;aVF;V1;V3;V4;V5;V6,8,0.5,1,1,1,0,3
1;4;5;6;8;9;10;11,II;aVL;aVF;V1;V3;V4;V5;V6,8,0.6,1,0,1,0,2
1;4;5;6;8;9;10;11,II;aVL;aVF;V1;V3;V4;V5;V6,8,0.7,1,0,1,0,2
1;4;5;6;8;9;10;11,II;aVL;aVF;V1;V3;V4;V5;V6,8,0.8,1,0,1,0,2
1;4;5;6;8;9;10;11,II;aVL;aVF;V1;V3;V4;V5;V6,8,0.9,1,0,0,0,1
1;4;5;6;8;9;11,II;aVL;aVF;V1;V3;V4;V6,7,0.5,1,1,1,0,3
1;4;5;6;8;9;11,II;aVL;aVF;V1;V3;V4;V6,7,0.6,1,0,1,0,2
1;4;5;6;8;9;11,II;aVL;aVF;V1;V3;V4;V6,7,0.7,1,0,1,0,2
1;4;5;6;8;9;11,II;aVL;aVF;V1;V3;V4;V6,7,0.8,1,0,1,0,2
1;4;5;6;8;9;11,II;aVL;aVF;V1;V3;V4;V6,7,0.9,1,0,0,0,1
1;4;5;6;8;10,II;aVL;aVF;V1;V3;V5,6,0.5,1,1,1,0,3
1;4;5;6;8;10,II;aVL;aVF;V1;V3;V5,6,0.6,1,0,1,0,2
1;4;5;6;8;10,II;aVL;aVF;V1;V3;V5,6,0.7,1,0,1,0,2
1;4;5;6;8;10,II;aVL;aVF;V1;V3;V5,6,0.8,1,0,1,0,2
1;4;5;6;8;10,II;aVL;aVF;V1;V3;V5,6,0.9,1,0,0,0,1
1;4;5;6;8;10;11,II;aVL;aVF;V1;V3;V5;V6,7,0.5,1,1,1,0,3
1;4;5;6;8;10;11,II;aVL;aVF;V1;V3;V5;V6,7,0.6,1,0,1,0,2
1;4;5;6;8;10;11,II;aVL;aVF;V1;V3;V5;V6,7,0.7,1,0,1,0,2
1;4;5;6;8;10;11,II;aVL;aVF;V1;V3;V5;V6,7,0.8,1,0,1,0,2
1;4;5;6;8;10;11,II;aVL;aVF;V1;V3;V5;V6,7,0.9,1,0,0,0,1
1;4;5;6;8;11,II;aVL;aVF;V1;V3;V6,6,0.5,1,1,1,0,3
1;4;5;6;8;11,II;aVL;aVF;V1;V3;V6,6,0.6,1,0,1,0,2
1;4;5;6;8;11,II;aVL;aVF;V1;V3;V6,6,0.7,1,0,1,0,2
1;4;5;6;8;11,II;aVL;aVF;V1;V3;V6,6,0.8,1,0,1,0,2
1;4;5;6;8;11,II;aVL;aVF;V1;V3;V6,6,0.9,1,0,0,0,1
1;4;5;6;9,II;aVL;aVF;V1;V4,5,0.5,1,1,1,0,3
1;4;5;6;9,II;aVL;aVF;V1;V4,5,0.6,1,0,1,0,2
1;4;5;6;9,II;aVL;aVF;V1;V4,5,0.7,1,0,1,0,2
1;4;5;6;9,II;aVL;aVF;V1;V4,5,0.8,1,0,1,0,2
1;4;5;6;9,II;aVL;aVF;V1;V4,5,0.9,1,0,0,0,1
1;4;5;6;9;10,II;aVL;aVF;V1;V4;V5,6,0.5,1,1,1,0,3
1;4;5;6;9;10,II;aVL;aVF;V1;V4;V5,6,0.6,1,0,1,0,2
1;4;5;6;9;10,II;aVL;aVF;V1;V4;V5,6,0.7,1,0,1,0,2
1;4;5;6;9;10,II;aVL;aVF;V1;V4;V5,6,0.8,1,0,1,0,2
1;4;5;6;9;10,II;aVL;aVF;V1;V4;V5,6,0.9,1,0,0,0,1
1;4;5;6;9;10;11,II;aVL;aVF;V1;V4;V5;V6,7,0.5,1,1,1,0,3
1;4;5;6;9;10;11,II;aVL;aVF;V1;V4;V5;V6,7,0.6,1,0,1,0,2
1;4;5;6;9;10;11,II;aVL;aVF;V1;V4;V5;V6,7,0.7,1,0,1,0,2
1;4;5;6;9;10;11,II;aVL;aVF;V1;V4;V5;V6,7,0.8,1,0,1,0,2
1;4;5;6;9;10;11,II;aVL;aVF;V1;V4;V5;V6,7,0.9,1,0,0,0,1
1;4;5;6;9;11,II;aVL;aVF;V1;V4;V6,6,0.5,1,1,1,0,3
1;4;5;6;9;11,II;aVL;aVF;V1;V4;V6,6,0.6,1,0,1,0,2
1;4;5;6;9;11,II;aVL;aVF;V1;V4;V6,6,0.7,1,0,1,0,2
1;4;5;6;9;11,II;aVL;aVF;V1;V4;V6,6,0.8,1,0,1,0,2
1;4;5;6;9;11,II;aVL;aVF;V1;V4;V6,6,0.9,1,0,0,0,1
1;4;5;6;10,II;aVL;aVF;V1;V5,5,0.5,1,1,1,0,3
1;4;5;6;10,II;aVL;aVF;V1;V5,5,0.6,1,0,1,0,2
1;4;5;6;10,II;aVL;aVF;V1;V5,5,0.7,1,0,1,0,2
1;4;5;6;10,II;aVL;aVF;V1;V5,5,0.8,1,0,1,0,2
1;4;5;6;10,II;aVL;aVF;V1;V5,5,0.9,1,0,0,0,1
1;4;5;6;10;11,II;aVL;aVF;V1;V5;V6,6,0.5,1,1,1,0,3
1;4;5;6;10;11,II;aVL;aVF;V1;V5;V6,6,0.6,1,0,1,0,2
1;4;5;6;10;11,II;aVL;aVF;V1;V5;V6,6,0.7,1,0,1,0,2
1;4;5;6;10;11,II;aVL;aVF;V1;V5;V6,6,0.8,1,0,1,0,2
1;4;5;6;10;11,II;aVL;aVF;V1;V5;V6,6,0.9,1,0,0,0,1
1;4;5;6;11,II;aVL;aVF;V1;V6,5,0.5,1,1,1,0,3
1;4;5;6;11,II;aVL;aVF;V1;V6,5,0.6,1,1,1,0,3
1;4;5;6;11,II;aVL;aVF;V1;V6,5,0.7,1,0,1,0,2
1;4;5;6;11,II;aVL;aVF;V1;V6,5,0.8,1,0,1,0,2
1;4;5;6;11,II;aVL;aVF;V1;V6,5,0.9,1,0,0,0,1
1;4;5;7,II;aVL;aVF;V2,4,0.5,1,1,1,0,3
1;4;5;7,II;aVL;aVF;V2,4,0.6,1,0,1,0,2
1;4;5;7,II;aVL;aVF;V2,4,0.7,1,0,1,0,2
1;4;5;7,II;aVL;aVF;V2,4,0.8,1,0,1,0,2
1;4;5;7,II;aVL;aVF;V2,4,0.9,1,0,0,0,1
1;4;5;7;8,II;aVL;aVF;V2;V3,5,0.5,1,1,1,0,3
1;4;5;7;8,II;aVL;aVF;V2;V3,5,0.6,1,0,1,0,2
1;4;5;7;8,II;aVL;aVF;V2;V3,5,0.7,1,0,1,0,2
1;4;5;7;8,II;aVL;aVF;V2;V3,5,0.8,1,0,0,0,1
1;4;5;7;8,II;aVL;aVF;V2;V3,5,0.9,1,0,0,0,1
1;4;5;7;8;9,II;aVL;aVF;V2;V3;V4,6,0.5,1,1,1,0,3
1;4;5;7;8;9,II;aVL;aVF;V2;V3;V4,6,0.6,1,0,1,0,2
1;4;5;7;8;9,II;aVL;aVF;V2;V3;V4,6,0.7,1,0,1,0,2
1;4;5;7;8;9,II;aVL;aVF;V2;V3;V4,6,0.8,1,0,1,0,2
1;4;5;7;8;9,II;aVL;aVF;V2;V3;V4,6,0.9,1,0,0,0,1
1;4;5;7;8;9;10,II;aVL;aVF;V2;V3;V4;V5,7,0.5,1,1,1,0,3
1;4;5;7;8;9;10,II;aVL;aVF;V2;V3;V4;V5,7,0.6,1,0,1,0,2
1;4;5;7;8;9;10,II;aVL;aVF;V2;V3;V4;V5,7,0.7,1,0,1,0,2
1;4;5;7;8;9;10,II;aVL;aVF;V2;V3;V4;V5,7,0.8,1,0,0,0,1
1;4;5;7;8;9;10,II;aVL;aVF;V2;V3;V4;V5,7,0.9,1,0,0,0,1
1;4;5;7;8;9;10;11,II;aVL;aVF;V2;V3;V4;V5;V6,8,0.5,1,1,1,0,3
1;4;5;7;8;9;10;11,II;aVL;aVF;V2;V3;V4;V5;V6,8,0.6,1,0,1,0,2
1;4;5;7;8;9;10;11,II;aVL;aVF;V2;V3;V4;V5;V6,8,0.7,1,0,1,0,2
1;4;5;7;8;9;10;11,II;aVL;aVF;V2;V3;V4;V5;V6,8,0.8,1,0,0,0,1
1;4;5;7;8;9;10;11,II;aVL;aVF;V2;V3;V4;V5;V6,8,0.9,1,0,0,0,1
1;4;5;7;8;9;11,II;aVL;aVF;V2;V3;V4;V6,7,0.5,1,1,1,0,3
1;4;5;7;8;9;11,II;aVL;aVF;V2;V3;V4;V6,7,0.6,1,0,1,0,2
1;4;5;7;8;9;11,II;aVL;aVF;V2;V3;V4;V6,7,0.7,1,0,1,0,2
1;4;5;7;8;9;11,II;aVL;aVF;V2;V3;V4;V6,7,0.8,1,0,0,0,1
1;4;5;7;8;9;11,II;aVL;aVF;V2;V3;V4;V6,7,0.9,1,0,0,0,1
1;4;5;7;8;10,II;aVL;aVF;V2;V3;V5,6,0.5,1,1,1,0,3
1;4;5;7;8;10,II;aVL;aVF;V2;V3;V5,6,0.6,1,0,1,0,2
1;4;5;7;8;10,II;aVL;aVF;V2;V3;V5,6,0.7,1,0,1,0,2
1;4;5;7;8;10,II;aVL;aVF;V2;V3;V5,6,0.8,1,0,0,0,1
1;4;5;7;8;10,II;aVL;aVF;V2;V3;V5,6,0.9,1,0,0,0,1
1;4;5;7;8;10;11,II;aVL;aVF;V2;V3;V5;V6,7,0.5,1,1,1,0,3
1;4;5;7;8;10;11,II;aVL;aVF;V2;V3;V5;V6,7,0.6,1,0,1,0,2
1;4;5;7;8;10;11,II;aVL;aVF;V2;V3;V5;V6,7,0.7,1,0,1,0,2
1;4;5;7;8;10;11,II;aVL;aVF;V2;V3;V5;V6,7,0.8,1,0,0,0,1
1;4;5;7;8;10;11,II;aVL;aVF;V2;V3;V5;V6,7,0.9,1,0,0,0,1
1;4;5;7;8;11,II;aVL;aVF;V2;V3;V6,6,0.5,1,1,1,0,3
1;4;5;7;8;11,II;aVL;aVF;V2;V3;V6,6,0.6,1,0,1,0,2
1;4;5;7;8;11,II;aVL;aVF;V2;V3;V6,6,0.7,1,0,1,0,2
1;4;5;7;8;11,II;aVL;aVF;V2;V3;V6,6,0.8,1,0,0,0,1
1;4;5;7;8;11,II;aVL;aVF;V2;V3;V6,6,0.9,1,0,0,0,1
1;4;5;7;9,II;aVL;aVF;V2;V4,5,0.5,1,1,1,0,3
1;4;5;7;9,II;aVL;aVF;V2;V4,5,0.6,1,1,1,0,3
1;4;5;7;9,II;aVL;aVF;V2;V4,5,0.7,1,0,1,0,2
1;4;5;7;9,II;aVL;aVF;V2;V4,5,0.8,1,0,1,0,2
1;4;5;7;9,II;aVL;aVF;V2;V4,5,0.9,1,0,0,0,1
1;4;5;7;9;10,II;aVL;aVF;V2;V4;V5,6,0.5,1,1,1,0,3
1;4;5;7;9;10,II;aVL;aVF;V2;V4;V5,6,0.6,1,0,1,0,2
1;4;5;7;9;10,II;aVL;aVF;V2;V4;V5,6,0.7,1,0,1,0,2
1;4;5;7;9;10,II;aVL;aVF;V2;V4;V5,6,0.8,1,0,0,0,1
1;4;5;7;9;10,II;aVL;aVF;V2;V4;V5,6,0.9,1,0,0,0,1
1;4;5;7;9;10;11,II;aVL;aVF;V2;V4;V5;V6,7,0.5,1,1,1,0,3
1;4;5;7;9;10;11,II;aVL;aVF;V2;V4;V5;V6,7,0.6,1,0,1,0,2
1;4;5;7;9;10;11,II;aVL;aVF;V2;V4;V5;V6,7,0.7,1,0,1,0,2
1;4;5;7;9;10;11,II;aVL;aVF;V2;V4;V5;V6,7,0.8,1,0,0,0,1
1;4;5;7;9;10;11,II;aVL;aVF;V2;V4;V5;V6,7,0.9,1,0,0,0,1
1;4;5;7;9;11,II;aVL;aVF;V2;V4;V6,6,0.5,1,1,1,0,3
1;4;5;7;9;11,II;aVL;aVF;V2;V4;V6,6,0.6,1,0,1,0,2
1;4;5;7;9;11,II;aVL;aVF;V2;V4;V6,6,0.7,1,0,1,0,2
1;4;5;7;9;11,II;aVL;aVF;V2;V4;V6,6,0.8,1,0,0,0,1
1;4;5;7;9;11,II;aVL;aVF;V2;V4;V6,6,0.9,1,0,0,0,1
1;4;5;7;10,II;aVL;aVF;V2;V5,5,0.5,1,1,1,0,3
1;4;5;7;10,II;aVL;aVF;V2;V5,5,0.6,1,0,1,0,2
1;4;5;7;10,II;aVL;aVF;V2;V5,5,0.7,1,0,1,0,2
1;4;5;7;10,II;aVL;aVF;V2;V5,5,0.8,1,0,0,0,1
1;4;5;7;10,II;aVL;aVF;V2;V5,5,0.9,1,0,0,0,1
1;4;5;7;10;11,II;aVL;aVF;V2;V5;V6,6,0.5,1,1,1,0,3
1;4;5;7;10;11,II;aVL;aVF;V2;V5;V6,6,0.6,1,0,1,0,2
1;4;5;7;10;11,II;aVL;aVF;V2;V5;V6,6,0.7,1,0,1,0,2
1;4;5;7;10;11,II;aVL;aVF;V2;V5;V6,6,0.8,1,0,1,0,2
1;4;5;7;10;11,II;aVL;aVF;V2;V5;V6,6,0.9,1,0,0,0,1
1;4;5;7;11,II;aVL;aVF;V2;V6,5,0.5,1,1,1,0,3
1;4;5;7;11,II;aVL;aVF;V2;V6,5,0.6,1,0,1,0,2
1;4;5;7;11,II;aVL;aVF;V2;V6,5,0.7,1,0,1,0,2
1;4;5;7;11,II;aVL;aVF;V2;V6,5,0.8,1,0,1,0,2
1;4;5;7;11,II;aVL;aVF;V2;V6,5,0.9,1,0,0,0,1
1;4;5;8,II;aVL;aVF;V3,4,0.5,1,1,1,0,3
1;4;5;8,II;aVL;aVF;V3,4,0.6,1,0,1,0,2
1;4;5;8,II;aVL;aVF;V3,4,0.7,1,0,1,0,2
1;4;5;8,II;aVL;aVF;V3,4,0.8,1,0,1,0,2
1;4;5;8,II;aVL;aVF;V3,4,0.9,1,0,0,0,1
1;4;5;8;9,II;aVL;aVF;V3;V4,5,0.5,1,1,1,0,3
1;4;5;8;9,II;aVL;aVF;V3;V4,5,0.6,1,0,1,0,2
1;4;5;8;9,II;aVL;aVF;V3;V4,5,0.7,1,0,1,0,2
1;4;5;8;9,II;aVL;aVF;V3;V4,5,0.8,1,0,1,0,2
1;4;5;8;9,II;aVL;aVF;V3;V4,5,0.9,1,0,0,0,1
1;4;5;8;9;10,II;aVL;aVF;V3;V4;V5,6,0.5,1,1,1,0,3
1;4;5;8;9;10,II;aVL;aVF;V3;V4;V5,6,0.6,1,0,1,0,2
1;4;5;8;9;10,II;aVL;aVF;V3;V4;V5,6,0.7,1,0,1,0,2
1;4;5;8;9;10,II;aVL;aVF;V3;V4;V5,6,0.8,1,0,0,0,1
1;4;5;8;9;10,II;aVL;aVF;V3;V4;V5,6,0.9,1,0,0,0,1
1;4;5;8;9;10;11,II;aVL;aVF;V3;V4;V5;V6,7,0.5,1,1,1,0,3
1;4;5;8;9;10;11,II;aVL;aVF;V3;V4;V5;V6,7,0.6,1,0,1,0,2
1;4;5;8;9;10;11,II;aVL;aVF;V3;V4;V5;V6,7,0.7,1,0,1,0,2
1;4;5;8;9;10;11,II;aVL;aVF;V3;V4;V5;V6,7,0.8,1,0,0,0,1
1;4;5;8;9;10;11,II;aVL;aVF;V3;V4;V5;V6,7,0.9,1,0,0,0,1
1;4;5;8;9;11,II;aVL;aVF;V3;V4;V6,6,0.5,1,1,1,0,3
1;4;5;8;9;11,II;aVL;aVF;V3;V4;V6,6,0.6,1,0,1,0,2
1;4;5;8;9;11,II;aVL;aVF;V3;V4;V6,6,0.7,1,0,1,0,2
1;4;5;8;9;11,II;aVL;aVF;V3;V4;V6,6,0.8,1,0,0,0,1
1;4;5;8;9;11,II;aVL;aVF;V3;V4;V6,6,0.9,1,0,0,0,1
1;4;5;8;10,II;aVL;aVF;V3;V5,5,0.5,1,1,1,0,3
1;4;5;8;10,II;aVL;aVF;V3;V5,5,0.6,1,0,1,0,2
1;4;5;8;10,II;aVL;aVF;V3;V5,5,0.7,1,0,1,0,2
1;4;5;8;10,II;aVL;aVF;V3;V5,5,0.8,1,0,0,0,1
1;4;5;8;10,II;aVL;aVF;V3;V5,5,0.9,1,0,0,0,1
1;4;5;8;10;11,II;aVL;aVF;V3;V5;V6,6,0.5,1,1,1,0,3
1;4;5;8;10;11,II;aVL;aVF;V3;V5;V6,6,0.6,1,0,1,0,2
1;4;5;8;10;11,II;aVL;aVF;V3;V5;V6,6,0.7,1,0,1,0,2
1;4;5;8;10;11,II;aVL;aVF;V3;V5;V6,6,0.8,1,0,0,0,1
1;4;5;8;10;11,II;aVL;aVF;V3;V5;V6,6,0.9,1,0,0,0,1
1;4;5;8;11,II;aVL;aVF;V3;V6,5,0.5,1,1,1,0,3
1;4;5;8;11,II;aVL;aVF;V3;V6,5,0.6,1,0,1,0,2
1;4;5;8;11,II;aVL;aVF;V3;V6,5,0.7,1,0,1,0,2
1;4;5;8;11,II;aVL;aVF;V3;V6,5,0.8,1,0,0,0,1
1;4;5;8;11,II;aVL;aVF;V3;V6,5,0.9,1,0,0,0,1
1;4;5;9,II;aVL;aVF;V4,4,0.5,1,1,1,0,3
1;4;5;9,II;aVL;aVF;V4,4,0.6,1,0,1,0,2
1;4;5;9,II;aVL;aVF;V4,4,0.7,1,0,1,0,2
1;4;5;9,II;aVL;aVF;V4,4,0.8,1,0,1,0,2
1;4;5;9,II;aVL;aVF;V4,4,0.9,1,0,0,0,1
1;4;5;9;10,II;aVL;aVF;V4;V5,5,0.5,1,1,1,0,3
1;4;5;9;10,II;aVL;aVF;V4;V5,5,0.6,1,0,1,0,2
1;4;5;9;10,II;aVL;aVF;V4;V5,5,0.7,1,0,1,0,2
1;4;5;9;10,II;aVL;aVF;V4;V5,5,0.8,1,0,0,0,1
1;4;5;9;10,II;aVL;aVF;V4;V5,5,0.9,1,0,0,0,1
1;4;5;9;10;11,II;aVL;aVF;V4;V5;V6,6,0.5,1,1,1,0,3
1;4;5;9;10;11,II;aVL;aVF;V4;V5;V6,6,0.6,1,0,1,0,2
1;4;5;9;10;11,II;aVL;aVF;V4;V5;V6,6,0.7,1,0,1,0,2
1;4;5;9;10;11,II;aVL;aVF;V4;V5;V6,6,0.8,1,0,0,0,1
1;4;5;9;10;11,II;aVL;aVF;V4;V5;V6,6,0.9,1,0,0,0,1
1;4;5;9;11,II;aVL;aVF;V4;V6,5,0.5,1,1,1,0,3
1;4;5;9;11,II;aVL;aVF;V4;V6,5,0.6,1,0,1,0,2
1;4;5;9;11,II;aVL;aVF;V4;V6,5,0.7,1,0,1,0,2
1;4;5;9;11,II;aVL;aVF;V4;V6,5,0.8,1,0,1,0,2
1;4;5;9;11,II;aVL;aVF;V4;V6,5,0.9,1,0,0,0,1
1;4;5;10,II;aVL;aVF;V5,4,0.5,1,1,1,0,3
1;4;5;10,II;aVL;aVF;V5,4,0.6,1,0,1,0,2
1;4;5;10,II;aVL;aVF;V5,4,0.7,1,0,1,0,2
1;4;5;10,II;aVL;aVF;V5,4,0.8,1,0,0,0,1
1;4;5;10,II;aVL;aVF;V5,4,0.9,1,0,0,0,1
1;4;5;10;11,II;aVL;aVF;V5;V6,5,0.5,1,1,1,0,3
1;4;5;10;11,II;aVL;aVF;V5;V6,5,0.6,1,0,1,0,2
1;4;5;10;11,II;aVL;aVF;V5;V6,5,0.7,1,0,1,0,2
1;4;5;10;11,II;aVL;aVF;V5;V6,5,0.8,1,0,1,0,2
1;4;5;10;11,II;aVL;aVF;V5;V6,5,0.9,1,0,0,0,1
1;4;5;11,II;aVL;aVF;V6,4,0.5,1,1,1,0,3
1;4;5;11,II;aVL;aVF;V6,4,0.6,1,0,1,0,2
1;4;5;11,II;aVL;aVF;V6,4,0.7,1,0,1,0,2
1;4;5;11,II;aVL;aVF;V6,4,0.8,1,0,1,0,2
1;4;5;11,II;aVL;aVF;V6,4,0.9,1,0,0,0,1
1;4;6,II;aVL;V1,4,0.5,1,1,1,0,3
1;4;6,II;aVL;V1,4,0.6,1,0,1,0,2
1;4;6,II;aVL;V1,4,0.7,1,0,1,0,2
1;4;6,II;aVL;V1,4,0.8,1,0,1,0,2
1;4;6,II;aVL;V1,4,0.9,1,0,0,0,1
1;4;6;7,II;aVL;V1;V2,5,0.5,1,1,1,0,3
1;4;6;7,II;aVL;V1;V2,5,0.6,1,0,1,0,2
1;4;6;7,II;aVL;V1;V2,5,0.7,1,0,1,0,2
1;4;6;7,II;aVL;V1;V2,5,0.8,1,0,1,0,2
1;4;6;7,II;aVL;V1;V2,5,0.9,1,0,0,0,1
1;4;6;7;8,II;aVL;V1;V2;V3,6,0.5,1,1,1,0,3
1;4;6;7;8,II;aVL;V1;V2;V3,6,0.6,1,0,1,0,2
1;4;6;7;8,II;aVL;V1;V2;V3,6,0.7,1,0,1,0,2
1;4;6;7;8,II;aVL;V1;V2;V3,6,0.8,1,0,1,0,2
1;4;6;7;8,II;aVL;V1;V2;V3,6,0.9,1,0,0,0,1
1;4;6;7;8;9,II;aVL;V1;V2;V3;V4,7,0.5,1,1,1,0,3
1;4;6;7;8;9,II;aVL;V1;V2;V3;V4,7,0.6,1,0,1,0,2
1;4;6;7;8;9,II;aVL;V1;V2;V3;V4,7,0.7,1,0,1,0,2
1;4;6;7;8;9,II;aVL;V1;V2;V3;V4,7,0.8,1,0,1,0,2
1;4;6;7;8;9,II;aVL;V1;V2;V3;V4,7,0.9,1,0,0,0,1
1;4;6;7;8;9;10,II;aVL;V1;V2;V3;V4;V5,8,0.5,1,1,1,0,3
1;4;6;7;8;9;10,II;aVL;V1;V2;V3;V4;V5,8,0.6,1,0,1,0,2
1;4;6;7;8;9;10,II;aVL;V1;V2;V3;V4;V5,8,0.7,1,0,1,0,2
1;4;6;7;8;9;10,II;aVL;V1;V2;V3;V4;V5,8,0.8,1,0,1,0,2
1;4;6;7;8;9;10,II;aVL;V1;V2;V3;V4;V5,8,0.9,1,0,0,0,1
1;4;6;7;8;9;10;11,II;aVL;V1;V2;V3;V4;V5;V6,9,0.5,1,1,1,0,3
1;4;6;7;8;9;10;11,II;aVL;V1;V2;V3;V4;V5;V6,9,0.6,1,0,1,0,2
1;4;6;7;8;9;10;11,II;aVL;V1;V2;V3;V4;V5;V6,9,0.7,1,0,1,0,2
1;4;6;7;8;9;10;11,II;aVL;V1;V2;V3;V4;V5;V6,9,0.8,1,0,1,0,2
1;4;6;7;8;9;10;11,II;aVL;V1;V2;V3;V4;V5;V6,9,0.9,1,0,0,0,1
1;4;6;7;8;9;11,II;aVL;V1;V2;V3;V4;V6,8,0.5,1,1,1,0,3
1;4;6;7;8;9;11,II;aVL;V1;V2;V3;V4;V6,8,0.6,1,0,1,0,2
1;4;6;7;8;9;11,II;aVL;V1;V2;V3;V4;V6,8,0.7,1,0,1,0,2
1;4;6;7;8;9;11,II;aVL;V1;V2;V3;V4;V6,8,0.8,1,0,1,0,2
1;4;6;7;8;9;11,II;aVL;V1;V2;V3;V4;V6,8,0.9,1,0,0,0,1
1;4;6;7;8;10,II;aVL;V1;V2;V3;V5,7,0.5,1,1,1,0,3
1;4;6;7;8;10,II;aVL;V1;V2;V3;V5,7,0.6,1,0,1,0,2
1;4;6;7;8;10,II;aVL;V1;V2;V3;V5,7,0.7,1,0,1,0,2
1;4;6;7;8;10,II;aVL;V1;V2;V3;V5,7,0.8,1,0,1,0,2
1;4;6;7;8;10,II;aVL;V1;V2;V3;V5,7,0.9,1,0,0,0,1
1;4;6;7;8;10;11,II;aVL;V1;V2;V3;V5;V6,8,0.5,1,1,1,0,3
1;4;6;7;8;10;11,II;aVL;V1;V2;V3;V5;V6,8,0.6,1,0,1,0,2
1;4;6;7;8;10;11,II;aVL;V1;V2;V3;V5;V6,8,0.7,1,0,1,0,2
1;4;6;7;8;10;11,II;aVL;V1;V2;V3;V5;V6,8,0.8,1,0,1,0,2
1;4;6;7;8;10;11,II;aVL;V1;V2;V3;V5;V6,8,0.9,1,0,0,0,1
1;4;6;7;8;11,II;aVL;V1;V2;V3;V6,7,0.5,1,1,1,0,3
1;4;6;7;8;11,II;aVL;V1;V2;V3;V6,7,0.6,1,0,1,0,2
1;4;6;7;8;11,II;aVL;V1;V2;V3;V6,7,0.7,1,0,1,0,2
1;4;6;7;8;11,II;aVL;V1;V2;V3;V6,7,0.8,1,0,1,0,2
1;4;6;7;8;11,II;aVL;V1;V2;V3;V6,7,0.9,1,0,0,0,1
1;4;6;7;9,II;aVL;V1;V2;V4,6,0.5,1,1,1,0,3
1;4;6;7;9,II;aVL;V1;V2;V4,6,0.6,1,0,1,0,2
1;4;6;7;9,II;aVL;V1;V2;V4,6,0.7,1,0,1,0,2
1;4;6;7;9,II;aVL;V1;V2;V4,6,0.8,1,0,1,0,2
1;4;6;7;9,II;aVL;V1;V2;V4,6,0.9,1,0,0,0,1
1;4;6;7;9;10,II;aVL;V1;V2;V4;V5,7,0.5,1,1,1,0,3
1;4;6;7;9;10,II;aVL;V1;V2;V4;V5,7,0.6,1,0,1,0,2
1;4;6;7;9;10,II;aVL;V1;V2;V4;V5,7,0.7,1,0,1,0,2
1;4;6;7;9;10,II;aVL;V1;V2;V4;V5,7,0.8,1,0,1,0,2
1;4;6;7;9;10,II;aVL;V1;V2;V4;V5,7,0.9,1,0,0,0,1
1;4;6;7;9;10;11,II;aVL;V1;V2;V4;V5;V6,8,0.5,1,1,1,0,3
1;4;6;7;9;10;11,II;aVL;V1;V2;V4;V5;V6,8,0.6,1,0,1,0,2
1;4;6;7;9;10;11,II;aVL;V1;V2;V4;V5;V6,8,0.7,1,0,1,0,2
1;4;6;7;9;10;11,II;aVL;V1;V2;V4;V5;V6,8,0.8,1,0,1,0,2
1;4;6;7;9;10;11,II;aVL;V1;V2;V4;V5;V6,8,0.9,1,0,0,0,1
1;4;6;7;9;11,II;aVL;V1;V2;V4;V6,7,0.5,1,1,1,0,3
1;4;6;7;9;11,II;aVL;V1;V2;V4;V6,7,0.6,1,0,1,0,2
1;4;6;7;9;11,II;aVL;V1;V2;V4;V6,7,0.7,1,0,1,0,2
1;4;6;7;9;11,II;aVL;V1;V2;V4;V6,7,0.8,1,0,1,0,2
1;4;6;7;9;11,II;aVL;V1;V2;V4;V6,7,0.9,1,0,0,0,1
1;4;6;7;10,II;aVL;V1;V2;V5,6,0.5,1,1,1,0,3
1;4;6;7;10,II;aVL;V1;V2;V5,6,0.6,1,0,1,0,2
1;4;6;7;10,II;aVL;V1;V2;V5,6,0.7,1,0,1,0,2
1;4;6;7;10,II;aVL;V1;V2;V5,6,0.8,1,0,1,0,2
1;4;6;7;10,II;aVL;V1;V2;V5,6,0.9,1,0,0,0,1
1;4;6;7;10;11,II;aVL;V1;V2;V5;V6,7,0.5,1,1,1,0,3
1;4;6;7;10;11,II;aVL;V1;V2;V5;V6,7,0.6,1,0,1,0,2
1;4;6;7;10;11,II;aVL;V1;V2;V5;V6,7,0.7,1,0,1,0,2
1;4;6;7;10;11,II;aVL;V1;V2;V5;V6,7,0.8,1,0,1,0,2
1;4;6;7;10;11,II;aVL;V1;V2;V5;V6,7,0.9,1,0,0,0,1
1;4;6;7;11,II;aVL;V1;V2;V6,6,0.5,1,1,1,0,3
1;4;6;7;11,II;aVL;V1;V2;V6,6,0.6,1,0,1,0,2
1;4;6;7;11,II;aVL;V1;V2;V6,6,0.7,1,0,1,0,2
1;4;6;7;11,II;aVL;V1;V2;V6,6,0.8,1,0,1,0,2
1;4;6;7;11,II;aVL;V1;V2;V6,6,0.9,1,0,0,0,1
1;4;6;8,II;aVL;V1;V3,5,0.5,1,1,1,0,3
1;4;6;8,II;aVL;V1;V3,5,0.6,1,0,1,0,2
1;4;6;8,II;aVL;V1;V3,5,0.7,1,0,1,0,2
1;4;6;8,II;aVL;V1;V3,5,0.8,1,0,1,0,2
1;4;6;8,II;aVL;V1;V3,5,0.9,1,0,0,0,1
1;4;6;8;9,II;aVL;V1;V3;V4,6,0.5,1,1,1,0,3
1;4;6;8;9,II;aVL;V1;V3;V4,6,0.6,1,0,1,0,2
1;4;6;8;9,II;aVL;V1;V3;V4,6,0.7,1,0,1,0,2
1;4;6;8;9,II;aVL;V1;V3;V4,6,0.8,1,0,1,0,2
1;4;6;8;9,II;aVL;V1;V3;V4,6,0.9,1,0,0,0,1
1;4;6;8;9;10,II;aVL;V1;V3;V4;V5,7,0.5,1,1,1,0,3
1;4;6;8;9;10,II;aVL;V1;V3;V4;V5,7,0.6,1,0,1,0,2
1;4;6;8;9;10,II;aVL;V1;V3;V4;V5,7,0.7,1,0,1,0,2
1;4;6;8;9;10,II;aVL;V1;V3;V4;V5,7,0.8,1,0,1,0,2
1;4;6;8;9;10,II;aVL;V1;V3;V4;V5,7,0.9,1,0,0,0,1
1;4;6;8;9;10;11,II;aVL;V1;V3;V4;V5;V6,8,0.5,1,1,1,0,3
1;4;6;8;9;10;11,II;aVL;V1;V3;V4;V5;V6,8,0.6,1,0,1,0,2
1;4;6;8;9;10;11,II;aVL;V1;V3;V4;V5;V6,8,0.7,1,0,1,0,2
1;4;6;8;9;10;11,II;aVL;V1;V3;V4;V5;V6,8,0.8,1,0,1,0,2
1;4;6;8;9;10;11,II;aVL;V1;V3;V4;V5;V6,8,0.9,1,0,0,0,1
1;4;6;8;9;11,II;aVL;V1;V3;V4;V6,7,0.5,1,1,1,0,3
1;4;6;8;9;11,II;aVL;V1;V3;V4;V6,7,0.6,1,0,1,0,2
1;4;6;8;9;11,II;aVL;V1;V3;V4;V6,7,0.7,1,0,1,0,2
1;4;6;8;9;11,II;aVL;V1;V3;V4;V6,7,0.8,1,0,1,0,2
1;4;6;8;9;11,II;aVL;V1;V3;V4;V6,7,0.9,1,0,0,0,1
1;4;6;8;10,II;aVL;V1;V3;V5,6,0.5,1,1,1,0,3
1;4;6;8;10,II;aVL;V1;V3;V5,6,0.6,1,0,1,0,2
1;4;6;8;10,II;aVL;V1;V3;V5,6,0.7,1,0,1,0,2
1;4;6;8;10,II;aVL;V1;V3;V5,6,0.8,1,0,1,0,2
1;4;6;8;10,II;aVL;V1;V3;V5,6,0.9,1,0,0,0,1
1;4;6;8;10;11,II;aVL;V1;V3;V5;V6,7,0.5,1,1,1,0,3
1;4;6;8;10;11,II;aVL;V1;V3;V5;V6,7,0.6,1,0,1,0,2
1;4;6;8;10;11,II;aVL;V1;V3;V5;V6,7,0.7,1,0,1,0,2
1;4;6;8;10;11,II;aVL;V1;V3;V5;V6,7,0.8,1,0,1,0,2
1;4;6;8;10;11,II;aVL;V1;V3;V5;V6,7,0.9,1,0,0,0,1
1;4;6;8;11,II;aVL;V1;V3;V6,6,0.5,1,1,1,0,3
1;4;6;8;11,II;aVL;V1;V3;V6,6,0.6,1,0,1,0,2
1;4;6;8;11,II;aVL;V1;V3;V6,6,0.7,1,0,1,0,2
1;4;6;8;11,II;aVL;V1;V3;V6,6,0.8,1,0,1,0,2
1;4;6;8;11,II;aVL;V1;V3;V6,6,0.9,1,0,0,0,1
1;4;6;9,II;aVL;V1;V4,5,0.5,1,1,1,0,3
1;4;6;9,II;aVL;V1;V4,5,0.6,1,0,1,0,2
1;4;6;9,II;aVL;V1;V4,5,0.7,1,0,1,0,2
1;4;6;9,II;aVL;V1;V4,5,0.8,1,0,1,0,2
1;4;6;9,II;aVL;V1;V4,5,0.9,1,0,0,0,1
1;4;6;9;10,II;aVL;V1;V4;V5,6,0.5,1,1,1,0,3
1;4;6;9;10,II;aVL;V1;V4;V5,6,0.6,1,0,1,0,2
1;4;6;9;10,II;aVL;V1;V4;V5,6,0.7,1,0,1,0,2
1;4;6;9;10,II;aVL;V1;V4;V5,6,0.8,1,0,1,0,2
1;4;6;9;10,II;aVL;V1;V4;V5,6,0.9,1,0,0,0,1
1;4;6;9;10;11,II;aVL;V1;V4;V5;V6,7,0.5,1,1,1,0,3
1;4;6;9;10;11,II;aVL;V1;V4;V5;V6,7,0.6,1,0,1,0,2
1;4;6;9;10;11,II;aVL;V1;V4;V5;V6,7,0.7,1,0,1,0,2
1;4;6;9;10;11,II;aVL;V1;V4;V5;V6,7,0.8,1,0,1,0,2
1;4;6;9;10;11,II;aVL;V1;V4;V5;V6,7,0.9,1,0,0,0,1
1;4;6;9;11,II;aVL;V1;V4;V6,6,0.5,1,1,1,0,3
1;4;6;9;11,II;aVL;V1;V4;V6,6,0.6,1,0,1,0,2
1;4;6;9;11,II;aVL;V1;V4;V6,6,0.7,1,0,1,0,2
1;4;6;9;11,II;aVL;V1;V4;V6,6,0.8,1,0,1,0,2
1;4;6;9;11,II;aVL;V1;V4;V6,6,0.9,1,0,0,0,1
1;4;6;10,II;aVL;V1;V5,5,0.5,1,1,1,0,3
1;4;6;10,II;aVL;V1;V5,5,0.6,1,0,1,0,2
1;4;6;10,II;aVL;V1;V5,5,0.7,1,0,1,0,2
1;4;6;10,II;aVL;V1;V5,5,0.8,1,0,1,0,2
1;4;6;10,II;aVL;V1;V5,5,0.9,1,0,0,0,1
1;4;6;10;11,II;aVL;V1;V5;V6,6,0.5,1,1,1,0,3
1;4;6;10;11,II;aVL;V1;V5;V6,6,0.6,1,0,1,0,2
1;4;6;10;11,II;aVL;V1;V5;V6,6,0.7,1,0,1,0,2
1;4;6;10;11,II;aVL;V1;V5;V6,6,0.8,1,0,1,0,2
1;4;6;10;11,II;aVL;V1;V5;V6,6,0.9,1,0,0,0,1
1;4;6;11,II;aVL;V1;V6,5,0.5,1,1,1,0,3
1;4;6;11,II;aVL;V1;V6,5,0.6,1,1,1,0,3
1;4;6;11,II;aVL;V1;V6,5,0.7,1,0,1,0,2
1;4;6;11,II;aVL;V1;V6,5,0.8,1,0,1,0,2
1;4;6;11,II;aVL;V1;V6,5,0.9,1,0,0,0,1
1;4;7,II;aVL;V2,4,0.5,1,1,1,0,3
1;4;7,II;aVL;V2,4,0.6,1,0,1,0,2
1;4;7,II;aVL;V2,4,0.7,1,0,1,0,2
1;4;7,II;aVL;V2,4,0.8,1,0,1,0,2
1;4;7,II;aVL;V2,4,0.9,1,0,0,0,1
1;4;7;8,II;aVL;V2;V3,5,0.5,1,1,1,0,3
1;4;7;8,II;aVL;V2;V3,5,0.6,1,0,1,0,2
1;4;7;8,II;aVL;V2;V3,5,0.7,1,0,1,0,2
1;4;7;8,II;aVL;V2;V3,5,0.8,1,0,0,0,1
1;4;7;8,II;aVL;V2;V3,5,0.9,1,0,0,0,1
1;4;7;8;9,II;aVL;V2;V3;V4,6,0.5,1,1,1,0,3
1;4;7;8;9,II;aVL;V2;V3;V4,6,0.6,1,0,1,0,2
1;4;7;8;9,II;aVL;V2;V3;V4,6,0.7,1,0,1,0,2
1;4;7;8;9,II;aVL;V2;V3;V4,6,0.8,1,0,1,0,2
1;4;7;8;9,II;aVL;V2;V3;V4,6,0.9,1,0,0,0,1
1;4;7;8;9;10,II;aVL;V2;V3;V4;V5,7,0.5,1,1,1,0,3
1;4;7;8;9;10,II;aVL;V2;V3;V4;V5,7,0.6,1,0,1,0,2
1;4;7;8;9;10,II;aVL;V2;V3;V4;V5,7,0.7,1,0,1,0,2
1;4;7;8;9;10,II;aVL;V2;V3;V4;V5,7,0.8,1,0,0,0,1
1;4;7;8;9;10,II;aVL;V2;V3;V4;V5,7,0.9,1,0,0,0,1
1;4;7;8;9;10;11,II;aVL;V2;V3;V4;V5;V6,8,0.5,1,1,1,0,3
1;4;7;8;9;10;11,II;aVL;V2;V3;V4;V5;V6,8,0.6,1,0,1,0,2
1;4;7;8;9;10;11,II;aVL;V2;V3;V4;V5;V6,8,0.7,1,0,1,0,2
1;4;7;8;9;10;11,II;aVL;V2;V3;V4;V5;V6,8,0.8,1,0,1,0,2
1;4;7;8;9;10;11,II;aVL;V2;V3;V4;V5;V6,8,0.9,1,0,0,0,1
1;4;7;8;9;11,II;aVL;V2;V3;V4;V6,7,0.5,1,1,1,0,3
1;4;7;8;9;11,II;aVL;V2;V3;V4;V6,7,0.6,1,0,1,0,2
1;4;7;8;9;11,II;aVL;V2;V3;V4;V6,7,0.7,1,0,1,0,2
1;4;7;8;9;11,II;aVL;V2;V3;V4;V6,7,0.8,1,0,0,0,1
1;4;7;8;9;11,II;aVL;V2;V3;V4;V6,7,0.9,1,0,0,0,1
1;4;7;8;10,II;aVL;V2;V3;V5,6,0.5,1,1,1,0,3
1;4;7;8;10,II;aVL;V2;V3;V5,6,0.6,1,0,1,0,2
1;4;7;8;10,II;aVL;V2;V3;V5,6,0.7,1,0,1,0,2
1;4;7;8;10,II;aVL;V2;V3;V5,6,0.8,1,0,0,0,1
1;4;7;8;10,II;aVL;V2;V3;V5,6,0.9,1,0,0,0,1
1;4;7;8;10;11,II;aVL;V2;V3;V5;V6,7,0.5,1,1,1,0,3
1;4;7;8;10;11,II;aVL;V2;V3;V5;V6,7,0.6,1,0,1,0,2
1;4;7;8;10;11,II;aVL;V2;V3;V5;V6,7,0.7,1,0,1,0,2
1;4;7;8;10;11,II;aVL;V2;V3;V5;V6,7,0.8,1,0,0,0,1
1;4;7;8;10;11,II;aVL;V2;V3;V5;V6,7,0.9,1,0,0,0,1
1;4;7;8;11,II;aVL;V2;V3;V6,6,0.5,1,1,1,0,3
1;4;7;8;11,II;aVL;V2;V3;V6,6,0.6,1,0,1,0,2
1;4;7;8;11,II;aVL;V2;V3;V6,6,0.7,1,0,1,0,2
1;4;7;8;11,II;aVL;V2;V3;V6,6,0.8,1,0,0,0,1
1;4;7;8;11,II;aVL;V2;V3;V6,6,0.9,1,0,0,0,1
1;4;7;9,II;aVL;V2;V4,5,0.5,1,1,1,0,3
1;4;7;9,II;aVL;V2;V4,5,0.6,1,1,1,0,3
1;4;7;9,II;aVL;V2;V4,5,0.7,1,0,1,0,2
1;4;7;9,II;aVL;V2;V4,5,0.8,1,0,1,0,2
1;4;7;9,II;aVL;V2;V4,5,0.9,1,0,0,0,1
1;4;7;9;10,II;aVL;V2;V4;V5,6,0.5,1,1,1,0,3
1;4;7;9;10,II;aVL;V2;V4;V5,6,0.6,1,0,1,0,2
1;4;7;9;10,II;aVL;V2;V4;V5,6,0.7,1,0,1,0,2
1;4;7;9;10,II;aVL;V2;V4;V5,6,0.8,1,0,0,0,1
1;4;7;9;10,II;aVL;V2;V4;V5,6,0.9,1,0,0,0,1
1;4;7;9;10;11,II;aVL;V2;V4;V5;V6,7,0.5,1,1,1,0,3
1;4;7;9;10;11,II;aVL;V2;V4;V5;V6,7,0.6,1,0,1,0,2
1;4;7;9;10;11,II;aVL;V2;V4;V5;V6,7,0.7,1,0,1,0,2
1;4;7;9;10;11,II;aVL;V2;V4;V5;V6,7,0.8,1,0,0,0,1
1;4;7;9;10;11,II;aVL;V2;V4;V5;V6,7,0.9,1,0,0,0,1
1;4;7;9;11,II;aVL;V2;V4;V6,6,0.5,1,1,1,0,3
1;4;7;9;11,II;aVL;V2;V4;V6,6,0.6,1,0,1,0,2
1;4;7;9;11,II;aVL;V2;V4;V6,6,0.7,1,0,1,0,2
1;4;7;9;11,II;aVL;V2;V4;V6,6,0.8,1,0,0,0,1
1;4;7;9;11,II;aVL;V2;V4;V6,6,0.9,1,0,0,0,1
1;4;7;10,II;aVL;V2;V5,5,0.5,1,1,1,0,3
1;4;7;10,II;aVL;V2;V5,5,0.6,1,1,1,0,3
1;4;7;10,II;aVL;V2;V5,5,0.7,1,0,1,0,2
1;4;7;10,II;aVL;V2;V5,5,0.8,1,0,1,0,2
1;4;7;10,II;aVL;V2;V5,5,0.9,1,0,0,0,1
1;4;7;10;11,II;aVL;V2;V5;V6,6,0.5,1,1,1,0,3
1;4;7;10;11,II;aVL;V2;V5;V6,6,0.6,1,0,1,0,2
1;4;7;10;11,II;aVL;V2;V5;V6,6,0.7,1,0,1,0,2
1;4;7;10;11,II;aVL;V2;V5;V6,6,0.8,1,0,1,0,2
1;4;7;10;11,II;aVL;V2;V5;V6,6,0.9,1,0,0,0,1
1;4;7;11,II;aVL;V2;V6,5,0.5,1,1,1,0,3
1;4;7;11,II;aVL;V2;V6,5,0.6,1,0,1,0,2
1;4;7;11,II;aVL;V2;V6,5,0.7,1,0,1,0,2
1;4;7;11,II;aVL;V2;V6,5,0.8,1,0,1,0,2
1;4;7;11,II;aVL;V2;V6,5,0.9,1,0,0,0,1
1;4;8,II;aVL;V3,4,0.5,1,1,1,0,3
1;4;8,II;aVL;V3,4,0.6,1,0,1,0,2
1;4;8,II;aVL;V3,4,0.7,1,0,1,0,2
1;4;8,II;aVL;V3,4,0.8,1,0,1,0,2
1;4;8,II;aVL;V3,4,0.9,1,0,0,0,1
1;4;8;9,II;aVL;V3;V4,5,0.5,1,1,1,0,3
1;4;8;9,II;aVL;V3;V4,5,0.6,1,0,1,0,2
1;4;8;9,II;aVL;V3;V4,5,0.7,1,0,1,0,2
1;4;8;9,II;aVL;V3;V4,5,0.8,1,0,1,0,2
1;4;8;9,II;aVL;V3;V4,5,0.9,1,0,0,0,1
1;4;8;9;10,II;aVL;V3;V4;V5,6,0.5,1,1,1,0,3
1;4;8;9;10,II;aVL;V3;V4;V5,6,0.6,1,0,1,0,2
1;4;8;9;10,II;aVL;V3;V4;V5,6,0.7,1,0,1,0,2
1;4;8;9;10,II;aVL;V3;V4;V5,6,0.8,1,0,0,0,1
1;4;8;9;10,II;aVL;V3;V4;V5,6,0.9,1,0,0,0,1
1;4;8;9;10;11,II;aVL;V3;V4;V5;V6,7,0.5,1,1,1,0,3
1;4;8;9;10;11,II;aVL;V3;V4;V5;V6,7,0.6,1,0,1,0,2
1;4;8;9;10;11,II;aVL;V3;V4;V5;V6,7,0.7,1,0,1,0,2
1;4;8;9;10;11,II;aVL;V3;V4;V5;V6,7,0.8,1,0,0,0,1
1;4;8;9;10;11,II;aVL;V3;V4;V5;V6,7,0.9,1,0,0,0,1
1;4;8;9;11,II;aVL;V3;V4;V6,6,0.5,1,1,1,0,3
1;4;8;9;11,II;aVL;V3;V4;V6,6,0.6,1,0,1,0,2
1;4;8;9;11,II;aVL;V3;V4;V6,6,0.7,1,0,1,0,2
1;4;8;9;11,II;aVL;V3;V4;V6,6,0.8,1,0,0,0,1
1;4;8;9;11,II;aVL;V3;V4;V6,6,0.9,1,0,0,0,1
1;4;8;10,II;aVL;V3;V5,5,0.5,1,1,1,0,3
1;4;8;10,II;aVL;V3;V5,5,0.6,1,0,1,0,2
1;4;8;10,II;aVL;V3;V5,5,0.7,1,0,1,0,2
1;4;8;10,II;aVL;V3;V5,5,0.8,1,0,0,0,1
1;4;8;10,II;aVL;V3;V5,5,0.9,1,0,0,0,1
1;4;8;10;11,II;aVL;V3;V5;V6,6,0.5,1,1,1,0,3
1;4;8;10;11,II;aVL;V3;V5;V6,6,0.6,1,0,1,0,2
1;4;8;10;11,II;aVL;V3;V5;V6,6,0.7,1,0,1,0,2
1;4;8;10;11,II;aVL;V3;V5;V6,6,0.8,1,0,0,0,1
1;4;8;10;11,II;aVL;V3;V5;V6,6,0.9,1,0,0,0,1
1;4;8;11,II;aVL;V3;V6,5,0.5,1,1,1,0,3
1;4;8;11,II;aVL;V3;V6,5,0.6,1,0,1,0,2
1;4;8;11,II;aVL;V3;V6,5,0.7,1,0,1,0,2
1;4;8;11,II;aVL;V3;V6,5,0.8,1,0,0,0,1
1;4;8;11,II;aVL;V3;V6,5,0.9,1,0,0,0,1
1;4;9,II;aVL;V4,4,0.5,1,1,1,0,3
1;4;9,II;aVL;V4,4,0.6,1,0,1,0,2
1;4;9,II;aVL;V4,4,0.7,1,0,1,0,2
1;4;9,II;aVL;V4,4,0.8,1,0,1,0,2
1;4;9,II;aVL;V4,4,0.9,1,0,0,0,1
1;4;9;10,II;aVL;V4;V5,5,0.5,1,1,1,0,3
1;4;9;10,II;aVL;V4;V5,5,0.6,1,0,1,0,2
1;4;9;10,II;aVL;V4;V5,5,0.7,1,0,1,0,2
1;4;9;10,II;aVL;V4;V5,5,0.8,1,0,0,0,1
1;4;9;10,II;aVL;V4;V5,5,0.9,1,0,0,0,1
1;4;9;10;11,II;aVL;V4;V5;V6,6,0.5,1,1,1,0,3
1;4;9;10;11,II;aVL;V4;V5;V6,6,0.6,1,0,1,0,2
1;4;9;10;11,II;aVL;V4;V5;V6,6,0.7,1,0,1,0,2
1;4;9;10;11,II;aVL;V4;V5;V6,6,0.8,1,0,0,0,1
1;4;9;10;11,II;aVL;V4;V5;V6,6,0.9,1,0,0,0,1
1;4;9;11,II;aVL;V4;V6,5,0.5,1,1,1,0,3
1;4;9;11,II;aVL;V4;V6,5,0.6,1,0,1,0,2
1;4;9;11,II;aVL;V4;V6,5,0.7,1,0,1,0,2
1;4;9;11,II;aVL;V4;V6,5,0.8,1,0,1,0,2
1;4;9;11,II;aVL;V4;V6,5,0.9,1,0,0,0,1
1;4;10,II;aVL;V5,4,0.5,1,1,1,0,3
1;4;10,II;aVL;V5,4,0.6,1,0,1,0,2
1;4;10,II;aVL;V5,4,0.7,1,0,1,0,2
1;4;10,II;aVL;V5,4,0.8,1,0,0,0,1
1;4;10,II;aVL;V5,4,0.9,1,0,0,0,1
1;4;10;11,II;aVL;V5;V6,5,0.5,1,1,1,0,3
1;4;10;11,II;aVL;V5;V6,5,0.6,1,1,1,0,3
1;4;10;11,II;aVL;V5;V6,5,0.7,1,0,1,0,2
1;4;10;11,II;aVL;V5;V6,5,0.8,1,0,0,0,1
1;4;10;11,II;aVL;V5;V6,5,0.9,1,0,0,0,1
1;4;11,II;aVL;V6,4,0.5,1,1,1,0,3
1;4;11,II;aVL;V6,4,0.6,1,0,1,0,2
1;4;11,II;aVL;V6,4,0.7,1,0,1,0,2
1;4;11,II;aVL;V6,4,0.8,1,0,0,0,1
1;4;11,II;aVL;V6,4,0.9,1,0,0,0,1
1;5,II;aVF,3,0.5,1,1,1,0,3
1;5,II;aVF,3,0.6,1,1,1,0,3
1;5,II;aVF,3,0.7,1,0,1,0,2
1;5,II;aVF,3,0.8,1,0,1,0,2
1;5,II;aVF,3,0.9,1,0,0,0,1
1;5;6,II;aVF;V1,4,0.5,1,1,1,0,3
1;5;6,II;aVF;V1,4,0.6,1,0,1,0,2
1;5;6,II;aVF;V1,4,0.7,1,0,1,0,2
1;5;6,II;aVF;V1,4,0.8,1,0,1,0,2
1;5;6,II;aVF;V1,4,0.9,1,0,0,0,1
1;5;6;7,II;aVF;V1;V2,5,0.5,1,1,1,0,3
1;5;6;7,II;aVF;V1;V2,5,0.6,1,0,1,0,2
1;5;6;7,II;aVF;V1;V2,5,0.7,1,0,1,0,2
1;5;6;7,II;aVF;V1;V2,5,0.8,1,0,1,0,2
1;5;6;7,II;aVF;V1;V2,5,0.9,1,0,0,0,1
1;5;6;7;8,II;aVF;V1;V2;V3,6,0.5,1,1,1,0,3
1;5;6;7;8,II;aVF;V1;V2;V3,6,0.6,1,0,1,0,2
1;5;6;7;8,II;aVF;V1;V2;V3,6,0.7,1,0,1,0,2
1;5;6;7;8,II;aVF;V1;V2;V3,6,0.8,1,0,1,0,2
1;5;6;7;8,II;aVF;V1;V2;V3,6,0.9,1,0,0,0,1
1;5;6;7;8;9,II;aVF;V1;V2;V3;V4,7,0.5,1,1,1,0,3
1;5;6;7;8;9,II;aVF;V1;V2;V3;V4,7,0.6,1,1,1,0,3
1;5;6;7;8;9,II;aVF;V1;V2;V3;V4,7,0.7,1,0,1,0,2
1;5;6;7;8;9,II;aVF;V1;V2;V3;V4,7,0.8,1,0,1,0,2
1;5;6;7;8;9,II;aVF;V1;V2;V3;V4,7,0.9,1,0,0,0,1
1;5;6;7;8;9;10,II;aVF;V1;V2;V3;V4;V5,8,0.5,1,1,1,0,3
1;5;6;7;8;9;10,II;aVF;V1;V2;V3;V4;V5,8,0.6,1,0,1,0,2
1;5;6;7;8;9;10,II;aVF;V1;V2;V3;V4;V5,8,0.7,1,0,1,0,2
1;5;6;7;8;9;10,II;aVF;V1;V2;V3;V4;V5,8,0.8,1,0,1,0,2
1;5;6;7;8;9;10,II;aVF;V1;V2;V3;V4;V5,8,0.9,1,0,0,0,1
1;5;6;7;8;9;10;11,II;aVF;V1;V2;V3;V4;V5;V6,9,0.5,1,1,1,0,3
1;5;6;7;8;9;10;11,II;aVF;V1;V2;V3;V4;V5;V6,9,0.6,1,1,1,0,3
1;5;6;7;8;9;10;11,II;aVF;V1;V2;V3;V4;V5;V6,9,0.7,1,0,1,0,2
1;5;6;7;8;9;10;11,II;aVF;V1;V2;V3;V4;V5;V6,9,0.8,1,0,1,0,2
1;5;6;7;8;9;10;11,II;aVF;V1;V2;V3;V4;V5;V6,9,0.9,1,0,0,0,1
1;5;6;7;8;9;11,II;aVF;V1;V2;V3;V4;V6,8,0.5,1,1,1,0,3
1;5;6;7;8;9;11,II;aVF;V1;V2;V3;V4;V6,8,0.6,1,1,1,0,3
1;5;6;7;8;9;11,II;aVF;V1;V2;V3;V4;V6,8,0.7,1,0,1,0,2
1;5;6;7;8;9;11,II;aVF;V1;V2;V3;V4;V6,8,0.8,1,0,1,0,2
1;5;6;7;8;9;11,II;aVF;V1;V2;V3;V4;V6,8,0.9,1,0,0,0,1
1;5;6;7;8;10,II;aVF;V1;V2;V3;V5,7,0.5,1,1,1,0,3
1;5;6;7;8;10,II;aVF;V1;V2;V3;V5,7,0.6,1,0,1,0,2
1;5;6;7;8;10,II;aVF;V1;V2;V3;V5,7,0.7,1,0,1,0,2
1;5;6;7;8;10,II;aVF;V1;V2;V3;V5,7,0.8,1,0,1,0,2
1;5;6;7;8;10,II;aVF;V1;V2;V3;V5,7,0.9,1,0,0,0,1
1;5;6;7;8;10;11,II;aVF;V1;V2;V3;V5;V6,8,0.5,1,1,1,0,3
1;5;6;7;8;10;11,II;aVF;V1;V2;V3;V5;V6,8,0.6,1,1,1,0,3
1;5;6;7;8;10;11,II;aVF;V1;V2;V3;V5;V6,8,0.7,1,0,1,0,2
1;5;6;7;8;10;11,II;aVF;V1;V2;V3;V5;V6,8,0.8,1,0,1,0,2
1;5;6;7;8;10;11,II;aVF;V1;V2;V3;V5;V6,8,0.9,1,0,0,0,1
1;5;6;7;8;11,II;aVF;V1;V2;V3;V6,7,0.5,1,1,1,0,3
1;5;6;7;8;11,II;aVF;V1;V2;V3;V6,7,0.6,1,0,1,0,2
1;5;6;7;8;11,II;aVF;V1;V2;V3;V6,7,0.7,1,0,1,0,2
1;5;6;7;8;11,II;aVF;V1;V2;V3;V6,7,0.8,1,0,1,0,2
1;5;6;7;8;11,II;aVF;V1;V2;V3;V6,7,0.9,1,0,0,0,1
1;5;6;7;9,II;aVF;V1;V2;V4,6,0.5,1,1,1,0,3
1;5;6;7;9,II;aVF;V1;V2;V4,6,0.6,1,1,1,0,3
1;5;6;7;9,II;aVF;V1;V2;V4,6,0.7,1,0,1,0,2
1;5;6;7;9,II;aVF;V1;V2;V4,6,0.8,1,0,1,0,2
1;5;6;7;9,II;aVF;V1;V2;V4,6,0.9,1,0,0,0,1
1;5;6;7;9;10,II;aVF;V1;V2;V4;V5,7,0.5,1,1,1,0,3
1;5;6;7;9;10,II;aVF;V1;V2;V4;V5,7,0.6,1,1,1,0,3
1;5;6;7;9;10,II;aVF;V1;V2;V4;V5,7,0.7,1,0,1,0,2
1;5;6;7;9;10,II;aVF;V1;V2;V4;V5,7,0.8,1,0,1,0,2
1;5;6;7;9;10,II;aVF;V1;V2;V4;V5,7,0.9,1,0,0,0,1
1;5;6;7;9;10;11,II;aVF;V1;V2;V4;V5;V6,8,0.5,1,1,1,0,3
1;5;6;7;9;10;11,II;aVF;V1;V2;V4;V5;V6,8,0.6,1,1,1,0,3
1;5;6;7;9;10;11,II;aVF;V1;V2;V4;V5;V6,8,0.7,1,0,1,0,2
1;5;6;7;9;10;11,II;aVF;V1;V2;V4;V5;V6,8,0.8,1,0,1,0,2
1;5;6;7;9;10;11,II;aVF;V1;V2;V4;V5;V6,8,0.9,1,0,0,0,1
1;5;6;7;9;11,II;aVF;V1;V2;V4;V6,7,0.5,1,1,1,0,3
1;5;6;7;9;11,II;aVF;V1;V2;V4;V6,7,0.6,1,0,1,0,2
1;5;6;7;9;11,II;aVF;V1;V2;V4;V6,7,0.7,1,0,1,0,2
1;5;6;7;9;11,II;aVF;V1;V2;V4;V6,7,0.8,1,0,1,0,2
1;5;6;7;9;11,II;aVF;V1;V2;V4;V6,7,0.9,1,0,0,0,1
1;5;6;7;10,II;aVF;V1;V2;V5,6,0.5,1,1,1,0,3
1;5;6;7;10,II;aVF;V1;V2;V5,6,0.6,1,0,1,0,2
1;5;6;7;10,II;aVF;V1;V2;V5,6,0.7,1,0,1,0,2
1;5;6;7;10,II;aVF;V1;V2;V5,6,0.8,1,0,1,0,2
1;5;6;7;10,II;aVF;V1;V2;V5,6,0.9,1,0,0,0,1
1;5;6;7;10;11,II;aVF;V1;V2;V5;V6,7,0.5,1,1,1,0,3
1;5;6;7;10;11,II;aVF;V1;V2;V5;V6,7,0.6,1,0,1,0,2
1;5;6;7;10;11,II;aVF;V1;V2;V5;V6,7,0.7,1,0,1,0,2
1;5;6;7;10;11,II;aVF;V1;V2;V5;V6,7,0.8,1,0,1,0,2
1;5;6;7;10;11,II;aVF;V1;V2;V5;V6,7,0.9,1,0,0,0,1
1;5;6;7;11,II;aVF;V1;V2;V6,6,0.5,1,1,1,0,3
1;5;6;7;11,II;aVF;V1;V2;V6,6,0.6,1,1,1,0,3
1;5;6;7;11,II;aVF;V1;V2;V6,6,0.7,1,0,1,0,2
1;5;6;7;11,II;aVF;V1;V2;V6,6,0.8,1,0,1,0,2
1;5;6;7;11,II;aVF;V1;V2;V6,6,0.9,1,0,0,0,1
1;5;6;8,II;aVF;V1;V3,5,0.5,1,1,1,0,3
1;5;6;8,II;aVF;V1;V3,5,0.6,1,0,1,0,2
1;5;6;8,II;aVF;V1;V3,5,0.7,1,0,1,0,2
1;5;6;8,II;aVF;V1;V3,5,0.8,1,0,1,0,2
1;5;6;8,II;aVF;V1;V3,5,0.9,1,0,0,0,1
1;5;6;8;9,II;aVF;V1;V3;V4,6,0.5,1,1,1,0,3
1;5;6;8;9,II;aVF;V1;V3;V4,6,0.6,1,0,1,0,2
1;5;6;8;9,II;aVF;V1;V3;V4,6,0.7,1,0,1,0,2
1;5;6;8;9,II;aVF;V1;V3;V4,6,0.8,1,0,1,0,2
1;5;6;8;9,II;aVF;V1;V3;V4,6,0.9,1,0,0,0,1
1;5;6;8;9;10,II;aVF;V1;V3;V4;V5,7,0.5,1,1,1,0,3
1;5;6;8;9;10,II;aVF;V1;V3;V4;V5,7,0.6,1,0,1,0,2
1;5;6;8;9;10,II;aVF;V1;V3;V4;V5,7,0.7,1,0,1,0,2
1;5;6;8;9;10,II;aVF;V1;V3;V4;V5,7,0.8,1,0,1,0,2
1;5;6;8;9;10,II;aVF;V1;V3;V4;V5,7,0.9,1,0,0,0,1
1;5;6;8;9;10;11,II;aVF;V1;V3;V4;V5;V6,8,0.5,1,1,1,0,3
1;5;6;8;9;10;11,II;aVF;V1;V3;V4;V5;V6,8,0.6,1,0,1,0,2
1;5;6;8;9;10;11,II;aVF;V1;V3;V4;V5;V6,8,0.7,1,0,1,0,2
1;5;6;8;9;10;11,II;aVF;V1;V3;V4;V5;V6,8,0.8,1,0,1,0,2
1;5;6;8;9;10;11,II;aVF;V1;V3;V4;V5;V6,8,0.9,1,0,0,0,1
1;5;6;8;9;11,II;aVF;V1;V3;V4;V6,7,0.5,1,1,1,0,3
1;5;6;8;9;11,II;aVF;V1;V3;V4;V6,7,0.6,1,0,1,0,2
1;5;6;8;9;11,II;aVF;V1;V3;V4;V6,7,0.7,1,0,1,0,2
1;5;6;8;9;11,II;aVF;V1;V3;V4;V6,7,0.8,1,0,1,0,2
1;5;6;8;9;11,II;aVF;V1;V3;V4;V6,7,0.9,1,0,0,0,1
1;5;6;8;10,II;aVF;V1;V3;V5,6,0.5,1,1,1,0,3
1;5;6;8;10,II;aVF;V1;V3;V5,6,0.6,1,0,1,0,2
1;5;6;8;10,II;aVF;V1;V3;V5,6,0.7,1,0,1,0,2
1;5;6;8;10,II;aVF;V1;V3;V5,6,0.8,1,0,1,0,2
1;5;6;8;10,II;aVF;V1;V3;V5,6,0.9,1,0,0,0,1
1;5;6;8;10;11,II;aVF;V1;V3;V5;V6,7,0.5,1,1,1,0,3
1;5;6;8;10;11,II;aVF;V1;V3;V5;V6,7,0.6,1,0,1,0,2
1;5;6;8;10;11,II;aVF;V1;V3;V5;V6,7,0.7,1,0,1,0,2
1;5;6;8;10;11,II;aVF;V1;V3;V5;V6,7,0.8,1,0,1,0,2
1;5;6;8;10;11,II;aVF;V1;V3;V5;V6,7,0.9,1,0,0,0,1
1;5;6;8;11,II;aVF;V1;V3;V6,6,0.5,1,1,1,0,3
1;5;6;8;11,II;aVF;V1;V3;V6,6,0.6,1,0,1,0,2
1;5;6;8;11,II;aVF;V1;V3;V6,6,0.7,1,0,1,0,2
1;5;6;8;11,II;aVF;V1;V3;V6,6,0.8,1,0,1,0,2
1;5;6;8;11,II;aVF;V1;V3;V6,6,0.9,1,0,0,0,1
1;5;6;9,II;aVF;V1;V4,5,0.5,1,1,1,0,3
1;5;6;9,II;aVF;V1;V4,5,0.6,1,0,1,0,2
1;5;6;9,II;aVF;V1;V4,5,0.7,1,0,1,0,2
1;5;6;9,II;aVF;V1;V4,5,0.8,1,0,1,0,2
1;5;6;9,II;aVF;V1;V4,5,0.9,1,0,0,0,1
1;5;6;9;10,II;aVF;V1;V4;V5,6,0.5,1,1,1,0,3
1;5;6;9;10,II;aVF;V1;V4;V5,6,0.6,1,0,1,0,2
1;5;6;9;10,II;aVF;V1;V4;V5,6,0.7,1,0,1,0,2
1;5;6;9;10,II;aVF;V1;V4;V5,6,0.8,1,0,1,0,2
1;5;6;9;10,II;aVF;V1;V4;V5,6,0.9,1,0,0,0,1
1;5;6;9;10;11,II;aVF;V1;V4;V5;V6,7,0.5,1,1,1,0,3
1;5;6;9;10;11,II;aVF;V1;V4;V5;V6,7,0.6,1,0,1,0,2
1;5;6;9;10;11,II;aVF;V1;V4;V5;V6,7,0.7,1,0,1,0,2
1;5;6;9;10;11,II;aVF;V1;V4;V5;V6,7,0.8,1,0,1,0,2
1;5;6;9;10;11,II;aVF;V1;V4;V5;V6,7,0.9,1,0,0,0,1
1;5;6;9;11,II;aVF;V1;V4;V6,6,0.5,1,1,1,0,3
1;5;6;9;11,II;aVF;V1;V4;V6,6,0.6,1,1,1,0,3
1;5;6;9;11,II;aVF;V1;V4;V6,6,0.7,1,0,1,0,2
1;5;6;9;11,II;aVF;V1;V4;V6,6,0.8,1,0,1,0,2
1;5;6;9;11,II;aVF;V1;V4;V6,6,0.9,1,0,0,0,1
1;5;6;10,II;aVF;V1;V5,5,0.5,1,1,1,0,3
1;5;6;10,II;aVF;V1;V5,5,0.6,1,0,1,0,2
1;5;6;10,II;aVF;V1;V5,5,0.7,1,0,1,0,2
1;5;6;10,II;aVF;V1;V5,5,0.8,1,0,1,0,2
1;5;6;10,II;aVF;V1;V5,5,0.9,1,0,0,0,1
1;5;6;10;11,II;aVF;V1;V5;V6,6,0.5,1,1,1,0,3
1;5;6;10;11,II;aVF;V1;V5;V6,6,0.6,1,0,1,0,2
1;5;6;10;11,II;aVF;V1;V5;V6,6,0.7,1,0,1,0,2
1;5;6;10;11,II;aVF;V1;V5;V6,6,0.8,1,0,1,0,2
1;5;6;10;11,II;aVF;V1;V5;V6,6,0.9,1,0,0,0,1
1;5;6;11,II;aVF;V1;V6,5,0.5,1,1,1,0,3
1;5;6;11,II;aVF;V1;V6,5,0.6,1,1,1,0,3
1;5;6;11,II;aVF;V1;V6,5,0.7,1,0,1,0,2
1;5;6;11,II;aVF;V1;V6,5,0.8,1,0,1,0,2
1;5;6;11,II;aVF;V1;V6,5,0.9,1,0,0,0,1
1;5;7,II;aVF;V2,4,0.5,1,1,1,0,3
1;5;7,II;aVF;V2,4,0.6,1,0,1,0,2
1;5;7,II;aVF;V2,4,0.7,1,0,1,0,2
1;5;7,II;aVF;V2,4,0.8,1,0,1,0,2
1;5;7,II;aVF;V2,4,0.9,1,0,0,0,1
1;5;7;8,II;aVF;V2;V3,5,0.5,1,1,1,0,3
1;5;7;8,II;aVF;V2;V3,5,0.6,1,0,1,0,2
1;5;7;8,II;aVF;V2;V3,5,0.7,1,0,1,0,2
1;5;7;8,II;aVF;V2;V3,5,0.8,1,0,1,0,2
1;5;7;8,II;aVF;V2;V3,5,0.9,1,0,0,0,1
1;5;7;8;9,II;aVF;V2;V3;V4,6,0.5,1,1,1,0,3
1;5;7;8;9,II;aVF;V2;V3;V4,6,0.6,1,0,1,0,2
1;5;7;8;9,II;aVF;V2;V3;V4,6,0.7,1,0,1,0,2
1;5;7;8;9,II;aVF;V2;V3;V4,6,0.8,1,0,1,0,2
1;5;7;8;9,II;aVF;V2;V3;V4,6,0.9,1,0,0,0,1
1;5;7;8;9;10,II;aVF;V2;V3;V4;V5,7,0.5,1,1,1,0,3
1;5;7;8;9;10,II;aVF;V2;V3;V4;V5,7,0.6,1,0,1,0,2
1;5;7;8;9;10,II;aVF;V2;V3;V4;V5,7,0.7,1,0,1,0,2
1;5;7;8;9;10,II;aVF;V2;V3;V4;V5,7,0.8,1,0,0,0,1
1;5;7;8;9;10,II;aVF;V2;V3;V4;V5,7,0.9,0,0,0,0,0
1;5;7;8;9;10;11,II;aVF;V2;V3;V4;V5;V6,8,0.5,1,1,1,0,3
1;5;7;8;9;10;11,II;aVF;V2;V3;V4;V5;V6,8,0.6,1,0,1,0,2
1;5;7;8;9;10;11,II;aVF;V2;V3;V4;V5;V6,8,0.7,1,0,1,0,2
1;5;7;8;9;10;11,II;aVF;V2;V3;V4;V5;V6,8,0.8,1,0,0,0,1
1;5;7;8;9;10;11,II;aVF;V2;V3;V4;V5;V6,8,0.9,1,0,0,0,1
1;5;7;8;9;11,II;aVF;V2;V3;V4;V6,7,0.5,1,1,1,0,3
1;5;7;8;9;11,II;aVF;V2;V3;V4;V6,7,0.6,1,0,1,0,2
1;5;7;8;9;11,II;aVF;V2;V3;V4;V6,7,0.7,1,0,1,0,2
1;5;7;8;9;11,II;aVF;V2;V3;V4;V6,7,0.8,1,0,1,0,2
1;5;7;8;9;11,II;aVF;V2;V3;V4;V6,7,0.9,1,0,0,0,1
1;5;7;8;10,II;aVF;V2;V3;V5,6,0.5,1,1,1,0,3
1;5;7;8;10,II;aVF;V2;V3;V5,6,0.6,1,0,1,0,2
1;5;7;8;10,II;aVF;V2;V3;V5,6,0.7,1,0,1,0,2
1;5;7;8;10,II;aVF;V2;V3;V5,6,0.8,1,0,0,0,1
1;5;7;8;10,II;aVF;V2;V3;V5,6,0.9,1,0,0,0,1
1;5;7;8;10;11,II;aVF;V2;V3;V5;V6,7,0.5,1,1,1,0,3
1;5;7;8;10;11,II;aVF;V2;V3;V5;V6,7,0.6,1,1,1,0,3
1;5;7;8;10;11,II;aVF;V2;V3;V5;V6,7,0.7,1,0,1,0,2
1;5;7;8;10;11,II;aVF;V2;V3;V5;V6,7,0.8,1,0,1,0,2
1;5;7;8;10;11,II;aVF;V2;V3;V5;V6,7,0.9,1,0,0,0,1
1;5;7;8;11,II;aVF;V2;V3;V6,6,0.5,1,1,1,0,3
1;5;7;8;11,II;aVF;V2;V3;V6,6,0.6,1,0,1,0,2
1;5;7;8;11,II;aVF;V2;V3;V6,6,0.7,1,0,1,0,2
1;5;7;8;11,II;aVF;V2;V3;V6,6,0.8,1,0,0,0,1
1;5;7;8;11,II;aVF;V2;V3;V6,6,0.9,1,0,0,0,1
1;5;7;9,II;aVF;V2;V4,5,0.5,1,1,1,0,3
1;5;7;9,II;aVF;V2;V4,5,0.6,1,0,1,0,2
1;5;7;9,II;aVF;V2;V4,5,0.7,1,0,1,0,2
1;5;7;9,II;aVF;V2;V4,5,0.8,1,0,1,0,2
1;5;7;9,II;aVF;V2;V4,5,0.9,1,0,0,0,1
1;5;7;9;10,II;aVF;V2;V4;V5,6,0.5,1,1,1,0,3
1;5;7;9;10,II;aVF;V2;V4;V5,6,0.6,1,0,1,0,2
1;5;7;9;10,II;aVF;V2;V4;V5,6,0.7,1,0,1,0,2
1;5;7;9;10,II;aVF;V2;V4;V5,6,0.8,1,0,0,0,1
1;5;7;9;10,II;aVF;V2;V4;V5,6,0.9,1,0,0,0,1
1;5;7;9;10;11,II;aVF;V2;V4;V5;V6,7,0.5,1,1,1,0,3
1;5;7;9;10;11,II;aVF;V2;V4;V5;V6,7,0.6,1,1,1,0,3
1;5;7;9;10;11,II;aVF;V2;V4;V5;V6,7,0.7,1,0,1,0,2
1;5;7;9;10;11,II;aVF;V2;V4;V5;V6,7,0.8,1,0,1,0,2
1;5;7;9;10;11,II;aVF;V2;V4;V5;V6,7,0.9,1,0,0,0,1
1;5;7;9;11,II;aVF;V2;V4;V6,6,0.5,1,1,1,0,3
1;5;7;9;11,II;aVF;V2;V4;V6,6,0.6,1,0,1,0,2
1;5;7;9;11,II;aVF;V2;V4;V6,6,0.7,1,0,1,0,2
1;5;7;9;11,II;aVF;V2;V4;V6,6,0.8,1,0,1,0,2
1;5;7;9;11,II;aVF;V2;V4;V6,6,0.9,1,0,0,0,1
1;5;7;10,II;aVF;V2;V5,5,0.5,1,1,1,0,3
1;5;7;10,II;aVF;V2;V5,5,0.6,1,1,1,0,3
1;5;7;10,II;aVF;V2;V5,5,0.7,1,0,1,0,2
1;5;7;10,II;aVF;V2;V5,5,0.8,1,0,1,0,2
1;5;7;10,II;aVF;V2;V5,5,0.9,1,0,0,0,1
1;5;7;10;11,II;aVF;V2;V5;V6,6,0.5,1,1,1,0,3
1;5;7;10;11,II;aVF;V2;V5;V6,6,0.6,1,1,1,0,3
1;5;7;10;11,II;aVF;V2;V5;V6,6,0.7,1,0,1,0,2
1;5;7;10;11,II;aVF;V2;V5;V6,6,0.8,1,0,0,0,1
1;5;7;10;11,II;aVF;V2;V5;V6,6,0.9,1,0,0,0,1
1;5;7;11,II;aVF;V2;V6,5,0.5,1,1,1,0,3
1;5;7;11,II;aVF;V2;V6,5,0.6,1,1,1,0,3
1;5;7;11,II;aVF;V2;V6,5,0.7,1,0,1,0,2
1;5;7;11,II;aVF;V2;V6,5,0.8,1,0,1,0,2
1;5;7;11,II;aVF;V2;V6,5,0.9,1,0,0,0,1
1;5;8,II;aVF;V3,4,0.5,1,1,1,0,3
1;5;8,II;aVF;V3,4,0.6,1,0,1,0,2
1;5;8,II;aVF;V3,4,0.7,1,0,1,0,2
1;5;8,II;aVF;V3,4,0.8,1,0,1,0,2
1;5;8,II;aVF;V3,4,0.9,1,0,0,0,1
1;5;8;9,II;aVF;V3;V4,5,0.5,1,1,1,0,3
1;5;8;9,II;aVF;V3;V4,5,0.6,1,0,1,0,2
1;5;8;9,II;aVF;V3;V4,5,0.7,1,0,1,0,2
1;5;8;9,II;aVF;V3;V4,5,0.8,1,0,1,0,2
1;5;8;9,II;aVF;V3;V4,5,0.9,1,0,0,0,1
1;5;8;9;10,II;aVF;V3;V4;V5,6,0.5,1,1,1,0,3
1;5;8;9;10,II;aVF;V3;V4;V5,6,0.6,1,0,1,0,2
1;5;8;9;10,II;aVF;V3;V4;V5,6,0.7,1,0,1,0,2
1;5;8;9;10,II;aVF;V3;V4;V5,6,0.8,1,0,0,0,1
1;5;8;9;10,II;aVF;V3;V4;V5,6,0.9,1,0,0,0,1
1;5;8;9;10;11,II;aVF;V3;V4;V5;V6,7,0.5,1,1,1,0,3
1;5;8;9;10;11,II;aVF;V3;V4;V5;V6,7,0.6,1,0,1,0,2
1;5;8;9;10;11,II;aVF;V3;V4;V5;V6,7,0.7,1,0,1,0,2
1;5;8;9;10;11,II;aVF;V3;V4;V5;V6,7,0.8,1,0,0,0,1
1;5;8;9;10;11,II;aVF;V3;V4;V5;V6,7,0.9,1,0,0,0,1
1;5;8;9;11,II;aVF;V3;V4;V6,6,0.5,1,1,1,0,3
1;5;8;9;11,II;aVF;V3;V4;V6,6,0.6,1,0,1,0,2
1;5;8;9;11,II;aVF;V3;V4;V6,6,0.7,1,0,1,0,2
1;5;8;9;11,II;aVF;V3;V4;V6,6,0.8,1,0,0,0,1
1;5;8;9;11,II;aVF;V3;V4;V6,6,0.9,1,0,0,0,1
1;5;8;10,II;aVF;V3;V5,5,0.5,1,1,1,0,3
1;5;8;10,II;aVF;V3;V5,5,0.6,1,0,1,0,2
1;5;8;10,II;aVF;V3;V5,5,0.7,1,0,1,0,2
1;5;8;10,II;aVF;V3;V5,5,0.8,1,0,0,0,1
1;5;8;10,II;aVF;V3;V5,5,0.9,1,0,0,0,1
1;5;8;10;11,II;aVF;V3;V5;V6,6,0.5,1,1,1,0,3
1;5;8;10;11,II;aVF;V3;V5;V6,6,0.6,1,0,1,0,2
1;5;8;10;11,II;aVF;V3;V5;V6,6,0.7,1,0,1,0,2
1;5;8;10;11,II;aVF;V3;V5;V6,6,0.8,1,0,0,0,1
1;5;8;10;11,II;aVF;V3;V5;V6,6,0.9,1,0,0,0,1
1;5;8;11,II;aVF;V3;V6,5,0.5,1,1,1,0,3
1;5;8;11,II;aVF;V3;V6,5,0.6,1,0,1,0,2
1;5;8;11,II;aVF;V3;V6,5,0.7,1,0,1,0,2
1;5;8;11,II;aVF;V3;V6,5,0.8,1,0,0,0,1
1;5;8;11,II;aVF;V3;V6,5,0.9,1,0,0,0,1
1;5;9,II;aVF;V4,4,0.5,1,1,1,0,3
1;5;9,II;aVF;V4,4,0.6,1,1,1,0,3
1;5;9,II;aVF;V4,4,0.7,1,0,1,0,2
1;5;9,II;aVF;V4,4,0.8,1,0,1,0,2
1;5;9,II;aVF;V4,4,0.9,1,0,0,0,1
1;5;9;10,II;aVF;V4;V5,5,0.5,1,1,1,0,3
1;5;9;10,II;aVF;V4;V5,5,0.6,1,1,1,0,3
1;5;9;10,II;aVF;V4;V5,5,0.7,1,0,1,0,2
1;5;9;10,II;aVF;V4;V5,5,0.8,1,0,1,0,2
1;5;9;10,II;aVF;V4;V5,5,0.9,1,0,0,0,1
1;5;9;10;11,II;aVF;V4;V5;V6,6,0.5,1,1,1,0,3
1;5;9;10;11,II;aVF;V4;V5;V6,6,0.6,1,0,1,0,2
1;5;9;10;11,II;aVF;V4;V5;V6,6,0.7,1,0,1,0,2
1;5;9;10;11,II;aVF;V4;V5;V6,6,0.8,1,0,1,0,2
1;5;9;10;11,II;aVF;V4;V5;V6,6,0.9,1,0,0,0,1
1;5;9;11,II;aVF;V4;V6,5,0.5,1,1,1,0,3
1;5;9;11,II;aVF;V4;V6,5,0.6,1,0,1,0,2
1;5;9;11,II;aVF;V4;V6,5,0.7,1,0,1,0,2
1;5;9;11,II;aVF;V4;V6,5,0.8,1,0,1,0,2
1;5;9;11,II;aVF;V4;V6,5,0.9,1,0,0,0,1
1;5;10,II;aVF;V5,4,0.5,1,1,1,0,3
1;5;10,II;aVF;V5,4,0.6,1,1,1,0,3
1;5;10,II;aVF;V5,4,0.7,1,0,1,0,2
1;5;10,II;aVF;V5,4,0.8,1,0,0,0,1
1;5;10,II;aVF;V5,4,0.9,1,0,0,0,1
1;5;10;11,II;aVF;V5;V6,5,0.5,1,1,1,0,3
1;5;10;11,II;aVF;V5;V6,5,0.6,1,0,1,0,2
1;5;10;11,II;aVF;V5;V6,5,0.7,1,0,1,0,2
1;5;10;11,II;aVF;V5;V6,5,0.8,1,0,1,0,2
1;5;10;11,II;aVF;V5;V6,5,0.9,1,0,0,0,1
1;5;11,II;aVF;V6,4,0.5,1,1,1,0,3
1;5;11,II;aVF;V6,4,0.6,1,0,1,0,2
1;5;11,II;aVF;V6,4,0.7,1,0,1,0,2
1;5;11,II;aVF;V6,4,0.8,1,0,1,0,2
1;5;11,II;aVF;V6,4,0.9,1,0,0,0,1
1;6,II;V1,4,0.5,1,1,1,0,3
1;6,II;V1,4,0.6,1,1,1,0,3
1;6,II;V1,4,0.7,1,0,1,0,2
1;6,II;V1,4,0.8,1,0,1,0,2
1;6,II;V1,4,0.9,1,0,0,0,1
1;6;7,II;V1;V2,5,0.5,1,1,1,0,3
1;6;7,II;V1;V2,5,0.6,1,0,1,0,2
1;6;7,II;V1;V2,5,0.7,1,0,1,0,2
1;6;7,II;V1;V2,5,0.8,1,0,1,0,2
1;6;7,II;V1;V2,5,0.9,1,0,0,0,1
1;6;7;8,II;V1;V2;V3,6,0.5,1,1,1,0,3
1;6;7;8,II;V1;V2;V3,6,0.6,1,0,1,0,2
1;6;7;8,II;V1;V2;V3,6,0.7,1,0,1,0,2
1;6;7;8,II;V1;V2;V3,6,0.8,1,0,1,0,2
1;6;7;8,II;V1;V2;V3,6,0.9,1,0,0,0,1
1;6;7;8;9,II;V1;V2;V3;V4,7,0.5,1,1,1,0,3
1;6;7;8;9,II;V1;V2;V3;V4,7,0.6,1,0,1,0,2
1;6;7;8;9,II;V1;V2;V3;V4,7,0.7,1,0,1,0,2
1;6;7;8;9,II;V1;V2;V3;V4,7,0.8,1,0,1,0,2
1;6;7;8;9,II;V1;V2;V3;V4,7,0.9,1,0,0,0,1
1;6;7;8;9;10,II;V1;V2;V3;V4;V5,8,0.5,1,1,1,0,3
1;6;7;8;9;10,II;V1;V2;V3;V4;V5,8,0.6,1,0,1,0,2
1;6;7;8;9;10,II;V1;V2;V3;V4;V5,8,0.7,1,0,1,0,2
1;6;7;8;9;10,II;V1;V2;V3;V4;V5,8,0.8,1,0,1,0,2
1;6;7;8;9;10,II;V1;V2;V3;V4;V5,8,0.9,1,0,0,0,1
1;6;7;8;9;10;11,II;V1;V2;V3;V4;V5;V6,9,0.5,1,1,1,0,3
1;6;7;8;9;10;11,II;V1;V2;V3;V4;V5;V6,9,0.6,1,1,1,0,3
1;6;7;8;9;10;11,II;V1;V2;V3;V4;V5;V6,9,0.7,1,0,1,0,2
1;6;7;8;9;10;11,II;V1;V2;V3;V4;V5;V6,9,0.8,1,0,1,0,2
1;6;7;8;9;10;11,II;V1;V2;V3;V4;V5;V6,9,0.9,1,0,0,0,1
1;6;7;8;9;11,II;V1;V2;V3;V4;V6,8,0.5,1,1,1,0,3
1;6;7;8;9;11,II;V1;V2;V3;V4;V6,8,0.6,1,0,1,0,2
1;6;7;8;9;11,II;V1;V2;V3;V4;V6,8,0.7,1,0,1,0,2
1;6;7;8;9;11,II;V1;V2;V3;V4;V6,8,0.8,1,0,1,0,2
1;6;7;8;9;11,II;V1;V2;V3;V4;V6,8,0.9,1,0,0,0,1
1;6;7;8;10,II;V1;V2;V3;V5,7,0.5,1,1,1,0,3
1;6;7;8;10,II;V1;V2;V3;V5,7,0.6,1,0,1,0,2
1;6;7;8;10,II;V1;V2;V3;V5,7,0.7,1,0,1,0,2
1;6;7;8;10,II;V1;V2;V3;V5,7,0.8,1,0,1,0,2
1;6;7;8;10,II;V1;V2;V3;V5,7,0.9,1,0,0,0,1
1;6;7;8;10;11,II;V1;V2;V3;V5;V6,8,0.5,1,1,1,0,3
1;6;7;8;10;11,II;V1;V2;V3;V5;V6,8,0.6,1,0,1,0,2
1;6;7;8;10;11,II;V1;V2;V3;V5;V6,8,0.7,1,0,1,0,2
1;6;7;8;10;11,II;V1;V2;V3;V5;V6,8,0.8,1,0,1,0,2
1;6;7;8;10;11,II;V1;V2;V3;V5;V6,8,0.9,1,0,0,0,1
1;6;7;8;11,II;V1;V2;V3;V6,7,0.5,1,1,1,0,3
1;6;7;8;11,II;V1;V2;V3;V6,7,0.6,1,0,1,0,2
1;6;7;8;11,II;V1;V2;V3;V6,7,0.7,1,0,1,0,2
1;6;7;8;11,II;V1;V2;V3;V6,7,0.8,1,0,1,0,2
1;6;7;8;11,II;V1;V2;V3;V6,7,0.9,1,0,0,0,1
1;6;7;9,II;V1;V2;V4,6,0.5,1,1,1,0,3
1;6;7;9,II;V1;V2;V4,6,0.6,1,1,1,0,3
1;6;7;9,II;V1;V2;V4,6,0.7,1,0,1,0,2
1;6;7;9,II;V1;V2;V4,6,0.8,1,0,1,0,2
1;6;7;9,II;V1;V2;V4,6,0.9,1,0,0,0,1
1;6;7;9;10,II;V1;V2;V4;V5,7,0.5,1,1,1,0,3
1;6;7;9;10,II;V1;V2;V4;V5,7,0.6,1,1,1,0,3
1;6;7;9;10,II;V1;V2;V4;V5,7,0.7,1,0,1,0,2
1;6;7;9;10,II;V1;V2;V4;V5,7,0.8,1,0,1,0,2
1;6;7;9;10,II;V1;V2;V4;V5,7,0.9,1,0,0,0,1
1;6;7;9;10;11,II;V1;V2;V4;V5;V6,8,0.5,1,1,1,0,3
1;6;7;9;10;11,II;V1;V2;V4;V5;V6,8,0.6,1,1,1,0,3
1;6;7;9;10;11,II;V1;V2;V4;V5;V6,8,0.7,1,0,1,0,2
1;6;7;9;10;11,II;V1;V2;V4;V5;V6,8,0.8,1,0,1,0,2
1;6;7;9;10;11,II;V1;V2;V4;V5;V6,8,0.9,1,0,0,0,1
1;6;7;9;11,II;V1;V2;V4;V6,7,0.5,1,1,1,0,3
1;6;7;9;11,II;V1;V2;V4;V6,7,0.6,1,1,1,0,3
1;6;7;9;11,II;V1;V2;V4;V6,7,0.7,1,0,1,0,2
1;6;7;9;11,II;V1;V2;V4;V6,7,0.8,1,0,1,0,2
1;6;7;9;11,II;V1;V2;V4;V6,7,0.9,1,0,0,0,1
1;6;7;10,II;V1;V2;V5,6,0.5,1,1,1,0,3
1;6;7;10,II;V1;V2;V5,6,0.6,1,0,1,0,2
1;6;7;10,II;V1;V2;V5,6,0.7,1,0,1,0,2
1;6;7;10,II;V1;V2;V5,6,0.8,1,0,1,0,2
1;6;7;10,II;V1;V2;V5,6,0.9,1,0,0,0,1
1;6;7;10;11,II;V1;V2;V5;V6,7,0.5,1,1,1,0,3
1;6;7;10;11,II;V1;V2;V5;V6,7,0.6,1,0,1,0,2
1;6;7;10;11,II;V1;V2;V5;V6,7,0.7,1,0,1,0,2
1;6;7;10;11,II;V1;V2;V5;V6,7,0.8,1,0,1,0,2
1;6;7;10;11,II;V1;V2;V5;V6,7,0.9,1,0,0,0,1
1;6;7;11,II;V1;V2;V6,6,0.5,1,1,1,0,3
1;6;7;11,II;V1;V2;V6,6,0.6,1,1,1,0,3
1;6;7;11,II;V1;V2;V6,6,0.7,1,0,1,0,2
1;6;7;11,II;V1;V2;V6,6,0.8,1,0,1,0,2
1;6;7;11,II;V1;V2;V6,6,0.9,1,0,0,0,1
1;6;8,II;V1;V3,5,0.5,1,1,1,0,3
1;6;8,II;V1;V3,5,0.6,1,0,1,0,2
1;6;8,II;V1;V3,5,0.7,1,0,1,0,2
1;6;8,II;V1;V3,5,0.8,1,0,1,0,2
1;6;8,II;V1;V3,5,0.9,1,0,0,0,1
1;6;8;9,II;V1;V3;V4,6,0.5,1,1,1,0,3
1;6;8;9,II;V1;V3;V4,6,0.6,1,1,1,0,3
1;6;8;9,II;V1;V3;V4,6,0.7,1,0,1,0,2
1;6;8;9,II;V1;V3;V4,6,0.8,1,0,1,0,2
1;6;8;9,II;V1;V3;V4,6,0.9,1,0,0,0,1
1;6;8;9;10,II;V1;V3;V4;V5,7,0.5,1,1,1,0,3
1;6;8;9;10,II;V1;V3;V4;V5,7,0.6,1,0,1,0,2
1;6;8;9;10,II;V1;V3;V4;V5,7,0.7,1,0,1,0,2
1;6;8;9;10,II;V1;V3;V4;V5,7,0.8,1,0,1,0,2
1;6;8;9;10,II;V1;V3;V4;V5,7,0.9,1,0,0,0,1
1;6;8;9;10;11,II;V1;V3;V4;V5;V6,8,0.5,1,1,1,0,3
1;6;8;9;10;11,II;V1;V3;V4;V5;V6,8,0.6,1,0,1,0,2
1;6;8;9;10;11,II;V1;V3;V4;V5;V6,8,0.7,1,0,1,0,2
1;6;8;9;10;11,II;V1;V3;V4;V5;V6,8,0.8,1,0,1,0,2
1;6;8;9;10;11,II;V1;V3;V4;V5;V6,8,0.9,1,0,0,0,1
1;6;8;9;11,II;V1;V3;V4;V6,7,0.5,1,1,1,0,3
1;6;8;9;11,II;V1;V3;V4;V6,7,0.6,1,0,1,0,2
1;6;8;9;11,II;V1;V3;V4;V6,7,0.7,1,0,1,0,2
1;6;8;9;11,II;V1;V3;V4;V6,7,0.8,1,0,1,0,2
1;6;8;9;11,II;V1;V3;V4;V6,7,0.9,1,0,0,0,1
1;6;8;10,II;V1;V3;V5,6,0.5,1,1,1,0,3
1;6;8;10,II;V1;V3;V5,6,0.6,1,1,1,0,3
1;6;8;10,II;V1;V3;V5,6,0.7,1,0,1,0,2
1;6;8;10,II;V1;V3;V5,6,0.8,1,0,1,0,2
1;6;8;10,II;V1;V3;V5,6,0.9,1,0,0,0,1
1;6;8;10;11,II;V1;V3;V5;V6,7,0.5,1,1,1,0,3
1;6;8;10;11,II;V1;V3;V5;V6,7,0.6,1,0,1,0,2
1;6;8;10;11,II;V1;V3;V5;V6,7,0.7,1,0,1,0,2
1;6;8;10;11,II;V1;V3;V5;V6,7,0.8,1,0,1,0,2
1;6;8;10;11,II;V1;V3;V5;V6,7,0.9,1,0,0,0,1
1;6;8;11,II;V1;V3;V6,6,0.5,1,1,1,0,3
1;6;8;11,II;V1;V3;V6,6,0.6,1,0,1,0,2
1;6;8;11,II;V1;V3;V6,6,0.7,1,0,1,0,2
1;6;8;11,II;V1;V3;V6,6,0.8,1,0,1,0,2
1;6;8;11,II;V1;V3;V6,6,0.9,1,0,0,0,1
1;6;9,II;V1;V4,5,0.5,1,1,1,0,3
1;6;9,II;V1;V4,5,0.6,1,0,1,0,2
1;6;9,II;V1;V4,5,0.7,1,0,1,0,2
1;6;9,II;V1;V4,5,0.8,1,0,1,0,2
1;6;9,II;V1;V4,5,0.9,1,0,0,0,1
1;6;9;10,II;V1;V4;V5,6,0.5,1,1,1,0,3
1;6;9;10,II;V1;V4;V5,6,0.6,1,1,1,0,3
1;6;9;10,II;V1;V4;V5,6,0.7,1,0,1,0,2
1;6;9;10,II;V1;V4;V5,6,0.8,1,0,1,0,2
1;6;9;10,II;V1;V4;V5,6,0.9,1,0,0,0,1
1;6;9;10;11,II;V1;V4;V5;V6,7,0.5,1,1,1,0,3
1;6;9;10;11,II;V1;V4;V5;V6,7,0.6,1,0,1,0,2
1;6;9;10;11,II;V1;V4;V5;V6,7,0.7,1,0,1,0,2
1;6;9;10;11,II;V1;V4;V5;V6,7,0.8,1,0,1,0,2
1;6;9;10;11,II;V1;V4;V5;V6,7,0.9,1,0,0,0,1
1;6;9;11,II;V1;V4;V6,6,0.5,1,1,1,0,3
1;6;9;11,II;V1;V4;V6,6,0.6,1,1,1,0,3
1;6;9;11,II;V1;V4;V6,6,0.7,1,0,1,0,2
1;6;9;11,II;V1;V4;V6,6,0.8,1,0,1,0,2
1;6;9;11,II;V1;V4;V6,6,0.9,1,0,0,0,1
1;6;10,II;V1;V5,5,0.5,1,1,1,0,3
1;6;10,II;V1;V5,5,0.6,1,1,1,0,3
1;6;10,II;V1;V5,5,0.7,1,0,1,0,2
1;6;10,II;V1;V5,5,0.8,1,0,1,0,2
1;6;10,II;V1;V5,5,0.9,1,0,0,0,1
1;6;10;11,II;V1;V5;V6,6,0.5,1,1,1,0,3
1;6;10;11,II;V1;V5;V6,6,0.6,1,1,1,0,3
1;6;10;11,II;V1;V5;V6,6,0.7,1,0,1,0,2
1;6;10;11,II;V1;V5;V6,6,0.8,1,0,1,0,2
1;6;10;11,II;V1;V5;V6,6,0.9,1,0,0,0,1
1;6;11,II;V1;V6,5,0.5,1,1,1,0,3
1;6;11,II;V1;V6,5,0.6,1,0,1,0,2
1;6;11,II;V1;V6,5,0.7,1,0,1,0,2
1;6;11,II;V1;V6,5,0.8,1,0,1,0,2
1;6;11,II;V1;V6,5,0.9,1,0,0,0,1
1;7,II;V2,4,0.5,1,1,1,0,3
1;7,II;V2,4,0.6,1,0,1,0,2
1;7,II;V2,4,0.7,1,0,1,0,2
1;7,II;V2,4,0.8,1,0,1,0,2
1;7,II;V2,4,0.9,1,0,0,0,1
1;7;8,II;V2;V3,5,0.5,1,1,1,0,3
1;7;8,II;V2;V3,5,0.6,1,0,1,0,2
1;7;8,II;V2;V3,5,0.7,1,0,1,0,2
1;7;8,II;V2;V3,5,0.8,1,0,1,0,2
1;7;8,II;V2;V3,5,0.9,1,0,0,0,1
1;7;8;9,II;V2;V3;V4,6,0.5,1,1,1,0,3
1;7;8;9,II;V2;V3;V4,6,0.6,1,0,1,0,2
1;7;8;9,II;V2;V3;V4,6,0.7,1,0,1,0,2
1;7;8;9,II;V2;V3;V4,6,0.8,1,0,1,0,2
1;7;8;9,II;V2;V3;V4,6,0.9,1,0,0,0,1
1;7;8;9;10,II;V2;V3;V4;V5,7,0.5,1,1,1,0,3
1;7;8;9;10,II;V2;V3;V4;V5,7,0.6,1,0,1,0,2
1;7;8;9;10,II;V2;V3;V4;V5,7,0.7,1,0,1,0,2
1;7;8;9;10,II;V2;V3;V4;V5,7,0.8,1,0,1,0,2
1;7;8;9;10,II;V2;V3;V4;V5,7,0.9,0,0,0,0,0
1;7;8;9;10;11,II;V2;V3;V4;V5;V6,8,0.5,1,1,1,0,3
1;7;8;9;10;11,II;V2;V3;V4;V5;V6,8,0.6,1,1,1,0,3
1;7;8;9;10;11,II;V2;V3;V4;V5;V6,8,0.7,1,0,1,0,2
1;7;8;9;10;11,II;V2;V3;V4;V5;V6,8,0.8,1,0,1,0,2
1;7;8;9;10;11,II;V2;V3;V4;V5;V6,8,0.9,1,0,0,0,1
1;7;8;9;11,II;V2;V3;V4;V6,7,0.5,1,1,1,0,3
1;7;8;9;11,II;V2;V3;V4;V6,7,0.6,1,0,1,0,2
1;7;8;9;11,II;V2;V3;V4;V6,7,0.7,1,0,1,0,2
1;7;8;9;11,II;V2;V3;V4;V6,7,0.8,1,0,1,0,2
1;7;8;9;11,II;V2;V3;V4;V6,7,0.9,1,0,0,0,1
1;7;8;10,II;V2;V3;V5,6,0.5,1,1,1,0,3
1;7;8;10,II;V2;V3;V5,6,0.6,1,0,1,0,2
1;7;8;10,II;V2;V3;V5,6,0.7,1,0,1,0,2
1;7;8;10,II;V2;V3;V5,6,0.8,1,0,1,0,2
1;7;8;10,II;V2;V3;V5,6,0.9,1,0,0,0,1
1;7;8;10;11,II;V2;V3;V5;V6,7,0.5,1,1,1,0,3
1;7;8;10;11,II;V2;V3;V5;V6,7,0.6,1,1,1,0,3
1;7;8;10;11,II;V2;V3;V5;V6,7,0.7,1,0,1,0,2
1;7;8;10;11,II;V2;V3;V5;V6,7,0.8,1,0,1,0,2
1;7;8;10;11,II;V2;V3;V5;V6,7,0.9,1,0,0,0,1
1;7;8;11,II;V2;V3;V6,6,0.5,1,1,1,0,3
1;7;8;11,II;V2;V3;V6,6,0.6,1,0,1,0,2
1;7;8;11,II;V2;V3;V6,6,0.7,1,0,1,0,2
1;7;8;11,II;V2;V3;V6,6,0.8,1,0,1,0,2
1;7;8;11,II;V2;V3;V6,6,0.9,1,0,0,0,1
1;7;9,II;V2;V4,5,0.5,1,1,1,0,3
1;7;9,II;V2;V4,5,0.6,1,0,1,0,2
1;7;9,II;V2;V4,5,0.7,1,0,1,0,2
1;7;9,II;V2;V4,5,0.8,1,0,1,0,2
1;7;9,II;V2;V4,5,0.9,1,0,0,0,1
1;7;9;10,II;V2;V4;V5,6,0.5,1,1,1,0,3
1;7;9;10,II;V2;V4;V5,6,0.6,1,0,1,0,2
1;7;9;10,II;V2;V4;V5,6,0.7,1,0,1,0,2
1;7;9;10,II;V2;V4;V5,6,0.8,1,0,0,0,1
1;7;9;10,II;V2;V4;V5,6,0.9,1,0,0,0,1
1;7;9;10;11,II;V2;V4;V5;V6,7,0.5,1,1,1,0,3
1;7;9;10;11,II;V2;V4;V5;V6,7,0.6,1,1,1,0,3
1;7;9;10;11,II;V2;V4;V5;V6,7,0.7,1,0,1,0,2
1;7;9;10;11,II;V2;V4;V5;V6,7,0.8,1,0,1,0,2
1;7;9;10;11,II;V2;V4;V5;V6,7,0.9,1,0,0,0,1
1;7;9;11,II;V2;V4;V6,6,0.5,1,1,1,0,3
1;7;9;11,II;V2;V4;V6,6,0.6,1,1,1,0,3
1;7;9;11,II;V2;V4;V6,6,0.7,1,0,1,0,2
1;7;9;11,II;V2;V4;V6,6,0.8,1,0,1,0,2
1;7;9;11,II;V2;V4;V6,6,0.9,1,0,0,0,1
1;7;10,II;V2;V5,5,0.5,1,1,1,0,3
1;7;10,II;V2;V5,5,0.6,1,0,1,0,2
1;7;10,II;V2;V5,5,0.7,1,0,1,0,2
1;7;10,II;V2;V5,5,0.8,1,0,1,0,2
1;7;10,II;V2;V5,5,0.9,1,0,0,0,1
1;7;10;11,II;V2;V5;V6,6,0.5,1,1,1,0,3
1;7;10;11,II;V2;V5;V6,6,0.6,1,1,1,0,3
1;7;10;11,II;V2;V5;V6,6,0.7,1,0,1,0,2
1;7;10;11,II;V2;V5;V6,6,0.8,1,0,1,0,2
1;7;10;11,II;V2;V5;V6,6,0.9,1,0,0,0,1
1;7;11,II;V2;V6,5,0.5,1,1,1,0,3
1;7;11,II;V2;V6,5,0.6,1,1,1,0,3
1;7;11,II;V2;V6,5,0.7,1,0,1,0,2
1;7;11,II;V2;V6,5,0.8,1,0,1,0,2
1;7;11,II;V2;V6,5,0.9,1,0,0,0,1
1;8,II;V3,4,0.5,1,1,1,0,3
1;8,II;V3,4,0.6,1,0,1,0,2
1;8,II;V3,4,0.7,1,0,1,0,2
1;8,II;V3,4,0.8,1,0,1,0,2
1;8,II;V3,4,0.9,1,0,0,0,1
1;8;9,II;V3;V4,5,0.5,1,1,1,0,3
1;8;9,II;V3;V4,5,0.6,1,1,1,0,3
1;8;9,II;V3;V4,5,0.7,1,0,1,0,2
1;8;9,II;V3;V4,5,0.8,1,0,1,0,2
1;8;9,II;V3;V4,5,0.9,1,0,0,0,1
1;8;9;10,II;V3;V4;V5,6,0.5,1,1,1,0,3
1;8;9;10,II;V3;V4;V5,6,0.6,1,0,1,0,2
1;8;9;10,II;V3;V4;V5,6,0.7,1,0,1,0,2
1;8;9;10,II;V3;V4;V5,6,0.8,1,0,1,0,2
1;8;9;10,II;V3;V4;V5,6,0.9,1,0,0,0,1
1;8;9;10;11,II;V3;V4;V5;V6,7,0.5,1,1,1,0,3
1;8;9;10;11,II;V3;V4;V5;V6,7,0.6,1,1,1,0,3
1;8;9;10;11,II;V3;V4;V5;V6,7,0.7,1,0,1,0,2
1;8;9;10;11,II;V3;V4;V5;V6,7,0.8,1,0,1,0,2
1;8;9;10;11,II;V3;V4;V5;V6,7,0.9,1,0,0,0,1
1;8;9;11,II;V3;V4;V6,6,0.5,1,1,1,0,3
1;8;9;11,II;V3;V4;V6,6,0.6,1,0,1,0,2
1;8;9;11,II;V3;V4;V6,6,0.7,1,0,1,0,2
1;8;9;11,II;V3;V4;V6,6,0.8,1,0,1,0,2
1;8;9;11,II;V3;V4;V6,6,0.9,1,0,0,0,1
1;8;10,II;V3;V5,5,0.5,1,1,1,0,3
1;8;10,II;V3;V5,5,0.6,1,0,1,0,2
1;8;10,II;V3;V5,5,0.7,1,0,1,0,2
1;8;10,II;V3;V5,5,0.8,1,0,1,0,2
1;8;10,II;V3;V5,5,0.9,1,0,0,0,1
1;8;10;11,II;V3;V5;V6,6,0.5,1,1,1,0,3
1;8;10;11,II;V3;V5;V6,6,0.6,1,1,1,0,3
1;8;10;11,II;V3;V5;V6,6,0.7,1,0,1,0,2
1;8;10;11,II;V3;V5;V6,6,0.8,1,0,1,0,2
1;8;10;11,II;V3;V5;V6,6,0.9,1,0,0,0,1
1;8;11,II;V3;V6,5,0.5,1,1,1,0,3
1;8;11,II;V3;V6,5,0.6,1,0,1,0,2
1;8;11,II;V3;V6,5,0.7,1,0,1,0,2
1;8;11,II;V3;V6,5,0.8,1,0,0,0,1
1;8;11,II;V3;V6,5,0.9,1,0,0,0,1
1;9,II;V4,4,0.5,1,1,1,0,3
1;9,II;V4,4,0.6,1,0,1,0,2
1;9,II;V4,4,0.7,1,0,1,0,2
1;9,II;V4,4,0.8,1,0,1,0,2
1;9,II;V4,4,0.9,1,0,0,0,1
1;9;10,II;V4;V5,5,0.5,1,1,1,0,3
1;9;10,II;V4;V5,5,0.6,1,0,1,0,2
1;9;10,II;V4;V5,5,0.7,1,0,1,0,2
1;9;10,II;V4;V5,5,0.8,1,0,1,0,2
1;9;10,II;V4;V5,5,0.9,1,0,0,0,1
1;9;10;11,II;V4;V5;V6,6,0.5,1,1,1,0,3
1;9;10;11,II;V4;V5;V6,6,0.6,1,0,1,0,2
1;9;10;11,II;V4;V5;V6,6,0.7,1,0,1,0,2
1;9;10;11,II;V4;V5;V6,6,0.8,1,0,1,0,2
1;9;10;11,II;V4;V5;V6,6,0.9,1,0,0,0,1
1;9;11,II;V4;V6,5,0.5,1,1,1,0,3
1;9;11,II;V4;V6,5,0.6,1,0,1,0,2
1;9;11,II;V4;V6,5,0.7,1,0,1,0,2
1;9;11,II;V4;V6,5,0.8,1,0,1,0,2
1;9;11,II;V4;V6,5,0.9,1,0,0,0,1
1;10,II;V5,4,0.5,1,1,1,0,3
1;10,II;V5,4,0.6,1,1,1,0,3
1;10,II;V5,4,0.7,1,0,1,0,2
1;10,II;V5,4,0.8,1,0,0,0,1
1;10,II;V5,4,0.9,1,0,0,0,1
1;10;11,II;V5;V6,5,0.5,1,1,1,0,3
1;10;11,II;V5;V6,5,0.6,1,1,1,0,3
1;10;11,II;V5;V6,5,0.7,1,0,1,0,2
1;10;11,II;V5;V6,5,0.8,1,0,1,0,2
1;10;11,II;V5;V6,5,0.9,1,0,0,0,1
1;11,II;V6,4,0.5,1,1,1,0,3
1;11,II;V6,4,0.6,1,1,1,0,3
1;11,II;V6,4,0.7,1,0,1,0,2
1;11,II;V6,4,0.8,1,0,0,0,1
1;11,II;V6,4,0.9,1,0,0,0,1
2,III,2,0.5,1,0,1,0,2
2,III,2,0.6,1,0,1,0,2
2,III,2,0.7,1,0,1,0,2
2,III,2,0.8,1,0,0,0,1
2,III,2,0.9,1,0,0,0,1
2;3,III;aVR,3,0.5,1,1,1,0,3
2;3,III;aVR,3,0.6,1,1,1,0,3
2;3,III;aVR,3,0.7,1,0,1,0,2
2;3,III;aVR,3,0.8,1,0,1,0,2
2;3,III;aVR,3,0.9,1,0,0,0,1
2;3;4,III;aVR;aVL,3,0.5,1,1,1,0,3
2;3;4,III;aVR;aVL,3,0.6,1,1,1,0,3
2;3;4,III;aVR;aVL,3,0.7,1,0,1,0,2
2;3;4,III;aVR;aVL,3,0.8,1,0,1,0,2
2;3;4,III;aVR;aVL,3,0.9,1,0,0,0,1
2;3;4;5,III;aVR;aVL;aVF,3,0.5,1,1,1,0,3
2;3;4;5,III;aVR;aVL;aVF,3,0.6,1,1,1,0,3
2;3;4;5,III;aVR;aVL;aVF,3,0.7,1,0,1,0,2
2;3;4;5,III;aVR;aVL;aVF,3,0.8,1,0,1,0,2
2;3;4;5,III;aVR;aVL;aVF,3,0.9,1,0,0,0,1
2;3;4;5;6,III;aVR;aVL;aVF;V1,4,0.5,1,1,1,0,3
2;3;4;5;6,III;aVR;aVL;aVF;V1,4,0.6,1,0,1,0,2
2;3;4;5;6,III;aVR;aVL;aVF;V1,4,0.7,1,0,1,0,2
2;3;4;5;6,III;aVR;aVL;aVF;V1,4,0.8,1,0,1,0,2
2;3;4;5;6,III;aVR;aVL;aVF;V1,4,0.9,1,0,0,0,1
2;3;4;5;6;7,III;aVR;aVL;aVF;V1;V2,5,0.5,1,1,1,0,3
2;3;4;5;6;7,III;aVR;aVL;aVF;V1;V2,5,0.6,1,1,1,0,3
2;3;4;5;6;7,III;aVR;aVL;aVF;V1;V2,5,0.7,1,0,1,0,2
2;3;4;5;6;7,III;aVR;aVL;aVF;V1;V2,5,0.8,1,0,1,0,2
2;3;4;5;6;7,III;aVR;aVL;aVF;V1;V2,5,0.9,1,0,0,0,1
2;3;4;5;6;7;8,III;aVR;aVL;aVF;V1;V2;V3,6,0.5,1,1,1,0,3
2;3;4;5;6;7;8,III;aVR;aVL;aVF;V1;V2;V3,6,0.6,1,1,1,0,3
2;3;4;5;6;7;8,III;aVR;aVL;aVF;V1;V2;V3,6,0.7,1,0,1,0,2
2;3;4;5;6;7;8,III;aVR;aVL;aVF;V1;V2;V3,6,0.8,1,0,1,0,2
2;3;4;5;6;7;8,III;aVR;aVL;aVF;V1;V2;V3,6,0.9,1,0,0,0,1
2;3;4;5;6;7;8;9,III;aVR;aVL;aVF;V1;V2;V3;V4,7,0.5,1,1,1,0,3
2;3;4;5;6;7;8;9,III;aVR;aVL;aVF;V1;V2;V3;V4,7,0.6,1,1,1,0,3
2;3;4;5;6;7;8;9,III;aVR;aVL;aVF;V1;V2;V3;V4,7,0.7,1,0,1,0,2
2;3;4;5;6;7;8;9,III;aVR;aVL;aVF;V1;V2;V3;V4,7,0.8,1,0,1,0,2
2;3;4;5;6;7;8;9,III;aVR;aVL;aVF;V1;V2;V3;V4,7,0.9,1,0,0,0,1
2;3;4;5;6;7;8;9;10,III;aVR;aVL;aVF;V1;V2;V3;V4;V5,8,0.5,1,1,1,0,3
2;3;4;5;6;7;8;9;10,III;aVR;aVL;aVF;V1;V2;V3;V4;V5,8,0.6,1,0,1,0,2
2;3;4;5;6;7;8;9;10,III;aVR;aVL;aVF;V1;V2;V3;V4;V5,8,0.7,1,0,1,0,2
2;3;4;5;6;7;8;9;10,III;aVR;aVL;aVF;V1;V2;V3;V4;V5,8,0.8,1,0,1,0,2
2;3;4;5;6;7;8;9;10,III;aVR;aVL;aVF;V1;V2;V3;V4;V5,8,0.9,1,0,0,0,1
2;3;4;5;6;7;8;9;10;11,III;aVR;aVL;aVF;V1;V2;V3;V4;V5;V6,9,0.5,1,1,1,0,3
2;3;4;5;6;7;8;9;10;11,III;aVR;aVL;aVF;V1;V2;V3;V4;V5;V6,9,0.6,1,0,1,0,2
2;3;4;5;6;7;8;9;10;11,III;aVR;aVL;aVF;V1;V2;V3;V4;V5;V6,9,0.7,1,0,1,0,2
2;3;4;5;6;7;8;9;10;11,III;aVR;aVL;aVF;V1;V2;V3;V4;V5;V6,9,0.8,1,0,1,0,2
2;3;4;5;6;7;8;9;10;11,III;aVR;aVL;aVF;V1;V2;V3;V4;V5;V6,9,0.9,1,0,0,0,1
2;3;4;5;6;7;8;9;11,III;aVR;aVL;aVF;V1;V2;V3;V4;V6,8,0.5,1,1,1,0,3
2;3;4;5;6;7;8;9;11,III;aVR;aVL;aVF;V1;V2;V3;V4;V6,8,0.6,1,0,1,0,2
2;3;4;5;6;7;8;9;11,III;aVR;aVL;aVF;V1;V2;V3;V4;V6,8,0.7,1,0,1,0,2
2;3;4;5;6;7;8;9;11,III;aVR;aVL;aVF;V1;V2;V3;V4;V6,8,0.8,1,0,1,0,2
2;3;4;5;6;7;8;9;11,III;aVR;aVL;aVF;V1;V2;V3;V4;V6,8,0.9,1,0,0,0,1
2;3;4;5;6;7;8;10,III;aVR;aVL;aVF;V1;V2;V3;V5,7,0.5,1,1,1,0,3
2;3;4;5;6;7;8;10,III;aVR;aVL;aVF;V1;V2;V3;V5,7,0.6,1,0,1,0,2
2;3;4;5;6;7;8;10,III;aVR;aVL;aVF;V1;V2;V3;V5,7,0.7,1,0,1,0,2
2;3;4;5;6;7;8;10,III;aVR;aVL;aVF;V1;V2;V3;V5,7,0.8,1,0,1,0,2
2;3;4;5;6;7;8;10,III;aVR;aVL;aVF;V1;V2;V3;V5,7,0.9,1,0,0,0,1
2;3;4;5;6;7;8;10;11,III;aVR;aVL;aVF;V1;V2;V3;V5;V6,8,0.5,1,1,1,0,3
2;3;4;5;6;7;8;10;11,III;aVR;aVL;aVF;V1;V2;V3;V5;V6,8,0.6,1,0,1,0,2
2;3;4;5;6;7;8;10;11,III;aVR;aVL;aVF;V1;V2;V3;V5;V6,8,0.7,1,0,1,0,2
2;3;4;5;6;7;8;10;11,III;aVR;aVL;aVF;V1;V2;V3;V5;V6,8,0.8,1,0,1,0,2
2;3;4;5;6;7;8;10;11,III;aVR;aVL;aVF;V1;V2;V3;V5;V6,8,0.9,1,0,0,0,1
2;3;4;5;6;7;8;11,III;aVR;aVL;aVF;V1;V2;V3;V6,7,0.5,1,1,1,0,3
2;3;4;5;6;7;8;11,III;aVR;aVL;aVF;V1;V2;V3;V6,7,0.6,1,0,1,0,2
2;3;4;5;6;7;8;11,III;aVR;aVL;aVF;V1;V2;V3;V6,7,0.7,1,0,1,0,2
2;3;4;5;6;7;8;11,III;aVR;aVL;aVF;V1;V2;V3;V6,7,0.8,1,0,1,0,2
2;3;4;5;6;7;8;11,III;aVR;aVL;aVF;V1;V2;V3;V6,7,0.9,1,0,0,0,1
2;3;4;5;6;7;9,III;aVR;aVL;aVF;V1;V2;V4,6,0.5,1,1,1,0,3
2;3;4;5;6;7;9,III;aVR;aVL;aVF;V1;V2;V4,6,0.6,1,0,1,0,2
2;3;4;5;6;7;9,III;aVR;aVL;aVF;V1;V2;V4,6,0.7,1,0,1,0,2
2;3;4;5;6;7;9,III;aVR;aVL;aVF;V1;V2;V4,6,0.8,1,0,1,0,2
2;3;4;5;6;7;9,III;aVR;aVL;aVF;V1;V2;V4,6,0.9,1,0,0,0,1
2;3;4;5;6;7;9;10,III;aVR;aVL;aVF;V1;V2;V4;V5,7,0.5,1,1,1,0,3
2;3;4;5;6;7;9;10,III;aVR;aVL;aVF;V1;V2;V4;V5,7,0.6,1,0,1,0,2
2;3;4;5;6;7;9;10,III;aVR;aVL;aVF;V1;V2;V4;V5,7,0.7,1,0,1,0,2
2;3;4;5;6;7;9;10,III;aVR;aVL;aVF;V1;V2;V4;V5,7,0.8,1,0,1,0,2
2;3;4;5;6;7;9;10,III;aVR;aVL;aVF;V1;V2;V4;V5,7,0.9,1,0,0,0,1
2;3;4;5;6;7;9;10;11,III;aVR;aVL;aVF;V1;V2;V4;V5;V6,8,0.5,1,1,1,0,3
2;3;4;5;6;7;9;10;11,III;aVR;aVL;aVF;V1;V2;V4;V5;V6,8,0.6,1,0,1,0,2
2;3;4;5;6;7;9;10;11,III;aVR;aVL;aVF;V1;V2;V4;V5;V6,8,0.7,1,0,1,0,2
2;3;4;5;6;7;9;10;11,III;aVR;aVL;aVF;V1;V2;V4;V5;V6,8,0.8,1,0,1,0,2
2;3;4;5;6;7;9;10;11,III;aVR;aVL;aVF;V1;V2;V4;V5;V6,8,0.9,1,0,0,0,1
2;3;4;5;6;7;9;11,III;aVR;aVL;aVF;V1;V2;V4;V6,7,0.5,1,1,1,0,3
2;3;4;5;6;7;9;11,III;aVR;aVL;aVF;V1;V2;V4;V6,7,0.6,1,0,1,0,2
2;3;4;5;6;7;9;11,III;aVR;aVL;aVF;V1;V2;V4;V6,7,0.7,1,0,1,0,2
2;3;4;5;6;7;9;11,III;aVR;aVL;aVF;V1;V2;V4;V6,7,0.8,1,0,1,0,2
2;3;4;5;6;7;9;11,III;aVR;aVL;aVF;V1;V2;V4;V6,7,0.9,1,0,0,0,1
2;3;4;5;6;7;10,III;aVR;aVL;aVF;V1;V2;V5,6,0.5,1,1,1,0,3
2;3;4;5;6;7;10,III;aVR;aVL;aVF;V1;V2;V5,6,0.6,1,0,1,0,2
2;3;4;5;6;7;10,III;aVR;aVL;aVF;V1;V2;V5,6,0.7,1,0,1,0,2
2;3;4;5;6;7;10,III;aVR;aVL;aVF;V1;V2;V5,6,0.8,1,0,1,0,2
2;3;4;5;6;7;10,III;aVR;aVL;aVF;V1;V2;V5,6,0.9,1,0,0,0,1
2;3;4;5;6;7;10;11,III;aVR;aVL;aVF;V1;V2;V5;V6,7,0.5,1,1,1,0,3
2;3;4;5;6;7;10;11,III;aVR;aVL;aVF;V1;V2;V5;V6,7,0.6,1,0,1,0,2
2;3;4;5;6;7;10;11,III;aVR;aVL;aVF;V1;V2;V5;V6,7,0.7,1,0,1,0,2
2;3;4;5;6;7;10;11,III;aVR;aVL;aVF;V1;V2;V5;V6,7,0.8,1,0,1,0,2
2;3;4;5;6;7;10;11,III;aVR;aVL;aVF;V1;V2;V5;V6,7,0.9,1,0,0,0,1
2;3;4;5;6;7;11,III;aVR;aVL;aVF;V1;V2;V6,6,0.5,1,1,1,0,3
2;3;4;5;6;7;11,III;aVR;aVL;aVF;V1;V2;V6,6,0.6,1,1,1,0,3
2;3;4;5;6;7;11,III;aVR;aVL;aVF;V1;V2;V6,6,0.7,1,0,1,0,2
2;3;4;5;6;7;11,III;aVR;aVL;aVF;V1;V2;V6,6,0.8,1,0,1,0,2
2;3;4;5;6;7;11,III;aVR;aVL;aVF;V1;V2;V6,6,0.9,1,0,0,0,1
2;3;4;5;6;8,III;aVR;aVL;aVF;V1;V3,5,0.5,1,1,1,0,3
2;3;4;5;6;8,III;aVR;aVL;aVF;V1;V3,5,0.6,1,0,1,0,2
2;3;4;5;6;8,III;aVR;aVL;aVF;V1;V3,5,0.7,1,0,1,0,2
2;3;4;5;6;8,III;aVR;aVL;aVF;V1;V3,5,0.8,1,0,1,0,2
2;3;4;5;6;8,III;aVR;aVL;aVF;V1;V3,5,0.9,1,0,0,0,1
2;3;4;5;6;8;9,III;aVR;aVL;aVF;V1;V3;V4,6,0.5,1,1,1,0,3
2;3;4;5;6;8;9,III;aVR;aVL;aVF;V1;V3;V4,6,0.6,1,1,1,0,3
2;3;4;5;6;8;9,III;aVR;aVL;aVF;V1;V3;V4,6,0.7,1,0,1,0,2
2;3;4;5;6;8;9,III;aVR;aVL;aVF;V1;V3;V4,6,0.8,1,0,1,0,2
2;3;4;5;6;8;9,III;aVR;aVL;aVF;V1;V3;V4,6,0.9,1,0,0,0,1
2;3;4;5;6;8;9;10,III;aVR;aVL;aVF;V1;V3;V4;V5,7,0.5,1,1,1,0,3
2;3;4;5;6;8;9;10,III;aVR;aVL;aVF;V1;V3;V4;V5,7,0.6,1,0,1,0,2
2;3;4;5;6;8;9;10,III;aVR;aVL;aVF;V1;V3;V4;V5,7,0.7,1,0,1,0,2
2;3;4;5;6;8;9;10,III;aVR;aVL;aVF;V1;V3;V4;V5,7,0.8,1,0,1,0,2
2;3;4;5;6;8;9;10,III;aVR;aVL;aVF;V1;V3;V4;V5,7,0.9,1,0,0,0,1
2;3;4;5;6;8;9;10;11,III;aVR;aVL;aVF;V1;V3;V4;V5;V6,8,0.5,1,1,1,0,3
2;3;4;5;6;8;9;10;11,III;aVR;aVL;aVF;V1;V3;V4;V5;V6,8,0.6,1,0,1,0,2
2;3;4;5;6;8;9;10;11,III;aVR;aVL;aVF;V1;V3;V4;V5;V6,8,0.7,1,0,1,0,2
2;3;4;5;6;8;9;10;11,III;aVR;aVL;aVF;V1;V3;V4;V5;V6,8,0.8,1,0,1,0,2
2;3;4;5;6;8;9;10;11,III;aVR;aVL;aVF;V1;V3;V4;V5;V6,8,0.9,1,0,0,0,1
2;3;4;5;6;8;9;11,III;aVR;aVL;aVF;V1;V3;V4;V6,7,0.5,1,1,1,0,3
2;3;4;5;6;8;9;11,III;aVR;aVL;aVF;V1;V3;V4;V6,7,0.6,1,0,1,0,2
2;3;4;5;6;8;9;11,III;aVR;aVL;aVF;V1;V3;V4;V6,7,0.7,1,0,1,0,2
2;3;4;5;6;8;9;11,III;aVR;aVL;aVF;V1;V3;V4;V6,7,0.8,1,0,1,0,2
2;3;4;5;6;8;9;11,III;aVR;aVL;aVF;V1;V3;V4;V6,7,0.9,1,0,0,0,1
2;3;4;5;6;8;10,III;aVR;aVL;aVF;V1;V3;V5,6,0.5,1,1,1,0,3
2;3;4;5;6;8;10,III;aVR;aVL;aVF;V1;V3;V5,6,0.6,1,0,1,0,2
2;3;4;5;6;8;10,III;aVR;aVL;aVF;V1;V3;V5,6,0.7,1,0,1,0,2
2;3;4;5;6;8;10,III;aVR;aVL;aVF;V1;V3;V5,6,0.8,1,0,1,0,2
2;3;4;5;6;8;10,III;aVR;aVL;aVF;V1;V3;V5,6,0.9,1,0,0,0,1
2;3;4;5;6;8;10;11,III;aVR;aVL;aVF;V1;V3;V5;V6,7,0.5,1,1,1,0,3
2;3;4;5;6;8;10;11,III;aVR;aVL;aVF;V1;V3;V5;V6,7,0.6,1,0,1,0,2
2;3;4;5;6;8;10;11,III;aVR;aVL;aVF;V1;V3;V5;V6,7,0.7,1,0,1,0,2
2;3;4;5;6;8;10;11,III;aVR;aVL;aVF;V1;V3;V5;V6,7,0.8,1,0,1,0,2
2;3;4;5;6;8;10;11,III;aVR;aVL;aVF;V1;V3;V5;V6,7,0.9,1,0,0,0,1
2;3;4;5;6;8;11,III;aVR;aVL;aVF;V1;V3;V6,6,0.5,1,1,1,0,3
2;3;4;5;6;8;11,III;aVR;aVL;aVF;V1;V3;V6,6,0.6,1,0,1,0,2
2;3;4;5;6;8;11,III;aVR;aVL;aVF;V1;V3;V6,6,0.7,1,0,1,0,2
2;3;4;5;6;8;11,III;aVR;aVL;aVF;V1;V3;V6,6,0.8,1,0,1,0,2
2;3;4;5;6;8;11,III;aVR;aVL;aVF;V1;V3;V6,6,0.9,1,0,0,0,1
2;3;4;5;6;9,III;aVR;aVL;aVF;V1;V4,5,0.5,1,1,1,0,3
2;3;4;5;6;9,III;aVR;aVL;aVF;V1;V4,5,0.6,1,0,1,0,2
2;3;4;5;6;9,III;aVR;aVL;aVF;V1;V4,5,0.7,1,0,1,0,2
2;3;4;5;6;9,III;aVR;aVL;aVF;V1;V4,5,0.8,1,0,1,0,2
2;3;4;5;6;9,III;aVR;aVL;aVF;V1;V4,5,0.9,1,0,0,0,1
2;3;4;5;6;9;10,III;aVR;aVL;aVF;V1;V4;V5,6,0.5,1,1,1,0,3
2;3;4;5;6;9;10,III;aVR;aVL;aVF;V1;V4;V5,6,0.6,1,0,1,0,2
2;3;4;5;6;9;10,III;aVR;aVL;aVF;V1;V4;V5,6,0.7,1,0,1,0,2
2;3;4;5;6;9;10,III;aVR;aVL;aVF;V1;V4;V5,6,0.8,1,0,1,0,2
2;3;4;5;6;9;10,III;aVR;aVL;aVF;V1;V4;V5,6,0.9,1,0,0,0,1
2;3;4;5;6;9;10;11,III;aVR;aVL;aVF;V1;V4;V5;V6,7,0.5,1,1,1,0,3
2;3;4;5;6;9;10;11,III;aVR;aVL;aVF;V1;V4;V5;V6,7,0.6,1,0,1,0,2
2;3;4;5;6;9;10;11,III;aVR;aVL;aVF;V1;V4;V5;V6,7,0.7,1,0,1,0,2
2;3;4;5;6;9;10;11,III;aVR;aVL;aVF;V1;V4;V5;V6,7,0.8,1,0,1,0,2
2;3;4;5;6;9;10;11,III;aVR;aVL;aVF;V1;V4;V5;V6,7,0.9,1,0,0,0,1
2;3;4;5;6;9;11,III;aVR;aVL;aVF;V1;V4;V6,6,0.5,1,1,1,0,3
2;3;4;5;6;9;11,III;aVR;aVL;aVF;V1;V4;V6,6,0.6,1,0,1,0,2
2;3;4;5;6;9;11,III;aVR;aVL;aVF;V1;V4;V6,6,0.7,1,0,1,0,2
2;3;4;5;6;9;11,III;aVR;aVL;aVF;V1;V4;V6,6,0.8,1,0,1,0,2
2;3;4;5;6;9;11,III;aVR;aVL;aVF;V1;V4;V6,6,0.9,1,0,0,0,1
2;3;4;5;6;10,III;aVR;aVL;aVF;V1;V5,5,0.5,1,1,1,0,3
2;3;4;5;6;10,III;aVR;aVL;aVF;V1;V5,5,0.6,1,0,1,0,2
2;3;4;5;6;10,III;aVR;aVL;aVF;V1;V5,5,0.7,1,0,1,0,2
2;3;4;5;6;10,III;aVR;aVL;aVF;V1;V5,5,0.8,1,0,1,0,2
2;3;4;5;6;10,III;aVR;aVL;aVF;V1;V5,5,0.9,1,0,0,0,1
2;3;4;5;6;10;11,III;aVR;aVL;aVF;V1;V5;V6,6,0.5,1,1,1,0,3
2;3;4;5;6;10;11,III;aVR;aVL;aVF;V1;V5;V6,6,0.6,1,1,1,0,3
2;3;4;5;6;10;11,III;aVR;aVL;aVF;V1;V5;V6,6,0.7,1,0,1,0,2
2;3;4;5;6;10;11,III;aVR;aVL;aVF;V1;V5;V6,6,0.8,1,0,1,0,2
2;3;4;5;6;10;11,III;aVR;aVL;aVF;V1;V5;V6,6,0.9,1,0,0,0,1
2;3;4;5;6;11,III;aVR;aVL;aVF;V1;V6,5,0.5,1,1,1,0,3
2;3;4;5;6;11,III;aVR;aVL;aVF;V1;V6,5,0.6,1,1,1,0,3
2;3;4;5;6;11,III;aVR;aVL;aVF;V1;V6,5,0.7,1,0,1,0,2
2;3;4;5;6;11,III;aVR;aVL;aVF;V1;V6,5,0.8,1,0,1,0,2
2;3;4;5;6;11,III;aVR;aVL;aVF;V1;V6,5,0.9,1,0,0,0,1
2;3;4;5;7,III;aVR;aVL;aVF;V2,4,0.5,1,1,1,0,3
2;3;4;5;7,III;aVR;aVL;aVF;V2,4,0.6,1,0,1,0,2
2;3;4;5;7,III;aVR;aVL;aVF;V2,4,0.7,1,0,1,0,2
2;3;4;5;7,III;aVR;aVL;aVF;V2,4,0.8,1,0,1,0,2
2;3;4;5;7,III;aVR;aVL;aVF;V2,4,0.9,1,0,0,0,1
2;3;4;5;7;8,III;aVR;aVL;aVF;V2;V3,5,0.5,1,1,1,0,3
2;3;4;5;7;8,III;aVR;aVL;aVF;V2;V3,5,0.6,1,1,1,0,3
2;3;4;5;7;8,III;aVR;aVL;aVF;V2;V3,5,0.7,1,0,1,0,2
2;3;4;5;7;8,III;aVR;aVL;aVF;V2;V3,5,0.8,1,0,1,0,2
2;3;4;5;7;8,III;aVR;aVL;aVF;V2;V3,5,0.9,1,0,0,0,1
2;3;4;5;7;8;9,III;aVR;aVL;aVF;V2;V3;V4,6,0.5,1,1,1,0,3
2;3;4;5;7;8;9,III;aVR;aVL;aVF;V2;V3;V4,6,0.6,1,1,1,0,3
2;3;4;5;7;8;9,III;aVR;aVL;aVF;V2;V3;V4,6,0.7,1,0,1,0,2
2;3;4;5;7;8;9,III;aVR;aVL;aVF;V2;V3;V4,6,0.8,1,0,0,0,1
2;3;4;5;7;8;9,III;aVR;aVL;aVF;V2;V3;V4,6,0.9,1,0,0,0,1
2;3;4;5;7;8;9;10,III;aVR;aVL;aVF;V2;V3;V4;V5,7,0.5,1,1,1,0,3
2;3;4;5;7;8;9;10,III;aVR;aVL;aVF;V2;V3;V4;V5,7,0.6,1,1,1,0,3
2;3;4;5;7;8;9;10,III;aVR;aVL;aVF;V2;V3;V4;V5,7,0.7,1,0,1,0,2
2;3;4;5;7;8;9;10,III;aVR;aVL;aVF;V2;V3;V4;V5,7,0.8,1,0,0,0,1
2;3;4;5;7;8;9;10,III;aVR;aVL;aVF;V2;V3;V4;V5,7,0.9,1,0,0,0,1
2;3;4;5;7;8;9;10;11,III;aVR;aVL;aVF;V2;V3;V4;V5;V6,8,0.5,1,1,1,0,3
2;3;4;5;7;8;9;10;11,III;aVR;aVL;aVF;V2;V3;V4;V5;V6,8,0.6,1,0,1,0,2
2;3;4;5;7;8;9;10;11,III;aVR;aVL;aVF;V2;V3;V4;V5;V6,8,0.7,1,0,1,0,2
2;3;4;5;7;8;9;10;11,III;aVR;aVL;aVF;V2;V3;V4;V5;V6,8,0.8,1,0,1,0,2
2;3;4;5;7;8;9;10;11,III;aVR;aVL;aVF;V2;V3;V4;V5;V6,8,0.9,1,0,0,0,1
2;3;4;5;7;8;9;11,III;aVR;aVL;aVF;V2;V3;V4;V6,7,0.5,1,1,1,0,3
2;3;4;5;7;8;9;11,III;aVR;aVL;aVF;V2;V3;V4;V6,7,0.6,1,0,1,0,2
2;3;4;5;7;8;9;11,III;aVR;aVL;aVF;V2;V3;V4;V6,7,0.7,1,0,1,0,2
2;3;4;5;7;8;9;11,III;aVR;aVL;aVF;V2;V3;V4;V6,7,0.8,1,0,0,0,1
2;3;4;5;7;8;9;11,III;aVR;aVL;aVF;V2;V3;V4;V6,7,0.9,1,0,0,0,1
2;3;4;5;7;8;10,III;aVR;aVL;aVF;V2;V3;V5,6,0.5,1,1,1,0,3
2;3;4;5;7;8;10,III;aVR;aVL;aVF;V2;V3;V5,6,0.6,1,0,1,0,2
2;3;4;5;7;8;10,III;aVR;aVL;aVF;V2;V3;V5,6,0.7,1,0,1,0,2
2;3;4;5;7;8;10,III;aVR;aVL;aVF;V2;V3;V5,6,0.8,1,0,0,0,1
2;3;4;5;7;8;10,III;aVR;aVL;aVF;V2;V3;V5,6,0.9,1,0,0,0,1
2;3;4;5;7;8;10;11,III;aVR;aVL;aVF;V2;V3;V5;V6,7,0.5,1,1,1,0,3
2;3;4;5;7;8;10;11,III;aVR;aVL;aVF;V2;V3;V5;V6,7,0.6,1,0,1,0,2
2;3;4;5;7;8;10;11,III;aVR;aVL;aVF;V2;V3;V5;V6,7,0.7,1,0,1,0,2
2;3;4;5;7;8;10;11,III;aVR;aVL;aVF;V2;V3;V5;V6,7,0.8,1,0,0,0,1
2;3;4;5;7;8;10;11,III;aVR;aVL;aVF;V2;V3;V5;V6,7,0.9,1,0,0,0,1
2;3;4;5;7;8;11,III;aVR;aVL;aVF;V2;V3;V6,6,0.5,1,1,1,0,3
2;3;4;5;7;8;11,III;aVR;aVL;aVF;V2;V3;V6,6,0.6,1,0,1,0,2
2;3;4;5;7;8;11,III;aVR;aVL;aVF;V2;V3;V6,6,0.7,1,0,1,0,2
2;3;4;5;7;8;11,III;aVR;aVL;aVF;V2;V3;V6,6,0.8,1,0,0,0,1
2;3;4;5;7;8;11,III;aVR;aVL;aVF;V2;V3;V6,6,0.9,1,0,0,0,1
2;3;4;5;7;9,III;aVR;aVL;aVF;V2;V4,5,0.5,1,1,1,0,3
2;3;4;5;7;9,III;aVR;aVL;aVF;V2;V4,5,0.6,1,1,1,0,3
2;3;4;5;7;9,III;aVR;aVL;aVF;V2;V4,5,0.7,1,0,1,0,2
2;3;4;5;7;9,III;aVR;aVL;aVF;V2;V4,5,0.8,1,0,1,0,2
2;3;4;5;7;9,III;aVR;aVL;aVF;V2;V4,5,0.9,1,0,0,0,1
2;3;4;5;7;9;10,III;aVR;aVL;aVF;V2;V4;V5,6,0.5,1,1,1,0,3
2;3;4;5;7;9;10,III;aVR;aVL;aVF;V2;V4;V5,6,0.6,1,1,1,0,3
2;3;4;5;7;9;10,III;aVR;aVL;aVF;V2;V4;V5,6,0.7,1,0,1,0,2
2;3;4;5;7;9;10,III;aVR;aVL;aVF;V2;V4;V5,6,0.8,1,0,0,0,1
2;3;4;5;7;9;10,III;aVR;aVL;aVF;V2;V4;V5,6,0.9,1,0,0,0,1
2;3;4;5;7;9;10;11,III;aVR;aVL;aVF;V2;V4;V5;V6,7,0.5,1,1,1,0,3
2;3;4;5;7;9;10;11,III;aVR;aVL;aVF;V2;V4;V5;V6,7,0.6,1,0,1,0,2
2;3;4;5;7;9;10;11,III;aVR;aVL;aVF;V2;V4;V5;V6,7,0.7,1,0,1,0,2
2;3;4;5;7;9;10;11,III;aVR;aVL;aVF;V2;V4;V5;V6,7,0.8,1,0,0,0,1
2;3;4;5;7;9;10;11,III;aVR;aVL;aVF;V2;V4;V5;V6,7,0.9,1,0,0,0,1
2;3;4;5;7;9;11,III;aVR;aVL;aVF;V2;V4;V6,6,0.5,1,1,1,0,3
2;3;4;5;7;9;11,III;aVR;aVL;aVF;V2;V4;V6,6,0.6,1,0,1,0,2
2;3;4;5;7;9;11,III;aVR;aVL;aVF;V2;V4;V6,6,0.7,1,0,1,0,2
2;3;4;5;7;9;11,III;aVR;aVL;aVF;V2;V4;V6,6,0.8,1,0,0,0,1
2;3;4;5;7;9;11,III;aVR;aVL;aVF;V2;V4;V6,6,0.9,1,0,0,0,1
2;3;4;5;7;10,III;aVR;aVL;aVF;V2;V5,5,0.5,1,1,1,0,3
2;3;4;5;7;10,III;aVR;aVL;aVF;V2;V5,5,0.6,1,1,1,0,3
2;3;4;5;7;10,III;aVR;aVL;aVF;V2;V5,5,0.7,1,0,1,0,2
2;3;4;5;7;10,III;aVR;aVL;aVF;V2;V5,5,0.8,1,0,0,0,1
2;3;4;5;7;10,III;aVR;aVL;aVF;V2;V5,5,0.9,1,0,0,0,1
2;3;4;5;7;10;11,III;aVR;aVL;aVF;V2;V5;V6,6,0.5,1,1,1,0,3
2;3;4;5;7;10;11,III;aVR;aVL;aVF;V2;V5;V6,6,0.6,1,0,1,0,2
2;3;4;5;7;10;11,III;aVR;aVL;aVF;V2;V5;V6,6,0.7,1,0,1,0,2
2;3;4;5;7;10;11,III;aVR;aVL;aVF;V2;V5;V6,6,0.8,1,0,0,0,1
2;3;4;5;7;10;11,III;aVR;aVL;aVF;V2;V5;V6,6,0.9,1,0,0,0,1
2;3;4;5;7;11,III;aVR;aVL;aVF;V2;V6,5,0.5,1,1,1,0,3
2;3;4;5;7;11,III;aVR;aVL;aVF;V2;V6,5,0.6,1,0,1,0,2
2;3;4;5;7;11,III;aVR;aVL;aVF;V2;V6,5,0.7,1,0,1,0,2
2;3;4;5;7;11,III;aVR;aVL;aVF;V2;V6,5,0.8,1,0,0,0,1
2;3;4;5;7;11,III;aVR;aVL;aVF;V2;V6,5,0.9,1,0,0,0,1
2;3;4;5;8,III;aVR;aVL;aVF;V3,4,0.5,1,1,1,0,3
2;3;4;5;8,III;aVR;aVL;aVF;V3,4,0.6,1,0,1,0,2
2;3;4;5;8,III;aVR;aVL;aVF;V3,4,0.7,1,0,1,0,2
2;3;4;5;8,III;aVR;aVL;aVF;V3,4,0.8,1,0,1,0,2
2;3;4;5;8,III;aVR;aVL;aVF;V3,4,0.9,1,0,0,0,1
2;3;4;5;8;9,III;aVR;aVL;aVF;V3;V4,5,0.5,1,1,1,0,3
2;3;4;5;8;9,III;aVR;aVL;aVF;V3;V4,5,0.6,1,1,1,0,3
2;3;4;5;8;9,III;aVR;aVL;aVF;V3;V4,5,0.7,1,0,1,0,2
2;3;4;5;8;9,III;aVR;aVL;aVF;V3;V4,5,0.8,1,0,1,0,2
2;3;4;5;8;9,III;aVR;aVL;aVF;V3;V4,5,0.9,1,0,0,0,1
2;3;4;5;8;9;10,III;aVR;aVL;aVF;V3;V4;V5,6,0.5,1,1,1,0,3
2;3;4;5;8;9;10,III;aVR;aVL;aVF;V3;V4;V5,6,0.6,1,0,1,0,2
2;3;4;5;8;9;10,III;aVR;aVL;aVF;V3;V4;V5,6,0.7,1,0,1,0,2
2;3;4;5;8;9;10,III;aVR;aVL;aVF;V3;V4;V5,6,0.8,1,0,0,0,1
2;3;4;5;8;9;10,III;aVR;aVL;aVF;V3;V4;V5,6,0.9,1,0,0,0,1
2;3;4;5;8;9;10;11,III;aVR;aVL;aVF;V3;V4;V5;V6,7,0.5,1,1,1,0,3
2;3;4;5;8;9;10;11,III;aVR;aVL;aVF;V3;V4;V5;V6,7,0.6,1,0,1,0,2
2;3;4;5;8;9;10;11,III;aVR;aVL;aVF;V3;V4;V5;V6,7,0.7,1,0,1,0,2
2;3;4;5;8;9;10;11,III;aVR;aVL;aVF;V3;V4;V5;V6,7,0.8,1,0,0,0,1
2;3;4;5;8;9;10;11,III;aVR;aVL;aVF;V3;V4;V5;V6,7,0.9,1,0,0,0,1
2;3;4;5;8;9;11,III;aVR;aVL;aVF;V3;V4;V6,6,0.5,1,1,1,0,3
2;3;4;5;8;9;11,III;aVR;aVL;aVF;V3;V4;V6,6,0.6,1,0,1,0,2
2;3;4;5;8;9;11,III;aVR;aVL;aVF;V3;V4;V6,6,0.7,1,0,1,0,2
2;3;4;5;8;9;11,III;aVR;aVL;aVF;V3;V4;V6,6,0.8,1,0,0,0,1
2;3;4;5;8;9;11,III;aVR;aVL;aVF;V3;V4;V6,6,0.9,1,0,0,0,1
2;3;4;5;8;10,III;aVR;aVL;aVF;V3;V5,5,0.5,1,1,1,0,3
2;3;4;5;8;10,III;aVR;aVL;aVF;V3;V5,5,0.6,1,0,1,0,2
2;3;4;5;8;10,III;aVR;aVL;aVF;V3;V5,5,0.7,1,0,1,0,2
2;3;4;5;8;10,III;aVR;aVL;aVF;V3;V5,5,0.8,1,0,0,0,1
2;3;4;5;8;10,III;aVR;aVL;aVF;V3;V5,5,0.9,1,0,0,0,1
2;3;4;5;8;10;11,III;aVR;aVL;aVF;V3;V5;V6,6,0.5,1,1,1,0,3
2;3;4;5;8;10;11,III;aVR;aVL;aVF;V3;V5;V6,6,0.6,1,0,1,0,2
2;3;4;5;8;10;11,III;aVR;aVL;aVF;V3;V5;V6,6,0.7,1,0,1,0,2
2;3;4;5;8;10;11,III;aVR;aVL;aVF;V3;V5;V6,6,0.8,1,0,0,0,1
2;3;4;5;8;10;11,III;aVR;aVL;aVF;V3;V5;V6,6,0.9,1,0,0,0,1
2;3;4;5;8;11,III;aVR;aVL;aVF;V3;V6,5,0.5,1,1,1,0,3
2;3;4;5;8;11,III;aVR;aVL;aVF;V3;V6,5,0.6,1,0,1,0,2
2;3;4;5;8;11,III;aVR;aVL;aVF;V3;V6,5,0.7,1,0,1,0,2
2;3;4;5;8;11,III;aVR;aVL;aVF;V3;V6,5,0.8,1,0,0,0,1
2;3;4;5;8;11,III;aVR;aVL;aVF;V3;V6,5,0.9,1,0,0,0,1
2;3;4;5;9,III;aVR;aVL;aVF;V4,4,0.5,1,1,1,0,3
2;3;4;5;9,III;aVR;aVL;aVF;V4,4,0.6,1,0,1,0,2
2;3;4;5;9,III;aVR;aVL;aVF;V4,4,0.7,1,0,1,0,2
2;3;4;5;9,III;aVR;aVL;aVF;V4,4,0.8,1,0,1,0,2
2;3;4;5;9,III;aVR;aVL;aVF;V4,4,0.9,1,0,0,0,1
2;3;4;5;9;10,III;aVR;aVL;aVF;V4;V5,5,0.5,1,1,1,0,3
2;3;4;5;9;10,III;aVR;aVL;aVF;V4;V5,5,0.6,1,0,1,0,2
2;3;4;5;9;10,III;aVR;aVL;aVF;V4;V5,5,0.7,1,0,1,0,2
2;3;4;5;9;10,III;aVR;aVL;aVF;V4;V5,5,0.8,1,0,0,0,1
2;3;4;5;9;10,III;aVR;aVL;aVF;V4;V5,5,0.9,1,0,0,0,1
2;3;4;5;9;10;11,III;aVR;aVL;aVF;V4;V5;V6,6,0.5,1,1,1,0,3
2;3;4;5;9;10;11,III;aVR;aVL;aVF;V4;V5;V6,6,0.6,1,0,1,0,2
2;3;4;5;9;10;11,III;aVR;aVL;aVF;V4;V5;V6,6,0.7,1,0,1,0,2
2;3;4;5;9;10;11,III;aVR;aVL;aVF;V4;V5;V6,6,0.8,1,0,0,0,1
2;3;4;5;9;10;11,III;aVR;aVL;aVF;V4;V5;V6,6,0.9,1,0,0,0,1
2;3;4;5;9;11,III;aVR;aVL;aVF;V4;V6,5,0.5,1,1,1,0,3
2;3;4;5;9;11,III;aVR;aVL;aVF;V4;V6,5,0.6,1,0,1,0,2
2;3;4;5;9;11,III;aVR;aVL;aVF;V4;V6,5,0.7,1,0,1,0,2
2;3;4;5;9;11,III;aVR;aVL;aVF;V4;V6,5,0.8,1,0,0,0,1
2;3;4;5;9;11,III;aVR;aVL;aVF;V4;V6,5,0.9,1,0,0,0,1
2;3;4;5;10,III;aVR;aVL;aVF;V5,4,0.5,1,1,1,0,3
2;3;4;5;10,III;aVR;aVL;aVF;V5,4,0.6,1,0,1,0,2
2;3;4;5;10,III;aVR;aVL;aVF;V5,4,0.7,1,0,1,0,2
2;3;4;5;10,III;aVR;aVL;aVF;V5,4,0.8,1,0,0,0,1
2;3;4;5;10,III;aVR;aVL;aVF;V5,4,0.9,1,0,0,0,1
2;3;4;5;10;11,III;aVR;aVL;aVF;V5;V6,5,0.5,1,1,1,0,3
2;3;4;5;10;11,III;aVR;aVL;aVF;V5;V6,5,0.6,1,1,1,0,3
2;3;4;5;10;11,III;aVR;aVL;aVF;V5;V6,5,0.7,1,0,1,0,2
2;3;4;5;10;11,III;aVR;aVL;aVF;V5;V6,5,0.8,1,0,0,0,1
2;3;4;5;10;11,III;aVR;aVL;aVF;V5;V6,5,0.9,1,0,0,0,1
2;3;4;5;11,III;aVR;aVL;aVF;V6,4,0.5,1,1,1,0,3
2;3;4;5;11,III;aVR;aVL;aVF;V6,4,0.6,1,1,1,0,3
2;3;4;5;11,III;aVR;aVL;aVF;V6,4,0.7,1,0,1,0,2
2;3;4;5;11,III;aVR;aVL;aVF;V6,4,0.8,1,0,1,0,2
2;3;4;5;11,III;aVR;aVL;aVF;V6,4,0.9,1,0,0,0,1
2;3;4;6,III;aVR;aVL;V1,4,0.5,1,1,1,0,3
2;3;4;6,III;aVR;aVL;V1,4,0.6,1,0,1,0,2
2;3;4;6,III;aVR;aVL;V1,4,0.7,1,0,1,0,2
2;3;4;6,III;aVR;aVL;V1,4,0.8,1,0,1,0,2
2;3;4;6,III;aVR;aVL;V1,4,0.9,1,0,0,0,1
2;3;4;6;7,III;aVR;aVL;V1;V2,5,0.5,1,1,1,0,3
2;3;4;6;7,III;aVR;aVL;V1;V2,5,0.6,1,1,1,0,3
2;3;4;6;7,III;aVR;aVL;V1;V2,5,0.7,1,0,1,0,2
2;3;4;6;7,III;aVR;aVL;V1;V2,5,0.8,1,0,1,0,2
2;3;4;6;7,III;aVR;aVL;V1;V2,5,0.9,1,0,0,0,1
2;3;4;6;7;8,III;aVR;aVL;V1;V2;V3,6,0.5,1,1,1,0,3
2;3;4;6;7;8,III;aVR;aVL;V1;V2;V3,6,0.6,1,1,1,0,3
2;3;4;6;7;8,III;aVR;aVL;V1;V2;V3,6,0.7,1,0,1,0,2
2;3;4;6;7;8,III;aVR;aVL;V1;V2;V3,6,0.8,1,0,1,0,2
2;3;4;6;7;8,III;aVR;aVL;V1;V2;V3,6,0.9,1,0,0,0,1
2;3;4;6;7;8;9,III;aVR;aVL;V1;V2;V3;V4,7,0.5,1,1,1,0,3
2;3;4;6;7;8;9,III;aVR;aVL;V1;V2;V3;V4,7,0.6,1,0,1,0,2
2;3;4;6;7;8;9,III;aVR;aVL;V1;V2;V3;V4,7,0.7,1,0,1,0,2
2;3;4;6;7;8;9,III;aVR;aVL;V1;V2;V3;V4,7,0.8,1,0,1,0,2
2;3;4;6;7;8;9,III;aVR;aVL;V1;V2;V3;V4,7,0.9,1,0,0,0,1
2;3;4;6;7;8;9;10,III;aVR;aVL;V1;V2;V3;V4;V5,8,0.5,1,1,1,0,3
2;3;4;6;7;8;9;10,III;aVR;aVL;V1;V2;V3;V4;V5,8,0.6,1,0,1,0,2
2;3;4;6;7;8;9;10,III;aVR;aVL;V1;V2;V3;V4;V5,8,0.7,1,0,1,0,2
2;3;4;6;7;8;9;10,III;aVR;aVL;V1;V2;V3;V4;V5,8,0.8,1,0,1,0,2
2;3;4;6;7;8;9;10,III;aVR;aVL;V1;V2;V3;V4;V5,8,0.9,1,0,0,0,1
2;3;4;6;7;8;9;10;11,III;aVR;aVL;V1;V2;V3;V4;V5;V6,9,0.5,1,1,1,0,3
2;3;4;6;7;8;9;10;11,III;aVR;aVL;V1;V2;V3;V4;V5;V6,9,0.6,1,0,1,0,2
2;3;4;6;7;8;9;10;11,III;aVR;aVL;V1;V2;V3;V4;V5;V6,9,0.7,1,0,1,0,2
2;3;4;6;7;8;9;10;11,III;aVR;aVL;V1;V2;V3;V4;V5;V6,9,0.8,1,0,1,0,2
2;3;4;6;7;8;9;10;11,III;aVR;aVL;V1;V2;V3;V4;V5;V6,9,0.9,1,0,0,0,1
2;3;4;6;7;8;9;11,III;aVR;aVL;V1;V2;V3;V4;V6,8,0.5,1,1,1,0,3
2;3;4;6;7;8;9;11,III;aVR;aVL;V1;V2;V3;V4;V6,8,0.6,1,0,1,0,2
2;3;4;6;7;8;9;11,III;aVR;aVL;V1;V2;V3;V4;V6,8,0.7,1,0,1,0,2
2;3;4;6;7;8;9;11,III;aVR;aVL;V1;V2;V3;V4;V6,8,0.8,1,0,1,0,2
2;3;4;6;7;8;9;11,III;aVR;aVL;V1;V2;V3;V4;V6,8,0.9,1,0,0,0,1
2;3;4;6;7;8;10,III;aVR;aVL;V1;V2;V3;V5,7,0.5,1,1,1,0,3
2;3;4;6;7;8;10,III;aVR;aVL;V1;V2;V3;V5,7,0.6,1,0,1,0,2
2;3;4;6;7;8;10,III;aVR;aVL;V1;V2;V3;V5,7,0.7,1,0,1,0,2
2;3;4;6;7;8;10,III;aVR;aVL;V1;V2;V3;V5,7,0.8,1,0,1,0,2
2;3;4;6;7;8;10,III;aVR;aVL;V1;V2;V3;V5,7,0.9,1,0,0,0,1
2;3;4;6;7;8;10;11,III;aVR;aVL;V1;V2;V3;V5;V6,8,0.5,1,1,1,0,3
2;3;4;6;7;8;10;11,III;aVR;aVL;V1;V2;V3;V5;V6,8,0.6,1,0,1,0,2
2;3;4;6;7;8;10;11,III;aVR;aVL;V1;V2;V3;V5;V6,8,0.7,1,0,1,0,2
2;3;4;6;7;8;10;11,III;aVR;aVL;V1;V2;V3;V5;V6,8,0.8,1,0,1,0,2
2;3;4;6;7;8;10;11,III;aVR;aVL;V1;V2;V3;V5;V6,8,0.9,1,0,0,0,1
2;3;4;6;7;8;11,III;aVR;aVL;V1;V2;V3;V6,7,0.5,1,1,1,0,3
2;3;4;6;7;8;11,III;aVR;aVL;V1;V2;V3;V6,7,0.6,1,0,1,0,2
2;3;4;6;7;8;11,III;aVR;aVL;V1;V2;V3;V6,7,0.7,1,0,1,0,2
2;3;4;6;7;8;11,III;aVR;aVL;V1;V2;V3;V6,7,0.8,1,0,1,0,2
2;3;4;6;7;8;11,III;aVR;aVL;V1;V2;V3;V6,7,0.9,1,0,0,0,1
2;3;4;6;7;9,III;aVR;aVL;V1;V2;V4,6,0.5,1,1,1,0,3
2;3;4;6;7;9,III;aVR;aVL;V1;V2;V4,6,0.6,1,0,1,0,2
2;3;4;6;7;9,III;aVR;aVL;V1;V2;V4,6,0.7,1,0,1,0,2
2;3;4;6;7;9,III;aVR;aVL;V1;V2;V4,6,0.8,1,0,1,0,2
2;3;4;6;7;9,III;aVR;aVL;V1;V2;V4,6,0.9,1,0,0,0,1
2;3;4;6;7;9;10,III;aVR;aVL;V1;V2;V4;V5,7,0.5,1,1,1,0,3
2;3;4;6;7;9;10,III;aVR;aVL;V1;V2;V4;V5,7,0.6,1,0,1,0,2
2;3;4;6;7;9;10,III;aVR;aVL;V1;V2;V4;V5,7,0.7,1,0,1,0,2
2;3;4;6;7;9;10,III;aVR;aVL;V1;V2;V4;V5,7,0.8,1,0,1,0,2
2;3;4;6;7;9;10,III;aVR;aVL;V1;V2;V4;V5,7,0.9,1,0,0,0,1
2;3;4;6;7;9;10;11,III;aVR;aVL;V1;V2;V4;V5;V6,8,0.5,1,1,1,0,3
2;3;4;6;7;9;10;11,III;aVR;aVL;V1;V2;V4;V5;V6,8,0.6,1,0,1,0,2
2;3;4;6;7;9;10;11,III;aVR;aVL;V1;V2;V4;V5;V6,8,0.7,1,0,1,0,2
2;3;4;6;7;9;10;11,III;aVR;aVL;V1;V2;V4;V5;V6,8,0.8,1,0,1,0,2
2;3;4;6;7;9;10;11,III;aVR;aVL;V1;V2;V4;V5;V6,8,0.9,1,0,0,0,1
2;3;4;6;7;9;11,III;aVR;aVL;V1;V2;V4;V6,7,0.5,1,1,1,0,3
2;3;4;6;7;9;11,III;aVR;aVL;V1;V2;V4;V6,7,0.6,1,0,1,0,2
2;3;4;6;7;9;11,III;aVR;aVL;V1;V2;V4;V6,7,0.7,1,0,1,0,2
2;3;4;6;7;9;11,III;aVR;aVL;V1;V2;V4;V6,7,0.8,1,0,1,0,2
2;3;4;6;7;9;11,III;aVR;aVL;V1;V2;V4;V6,7,0.9,1,0,0,0,1
2;3;4;6;7;10,III;aVR;aVL;V1;V2;V5,6,0.5,1,1,1,0,3
2;3;4;6;7;10,III;aVR;aVL;V1;V2;V5,6,0.6,1,0,1,0,2
2;3;4;6;7;10,III;aVR;aVL;V1;V2;V5,6,0.7,1,0,1,0,2
2;3;4;6;7;10,III;aVR;aVL;V1;V2;V5,6,0.8,1,0,1,0,2
2;3;4;6;7;10,III;aVR;aVL;V1;V2;V5,6,0.9,1,0,0,0,1
2;3;4;6;7;10;11,III;aVR;aVL;V1;V2;V5;V6,7,0.5,1,1,1,0,3
2;3;4;6;7;10;11,III;aVR;aVL;V1;V2;V5;V6,7,0.6,1,1,1,0,3
2;3;4;6;7;10;11,III;aVR;aVL;V1;V2;V5;V6,7,0.7,1,0,1,0,2
2;3;4;6;7;10;11,III;aVR;aVL;V1;V2;V5;V6,7,0.8,1,0,1,0,2
2;3;4;6;7;10;11,III;aVR;aVL;V1;V2;V5;V6,7,0.9,1,0,0,0,1
2;3;4;6;7;11,III;aVR;aVL;V1;V2;V6,6,0.5,1,1,1,0,3
2;3;4;6;7;11,III;aVR;aVL;V1;V2;V6,6,0.6,1,1,1,0,3
2;3;4;6;7;11,III;aVR;aVL;V1;V2;V6,6,0.7,1,0,1,0,2
2;3;4;6;7;11,III;aVR;aVL;V1;V2;V6,6,0.8,1,0,1,0,2
2;3;4;6;7;11,III;aVR;aVL;V1;V2;V6,6,0.9,1,0,0,0,1
2;3;4;6;8,III;aVR;aVL;V1;V3,5,0.5,1,1,1,0,3
2;3;4;6;8,III;aVR;aVL;V1;V3,5,0.6,1,0,1,0,2
2;3;4;6;8,III;aVR;aVL;V1;V3,5,0.7,1,0,1,0,2
2;3;4;6;8,III;aVR;aVL;V1;V3,5,0.8,1,0,1,0,2
2;3;4;6;8,III;aVR;aVL;V1;V3,5,0.9,1,0,0,0,1
2;3;4;6;8;9,III;aVR;aVL;V1;V3;V4,6,0.5,1,1,1,0,3
2;3;4;6;8;9,III;aVR;aVL;V1;V3;V4,6,0.6,1,0,1,0,2
2;3;4;6;8;9,III;aVR;aVL;V1;V3;V4,6,0.7,1,0,1,0,2
2;3;4;6;8;9,III;aVR;aVL;V1;V3;V4,6,0.8,1,0,1,0,2
2;3;4;6;8;9,III;aVR;aVL;V1;V3;V4,6,0.9,1,0,0,0,1
2;3;4;6;8;9;10,III;aVR;aVL;V1;V3;V4;V5,7,0.5,1,1,1,0,3
2;3;4;6;8;9;10,III;aVR;aVL;V1;V3;V4;V5,7,0.6,1,0,1,0,2
2;3;4;6;8;9;10,III;aVR;aVL;V1;V3;V4;V5,7,0.7,1,0,1,0,2
2;3;4;6;8;9;10,III;aVR;aVL;V1;V3;V4;V5,7,0.8,1,0,1,0,2
2;3;4;6;8;9;10,III;aVR;aVL;V1;V3;V4;V5,7,0.9,1,0,0,0,1
2;3;4;6;8;9;10;11,III;aVR;aVL;V1;V3;V4;V5;V6,8,0.5,1,1,1,0,3
2;3;4;6;8;9;10;11,III;aVR;aVL;V1;V3;V4;V5;V6,8,0.6,1,0,1,0,2
2;3;4;6;8;9;10;11,III;aVR;aVL;V1;V3;V4;V5;V6,8,0.7,1,0,1,0,2
2;3;4;6;8;9;10;11,III;aVR;aVL;V1;V3;V4;V5;V6,8,0.8,1,0,1,0,2
2;3;4;6;8;9;10;11,III;aVR;aVL;V1;V3;V4;V5;V6,8,0.9,1,0,0,0,1
2;3;4;6;8;9;11,III;aVR;aVL;V1;V3;V4;V6,7,0.5,1,1,1,0,3
2;3;4;6;8;9;11,III;aVR;aVL;V1;V3;V4;V6,7,0.6,1,0,1,0,2
2;3;4;6;8;9;11,III;aVR;aVL;V1;V3;V4;V6,7,0.7,1,0,1,0,2
2;3;4;6;8;9;11,III;aVR;aVL;V1;V3;V4;V6,7,0.8,1,0,1,0,2
2;3;4;6;8;9;11,III;aVR;aVL;V1;V3;V4;V6,7,0.9,1,0,0,0,1
2;3;4;6;8;10,III;aVR;aVL;V1;V3;V5,6,0.5,1,1,1,0,3
2;3;4;6;8;10,III;aVR;aVL;V1;V3;V5,6,0.6,1,0,1,0,2
2;3;4;6;8;10,III;aVR;aVL;V1;V3;V5,6,0.7,1,0,1,0,2
2;3;4;6;8;10,III;aVR;aVL;V1;V3;V5,6,0.8,1,0,1,0,2
2;3;4;6;8;10,III;aVR;aVL;V1;V3;V5,6,0.9,1,0,0,0,1
2;3;4;6;8;10;11,III;aVR;aVL;V1;V3;V5;V6,7,0.5,1,1,1,0,3
2;3;4;6;8;10;11,III;aVR;aVL;V1;V3;V5;V6,7,0.6,1,0,1,0,2
2;3;4;6;8;10;11,III;aVR;aVL;V1;V3;V5;V6,7,0.7,1,0,1,0,2
2;3;4;6;8;10;11,III;aVR;aVL;V1;V3;V5;V6,7,0.8,1,0,1,0,2
2;3;4;6;8;10;11,III;aVR;aVL;V1;V3;V5;V6,7,0.9,1,0,0,0,1
2;3;4;6;8;11,III;aVR;aVL;V1;V3;V6,6,0.5,1,1,1,0,3
2;3;4;6;8;11,III;aVR;aVL;V1;V3;V6,6,0.6,1,0,1,0,2
2;3;4;6;8;11,III;aVR;aVL;V1;V3;V6,6,0.7,1,0,1,0,2
2;3;4;6;8;11,III;aVR;aVL;V1;V3;V6,6,0.8,1,0,1,0,2
2;3;4;6;8;11,III;aVR;aVL;V1;V3;V6,6,0.9,1,0,0,0,1
2;3;4;6;9,III;aVR;aVL;V1;V4,5,0.5,1,1,1,0,3
2;3;4;6;9,III;aVR;aVL;V1;V4,5,0.6,1,0,1,0,2
2;3;4;6;9,III;aVR;aVL;V1;V4,5,0.7,1,0,1,0,2
2;3;4;6;9,III;aVR;aVL;V1;V4,5,0.8,1,0,1,0,2
2;3;4;6;9,III;aVR;aVL;V1;V4,5,0.9,1,0,0,0,1
2;3;4;6;9;10,III;aVR;aVL;V1;V4;V5,6,0.5,1,1,1,0,3
2;3;4;6;9;10,III;aVR;aVL;V1;V4;V5,6,0.6,1,0,1,0,2
2;3;4;6;9;10,III;aVR;aVL;V1;V4;V5,6,0.7,1,0,1,0,2
2;3;4;6;9;10,III;aVR;aVL;V1;V4;V5,6,0.8,1,0,1,0,2
2;3;4;6;9;10,III;aVR;aVL;V1;V4;V5,6,0.9,1,0,0,0,1
2;3;4;6;9;10;11,III;aVR;aVL;V1;V4;V5;V6,7,0.5,1,1,1,0,3
2;3;4;6;9;10;11,III;aVR;aVL;V1;V4;V5;V6,7,0.6,1,0,1,0,2
2;3;4;6;9;10;11,III;aVR;aVL;V1;V4;V5;V6,7,0.7,1,0,1,0,2
2;3;4;6;9;10;11,III;aVR;aVL;V1;V4;V5;V6,7,0.8,1,0,1,0,2
2;3;4;6;9;10;11,III;aVR;aVL;V1;V4;V5;V6,7,0.9,1,0,0,0,1
2;3;4;6;9;11,III;aVR;aVL;V1;V4;V6,6,0.5,1,1,1,0,3
2;3;4;6;9;11,III;aVR;aVL;V1;V4;V6,6,0.6,1,0,1,0,2
2;3;4;6;9;11,III;aVR;aVL;V1;V4;V6,6,0.7,1,0,1,0,2
2;3;4;6;9;11,III;aVR;aVL;V1;V4;V6,6,0.8,1,0,1,0,2
2;3;4;6;9;11,III;aVR;aVL;V1;V4;V6,6,0.9,1,0,0,0,1
2;3;4;6;10,III;aVR;aVL;V1;V5,5,0.5,1,1,1,0,3
2;3;4;6;10,III;aVR;aVL;V1;V5,5,0.6,1,0,1,0,2
2;3;4;6;10,III;aVR;aVL;V1;V5,5,0.7,1,0,1,0,2
2;3;4;6;10,III;aVR;aVL;V1;V5,5,0.8,1,0,1,0,2
2;3;4;6;10,III;aVR;aVL;V1;V5,5,0.9,1,0,0,0,1
2;3;4;6;10;11,III;aVR;aVL;V1;V5;V6,6,0.5,1,1,1,0,3
2;3;4;6;10;11,III;aVR;aVL;V1;V5;V6,6,0.6,1,1,1,0,3
2;3;4;6;10;11,III;aVR;aVL;V1;V5;V6,6,0.7,1,0,1,0,2
2;3;4;6;10;11,III;aVR;aVL;V1;V5;V6,6,0.8,1,0,1,0,2
2;3;4;6;10;11,III;aVR;aVL;V1;V5;V6,6,0.9,1,0,0,0,1
2;3;4;6;11,III;aVR;aVL;V1;V6,5,0.5,1,1,1,0,3
2;3;4;6;11,III;aVR;aVL;V1;V6,5,0.6,1,1,1,0,3
2;3;4;6;11,III;aVR;aVL;V1;V6,5,0.7,1,0,1,0,2
2;3;4;6;11,III;aVR;aVL;V1;V6,5,0.8,1,0,1,0,2
2;3;4;6;11,III;aVR;aVL;V1;V6,5,0.9,1,0,0,0,1
2;3;4;7,III;aVR;aVL;V2,4,0.5,1,1,1,0,3
2;3;4;7,III;aVR;aVL;V2,4,0.6,1,1,1,0,3
2;3;4;7,III;aVR;aVL;V2,4,0.7,1,0,1,0,2
2;3;4;7,III;aVR;aVL;V2,4,0.8,1,0,1,0,2
2;3;4;7,III;aVR;aVL;V2,4,0.9,1,0,0,0,1
2;3;4;7;8,III;aVR;aVL;V2;V3,5,0.5,1,1,1,0,3
2;3;4;7;8,III;aVR;aVL;V2;V3,5,0.6,1,1,1,0,3
2;3;4;7;8,III;aVR;aVL;V2;V3,5,0.7,1,0,1,0,2
2;3;4;7;8,III;aVR;aVL;V2;V3,5,0.8,1,0,1,0,2
2;3;4;7;8,III;aVR;aVL;V2;V3,5,0.9,1,0,0,0,1
2;3;4;7;8;9,III;aVR;aVL;V2;V3;V4,6,0.5,1,1,1,0,3
2;3;4;7;8;9,III;aVR;aVL;V2;V3;V4,6,0.6,1,0,1,0,2
2;3;4;7;8;9,III;aVR;aVL;V2;V3;V4,6,0.7,1,0,1,0,2
2;3;4;7;8;9,III;aVR;aVL;V2;V3;V4,6,0.8,1,0,1,0,2
2;3;4;7;8;9,III;aVR;aVL;V2;V3;V4,6,0.9,1,0,0,0,1
2;3;4;7;8;9;10,III;aVR;aVL;V2;V3;V4;V5,7,0.5,1,1,1,0,3
2;3;4;7;8;9;10,III;aVR;aVL;V2;V3;V4;V5,7,0.6,1,0,1,0,2
2;3;4;7;8;9;10,III;aVR;aVL;V2;V3;V4;V5,7,0.7,1,0,1,0,2
2;3;4;7;8;9;10,III;aVR;aVL;V2;V3;V4;V5,7,0.8,1,0,0,0,1
2;3;4;7;8;9;10,III;aVR;aVL;V2;V3;V4;V5,7,0.9,1,0,0,0,1
2;3;4;7;8;9;10;11,III;aVR;aVL;V2;V3;V4;V5;V6,8,0.5,1,1,1,0,3
2;3;4;7;8;9;10;11,III;aVR;aVL;V2;V3;V4;V5;V6,8,0.6,1,0,1,0,2
2;3;4;7;8;9;10;11,III;aVR;aVL;V2;V3;V4;V5;V6,8,0.7,1,0,1,0,2
2;3;4;7;8;9;10;11,III;aVR;aVL;V2;V3;V4;V5;V6,8,0.8,1,0,0,0,1
2;3;4;7;8;9;10;11,III;aVR;aVL;V2;V3;V4;V5;V6,8,0.9,1,0,0,0,1
2;3;4;7;8;9;11,III;aVR;aVL;V2;V3;V4;V6,7,0.5,1,1,1,0,3
2;3;4;7;8;9;11,III;aVR;aVL;V2;V3;V4;V6,7,0.6,1,0,1,0,2
2;3;4;7;8;9;11,III;aVR;aVL;V2;V3;V4;V6,7,0.7,1,0,1,0,2
2;3;4;7;8;9;11,III;aVR;aVL;V2;V3;V4;V6,7,0.8,1,0,0,0,1
2;3;4;7;8;9;11,III;aVR;aVL;V2;V3;V4;V6,7,0.9,1,0,0,0,1
2;3;4;7;8;10,III;aVR;aVL;V2;V3;V5,6,0.5,1,1,1,0,3
2;3;4;7;8;10,III;aVR;aVL;V2;V3;V5,6,0.6,1,0,1,0,2
2;3;4;7;8;10,III;aVR;aVL;V2;V3;V5,6,0.7,1,0,1,0,2
2;3;4;7;8;10,III;aVR;aVL;V2;V3;V5,6,0.8,1,0,0,0,1
2;3;4;7;8;10,III;aVR;aVL;V2;V3;V5,6,0.9,1,0,0,0,1
2;3;4;7;8;10;11,III;aVR;aVL;V2;V3;V5;V6,7,0.5,1,1,1,0,3
2;3;4;7;8;10;11,III;aVR;aVL;V2;V3;V5;V6,7,0.6,1,0,1,0,2
2;3;4;7;8;10;11,III;aVR;aVL;V2;V3;V5;V6,7,0.7,1,0,1,0,2
2;3;4;7;8;10;11,III;aVR;aVL;V2;V3;V5;V6,7,0.8,1,0,0,0,1
2;3;4;7;8;10;11,III;aVR;aVL;V2;V3;V5;V6,7,0.9,1,0,0,0,1
2;3;4;7;8;11,III;aVR;aVL;V2;V3;V6,6,0.5,1,1,1,0,3
2;3;4;7;8;11,III;aVR;aVL;V2;V3;V6,6,0.6,1,0,1,0,2
2;3;4;7;8;11,III;aVR;aVL;V2;V3;V6,6,0.7,1,0,1,0,2
2;3;4;7;8;11,III;aVR;aVL;V2;V3;V6,6,0.8,1,0,0,0,1
2;3;4;7;8;11,III;aVR;aVL;V2;V3;V6,6,0.9,1,0,0,0,1
2;3;4;7;9,III;aVR;aVL;V2;V4,5,0.5,1,1,1,0,3
2;3;4;7;9,III;aVR;aVL;V2;V4,5,0.6,1,1,1,0,3
2;3;4;7;9,III;aVR;aVL;V2;V4,5,0.7,1,0,1,0,2
2;3;4;7;9,III;aVR;aVL;V2;V4,5,0.8,1,0,1,0,2
2;3;4;7;9,III;aVR;aVL;V2;V4,5,0.9,1,0,0,0,1
2;3;4;7;9;10,III;aVR;aVL;V2;V4;V5,6,0.5,1,1,1,0,3
2;3;4;7;9;10,III;aVR;aVL;V2;V4;V5,6,0.6,1,0,1,0,2
2;3;4;7;9;10,III;aVR;aVL;V2;V4;V5,6,0.7,1,0,1,0,2
2;3;4;7;9;10,III;aVR;aVL;V2;V4;V5,6,0.8,1,0,1,0,2
2;3;4;7;9;10,III;aVR;aVL;V2;V4;V5,6,0.9,1,0,0,0,1
2;3;4;7;9;10;11,III;aVR;aVL;V2;V4;V5;V6,7,0.5,1,1,1,0,3
2;3;4;7;9;10;11,III;aVR;aVL;V2;V4;V5;V6,7,0.6,1,0,1,0,2
2;3;4;7;9;10;11,III;aVR;aVL;V2;V4;V5;V6,7,0.7,1,0,1,0,2
2;3;4;7;9;10;11,III;aVR;aVL;V2;V4;V5;V6,7,0.8,1,0,1,0,2
2;3;4;7;9;10;11,III;aVR;aVL;V2;V4;V5;V6,7,0.9,1,0,0,0,1
2;3;4;7;9;11,III;aVR;aVL;V2;V4;V6,6,0.5,1,1,1,0,3
2;3;4;7;9;11,III;aVR;aVL;V2;V4;V6,6,0.6,1,0,1,0,2
2;3;4;7;9;11,III;aVR;aVL;V2;V4;V6,6,0.7,1,0,1,0,2
2;3;4;7;9;11,III;aVR;aVL;V2;V4;V6,6,0.8,1,0,0,0,1
2;3;4;7;9;11,III;aVR;aVL;V2;V4;V6,6,0.9,1,0,0,0,1
2;3;4;7;10,III;aVR;aVL;V2;V5,5,0.5,1,1,1,0,3
2;3;4;7;10,III;aVR;aVL;V2;V5,5,0.6,1,1,1,0,3
2;3;4;7;10,III;aVR;aVL;V2;V5,5,0.7,1,0,1,0,2
2;3;4;7;10,III;aVR;aVL;V2;V5,5,0.8,1,0,0,0,1
2;3;4;7;10,III;aVR;aVL;V2;V5,5,0.9,1,0,0,0,1
2;3;4;7;10;11,III;aVR;aVL;V2;V5;V6,6,0.5,1,1,1,0,3
2;3;4;7;10;11,III;aVR;aVL;V2;V5;V6,6,0.6,1,0,1,0,2
2;3;4;7;10;11,III;aVR;aVL;V2;V5;V6,6,0.7,1,0,1,0,2
2;3;4;7;10;11,III;aVR;aVL;V2;V5;V6,6,0.8,1,0,0,0,1
2;3;4;7;10;11,III;aVR;aVL;V2;V5;V6,6,0.9,1,0,0,0,1
2;3;4;7;11,III;aVR;aVL;V2;V6,5,0.5,1,1,1,0,3
2;3;4;7;11,III;aVR;aVL;V2;V6,5,0.6,1,1,1,0,3
2;3;4;7;11,III;aVR;aVL;V2;V6,5,0.7,1,0,1,0,2
2;3;4;7;11,III;aVR;aVL;V2;V6,5,0.8,1,0,0,0,1
2;3;4;7;11,III;aVR;aVL;V2;V6,5,0.9,1,0,0,0,1
2;3;4;8,III;aVR;aVL;V3,4,0.5,1,1,1,0,3
2;3;4;8,III;aVR;aVL;V3,4,0.6,1,0,1,0,2
2;3;4;8,III;aVR;aVL;V3,4,0.7,1,0,1,0,2
2;3;4;8,III;aVR;aVL;V3,4,0.8,1,0,0,0,1
2;3;4;8,III;aVR;aVL;V3,4,0.9,1,0,0,0,1
2;3;4;8;9,III;aVR;aVL;V3;V4,5,0.5,1,1,1,0,3
2;3;4;8;9,III;aVR;aVL;V3;V4,5,0.6,1,1,1,0,3
2;3;4;8;9,III;aVR;aVL;V3;V4,5,0.7,1,0,1,0,2
2;3;4;8;9,III;aVR;aVL;V3;V4,5,0.8,1,0,0,0,1
2;3;4;8;9,III;aVR;aVL;V3;V4,5,0.9,1,0,0,0,1
2;3;4;8;9;10,III;aVR;aVL;V3;V4;V5,6,0.5,1,1,1,0,3
2;3;4;8;9;10,III;aVR;aVL;V3;V4;V5,6,0.6,1,0,1,0,2
2;3;4;8;9;10,III;aVR;aVL;V3;V4;V5,6,0.7,1,0,1,0,2
2;3;4;8;9;10,III;aVR;aVL;V3;V4;V5,6,0.8,1,0,0,0,1
2;3;4;8;9;10,III;aVR;aVL;V3;V4;V5,6,0.9,1,0,0,0,1
2;3;4;8;9;10;11,III;aVR;aVL;V3;V4;V5;V6,7,0.5,1,1,1,0,3
2;3;4;8;9;10;11,III;aVR;aVL;V3;V4;V5;V6,7,0.6,1,0,1,0,2
2;3;4;8;9;10;11,III;aVR;aVL;V3;V4;V5;V6,7,0.7,1,0,1,0,2
2;3;4;8;9;10;11,III;aVR;aVL;V3;V4;V5;V6,7,0.8,1,0,0,0,1
2;3;4;8;9;10;11,III;aVR;aVL;V3;V4;V5;V6,7,0.9,1,0,0,0,1
2;3;4;8;9;11,III;aVR;aVL;V3;V4;V6,6,0.5,1,1,1,0,3
2;3;4;8;9;11,III;aVR;aVL;V3;V4;V6,6,0.6,1,0,1,0,2
2;3;4;8;9;11,III;aVR;aVL;V3;V4;V6,6,0.7,1,0,1,0,2
2;3;4;8;9;11,III;aVR;aVL;V3;V4;V6,6,0.8,1,0,0,0,1
2;3;4;8;9;11,III;aVR;aVL;V3;V4;V6,6,0.9,1,0,0,0,1
2;3;4;8;10,III;aVR;aVL;V3;V5,5,0.5,1,1,1,0,3
2;3;4;8;10,III;aVR;aVL;V3;V5,5,0.6,1,0,1,0,2
2;3;4;8;10,III;aVR;aVL;V3;V5,5,0.7,1,0,1,0,2
2;3;4;8;10,III;aVR;aVL;V3;V5,5,0.8,1,0,0,0,1
2;3;4;8;10,III;aVR;aVL;V3;V5,5,0.9,1,0,0,0,1
2;3;4;8;10;11,III;aVR;aVL;V3;V5;V6,6,0.5,1,1,1,0,3
2;3;4;8;10;11,III;aVR;aVL;V3;V5;V6,6,0.6,1,0,1,0,2
2;3;4;8;10;11,III;aVR;aVL;V3;V5;V6,6,0.7,1,0,1,0,2
2;3;4;8;10;11,III;aVR;aVL;V3;V5;V6,6,0.8,1,0,0,0,1
2;3;4;8;10;11,III;aVR;aVL;V3;V5;V6,6,0.9,1,0,0,0,1
2;3;4;8;11,III;aVR;aVL;V3;V6,5,0.5,1,1,1,0,3
2;3;4;8;11,III;aVR;aVL;V3;V6,5,0.6,1,0,1,0,2
2;3;4;8;11,III;aVR;aVL;V3;V6,5,0.7,1,0,1,0,2
2;3;4;8;11,III;aVR;aVL;V3;V6,5,0.8,1,0,0,0,1
2;3;4;8;11,III;aVR;aVL;V3;V6,5,0.9,1,0,0,0,1
2;3;4;9,III;aVR;aVL;V4,4,0.5,1,1,1,0,3
2;3;4;9,III;aVR;aVL;V4,4,0.6,1,0,1,0,2
2;3;4;9,III;aVR;aVL;V4,4,0.7,1,0,1,0,2
2;3;4;9,III;aVR;aVL;V4,4,0.8,1,0,1,0,2
2;3;4;9,III;aVR;aVL;V4,4,0.9,1,0,0,0,1
2;3;4;9;10,III;aVR;aVL;V4;V5,5,0.5,1,1,1,0,3
2;3;4;9;10,III;aVR;aVL;V4;V5,5,0.6,1,0,1,0,2
2;3;4;9;10,III;aVR;aVL;V4;V5,5,0.7,1,0,1,0,2
2;3;4;9;10,III;aVR;aVL;V4;V5,5,0.8,1,0,0,0,1
2;3;4;9;10,III;aVR;aVL;V4;V5,5,0.9,1,0,0,0,1
2;3;4;9;10;11,III;aVR;aVL;V4;V5;V6,6,0.5,1,1,1,0,3
2;3;4;9;10;11,III;aVR;aVL;V4;V5;V6,6,0.6,1,0,1,0,2
2;3;4;9;10;11,III;aVR;aVL;V4;V5;V6,6,0.7,1,0,1,0,2
2;3;4;9;10;11,III;aVR;aVL;V4;V5;V6,6,0.8,1,0,0,0,1
2;3;4;9;10;11,III;aVR;aVL;V4;V5;V6,6,0.9,1,0,0,0,1
2;3;4;9;11,III;aVR;aVL;V4;V6,5,0.5,1,1,1,0,3
2;3;4;9;11,III;aVR;aVL;V4;V6,5,0.6,1,0,1,0,2
2;3;4;9;11,III;aVR;aVL;V4;V6,5,0.7,1,0,1,0,2
2;3;4;9;11,III;aVR;aVL;V4;V6,5,0.8,1,0,0,0,1
2;3;4;9;11,III;aVR;aVL;V4;V6,5,0.9,1,0,0,0,1
2;3;4;10,III;aVR;aVL;V5,4,0.5,1,1,1,0,3
2;3;4;10,III;aVR;aVL;V5,4,0.6,1,0,1,0,2
2;3;4;10,III;aVR;aVL;V5,4,0.7,1,0,1,0,2
2;3;4;10,III;aVR;aVL;V5,4,0.8,1,0,0,0,1
2;3;4;10,III;aVR;aVL;V5,4,0.9,1,0,0,0,1
2;3;4;10;11,III;aVR;aVL;V5;V6,5,0.5,1,1,1,0,3
2;3;4;10;11,III;aVR;aVL;V5;V6,5,0.6,1,0,1,0,2
2;3;4;10;11,III;aVR;aVL;V5;V6,5,0.7,1,0,1,0,2
2;3;4;10;11,III;aVR;aVL;V5;V6,5,0.8,1,0,0,0,1
2;3;4;10;11,III;aVR;aVL;V5;V6,5,0.9,1,0,0,0,1
2;3;4;11,III;aVR;aVL;V6,4,0.5,1,1,1,0,3
2;3;4;11,III;aVR;aVL;V6,4,0.6,1,0,1,0,2
2;3;4;11,III;aVR;aVL;V6,4,0.7,1,0,1,0,2
2;3;4;11,III;aVR;aVL;V6,4,0.8,1,0,0,0,1
2;3;4;11,III;aVR;aVL;V6,4,0.9,1,0,0,0,1
2;3;5,III;aVR;aVF,3,0.5,1,1,1,0,3
2;3;5,III;aVR;aVF,3,0.6,1,1,1,0,3
2;3;5,III;aVR;aVF,3,0.7,1,0,1,0,2
2;3;5,III;aVR;aVF,3,0.8,1,0,0,0,1
2;3;5,III;aVR;aVF,3,0.9,1,0,0,0,1
2;3;5;6,III;aVR;aVF;V1,4,0.5,1,1,1,0,3
2;3;5;6,III;aVR;aVF;V1,4,0.6,1,0,1,0,2
2;3;5;6,III;aVR;aVF;V1,4,0.7,1,0,1,0,2
2;3;5;6,III;aVR;aVF;V1,4,0.8,1,0,1,0,2
2;3;5;6,III;aVR;aVF;V1,4,0.9,1,0,0,0,1
2;3;5;6;7,III;aVR;aVF;V1;V2,5,0.5,1,1,1,0,3
2;3;5;6;7,III;aVR;aVF;V1;V2,5,0.6,1,1,1,0,3
2;3;5;6;7,III;aVR;aVF;V1;V2,5,0.7,1,0,1,0,2
2;3;5;6;7,III;aVR;aVF;V1;V2,5,0.8,1,0,1,0,2
2;3;5;6;7,III;aVR;aVF;V1;V2,5,0.9,1,0,0,0,1
2;3;5;6;7;8,III;aVR;aVF;V1;V2;V3,6,0.5,1,1,1,0,3
2;3;5;6;7;8,III;aVR;aVF;V1;V2;V3,6,0.6,1,0,1,0,2
2;3;5;6;7;8,III;aVR;aVF;V1;V2;V3,6,0.7,1,0,1,0,2
2;3;5;6;7;8,III;aVR;aVF;V1;V2;V3,6,0.8,1,0,1,0,2
2;3;5;6;7;8,III;aVR;aVF;V1;V2;V3,6,0.9,1,0,0,0,1
2;3;5;6;7;8;9,III;aVR;aVF;V1;V2;V3;V4,7,0.5,1,1,1,0,3
2;3;5;6;7;8;9,III;aVR;aVF;V1;V2;V3;V4,7,0.6,1,0,1,0,2
2;3;5;6;7;8;9,III;aVR;aVF;V1;V2;V3;V4,7,0.7,1,0,1,0,2
2;3;5;6;7;8;9,III;aVR;aVF;V1;V2;V3;V4,7,0.8,1,0,1,0,2
2;3;5;6;7;8;9,III;aVR;aVF;V1;V2;V3;V4,7,0.9,1,0,0,0,1
2;3;5;6;7;8;9;10,III;aVR;aVF;V1;V2;V3;V4;V5,8,0.5,1,1,1,0,3
2;3;5;6;7;8;9;10,III;aVR;aVF;V1;V2;V3;V4;V5,8,0.6,1,0,1,0,2
2;3;5;6;7;8;9;10,III;aVR;aVF;V1;V2;V3;V4;V5,8,0.7,1,0,1,0,2
2;3;5;6;7;8;9;10,III;aVR;aVF;V1;V2;V3;V4;V5,8,0.8,1,0,1,0,2
2;3;5;6;7;8;9;10,III;aVR;aVF;V1;V2;V3;V4;V5,8,0.9,1,0,0,0,1
2;3;5;6;7;8;9;10;11,III;aVR;aVF;V1;V2;V3;V4;V5;V6,9,0.5,1,1,1,0,3
2;3;5;6;7;8;9;10;11,III;aVR;aVF;V1;V2;V3;V4;V5;V6,9,0.6,1,0,1,0,2
2;3;5;6;7;8;9;10;11,III;aVR;aVF;V1;V2;V3;V4;V5;V6,9,0.7,1,0,1,0,2
2;3;5;6;7;8;9;10;11,III;aVR;aVF;V1;V2;V3;V4;V5;V6,9,0.8,1,0,1,0,2
2;3;5;6;7;8;9;10;11,III;aVR;aVF;V1;V2;V3;V4;V5;V6,9,0.9,1,0,0,0,1
2;3;5;6;7;8;9;11,III;aVR;aVF;V1;V2;V3;V4;V6,8,0.5,1,1,1,0,3
2;3;5;6;7;8;9;11,III;aVR;aVF;V1;V2;V3;V4;V6,8,0.6,1,0,1,0,2
2;3;5;6;7;8;9;11,III;aVR;aVF;V1;V2;V3;V4;V6,8,0.7,1,0,1,0,2
2;3;5;6;7;8;9;11,III;aVR;aVF;V1;V2;V3;V4;V6,8,0.8,1,0,1,0,2
2;3;5;6;7;8;9;11,III;aVR;aVF;V1;V2;V3;V4;V6,8,0.9,1,0,0,0,1
2;3;5;6;7;8;10,III;aVR;aVF;V1;V2;V3;V5,7,0.5,1,1,1,0,3
2;3;5;6;7;8;10,III;aVR;aVF;V1;V2;V3;V5,7,0.6,1,0,1,0,2
2;3;5;6;7;8;10,III;aVR;aVF;V1;V2;V3;V5,7,0.7,1,0,1,0,2
2;3;5;6;7;8;10,III;aVR;aVF;V1;V2;V3;V5,7,0.8,1,0,1,0,2
2;3;5;6;7;8;10,III;aVR;aVF;V1;V2;V3;V5,7,0.9,1,0,0,0,1
2;3;5;6;7;8;10;11,III;aVR;aVF;V1;V2;V3;V5;V6,8,0.5,1,1,1,0,3
2;3;5;6;7;8;10;11,III;aVR;aVF;V1;V2;V3;V5;V6,8,0.6,1,0,1,0,2
2;3;5;6;7;8;10;11,III;aVR;aVF;V1;V2;V3;V5;V6,8,0.7,1,0,1,0,2
2;3;5;6;7;8;10;11,III;aVR;aVF;V1;V2;V3;V5;V6,8,0.8,1,0,1,0,2
2;3;5;6;7;8;10;11,III;aVR;aVF;V1;V2;V3;V5;V6,8,0.9,1,0,0,0,1
2;3;5;6;7;8;11,III;aVR;aVF;V1;V2;V3;V6,7,0.5,1,1,1,0,3
2;3;5;6;7;8;11,III;aVR;aVF;V1;V2;V3;V6,7,0.6,1,0,1,0,2
2;3;5;6;7;8;11,III;aVR;aVF;V1;V2;V3;V6,7,0.7,1,0,1,0,2
2;3;5;6;7;8;11,III;aVR;aVF;V1;V2;V3;V6,7,0.8,1,0,1,0,2
2;3;5;6;7;8;11,III;aVR;aVF;V1;V2;V3;V6,7,0.9,1,0,0,0,1
2;3;5;6;7;9,III;aVR;aVF;V1;V2;V4,6,0.5,1,1,1,0,3
2;3;5;6;7;9,III;aVR;aVF;V1;V2;V4,6,0.6,1,1,1,0,3
2;3;5;6;7;9,III;aVR;aVF;V1;V2;V4,6,0.7,1,0,1,0,2
2;3;5;6;7;9,III;aVR;aVF;V1;V2;V4,6,0.8,1,0,1,0,2
2;3;5;6;7;9,III;aVR;aVF;V1;V2;V4,6,0.9,1,0,0,0,1
2;3;5;6;7;9;10,III;aVR;aVF;V1;V2;V4;V5,7,0.5,1,1,1,0,3
2;3;5;6;7;9;10,III;aVR;aVF;V1;V2;V4;V5,7,0.6,1,0,1,0,2
2;3;5;6;7;9;10,III;aVR;aVF;V1;V2;V4;V5,7,0.7,1,0,1,0,2
2;3;5;6;7;9;10,III;aVR;aVF;V1;V2;V4;V5,7,0.8,1,0,1,0,2
2;3;5;6;7;9;10,III;aVR;aVF;V1;V2;V4;V5,7,0.9,1,0,0,0,1
2;3;5;6;7;9;10;11,III;aVR;aVF;V1;V2;V4;V5;V6,8,0.5,1,1,1,0,3
2;3;5;6;7;9;10;11,III;aVR;aVF;V1;V2;V4;V5;V6,8,0.6,1,0,1,0,2
2;3;5;6;7;9;10;11,III;aVR;aVF;V1;V2;V4;V5;V6,8,0.7,1,0,1,0,2
2;3;5;6;7;9;10;11,III;aVR;aVF;V1;V2;V4;V5;V6,8,0.8,1,0,1,0,2
2;3;5;6;7;9;10;11,III;aVR;aVF;V1;V2;V4;V5;V6,8,0.9,1,0,0,0,1
2;3;5;6;7;9;11,III;aVR;aVF;V1;V2;V4;V6,7,0.5,1,1,1,0,3
2;3;5;6;7;9;11,III;aVR;aVF;V1;V2;V4;V6,7,0.6,1,0,1,0,2
2;3;5;6;7;9;11,III;aVR;aVF;V1;V2;V4;V6,7,0.7,1,0,1,0,2
2;3;5;6;7;9;11,III;aVR;aVF;V1;V2;V4;V6,7,0.8,1,0,1,0,2
2;3;5;6;7;9;11,III;aVR;aVF;V1;V2;V4;V6,7,0.9,1,0,0,0,1
2;3;5;6;7;10,III;aVR;aVF;V1;V2;V5,6,0.5,1,1,1,0,3
2;3;5;6;7;10,III;aVR;aVF;V1;V2;V5,6,0.6,1,0,1,0,2
2;3;5;6;7;10,III;aVR;aVF;V1;V2;V5,6,0.7,1,0,1,0,2
2;3;5;6;7;10,III;aVR;aVF;V1;V2;V5,6,0.8,1,0,1,0,2
2;3;5;6;7;10,III;aVR;aVF;V1;V2;V5,6,0.9,1,0,0,0,1
2;3;5;6;7;10;11,III;aVR;aVF;V1;V2;V5;V6,7,0.5,1,1,1,0,3
2;3;5;6;7;10;11,III;aVR;aVF;V1;V2;V5;V6,7,0.6,1,0,1,0,2
2;3;5;6;7;10;11,III;aVR;aVF;V1;V2;V5;V6,7,0.7,1,0,1,0,2
2;3;5;6;7;10;11,III;aVR;aVF;V1;V2;V5;V6,7,0.8,1,0,1,0,2
2;3;5;6;7;10;11,III;aVR;aVF;V1;V2;V5;V6,7,0.9,1,0,0,0,1
2;3;5;6;7;11,III;aVR;aVF;V1;V2;V6,6,0.5,1,1,1,0,3
2;3;5;6;7;11,III;aVR;aVF;V1;V2;V6,6,0.6,1,0,1,0,2
2;3;5;6;7;11,III;aVR;aVF;V1;V2;V6,6,0.7,1,0,1,0,2
2;3;5;6;7;11,III;aVR;aVF;V1;V2;V6,6,0.8,1,0,1,0,2
2;3;5;6;7;11,III;aVR;aVF;V1;V2;V6,6,0.9,1,0,0,0,1
2;3;5;6;8,III;aVR;aVF;V1;V3,5,0.5,1,1,1,0,3
2;3;5;6;8,III;aVR;aVF;V1;V3,5,0.6,1,0,1,0,2
2;3;5;6;8,III;aVR;aVF;V1;V3,5,0.7,1,0,1,0,2
2;3;5;6;8,III;aVR;aVF;V1;V3,5,0.8,1,0,1,0,2
2;3;5;6;8,III;aVR;aVF;V1;V3,5,0.9,1,0,0,0,1
2;3;5;6;8;9,III;aVR;aVF;V1;V3;V4,6,0.5,1,1,1,0,3
2;3;5;6;8;9,III;aVR;aVF;V1;V3;V4,6,0.6,1,1,1,0,3
2;3;5;6;8;9,III;aVR;aVF;V1;V3;V4,6,0.7,1,0,1,0,2
2;3;5;6;8;9,III;aVR;aVF;V1;V3;V4,6,0.8,1,0,1,0,2
2;3;5;6;8;9,III;aVR;aVF;V1;V3;V4,6,0.9,1,0,0,0,1
2;3;5;6;8;9;10,III;aVR;aVF;V1;V3;V4;V5,7,0.5,1,1,1,0,3
2;3;5;6;8;9;10,III;aVR;aVF;V1;V3;V4;V5,7,0.6,1,0,1,0,2
2;3;5;6;8;9;10,III;aVR;aVF;V1;V3;V4;V5,7,0.7,1,0,1,0,2
2;3;5;6;8;9;10,III;aVR;aVF;V1;V3;V4;V5,7,0.8,1,0,1,0,2
2;3;5;6;8;9;10,III;aVR;aVF;V1;V3;V4;V5,7,0.9,1,0,0,0,1
2;3;5;6;8;9;10;11,III;aVR;aVF;V1;V3;V4;V5;V6,8,0.5,1,1,1,0,3
2;3;5;6;8;9;10;11,III;aVR;aVF;V1;V3;V4;V5;V6,8,0.6,1,0,1,0,2
2;3;5;6;8;9;10;11,III;aVR;aVF;V1;V3;V4;V5;V6,8,0.7,1,0,1,0,2
2;3;5;6;8;9;10;11,III;aVR;aVF;V1;V3;V4;V5;V6,8,0.8,1,0,1,0,2
2;3;5;6;8;9;10;11,III;aVR;aVF;V1;V3;V4;V5;V6,8,0.9,1,0,0,0,1
2;3;5;6;8;9;11,III;aVR;aVF;V1;V3;V4;V6,7,0.5,1,1,1,0,3
2;3;5;6;8;9;11,III;aVR;aVF;V1;V3;V4;V6,7,0.6,1,0,1,0,2
2;3;5;6;8;9;11,III;aVR;aVF;V1;V3;V4;V6,7,0.7,1,0,1,0,2
2;3;5;6;8;9;11,III;aVR;aVF;V1;V3;V4;V6,7,0.8,1,0,1,0,2
2;3;5;6;8;9;11,III;aVR;aVF;V1;V3;V4;V6,7,0.9,1,0,0,0,1
2;3;5;6;8;10,III;aVR;aVF;V1;V3;V5,6,0.5,1,1,1,0,3
2;3;5;6;8;10,III;aVR;aVF;V1;V3;V5,6,0.6,1,0,1,0,2
2;3;5;6;8;10,III;aVR;aVF;V1;V3;V5,6,0.7,1,0,1,0,2
2;3;5;6;8;10,III;aVR;aVF;V1;V3;V5,6,0.8,1,0,1,0,2
2;3;5;6;8;10,III;aVR;aVF;V1;V3;V5,6,0.9,1,0,0,0,1
2;3;5;6;8;10;11,III;aVR;aVF;V1;V3;V5;V6,7,0.5,1,1,1,0,3
2;3;5;6;8;10;11,III;aVR;aVF;V1;V3;V5;V6,7,0.6,1,0,1,0,2
2;3;5;6;8;10;11,III;aVR;aVF;V1;V3;V5;V6,7,0.7,1,0,1,0,2
2;3;5;6;8;10;11,III;aVR;aVF;V1;V3;V5;V6,7,0.8,1,0,1,0,2
2;3;5;6;8;10;11,III;aVR;aVF;V1;V3;V5;V6,7,0.9,1,0,0,0,1
2;3;5;6;8;11,III;aVR;aVF;V1;V3;V6,6,0.5,1,1,1,0,3
2;3;5;6;8;11,III;aVR;aVF;V1;V3;V6,6,0.6,1,0,1,0,2
2;3;5;6;8;11,III;aVR;aVF;V1;V3;V6,6,0.7,1,0,1,0,2
2;3;5;6;8;11,III;aVR;aVF;V1;V3;V6,6,0.8,1,0,1,0,2
2;3;5;6;8;11,III;aVR;aVF;V1;V3;V6,6,0.9,1,0,0,0,1
2;3;5;6;9,III;aVR;aVF;V1;V4,5,0.5,1,1,1,0,3
2;3;5;6;9,III;aVR;aVF;V1;V4,5,0.6,1,0,1,0,2
2;3;5;6;9,III;aVR;aVF;V1;V4,5,0.7,1,0,1,0,2
2;3;5;6;9,III;aVR;aVF;V1;V4,5,0.8,1,0,1,0,2
2;3;5;6;9,III;aVR;aVF;V1;V4,5,0.9,1,0,0,0,1
2;3;5;6;9;10,III;aVR;aVF;V1;V4;V5,6,0.5,1,1,1,0,3
2;3;5;6;9;10,III;aVR;aVF;V1;V4;V5,6,0.6,1,0,1,0,2
2;3;5;6;9;10,III;aVR;aVF;V1;V4;V5,6,0.7,1,0,1,0,2
2;3;5;6;9;10,III;aVR;aVF;V1;V4;V5,6,0.8,1,0,0,0,1
2;3;5;6;9;10,III;aVR;aVF;V1;V4;V5,6,0.9,1,0,0,0,1
2;3;5;6;9;10;11,III;aVR;aVF;V1;V4;V5;V6,7,0.5,1,1,1,0,3
2;3;5;6;9;10;11,III;aVR;aVF;V1;V4;V5;V6,7,0.6,1,0,1,0,2
2;3;5;6;9;10;11,III;aVR;aVF;V1;V4;V5;V6,7,0.7,1,0,1,0,2
2;3;5;6;9;10;11,III;aVR;aVF;V1;V4;V5;V6,7,0.8,1,0,1,0,2
2;3;5;6;9;10;11,III;aVR;aVF;V1;V4;V5;V6,7,0.9,1,0,0,0,1
2;3;5;6;9;11,III;aVR;aVF;V1;V4;V6,6,0.5,1,1,1,0,3
2;3;5;6;9;11,III;aVR;aVF;V1;V4;V6,6,0.6,1,0,1,0,2
2;3;5;6;9;11,III;aVR;aVF;V1;V4;V6,6,0.7,1,0,1,0,2
2;3;5;6;9;11,III;aVR;aVF;V1;V4;V6,6,0.8,1,0,1,0,2
2;3;5;6;9;11,III;aVR;aVF;V1;V4;V6,6,0.9,1,0,0,0,1
2;3;5;6;10,III;aVR;aVF;V1;V5,5,0.5,1,1,1,0,3
2;3;5;6;10,III;aVR;aVF;V1;V5,5,0.6,1,0,1,0,2
2;3;5;6;10,III;aVR;aVF;V1;V5,5,0.7,1,0,1,0,2
2;3;5;6;10,III;aVR;aVF;V1;V5,5,0.8,1,0,1,0,2
2;3;5;6;10,III;aVR;aVF;V1;V5,5,0.9,1,0,0,0,1
2;3;5;6;10;11,III;aVR;aVF;V1;V5;V6,6,0.5,1,1,1,0,3
2;3;5;6;10;11,III;aVR;aVF;V1;V5;V6,6,0.6,1,1,1,0,3
2;3;5;6;10;11,III;aVR;aVF;V1;V5;V6,6,0.7,1,0,1,0,2
2;3;5;6;10;11,III;aVR;aVF;V1;V5;V6,6,0.8,1,0,1,0,2
2;3;5;6;10;11,III;aVR;aVF;V1;V5;V6,6,0.9,1,0,0,0,1
2;3;5;6;11,III;aVR;aVF;V1;V6,5,0.5,1,1,1,0,3
2;3;5;6;11,III;aVR;aVF;V1;V6,5,0.6,1,1,1,0,3
2;3;5;6;11,III;aVR;aVF;V1;V6,5,0.7,1,0,1,0,2
2;3;5;6;11,III;aVR;aVF;V1;V6,5,0.8,1,0,1,0,2
2;3;5;6;11,III;aVR;aVF;V1;V6,5,0.9,1,0,0,0,1
2;3;5;7,III;aVR;aVF;V2,4,0.5,1,1,1,0,3
2;3;5;7,III;aVR;aVF;V2,4,0.6,1,0,1,0,2
2;3;5;7,III;aVR;aVF;V2,4,0.7,1,0,1,0,2
2;3;5;7,III;aVR;aVF;V2,4,0.8,1,0,1,0,2
2;3;5;7,III;aVR;aVF;V2,4,0.9,1,0,0,0,1
2;3;5;7;8,III;aVR;aVF;V2;V3,5,0.5,1,1,1,0,3
2;3;5;7;8,III;aVR;aVF;V2;V3,5,0.6,1,1,1,0,3
2;3;5;7;8,III;aVR;aVF;V2;V3,5,0.7,1,0,1,0,2
2;3;5;7;8,III;aVR;aVF;V2;V3,5,0.8,1,0,1,0,2
2;3;5;7;8,III;aVR;aVF;V2;V3,5,0.9,1,0,0,0,1
2;3;5;7;8;9,III;aVR;aVF;V2;V3;V4,6,0.5,1,1,1,0,3
2;3;5;7;8;9,III;aVR;aVF;V2;V3;V4,6,0.6,1,1,1,0,3
2;3;5;7;8;9,III;aVR;aVF;V2;V3;V4,6,0.7,1,0,1,0,2
2;3;5;7;8;9,III;aVR;aVF;V2;V3;V4,6,0.8,1,0,0,0,1
2;3;5;7;8;9,III;aVR;aVF;V2;V3;V4,6,0.9,1,0,0,0,1
2;3;5;7;8;9;10,III;aVR;aVF;V2;V3;V4;V5,7,0.5,1,1,1,0,3
2;3;5;7;8;9;10,III;aVR;aVF;V2;V3;V4;V5,7,0.6,1,1,1,0,3
2;3;5;7;8;9;10,III;aVR;aVF;V2;V3;V4;V5,7,0.7,1,0,1,0,2
2;3;5;7;8;9;10,III;aVR;aVF;V2;V3;V4;V5,7,0.8,1,0,0,0,1
2;3;5;7;8;9;10,III;aVR;aVF;V2;V3;V4;V5,7,0.9,1,0,0,0,1
2;3;5;7;8;9;10;11,III;aVR;aVF;V2;V3;V4;V5;V6,8,0.5,1,1,1,0,3
2;3;5;7;8;9;10;11,III;aVR;aVF;V2;V3;V4;V5;V6,8,0.6,1,0,1,0,2
2;3;5;7;8;9;10;11,III;aVR;aVF;V2;V3;V4;V5;V6,8,0.7,1,0,1,0,2
2;3;5;7;8;9;10;11,III;aVR;aVF;V2;V3;V4;V5;V6,8,0.8,1,0,0,0,1
2;3;5;7;8;9;10;11,III;aVR;aVF;V2;V3;V4;V5;V6,8,0.9,1,0,0,0,1
2;3;5;7;8;9;11,III;aVR;aVF;V2;V3;V4;V6,7,0.5,1,1,1,0,3
2;3;5;7;8;9;11,III;aVR;aVF;V2;V3;V4;V6,7,0.6,1,0,1,0,2
2;3;5;7;8;9;11,III;aVR;aVF;V2;V3;V4;V6,7,0.7,1,0,1,0,2
2;3;5;7;8;9;11,III;aVR;aVF;V2;V3;V4;V6,7,0.8,1,0,0,0,1
2;3;5;7;8;9;11,III;aVR;aVF;V2;V3;V4;V6,7,0.9,1,0,0,0,1
2;3;5;7;8;10,III;aVR;aVF;V2;V3;V5,6,0.5,1,1,1,0,3
2;3;5;7;8;10,III;aVR;aVF;V2;V3;V5,6,0.6,1,1,1,0,3
2;3;5;7;8;10,III;aVR;aVF;V2;V3;V5,6,0.7,1,0,1,0,2
2;3;5;7;8;10,III;aVR;aVF;V2;V3;V5,6,0.8,1,0,0,0,1
2;3;5;7;8;10,III;aVR;aVF;V2;V3;V5,6,0.9,1,0,0,0,1
2;3;5;7;8;10;11,III;aVR;aVF;V2;V3;V5;V6,7,0.5,1,1,1,0,3
2;3;5;7;8;10;11,III;aVR;aVF;V2;V3;V5;V6,7,0.6,1,0,1,0,2
2;3;5;7;8;10;11,III;aVR;aVF;V2;V3;V5;V6,7,0.7,1,0,1,0,2
2;3;5;7;8;10;11,III;aVR;aVF;V2;V3;V5;V6,7,0.8,1,0,0,0,1
2;3;5;7;8;10;11,III;aVR;aVF;V2;V3;V5;V6,7,0.9,1,0,0,0,1
2;3;5;7;8;11,III;aVR;aVF;V2;V3;V6,6,0.5,1,1,1,0,3
2;3;5;7;8;11,III;aVR;aVF;V2;V3;V6,6,0.6,1,0,1,0,2
2;3;5;7;8;11,III;aVR;aVF;V2;V3;V6,6,0.7,1,0,1,0,2
2;3;5;7;8;11,III;aVR;aVF;V2;V3;V6,6,0.8,1,0,0,0,1
2;3;5;7;8;11,III;aVR;aVF;V2;V3;V6,6,0.9,1,0,0,0,1
2;3;5;7;9,III;aVR;aVF;V2;V4,5,0.5,1,1,1,0,3
2;3;5;7;9,III;aVR;aVF;V2;V4,5,0.6,1,1,1,0,3
2;3;5;7;9,III;aVR;aVF;V2;V4,5,0.7,1,0,1,0,2
2;3;5;7;9,III;aVR;aVF;V2;V4,5,0.8,1,0,1,0,2
2;3;5;7;9,III;aVR;aVF;V2;V4,5,0.9,1,0,0,0,1
2;3;5;7;9;10,III;aVR;aVF;V2;V4;V5,6,0.5,1,1,1,0,3
2;3;5;7;9;10,III;aVR;aVF;V2;V4;V5,6,0.6,1,1,1,0,3
2;3;5;7;9;10,III;aVR;aVF;V2;V4;V5,6,0.7,1,0,1,0,2
2;3;5;7;9;10,III;aVR;aVF;V2;V4;V5,6,0.8,1,0,1,0,2
2;3;5;7;9;10,III;aVR;aVF;V2;V4;V5,6,0.9,1,0,0,0,1
2;3;5;7;9;10;11,III;aVR;aVF;V2;V4;V5;V6,7,0.5,1,1,1,0,3
2;3;5;7;9;10;11,III;aVR;aVF;V2;V4;V5;V6,7,0.6,1,0,1,0,2
2;3;5;7;9;10;11,III;aVR;aVF;V2;V4;V5;V6,7,0.7,1,0,1,0,2
2;3;5;7;9;10;11,III;aVR;aVF;V2;V4;V5;V6,7,0.8,1,0,0,0,1
2;3;5;7;9;10;11,III;aVR;aVF;V2;V4;V5;V6,7,0.9,1,0,0,0,1
2;3;5;7;9;11,III;aVR;aVF;V2;V4;V6,6,0.5,1,1,1,0,3
2;3;5;7;9;11,III;aVR;aVF;V2;V4;V6,6,0.6,1,0,1,0,2
2;3;5;7;9;11,III;aVR;aVF;V2;V4;V6,6,0.7,1,0,1,0,2
2;3;5;7;9;11,III;aVR;aVF;V2;V4;V6,6,0.8,1,0,0,0,1
2;3;5;7;9;11,III;aVR;aVF;V2;V4;V6,6,0.9,1,0,0,0,1
2;3;5;7;10,III;aVR;aVF;V2;V5,5,0.5,1,1,1,0,3
2;3;5;7;10,III;aVR;aVF;V2;V5,5,0.6,1,1,1,0,3
2;3;5;7;10,III;aVR;aVF;V2;V5,5,0.7,1,0,1,0,2
2;3;5;7;10,III;aVR;aVF;V2;V5,5,0.8,1,0,0,0,1
2;3;5;7;10,III;aVR;aVF;V2;V5,5,0.9,1,0,0,0,1
2;3;5;7;10;11,III;aVR;aVF;V2;V5;V6,6,0.5,1,1,1,0,3
2;3;5;7;10;11,III;aVR;aVF;V2;V5;V6,6,0.6,1,0,1,0,2
2;3;5;7;10;11,III;aVR;aVF;V2;V5;V6,6,0.7,1,0,1,0,2
2;3;5;7;10;11,III;aVR;aVF;V2;V5;V6,6,0.8,1,0,0,0,1
2;3;5;7;10;11,III;aVR;aVF;V2;V5;V6,6,0.9,1,0,0,0,1
2;3;5;7;11,III;aVR;aVF;V2;V6,5,0.5,1,1,1,0,3
2;3;5;7;11,III;aVR;aVF;V2;V6,5,0.6,1,0,1,0,2
2;3;5;7;11,III;aVR;aVF;V2;V6,5,0.7,1,0,1,0,2
2;3;5;7;11,III;aVR;aVF;V2;V6,5,0.8,1,0,0,0,1
2;3;5;7;11,III;aVR;aVF;V2;V6,5,0.9,1,0,0,0,1
2;3;5;8,III;aVR;aVF;V3,4,0.5,1,1,1,0,3
2;3;5;8,III;aVR;aVF;V3,4,0.6,1,0,1,0,2
2;3;5;8,III;aVR;aVF;V3,4,0.7,1,0,1,0,2
2;3;5;8,III;aVR;aVF;V3,4,0.8,1,0,0,0,1
2;3;5;8,III;aVR;aVF;V3,4,0.9,1,0,0,0,1
2;3;5;8;9,III;aVR;aVF;V3;V4,5,0.5,1,1,1,0,3
2;3;5;8;9,III;aVR;aVF;V3;V4,5,0.6,1,1,1,0,3
2;3;5;8;9,III;aVR;aVF;V3;V4,5,0.7,1,0,1,0,2
2;3;5;8;9,III;aVR;aVF;V3;V4,5,0.8,1,0,1,0,2
2;3;5;8;9,III;aVR;aVF;V3;V4,5,0.9,1,0,0,0,1
2;3;5;8;9;10,III;aVR;aVF;V3;V4;V5,6,0.5,1,1,1,0,3
2;3;5;8;9;10,III;aVR;aVF;V3;V4;V5,6,0.6,1,0,1,0,2
2;3;5;8;9;10,III;aVR;aVF;V3;V4;V5,6,0.7,1,0,1,0,2
2;3;5;8;9;10,III;aVR;aVF;V3;V4;V5,6,0.8,1,0,0,0,1
2;3;5;8;9;10,III;aVR;aVF;V3;V4;V5,6,0.9,1,0,0,0,1
2;3;5;8;9;10;11,III;aVR;aVF;V3;V4;V5;V6,7,0.5,1,1,1,0,3
2;3;5;8;9;10;11,III;aVR;aVF;V3;V4;V5;V6,7,0.6,1,0,1,0,2
2;3;5;8;9;10;11,III;aVR;aVF;V3;V4;V5;V6,7,0.7,1,0,1,0,2
2;3;5;8;9;10;11,III;aVR;aVF;V3;V4;V5;V6,7,0.8,1,0,0,0,1
2;3;5;8;9;10;11,III;aVR;aVF;V3;V4;V5;V6,7,0.9,1,0,0,0,1
2;3;5;8;9;11,III;aVR;aVF;V3;V4;V6,6,0.5,1,1,1,0,3
2;3;5;8;9;11,III;aVR;aVF;V3;V4;V6,6,0.6,1,0,1,0,2
2;3;5;8;9;11,III;aVR;aVF;V3;V4;V6,6,0.7,1,0,1,0,2
2;3;5;8;9;11,III;aVR;aVF;V3;V4;V6,6,0.8,1,0,0,0,1
2;3;5;8;9;11,III;aVR;aVF;V3;V4;V6,6,0.9,1,0,0,0,1
2;3;5;8;10,III;aVR;aVF;V3;V5,5,0.5,1,1,1,0,3
2;3;5;8;10,III;aVR;aVF;V3;V5,5,0.6,1,0,1,0,2
2;3;5;8;10,III;aVR;aVF;V3;V5,5,0.7,1,0,1,0,2
2;3;5;8;10,III;aVR;aVF;V3;V5,5,0.8,1,0,0,0,1
2;3;5;8;10,III;aVR;aVF;V3;V5,5,0.9,1,0,0,0,1
2;3;5;8;10;11,III;aVR;aVF;V3;V5;V6,6,0.5,1,1,1,0,3
2;3;5;8;10;11,III;aVR;aVF;V3;V5;V6,6,0.6,1,0,1,0,2
2;3;5;8;10;11,III;aVR;aVF;V3;V5;V6,6,0.7,1,0,1,0,2
2;3;5;8;10;11,III;aVR;aVF;V3;V5;V6,6,0.8,1,0,0,0,1
2;3;5;8;10;11,III;aVR;aVF;V3;V5;V6,6,0.9,1,0,0,0,1
2;3;5;8;11,III;aVR;aVF;V3;V6,5,0.5,1,1,1,0,3
2;3;5;8;11,III;aVR;aVF;V3;V6,5,0.6,1,0,1,0,2
2;3;5;8;11,III;aVR;aVF;V3;V6,5,0.7,1,0,1,0,2
2;3;5;8;11,III;aVR;aVF;V3;V6,5,0.8,1,0,0,0,1
2;3;5;8;11,III;aVR;aVF;V3;V6,5,0.9,1,0,0,0,1
2;3;5;9,III;aVR;aVF;V4,4,0.5,1,1,1,0,3
2;3;5;9,III;aVR;aVF;V4,4,0.6,1,1,1,0,3
2;3;5;9,III;aVR;aVF;V4,4,0.7,1,0,1,0,2
2;3;5;9,III;aVR;aVF;V4,4,0.8,1,0,1,0,2
2;3;5;9,III;aVR;aVF;V4,4,0.9,1,0,0,0,1
2;3;5;9;10,III;aVR;aVF;V4;V5,5,0.5,1,1,1,0,3
2;3;5;9;10,III;aVR;aVF;V4;V5,5,0.6,1,0,1,0,2
2;3;5;9;10,III;aVR;aVF;V4;V5,5,0.7,1,0,1,0,2
2;3;5;9;10,III;aVR;aVF;V4;V5,5,0.8,1,0,0,0,1
2;3;5;9;10,III;aVR;aVF;V4;V5,5,0.9,1,0,0,0,1
2;3;5;9;10;11,III;aVR;aVF;V4;V5;V6,6,0.5,1,1,1,0,3
2;3;5;9;10;11,III;aVR;aVF;V4;V5;V6,6,0.6,1,0,1,0,2
2;3;5;9;10;11,III;aVR;aVF;V4;V5;V6,6,0.7,1,0,1,0,2
2;3;5;9;10;11,III;aVR;aVF;V4;V5;V6,6,0.8,1,0,0,0,1
2;3;5;9;10;11,III;aVR;aVF;V4;V5;V6,6,0.9,1,0,0,0,1
2;3;5;9;11,III;aVR;aVF;V4;V6,5,0.5,1,1,1,0,3
2;3;5;9;11,III;aVR;aVF;V4;V6,5,0.6,1,0,1,0,2
2;3;5;9;11,III;aVR;aVF;V4;V6,5,0.7,1,0,1,0,2
2;3;5;9;11,III;aVR;aVF;V4;V6,5,0.8,1,0,0,0,1
2;3;5;9;11,III;aVR;aVF;V4;V6,5,0.9,1,0,0,0,1
2;3;5;10,III;aVR;aVF;V5,4,0.5,1,1,1,0,3
2;3;5;10,III;aVR;aVF;V5,4,0.6,1,0,1,0,2
2;3;5;10,III;aVR;aVF;V5,4,0.7,1,0,1,0,2
2;3;5;10,III;aVR;aVF;V5,4,0.8,1,0,0,0,1
2;3;5;10,III;aVR;aVF;V5,4,0.9,1,0,0,0,1
2;3;5;10;11,III;aVR;aVF;V5;V6,5,0.5,1,1,1,0,3
2;3;5;10;11,III;aVR;aVF;V5;V6,5,0.6,1,0,1,0,2
2;3;5;10;11,III;aVR;aVF;V5;V6,5,0.7,1,0,1,0,2
2;3;5;10;11,III;aVR;aVF;V5;V6,5,0.8,1,0,0,0,1
2;3;5;10;11,III;aVR;aVF;V5;V6,5,0.9,1,0,0,0,1
2;3;5;11,III;aVR;aVF;V6,4,0.5,1,1,1,0,3
2;3;5;11,III;aVR;aVF;V6,4,0.6,1,0,1,0,2
2;3;5;11,III;aVR;aVF;V6,4,0.7,1,0,1,0,2
2;3;5;11,III;aVR;aVF;V6,4,0.8,1,0,0,0,1
2;3;5;11,III;aVR;aVF;V6,4,0.9,1,0,0,0,1
2;3;6,III;aVR;V1,4,0.5,1,1,1,0,3
2;3;6,III;aVR;V1,4,0.6,1,0,1,0,2
2;3;6,III;aVR;V1,4,0.7,1,0,1,0,2
2;3;6,III;aVR;V1,4,0.8,1,0,1,0,2
2;3;6,III;aVR;V1,4,0.9,1,0,0,0,1
2;3;6;7,III;aVR;V1;V2,5,0.5,1,1,1,0,3
2;3;6;7,III;aVR;V1;V2,5,0.6,1,1,1,0,3
2;3;6;7,III;aVR;V1;V2,5,0.7,1,0,1,0,2
2;3;6;7,III;aVR;V1;V2,5,0.8,1,0,1,0,2
2;3;6;7,III;aVR;V1;V2,5,0.9,1,0,0,0,1
2;3;6;7;8,III;aVR;V1;V2;V3,6,0.5,1,1,1,0,3
2;3;6;7;8,III;aVR;V1;V2;V3,6,0.6,1,1,1,0,3
2;3;6;7;8,III;aVR;V1;V2;V3,6,0.7,1,0,1,0,2
2;3;6;7;8,III;aVR;V1;V2;V3,6,0.8,1,0,1,0,2
2;3;6;7;8,III;aVR;V1;V2;V3,6,0.9,1,0,0,0,1
2;3;6;7;8;9,III;aVR;V1;V2;V3;V4,7,0.5,1,1,1,0,3
2;3;6;7;8;9,III;aVR;V1;V2;V3;V4,7,0.6,1,0,1,0,2
2;3;6;7;8;9,III;aVR;V1;V2;V3;V4,7,0.7,1,0,1,0,2
2;3;6;7;8;9,III;aVR;V1;V2;V3;V4,7,0.8,1,0,1,0,2
2;3;6;7;8;9,III;aVR;V1;V2;V3;V4,7,0.9,1,0,0,0,1
2;3;6;7;8;9;10,III;aVR;V1;V2;V3;V4;V5,8,0.5,1,1,1,0,3
2;3;6;7;8;9;10,III;aVR;V1;V2;V3;V4;V5,8,0.6,1,0,1,0,2
2;3;6;7;8;9;10,III;aVR;V1;V2;V3;V4;V5,8,0.7,1,0,1,0,2
2;3;6;7;8;9;10,III;aVR;V1;V2;V3;V4;V5,8,0.8,1,0,1,0,2
2;3;6;7;8;9;10,III;aVR;V1;V2;V3;V4;V5,8,0.9,1,0,0,0,1
2;3;6;7;8;9;10;11,III;aVR;V1;V2;V3;V4;V5;V6,9,0.5,1,1,1,0,3
2;3;6;7;8;9;10;11,III;aVR;V1;V2;V3;V4;V5;V6,9,0.6,1,0,1,0,2
2;3;6;7;8;9;10;11,III;aVR;V1;V2;V3;V4;V5;V6,9,0.7,1,0,1,0,2
2;3;6;7;8;9;10;11,III;aVR;V1;V2;V3;V4;V5;V6,9,0.8,1,0,1,0,2
2;3;6;7;8;9;10;11,III;aVR;V1;V2;V3;V4;V5;V6,9,0.9,1,0,0,0,1
2;3;6;7;8;9;11,III;aVR;V1;V2;V3;V4;V6,8,0.5,1,1,1,0,3
2;3;6;7;8;9;11,III;aVR;V1;V2;V3;V4;V6,8,0.6,1,0,1,0,2
2;3;6;7;8;9;11,III;aVR;V1;V2;V3;V4;V6,8,0.7,1,0,1,0,2
2;3;6;7;8;9;11,III;aVR;V1;V2;V3;V4;V6,8,0.8,1,0,1,0,2
2;3;6;7;8;9;11,III;aVR;V1;V2;V3;V4;V6,8,0.9,1,0,0,0,1
2;3;6;7;8;10,III;aVR;V1;V2;V3;V5,7,0.5,1,1,1,0,3
2;3;6;7;8;10,III;aVR;V1;V2;V3;V5,7,0.6,1,0,1,0,2
2;3;6;7;8;10,III;aVR;V1;V2;V3;V5,7,0.7,1,0,1,0,2
2;3;6;7;8;10,III;aVR;V1;V2;V3;V5,7,0.8,1,0,1,0,2
2;3;6;7;8;10,III;aVR;V1;V2;V3;V5,7,0.9,1,0,0,0,1
2;3;6;7;8;10;11,III;aVR;V1;V2;V3;V5;V6,8,0.5,1,1,1,0,3
2;3;6;7;8;10;11,III;aVR;V1;V2;V3;V5;V6,8,0.6,1,0,1,0,2
2;3;6;7;8;10;11,III;aVR;V1;V2;V3;V5;V6,8,0.7,1,0,1,0,2
2;3;6;7;8;10;11,III;aVR;V1;V2;V3;V5;V6,8,0.8,1,0,1,0,2
2;3;6;7;8;10;11,III;aVR;V1;V2;V3;V5;V6,8,0.9,1,0,0,0,1
2;3;6;7;8;11,III;aVR;V1;V2;V3;V6,7,0.5,1,1,1,0,3
2;3;6;7;8;11,III;aVR;V1;V2;V3;V6,7,0.6,1,0,1,0,2
2;3;6;7;8;11,III;aVR;V1;V2;V3;V6,7,0.7,1,0,1,0,2
2;3;6;7;8;11,III;aVR;V1;V2;V3;V6,7,0.8,1,0,1,0,2
2;3;6;7;8;11,III;aVR;V1;V2;V3;V6,7,0.9,1,0,0,0,1
2;3;6;7;9,III;aVR;V1;V2;V4,6,0.5,1,1,1,0,3
2;3;6;7;9,III;aVR;V1;V2;V4,6,0.6,1,1,1,0,3
2;3;6;7;9,III;aVR;V1;V2;V4,6,0.7,1,0,1,0,2
2;3;6;7;9,III;aVR;V1;V2;V4,6,0.8,1,0,1,0,2
2;3;6;7;9,III;aVR;V1;V2;V4,6,0.9,1,0,0,0,1
2;3;6;7;9;10,III;aVR;V1;V2;V4;V5,7,0.5,1,1,1,0,3
2;3;6;7;9;10,III;aVR;V1;V2;V4;V5,7,0.6,1,0,1,0,2
2;3;6;7;9;10,III;aVR;V1;V2;V4;V5,7,0.7,1,0,1,0,2
2;3;6;7;9;10,III;aVR;V1;V2;V4;V5,7,0.8,1,0,1,0,2
2;3;6;7;9;10,III;aVR;V1;V2;V4;V5,7,0.9,1,0,0,0,1
2;3;6;7;9;10;11,III;aVR;V1;V2;V4;V5;V6,8,0.5,1,1,1,0,3
2;3;6;7;9;10;11,III;aVR;V1;V2;V4;V5;V6,8,0.6,1,0,1,0,2
2;3;6;7;9;10;11,III;aVR;V1;V2;V4;V5;V6,8,0.7,1,0,1,0,2
2;3;6;7;9;10;11,III;aVR;V1;V2;V4;V5;V6,8,0.8,1,0,1,0,2
2;3;6;7;9;10;11,III;aVR;V1;V2;V4;V5;V6,8,0.9,1,0,0,0,1
2;3;6;7;9;11,III;aVR;V1;V2;V4;V6,7,0.5,1,1,1,0,3
2;3;6;7;9;11,III;aVR;V1;V2;V4;V6,7,0.6,1,0,1,0,2
2;3;6;7;9;11,III;aVR;V1;V2;V4;V6,7,0.7,1,0,1,0,2
2;3;6;7;9;11,III;aVR;V1;V2;V4;V6,7,0.8,1,0,1,0,2
2;3;6;7;9;11,III;aVR;V1;V2;V4;V6,7,0.9,1,0,0,0,1
2;3;6;7;10,III;aVR;V1;V2;V5,6,0.5,1,1,1,0,3
2;3;6;7;10,III;aVR;V1;V2;V5,6,0.6,1,0,1,0,2
2;3;6;7;10,III;aVR;V1;V2;V5,6,0.7,1,0,1,0,2
2;3;6;7;10,III;aVR;V1;V2;V5,6,0.8,1,0,1,0,2
2;3;6;7;10,III;aVR;V1;V2;V5,6,0.9,1,0,0,0,1
2;3;6;7;10;11,III;aVR;V1;V2;V5;V6,7,0.5,1,1,1,0,3
2;3;6;7;10;11,III;aVR;V1;V2;V5;V6,7,0.6,1,0,1,0,2
2;3;6;7;10;11,III;aVR;V1;V2;V5;V6,7,0.7,1,0,1,0,2
2;3;6;7;10;11,III;aVR;V1;V2;V5;V6,7,0.8,1,0,1,0,2
2;3;6;7;10;11,III;aVR;V1;V2;V5;V6,7,0.9,1,0,0,0,1
2;3;6;7;11,III;aVR;V1;V2;V6,6,0.5,1,1,1,0,3
2;3;6;7;11,III;aVR;V1;V2;V6,6,0.6,1,0,1,0,2
2;3;6;7;11,III;aVR;V1;V2;V6,6,0.7,1,0,1,0,2
2;3;6;7;11,III;aVR;V1;V2;V6,6,0.8,1,0,1,0,2
2;3;6;7;11,III;aVR;V1;V2;V6,6,0.9,1,0,0,0,1
2;3;6;8,III;aVR;V1;V3,5,0.5,1,1,1,0,3
2;3;6;8,III;aVR;V1;V3,5,0.6,1,0,1,0,2
2;3;6;8,III;aVR;V1;V3,5,0.7,1,0,1,0,2
2;3;6;8,III;aVR;V1;V3,5,0.8,1,0,1,0,2
2;3;6;8,III;aVR;V1;V3,5,0.9,1,0,0,0,1
2;3;6;8;9,III;aVR;V1;V3;V4,6,0.5,1,1,1,0,3
2;3;6;8;9,III;aVR;V1;V3;V4,6,0.6,1,0,1,0,2
2;3;6;8;9,III;aVR;V1;V3;V4,6,0.7,1,0,1,0,2
2;3;6;8;9,III;aVR;V1;V3;V4,6,0.8,1,0,1,0,2
2;3;6;8;9,III;aVR;V1;V3;V4,6,0.9,1,0,0,0,1
2;3;6;8;9;10,III;aVR;V1;V3;V4;V5,7,0.5,1,1,1,0,3
2;3;6;8;9;10,III;aVR;V1;V3;V4;V5,7,0.6,1,0,1,0,2
2;3;6;8;9;10,III;aVR;V1;V3;V4;V5,7,0.7,1,0,1,0,2
2;3;6;8;9;10,III;aVR;V1;V3;V4;V5,7,0.8,1,0,1,0,2
2;3;6;8;9;10,III;aVR;V1;V3;V4;V5,7,0.9,1,0,0,0,1
2;3;6;8;9;10;11,III;aVR;V1;V3;V4;V5;V6,8,0.5,1,1,1,0,3
2;3;6;8;9;10;11,III;aVR;V1;V3;V4;V5;V6,8,0.6,1,0,1,0,2
2;3;6;8;9;10;11,III;aVR;V1;V3;V4;V5;V6,8,0.7,1,0,1,0,2
2;3;6;8;9;10;11,III;aVR;V1;V3;V4;V5;V6,8,0.8,1,0,1,0,2
2;3;6;8;9;10;11,III;aVR;V1;V3;V4;V5;V6,8,0.9,1,0,0,0,1
2;3;6;8;9;11,III;aVR;V1;V3;V4;V6,7,0.5,1,1,1,0,3
2;3;6;8;9;11,III;aVR;V1;V3;V4;V6,7,0.6,1,0,1,0,2
2;3;6;8;9;11,III;aVR;V1;V3;V4;V6,7,0.7,1,0,1,0,2
2;3;6;8;9;11,III;aVR;V1;V3;V4;V6,7,0.8,1,0,1,0,2
2;3;6;8;9;11,III;aVR;V1;V3;V4;V6,7,0.9,1,0,0,0,1
2;3;6;8;10,III;aVR;V1;V3;V5,6,0.5,1,1,1,0,3
2;3;6;8;10,III;aVR;V1;V3;V5,6,0.6,1,0,1,0,2
2;3;6;8;10,III;aVR;V1;V3;V5,6,0.7,1,0,1,0,2
2;3;6;8;10,III;aVR;V1;V3;V5,6,0.8,1,0,1,0,2
2;3;6;8;10,III;aVR;V1;V3;V5,6,0.9,1,0,0,0,1
2;3;6;8;10;11,III;aVR;V1;V3;V5;V6,7,0.5,1,1,1,0,3
2;3;6;8;10;11,III;aVR;V1;V3;V5;V6,7,0.6,1,0,1,0,2
2;3;6;8;10;11,III;aVR;V1;V3;V5;V6,7,0.7,1,0,1,0,2
2;3;6;8;10;11,III;aVR;V1;V3;V5;V6,7,0.8,1,0,1,0,2
2;3;6;8;10;11,III;aVR;V1;V3;V5;V6,7,0.9,1,0,0,0,1
2;3;6;8;11,III;aVR;V1;V3;V6,6,0.5,1,1,1,0,3
2;3;6;8;11,III;aVR;V1;V3;V6,6,0.6,1,0,1,0,2
2;3;6;8;11,III;aVR;V1;V3;V6,6,0.7,1,0,1,0,2
2;3;6;8;11,III;aVR;V1;V3;V6,6,0.8,1,0,1,0,2
2;3;6;8;11,III;aVR;V1;V3;V6,6,0.9,1,0,0,0,1
2;3;6;9,III;aVR;V1;V4,5,0.5,1,1,1,0,3
2;3;6;9,III;aVR;V1;V4,5,0.6,1,0,1,0,2
2;3;6;9,III;aVR;V1;V4,5,0.7,1,0,1,0,2
2;3;6;9,III;aVR;V1;V4,5,0.8,1,0,1,0,2
2;3;6;9,III;aVR;V1;V4,5,0.9,1,0,0,0,1
2;3;6;9;10,III;aVR;V1;V4;V5,6,0.5,1,1,1,0,3
2;3;6;9;10,III;aVR;V1;V4;V5,6,0.6,1,0,1,0,2
2;3;6;9;10,III;aVR;V1;V4;V5,6,0.7,1,0,1,0,2
2;3;6;9;10,III;aVR;V1;V4;V5,6,0.8,1,0,1,0,2
2;3;6;9;10,III;aVR;V1;V4;V5,6,0.9,1,0,0,0,1
2;3;6;9;10;11,III;aVR;V1;V4;V5;V6,7,0.5,1,1,1,0,3
2;3;6;9;10;11,III;aVR;V1;V4;V5;V6,7,0.6,1,0,1,0,2
2;3;6;9;10;11,III;aVR;V1;V4;V5;V6,7,0.7,1,0,1,0,2
2;3;6;9;10;11,III;aVR;V1;V4;V5;V6,7,0.8,1,0,1,0,2
2;3;6;9;10;11,III;aVR;V1;V4;V5;V6,7,0.9,1,0,0,0,1
2;3;6;9;11,III;aVR;V1;V4;V6,6,0.5,1,1,1,0,3
2;3;6;9;11,III;aVR;V1;V4;V6,6,0.6,1,0,1,0,2
2;3;6;9;11,III;aVR;V1;V4;V6,6,0.7,1,0,1,0,2
2;3;6;9;11,III;aVR;V1;V4;V6,6,0.8,1,0,1,0,2
2;3;6;9;11,III;aVR;V1;V4;V6,6,0.9,1,0,0,0,1
2;3;6;10,III;aVR;V1;V5,5,0.5,1,1,1,0,3
2;3;6;10,III;aVR;V1;V5,5,0.6,1,0,1,0,2
2;3;6;10,III;aVR;V1;V5,5,0.7,1,0,1,0,2
2;3;6;10,III;aVR;V1;V5,5,0.8,1,0,1,0,2
2;3;6;10,III;aVR;V1;V5,5,0.9,1,0,0,0,1
2;3;6;10;11,III;aVR;V1;V5;V6,6,0.5,1,1,1,0,3
2;3;6;10;11,III;aVR;V1;V5;V6,6,0.6,1,1,1,0,3
2;3;6;10;11,III;aVR;V1;V5;V6,6,0.7,1,0,1,0,2
2;3;6;10;11,III;aVR;V1;V5;V6,6,0.8,1,0,1,0,2
2;3;6;10;11,III;aVR;V1;V5;V6,6,0.9,1,0,0,0,1
2;3;6;11,III;aVR;V1;V6,5,0.5,1,1,1,0,3
2;3;6;11,III;aVR;V1;V6,5,0.6,1,1,1,0,3
2;3;6;11,III;aVR;V1;V6,5,0.7,1,0,1,0,2
2;3;6;11,III;aVR;V1;V6,5,0.8,1,0,1,0,2
2;3;6;11,III;aVR;V1;V6,5,0.9,1,0,0,0,1
2;3;7,III;aVR;V2,4,0.5,1,1,1,0,3
2;3;7,III;aVR;V2,4,0.6,1,0,1,0,2
2;3;7,III;aVR;V2,4,0.7,1,0,1,0,2
2;3;7,III;aVR;V2,4,0.8,1,0,1,0,2
2;3;7,III;aVR;V2,4,0.9,1,0,0,0,1
2;3;7;8,III;aVR;V2;V3,5,0.5,1,1,1,0,3
2;3;7;8,III;aVR;V2;V3,5,0.6,1,1,1,0,3
2;3;7;8,III;aVR;V2;V3,5,0.7,1,0,1,0,2
2;3;7;8,III;aVR;V2;V3,5,0.8,1,0,1,0,2
2;3;7;8,III;aVR;V2;V3,5,0.9,1,0,0,0,1
2;3;7;8;9,III;aVR;V2;V3;V4,6,0.5,1,1,1,0,3
2;3;7;8;9,III;aVR;V2;V3;V4,6,0.6,1,0,1,0,2
2;3;7;8;9,III;aVR;V2;V3;V4,6,0.7,1,0,1,0,2
2;3;7;8;9,III;aVR;V2;V3;V4,6,0.8,1,0,1,0,2
2;3;7;8;9,III;aVR;V2;V3;V4,6,0.9,1,0,0,0,1
2;3;7;8;9;10,III;aVR;V2;V3;V4;V5,7,0.5,1,1,1,0,3
2;3;7;8;9;10,III;aVR;V2;V3;V4;V5,7,0.6,1,1,1,0,3
2;3;7;8;9;10,III;aVR;V2;V3;V4;V5,7,0.7,1,0,1,0,2
2;3;7;8;9;10,III;aVR;V2;V3;V4;V5,7,0.8,1,0,0,0,1
2;3;7;8;9;10,III;aVR;V2;V3;V4;V5,7,0.9,1,0,0,0,1
2;3;7;8;9;10;11,III;aVR;V2;V3;V4;V5;V6,8,0.5,1,1,1,0,3
2;3;7;8;9;10;11,III;aVR;V2;V3;V4;V5;V6,8,0.6,1,0,1,0,2
2;3;7;8;9;10;11,III;aVR;V2;V3;V4;V5;V6,8,0.7,1,0,1,0,2
2;3;7;8;9;10;11,III;aVR;V2;V3;V4;V5;V6,8,0.8,1,0,0,0,1
2;3;7;8;9;10;11,III;aVR;V2;V3;V4;V5;V6,8,0.9,1,0,0,0,1
2;3;7;8;9;11,III;aVR;V2;V3;V4;V6,7,0.5,1,1,1,0,3
2;3;7;8;9;11,III;aVR;V2;V3;V4;V6,7,0.6,1,0,1,0,2
2;3;7;8;9;11,III;aVR;V2;V3;V4;V6,7,0.7,1,0,1,0,2
2;3;7;8;9;11,III;aVR;V2;V3;V4;V6,7,0.8,1,0,0,0,1
2;3;7;8;9;11,III;aVR;V2;V3;V4;V6,7,0.9,1,0,0,0,1
2;3;7;8;10,III;aVR;V2;V3;V5,6,0.5,1,1,1,0,3
2;3;7;8;10,III;aVR;V2;V3;V5,6,0.6,1,0,1,0,2
2;3;7;8;10,III;aVR;V2;V3;V5,6,0.7,1,0,1,0,2
2;3;7;8;10,III;aVR;V2;V3;V5,6,0.8,1,0,0,0,1
2;3;7;8;10,III;aVR;V2;V3;V5,6,0.9,1,0,0,0,1
2;3;7;8;10;11,III;aVR;V2;V3;V5;V6,7,0.5,1,1,1,0,3
2;3;7;8;10;11,III;aVR;V2;V3;V5;V6,7,0.6,1,0,1,0,2
2;3;7;8;10;11,III;aVR;V2;V3;V5;V6,7,0.7,1,0,1,0,2
2;3;7;8;10;11,III;aVR;V2;V3;V5;V6,7,0.8,1,0,0,0,1
2;3;7;8;10;11,III;aVR;V2;V3;V5;V6,7,0.9,1,0,0,0,1
2;3;7;8;11,III;aVR;V2;V3;V6,6,0.5,1,1,1,0,3
2;3;7;8;11,III;aVR;V2;V3;V6,6,0.6,1,0,1,0,2
2;3;7;8;11,III;aVR;V2;V3;V6,6,0.7,1,0,1,0,2
2;3;7;8;11,III;aVR;V2;V3;V6,6,0.8,1,0,0,0,1
2;3;7;8;11,III;aVR;V2;V3;V6,6,0.9,1,0,0,0,1
2;3;7;9,III;aVR;V2;V4,5,0.5,1,1,1,0,3
2;3;7;9,III;aVR;V2;V4,5,0.6,1,1,1,0,3
2;3;7;9,III;aVR;V2;V4,5,0.7,1,0,1,0,2
2;3;7;9,III;aVR;V2;V4,5,0.8,1,0,1,0,2
2;3;7;9,III;aVR;V2;V4,5,0.9,1,0,0,0,1
2;3;7;9;10,III;aVR;V2;V4;V5,6,0.5,1,1,1,0,3
2;3;7;9;10,III;aVR;V2;V4;V5,6,0.6,1,1,1,0,3
2;3;7;9;10,III;aVR;V2;V4;V5,6,0.7,1,0,1,0,2
2;3;7;9;10,III;aVR;V2;V4;V5,6,0.8,1,0,1,0,2
2;3;7;9;10,III;aVR;V2;V4;V5,6,0.9,1,0,0,0,1
2;3;7;9;10;11,III;aVR;V2;V4;V5;V6,7,0.5,1,1,1,0,3
2;3;7;9;10;11,III;aVR;V2;V4;V5;V6,7,0.6,1,0,1,0,2
2;3;7;9;10;11,III;aVR;V2;V4;V5;V6,7,0.7,1,0,1,0,2
2;3;7;9;10;11,III;aVR;V2;V4;V5;V6,7,0.8,1,0,0,0,1
2;3;7;9;10;11,III;aVR;V2;V4;V5;V6,7,0.9,1,0,0,0,1
2;3;7;9;11,III;aVR;V2;V4;V6,6,0.5,1,1,1,0,3
2;3;7;9;11,III;aVR;V2;V4;V6,6,0.6,1,1,1,0,3
2;3;7;9;11,III;aVR;V2;V4;V6,6,0.7,1,0,1,0,2
2;3;7;9;11,III;aVR;V2;V4;V6,6,0.8,1,0,0,0,1
2;3;7;9;11,III;aVR;V2;V4;V6,6,0.9,1,0,0,0,1
2;3;7;10,III;aVR;V2;V5,5,0.5,1,1,1,0,3
2;3;7;10,III;aVR;V2;V5,5,0.6,1,1,1,0,3
2;3;7;10,III;aVR;V2;V5,5,0.7,1,0,1,0,2
2;3;7;10,III;aVR;V2;V5,5,0.8,1,0,0,0,1
2;3;7;10,III;aVR;V2;V5,5,0.9,1,0,0,0,1
2;3;7;10;11,III;aVR;V2;V5;V6,6,0.5,1,1,1,0,3
2;3;7;10;11,III;aVR;V2;V5;V6,6,0.6,1,1,1,0,3
2;3;7;10;11,III;aVR;V2;V5;V6,6,0.7,1,0,1,0,2
2;3;7;10;11,III;aVR;V2;V5;V6,6,0.8,1,0,0,0,1
2;3;7;10;11,III;aVR;V2;V5;V6,6,0.9,1,0,0,0,1
2;3;7;11,III;aVR;V2;V6,5,0.5,1,1,1,0,3
2;3;7;11,III;aVR;V2;V6,5,0.6,1,1,1,0,3
2;3;7;11,III;aVR;V2;V6,5,0.7,1,0,1,0,2
2;3;7;11,III;aVR;V2;V6,5,0.8,1,0,0,0,1
2;3;7;11,III;aVR;V2;V6,5,0.9,1,0,0,0,1
2;3;8,III;aVR;V3,4,0.5,1,1,1,0,3
2;3;8,III;aVR;V3,4,0.6,1,0,1,0,2
2;3;8,III;aVR;V3,4,0.7,1,0,1,0,2
2;3;8,III;aVR;V3,4,0.8,1,0,0,0,1
2;3;8,III;aVR;V3,4,0.9,1,0,0,0,1
2;3;8;9,III;aVR;V3;V4,5,0.5,1,1,1,0,3
2;3;8;9,III;aVR;V3;V4,5,0.6,1,1,1,0,3
2;3;8;9,III;aVR;V3;V4,5,0.7,1,0,1,0,2
2;3;8;9,III;aVR;V3;V4,5,0.8,1,0,1,0,2
2;3;8;9,III;aVR;V3;V4,5,0.9,1,0,0,0,1
2;3;8;9;10,III;aVR;V3;V4;V5,6,0.5,1,1,1,0,3
2;3;8;9;10,III;aVR;V3;V4;V5,6,0.6,1,0,1,0,2
2;3;8;9;10,III;aVR;V3;V4;V5,6,0.7,1,0,1,0,2
2;3;8;9;10,III;aVR;V3;V4;V5,6,0.8,1,0,0,0,1
2;3;8;9;10,III;aVR;V3;V4;V5,6,0.9,1,0,0,0,1
2;3;8;9;10;11,III;aVR;V3;V4;V5;V6,7,0.5,1,1,1,0,3
2;3;8;9;10;11,III;aVR;V3;V4;V5;V6,7,0.6,1,0,1,0,2
2;3;8;9;10;11,III;aVR;V3;V4;V5;V6,7,0.7,1,0,1,0,2
2;3;8;9;10;11,III;aVR;V3;V4;V5;V6,7,0.8,1,0,0,0,1
2;3;8;9;10;11,III;aVR;V3;V4;V5;V6,7,0.9,1,0,0,0,1
2;3;8;9;11,III;aVR;V3;V4;V6,6,0.5,1,1,1,0,3
2;3;8;9;11,III;aVR;V3;V4;V6,6,0.6,1,0,1,0,2
2;3;8;9;11,III;aVR;V3;V4;V6,6,0.7,1,0,1,0,2
2;3;8;9;11,III;aVR;V3;V4;V6,6,0.8,1,0,0,0,1
2;3;8;9;11,III;aVR;V3;V4;V6,6,0.9,1,0,0,0,1
2;3;8;10,III;aVR;V3;V5,5,0.5,1,1,1,0,3
2;3;8;10,III;aVR;V3;V5,5,0.6,1,0,1,0,2
2;3;8;10,III;aVR;V3;V5,5,0.7,1,0,1,0,2
2;3;8;10,III;aVR;V3;V5,5,0.8,1,0,0,0,1
2;3;8;10,III;aVR;V3;V5,5,0.9,1,0,0,0,1
2;3;8;10;11,III;aVR;V3;V5;V6,6,0.5,1,1,1,0,3
2;3;8;10;11,III;aVR;V3;V5;V6,6,0.6,1,0,1,0,2
2;3;8;10;11,III;aVR;V3;V5;V6,6,0.7,1,0,1,0,2
2;3;8;10;11,III;aVR;V3;V5;V6,6,0.8,1,0,0,0,1
2;3;8;10;11,III;aVR;V3;V5;V6,6,0.9,1,0,0,0,1
2;3;8;11,III;aVR;V3;V6,5,0.5,1,1,1,0,3
2;3;8;11,III;aVR;V3;V6,5,0.6,1,0,1,0,2
2;3;8;11,III;aVR;V3;V6,5,0.7,1,0,1,0,2
2;3;8;11,III;aVR;V3;V6,5,0.8,1,0,0,0,1
2;3;8;11,III;aVR;V3;V6,5,0.9,1,0,0,0,1
2;3;9,III;aVR;V4,4,0.5,1,1,1,0,3
2;3;9,III;aVR;V4,4,0.6,1,0,1,0,2
2;3;9,III;aVR;V4,4,0.7,1,0,1,0,2
2;3;9,III;aVR;V4,4,0.8,1,0,1,0,2
2;3;9,III;aVR;V4,4,0.9,1,0,0,0,1
2;3;9;10,III;aVR;V4;V5,5,0.5,1,1,1,0,3
2;3;9;10,III;aVR;V4;V5,5,0.6,1,0,1,0,2
2;3;9;10,III;aVR;V4;V5,5,0.7,1,0,1,0,2
2;3;9;10,III;aVR;V4;V5,5,0.8,1,0,0,0,1
2;3;9;10,III;aVR;V4;V5,5,0.9,1,0,0,0,1
2;3;9;10;11,III;aVR;V4;V5;V6,6,0.5,1,1,1,0,3
2;3;9;10;11,III;aVR;V4;V5;V6,6,0.6,1,0,1,0,2
2;3;9;10;11,III;aVR;V4;V5;V6,6,0.7,1,0,1,0,2
2;3;9;10;11,III;aVR;V4;V5;V6,6,0.8,1,0,0,0,1
2;3;9;10;11,III;aVR;V4;V5;V6,6,0.9,1,0,0,0,1
2;3;9;11,III;aVR;V4;V6,5,0.5,1,1,1,0,3
2;3;9;11,III;aVR;V4;V6,5,0.6,1,0,1,0,2
2;3;9;11,III;aVR;V4;V6,5,0.7,1,0,1,0,2
2;3;9;11,III;aVR;V4;V6,5,0.8,1,0,0,0,1
2;3;9;11,III;aVR;V4;V6,5,0.9,1,0,0,0,1
2;3;10,III;aVR;V5,4,0.5,1,1,1,0,3
2;3;10,III;aVR;V5,4,0.6,1,0,1,0,2
2;3;10,III;aVR;V5,4,0.7,1,0,1,0,2
2;3;10,III;aVR;V5,4,0.8,1,0,0,0,1
2;3;10,III;aVR;V5,4,0.9,1,0,0,0,1
2;3;10;11,III;aVR;V5;V6,5,0.5,1,1,1,0,3
2;3;10;11,III;aVR;V5;V6,5,0.6,1,0,1,0,2
2;3;10;11,III;aVR;V5;V6,5,0.7,1,0,1,0,2
2;3;10;11,III;aVR;V5;V6,5,0.8,1,0,0,0,1
2;3;10;11,III;aVR;V5;V6,5,0.9,1,0,0,0,1
2;3;11,III;aVR;V6,4,0.5,1,1,1,0,3
2;3;11,III;aVR;V6,4,0.6,1,0,1,0,2
2;3;11,III;aVR;V6,4,0.7,1,0,1,0,2
2;3;11,III;aVR;V6,4,0.8,1,0,0,0,1
2;3;11,III;aVR;V6,4,0.9,1,0,0,0,1
2;4,III;aVL,3,0.5,1,1,1,0,3
2;4,III;aVL,3,0.6,1,0,1,0,2
2;4,III;aVL,3,0.7,1,0,1,0,2
2;4,III;aVL,3,0.8,1,0,1,0,2
2;4,III;aVL,3,0.9,1,0,0,0,1
2;4;5,III;aVL;aVF,3,0.5,1,1,1,0,3
2;4;5,III;aVL;aVF,3,0.6,1,0,1,0,2
2;4;5,III;aVL;aVF,3,0.7,1,0,1,0,2
2;4;5,III;aVL;aVF,3,0.8,1,0,1,0,2
2;4;5,III;aVL;aVF,3,0.9,1,0,0,0,1
2;4;5;6,III;aVL;aVF;V1,4,0.5,1,1,1,0,3
2;4;5;6,III;aVL;aVF;V1,4,0.6,1,0,1,0,2
2;4;5;6,III;aVL;aVF;V1,4,0.7,1,0,1,0,2
2;4;5;6,III;aVL;aVF;V1,4,0.8,1,0,1,0,2
2;4;5;6,III;aVL;aVF;V1,4,0.9,1,0,0,0,1
2;4;5;6;7,III;aVL;aVF;V1;V2,5,0.5,1,1,1,0,3
2;4;5;6;7,III;aVL;aVF;V1;V2,5,0.6,1,1,1,0,3
2;4;5;6;7,III;aVL;aVF;V1;V2,5,0.7,1,0,1,0,2
2;4;5;6;7,III;aVL;aVF;V1;V2,5,0.8,1,0,1,0,2
2;4;5;6;7,III;aVL;aVF;V1;V2,5,0.9,1,0,0,0,1
2;4;5;6;7;8,III;aVL;aVF;V1;V2;V3,6,0.5,1,1,1,0,3
2;4;5;6;7;8,III;aVL;aVF;V1;V2;V3,6,0.6,1,0,1,0,2
2;4;5;6;7;8,III;aVL;aVF;V1;V2;V3,6,0.7,1,0,1,0,2
2;4;5;6;7;8,III;aVL;aVF;V1;V2;V3,6,0.8,1,0,1,0,2
2;4;5;6;7;8,III;aVL;aVF;V1;V2;V3,6,0.9,1,0,0,0,1
2;4;5;6;7;8;9,III;aVL;aVF;V1;V2;V3;V4,7,0.5,1,1,1,0,3
2;4;5;6;7;8;9,III;aVL;aVF;V1;V2;V3;V4,7,0.6,1,0,1,0,2
2;4;5;6;7;8;9,III;aVL;aVF;V1;V2;V3;V4,7,0.7,1,0,1,0,2
2;4;5;6;7;8;9,III;aVL;aVF;V1;V2;V3;V4,7,0.8,1,0,1,0,2
2;4;5;6;7;8;9,III;aVL;aVF;V1;V2;V3;V4,7,0.9,1,0,0,0,1
2;4;5;6;7;8;9;10,III;aVL;aVF;V1;V2;V3;V4;V5,8,0.5,1,1,1,0,3
2;4;5;6;7;8;9;10,III;aVL;aVF;V1;V2;V3;V4;V5,8,0.6,1,0,1,0,2
2;4;5;6;7;8;9;10,III;aVL;aVF;V1;V2;V3;V4;V5,8,0.7,1,0,1,0,2
2;4;5;6;7;8;9;10,III;aVL;aVF;V1;V2;V3;V4;V5,8,0.8,1,0,1,0,2
2;4;5;6;7;8;9;10,III;aVL;aVF;V1;V2;V3;V4;V5,8,0.9,1,0,0,0,1
2;4;5;6;7;8;9;10;11,III;aVL;aVF;V1;V2;V3;V4;V5;V6,9,0.5,1,1,1,0,3
2;4;5;6;7;8;9;10;11,III;aVL;aVF;V1;V2;V3;V4;V5;V6,9,0.6,1,0,1,0,2
2;4;5;6;7;8;9;10;11,III;aVL;aVF;V1;V2;V3;V4;V5;V6,9,0.7,1,0,1,0,2
2;4;5;6;7;8;9;10;11,III;aVL;aVF;V1;V2;V3;V4;V5;V6,9,0.8,1,0,1,0,2
2;4;5;6;7;8;9;10;11,III;aVL;aVF;V1;V2;V3;V4;V5;V6,9,0.9,1,0,0,0,1
2;4;5;6;7;8;9;11,III;aVL;aVF;V1;V2;V3;V4;V6,8,0.5,1,1,1,0,3
2;4;5;6;7;8;9;11,III;aVL;aVF;V1;V2;V3;V4;V6,8,0.6,1,0,1,0,2
2;4;5;6;7;8;9;11,III;aVL;aVF;V1;V2;V3;V4;V6,8,0.7,1,0,1,0,2
2;4;5;6;7;8;9;11,III;aVL;aVF;V1;V2;V3;V4;V6,8,0.8,1,0,1,0,2
2;4;5;6;7;8;9;11,III;aVL;aVF;V1;V2;V3;V4;V6,8,0.9,1,0,0,0,1
2;4;5;6;7;8;10,III;aVL;aVF;V1;V2;V3;V5,7,0.5,1,1,1,0,3
2;4;5;6;7;8;10,III;aVL;aVF;V1;V2;V3;V5,7,0.6,1,0,1,0,2
2;4;5;6;7;8;10,III;aVL;aVF;V1;V2;V3;V5,7,0.7,1,0,1,0,2
2;4;5;6;7;8;10,III;aVL;aVF;V1;V2;V3;V5,7,0.8,1,0,1,0,2
2;4;5;6;7;8;10,III;aVL;aVF;V1;V2;V3;V5,7,0.9,1,0,0,0,1
2;4;5;6;7;8;10;11,III;aVL;aVF;V1;V2;V3;V5;V6,8,0.5,1,1,1,0,3
2;4;5;6;7;8;10;11,III;aVL;aVF;V1;V2;V3;V5;V6,8,0.6,1,0,1,0,2
2;4;5;6;7;8;10;11,III;aVL;aVF;V1;V2;V3;V5;V6,8,0.7,1,0,1,0,2
2;4;5;6;7;8;10;11,III;aVL;aVF;V1;V2;V3;V5;V6,8,0.8,1,0,1,0,2
2;4;5;6;7;8;10;11,III;aVL;aVF;V1;V2;V3;V5;V6,8,0.9,1,0,0,0,1
2;4;5;6;7;8;11,III;aVL;aVF;V1;V2;V3;V6,7,0.5,1,1,1,0,3
2;4;5;6;7;8;11,III;aVL;aVF;V1;V2;V3;V6,7,0.6,1,0,1,0,2
2;4;5;6;7;8;11,III;aVL;aVF;V1;V2;V3;V6,7,0.7,1,0,1,0,2
2;4;5;6;7;8;11,III;aVL;aVF;V1;V2;V3;V6,7,0.8,1,0,1,0,2
2;4;5;6;7;8;11,III;aVL;aVF;V1;V2;V3;V6,7,0.9,1,0,0,0,1
2;4;5;6;7;9,III;aVL;aVF;V1;V2;V4,6,0.5,1,1,1,0,3
2;4;5;6;7;9,III;aVL;aVF;V1;V2;V4,6,0.6,1,0,1,0,2
2;4;5;6;7;9,III;aVL;aVF;V1;V2;V4,6,0.7,1,0,1,0,2
2;4;5;6;7;9,III;aVL;aVF;V1;V2;V4,6,0.8,1,0,1,0,2
2;4;5;6;7;9,III;aVL;aVF;V1;V2;V4,6,0.9,1,0,0,0,1
2;4;5;6;7;9;10,III;aVL;aVF;V1;V2;V4;V5,7,0.5,1,1,1,0,3
2;4;5;6;7;9;10,III;aVL;aVF;V1;V2;V4;V5,7,0.6,1,0,1,0,2
2;4;5;6;7;9;10,III;aVL;aVF;V1;V2;V4;V5,7,0.7,1,0,1,0,2
2;4;5;6;7;9;10,III;aVL;aVF;V1;V2;V4;V5,7,0.8,1,0,1,0,2
2;4;5;6;7;9;10,III;aVL;aVF;V1;V2;V4;V5,7,0.9,1,0,0,0,1
2;4;5;6;7;9;10;11,III;aVL;aVF;V1;V2;V4;V5;V6,8,0.5,1,1,1,0,3
2;4;5;6;7;9;10;11,III;aVL;aVF;V1;V2;V4;V5;V6,8,0.6,1,0,1,0,2
2;4;5;6;7;9;10;11,III;aVL;aVF;V1;V2;V4;V5;V6,8,0.7,1,0,1,0,2
2;4;5;6;7;9;10;11,III;aVL;aVF;V1;V2;V4;V5;V6,8,0.8,1,0,1,0,2
2;4;5;6;7;9;10;11,III;aVL;aVF;V1;V2;V4;V5;V6,8,0.9,1,0,0,0,1
2;4;5;6;7;9;11,III;aVL;aVF;V1;V2;V4;V6,7,0.5,1,1,1,0,3
2;4;5;6;7;9;11,III;aVL;aVF;V1;V2;V4;V6,7,0.6,1,0,1,0,2
2;4;5;6;7;9;11,III;aVL;aVF;V1;V2;V4;V6,7,0.7,1,0,1,0,2
2;4;5;6;7;9;11,III;aVL;aVF;V1;V2;V4;V6,7,0.8,1,0,1,0,2
2;4;5;6;7;9;11,III;aVL;aVF;V1;V2;V4;V6,7,0.9,1,0,0,0,1
2;4;5;6;7;10,III;aVL;aVF;V1;V2;V5,6,0.5,1,1,1,0,3
2;4;5;6;7;10,III;aVL;aVF;V1;V2;V5,6,0.6,1,0,1,0,2
2;4;5;6;7;10,III;aVL;aVF;V1;V2;V5,6,0.7,1,0,1,0,2
2;4;5;6;7;10,III;aVL;aVF;V1;V2;V5,6,0.8,1,0,1,0,2
2;4;5;6;7;10,III;aVL;aVF;V1;V2;V5,6,0.9,1,0,0,0,1
2;4;5;6;7;10;11,III;aVL;aVF;V1;V2;V5;V6,7,0.5,1,1,1,0,3
2;4;5;6;7;10;11,III;aVL;aVF;V1;V2;V5;V6,7,0.6,1,0,1,0,2
2;4;5;6;7;10;11,III;aVL;aVF;V1;V2;V5;V6,7,0.7,1,0,1,0,2
2;4;5;6;7;10;11,III;aVL;aVF;V1;V2;V5;V6,7,0.8,1,0,1,0,2
2;4;5;6;7;10;11,III;aVL;aVF;V1;V2;V5;V6,7,0.9,1,0,0,0,1
2;4;5;6;7;11,III;aVL;aVF;V1;V2;V6,6,0.5,1,1,1,0,3
2;4;5;6;7;11,III;aVL;aVF;V1;V2;V6,6,0.6,1,0,1,0,2
2;4;5;6;7;11,III;aVL;aVF;V1;V2;V6,6,0.7,1,0,1,0,2
2;4;5;6;7;11,III;aVL;aVF;V1;V2;V6,6,0.8,1,0,1,0,2
2;4;5;6;7;11,III;aVL;aVF;V1;V2;V6,6,0.9,1,0,0,0,1
2;4;5;6;8,III;aVL;aVF;V1;V3,5,0.5,1,1,1,0,3
2;4;5;6;8,III;aVL;aVF;V1;V3,5,0.6,1,0,1,0,2
2;4;5;6;8,III;aVL;aVF;V1;V3,5,0.7,1,0,1,0,2
2;4;5;6;8,III;aVL;aVF;V1;V3,5,0.8,1,0,1,0,2
2;4;5;6;8,III;aVL;aVF;V1;V3,5,0.9,1,0,0,0,1
2;4;5;6;8;9,III;aVL;aVF;V1;V3;V4,6,0.5,1,1,1,0,3
2;4;5;6;8;9,III;aVL;aVF;V1;V3;V4,6,0.6,1,0,1,0,2
2;4;5;6;8;9,III;aVL;aVF;V1;V3;V4,6,0.7,1,0,1,0,2
2;4;5;6;8;9,III;aVL;aVF;V1;V3;V4,6,0.8,1,0,1,0,2
2;4;5;6;8;9,III;aVL;aVF;V1;V3;V4,6,0.9,1,0,0,0,1
2;4;5;6;8;9;10,III;aVL;aVF;V1;V3;V4;V5,7,0.5,1,1,1,0,3
2;4;5;6;8;9;10,III;aVL;aVF;V1;V3;V4;V5,7,0.6,1,0,1,0,2
2;4;5;6;8;9;10,III;aVL;aVF;V1;V3;V4;V5,7,0.7,1,0,1,0,2
2;4;5;6;8;9;10,III;aVL;aVF;V1;V3;V4;V5,7,0.8,1,0,1,0,2
2;4;5;6;8;9;10,III;aVL;aVF;V1;V3;V4;V5,7,0.9,1,0,0,0,1
2;4;5;6;8;9;10;11,III;aVL;aVF;V1;V3;V4;V5;V6,8,0.5,1,1,1,0,3
2;4;5;6;8;9;10;11,III;aVL;aVF;V1;V3;V4;V5;V6,8,0.6,1,0,1,0,2
2;4;5;6;8;9;10;11,III;aVL;aVF;V1;V3;V4;V5;V6,8,0.7,1,0,1,0,2
2;4;5;6;8;9;10;11,III;aVL;aVF;V1;V3;V4;V5;V6,8,0.8,1,0,1,0,2
2;4;5;6;8;9;10;11,III;aVL;aVF;V1;V3;V4;V5;V6,8,0.9,1,0,0,0,1
2;4;5;6;8;9;11,III;aVL;aVF;V1;V3;V4;V6,7,0.5,1,1,1,0,3
2;4;5;6;8;9;11,III;aVL;aVF;V1;V3;V4;V6,7,0.6,1,0,1,0,2
2;4;5;6;8;9;11,III;aVL;aVF;V1;V3;V4;V6,7,0.7,1,0,1,0,2
2;4;5;6;8;9;11,III;aVL;aVF;V1;V3;V4;V6,7,0.8,1,0,1,0,2
2;4;5;6;8;9;11,III;aVL;aVF;V1;V3;V4;V6,7,0.9,1,0,0,0,1
2;4;5;6;8;10,III;aVL;aVF;V1;V3;V5,6,0.5,1,1,1,0,3
2;4;5;6;8;10,III;aVL;aVF;V1;V3;V5,6,0.6,1,0,1,0,2
2;4;5;6;8;10,III;aVL;aVF;V1;V3;V5,6,0.7,1,0,1,0,2
2;4;5;6;8;10,III;aVL;aVF;V1;V3;V5,6,0.8,1,0,1,0,2
2;4;5;6;8;10,III;aVL;aVF;V1;V3;V5,6,0.9,1,0,0,0,1
2;4;5;6;8;10;11,III;aVL;aVF;V1;V3;V5;V6,7,0.5,1,1,1,0,3
2;4;5;6;8;10;11,III;aVL;aVF;V1;V3;V5;V6,7,0.6,1,0,1,0,2
2;4;5;6;8;10;11,III;aVL;aVF;V1;V3;V5;V6,7,0.7,1,0,1,0,2
2;4;5;6;8;10;11,III;aVL;aVF;V1;V3;V5;V6,7,0.8,1,0,1,0,2
2;4;5;6;8;10;11,III;aVL;aVF;V1;V3;V5;V6,7,0.9,1,0,0,0,1
2;4;5;6;8;11,III;aVL;aVF;V1;V3;V6,6,0.5,1,1,1,0,3
2;4;5;6;8;11,III;aVL;aVF;V1;V3;V6,6,0.6,1,0,1,0,2
2;4;5;6;8;11,III;aVL;aVF;V1;V3;V6,6,0.7,1,0,1,0,2
2;4;5;6;8;11,III;aVL;aVF;V1;V3;V6,6,0.8,1,0,1,0,2
2;4;5;6;8;11,III;aVL;aVF;V1;V3;V6,6,0.9,1,0,0,0,1
2;4;5;6;9,III;aVL;aVF;V1;V4,5,0.5,1,1,1,0,3
2;4;5;6;9,III;aVL;aVF;V1;V4,5,0.6,1,0,1,0,2
2;4;5;6;9,III;aVL;aVF;V1;V4,5,0.7,1,0,1,0,2
2;4;5;6;9,III;aVL;aVF;V1;V4,5,0.8,1,0,1,0,2
2;4;5;6;9,III;aVL;aVF;V1;V4,5,0.9,1,0,0,0,1
2;4;5;6;9;10,III;aVL;aVF;V1;V4;V5,6,0.5,1,1,1,0,3
2;4;5;6;9;10,III;aVL;aVF;V1;V4;V5,6,0.6,1,0,1,0,2
2;4;5;6;9;10,III;aVL;aVF;V1;V4;V5,6,0.7,1,0,1,0,2
2;4;5;6;9;10,III;aVL;aVF;V1;V4;V5,6,0.8,1,0,1,0,2
2;4;5;6;9;10,III;aVL;aVF;V1;V4;V5,6,0.9,1,0,0,0,1
2;4;5;6;9;10;11,III;aVL;aVF;V1;V4;V5;V6,7,0.5,1,1,1,0,3
2;4;5;6;9;10;11,III;aVL;aVF;V1;V4;V5;V6,7,0.6,1,0,1,0,2
2;4;5;6;9;10;11,III;aVL;aVF;V1;V4;V5;V6,7,0.7,1,0,1,0,2
2;4;5;6;9;10;11,III;aVL;aVF;V1;V4;V5;V6,7,0.8,1,0,1,0,2
2;4;5;6;9;10;11,III;aVL;aVF;V1;V4;V5;V6,7,0.9,1,0,0,0,1
2;4;5;6;9;11,III;aVL;aVF;V1;V4;V6,6,0.5,1,1,1,0,3
2;4;5;6;9;11,III;aVL;aVF;V1;V4;V6,6,0.6,1,0,1,0,2
2;4;5;6;9;11,III;aVL;aVF;V1;V4;V6,6,0.7,1,0,1,0,2
2;4;5;6;9;11,III;aVL;aVF;V1;V4;V6,6,0.8,1,0,1,0,2
2;4;5;6;9;11,III;aVL;aVF;V1;V4;V6,6,0.9,1,0,0,0,1
2;4;5;6;10,III;aVL;aVF;V1;V5,5,0.5,1,1,1,0,3
2;4;5;6;10,III;aVL;aVF;V1;V5,5,0.6,1,0,1,0,2
2;4;5;6;10,III;aVL;aVF;V1;V5,5,0.7,1,0,1,0,2
2;4;5;6;10,III;aVL;aVF;V1;V5,5,0.8,1,0,1,0,2
2;4;5;6;10,III;aVL;aVF;V1;V5,5,0.9,1,0,0,0,1
2;4;5;6;10;11,III;aVL;aVF;V1;V5;V6,6,0.5,1,1,1,0,3
2;4;5;6;10;11,III;aVL;aVF;V1;V5;V6,6,0.6,1,0,1,0,2
2;4;5;6;10;11,III;aVL;aVF;V1;V5;V6,6,0.7,1,0,1,0,2
2;4;5;6;10;11,III;aVL;aVF;V1;V5;V6,6,0.8,1,0,1,0,2
2;4;5;6;10;11,III;aVL;aVF;V1;V5;V6,6,0.9,1,0,0,0,1
2;4;5;6;11,III;aVL;aVF;V1;V6,5,0.5,1,1,1,0,3
2;4;5;6;11,III;aVL;aVF;V1;V6,5,0.6,1,1,1,0,3
2;4;5;6;11,III;aVL;aVF;V1;V6,5,0.7,1,0,1,0,2
2;4;5;6;11,III;aVL;aVF;V1;V6,5,0.8,1,0,1,0,2
2;4;5;6;11,III;aVL;aVF;V1;V6,5,0.9,1,0,0,0,1
2;4;5;7,III;aVL;aVF;V2,4,0.5,1,1,1,0,3
2;4;5;7,III;aVL;aVF;V2,4,0.6,1,0,1,0,2
2;4;5;7,III;aVL;aVF;V2,4,0.7,1,0,1,0,2
2;4;5;7,III;aVL;aVF;V2,4,0.8,1,0,1,0,2
2;4;5;7,III;aVL;aVF;V2,4,0.9,1,0,0,0,1
2;4;5;7;8,III;aVL;aVF;V2;V3,5,0.5,1,1,1,0,3
2;4;5;7;8,III;aVL;aVF;V2;V3,5,0.6,1,0,1,0,2
2;4;5;7;8,III;aVL;aVF;V2;V3,5,0.7,1,0,1,0,2
2;4;5;7;8,III;aVL;aVF;V2;V3,5,0.8,1,0,1,0,2
2;4;5;7;8,III;aVL;aVF;V2;V3,5,0.9,1,0,0,0,1
2;4;5;7;8;9,III;aVL;aVF;V2;V3;V4,6,0.5,1,1,1,0,3
2;4;5;7;8;9,III;aVL;aVF;V2;V3;V4,6,0.6,1,0,1,0,2
2;4;5;7;8;9,III;aVL;aVF;V2;V3;V4,6,0.7,1,0,1,0,2
2;4;5;7;8;9,III;aVL;aVF;V2;V3;V4,6,0.8,1,0,1,0,2
2;4;5;7;8;9,III;aVL;aVF;V2;V3;V4,6,0.9,1,0,0,0,1
2;4;5;7;8;9;10,III;aVL;aVF;V2;V3;V4;V5,7,0.5,1,1,1,0,3
2;4;5;7;8;9;10,III;aVL;aVF;V2;V3;V4;V5,7,0.6,1,0,1,0,2
2;4;5;7;8;9;10,III;aVL;aVF;V2;V3;V4;V5,7,0.7,1,0,1,0,2
2;4;5;7;8;9;10,III;aVL;aVF;V2;V3;V4;V5,7,0.8,1,0,1,0,2
2;4;5;7;8;9;10,III;aVL;aVF;V2;V3;V4;V5,7,0.9,1,0,0,0,1
2;4;5;7;8;9;10;11,III;aVL;aVF;V2;V3;V4;V5;V6,8,0.5,1,1,1,0,3
2;4;5;7;8;9;10;11,III;aVL;aVF;V2;V3;V4;V5;V6,8,0.6,1,0,1,0,2
2;4;5;7;8;9;10;11,III;aVL;aVF;V2;V3;V4;V5;V6,8,0.7,1,0,1,0,2
2;4;5;7;8;9;10;11,III;aVL;aVF;V2;V3;V4;V5;V6,8,0.8,1,0,0,0,1
2;4;5;7;8;9;10;11,III;aVL;aVF;V2;V3;V4;V5;V6,8,0.9,1,0,0,0,1
2;4;5;7;8;9;11,III;aVL;aVF;V2;V3;V4;V6,7,0.5,1,1,1,0,3
2;4;5;7;8;9;11,III;aVL;aVF;V2;V3;V4;V6,7,0.6,1,0,1,0,2
2;4;5;7;8;9;11,III;aVL;aVF;V2;V3;V4;V6,7,0.7,1,0,1,0,2
2;4;5;7;8;9;11,III;aVL;aVF;V2;V3;V4;V6,7,0.8,1,0,0,0,1
2;4;5;7;8;9;11,III;aVL;aVF;V2;V3;V4;V6,7,0.9,1,0,0,0,1
2;4;5;7;8;10,III;aVL;aVF;V2;V3;V5,6,0.5,1,1,1,0,3
2;4;5;7;8;10,III;aVL;aVF;V2;V3;V5,6,0.6,1,0,1,0,2
2;4;5;7;8;10,III;aVL;aVF;V2;V3;V5,6,0.7,1,0,1,0,2
2;4;5;7;8;10,III;aVL;aVF;V2;V3;V5,6,0.8,1,0,0,0,1
2;4;5;7;8;10,III;aVL;aVF;V2;V3;V5,6,0.9,1,0,0,0,1
2;4;5;7;8;10;11,III;aVL;aVF;V2;V3;V5;V6,7,0.5,1,1,1,0,3
2;4;5;7;8;10;11,III;aVL;aVF;V2;V3;V5;V6,7,0.6,1,0,1,0,2
2;4;5;7;8;10;11,III;aVL;aVF;V2;V3;V5;V6,7,0.7,1,0,1,0,2
2;4;5;7;8;10;11,III;aVL;aVF;V2;V3;V5;V6,7,0.8,1,0,0,0,1
2;4;5;7;8;10;11,III;aVL;aVF;V2;V3;V5;V6,7,0.9,1,0,0,0,1
2;4;5;7;8;11,III;aVL;aVF;V2;V3;V6,6,0.5,1,1,1,0,3
2;4;5;7;8;11,III;aVL;aVF;V2;V3;V6,6,0.6,1,0,1,0,2
2;4;5;7;8;11,III;aVL;aVF;V2;V3;V6,6,0.7,1,0,1,0,2
2;4;5;7;8;11,III;aVL;aVF;V2;V3;V6,6,0.8,1,0,0,0,1
2;4;5;7;8;11,III;aVL;aVF;V2;V3;V6,6,0.9,1,0,0,0,1
2;4;5;7;9,III;aVL;aVF;V2;V4,5,0.5,1,1,1,0,3
2;4;5;7;9,III;aVL;aVF;V2;V4,5,0.6,1,0,1,0,2
2;4;5;7;9,III;aVL;aVF;V2;V4,5,0.7,1,0,1,0,2
2;4;5;7;9,III;aVL;aVF;V2;V4,5,0.8,1,0,1,0,2
2;4;5;7;9,III;aVL;aVF;V2;V4,5,0.9,1,0,0,0,1
2;4;5;7;9;10,III;aVL;aVF;V2;V4;V5,6,0.5,1,1,1,0,3
2;4;5;7;9;10,III;aVL;aVF;V2;V4;V5,6,0.6,1,0,1,0,2
2;4;5;7;9;10,III;aVL;aVF;V2;V4;V5,6,0.7,1,0,1,0,2
2;4;5;7;9;10,III;aVL;aVF;V2;V4;V5,6,0.8,1,0,1,0,2
2;4;5;7;9;10,III;aVL;aVF;V2;V4;V5,6,0.9,1,0,0,0,1
2;4;5;7;9;10;11,III;aVL;aVF;V2;V4;V5;V6,7,0.5,1,1,1,0,3
2;4;5;7;9;10;11,III;aVL;aVF;V2;V4;V5;V6,7,0.6,1,0,1,0,2
2;4;5;7;9;10;11,III;aVL;aVF;V2;V4;V5;V6,7,0.7,1,0,1,0,2
2;4;5;7;9;10;11,III;aVL;aVF;V2;V4;V5;V6,7,0.8,1,0,0,0,1
2;4;5;7;9;10;11,III;aVL;aVF;V2;V4;V5;V6,7,0.9,1,0,0,0,1
2;4;5;7;9;11,III;aVL;aVF;V2;V4;V6,6,0.5,1,1,1,0,3
2;4;5;7;9;11,III;aVL;aVF;V2;V4;V6,6,0.6,1,0,1,0,2
2;4;5;7;9;11,III;aVL;aVF;V2;V4;V6,6,0.7,1,0,1,0,2
2;4;5;7;9;11,III;aVL;aVF;V2;V4;V6,6,0.8,1,0,0,0,1
2;4;5;7;9;11,III;aVL;aVF;V2;V4;V6,6,0.9,1,0,0,0,1
2;4;5;7;10,III;aVL;aVF;V2;V5,5,0.5,1,1,1,0,3
2;4;5;7;10,III;aVL;aVF;V2;V5,5,0.6,1,0,1,0,2
2;4;5;7;10,III;aVL;aVF;V2;V5,5,0.7,1,0,1,0,2
2;4;5;7;10,III;aVL;aVF;V2;V5,5,0.8,1,0,1,0,2
2;4;5;7;10,III;aVL;aVF;V2;V5,5,0.9,1,0,0,0,1
2;4;5;7;10;11,III;aVL;aVF;V2;V5;V6,6,0.5,1,1,1,0,3
2;4;5;7;10;11,III;aVL;aVF;V2;V5;V6,6,0.6,1,0,1,0,2
2;4;5;7;10;11,III;aVL;aVF;V2;V5;V6,6,0.7,1,0,1,0,2
2;4;5;7;10;11,III;aVL;aVF;V2;V5;V6,6,0.8,1,0,1,0,2
2;4;5;7;10;11,III;aVL;aVF;V2;V5;V6,6,0.9,1,0,0,0,1
2;4;5;7;11,III;aVL;aVF;V2;V6,5,0.5,1,1,1,0,3
2;4;5;7;11,III;aVL;aVF;V2;V6,5,0.6,1,0,1,0,2
2;4;5;7;11,III;aVL;aVF;V2;V6,5,0.7,1,0,1,0,2
2;4;5;7;11,III;aVL;aVF;V2;V6,5,0.8,1,0,1,0,2
2;4;5;7;11,III;aVL;aVF;V2;V6,5,0.9,1,0,0,0,1
2;4;5;8,III;aVL;aVF;V3,4,0.5,1,1,1,0,3
2;4;5;8,III;aVL;aVF;V3,4,0.6,1,0,1,0,2
2;4;5;8,III;aVL;aVF;V3,4,0.7,1,0,1,0,2
2;4;5;8,III;aVL;aVF;V3,4,0.8,1,0,0,0,1
2;4;5;8,III;aVL;aVF;V3,4,0.9,1,0,0,0,1
2;4;5;8;9,III;aVL;aVF;V3;V4,5,0.5,1,1,1,0,3
2;4;5;8;9,III;aVL;aVF;V3;V4,5,0.6,1,0,1,0,2
2;4;5;8;9,III;aVL;aVF;V3;V4,5,0.7,1,0,1,0,2
2;4;5;8;9,III;aVL;aVF;V3;V4,5,0.8,1,0,1,0,2
2;4;5;8;9,III;aVL;aVF;V3;V4,5,0.9,1,0,0,0,1
2;4;5;8;9;10,III;aVL;aVF;V3;V4;V5,6,0.5,1,1,1,0,3
2;4;5;8;9;10,III;aVL;aVF;V3;V4;V5,6,0.6,1,0,1,0,2
2;4;5;8;9;10,III;aVL;aVF;V3;V4;V5,6,0.7,1,0,1,0,2
2;4;5;8;9;10,III;aVL;aVF;V3;V4;V5,6,0.8,1,0,0,0,1
2;4;5;8;9;10,III;aVL;aVF;V3;V4;V5,6,0.9,1,0,0,0,1
2;4;5;8;9;10;11,III;aVL;aVF;V3;V4;V5;V6,7,0.5,1,1,1,0,3
2;4;5;8;9;10;11,III;aVL;aVF;V3;V4;V5;V6,7,0.6,1,0,1,0,2
2;4;5;8;9;10;11,III;aVL;aVF;V3;V4;V5;V6,7,0.7,1,0,1,0,2
2;4;5;8;9;10;11,III;aVL;aVF;V3;V4;V5;V6,7,0.8,1,0,0,0,1
2;4;5;8;9;10;11,III;aVL;aVF;V3;V4;V5;V6,7,0.9,1,0,0,0,1
2;4;5;8;9;11,III;aVL;aVF;V3;V4;V6,6,0.5,1,1,1,0,3
2;4;5;8;9;11,III;aVL;aVF;V3;V4;V6,6,0.6,1,0,1,0,2
2;4;5;8;9;11,III;aVL;aVF;V3;V4;V6,6,0.7,1,0,1,0,2
2;4;5;8;9;11,III;aVL;aVF;V3;V4;V6,6,0.8,1,0,0,0,1
2;4;5;8;9;11,III;aVL;aVF;V3;V4;V6,6,0.9,1,0,0,0,1
2;4;5;8;10,III;aVL;aVF;V3;V5,5,0.5,1,1,1,0,3
2;4;5;8;10,III;aVL;aVF;V3;V5,5,0.6,1,0,1,0,2
2;4;5;8;10,III;aVL;aVF;V3;V5,5,0.7,1,0,1,0,2
2;4;5;8;10,III;aVL;aVF;V3;V5,5,0.8,1,0,0,0,1
2;4;5;8;10,III;aVL;aVF;V3;V5,5,0.9,1,0,0,0,1
2;4;5;8;10;11,III;aVL;aVF;V3;V5;V6,6,0.5,1,1,1,0,3
2;4;5;8;10;11,III;aVL;aVF;V3;V5;V6,6,0.6,1,0,1,0,2
2;4;5;8;10;11,III;aVL;aVF;V3;V5;V6,6,0.7,1,0,1,0,2
2;4;5;8;10;11,III;aVL;aVF;V3;V5;V6,6,0.8,1,0,0,0,1
2;4;5;8;10;11,III;aVL;aVF;V3;V5;V6,6,0.9,1,0,0,0,1
2;4;5;8;11,III;aVL;aVF;V3;V6,5,0.5,1,1,1,0,3
2;4;5;8;11,III;aVL;aVF;V3;V6,5,0.6,1,0,1,0,2
2;4;5;8;11,III;aVL;aVF;V3;V6,5,0.7,1,0,1,0,2
2;4;5;8;11,III;aVL;aVF;V3;V6,5,0.8,1,0,0,0,1
2;4;5;8;11,III;aVL;aVF;V3;V6,5,0.9,1,0,0,0,1
2;4;5;9,III;aVL;aVF;V4,4,0.5,1,1,1,0,3
2;4;5;9,III;aVL;aVF;V4,4,0.6,1,0,1,0,2
2;4;5;9,III;aVL;aVF;V4,4,0.7,1,0,1,0,2
2;4;5;9,III;aVL;aVF;V4,4,0.8,1,0,1,0,2
2;4;5;9,III;aVL;aVF;V4,4,0.9,1,0,0,0,1
2;4;5;9;10,III;aVL;aVF;V4;V5,5,0.5,1,1,1,0,3
2;4;5;9;10,III;aVL;aVF;V4;V5,5,0.6,1,0,1,0,2
2;4;5;9;10,III;aVL;aVF;V4;V5,5,0.7,1,0,1,0,2
2;4;5;9;10,III;aVL;aVF;V4;V5,5,0.8,1,0,1,0,2
2;4;5;9;10,III;aVL;aVF;V4;V5,5,0.9,1,0,0,0,1
2;4;5;9;10;11,III;aVL;aVF;V4;V5;V6,6,0.5,1,1,1,0,3
2;4;5;9;10;11,III;aVL;aVF;V4;V5;V6,6,0.6,1,0,1,0,2
2;4;5;9;10;11,III;aVL;aVF;V4;V5;V6,6,0.7,1,0,1,0,2
2;4;5;9;10;11,III;aVL;aVF;V4;V5;V6,6,0.8,1,0,0,0,1
2;4;5;9;10;11,III;aVL;aVF;V4;V5;V6,6,0.9,1,0,0,0,1
2;4;5;9;11,III;aVL;aVF;V4;V6,5,0.5,1,1,1,0,3
2;4;5;9;11,III;aVL;aVF;V4;V6,5,0.6,1,0,1,0,2
2;4;5;9;11,III;aVL;aVF;V4;V6,5,0.7,1,0,1,0,2
2;4;5;9;11,III;aVL;aVF;V4;V6,5,0.8,1,0,1,0,2
2;4;5;9;11,III;aVL;aVF;V4;V6,5,0.9,1,0,0,0,1
2;4;5;10,III;aVL;aVF;V5,4,0.5,1,1,1,0,3
2;4;5;10,III;aVL;aVF;V5,4,0.6,1,0,1,0,2
2;4;5;10,III;aVL;aVF;V5,4,0.7,1,0,1,0,2
2;4;5;10,III;aVL;aVF;V5,4,0.8,1,0,0,0,1
2;4;5;10,III;aVL;aVF;V5,4,0.9,1,0,0,0,1
2;4;5;10;11,III;aVL;aVF;V5;V6,5,0.5,1,1,1,0,3
2;4;5;10;11,III;aVL;aVF;V5;V6,5,0.6,1,0,1,0,2
2;4;5;10;11,III;aVL;aVF;V5;V6,5,0.7,1,0,1,0,2
2;4;5;10;11,III;aVL;aVF;V5;V6,5,0.8,1,0,1,0,2
2;4;5;10;11,III;aVL;aVF;V5;V6,5,0.9,1,0,0,0,1
2;4;5;11,III;aVL;aVF;V6,4,0.5,1,1,1,0,3
2;4;5;11,III;aVL;aVF;V6,4,0.6,1,0,1,0,2
2;4;5;11,III;aVL;aVF;V6,4,0.7,1,0,1,0,2
2;4;5;11,III;aVL;aVF;V6,4,0.8,1,0,0,0,1
2;4;5;11,III;aVL;aVF;V6,4,0.9,1,0,0,0,1
2;4;6,III;aVL;V1,4,0.5,1,1,1,0,3
2;4;6,III;aVL;V1,4,0.6,1,0,1,0,2
2;4;6,III;aVL;V1,4,0.7,1,0,1,0,2
2;4;6,III;aVL;V1,4,0.8,1,0,1,0,2
2;4;6,III;aVL;V1,4,0.9,1,0,0,0,1
2;4;6;7,III;aVL;V1;V2,5,0.5,1,1,1,0,3
2;4;6;7,III;aVL;V1;V2,5,0.6,1,0,1,0,2
2;4;6;7,III;aVL;V1;V2,5,0.7,1,0,1,0,2
2;4;6;7,III;aVL;V1;V2,5,0.8,1,0,1,0,2
2;4;6;7,III;aVL;V1;V2,5,0.9,1,0,0,0,1
2;4;6;7;8,III;aVL;V1;V2;V3,6,0.5,1,1,1,0,3
2;4;6;7;8,III;aVL;V1;V2;V3,6,0.6,1,0,1,0,2
2;4;6;7;8,III;aVL;V1;V2;V3,6,0.7,1,0,1,0,2
2;4;6;7;8,III;aVL;V1;V2;V3,6,0.8,1,0,1,0,2
2;4;6;7;8,III;aVL;V1;V2;V3,6,0.9,1,0,0,0,1
2;4;6;7;8;9,III;aVL;V1;V2;V3;V4,7,0.5,1,1,1,0,3
2;4;6;7;8;9,III;aVL;V1;V2;V3;V4,7,0.6,1,0,1,0,2
2;4;6;7;8;9,III;aVL;V1;V2;V3;V4,7,0.7,1,0,1,0,2
2;4;6;7;8;9,III;aVL;V1;V2;V3;V4,7,0.8,1,0,1,0,2
2;4;6;7;8;9,III;aVL;V1;V2;V3;V4,7,0.9,1,0,0,0,1
2;4;6;7;8;9;10,III;aVL;V1;V2;V3;V4;V5,8,0.5,1,1,1,0,3
2;4;6;7;8;9;10,III;aVL;V1;V2;V3;V4;V5,8,0.6,1,0,1,0,2
2;4;6;7;8;9;10,III;aVL;V1;V2;V3;V4;V5,8,0.7,1,0,1,0,2
2;4;6;7;8;9;10,III;aVL;V1;V2;V3;V4;V5,8,0.8,1,0,1,0,2
2;4;6;7;8;9;10,III;aVL;V1;V2;V3;V4;V5,8,0.9,1,0,0,0,1
2;4;6;7;8;9;10;11,III;aVL;V1;V2;V3;V4;V5;V6,9,0.5,1,1,1,0,3
2;4;6;7;8;9;10;11,III;aVL;V1;V2;V3;V4;V5;V6,9,0.6,1,0,1,0,2
2;4;6;7;8;9;10;11,III;aVL;V1;V2;V3;V4;V5;V6,9,0.7,1,0,1,0,2
2;4;6;7;8;9;10;11,III;aVL;V1;V2;V3;V4;V5;V6,9,0.8,1,0,1,0,2
2;4;6;7;8;9;10;11,III;aVL;V1;V2;V3;V4;V5;V6,9,0.9,1,0,0,0,1
2;4;6;7;8;9;11,III;aVL;V1;V2;V3;V4;V6,8,0.5,1,1,1,0,3
2;4;6;7;8;9;11,III;aVL;V1;V2;V3;V4;V6,8,0.6,1,0,1,0,2
2;4;6;7;8;9;11,III;aVL;V1;V2;V3;V4;V6,8,0.7,1,0,1,0,2
2;4;6;7;8;9;11,III;aVL;V1;V2;V3;V4;V6,8,0.8,1,0,1,0,2
2;4;6;7;8;9;11,III;aVL;V1;V2;V3;V4;V6,8,0.9,1,0,0,0,1
2;4;6;7;8;10,III;aVL;V1;V2;V3;V5,7,0.5,1,1,1,0,3
2;4;6;7;8;10,III;aVL;V1;V2;V3;V5,7,0.6,1,0,1,0,2
2;4;6;7;8;10,III;aVL;V1;V2;V3;V5,7,0.7,1,0,1,0,2
2;4;6;7;8;10,III;aVL;V1;V2;V3;V5,7,0.8,1,0,1,0,2
2;4;6;7;8;10,III;aVL;V1;V2;V3;V5,7,0.9,1,0,0,0,1
2;4;6;7;8;10;11,III;aVL;V1;V2;V3;V5;V6,8,0.5,1,1,1,0,3
2;4;6;7;8;10;11,III;aVL;V1;V2;V3;V5;V6,8,0.6,1,0,1,0,2
2;4;6;7;8;10;11,III;aVL;V1;V2;V3;V5;V6,8,0.7,1,0,1,0,2
2;4;6;7;8;10;11,III;aVL;V1;V2;V3;V5;V6,8,0.8,1,0,1,0,2
2;4;6;7;8;10;11,III;aVL;V1;V2;V3;V5;V6,8,0.9,1,0,0,0,1
2;4;6;7;8;11,III;aVL;V1;V2;V3;V6,7,0.5,1,1,1,0,3
2;4;6;7;8;11,III;aVL;V1;V2;V3;V6,7,0.6,1,0,1,0,2
2;4;6;7;8;11,III;aVL;V1;V2;V3;V6,7,0.7,1,0,1,0,2
2;4;6;7;8;11,III;aVL;V1;V2;V3;V6,7,0.8,1,0,1,0,2
2;4;6;7;8;11,III;aVL;V1;V2;V3;V6,7,0.9,1,0,0,0,1
2;4;6;7;9,III;aVL;V1;V2;V4,6,0.5,1,1,1,0,3
2;4;6;7;9,III;aVL;V1;V2;V4,6,0.6,1,0,1,0,2
2;4;6;7;9,III;aVL;V1;V2;V4,6,0.7,1,0,1,0,2
2;4;6;7;9,III;aVL;V1;V2;V4,6,0.8,1,0,1,0,2
2;4;6;7;9,III;aVL;V1;V2;V4,6,0.9,1,0,0,0,1
2;4;6;7;9;10,III;aVL;V1;V2;V4;V5,7,0.5,1,1,1,0,3
2;4;6;7;9;10,III;aVL;V1;V2;V4;V5,7,0.6,1,0,1,0,2
2;4;6;7;9;10,III;aVL;V1;V2;V4;V5,7,0.7,1,0,1,0,2
2;4;6;7;9;10,III;aVL;V1;V2;V4;V5,7,0.8,1,0,1,0,2
2;4;6;7;9;10,III;aVL;V1;V2;V4;V5,7,0.9,1,0,0,0,1
2;4;6;7;9;10;11,III;aVL;V1;V2;V4;V5;V6,8,0.5,1,1,1,0,3
2;4;6;7;9;10;11,III;aVL;V1;V2;V4;V5;V6,8,0.6,1,0,1,0,2
2;4;6;7;9;10;11,III;aVL;V1;V2;V4;V5;V6,8,0.7,1,0,1,0,2
2;4;6;7;9;10;11,III;aVL;V1;V2;V4;V5;V6,8,0.8,1,0,1,0,2
2;4;6;7;9;10;11,III;aVL;V1;V2;V4;V5;V6,8,0.9,1,0,0,0,1
2;4;6;7;9;11,III;aVL;V1;V2;V4;V6,7,0.5,1,1,1,0,3
2;4;6;7;9;11,III;aVL;V1;V2;V4;V6,7,0.6,1,0,1,0,2
2;4;6;7;9;11,III;aVL;V1;V2;V4;V6,7,0.7,1,0,1,0,2
2;4;6;7;9;11,III;aVL;V1;V2;V4;V6,7,0.8,1,0,1,0,2
2;4;6;7;9;11,III;aVL;V1;V2;V4;V6,7,0.9,1,0,0,0,1
2;4;6;7;10,III;aVL;V1;V2;V5,6,0.5,1,1,1,0,3
2;4;6;7;10,III;aVL;V1;V2;V5,6,0.6,1,0,1,0,2
2;4;6;7;10,III;aVL;V1;V2;V5,6,0.7,1,0,1,0,2
2;4;6;7;10,III;aVL;V1;V2;V5,6,0.8,1,0,1,0,2
2;4;6;7;10,III;aVL;V1;V2;V5,6,0.9,1,0,0,0,1
2;4;6;7;10;11,III;aVL;V1;V2;V5;V6,7,0.5,1,1,1,0,3
2;4;6;7;10;11,III;aVL;V1;V2;V5;V6,7,0.6,1,0,1,0,2
2;4;6;7;10;11,III;aVL;V1;V2;V5;V6,7,0.7,1,0,1,0,2
2;4;6;7;10;11,III;aVL;V1;V2;V5;V6,7,0.8,1,0,1,0,2
2;4;6;7;10;11,III;aVL;V1;V2;V5;V6,7,0.9,1,0,0,0,1
2;4;6;7;11,III;aVL;V1;V2;V6,6,0.5,1,1,1,0,3
2;4;6;7;11,III;aVL;V1;V2;V6,6,0.6,1,0,1,0,2
2;4;6;7;11,III;aVL;V1;V2;V6,6,0.7,1,0,1,0,2
2;4;6;7;11,III;aVL;V1;V2;V6,6,0.8,1,0,1,0,2
2;4;6;7;11,III;aVL;V1;V2;V6,6,0.9,1,0,0,0,1
2;4;6;8,III;aVL;V1;V3,5,0.5,1,1,1,0,3
2;4;6;8,III;aVL;V1;V3,5,0.6,1,0,1,0,2
2;4;6;8,III;aVL;V1;V3,5,0.7,1,0,1,0,2
2;4;6;8,III;aVL;V1;V3,5,0.8,1,0,1,0,2
2;4;6;8,III;aVL;V1;V3,5,0.9,1,0,0,0,1
2;4;6;8;9,III;aVL;V1;V3;V4,6,0.5,1,1,1,0,3
2;4;6;8;9,III;aVL;V1;V3;V4,6,0.6,1,0,1,0,2
2;4;6;8;9,III;aVL;V1;V3;V4,6,0.7,1,0,1,0,2
2;4;6;8;9,III;aVL;V1;V3;V4,6,0.8,1,0,1,0,2
2;4;6;8;9,III;aVL;V1;V3;V4,6,0.9,1,0,0,0,1
2;4;6;8;9;10,III;aVL;V1;V3;V4;V5,7,0.5,1,1,1,0,3
2;4;6;8;9;10,III;aVL;V1;V3;V4;V5,7,0.6,1,0,1,0,2
2;4;6;8;9;10,III;aVL;V1;V3;V4;V5,7,0.7,1,0,1,0,2
2;4;6;8;9;10,III;aVL;V1;V3;V4;V5,7,0.8,1,0,1,0,2
2;4;6;8;9;10,III;aVL;V1;V3;V4;V5,7,0.9,1,0,0,0,1
2;4;6;8;9;10;11,III;aVL;V1;V3;V4;V5;V6,8,0.5,1,1,1,0,3
2;4;6;8;9;10;11,III;aVL;V1;V3;V4;V5;V6,8,0.6,1,0,1,0,2
2;4;6;8;9;10;11,III;aVL;V1;V3;V4;V5;V6,8,0.7,1,0,1,0,2
2;4;6;8;9;10;11,III;aVL;V1;V3;V4;V5;V6,8,0.8,1,0,1,0,2
2;4;6;8;9;10;11,III;aVL;V1;V3;V4;V5;V6,8,0.9,1,0,0,0,1
2;4;6;8;9;11,III;aVL;V1;V3;V4;V6,7,0.5,1,1,1,0,3
2;4;6;8;9;11,III;aVL;V1;V3;V4;V6,7,0.6,1,0,1,0,2
2;4;6;8;9;11,III;aVL;V1;V3;V4;V6,7,0.7,1,0,1,0,2
2;4;6;8;9;11,III;aVL;V1;V3;V4;V6,7,0.8,1,0,1,0,2
2;4;6;8;9;11,III;aVL;V1;V3;V4;V6,7,0.9,1,0,0,0,1
2;4;6;8;10,III;aVL;V1;V3;V5,6,0.5,1,1,1,0,3
2;4;6;8;10,III;aVL;V1;V3;V5,6,0.6,1,0,1,0,2
2;4;6;8;10,III;aVL;V1;V3;V5,6,0.7,1,0,1,0,2
2;4;6;8;10,III;aVL;V1;V3;V5,6,0.8,1,0,1,0,2
2;4;6;8;10,III;aVL;V1;V3;V5,6,0.9,1,0,0,0,1
2;4;6;8;10;11,III;aVL;V1;V3;V5;V6,7,0.5,1,1,1,0,3
2;4;6;8;10;11,III;aVL;V1;V3;V5;V6,7,0.6,1,0,1,0,2
2;4;6;8;10;11,III;aVL;V1;V3;V5;V6,7,0.7,1,0,1,0,2
2;4;6;8;10;11,III;aVL;V1;V3;V5;V6,7,0.8,1,0,1,0,2
2;4;6;8;10;11,III;aVL;V1;V3;V5;V6,7,0.9,1,0,0,0,1
2;4;6;8;11,III;aVL;V1;V3;V6,6,0.5,1,1,1,0,3
2;4;6;8;11,III;aVL;V1;V3;V6,6,0.6,1,0,1,0,2
2;4;6;8;11,III;aVL;V1;V3;V6,6,0.7,1,0,1,0,2
2;4;6;8;11,III;aVL;V1;V3;V6,6,0.8,1,0,1,0,2
2;4;6;8;11,III;aVL;V1;V3;V6,6,0.9,1,0,0,0,1
2;4;6;9,III;aVL;V1;V4,5,0.5,1,1,1,0,3
2;4;6;9,III;aVL;V1;V4,5,0.6,1,0,1,0,2
2;4;6;9,III;aVL;V1;V4,5,0.7,1,0,1,0,2
2;4;6;9,III;aVL;V1;V4,5,0.8,1,0,1,0,2
2;4;6;9,III;aVL;V1;V4,5,0.9,1,0,0,0,1
2;4;6;9;10,III;aVL;V1;V4;V5,6,0.5,1,1,1,0,3
2;4;6;9;10,III;aVL;V1;V4;V5,6,0.6,1,0,1,0,2
2;4;6;9;10,III;aVL;V1;V4;V5,6,0.7,1,0,1,0,2
2;4;6;9;10,III;aVL;V1;V4;V5,6,0.8,1,0,1,0,2
2;4;6;9;10,III;aVL;V1;V4;V5,6,0.9,1,0,0,0,1
2;4;6;9;10;11,III;aVL;V1;V4;V5;V6,7,0.5,1,1,1,0,3
2;4;6;9;10;11,III;aVL;V1;V4;V5;V6,7,0.6,1,0,1,0,2
2;4;6;9;10;11,III;aVL;V1;V4;V5;V6,7,0.7,1,0,1,0,2
2;4;6;9;10;11,III;aVL;V1;V4;V5;V6,7,0.8,1,0,1,0,2
2;4;6;9;10;11,III;aVL;V1;V4;V5;V6,7,0.9,1,0,0,0,1
2;4;6;9;11,III;aVL;V1;V4;V6,6,0.5,1,1,1,0,3
2;4;6;9;11,III;aVL;V1;V4;V6,6,0.6,1,0,1,0,2
2;4;6;9;11,III;aVL;V1;V4;V6,6,0.7,1,0,1,0,2
2;4;6;9;11,III;aVL;V1;V4;V6,6,0.8,1,0,1,0,2
2;4;6;9;11,III;aVL;V1;V4;V6,6,0.9,1,0,0,0,1
2;4;6;10,III;aVL;V1;V5,5,0.5,1,1,1,0,3
2;4;6;10,III;aVL;V1;V5,5,0.6,1,0,1,0,2
2;4;6;10,III;aVL;V1;V5,5,0.7,1,0,1,0,2
2;4;6;10,III;aVL;V1;V5,5,0.8,1,0,1,0,2
2;4;6;10,III;aVL;V1;V5,5,0.9,1,0,0,0,1
2;4;6;10;11,III;aVL;V1;V5;V6,6,0.5,1,1,1,0,3
2;4;6;10;11,III;aVL;V1;V5;V6,6,0.6,1,0,1,0,2
2;4;6;10;11,III;aVL;V1;V5;V6,6,0.7,1,0,1,0,2
2;4;6;10;11,III;aVL;V1;V5;V6,6,0.8,1,0,1,0,2
2;4;6;10;11,III;aVL;V1;V5;V6,6,0.9,1,0,0,0,1
2;4;6;11,III;aVL;V1;V6,5,0.5,1,1,1,0,3
2;4;6;11,III;aVL;V1;V6,5,0.6,1,0,1,0,2
2;4;6;11,III;aVL;V1;V6,5,0.7,1,0,1,0,2
2;4;6;11,III;aVL;V1;V6,5,0.8,1,0,1,0,2
2;4;6;11,III;aVL;V1;V6,5,0.9,1,0,0,0,1
2;4;7,III;aVL;V2,4,0.5,1,1,1,0,3
2;4;7,III;aVL;V2,4,0.6,1,0,1,0,2
2;4;7,III;aVL;V2,4,0.7,1,0,1,0,2
2;4;7,III;aVL;V2,4,0.8,1,0,1,0,2
2;4;7,III;aVL;V2,4,0.9,1,0,0,0,1
2;4;7;8,III;aVL;V2;V3,5,0.5,1,1,1,0,3
2;4;7;8,III;aVL;V2;V3,5,0.6,1,0,1,0,2
2;4;7;8,III;aVL;V2;V3,5,0.7,1,0,1,0,2
2;4;7;8,III;aVL;V2;V3,5,0.8,1,0,1,0,2
2;4;7;8,III;aVL;V2;V3,5,0.9,1,0,0,0,1
2;4;7;8;9,III;aVL;V2;V3;V4,6,0.5,1,1,1,0,3
2;4;7;8;9,III;aVL;V2;V3;V4,6,0.6,1,0,1,0,2
2;4;7;8;9,III;aVL;V2;V3;V4,6,0.7,1,0,1,0,2
2;4;7;8;9,III;aVL;V2;V3;V4,6,0.8,1,0,1,0,2
2;4;7;8;9,III;aVL;V2;V3;V4,6,0.9,1,0,0,0,1
2;4;7;8;9;10,III;aVL;V2;V3;V4;V5,7,0.5,1,1,1,0,3
2;4;7;8;9;10,III;aVL;V2;V3;V4;V5,7,0.6,1,0,1,0,2
2;4;7;8;9;10,III;aVL;V2;V3;V4;V5,7,0.7,1,0,1,0,2
2;4;7;8;9;10,III;aVL;V2;V3;V4;V5,7,0.8,1,0,0,0,1
2;4;7;8;9;10,III;aVL;V2;V3;V4;V5,7,0.9,1,0,0,0,1
2;4;7;8;9;10;11,III;aVL;V2;V3;V4;V5;V6,8,0.5,1,1,1,0,3
2;4;7;8;9;10;11,III;aVL;V2;V3;V4;V5;V6,8,0.6,1,0,1,0,2
2;4;7;8;9;10;11,III;aVL;V2;V3;V4;V5;V6,8,0.7,1,0,1,0,2
2;4;7;8;9;10;11,III;aVL;V2;V3;V4;V5;V6,8,0.8,1,0,0,0,1
2;4;7;8;9;10;11,III;aVL;V2;V3;V4;V5;V6,8,0.9,1,0,0,0,1
2;4;7;8;9;11,III;aVL;V2;V3;V4;V6,7,0.5,1,1,1,0,3
2;4;7;8;9;11,III;aVL;V2;V3;V4;V6,7,0.6,1,0,1,0,2
2;4;7;8;9;11,III;aVL;V2;V3;V4;V6,7,0.7,1,0,1,0,2
2;4;7;8;9;11,III;aVL;V2;V3;V4;V6,7,0.8,1,0,0,0,1
2;4;7;8;9;11,III;aVL;V2;V3;V4;V6,7,0.9,1,0,0,0,1
2;4;7;8;10,III;aVL;V2;V3;V5,6,0.5,1,1,1,0,3
2;4;7;8;10,III;aVL;V2;V3;V5,6,0.6,1,0,1,0,2
2;4;7;8;10,III;aVL;V2;V3;V5,6,0.7,1,0,1,0,2
2;4;7;8;10,III;aVL;V2;V3;V5,6,0.8,1,0,0,0,1
2;4;7;8;10,III;aVL;V2;V3;V5,6,0.9,1,0,0,0,1
2;4;7;8;10;11,III;aVL;V2;V3;V5;V6,7,0.5,1,1,1,0,3
2;4;7;8;10;11,III;aVL;V2;V3;V5;V6,7,0.6,1,0,1,0,2
2;4;7;8;10;11,III;aVL;V2;V3;V5;V6,7,0.7,1,0,1,0,2
2;4;7;8;10;11,III;aVL;V2;V3;V5;V6,7,0.8,1,0,0,0,1
2;4;7;8;10;11,III;aVL;V2;V3;V5;V6,7,0.9,1,0,0,0,1
2;4;7;8;11,III;aVL;V2;V3;V6,6,0.5,1,1,1,0,3
2;4;7;8;11,III;aVL;V2;V3;V6,6,0.6,1,0,1,0,2
2;4;7;8;11,III;aVL;V2;V3;V6,6,0.7,1,0,1,0,2
2;4;7;8;11,III;aVL;V2;V3;V6,6,0.8,1,0,0,0,1
2;4;7;8;11,III;aVL;V2;V3;V6,6,0.9,1,0,0,0,1
2;4;7;9,III;aVL;V2;V4,5,0.5,1,1,1,0,3
2;4;7;9,III;aVL;V2;V4,5,0.6,1,0,1,0,2
2;4;7;9,III;aVL;V2;V4,5,0.7,1,0,1,0,2
2;4;7;9,III;aVL;V2;V4,5,0.8,1,0,1,0,2
2;4;7;9,III;aVL;V2;V4,5,0.9,1,0,0,0,1
2;4;7;9;10,III;aVL;V2;V4;V5,6,0.5,1,1,1,0,3
2;4;7;9;10,III;aVL;V2;V4;V5,6,0.6,1,0,1,0,2
2;4;7;9;10,III;aVL;V2;V4;V5,6,0.7,1,0,1,0,2
2;4;7;9;10,III;aVL;V2;V4;V5,6,0.8,1,0,0,0,1
2;4;7;9;10,III;aVL;V2;V4;V5,6,0.9,1,0,0,0,1
2;4;7;9;10;11,III;aVL;V2;V4;V5;V6,7,0.5,1,1,1,0,3
2;4;7;9;10;11,III;aVL;V2;V4;V5;V6,7,0.6,1,0,1,0,2
2;4;7;9;10;11,III;aVL;V2;V4;V5;V6,7,0.7,1,0,1,0,2
2;4;7;9;10;11,III;aVL;V2;V4;V5;V6,7,0.8,1,0,0,0,1
2;4;7;9;10;11,III;aVL;V2;V4;V5;V6,7,0.9,1,0,0,0,1
2;4;7;9;11,III;aVL;V2;V4;V6,6,0.5,1,1,1,0,3
2;4;7;9;11,III;aVL;V2;V4;V6,6,0.6,1,0,1,0,2
2;4;7;9;11,III;aVL;V2;V4;V6,6,0.7,1,0,1,0,2
2;4;7;9;11,III;aVL;V2;V4;V6,6,0.8,1,0,0,0,1
2;4;7;9;11,III;aVL;V2;V4;V6,6,0.9,1,0,0,0,1
2;4;7;10,III;aVL;V2;V5,5,0.5,1,1,1,0,3
2;4;7;10,III;aVL;V2;V5,5,0.6,1,0,1,0,2
2;4;7;10,III;aVL;V2;V5,5,0.7,1,0,1,0,2
2;4;7;10,III;aVL;V2;V5,5,0.8,1,0,0,0,1
2;4;7;10,III;aVL;V2;V5,5,0.9,1,0,0,0,1
2;4;7;10;11,III;aVL;V2;V5;V6,6,0.5,1,1,1,0,3
2;4;7;10;11,III;aVL;V2;V5;V6,6,0.6,1,0,1,0,2
2;4;7;10;11,III;aVL;V2;V5;V6,6,0.7,1,0,1,0,2
2;4;7;10;11,III;aVL;V2;V5;V6,6,0.8,1,0,0,0,1
2;4;7;10;11,III;aVL;V2;V5;V6,6,0.9,1,0,0,0,1
2;4;7;11,III;aVL;V2;V6,5,0.5,1,1,1,0,3
2;4;7;11,III;aVL;V2;V6,5,0.6,1,0,1,0,2
2;4;7;11,III;aVL;V2;V6,5,0.7,1,0,1,0,2
2;4;7;11,III;aVL;V2;V6,5,0.8,1,0,1,0,2
2;4;7;11,III;aVL;V2;V6,5,0.9,1,0,0,0,1
2;4;8,III;aVL;V3,4,0.5,1,1,1,0,3
2;4;8,III;aVL;V3,4,0.6,1,0,1,0,2
2;4;8,III;aVL;V3,4,0.7,1,0,1,0,2
2;4;8,III;aVL;V3,4,0.8,1,0,1,0,2
2;4;8,III;aVL;V3,4,0.9,1,0,0,0,1
2;4;8;9,III;aVL;V3;V4,5,0.5,1,1,1,0,3
2;4;8;9,III;aVL;V3;V4,5,0.6,1,0,1,0,2
2;4;8;9,III;aVL;V3;V4,5,0.7,1,0,1,0,2
2;4;8;9,III;aVL;V3;V4,5,0.8,1,0,1,0,2
2;4;8;9,III;aVL;V3;V4,5,0.9,1,0,0,0,1
2;4;8;9;10,III;aVL;V3;V4;V5,6,0.5,1,1,1,0,3
2;4;8;9;10,III;aVL;V3;V4;V5,6,0.6,1,0,1,0,2
2;4;8;9;10,III;aVL;V3;V4;V5,6,0.7,1,0,1,0,2
2;4;8;9;10,III;aVL;V3;V4;V5,6,0.8,1,0,0,0,1
2;4;8;9;10,III;aVL;V3;V4;V5,6,0.9,1,0,0,0,1
2;4;8;9;10;11,III;aVL;V3;V4;V5;V6,7,0.5,1,1,1,0,3
2;4;8;9;10;11,III;aVL;V3;V4;V5;V6,7,0.6,1,0,1,0,2
2;4;8;9;10;11,III;aVL;V3;V4;V5;V6,7,0.7,1,0,1,0,2
2;4;8;9;10;11,III;aVL;V3;V4;V5;V6,7,0.8,1,0,0,0,1
2;4;8;9;10;11,III;aVL;V3;V4;V5;V6,7,0.9,1,0,0,0,1
2;4;8;9;11,III;aVL;V3;V4;V6,6,0.5,1,1,1,0,3
2;4;8;9;11,III;aVL;V3;V4;V6,6,0.6,1,0,1,0,2
2;4;8;9;11,III;aVL;V3;V4;V6,6,0.7,1,0,1,0,2
2;4;8;9;11,III;aVL;V3;V4;V6,6,0.8,1,0,0,0,1
2;4;8;9;11,III;aVL;V3;V4;V6,6,0.9,1,0,0,0,1
2;4;8;10,III;aVL;V3;V5,5,0.5,1,1,1,0,3
2;4;8;10,III;aVL;V3;V5,5,0.6,1,0,1,0,2
2;4;8;10,III;aVL;V3;V5,5,0.7,1,0,1,0,2
2;4;8;10,III;aVL;V3;V5,5,0.8,1,0,0,0,1
2;4;8;10,III;aVL;V3;V5,5,0.9,1,0,0,0,1
2;4;8;10;11,III;aVL;V3;V5;V6,6,0.5,1,1,1,0,3
2;4;8;10;11,III;aVL;V3;V5;V6,6,0.6,1,0,1,0,2
2;4;8;10;11,III;aVL;V3;V5;V6,6,0.7,1,0,1,0,2
2;4;8;10;11,III;aVL;V3;V5;V6,6,0.8,1,0,0,0,1
2;4;8;10;11,III;aVL;V3;V5;V6,6,0.9,1,0,0,0,1
2;4;8;11,III;aVL;V3;V6,5,0.5,1,1,1,0,3
2;4;8;11,III;aVL;V3;V6,5,0.6,1,0,1,0,2
2;4;8;11,III;aVL;V3;V6,5,0.7,1,0,1,0,2
2;4;8;11,III;aVL;V3;V6,5,0.8,1,0,0,0,1
2;4;8;11,III;aVL;V3;V6,5,0.9,1,0,0,0,1
2;4;9,III;aVL;V4,4,0.5,1,1,1,0,3
2;4;9,III;aVL;V4,4,0.6,1,0,1,0,2
2;4;9,III;aVL;V4,4,0.7,1,0,1,0,2
2;4;9,III;aVL;V4,4,0.8,1,0,1,0,2
2;4;9,III;aVL;V4,4,0.9,1,0,0,0,1
2;4;9;10,III;aVL;V4;V5,5,0.5,1,1,1,0,3
2;4;9;10,III;aVL;V4;V5,5,0.6,1,0,1,0,2
2;4;9;10,III;aVL;V4;V5,5,0.7,1,0,1,0,2
2;4;9;10,III;aVL;V4;V5,5,0.8,1,0,1,0,2
2;4;9;10,III;aVL;V4;V5,5,0.9,1,0,0,0,1
2;4;9;10;11,III;aVL;V4;V5;V6,6,0.5,1,1,1,0,3
2;4;9;10;11,III;aVL;V4;V5;V6,6,0.6,1,0,1,0,2
2;4;9;10;11,III;aVL;V4;V5;V6,6,0.7,1,0,1,0,2
2;4;9;10;11,III;aVL;V4;V5;V6,6,0.8,1,0,0,0,1
2;4;9;10;11,III;aVL;V4;V5;V6,6,0.9,1,0,0,0,1
2;4;9;11,III;aVL;V4;V6,5,0.5,1,1,1,0,3
2;4;9;11,III;aVL;V4;V6,5,0.6,1,0,1,0,2
2;4;9;11,III;aVL;V4;V6,5,0.7,1,0,1,0,2
2;4;9;11,III;aVL;V4;V6,5,0.8,1,0,1,0,2
2;4;9;11,III;aVL;V4;V6,5,0.9,1,0,0,0,1
2;4;10,III;aVL;V5,4,0.5,1,1,1,0,3
2;4;10,III;aVL;V5,4,0.6,1,0,1,0,2
2;4;10,III;aVL;V5,4,0.7,1,0,1,0,2
2;4;10,III;aVL;V5,4,0.8,1,0,0,0,1
2;4;10,III;aVL;V5,4,0.9,1,0,0,0,1
2;4;10;11,III;aVL;V5;V6,5,0.5,1,1,1,0,3
2;4;10;11,III;aVL;V5;V6,5,0.6,1,0,1,0,2
2;4;10;11,III;aVL;V5;V6,5,0.7,1,0,1,0,2
2;4;10;11,III;aVL;V5;V6,5,0.8,1,0,0,0,1
2;4;10;11,III;aVL;V5;V6,5,0.9,1,0,0,0,1
2;4;11,III;aVL;V6,4,0.5,1,1,1,0,3
2;4;11,III;aVL;V6,4,0.6,1,0,1,0,2
2;4;11,III;aVL;V6,4,0.7,1,0,1,0,2
2;4;11,III;aVL;V6,4,0.8,1,0,1,0,2
2;4;11,III;aVL;V6,4,0.9,1,0,0,0,1
2;5,III;aVF,3,0.5,1,1,1,0,3
2;5,III;aVF,3,0.6,1,1,1,0,3
2;5,III;aVF,3,0.7,1,0,1,0,2
2;5,III;aVF,3,0.8,1,0,1,0,2
2;5,III;aVF,3,0.9,1,0,0,0,1
2;5;6,III;aVF;V1,4,0.5,1,1,1,0,3
2;5;6,III;aVF;V1,4,0.6,1,0,1,0,2
2;5;6,III;aVF;V1,4,0.7,1,0,1,0,2
2;5;6,III;aVF;V1,4,0.8,1,0,1,0,2
2;5;6,III;aVF;V1,4,0.9,1,0,0,0,1
2;5;6;7,III;aVF;V1;V2,5,0.5,1,1,1,0,3
2;5;6;7,III;aVF;V1;V2,5,0.6,1,1,1,0,3
2;5;6;7,III;aVF;V1;V2,5,0.7,1,0,1,0,2
2;5;6;7,III;aVF;V1;V2,5,0.8,1,0,1,0,2
2;5;6;7,III;aVF;V1;V2,5,0.9,1,0,0,0,1
2;5;6;7;8,III;aVF;V1;V2;V3,6,0.5,1,1,1,0,3
2;5;6;7;8,III;aVF;V1;V2;V3,6,0.6,1,0,1,0,2
2;5;6;7;8,III;aVF;V1;V2;V3,6,0.7,1,0,1,0,2
2;5;6;7;8,III;aVF;V1;V2;V3,6,0.8,1,0,1,0,2
2;5;6;7;8,III;aVF;V1;V2;V3,6,0.9,1,0,0,0,1
2;5;6;7;8;9,III;aVF;V1;V2;V3;V4,7,0.5,1,1,1,0,3
2;5;6;7;8;9,III;aVF;V1;V2;V3;V4,7,0.6,1,0,1,0,2
2;5;6;7;8;9,III;aVF;V1;V2;V3;V4,7,0.7,1,0,1,0,2
2;5;6;7;8;9,III;aVF;V1;V2;V3;V4,7,0.8,1,0,1,0,2
2;5;6;7;8;9,III;aVF;V1;V2;V3;V4,7,0.9,1,0,0,0,1
2;5;6;7;8;9;10,III;aVF;V1;V2;V3;V4;V5,8,0.5,1,1,1,0,3
2;5;6;7;8;9;10,III;aVF;V1;V2;V3;V4;V5,8,0.6,1,0,1,0,2
2;5;6;7;8;9;10,III;aVF;V1;V2;V3;V4;V5,8,0.7,1,0,1,0,2
2;5;6;7;8;9;10,III;aVF;V1;V2;V3;V4;V5,8,0.8,1,0,1,0,2
2;5;6;7;8;9;10,III;aVF;V1;V2;V3;V4;V5,8,0.9,1,0,0,0,1
2;5;6;7;8;9;10;11,III;aVF;V1;V2;V3;V4;V5;V6,9,0.5,1,1,1,0,3
2;5;6;7;8;9;10;11,III;aVF;V1;V2;V3;V4;V5;V6,9,0.6,1,0,1,0,2
2;5;6;7;8;9;10;11,III;aVF;V1;V2;V3;V4;V5;V6,9,0.7,1,0,1,0,2
2;5;6;7;8;9;10;11,III;aVF;V1;V2;V3;V4;V5;V6,9,0.8,1,0,1,0,2
2;5;6;7;8;9;10;11,III;aVF;V1;V2;V3;V4;V5;V6,9,0.9,1,0,0,0,1
2;5;6;7;8;9;11,III;aVF;V1;V2;V3;V4;V6,8,0.5,1,1,1,0,3
2;5;6;7;8;9;11,III;aVF;V1;V2;V3;V4;V6,8,0.6,1,0,1,0,2
2;5;6;7;8;9;11,III;aVF;V1;V2;V3;V4;V6,8,0.7,1,0,1,0,2
2;5;6;7;8;9;11,III;aVF;V1;V2;V3;V4;V6,8,0.8,1,0,1,0,2
2;5;6;7;8;9;11,III;aVF;V1;V2;V3;V4;V6,8,0.9,1,0,0,0,1
2;5;6;7;8;10,III;aVF;V1;V2;V3;V5,7,0.5,1,1,1,0,3
2;5;6;7;8;10,III;aVF;V1;V2;V3;V5,7,0.6,1,0,1,0,2
2;5;6;7;8;10,III;aVF;V1;V2;V3;V5,7,0.7,1,0,1,0,2
2;5;6;7;8;10,III;aVF;V1;V2;V3;V5,7,0.8,1,0,1,0,2
2;5;6;7;8;10,III;aVF;V1;V2;V3;V5,7,0.9,1,0,0,0,1
2;5;6;7;8;10;11,III;aVF;V1;V2;V3;V5;V6,8,0.5,1,1,1,0,3
2;5;6;7;8;10;11,III;aVF;V1;V2;V3;V5;V6,8,0.6,1,0,1,0,2
2;5;6;7;8;10;11,III;aVF;V1;V2;V3;V5;V6,8,0.7,1,0,1,0,2
2;5;6;7;8;10;11,III;aVF;V1;V2;V3;V5;V6,8,0.8,1,0,1,0,2
2;5;6;7;8;10;11,III;aVF;V1;V2;V3;V5;V6,8,0.9,1,0,0,0,1
2;5;6;7;8;11,III;aVF;V1;V2;V3;V6,7,0.5,1,1,1,0,3
2;5;6;7;8;11,III;aVF;V1;V2;V3;V6,7,0.6,1,0,1,0,2
2;5;6;7;8;11,III;aVF;V1;V2;V3;V6,7,0.7,1,0,1,0,2
2;5;6;7;8;11,III;aVF;V1;V2;V3;V6,7,0.8,1,0,1,0,2
2;5;6;7;8;11,III;aVF;V1;V2;V3;V6,7,0.9,1,0,0,0,1
2;5;6;7;9,III;aVF;V1;V2;V4,6,0.5,1,1,1,0,3
2;5;6;7;9,III;aVF;V1;V2;V4,6,0.6,1,0,1,0,2
2;5;6;7;9,III;aVF;V1;V2;V4,6,0.7,1,0,1,0,2
2;5;6;7;9,III;aVF;V1;V2;V4,6,0.8,1,0,1,0,2
2;5;6;7;9,III;aVF;V1;V2;V4,6,0.9,1,0,0,0,1
2;5;6;7;9;10,III;aVF;V1;V2;V4;V5,7,0.5,1,1,1,0,3
2;5;6;7;9;10,III;aVF;V1;V2;V4;V5,7,0.6,1,0,1,0,2
2;5;6;7;9;10,III;aVF;V1;V2;V4;V5,7,0.7,1,0,1,0,2
2;5;6;7;9;10,III;aVF;V1;V2;V4;V5,7,0.8,1,0,1,0,2
2;5;6;7;9;10,III;aVF;V1;V2;V4;V5,7,0.9,1,0,0,0,1
2;5;6;7;9;10;11,III;aVF;V1;V2;V4;V5;V6,8,0.5,1,1,1,0,3
2;5;6;7;9;10;11,III;aVF;V1;V2;V4;V5;V6,8,0.6,1,0,1,0,2
2;5;6;7;9;10;11,III;aVF;V1;V2;V4;V5;V6,8,0.7,1,0,1,0,2
2;5;6;7;9;10;11,III;aVF;V1;V2;V4;V5;V6,8,0.8,1,0,1,0,2
2;5;6;7;9;10;11,III;aVF;V1;V2;V4;V5;V6,8,0.9,1,0,0,0,1
2;5;6;7;9;11,III;aVF;V1;V2;V4;V6,7,0.5,1,1,1,0,3
2;5;6;7;9;11,III;aVF;V1;V2;V4;V6,7,0.6,1,0,1,0,2
2;5;6;7;9;11,III;aVF;V1;V2;V4;V6,7,0.7,1,0,1,0,2
2;5;6;7;9;11,III;aVF;V1;V2;V4;V6,7,0.8,1,0,1,0,2
2;5;6;7;9;11,III;aVF;V1;V2;V4;V6,7,0.9,1,0,0,0,1
2;5;6;7;10,III;aVF;V1;V2;V5,6,0.5,1,1,1,0,3
2;5;6;7;10,III;aVF;V1;V2;V5,6,0.6,1,0,1,0,2
2;5;6;7;10,III;aVF;V1;V2;V5,6,0.7,1,0,1,0,2
2;5;6;7;10,III;aVF;V1;V2;V5,6,0.8,1,0,1,0,2
2;5;6;7;10,III;aVF;V1;V2;V5,6,0.9,1,0,0,0,1
2;5;6;7;10;11,III;aVF;V1;V2;V5;V6,7,0.5,1,1,1,0,3
2;5;6;7;10;11,III;aVF;V1;V2;V5;V6,7,0.6,1,0,1,0,2
2;5;6;7;10;11,III;aVF;V1;V2;V5;V6,7,0.7,1,0,1,0,2
2;5;6;7;10;11,III;aVF;V1;V2;V5;V6,7,0.8,1,0,1,0,2
2;5;6;7;10;11,III;aVF;V1;V2;V5;V6,7,0.9,1,0,0,0,1
2;5;6;7;11,III;aVF;V1;V2;V6,6,0.5,1,1,1,0,3
2;5;6;7;11,III;aVF;V1;V2;V6,6,0.6,1,0,1,0,2
2;5;6;7;11,III;aVF;V1;V2;V6,6,0.7,1,0,1,0,2
2;5;6;7;11,III;aVF;V1;V2;V6,6,0.8,1,0,1,0,2
2;5;6;7;11,III;aVF;V1;V2;V6,6,0.9,1,0,0,0,1
2;5;6;8,III;aVF;V1;V3,5,0.5,1,1,1,0,3
2;5;6;8,III;aVF;V1;V3,5,0.6,1,0,1,0,2
2;5;6;8,III;aVF;V1;V3,5,0.7,1,0,1,0,2
2;5;6;8,III;aVF;V1;V3,5,0.8,1,0,1,0,2
2;5;6;8,III;aVF;V1;V3,5,0.9,1,0,0,0,1
2;5;6;8;9,III;aVF;V1;V3;V4,6,0.5,1,1,1,0,3
2;5;6;8;9,III;aVF;V1;V3;V4,6,0.6,1,0,1,0,2
2;5;6;8;9,III;aVF;V1;V3;V4,6,0.7,1,0,1,0,2
2;5;6;8;9,III;aVF;V1;V3;V4,6,0.8,1,0,1,0,2
2;5;6;8;9,III;aVF;V1;V3;V4,6,0.9,1,0,0,0,1
2;5;6;8;9;10,III;aVF;V1;V3;V4;V5,7,0.5,1,1,1,0,3
2;5;6;8;9;10,III;aVF;V1;V3;V4;V5,7,0.6,1,0,1,0,2
2;5;6;8;9;10,III;aVF;V1;V3;V4;V5,7,0.7,1,0,1,0,2
2;5;6;8;9;10,III;aVF;V1;V3;V4;V5,7,0.8,1,0,1,0,2
2;5;6;8;9;10,III;aVF;V1;V3;V4;V5,7,0.9,1,0,0,0,1
2;5;6;8;9;10;11,III;aVF;V1;V3;V4;V5;V6,8,0.5,1,1,1,0,3
2;5;6;8;9;10;11,III;aVF;V1;V3;V4;V5;V6,8,0.6,1,0,1,0,2
2;5;6;8;9;10;11,III;aVF;V1;V3;V4;V5;V6,8,0.7,1,0,1,0,2
2;5;6;8;9;10;11,III;aVF;V1;V3;V4;V5;V6,8,0.8,1,0,1,0,2
2;5;6;8;9;10;11,III;aVF;V1;V3;V4;V5;V6,8,0.9,1,0,0,0,1
2;5;6;8;9;11,III;aVF;V1;V3;V4;V6,7,0.5,1,1,1,0,3
2;5;6;8;9;11,III;aVF;V1;V3;V4;V6,7,0.6,1,0,1,0,2
2;5;6;8;9;11,III;aVF;V1;V3;V4;V6,7,0.7,1,0,1,0,2
2;5;6;8;9;11,III;aVF;V1;V3;V4;V6,7,0.8,1,0,1,0,2
2;5;6;8;9;11,III;aVF;V1;V3;V4;V6,7,0.9,1,0,0,0,1
2;5;6;8;10,III;aVF;V1;V3;V5,6,0.5,1,1,1,0,3
2;5;6;8;10,III;aVF;V1;V3;V5,6,0.6,1,0,1,0,2
2;5;6;8;10,III;aVF;V1;V3;V5,6,0.7,1,0,1,0,2
2;5;6;8;10,III;aVF;V1;V3;V5,6,0.8,1,0,1,0,2
2;5;6;8;10,III;aVF;V1;V3;V5,6,0.9,1,0,0,0,1
2;5;6;8;10;11,III;aVF;V1;V3;V5;V6,7,0.5,1,1,1,0,3
2;5;6;8;10;11,III;aVF;V1;V3;V5;V6,7,0.6,1,0,1,0,2
2;5;6;8;10;11,III;aVF;V1;V3;V5;V6,7,0.7,1,0,1,0,2
2;5;6;8;10;11,III;aVF;V1;V3;V5;V6,7,0.8,1,0,1,0,2
2;5;6;8;10;11,III;aVF;V1;V3;V5;V6,7,0.9,1,0,0,0,1
2;5;6;8;11,III;aVF;V1;V3;V6,6,0.5,1,1,1,0,3
2;5;6;8;11,III;aVF;V1;V3;V6,6,0.6,1,0,1,0,2
2;5;6;8;11,III;aVF;V1;V3;V6,6,0.7,1,0,1,0,2
2;5;6;8;11,III;aVF;V1;V3;V6,6,0.8,1,0,1,0,2
2;5;6;8;11,III;aVF;V1;V3;V6,6,0.9,1,0,0,0,1
2;5;6;9,III;aVF;V1;V4,5,0.5,1,1,1,0,3
2;5;6;9,III;aVF;V1;V4,5,0.6,1,0,1,0,2
2;5;6;9,III;aVF;V1;V4,5,0.7,1,0,1,0,2
2;5;6;9,III;aVF;V1;V4,5,0.8,1,0,1,0,2
2;5;6;9,III;aVF;V1;V4,5,0.9,1,0,0,0,1
2;5;6;9;10,III;aVF;V1;V4;V5,6,0.5,1,1,1,0,3
2;5;6;9;10,III;aVF;V1;V4;V5,6,0.6,1,0,1,0,2
2;5;6;9;10,III;aVF;V1;V4;V5,6,0.7,1,0,1,0,2
2;5;6;9;10,III;aVF;V1;V4;V5,6,0.8,1,0,1,0,2
2;5;6;9;10,III;aVF;V1;V4;V5,6,0.9,1,0,0,0,1
2;5;6;9;10;11,III;aVF;V1;V4;V5;V6,7,0.5,1,1,1,0,3
2;5;6;9;10;11,III;aVF;V1;V4;V5;V6,7,0.6,1,0,1,0,2
2;5;6;9;10;11,III;aVF;V1;V4;V5;V6,7,0.7,1,0,1,0,2
2;5;6;9;10;11,III;aVF;V1;V4;V5;V6,7,0.8,1,0,1,0,2
2;5;6;9;10;11,III;aVF;V1;V4;V5;V6,7,0.9,1,0,0,0,1
2;5;6;9;11,III;aVF;V1;V4;V6,6,0.5,1,1,1,0,3
2;5;6;9;11,III;aVF;V1;V4;V6,6,0.6,1,0,1,0,2
2;5;6;9;11,III;aVF;V1;V4;V6,6,0.7,1,0,1,0,2
2;5;6;9;11,III;aVF;V1;V4;V6,6,0.8,1,0,1,0,2
2;5;6;9;11,III;aVF;V1;V4;V6,6,0.9,1,0,0,0,1
2;5;6;10,III;aVF;V1;V5,5,0.5,1,1,1,0,3
2;5;6;10,III;aVF;V1;V5,5,0.6,1,1,1,0,3
2;5;6;10,III;aVF;V1;V5,5,0.7,1,0,1,0,2
2;5;6;10,III;aVF;V1;V5,5,0.8,1,0,1,0,2
2;5;6;10,III;aVF;V1;V5,5,0.9,1,0,0,0,1
2;5;6;10;11,III;aVF;V1;V5;V6,6,0.5,1,1,1,0,3
2;5;6;10;11,III;aVF;V1;V5;V6,6,0.6,1,1,1,0,3
2;5;6;10;11,III;aVF;V1;V5;V6,6,0.7,1,0,1,0,2
2;5;6;10;11,III;aVF;V1;V5;V6,6,0.8,1,0,1,0,2
2;5;6;10;11,III;aVF;V1;V5;V6,6,0.9,1,0,0,0,1
2;5;6;11,III;aVF;V1;V6,5,0.5,1,1,1,0,3
2;5;6;11,III;aVF;V1;V6,5,0.6,1,1,1,0,3
2;5;6;11,III;aVF;V1;V6,5,0.7,1,0,1,0,2
2;5;6;11,III;aVF;V1;V6,5,0.8,1,0,1,0,2
2;5;6;11,III;aVF;V1;V6,5,0.9,1,0,0,0,1
2;5;7,III;aVF;V2,4,0.5,1,1,1,0,3
2;5;7,III;aVF;V2,4,0.6,1,0,1,0,2
2;5;7,III;aVF;V2,4,0.7,1,0,1,0,2
2;5;7,III;aVF;V2,4,0.8,1,0,1,0,2
2;5;7,III;aVF;V2,4,0.9,1,0,0,0,1
2;5;7;8,III;aVF;V2;V3,5,0.5,1,1,1,0,3
2;5;7;8,III;aVF;V2;V3,5,0.6,1,0,1,0,2
2;5;7;8,III;aVF;V2;V3,5,0.7,1,0,1,0,2
2;5;7;8,III;aVF;V2;V3,5,0.8,1,0,1,0,2
2;5;7;8,III;aVF;V2;V3,5,0.9,1,0,0,0,1
2;5;7;8;9,III;aVF;V2;V3;V4,6,0.5,1,1,1,0,3
2;5;7;8;9,III;aVF;V2;V3;V4,6,0.6,1,1,1,0,3
2;5;7;8;9,III;aVF;V2;V3;V4,6,0.7,1,0,1,0,2
2;5;7;8;9,III;aVF;V2;V3;V4,6,0.8,1,0,1,0,2
2;5;7;8;9,III;aVF;V2;V3;V4,6,0.9,1,0,0,0,1
2;5;7;8;9;10,III;aVF;V2;V3;V4;V5,7,0.5,1,1,1,0,3
2;5;7;8;9;10,III;aVF;V2;V3;V4;V5,7,0.6,1,0,1,0,2
2;5;7;8;9;10,III;aVF;V2;V3;V4;V5,7,0.7,1,0,1,0,2
2;5;7;8;9;10,III;aVF;V2;V3;V4;V5,7,0.8,1,0,0,0,1
2;5;7;8;9;10,III;aVF;V2;V3;V4;V5,7,0.9,1,0,0,0,1
2;5;7;8;9;10;11,III;aVF;V2;V3;V4;V5;V6,8,0.5,1,1,1,0,3
2;5;7;8;9;10;11,III;aVF;V2;V3;V4;V5;V6,8,0.6,1,0,1,0,2
2;5;7;8;9;10;11,III;aVF;V2;V3;V4;V5;V6,8,0.7,1,0,1,0,2
2;5;7;8;9;10;11,III;aVF;V2;V3;V4;V5;V6,8,0.8,1,0,0,0,1
2;5;7;8;9;10;11,III;aVF;V2;V3;V4;V5;V6,8,0.9,1,0,0,0,1
2;5;7;8;9;11,III;aVF;V2;V3;V4;V6,7,0.5,1,1,1,0,3
2;5;7;8;9;11,III;aVF;V2;V3;V4;V6,7,0.6,1,0,1,0,2
2;5;7;8;9;11,III;aVF;V2;V3;V4;V6,7,0.7,1,0,1,0,2
2;5;7;8;9;11,III;aVF;V2;V3;V4;V6,7,0.8,1,0,0,0,1
2;5;7;8;9;11,III;aVF;V2;V3;V4;V6,7,0.9,1,0,0,0,1
2;5;7;8;10,III;aVF;V2;V3;V5,6,0.5,1,1,1,0,3
2;5;7;8;10,III;aVF;V2;V3;V5,6,0.6,1,0,1,0,2
2;5;7;8;10,III;aVF;V2;V3;V5,6,0.7,1,0,1,0,2
2;5;7;8;10,III;aVF;V2;V3;V5,6,0.8,1,0,0,0,1
2;5;7;8;10,III;aVF;V2;V3;V5,6,0.9,1,0,0,0,1
2;5;7;8;10;11,III;aVF;V2;V3;V5;V6,7,0.5,1,1,1,0,3
2;5;7;8;10;11,III;aVF;V2;V3;V5;V6,7,0.6,1,0,1,0,2
2;5;7;8;10;11,III;aVF;V2;V3;V5;V6,7,0.7,1,0,1,0,2
2;5;7;8;10;11,III;aVF;V2;V3;V5;V6,7,0.8,1,0,0,0,1
2;5;7;8;10;11,III;aVF;V2;V3;V5;V6,7,0.9,1,0,0,0,1
2;5;7;8;11,III;aVF;V2;V3;V6,6,0.5,1,1,1,0,3
2;5;7;8;11,III;aVF;V2;V3;V6,6,0.6,1,0,1,0,2
2;5;7;8;11,III;aVF;V2;V3;V6,6,0.7,1,0,1,0,2
2;5;7;8;11,III;aVF;V2;V3;V6,6,0.8,1,0,0,0,1
2;5;7;8;11,III;aVF;V2;V3;V6,6,0.9,1,0,0,0,1
2;5;7;9,III;aVF;V2;V4,5,0.5,1,1,1,0,3
2;5;7;9,III;aVF;V2;V4,5,0.6,1,0,1,0,2
2;5;7;9,III;aVF;V2;V4,5,0.7,1,0,1,0,2
2;5;7;9,III;aVF;V2;V4,5,0.8,1,0,1,0,2
2;5;7;9,III;aVF;V2;V4,5,0.9,1,0,0,0,1
2;5;7;9;10,III;aVF;V2;V4;V5,6,0.5,1,1,1,0,3
2;5;7;9;10,III;aVF;V2;V4;V5,6,0.6,1,0,1,0,2
2;5;7;9;10,III;aVF;V2;V4;V5,6,0.7,1,0,1,0,2
2;5;7;9;10,III;aVF;V2;V4;V5,6,0.8,1,0,1,0,2
2;5;7;9;10,III;aVF;V2;V4;V5,6,0.9,1,0,0,0,1
2;5;7;9;10;11,III;aVF;V2;V4;V5;V6,7,0.5,1,1,1,0,3
2;5;7;9;10;11,III;aVF;V2;V4;V5;V6,7,0.6,1,0,1,0,2
2;5;7;9;10;11,III;aVF;V2;V4;V5;V6,7,0.7,1,0,1,0,2
2;5;7;9;10;11,III;aVF;V2;V4;V5;V6,7,0.8,1,0,1,0,2
2;5;7;9;10;11,III;aVF;V2;V4;V5;V6,7,0.9,1,0,0,0,1
2;5;7;9;11,III;aVF;V2;V4;V6,6,0.5,1,1,1,0,3
2;5;7;9;11,III;aVF;V2;V4;V6,6,0.6,1,0,1,0,2
2;5;7;9;11,III;aVF;V2;V4;V6,6,0.7,1,0,1,0,2
2;5;7;9;11,III;aVF;V2;V4;V6,6,0.8,1,0,1,0,2
2;5;7;9;11,III;aVF;V2;V4;V6,6,0.9,1,0,0,0,1
2;5;7;10,III;aVF;V2;V5,5,0.5,1,1,1,0,3
2;5;7;10,III;aVF;V2;V5,5,0.6,1,0,1,0,2
2;5;7;10,III;aVF;V2;V5,5,0.7,1,0,1,0,2
2;5;7;10,III;aVF;V2;V5,5,0.8,1,0,0,0,1
2;5;7;10,III;aVF;V2;V5,5,0.9,1,0,0,0,1
2;5;7;10;11,III;aVF;V2;V5;V6,6,0.5,1,1,1,0,3
2;5;7;10;11,III;aVF;V2;V5;V6,6,0.6,1,0,1,0,2
2;5;7;10;11,III;aVF;V2;V5;V6,6,0.7,1,0,1,0,2
2;5;7;10;11,III;aVF;V2;V5;V6,6,0.8,1,0,0,0,1
2;5;7;10;11,III;aVF;V2;V5;V6,6,0.9,1,0,0,0,1
2;5;7;11,III;aVF;V2;V6,5,0.5,1,1,1,0,3
2;5;7;11,III;aVF;V2;V6,5,0.6,1,0,1,0,2
2;5;7;11,III;aVF;V2;V6,5,0.7,1,0,1,0,2
2;5;7;11,III;aVF;V2;V6,5,0.8,1,0,0,0,1
2;5;7;11,III;aVF;V2;V6,5,0.9,1,0,0,0,1
2;5;8,III;aVF;V3,4,0.5,1,1,1,0,3
2;5;8,III;aVF;V3,4,0.6,1,0,1,0,2
2;5;8,III;aVF;V3,4,0.7,1,0,1,0,2
2;5;8,III;aVF;V3,4,0.8,1,0,1,0,2
2;5;8,III;aVF;V3,4,0.9,1,0,0,0,1
2;5;8;9,III;aVF;V3;V4,5,0.5,1,1,1,0,3
2;5;8;9,III;aVF;V3;V4,5,0.6,1,0,1,0,2
2;5;8;9,III;aVF;V3;V4,5,0.7,1,0,1,0,2
2;5;8;9,III;aVF;V3;V4,5,0.8,1,0,1,0,2
2;5;8;9,III;aVF;V3;V4,5,0.9,1,0,0,0,1
2;5;8;9;10,III;aVF;V3;V4;V5,6,0.5,1,1,1,0,3
2;5;8;9;10,III;aVF;V3;V4;V5,6,0.6,1,0,1,0,2
2;5;8;9;10,III;aVF;V3;V4;V5,6,0.7,1,0,1,0,2
2;5;8;9;10,III;aVF;V3;V4;V5,6,0.8,1,0,0,0,1
2;5;8;9;10,III;aVF;V3;V4;V5,6,0.9,1,0,0,0,1
2;5;8;9;10;11,III;aVF;V3;V4;V5;V6,7,0.5,1,1,1,0,3
2;5;8;9;10;11,III;aVF;V3;V4;V5;V6,7,0.6,1,0,1,0,2
2;5;8;9;10;11,III;aVF;V3;V4;V5;V6,7,0.7,1,0,1,0,2
2;5;8;9;10;11,III;aVF;V3;V4;V5;V6,7,0.8,1,0,0,0,1
2;5;8;9;10;11,III;aVF;V3;V4;V5;V6,7,0.9,1,0,0,0,1
2;5;8;9;11,III;aVF;V3;V4;V6,6,0.5,1,1,1,0,3
2;5;8;9;11,III;aVF;V3;V4;V6,6,0.6,1,0,1,0,2
2;5;8;9;11,III;aVF;V3;V4;V6,6,0.7,1,0,1,0,2
2;5;8;9;11,III;aVF;V3;V4;V6,6,0.8,1,0,0,0,1
2;5;8;9;11,III;aVF;V3;V4;V6,6,0.9,1,0,0,0,1
2;5;8;10,III;aVF;V3;V5,5,0.5,1,1,1,0,3
2;5;8;10,III;aVF;V3;V5,5,0.6,1,0,1,0,2
2;5;8;10,III;aVF;V3;V5,5,0.7,1,0,1,0,2
2;5;8;10,III;aVF;V3;V5,5,0.8,1,0,0,0,1
2;5;8;10,III;aVF;V3;V5,5,0.9,1,0,0,0,1
2;5;8;10;11,III;aVF;V3;V5;V6,6,0.5,1,1,1,0,3
2;5;8;10;11,III;aVF;V3;V5;V6,6,0.6,1,0,1,0,2
2;5;8;10;11,III;aVF;V3;V5;V6,6,0.7,1,0,1,0,2
2;5;8;10;11,III;aVF;V3;V5;V6,6,0.8,1,0,0,0,1
2;5;8;10;11,III;aVF;V3;V5;V6,6,0.9,1,0,0,0,1
2;5;8;11,III;aVF;V3;V6,5,0.5,1,1,1,0,3
2;5;8;11,III;aVF;V3;V6,5,0.6,1,0,1,0,2
2;5;8;11,III;aVF;V3;V6,5,0.7,1,0,1,0,2
2;5;8;11,III;aVF;V3;V6,5,0.8,1,0,1,0,2
2;5;8;11,III;aVF;V3;V6,5,0.9,1,0,0,0,1
2;5;9,III;aVF;V4,4,0.5,1,1,1,0,3
2;5;9,III;aVF;V4,4,0.6,1,0,1,0,2
2;5;9,III;aVF;V4,4,0.7,1,0,1,0,2
2;5;9,III;aVF;V4,4,0.8,1,0,1,0,2
2;5;9,III;aVF;V4,4,0.9,1,0,0,0,1
2;5;9;10,III;aVF;V4;V5,5,0.5,1,1,1,0,3
2;5;9;10,III;aVF;V4;V5,5,0.6,1,0,1,0,2
2;5;9;10,III;aVF;V4;V5,5,0.7,1,0,1,0,2
2;5;9;10,III;aVF;V4;V5,5,0.8,1,0,1,0,2
2;5;9;10,III;aVF;V4;V5,5,0.9,1,0,0,0,1
2;5;9;10;11,III;aVF;V4;V5;V6,6,0.5,1,1,1,0,3
2;5;9;10;11,III;aVF;V4;V5;V6,6,0.6,1,0,1,0,2
2;5;9;10;11,III;aVF;V4;V5;V6,6,0.7,1,0,1,0,2
2;5;9;10;11,III;aVF;V4;V5;V6,6,0.8,1,0,1,0,2
2;5;9;10;11,III;aVF;V4;V5;V6,6,0.9,1,0,0,0,1
2;5;9;11,III;aVF;V4;V6,5,0.5,1,1,1,0,3
2;5;9;11,III;aVF;V4;V6,5,0.6,1,0,1,0,2
2;5;9;11,III;aVF;V4;V6,5,0.7,1,0,1,0,2
2;5;9;11,III;aVF;V4;V6,5,0.8,1,0,1,0,2
2;5;9;11,III;aVF;V4;V6,5,0.9,1,0,0,0,1
2;5;10,III;aVF;V5,4,0.5,1,1,1,0,3
2;5;10,III;aVF;V5,4,0.6,1,0,1,0,2
2;5;10,III;aVF;V5,4,0.7,1,0,1,0,2
2;5;10,III;aVF;V5,4,0.8,1,0,0,0,1
2;5;10,III;aVF;V5,4,0.9,1,0,0,0,1
2;5;10;11,III;aVF;V5;V6,5,0.5,1,1,1,0,3
2;5;10;11,III;aVF;V5;V6,5,0.6,1,0,1,0,2
2;5;10;11,III;aVF;V5;V6,5,0.7,1,0,1,0,2
2;5;10;11,III;aVF;V5;V6,5,0.8,1,0,0,0,1
2;5;10;11,III;aVF;V5;V6,5,0.9,1,0,0,0,1
2;5;11,III;aVF;V6,4,0.5,1,1,1,0,3
2;5;11,III;aVF;V6,4,0.6,1,0,1,0,2
2;5;11,III;aVF;V6,4,0.7,1,0,1,0,2
2;5;11,III;aVF;V6,4,0.8,1,0,1,0,2
2;5;11,III;aVF;V6,4,0.9,1,0,0,0,1
2;6,III;V1,4,0.5,1,0,1,0,2
2;6,III;V1,4,0.6,1,0,1,0,2
2;6,III;V1,4,0.7,1,0,1,0,2
2;6,III;V1,4,0.8,1,0,1,0,2
2;6,III;V1,4,0.9,1,0,0,0,1
2;6;7,III;V1;V2,5,0.5,1,1,1,0,3
2;6;7,III;V1;V2,5,0.6,1,0,1,0,2
2;6;7,III;V1;V2,5,0.7,1,0,1,0,2
2;6;7,III;V1;V2,5,0.8,1,0,1,0,2
2;6;7,III;V1;V2,5,0.9,1,0,0,0,1
2;6;7;8,III;V1;V2;V3,6,0.5,1,1,1,0,3
2;6;7;8,III;V1;V2;V3,6,0.6,1,0,1,0,2
2;6;7;8,III;V1;V2;V3,6,0.7,1,0,1,0,2
2;6;7;8,III;V1;V2;V3,6,0.8,1,0,1,0,2
2;6;7;8,III;V1;V2;V3,6,0.9,1,0,0,0,1
2;6;7;8;9,III;V1;V2;V3;V4,7,0.5,1,1,1,0,3
2;6;7;8;9,III;V1;V2;V3;V4,7,0.6,1,0,1,0,2
2;6;7;8;9,III;V1;V2;V3;V4,7,0.7,1,0,1,0,2
2;6;7;8;9,III;V1;V2;V3;V4,7,0.8,1,0,1,0,2
2;6;7;8;9,III;V1;V2;V3;V4,7,0.9,1,0,0,0,1
2;6;7;8;9;10,III;V1;V2;V3;V4;V5,8,0.5,1,1,1,0,3
2;6;7;8;9;10,III;V1;V2;V3;V4;V5,8,0.6,1,0,1,0,2
2;6;7;8;9;10,III;V1;V2;V3;V4;V5,8,0.7,1,0,1,0,2
2;6;7;8;9;10,III;V1;V2;V3;V4;V5,8,0.8,1,0,1,0,2
2;6;7;8;9;10,III;V1;V2;V3;V4;V5,8,0.9,1,0,0,0,1
2;6;7;8;9;10;11,III;V1;V2;V3;V4;V5;V6,9,0.5,1,1,1,0,3
2;6;7;8;9;10;11,III;V1;V2;V3;V4;V5;V6,9,0.6,1,0,1,0,2
2;6;7;8;9;10;11,III;V1;V2;V3;V4;V5;V6,9,0.7,1,0,1,0,2
2;6;7;8;9;10;11,III;V1;V2;V3;V4;V5;V6,9,0.8,1,0,1,0,2
2;6;7;8;9;10;11,III;V1;V2;V3;V4;V5;V6,9,0.9,1,0,0,0,1
2;6;7;8;9;11,III;V1;V2;V3;V4;V6,8,0.5,1,1,1,0,3
2;6;7;8;9;11,III;V1;V2;V3;V4;V6,8,0.6,1,0,1,0,2
2;6;7;8;9;11,III;V1;V2;V3;V4;V6,8,0.7,1,0,1,0,2
2;6;7;8;9;11,III;V1;V2;V3;V4;V6,8,0.8,1,0,1,0,2
2;6;7;8;9;11,III;V1;V2;V3;V4;V6,8,0.9,1,0,0,0,1
2;6;7;8;10,III;V1;V2;V3;V5,7,0.5,1,1,1,0,3
2;6;7;8;10,III;V1;V2;V3;V5,7,0.6,1,0,1,0,2
2;6;7;8;10,III;V1;V2;V3;V5,7,0.7,1,0,1,0,2
2;6;7;8;10,III;V1;V2;V3;V5,7,0.8,1,0,1,0,2
2;6;7;8;10,III;V1;V2;V3;V5,7,0.9,1,0,0,0,1
2;6;7;8;10;11,III;V1;V2;V3;V5;V6,8,0.5,1,1,1,0,3
2;6;7;8;10;11,III;V1;V2;V3;V5;V6,8,0.6,1,0,1,0,2
2;6;7;8;10;11,III;V1;V2;V3;V5;V6,8,0.7,1,0,1,0,2
2;6;7;8;10;11,III;V1;V2;V3;V5;V6,8,0.8,1,0,0,0,1
2;6;7;8;10;11,III;V1;V2;V3;V5;V6,8,0.9,1,0,0,0,1
2;6;7;8;11,III;V1;V2;V3;V6,7,0.5,1,1,1,0,3
2;6;7;8;11,III;V1;V2;V3;V6,7,0.6,1,0,1,0,2
2;6;7;8;11,III;V1;V2;V3;V6,7,0.7,1,0,1,0,2
2;6;7;8;11,III;V1;V2;V3;V6,7,0.8,1,0,1,0,2
2;6;7;8;11,III;V1;V2;V3;V6,7,0.9,1,0,0,0,1
2;6;7;9,III;V1;V2;V4,6,0.5,1,1,1,0,3
2;6;7;9,III;V1;V2;V4,6,0.6,1,0,1,0,2
2;6;7;9,III;V1;V2;V4,6,0.7,1,0,1,0,2
2;6;7;9,III;V1;V2;V4,6,0.8,1,0,1,0,2
2;6;7;9,III;V1;V2;V4,6,0.9,1,0,0,0,1
2;6;7;9;10,III;V1;V2;V4;V5,7,0.5,1,1,1,0,3
2;6;7;9;10,III;V1;V2;V4;V5,7,0.6,1,0,1,0,2
2;6;7;9;10,III;V1;V2;V4;V5,7,0.7,1,0,1,0,2
2;6;7;9;10,III;V1;V2;V4;V5,7,0.8,1,0,1,0,2
2;6;7;9;10,III;V1;V2;V4;V5,7,0.9,1,0,0,0,1
2;6;7;9;10;11,III;V1;V2;V4;V5;V6,8,0.5,1,1,1,0,3
2;6;7;9;10;11,III;V1;V2;V4;V5;V6,8,0.6,1,0,1,0,2
2;6;7;9;10;11,III;V1;V2;V4;V5;V6,8,0.7,1,0,1,0,2
2;6;7;9;10;11,III;V1;V2;V4;V5;V6,8,0.8,1,0,0,0,1
2;6;7;9;10;11,III;V1;V2;V4;V5;V6,8,0.9,1,0,0,0,1
2;6;7;9;11,III;V1;V2;V4;V6,7,0.5,1,1,1,0,3
2;6;7;9;11,III;V1;V2;V4;V6,7,0.6,1,0,1,0,2
2;6;7;9;11,III;V1;V2;V4;V6,7,0.7,1,0,1,0,2
2;6;7;9;11,III;V1;V2;V4;V6,7,0.8,1,0,1,0,2
2;6;7;9;11,III;V1;V2;V4;V6,7,0.9,1,0,0,0,1
2;6;7;10,III;V1;V2;V5,6,0.5,1,1,1,0,3
2;6;7;10,III;V1;V2;V5,6,0.6,1,0,1,0,2
2;6;7;10,III;V1;V2;V5,6,0.7,1,0,1,0,2
2;6;7;10,III;V1;V2;V5,6,0.8,1,0,1,0,2
2;6;7;10,III;V1;V2;V5,6,0.9,1,0,0,0,1
2;6;7;10;11,III;V1;V2;V5;V6,7,0.5,1,1,1,0,3
2;6;7;10;11,III;V1;V2;V5;V6,7,0.6,1,0,1,0,2
2;6;7;10;11,III;V1;V2;V5;V6,7,0.7,1,0,1,0,2
2;6;7;10;11,III;V1;V2;V5;V6,7,0.8,1,0,1,0,2
2;6;7;10;11,III;V1;V2;V5;V6,7,0.9,1,0,0,0,1
2;6;7;11,III;V1;V2;V6,6,0.5,1,1,1,0,3
2;6;7;11,III;V1;V2;V6,6,0.6,1,0,1,0,2
2;6;7;11,III;V1;V2;V6,6,0.7,1,0,1,0,2
2;6;7;11,III;V1;V2;V6,6,0.8,1,0,1,0,2
2;6;7;11,III;V1;V2;V6,6,0.9,1,0,0,0,1
2;6;8,III;V1;V3,5,0.5,1,1,1,0,3
2;6;8,III;V1;V3,5,0.6,1,0,1,0,2
2;6;8,III;V1;V3,5,0.7,1,0,1,0,2
2;6;8,III;V1;V3,5,0.8,1,0,1,0,2
2;6;8,III;V1;V3,5,0.9,1,0,0,0,1
2;6;8;9,III;V1;V3;V4,6,0.5,1,1,1,0,3
2;6;8;9,III;V1;V3;V4,6,0.6,1,0,1,0,2
2;6;8;9,III;V1;V3;V4,6,0.7,1,0,1,0,2
2;6;8;9,III;V1;V3;V4,6,0.8,1,0,1,0,2
2;6;8;9,III;V1;V3;V4,6,0.9,1,0,0,0,1
2;6;8;9;10,III;V1;V3;V4;V5,7,0.5,1,1,1,0,3
2;6;8;9;10,III;V1;V3;V4;V5,7,0.6,1,0,1,0,2
2;6;8;9;10,III;V1;V3;V4;V5,7,0.7,1,0,1,0,2
2;6;8;9;10,III;V1;V3;V4;V5,7,0.8,1,0,1,0,2
2;6;8;9;10,III;V1;V3;V4;V5,7,0.9,1,0,0,0,1
2;6;8;9;10;11,III;V1;V3;V4;V5;V6,8,0.5,1,1,1,0,3
2;6;8;9;10;11,III;V1;V3;V4;V5;V6,8,0.6,1,0,1,0,2
2;6;8;9;10;11,III;V1;V3;V4;V5;V6,8,0.7,1,0,1,0,2
2;6;8;9;10;11,III;V1;V3;V4;V5;V6,8,0.8,1,0,1,0,2
2;6;8;9;10;11,III;V1;V3;V4;V5;V6,8,0.9,1,0,0,0,1
2;6;8;9;11,III;V1;V3;V4;V6,7,0.5,1,1,1,0,3
2;6;8;9;11,III;V1;V3;V4;V6,7,0.6,1,0,1,0,2
2;6;8;9;11,III;V1;V3;V4;V6,7,0.7,1,0,1,0,2
2;6;8;9;11,III;V1;V3;V4;V6,7,0.8,1,0,1,0,2
2;6;8;9;11,III;V1;V3;V4;V6,7,0.9,1,0,0,0,1
2;6;8;10,III;V1;V3;V5,6,0.5,1,1,1,0,3
2;6;8;10,III;V1;V3;V5,6,0.6,1,0,1,0,2
2;6;8;10,III;V1;V3;V5,6,0.7,1,0,1,0,2
2;6;8;10,III;V1;V3;V5,6,0.8,1,0,1,0,2
2;6;8;10,III;V1;V3;V5,6,0.9,1,0,0,0,1
2;6;8;10;11,III;V1;V3;V5;V6,7,0.5,1,1,1,0,3
2;6;8;10;11,III;V1;V3;V5;V6,7,0.6,1,0,1,0,2
2;6;8;10;11,III;V1;V3;V5;V6,7,0.7,1,0,1,0,2
2;6;8;10;11,III;V1;V3;V5;V6,7,0.8,1,0,1,0,2
2;6;8;10;11,III;V1;V3;V5;V6,7,0.9,1,0,0,0,1
2;6;8;11,III;V1;V3;V6,6,0.5,1,1,1,0,3
2;6;8;11,III;V1;V3;V6,6,0.6,1,0,1,0,2
2;6;8;11,III;V1;V3;V6,6,0.7,1,0,1,0,2
2;6;8;11,III;V1;V3;V6,6,0.8,1,0,1,0,2
2;6;8;11,III;V1;V3;V6,6,0.9,1,0,0,0,1
2;6;9,III;V1;V4,5,0.5,1,1,1,0,3
2;6;9,III;V1;V4,5,0.6,1,0,1,0,2
2;6;9,III;V1;V4,5,0.7,1,0,1,0,2
2;6;9,III;V1;V4,5,0.8,1,0,1,0,2
2;6;9,III;V1;V4,5,0.9,1,0,0,0,1
2;6;9;10,III;V1;V4;V5,6,0.5,1,1,1,0,3
2;6;9;10,III;V1;V4;V5,6,0.6,1,0,1,0,2
2;6;9;10,III;V1;V4;V5,6,0.7,1,0,1,0,2
2;6;9;10,III;V1;V4;V5,6,0.8,1,0,1,0,2
2;6;9;10,III;V1;V4;V5,6,0.9,1,0,0,0,1
2;6;9;10;11,III;V1;V4;V5;V6,7,0.5,1,1,1,0,3
2;6;9;10;11,III;V1;V4;V5;V6,7,0.6,1,0,1,0,2
2;6;9;10;11,III;V1;V4;V5;V6,7,0.7,1,0,1,0,2
2;6;9;10;11,III;V1;V4;V5;V6,7,0.8,1,0,1,0,2
2;6;9;10;11,III;V1;V4;V5;V6,7,0.9,1,0,0,0,1
2;6;9;11,III;V1;V4;V6,6,0.5,1,1,1,0,3
2;6;9;11,III;V1;V4;V6,6,0.6,1,0,1,0,2
2;6;9;11,III;V1;V4;V6,6,0.7,1,0,1,0,2
2;6;9;11,III;V1;V4;V6,6,0.8,1,0,1,0,2
2;6;9;11,III;V1;V4;V6,6,0.9,1,0,0,0,1
2;6;10,III;V1;V5,5,0.5,1,1,1,0,3
2;6;10,III;V1;V5,5,0.6,1,0,1,0,2
2;6;10,III;V1;V5,5,0.7,1,0,1,0,2
2;6;10,III;V1;V5,5,0.8,1,0,1,0,2
2;6;10,III;V1;V5,5,0.9,1,0,0,0,1
2;6;10;11,III;V1;V5;V6,6,0.5,1,1,1,0,3
2;6;10;11,III;V1;V5;V6,6,0.6,1,0,1,0,2
2;6;10;11,III;V1;V5;V6,6,0.7,1,0,1,0,2
2;6;10;11,III;V1;V5;V6,6,0.8,1,0,0,0,1
2;6;10;11,III;V1;V5;V6,6,0.9,1,0,0,0,1
2;6;11,III;V1;V6,5,0.5,1,1,1,0,3
2;6;11,III;V1;V6,5,0.6,1,0,1,0,2
2;6;11,III;V1;V6,5,0.7,1,0,1,0,2
2;6;11,III;V1;V6,5,0.8,1,0,1,0,2
2;6;11,III;V1;V6,5,0.9,1,0,0,0,1
2;7,III;V2,4,0.5,1,1,1,0,3
2;7,III;V2,4,0.6,1,0,1,0,2
2;7,III;V2,4,0.7,1,0,1,0,2
2;7,III;V2,4,0.8,1,0,1,0,2
2;7,III;V2,4,0.9,1,0,0,0,1
2;7;8,III;V2;V3,5,0.5,1,1,1,0,3
2;7;8,III;V2;V3,5,0.6,1,0,1,0,2
2;7;8,III;V2;V3,5,0.7,1,0,1,0,2
2;7;8,III;V2;V3,5,0.8,1,0,1,0,2
2;7;8,III;V2;V3,5,0.9,1,0,0,0,1
2;7;8;9,III;V2;V3;V4,6,0.5,1,1,1,0,3
2;7;8;9,III;V2;V3;V4,6,0.6,1,0,1,0,2
2;7;8;9,III;V2;V3;V4,6,0.7,1,0,1,0,2
2;7;8;9,III;V2;V3;V4,6,0.8,1,0,0,0,1
2;7;8;9,III;V2;V3;V4,6,0.9,1,0,0,0,1
2;7;8;9;10,III;V2;V3;V4;V5,7,0.5,1,1,1,0,3
2;7;8;9;10,III;V2;V3;V4;V5,7,0.6,1,0,1,0,2
2;7;8;9;10,III;V2;V3;V4;V5,7,0.7,1,0,1,0,2
2;7;8;9;10,III;V2;V3;V4;V5,7,0.8,1,0,0,0,1
2;7;8;9;10,III;V2;V3;V4;V5,7,0.9,1,0,0,0,1
2;7;8;9;10;11,III;V2;V3;V4;V5;V6,8,0.5,1,1,1,0,3
2;7;8;9;10;11,III;V2;V3;V4;V5;V6,8,0.6,1,0,1,0,2
2;7;8;9;10;11,III;V2;V3;V4;V5;V6,8,0.7,1,0,1,0,2
2;7;8;9;10;11,III;V2;V3;V4;V5;V6,8,0.8,1,0,0,0,1
2;7;8;9;10;11,III;V2;V3;V4;V5;V6,8,0.9,1,0,0,0,1
2;7;8;9;11,III;V2;V3;V4;V6,7,0.5,1,1,1,0,3
2;7;8;9;11,III;V2;V3;V4;V6,7,0.6,1,0,1,0,2
2;7;8;9;11,III;V2;V3;V4;V6,7,0.7,1,0,1,0,2
2;7;8;9;11,III;V2;V3;V4;V6,7,0.8,1,0,0,0,1
2;7;8;9;11,III;V2;V3;V4;V6,7,0.9,1,0,0,0,1
2;7;8;10,III;V2;V3;V5,6,0.5,1,1,1,0,3
2;7;8;10,III;V2;V3;V5,6,0.6,1,0,1,0,2
2;7;8;10,III;V2;V3;V5,6,0.7,1,0,1,0,2
2;7;8;10,III;V2;V3;V5,6,0.8,1,0,0,0,1
2;7;8;10,III;V2;V3;V5,6,0.9,1,0,0,0,1
2;7;8;10;11,III;V2;V3;V5;V6,7,0.5,1,1,1,0,3
2;7;8;10;11,III;V2;V3;V5;V6,7,0.6,1,0,1,0,2
2;7;8;10;11,III;V2;V3;V5;V6,7,0.7,1,0,1,0,2
2;7;8;10;11,III;V2;V3;V5;V6,7,0.8,1,0,0,0,1
2;7;8;10;11,III;V2;V3;V5;V6,7,0.9,1,0,0,0,1
2;7;8;11,III;V2;V3;V6,6,0.5,1,1,1,0,3
2;7;8;11,III;V2;V3;V6,6,0.6,1,0,1,0,2
2;7;8;11,III;V2;V3;V6,6,0.7,1,0,1,0,2
2;7;8;11,III;V2;V3;V6,6,0.8,1,0,0,0,1
2;7;8;11,III;V2;V3;V6,6,0.9,1,0,0,0,1
2;7;9,III;V2;V4,5,0.5,1,1,1,0,3
2;7;9,III;V2;V4,5,0.6,1,0,1,0,2
2;7;9,III;V2;V4,5,0.7,1,0,1,0,2
2;7;9,III;V2;V4,5,0.8,1,0,1,0,2
2;7;9,III;V2;V4,5,0.9,1,0,0,0,1
2;7;9;10,III;V2;V4;V5,6,0.5,1,1,1,0,3
2;7;9;10,III;V2;V4;V5,6,0.6,1,0,1,0,2
2;7;9;10,III;V2;V4;V5,6,0.7,1,0,1,0,2
2;7;9;10,III;V2;V4;V5,6,0.8,1,0,0,0,1
2;7;9;10,III;V2;V4;V5,6,0.9,1,0,0,0,1
2;7;9;10;11,III;V2;V4;V5;V6,7,0.5,1,1,1,0,3
2;7;9;10;11,III;V2;V4;V5;V6,7,0.6,1,0,1,0,2
2;7;9;10;11,III;V2;V4;V5;V6,7,0.7,1,0,1,0,2
2;7;9;10;11,III;V2;V4;V5;V6,7,0.8,1,0,0,0,1
2;7;9;10;11,III;V2;V4;V5;V6,7,0.9,1,0,0,0,1
2;7;9;11,III;V2;V4;V6,6,0.5,1,1,1,0,3
2;7;9;11,III;V2;V4;V6,6,0.6,1,0,1,0,2
2;7;9;11,III;V2;V4;V6,6,0.7,1,0,1,0,2
2;7;9;11,III;V2;V4;V6,6,0.8,1,0,0,0,1
2;7;9;11,III;V2;V4;V6,6,0.9,1,0,0,0,1
2;7;10,III;V2;V5,5,0.5,1,1,1,0,3
2;7;10,III;V2;V5,5,0.6,1,0,1,0,2
2;7;10,III;V2;V5,5,0.7,1,0,1,0,2
2;7;10,III;V2;V5,5,0.8,1,0,0,0,1
2;7;10,III;V2;V5,5,0.9,1,0,0,0,1
2;7;10;11,III;V2;V5;V6,6,0.5,1,1,1,0,3
2;7;10;11,III;V2;V5;V6,6,0.6,1,0,1,0,2
2;7;10;11,III;V2;V5;V6,6,0.7,1,0,1,0,2
2;7;10;11,III;V2;V5;V6,6,0.8,1,0,0,0,1
2;7;10;11,III;V2;V5;V6,6,0.9,1,0,0,0,1
2;7;11,III;V2;V6,5,0.5,1,1,1,0,3
2;7;11,III;V2;V6,5,0.6,1,0,1,0,2
2;7;11,III;V2;V6,5,0.7,1,0,1,0,2
2;7;11,III;V2;V6,5,0.8,1,0,1,0,2
2;7;11,III;V2;V6,5,0.9,1,0,0,0,1
2;8,III;V3,4,0.5,1,0,1,0,2
2;8,III;V3,4,0.6,1,0,1,0,2
2;8,III;V3,4,0.7,1,0,1,0,2
2;8,III;V3,4,0.8,1,0,1,0,2
2;8,III;V3,4,0.9,1,0,0,0,1
2;8;9,III;V3;V4,5,0.5,1,1,1,0,3
2;8;9,III;V3;V4,5,0.6,1,0,1,0,2
2;8;9,III;V3;V4,5,0.7,1,0,1,0,2
2;8;9,III;V3;V4,5,0.8,1,0,1,0,2
2;8;9,III;V3;V4,5,0.9,1,0,0,0,1
2;8;9;10,III;V3;V4;V5,6,0.5,1,1,1,0,3
2;8;9;10,III;V3;V4;V5,6,0.6,1,0,1,0,2
2;8;9;10,III;V3;V4;V5,6,0.7,1,0,1,0,2
2;8;9;10,III;V3;V4;V5,6,0.8,1,0,0,0,1
2;8;9;10,III;V3;V4;V5,6,0.9,1,0,0,0,1
2;8;9;10;11,III;V3;V4;V5;V6,7,0.5,1,1,1,0,3
2;8;9;10;11,III;V3;V4;V5;V6,7,0.6,1,0,1,0,2
2;8;9;10;11,III;V3;V4;V5;V6,7,0.7,1,0,1,0,2
2;8;9;10;11,III;V3;V4;V5;V6,7,0.8,1,0,0,0,1
2;8;9;10;11,III;V3;V4;V5;V6,7,0.9,1,0,0,0,1
2;8;9;11,III;V3;V4;V6,6,0.5,1,1,1,0,3
2;8;9;11,III;V3;V4;V6,6,0.6,1,0,1,0,2
2;8;9;11,III;V3;V4;V6,6,0.7,1,0,1,0,2
2;8;9;11,III;V3;V4;V6,6,0.8,1,0,0,0,1
2;8;9;11,III;V3;V4;V6,6,0.9,1,0,0,0,1
2;8;10,III;V3;V5,5,0.5,1,1,1,0,3
2;8;10,III;V3;V5,5,0.6,1,0,1,0,2
2;8;10,III;V3;V5,5,0.7,1,0,1,0,2
2;8;10,III;V3;V5,5,0.8,1,0,0,0,1
2;8;10,III;V3;V5,5,0.9,1,0,0,0,1
2;8;10;11,III;V3;V5;V6,6,0.5,1,1,1,0,3
2;8;10;11,III;V3;V5;V6,6,0.6,1,0,1,0,2
2;8;10;11,III;V3;V5;V6,6,0.7,1,0,1,0,2
2;8;10;11,III;V3;V5;V6,6,0.8,1,0,0,0,1
2;8;10;11,III;V3;V5;V6,6,0.9,1,0,0,0,1
2;8;11,III;V3;V6,5,0.5,1,1,1,0,3
2;8;11,III;V3;V6,5,0.6,1,0,1,0,2
2;8;11,III;V3;V6,5,0.7,1,0,1,0,2
2;8;11,III;V3;V6,5,0.8,1,0,0,0,1
2;8;11,III;V3;V6,5,0.9,1,0,0,0,1
2;9,III;V4,4,0.5,1,1,1,0,3
2;9,III;V4,4,0.6,1,0,1,0,2
2;9,III;V4,4,0.7,1,0,1,0,2
2;9,III;V4,4,0.8,1,0,1,0,2
2;9,III;V4,4,0.9,1,0,0,0,1
2;9;10,III;V4;V5,5,0.5,1,1,1,0,3
2;9;10,III;V4;V5,5,0.6,1,0,1,0,2
2;9;10,III;V4;V5,5,0.7,1,0,1,0,2
2;9;10,III;V4;V5,5,0.8,1,0,0,0,1
2;9;10,III;V4;V5,5,0.9,1,0,0,0,1
2;9;10;11,III;V4;V5;V6,6,0.5,1,1,1,0,3
2;9;10;11,III;V4;V5;V6,6,0.6,1,0,1,0,2
2;9;10;11,III;V4;V5;V6,6,0.7,1,0,1,0,2
2;9;10;11,III;V4;V5;V6,6,0.8,1,0,0,0,1
2;9;10;11,III;V4;V5;V6,6,0.9,1,0,0,0,1
2;9;11,III;V4;V6,5,0.5,1,1,1,0,3
2;9;11,III;V4;V6,5,0.6,1,0,1,0,2
2;9;11,III;V4;V6,5,0.7,1,0,1,0,2
2;9;11,III;V4;V6,5,0.8,1,0,1,0,2
2;9;11,III;V4;V6,5,0.9,1,0,0,0,1
2;10,III;V5,4,0.5,1,1,1,0,3
2;10,III;V5,4,0.6,1,0,1,0,2
2;10,III;V5,4,0.7,1,0,1,0,2
2;10,III;V5,4,0.8,1,0,0,0,1
2;10,III;V5,4,0.9,1,0,0,0,1
2;10;11,III;V5;V6,5,0.5,1,1,1,0,3
2;10;11,III;V5;V6,5,0.6,1,0,1,0,2
2;10;11,III;V5;V6,5,0.7,1,0,1,0,2
2;10;11,III;V5;V6,5,0.8,1,0,0,0,1
2;10;11,III;V5;V6,5,0.9,1,0,0,0,1
2;11,III;V6,4,0.5,1,1,1,0,3
2;11,III;V6,4,0.6,1,0,1,0,2
2;11,III;V6,4,0.7,1,0,1,0,2
2;11,III;V6,4,0.8,1,0,0,0,1
2;11,III;V6,4,0.9,0,0,0,0,0
3,aVR,3,0.5,1,1,1,0,3
3,aVR,3,0.6,1,1,1,0,3
3,aVR,3,0.7,1,0,1,0,2
3,aVR,3,0.8,1,0,1,0,2
3,aVR,3,0.9,1,0,0,0,1
3;4,aVR;aVL,3,0.5,1,1,1,0,3
3;4,aVR;aVL,3,0.6,1,1,1,0,3
3;4,aVR;aVL,3,0.7,1,0,1,0,2
3;4,aVR;aVL,3,0.8,1,0,1,0,2
3;4,aVR;aVL,3,0.9,1,0,0,0,1
3;4;5,aVR;aVL;aVF,3,0.5,1,1,1,0,3
3;4;5,aVR;aVL;aVF,3,0.6,1,1,1,0,3
3;4;5,aVR;aVL;aVF,3,0.7,1,0,1,0,2
3;4;5,aVR;aVL;aVF,3,0.8,1,0,1,0,2
3;4;5,aVR;aVL;aVF,3,0.9,1,0,0,0,1
3;4;5;6,aVR;aVL;aVF;V1,4,0.5,1,1,1,0,3
3;4;5;6,aVR;aVL;aVF;V1,4,0.6,1,1,1,0,3
3;4;5;6,aVR;aVL;aVF;V1,4,0.7,1,0,1,0,2
3;4;5;6,aVR;aVL;aVF;V1,4,0.8,1,0,1,0,2
3;4;5;6,aVR;aVL;aVF;V1,4,0.9,1,0,0,0,1
3;4;5;6;7,aVR;aVL;aVF;V1;V2,5,0.5,1,1,1,0,3
3;4;5;6;7,aVR;aVL;aVF;V1;V2,5,0.6,1,1,1,0,3
3;4;5;6;7,aVR;aVL;aVF;V1;V2,5,0.7,1,0,1,0,2
3;4;5;6;7,aVR;aVL;aVF;V1;V2,5,0.8,1,0,1,0,2
3;4;5;6;7,aVR;aVL;aVF;V1;V2,5,0.9,1,0,0,0,1
3;4;5;6;7;8,aVR;aVL;aVF;V1;V2;V3,6,0.5,1,1,1,0,3
3;4;5;6;7;8,aVR;aVL;aVF;V1;V2;V3,6,0.6,1,1,1,0,3
3;4;5;6;7;8,aVR;aVL;aVF;V1;V2;V3,6,0.7,1,0,1,0,2
3;4;5;6;7;8,aVR;aVL;aVF;V1;V2;V3,6,0.8,1,0,1,0,2
3;4;5;6;7;8,aVR;aVL;aVF;V1;V2;V3,6,0.9,1,0,0,0,1
3;4;5;6;7;8;9,aVR;aVL;aVF;V1;V2;V3;V4,7,0.5,1,1,1,0,3
3;4;5;6;7;8;9,aVR;aVL;aVF;V1;V2;V3;V4,7,0.6,1,0,1,0,2
3;4;5;6;7;8;9,aVR;aVL;aVF;V1;V2;V3;V4,7,0.7,1,0,1,0,2
3;4;5;6;7;8;9,aVR;aVL;aVF;V1;V2;V3;V4,7,0.8,1,0,1,0,2
3;4;5;6;7;8;9,aVR;aVL;aVF;V1;V2;V3;V4,7,0.9,1,0,0,0,1
3;4;5;6;7;8;9;10,aVR;aVL;aVF;V1;V2;V3;V4;V5,8,0.5,1,1,1,0,3
3;4;5;6;7;8;9;10,aVR;aVL;aVF;V1;V2;V3;V4;V5,8,0.6,1,0,1,0,2
3;4;5;6;7;8;9;10,aVR;aVL;aVF;V1;V2;V3;V4;V5,8,0.7,1,0,1,0,2
3;4;5;6;7;8;9;10,aVR;aVL;aVF;V1;V2;V3;V4;V5,8,0.8,1,0,1,0,2
3;4;5;6;7;8;9;10,aVR;aVL;aVF;V1;V2;V3;V4;V5,8,0.9,1,0,0,0,1
3;4;5;6;7;8;9;10;11,aVR;aVL;aVF;V1;V2;V3;V4;V5;V6,9,0.5,1,1,1,0,3
3;4;5;6;7;8;9;10;11,aVR;aVL;aVF;V1;V2;V3;V4;V5;V6,9,0.6,1,0,1,0,2
3;4;5;6;7;8;9;10;11,aVR;aVL;aVF;V1;V2;V3;V4;V5;V6,9,0.7,1,0,1,0,2
3;4;5;6;7;8;9;10;11,aVR;aVL;aVF;V1;V2;V3;V4;V5;V6,9,0.8,1,0,1,0,2
3;4;5;6;7;8;9;10;11,aVR;aVL;aVF;V1;V2;V3;V4;V5;V6,9,0.9,1,0,0,0,1
3;4;5;6;7;8;9;11,aVR;aVL;aVF;V1;V2;V3;V4;V6,8,0.5,1,1,1,0,3
3;4;5;6;7;8;9;11,aVR;aVL;aVF;V1;V2;V3;V4;V6,8,0.6,1,0,1,0,2
3;4;5;6;7;8;9;11,aVR;aVL;aVF;V1;V2;V3;V4;V6,8,0.7,1,0,1,0,2
3;4;5;6;7;8;9;11,aVR;aVL;aVF;V1;V2;V3;V4;V6,8,0.8,1,0,1,0,2
3;4;5;6;7;8;9;11,aVR;aVL;aVF;V1;V2;V3;V4;V6,8,0.9,1,0,0,0,1
3;4;5;6;7;8;10,aVR;aVL;aVF;V1;V2;V3;V5,7,0.5,1,1,1,0,3
3;4;5;6;7;8;10,aVR;aVL;aVF;V1;V2;V3;V5,7,0.6,1,0,1,0,2
3;4;5;6;7;8;10,aVR;aVL;aVF;V1;V2;V3;V5,7,0.7,1,0,1,0,2
3;4;5;6;7;8;10,aVR;aVL;aVF;V1;V2;V3;V5,7,0.8,1,0,1,0,2
3;4;5;6;7;8;10,aVR;aVL;aVF;V1;V2;V3;V5,7,0.9,1,0,0,0,1
3;4;5;6;7;8;10;11,aVR;aVL;aVF;V1;V2;V3;V5;V6,8,0.5,1,1,1,0,3
3;4;5;6;7;8;10;11,aVR;aVL;aVF;V1;V2;V3;V5;V6,8,0.6,1,0,1,0,2
3;4;5;6;7;8;10;11,aVR;aVL;aVF;V1;V2;V3;V5;V6,8,0.7,1,0,1,0,2
3;4;5;6;7;8;10;11,aVR;aVL;aVF;V1;V2;V3;V5;V6,8,0.8,1,0,1,0,2
3;4;5;6;7;8;10;11,aVR;aVL;aVF;V1;V2;V3;V5;V6,8,0.9,1,0,0,0,1
3;4;5;6;7;8;11,aVR;aVL;aVF;V1;V2;V3;V6,7,0.5,1,1,1,0,3
3;4;5;6;7;8;11,aVR;aVL;aVF;V1;V2;V3;V6,7,0.6,1,0,1,0,2
3;4;5;6;7;8;11,aVR;aVL;aVF;V1;V2;V3;V6,7,0.7,1,0,1,0,2
3;4;5;6;7;8;11,aVR;aVL;aVF;V1;V2;V3;V6,7,0.8,1,0,1,0,2
3;4;5;6;7;8;11,aVR;aVL;aVF;V1;V2;V3;V6,7,0.9,1,0,0,0,1
3;4;5;6;7;9,aVR;aVL;aVF;V1;V2;V4,6,0.5,1,1,1,0,3
3;4;5;6;7;9,aVR;aVL;aVF;V1;V2;V4,6,0.6,1,0,1,0,2
3;4;5;6;7;9,aVR;aVL;aVF;V1;V2;V4,6,0.7,1,0,1,0,2
3;4;5;6;7;9,aVR;aVL;aVF;V1;V2;V4,6,0.8,1,0,1,0,2
3;4;5;6;7;9,aVR;aVL;aVF;V1;V2;V4,6,0.9,1,0,0,0,1
3;4;5;6;7;9;10,aVR;aVL;aVF;V1;V2;V4;V5,7,0.5,1,1,1,0,3
3;4;5;6;7;9;10,aVR;aVL;aVF;V1;V2;V4;V5,7,0.6,1,0,1,0,2
3;4;5;6;7;9;10,aVR;aVL;aVF;V1;V2;V4;V5,7,0.7,1,0,1,0,2
3;4;5;6;7;9;10,aVR;aVL;aVF;V1;V2;V4;V5,7,0.8,1,0,1,0,2
3;4;5;6;7;9;10,aVR;aVL;aVF;V1;V2;V4;V5,7,0.9,1,0,0,0,1
3;4;5;6;7;9;10;11,aVR;aVL;aVF;V1;V2;V4;V5;V6,8,0.5,1,1,1,0,3
3;4;5;6;7;9;10;11,aVR;aVL;aVF;V1;V2;V4;V5;V6,8,0.6,1,0,1,0,2
3;4;5;6;7;9;10;11,aVR;aVL;aVF;V1;V2;V4;V5;V6,8,0.7,1,0,1,0,2
3;4;5;6;7;9;10;11,aVR;aVL;aVF;V1;V2;V4;V5;V6,8,0.8,1,0,1,0,2
3;4;5;6;7;9;10;11,aVR;aVL;aVF;V1;V2;V4;V5;V6,8,0.9,1,0,0,0,1
3;4;5;6;7;9;11,aVR;aVL;aVF;V1;V2;V4;V6,7,0.5,1,1,1,0,3
3;4;5;6;7;9;11,aVR;aVL;aVF;V1;V2;V4;V6,7,0.6,1,0,1,0,2
3;4;5;6;7;9;11,aVR;aVL;aVF;V1;V2;V4;V6,7,0.7,1,0,1,0,2
3;4;5;6;7;9;11,aVR;aVL;aVF;V1;V2;V4;V6,7,0.8,1,0,1,0,2
3;4;5;6;7;9;11,aVR;aVL;aVF;V1;V2;V4;V6,7,0.9,1,0,0,0,1
3;4;5;6;7;10,aVR;aVL;aVF;V1;V2;V5,6,0.5,1,1,1,0,3
3;4;5;6;7;10,aVR;aVL;aVF;V1;V2;V5,6,0.6,1,1,1,0,3
3;4;5;6;7;10,aVR;aVL;aVF;V1;V2;V5,6,0.7,1,0,1,0,2
3;4;5;6;7;10,aVR;aVL;aVF;V1;V2;V5,6,0.8,1,0,1,0,2
3;4;5;6;7;10,aVR;aVL;aVF;V1;V2;V5,6,0.9,1,0,0,0,1
3;4;5;6;7;10;11,aVR;aVL;aVF;V1;V2;V5;V6,7,0.5,1,1,1,0,3
3;4;5;6;7;10;11,aVR;aVL;aVF;V1;V2;V5;V6,7,0.6,1,0,1,0,2
3;4;5;6;7;10;11,aVR;aVL;aVF;V1;V2;V5;V6,7,0.7,1,0,1,0,2
3;4;5;6;7;10;11,aVR;aVL;aVF;V1;V2;V5;V6,7,0.8,1,0,1,0,2
3;4;5;6;7;10;11,aVR;aVL;aVF;V1;V2;V5;V6,7,0.9,1,0,0,0,1
3;4;5;6;7;11,aVR;aVL;aVF;V1;V2;V6,6,0.5,1,1,1,0,3
3;4;5;6;7;11,aVR;aVL;aVF;V1;V2;V6,6,0.6,1,1,1,0,3
3;4;5;6;7;11,aVR;aVL;aVF;V1;V2;V6,6,0.7,1,0,1,0,2
3;4;5;6;7;11,aVR;aVL;aVF;V1;V2;V6,6,0.8,1,0,1,0,2
3;4;5;6;7;11,aVR;aVL;aVF;V1;V2;V6,6,0.9,1,0,0,0,1
3;4;5;6;8,aVR;aVL;aVF;V1;V3,5,0.5,1,1,1,0,3
3;4;5;6;8,aVR;aVL;aVF;V1;V3,5,0.6,1,0,1,0,2
3;4;5;6;8,aVR;aVL;aVF;V1;V3,5,0.7,1,0,1,0,2
3;4;5;6;8,aVR;aVL;aVF;V1;V3,5,0.8,1,0,1,0,2
3;4;5;6;8,aVR;aVL;aVF;V1;V3,5,0.9,1,0,0,0,1
3;4;5;6;8;9,aVR;aVL;aVF;V1;V3;V4,6,0.5,1,1,1,0,3
3;4;5;6;8;9,aVR;aVL;aVF;V1;V3;V4,6,0.6,1,1,1,0,3
3;4;5;6;8;9,aVR;aVL;aVF;V1;V3;V4,6,0.7,1,0,1,0,2
3;4;5;6;8;9,aVR;aVL;aVF;V1;V3;V4,6,0.8,1,0,1,0,2
3;4;5;6;8;9,aVR;aVL;aVF;V1;V3;V4,6,0.9,1,0,0,0,1
3;4;5;6;8;9;10,aVR;aVL;aVF;V1;V3;V4;V5,7,0.5,1,1,1,0,3
3;4;5;6;8;9;10,aVR;aVL;aVF;V1;V3;V4;V5,7,0.6,1,0,1,0,2
3;4;5;6;8;9;10,aVR;aVL;aVF;V1;V3;V4;V5,7,0.7,1,0,1,0,2
3;4;5;6;8;9;10,aVR;aVL;aVF;V1;V3;V4;V5,7,0.8,1,0,1,0,2
3;4;5;6;8;9;10,aVR;aVL;aVF;V1;V3;V4;V5,7,0.9,1,0,0,0,1
3;4;5;6;8;9;10;11,aVR;aVL;aVF;V1;V3;V4;V5;V6,8,0.5,1,1,1,0,3
3;4;5;6;8;9;10;11,aVR;aVL;aVF;V1;V3;V4;V5;V6,8,0.6,1,0,1,0,2
3;4;5;6;8;9;10;11,aVR;aVL;aVF;V1;V3;V4;V5;V6,8,0.7,1,0,1,0,2
3;4;5;6;8;9;10;11,aVR;aVL;aVF;V1;V3;V4;V5;V6,8,0.8,1,0,1,0,2
3;4;5;6;8;9;10;11,aVR;aVL;aVF;V1;V3;V4;V5;V6,8,0.9,1,0,0,0,1
3;4;5;6;8;9;11,aVR;aVL;aVF;V1;V3;V4;V6,7,0.5,1,1,1,0,3
3;4;5;6;8;9;11,aVR;aVL;aVF;V1;V3;V4;V6,7,0.6,1,0,1,0,2
3;4;5;6;8;9;11,aVR;aVL;aVF;V1;V3;V4;V6,7,0.7,1,0,1,0,2
3;4;5;6;8;9;11,aVR;aVL;aVF;V1;V3;V4;V6,7,0.8,1,0,1,0,2
3;4;5;6;8;9;11,aVR;aVL;aVF;V1;V3;V4;V6,7,0.9,1,0,0,0,1
3;4;5;6;8;10,aVR;aVL;aVF;V1;V3;V5,6,0.5,1,1,1,0,3
3;4;5;6;8;10,aVR;aVL;aVF;V1;V3;V5,6,0.6,1,0,1,0,2
3;4;5;6;8;10,aVR;aVL;aVF;V1;V3;V5,6,0.7,1,0,1,0,2
3;4;5;6;8;10,aVR;aVL;aVF;V1;V3;V5,6,0.8,1,0,1,0,2
3;4;5;6;8;10,aVR;aVL;aVF;V1;V3;V5,6,0.9,1,0,0,0,1
3;4;5;6;8;10;11,aVR;aVL;aVF;V1;V3;V5;V6,7,0.5,1,1,1,0,3
3;4;5;6;8;10;11,aVR;aVL;aVF;V1;V3;V5;V6,7,0.6,1,0,1,0,2
3;4;5;6;8;10;11,aVR;aVL;aVF;V1;V3;V5;V6,7,0.7,1,0,1,0,2
3;4;5;6;8;10;11,aVR;aVL;aVF;V1;V3;V5;V6,7,0.8,1,0,1,0,2
3;4;5;6;8;10;11,aVR;aVL;aVF;V1;V3;V5;V6,7,0.9,1,0,0,0,1
3;4;5;6;8;11,aVR;aVL;aVF;V1;V3;V6,6,0.5,1,1,1,0,3
3;4;5;6;8;11,aVR;aVL;aVF;V1;V3;V6,6,0.6,1,0,1,0,2
3;4;5;6;8;11,aVR;aVL;aVF;V1;V3;V6,6,0.7,1,0,1,0,2
3;4;5;6;8;11,aVR;aVL;aVF;V1;V3;V6,6,0.8,1,0,1,0,2
3;4;5;6;8;11,aVR;aVL;aVF;V1;V3;V6,6,0.9,1,0,0,0,1
3;4;5;6;9,aVR;aVL;aVF;V1;V4,5,0.5,1,1,1,0,3
3;4;5;6;9,aVR;aVL;aVF;V1;V4,5,0.6,1,0,1,0,2
3;4;5;6;9,aVR;aVL;aVF;V1;V4,5,0.7,1,0,1,0,2
3;4;5;6;9,aVR;aVL;aVF;V1;V4,5,0.8,1,0,1,0,2
3;4;5;6;9,aVR;aVL;aVF;V1;V4,5,0.9,1,0,0,0,1
3;4;5;6;9;10,aVR;aVL;aVF;V1;V4;V5,6,0.5,1,1,1,0,3
3;4;5;6;9;10,aVR;aVL;aVF;V1;V4;V5,6,0.6,1,0,1,0,2
3;4;5;6;9;10,aVR;aVL;aVF;V1;V4;V5,6,0.7,1,0,1,0,2
3;4;5;6;9;10,aVR;aVL;aVF;V1;V4;V5,6,0.8,1,0,1,0,2
3;4;5;6;9;10,aVR;aVL;aVF;V1;V4;V5,6,0.9,1,0,0,0,1
3;4;5;6;9;10;11,aVR;aVL;aVF;V1;V4;V5;V6,7,0.5,1,1,1,0,3
3;4;5;6;9;10;11,aVR;aVL;aVF;V1;V4;V5;V6,7,0.6,1,0,1,0,2
3;4;5;6;9;10;11,aVR;aVL;aVF;V1;V4;V5;V6,7,0.7,1,0,1,0,2
3;4;5;6;9;10;11,aVR;aVL;aVF;V1;V4;V5;V6,7,0.8,1,0,1,0,2
3;4;5;6;9;10;11,aVR;aVL;aVF;V1;V4;V5;V6,7,0.9,1,0,0,0,1
3;4;5;6;9;11,aVR;aVL;aVF;V1;V4;V6,6,0.5,1,1,1,0,3
3;4;5;6;9;11,aVR;aVL;aVF;V1;V4;V6,6,0.6,1,0,1,0,2
3;4;5;6;9;11,aVR;aVL;aVF;V1;V4;V6,6,0.7,1,0,1,0,2
3;4;5;6;9;11,aVR;aVL;aVF;V1;V4;V6,6,0.8,1,0,1,0,2
3;4;5;6;9;11,aVR;aVL;aVF;V1;V4;V6,6,0.9,1,0,0,0,1
3;4;5;6;10,aVR;aVL;aVF;V1;V5,5,0.5,1,1,1,0,3
3;4;5;6;10,aVR;aVL;aVF;V1;V5,5,0.6,1,0,1,0,2
3;4;5;6;10,aVR;aVL;aVF;V1;V5,5,0.7,1,0,1,0,2
3;4;5;6;10,aVR;aVL;aVF;V1;V5,5,0.8,1,0,1,0,2
3;4;5;6;10,aVR;aVL;aVF;V1;V5,5,0.9,1,0,0,0,1
3;4;5;6;10;11,aVR;aVL;aVF;V1;V5;V6,6,0.5,1,1,1,0,3
3;4;5;6;10;11,aVR;aVL;aVF;V1;V5;V6,6,0.6,1,0,1,0,2
3;4;5;6;10;11,aVR;aVL;aVF;V1;V5;V6,6,0.7,1,0,1,0,2
3;4;5;6;10;11,aVR;aVL;aVF;V1;V5;V6,6,0.8,1,0,1,0,2
3;4;5;6;10;11,aVR;aVL;aVF;V1;V5;V6,6,0.9,1,0,0,0,1
3;4;5;6;11,aVR;aVL;aVF;V1;V6,5,0.5,1,1,1,0,3
3;4;5;6;11,aVR;aVL;aVF;V1;V6,5,0.6,1,1,1,0,3
3;4;5;6;11,aVR;aVL;aVF;V1;V6,5,0.7,1,0,1,0,2
3;4;5;6;11,aVR;aVL;aVF;V1;V6,5,0.8,1,0,1,0,2
3;4;5;6;11,aVR;aVL;aVF;V1;V6,5,0.9,1,0,0,0,1
3;4;5;7,aVR;aVL;aVF;V2,4,0.5,1,1,1,0,3
3;4;5;7,aVR;aVL;aVF;V2,4,0.6,1,0,1,0,2
3;4;5;7,aVR;aVL;aVF;V2,4,0.7,1,0,1,0,2
3;4;5;7,aVR;aVL;aVF;V2,4,0.8,1,0,1,0,2
3;4;5;7,aVR;aVL;aVF;V2,4,0.9,1,0,0,0,1
3;4;5;7;8,aVR;aVL;aVF;V2;V3,5,0.5,1,1,1,0,3
3;4;5;7;8,aVR;aVL;aVF;V2;V3,5,0.6,1,1,1,0,3
3;4;5;7;8,aVR;aVL;aVF;V2;V3,5,0.7,1,0,1,0,2
3;4;5;7;8,aVR;aVL;aVF;V2;V3,5,0.8,1,0,0,0,1
3;4;5;7;8,aVR;aVL;aVF;V2;V3,5,0.9,1,0,0,0,1
3;4;5;7;8;9,aVR;aVL;aVF;V2;V3;V4,6,0.5,1,1,1,0,3
3;4;5;7;8;9,aVR;aVL;aVF;V2;V3;V4,6,0.6,1,1,1,0,3
3;4;5;7;8;9,aVR;aVL;aVF;V2;V3;V4,6,0.7,1,0,1,0,2
3;4;5;7;8;9,aVR;aVL;aVF;V2;V3;V4,6,0.8,1,0,0,0,1
3;4;5;7;8;9,aVR;aVL;aVF;V2;V3;V4,6,0.9,1,0,0,0,1
3;4;5;7;8;9;10,aVR;aVL;aVF;V2;V3;V4;V5,7,0.5,1,1,1,0,3
3;4;5;7;8;9;10,aVR;aVL;aVF;V2;V3;V4;V5,7,0.6,1,1,1,0,3
3;4;5;7;8;9;10,aVR;aVL;aVF;V2;V3;V4;V5,7,0.7,1,0,1,0,2
3;4;5;7;8;9;10,aVR;aVL;aVF;V2;V3;V4;V5,7,0.8,1,0,0,0,1
3;4;5;7;8;9;10,aVR;aVL;aVF;V2;V3;V4;V5,7,0.9,1,0,0,0,1
3;4;5;7;8;9;10;11,aVR;aVL;aVF;V2;V3;V4;V5;V6,8,0.5,1,1,1,0,3
3;4;5;7;8;9;10;11,aVR;aVL;aVF;V2;V3;V4;V5;V6,8,0.6,1,0,1,0,2
3;4;5;7;8;9;10;11,aVR;aVL;aVF;V2;V3;V4;V5;V6,8,0.7,1,0,1,0,2
3;4;5;7;8;9;10;11,aVR;aVL;aVF;V2;V3;V4;V5;V6,8,0.8,1,0,1,0,2
3;4;5;7;8;9;10;11,aVR;aVL;aVF;V2;V3;V4;V5;V6,8,0.9,1,0,0,0,1
3;4;5;7;8;9;11,aVR;aVL;aVF;V2;V3;V4;V6,7,0.5,1,1,1,0,3
3;4;5;7;8;9;11,aVR;aVL;aVF;V2;V3;V4;V6,7,0.6,1,0,1,0,2
3;4;5;7;8;9;11,aVR;aVL;aVF;V2;V3;V4;V6,7,0.7,1,0,1,0,2
3;4;5;7;8;9;11,aVR;aVL;aVF;V2;V3;V4;V6,7,0.8,1,0,0,0,1
3;4;5;7;8;9;11,aVR;aVL;aVF;V2;V3;V4;V6,7,0.9,1,0,0,0,1
3;4;5;7;8;10,aVR;aVL;aVF;V2;V3;V5,6,0.5,1,1,1,0,3
3;4;5;7;8;10,aVR;aVL;aVF;V2;V3;V5,6,0.6,1,0,1,0,2
3;4;5;7;8;10,aVR;aVL;aVF;V2;V3;V5,6,0.7,1,0,1,0,2
3;4;5;7;8;10,aVR;aVL;aVF;V2;V3;V5,6,0.8,1,0,0,0,1
3;4;5;7;8;10,aVR;aVL;aVF;V2;V3;V5,6,0.9,1,0,0,0,1
3;4;5;7;8;10;11,aVR;aVL;aVF;V2;V3;V5;V6,7,0.5,1,1,1,0,3
3;4;5;7;8;10;11,aVR;aVL;aVF;V2;V3;V5;V6,7,0.6,1,0,1,0,2
3;4;5;7;8;10;11,aVR;aVL;aVF;V2;V3;V5;V6,7,0.7,1,0,1,0,2
3;4;5;7;8;10;11,aVR;aVL;aVF;V2;V3;V5;V6,7,0.8,1,0,0,0,1
3;4;5;7;8;10;11,aVR;aVL;aVF;V2;V3;V5;V6,7,0.9,1,0,0,0,1
3;4;5;7;8;11,aVR;aVL;aVF;V2;V3;V6,6,0.5,1,1,1,0,3
3;4;5;7;8;11,aVR;aVL;aVF;V2;V3;V6,6,0.6,1,0,1,0,2
3;4;5;7;8;11,aVR;aVL;aVF;V2;V3;V6,6,0.7,1,0,1,0,2
3;4;5;7;8;11,aVR;aVL;aVF;V2;V3;V6,6,0.8,1,0,0,0,1
3;4;5;7;8;11,aVR;aVL;aVF;V2;V3;V6,6,0.9,1,0,0,0,1
3;4;5;7;9,aVR;aVL;aVF;V2;V4,5,0.5,1,1,1,0,3
3;4;5;7;9,aVR;aVL;aVF;V2;V4,5,0.6,1,1,1,0,3
3;4;5;7;9,aVR;aVL;aVF;V2;V4,5,0.7,1,0,1,0,2
3;4;5;7;9,aVR;aVL;aVF;V2;V4,5,0.8,1,0,1,0,2
3;4;5;7;9,aVR;aVL;aVF;V2;V4,5,0.9,1,0,0,0,1
3;4;5;7;9;10,aVR;aVL;aVF;V2;V4;V5,6,0.5,1,1,1,0,3
3;4;5;7;9;10,aVR;aVL;aVF;V2;V4;V5,6,0.6,1,1,1,0,3
3;4;5;7;9;10,aVR;aVL;aVF;V2;V4;V5,6,0.7,1,0,1,0,2
3;4;5;7;9;10,aVR;aVL;aVF;V2;V4;V5,6,0.8,1,0,1,0,2
3;4;5;7;9;10,aVR;aVL;aVF;V2;V4;V5,6,0.9,1,0,0,0,1
3;4;5;7;9;10;11,aVR;aVL;aVF;V2;V4;V5;V6,7,0.5,1,1,1,0,3
3;4;5;7;9;10;11,aVR;aVL;aVF;V2;V4;V5;V6,7,0.6,1,0,1,0,2
3;4;5;7;9;10;11,aVR;aVL;aVF;V2;V4;V5;V6,7,0.7,1,0,1,0,2
3;4;5;7;9;10;11,aVR;aVL;aVF;V2;V4;V5;V6,7,0.8,1,0,0,0,1
3;4;5;7;9;10;11,aVR;aVL;aVF;V2;V4;V5;V6,7,0.9,1,0,0,0,1
3;4;5;7;9;11,aVR;aVL;aVF;V2;V4;V6,6,0.5,1,1,1,0,3
3;4;5;7;9;11,aVR;aVL;aVF;V2;V4;V6,6,0.6,1,0,1,0,2
3;4;5;7;9;11,aVR;aVL;aVF;V2;V4;V6,6,0.7,1,0,1,0,2
3;4;5;7;9;11,aVR;aVL;aVF;V2;V4;V6,6,0.8,1,0,0,0,1
3;4;5;7;9;11,aVR;aVL;aVF;V2;V4;V6,6,0.9,1,0,0,0,1
3;4;5;7;10,aVR;aVL;aVF;V2;V5,5,0.5,1,1,1,0,3
3;4;5;7;10,aVR;aVL;aVF;V2;V5,5,0.6,1,1,1,0,3
3;4;5;7;10,aVR;aVL;aVF;V2;V5,5,0.7,1,0,1,0,2
3;4;5;7;10,aVR;aVL;aVF;V2;V5,5,0.8,1,0,0,0,1
3;4;5;7;10,aVR;aVL;aVF;V2;V5,5,0.9,1,0,0,0,1
3;4;5;7;10;11,aVR;aVL;aVF;V2;V5;V6,6,0.5,1,1,1,0,3
3;4;5;7;10;11,aVR;aVL;aVF;V2;V5;V6,6,0.6,1,0,1,0,2
3;4;5;7;10;11,aVR;aVL;aVF;V2;V5;V6,6,0.7,1,0,1,0,2
3;4;5;7;10;11,aVR;aVL;aVF;V2;V5;V6,6,0.8,1,0,0,0,1
3;4;5;7;10;11,aVR;aVL;aVF;V2;V5;V6,6,0.9,1,0,0,0,1
3;4;5;7;11,aVR;aVL;aVF;V2;V6,5,0.5,1,1,1,0,3
3;4;5;7;11,aVR;aVL;aVF;V2;V6,5,0.6,1,1,1,0,3
3;4;5;7;11,aVR;aVL;aVF;V2;V6,5,0.7,1,0,1,0,2
3;4;5;7;11,aVR;aVL;aVF;V2;V6,5,0.8,1,0,0,0,1
3;4;5;7;11,aVR;aVL;aVF;V2;V6,5,0.9,1,0,0,0,1
3;4;5;8,aVR;aVL;aVF;V3,4,0.5,1,1,1,0,3
3;4;5;8,aVR;aVL;aVF;V3,4,0.6,1,0,1,0,2
3;4;5;8,aVR;aVL;aVF;V3,4,0.7,1,0,1,0,2
3;4;5;8,aVR;aVL;aVF;V3,4,0.8,1,0,0,0,1
3;4;5;8,aVR;aVL;aVF;V3,4,0.9,1,0,0,0,1
3;4;5;8;9,aVR;aVL;aVF;V3;V4,5,0.5,1,1,1,0,3
3;4;5;8;9,aVR;aVL;aVF;V3;V4,5,0.6,1,1,1,0,3
3;4;5;8;9,aVR;aVL;aVF;V3;V4,5,0.7,1,0,1,0,2
3;4;5;8;9,aVR;aVL;aVF;V3;V4,5,0.8,1,0,1,0,2
3;4;5;8;9,aVR;aVL;aVF;V3;V4,5,0.9,1,0,0,0,1
3;4;5;8;9;10,aVR;aVL;aVF;V3;V4;V5,6,0.5,1,1,1,0,3
3;4;5;8;9;10,aVR;aVL;aVF;V3;V4;V5,6,0.6,1,0,1,0,2
3;4;5;8;9;10,aVR;aVL;aVF;V3;V4;V5,6,0.7,1,0,1,0,2
3;4;5;8;9;10,aVR;aVL;aVF;V3;V4;V5,6,0.8,1,0,0,0,1
3;4;5;8;9;10,aVR;aVL;aVF;V3;V4;V5,6,0.9,1,0,0,0,1
3;4;5;8;9;10;11,aVR;aVL;aVF;V3;V4;V5;V6,7,0.5,1,1,1,0,3
3;4;5;8;9;10;11,aVR;aVL;aVF;V3;V4;V5;V6,7,0.6,1,0,1,0,2
3;4;5;8;9;10;11,aVR;aVL;aVF;V3;V4;V5;V6,7,0.7,1,0,1,0,2
3;4;5;8;9;10;11,aVR;aVL;aVF;V3;V4;V5;V6,7,0.8,1,0,0,0,1
3;4;5;8;9;10;11,aVR;aVL;aVF;V3;V4;V5;V6,7,0.9,1,0,0,0,1
3;4;5;8;9;11,aVR;aVL;aVF;V3;V4;V6,6,0.5,1,1,1,0,3
3;4;5;8;9;11,aVR;aVL;aVF;V3;V4;V6,6,0.6,1,0,1,0,2
3;4;5;8;9;11,aVR;aVL;aVF;V3;V4;V6,6,0.7,1,0,1,0,2
3;4;5;8;9;11,aVR;aVL;aVF;V3;V4;V6,6,0.8,1,0,0,0,1
3;4;5;8;9;11,aVR;aVL;aVF;V3;V4;V6,6,0.9,1,0,0,0,1
3;4;5;8;10,aVR;aVL;aVF;V3;V5,5,0.5,1,1,1,0,3
3;4;5;8;10,aVR;aVL;aVF;V3;V5,5,0.6,1,0,1,0,2
3;4;5;8;10,aVR;aVL;aVF;V3;V5,5,0.7,1,0,1,0,2
3;4;5;8;10,aVR;aVL;aVF;V3;V5,5,0.8,1,0,0,0,1
3;4;5;8;10,aVR;aVL;aVF;V3;V5,5,0.9,1,0,0,0,1
3;4;5;8;10;11,aVR;aVL;aVF;V3;V5;V6,6,0.5,1,1,1,0,3
3;4;5;8;10;11,aVR;aVL;aVF;V3;V5;V6,6,0.6,1,0,1,0,2
3;4;5;8;10;11,aVR;aVL;aVF;V3;V5;V6,6,0.7,1,0,1,0,2
3;4;5;8;10;11,aVR;aVL;aVF;V3;V5;V6,6,0.8,1,0,0,0,1
3;4;5;8;10;11,aVR;aVL;aVF;V3;V5;V6,6,0.9,1,0,0,0,1
3;4;5;8;11,aVR;aVL;aVF;V3;V6,5,0.5,1,1,1,0,3
3;4;5;8;11,aVR;aVL;aVF;V3;V6,5,0.6,1,0,1,0,2
3;4;5;8;11,aVR;aVL;aVF;V3;V6,5,0.7,1,0,1,0,2
3;4;5;8;11,aVR;aVL;aVF;V3;V6,5,0.8,1,0,0,0,1
3;4;5;8;11,aVR;aVL;aVF;V3;V6,5,0.9,1,0,0,0,1
3;4;5;9,aVR;aVL;aVF;V4,4,0.5,1,1,1,0,3
3;4;5;9,aVR;aVL;aVF;V4,4,0.6,1,0,1,0,2
3;4;5;9,aVR;aVL;aVF;V4,4,0.7,1,0,1,0,2
3;4;5;9,aVR;aVL;aVF;V4,4,0.8,1,0,1,0,2
3;4;5;9,aVR;aVL;aVF;V4,4,0.9,1,0,0,0,1
3;4;5;9;10,aVR;aVL;aVF;V4;V5,5,0.5,1,1,1,0,3
3;4;5;9;10,aVR;aVL;aVF;V4;V5,5,0.6,1,0,1,0,2
3;4;5;9;10,aVR;aVL;aVF;V4;V5,5,0.7,1,0,1,0,2
3;4;5;9;10,aVR;aVL;aVF;V4;V5,5,0.8,1,0,0,0,1
3;4;5;9;10,aVR;aVL;aVF;V4;V5,5,0.9,1,0,0,0,1
3;4;5;9;10;11,aVR;aVL;aVF;V4;V5;V6,6,0.5,1,1,1,0,3
3;4;5;9;10;11,aVR;aVL;aVF;V4;V5;V6,6,0.6,1,0,1,0,2
3;4;5;9;10;11,aVR;aVL;aVF;V4;V5;V6,6,0.7,1,0,1,0,2
3;4;5;9;10;11,aVR;aVL;aVF;V4;V5;V6,6,0.8,1,0,0,0,1
3;4;5;9;10;11,aVR;aVL;aVF;V4;V5;V6,6,0.9,1,0,0,0,1
3;4;5;9;11,aVR;aVL;aVF;V4;V6,5,0.5,1,1,1,0,3
3;4;5;9;11,aVR;aVL;aVF;V4;V6,5,0.6,1,0,1,0,2
3;4;5;9;11,aVR;aVL;aVF;V4;V6,5,0.7,1,0,1,0,2
3;4;5;9;11,aVR;aVL;aVF;V4;V6,5,0.8,1,0,0,0,1
3;4;5;9;11,aVR;aVL;aVF;V4;V6,5,0.9,1,0,0,0,1
3;4;5;10,aVR;aVL;aVF;V5,4,0.5,1,1,1,0,3
3;4;5;10,aVR;aVL;aVF;V5,4,0.6,1,0,1,0,2
3;4;5;10,aVR;aVL;aVF;V5,4,0.7,1,0,1,0,2
3;4;5;10,aVR;aVL;aVF;V5,4,0.8,1,0,0,0,1
3;4;5;10,aVR;aVL;aVF;V5,4,0.9,1,0,0,0,1
3;4;5;10;11,aVR;aVL;aVF;V5;V6,5,0.5,1,1,1,0,3
3;4;5;10;11,aVR;aVL;aVF;V5;V6,5,0.6,1,1,1,0,3
3;4;5;10;11,aVR;aVL;aVF;V5;V6,5,0.7,1,0,1,0,2
3;4;5;10;11,aVR;aVL;aVF;V5;V6,5,0.8,1,0,0,0,1
3;4;5;10;11,aVR;aVL;aVF;V5;V6,5,0.9,1,0,0,0,1
3;4;5;11,aVR;aVL;aVF;V6,4,0.5,1,1,1,0,3
3;4;5;11,aVR;aVL;aVF;V6,4,0.6,1,0,1,0,2
3;4;5;11,aVR;aVL;aVF;V6,4,0.7,1,0,1,0,2
3;4;5;11,aVR;aVL;aVF;V6,4,0.8,1,0,0,0,1
3;4;5;11,aVR;aVL;aVF;V6,4,0.9,1,0,0,0,1
3;4;6,aVR;aVL;V1,4,0.5,1,1,1,0,3
3;4;6,aVR;aVL;V1,4,0.6,1,1,1,0,3
3;4;6,aVR;aVL;V1,4,0.7,1,0,1,0,2
3;4;6,aVR;aVL;V1,4,0.8,1,0,1,0,2
3;4;6,aVR;aVL;V1,4,0.9,1,0,0,0,1
3;4;6;7,aVR;aVL;V1;V2,5,0.5,1,1,1,0,3
3;4;6;7,aVR;aVL;V1;V2,5,0.6,1,1,1,0,3
3;4;6;7,aVR;aVL;V1;V2,5,0.7,1,0,1,0,2
3;4;6;7,aVR;aVL;V1;V2,5,0.8,1,0,1,0,2
3;4;6;7,aVR;aVL;V1;V2,5,0.9,1,0,0,0,1
3;4;6;7;8,aVR;aVL;V1;V2;V3,6,0.5,1,1,1,0,3
3;4;6;7;8,aVR;aVL;V1;V2;V3,6,0.6,1,0,1,0,2
3;4;6;7;8,aVR;aVL;V1;V2;V3,6,0.7,1,0,1,0,2
3;4;6;7;8,aVR;aVL;V1;V2;V3,6,0.8,1,0,1,0,2
3;4;6;7;8,aVR;aVL;V1;V2;V3,6,0.9,1,0,0,0,1
3;4;6;7;8;9,aVR;aVL;V1;V2;V3;V4,7,0.5,1,1,1,0,3
3;4;6;7;8;9,aVR;aVL;V1;V2;V3;V4,7,0.6,1,0,1,0,2
3;4;6;7;8;9,aVR;aVL;V1;V2;V3;V4,7,0.7,1,0,1,0,2
3;4;6;7;8;9,aVR;aVL;V1;V2;V3;V4,7,0.8,1,0,1,0,2
3;4;6;7;8;9,aVR;aVL;V1;V2;V3;V4,7,0.9,1,0,0,0,1
3;4;6;7;8;9;10,aVR;aVL;V1;V2;V3;V4;V5,8,0.5,1,1,1,0,3
3;4;6;7;8;9;10,aVR;aVL;V1;V2;V3;V4;V5,8,0.6,1,0,1,0,2
3;4;6;7;8;9;10,aVR;aVL;V1;V2;V3;V4;V5,8,0.7,1,0,1,0,2
3;4;6;7;8;9;10,aVR;aVL;V1;V2;V3;V4;V5,8,0.8,1,0,1,0,2
3;4;6;7;8;9;10,aVR;aVL;V1;V2;V3;V4;V5,8,0.9,1,0,0,0,1
3;4;6;7;8;9;10;11,aVR;aVL;V1;V2;V3;V4;V5;V6,9,0.5,1,1,1,0,3
3;4;6;7;8;9;10;11,aVR;aVL;V1;V2;V3;V4;V5;V6,9,0.6,1,0,1,0,2
3;4;6;7;8;9;10;11,aVR;aVL;V1;V2;V3;V4;V5;V6,9,0.7,1,0,1,0,2
3;4;6;7;8;9;10;11,aVR;aVL;V1;V2;V3;V4;V5;V6,9,0.8,1,0,1,0,2
3;4;6;7;8;9;10;11,aVR;aVL;V1;V2;V3;V4;V5;V6,9,0.9,1,0,0,0,1
3;4;6;7;8;9;11,aVR;aVL;V1;V2;V3;V4;V6,8,0.5,1,1,1,0,3
3;4;6;7;8;9;11,aVR;aVL;V1;V2;V3;V4;V6,8,0.6,1,0,1,0,2
3;4;6;7;8;9;11,aVR;aVL;V1;V2;V3;V4;V6,8,0.7,1,0,1,0,2
3;4;6;7;8;9;11,aVR;aVL;V1;V2;V3;V4;V6,8,0.8,1,0,1,0,2
3;4;6;7;8;9;11,aVR;aVL;V1;V2;V3;V4;V6,8,0.9,1,0,0,0,1
3;4;6;7;8;10,aVR;aVL;V1;V2;V3;V5,7,0.5,1,1,1,0,3
3;4;6;7;8;10,aVR;aVL;V1;V2;V3;V5,7,0.6,1,0,1,0,2
3;4;6;7;8;10,aVR;aVL;V1;V2;V3;V5,7,0.7,1,0,1,0,2
3;4;6;7;8;10,aVR;aVL;V1;V2;V3;V5,7,0.8,1,0,1,0,2
3;4;6;7;8;10,aVR;aVL;V1;V2;V3;V5,7,0.9,1,0,0,0,1
3;4;6;7;8;10;11,aVR;aVL;V1;V2;V3;V5;V6,8,0.5,1,1,1,0,3
3;4;6;7;8;10;11,aVR;aVL;V1;V2;V3;V5;V6,8,0.6,1,0,1,0,2
3;4;6;7;8;10;11,aVR;aVL;V1;V2;V3;V5;V6,8,0.7,1,0,1,0,2
3;4;6;7;8;10;11,aVR;aVL;V1;V2;V3;V5;V6,8,0.8,1,0,1,0,2
3;4;6;7;8;10;11,aVR;aVL;V1;V2;V3;V5;V6,8,0.9,1,0,0,0,1
3;4;6;7;8;11,aVR;aVL;V1;V2;V3;V6,7,0.5,1,1,1,0,3
3;4;6;7;8;11,aVR;aVL;V1;V2;V3;V6,7,0.6,1,0,1,0,2
3;4;6;7;8;11,aVR;aVL;V1;V2;V3;V6,7,0.7,1,0,1,0,2
3;4;6;7;8;11,aVR;aVL;V1;V2;V3;V6,7,0.8,1,0,1,0,2
3;4;6;7;8;11,aVR;aVL;V1;V2;V3;V6,7,0.9,1,0,0,0,1
3;4;6;7;9,aVR;aVL;V1;V2;V4,6,0.5,1,1,1,0,3
3;4;6;7;9,aVR;aVL;V1;V2;V4,6,0.6,1,0,1,0,2
3;4;6;7;9,aVR;aVL;V1;V2;V4,6,0.7,1,0,1,0,2
3;4;6;7;9,aVR;aVL;V1;V2;V4,6,0.8,1,0,1,0,2
3;4;6;7;9,aVR;aVL;V1;V2;V4,6,0.9,1,0,0,0,1
3;4;6;7;9;10,aVR;aVL;V1;V2;V4;V5,7,0.5,1,1,1,0,3
3;4;6;7;9;10,aVR;aVL;V1;V2;V4;V5,7,0.6,1,0,1,0,2
3;4;6;7;9;10,aVR;aVL;V1;V2;V4;V5,7,0.7,1,0,1,0,2
3;4;6;7;9;10,aVR;aVL;V1;V2;V4;V5,7,0.8,1,0,1,0,2
3;4;6;7;9;10,aVR;aVL;V1;V2;V4;V5,7,0.9,1,0,0,0,1
3;4;6;7;9;10;11,aVR;aVL;V1;V2;V4;V5;V6,8,0.5,1,1,1,0,3
3;4;6;7;9;10;11,aVR;aVL;V1;V2;V4;V5;V6,8,0.6,1,1,1,0,3
3;4;6;7;9;10;11,aVR;aVL;V1;V2;V4;V5;V6,8,0.7,1,0,1,0,2
3;4;6;7;9;10;11,aVR;aVL;V1;V2;V4;V5;V6,8,0.8,1,0,1,0,2
3;4;6;7;9;10;11,aVR;aVL;V1;V2;V4;V5;V6,8,0.9,1,0,0,0,1
3;4;6;7;9;11,aVR;aVL;V1;V2;V4;V6,7,0.5,1,1,1,0,3
3;4;6;7;9;11,aVR;aVL;V1;V2;V4;V6,7,0.6,1,0,1,0,2
3;4;6;7;9;11,aVR;aVL;V1;V2;V4;V6,7,0.7,1,0,1,0,2
3;4;6;7;9;11,aVR;aVL;V1;V2;V4;V6,7,0.8,1,0,1,0,2
3;4;6;7;9;11,aVR;aVL;V1;V2;V4;V6,7,0.9,1,0,0,0,1
3;4;6;7;10,aVR;aVL;V1;V2;V5,6,0.5,1,1,1,0,3
3;4;6;7;10,aVR;aVL;V1;V2;V5,6,0.6,1,0,1,0,2
3;4;6;7;10,aVR;aVL;V1;V2;V5,6,0.7,1,0,1,0,2
3;4;6;7;10,aVR;aVL;V1;V2;V5,6,0.8,1,0,1,0,2
3;4;6;7;10,aVR;aVL;V1;V2;V5,6,0.9,1,0,0,0,1
3;4;6;7;10;11,aVR;aVL;V1;V2;V5;V6,7,0.5,1,1,1,0,3
3;4;6;7;10;11,aVR;aVL;V1;V2;V5;V6,7,0.6,1,0,1,0,2
3;4;6;7;10;11,aVR;aVL;V1;V2;V5;V6,7,0.7,1,0,1,0,2
3;4;6;7;10;11,aVR;aVL;V1;V2;V5;V6,7,0.8,1,0,1,0,2
3;4;6;7;10;11,aVR;aVL;V1;V2;V5;V6,7,0.9,1,0,0,0,1
3;4;6;7;11,aVR;aVL;V1;V2;V6,6,0.5,1,1,1,0,3
3;4;6;7;11,aVR;aVL;V1;V2;V6,6,0.6,1,0,1,0,2
3;4;6;7;11,aVR;aVL;V1;V2;V6,6,0.7,1,0,1,0,2
3;4;6;7;11,aVR;aVL;V1;V2;V6,6,0.8,1,0,1,0,2
3;4;6;7;11,aVR;aVL;V1;V2;V6,6,0.9,1,0,0,0,1
3;4;6;8,aVR;aVL;V1;V3,5,0.5,1,1,1,0,3
3;4;6;8,aVR;aVL;V1;V3,5,0.6,1,0,1,0,2
3;4;6;8,aVR;aVL;V1;V3,5,0.7,1,0,1,0,2
3;4;6;8,aVR;aVL;V1;V3,5,0.8,1,0,1,0,2
3;4;6;8,aVR;aVL;V1;V3,5,0.9,1,0,0,0,1
3;4;6;8;9,aVR;aVL;V1;V3;V4,6,0.5,1,1,1,0,3
3;4;6;8;9,aVR;aVL;V1;V3;V4,6,0.6,1,0,1,0,2
3;4;6;8;9,aVR;aVL;V1;V3;V4,6,0.7,1,0,1,0,2
3;4;6;8;9,aVR;aVL;V1;V3;V4,6,0.8,1,0,1,0,2
3;4;6;8;9,aVR;aVL;V1;V3;V4,6,0.9,1,0,0,0,1
3;4;6;8;9;10,aVR;aVL;V1;V3;V4;V5,7,0.5,1,1,1,0,3
3;4;6;8;9;10,aVR;aVL;V1;V3;V4;V5,7,0.6,1,0,1,0,2
3;4;6;8;9;10,aVR;aVL;V1;V3;V4;V5,7,0.7,1,0,1,0,2
3;4;6;8;9;10,aVR;aVL;V1;V3;V4;V5,7,0.8,1,0,1,0,2
3;4;6;8;9;10,aVR;aVL;V1;V3;V4;V5,7,0.9,1,0,0,0,1
3;4;6;8;9;10;11,aVR;aVL;V1;V3;V4;V5;V6,8,0.5,1,1,1,0,3
3;4;6;8;9;10;11,aVR;aVL;V1;V3;V4;V5;V6,8,0.6,1,0,1,0,2
3;4;6;8;9;10;11,aVR;aVL;V1;V3;V4;V5;V6,8,0.7,1,0,1,0,2
3;4;6;8;9;10;11,aVR;aVL;V1;V3;V4;V5;V6,8,0.8,1,0,1,0,2
3;4;6;8;9;10;11,aVR;aVL;V1;V3;V4;V5;V6,8,0.9,1,0,0,0,1
3;4;6;8;9;11,aVR;aVL;V1;V3;V4;V6,7,0.5,1,1,1,0,3
3;4;6;8;9;11,aVR;aVL;V1;V3;V4;V6,7,0.6,1,0,1,0,2
3;4;6;8;9;11,aVR;aVL;V1;V3;V4;V6,7,0.7,1,0,1,0,2
3;4;6;8;9;11,aVR;aVL;V1;V3;V4;V6,7,0.8,1,0,1,0,2
3;4;6;8;9;11,aVR;aVL;V1;V3;V4;V6,7,0.9,1,0,0,0,1
3;4;6;8;10,aVR;aVL;V1;V3;V5,6,0.5,1,1,1,0,3
3;4;6;8;10,aVR;aVL;V1;V3;V5,6,0.6,1,0,1,0,2
3;4;6;8;10,aVR;aVL;V1;V3;V5,6,0.7,1,0,1,0,2
3;4;6;8;10,aVR;aVL;V1;V3;V5,6,0.8,1,0,1,0,2
3;4;6;8;10,aVR;aVL;V1;V3;V5,6,0.9,1,0,0,0,1
3;4;6;8;10;11,aVR;aVL;V1;V3;V5;V6,7,0.5,1,1,1,0,3
3;4;6;8;10;11,aVR;aVL;V1;V3;V5;V6,7,0.6,1,0,1,0,2
3;4;6;8;10;11,aVR;aVL;V1;V3;V5;V6,7,0.7,1,0,1,0,2
3;4;6;8;10;11,aVR;aVL;V1;V3;V5;V6,7,0.8,1,0,1,0,2
3;4;6;8;10;11,aVR;aVL;V1;V3;V5;V6,7,0.9,1,0,0,0,1
3;4;6;8;11,aVR;aVL;V1;V3;V6,6,0.5,1,1,1,0,3
3;4;6;8;11,aVR;aVL;V1;V3;V6,6,0.6,1,0,1,0,2
3;4;6;8;11,aVR;aVL;V1;V3;V6,6,0.7,1,0,1,0,2
3;4;6;8;11,aVR;aVL;V1;V3;V6,6,0.8,1,0,1,0,2
3;4;6;8;11,aVR;aVL;V1;V3;V6,6,0.9,1,0,0,0,1
3;4;6;9,aVR;aVL;V1;V4,5,0.5,1,1,1,0,3
3;4;6;9,aVR;aVL;V1;V4,5,0.6,1,0,1,0,2
3;4;6;9,aVR;aVL;V1;V4,5,0.7,1,0,1,0,2
3;4;6;9,aVR;aVL;V1;V4,5,0.8,1,0,1,0,2
3;4;6;9,aVR;aVL;V1;V4,5,0.9,1,0,0,0,1
3;4;6;9;10,aVR;aVL;V1;V4;V5,6,0.5,1,1,1,0,3
3;4;6;9;10,aVR;aVL;V1;V4;V5,6,0.6,1,0,1,0,2
3;4;6;9;10,aVR;aVL;V1;V4;V5,6,0.7,1,0,1,0,2
3;4;6;9;10,aVR;aVL;V1;V4;V5,6,0.8,1,0,1,0,2
3;4;6;9;10,aVR;aVL;V1;V4;V5,6,0.9,1,0,0,0,1
3;4;6;9;10;11,aVR;aVL;V1;V4;V5;V6,7,0.5,1,1,1,0,3
3;4;6;9;10;11,aVR;aVL;V1;V4;V5;V6,7,0.6,1,0,1,0,2
3;4;6;9;10;11,aVR;aVL;V1;V4;V5;V6,7,0.7,1,0,1,0,2
3;4;6;9;10;11,aVR;aVL;V1;V4;V5;V6,7,0.8,1,0,1,0,2
3;4;6;9;10;11,aVR;aVL;V1;V4;V5;V6,7,0.9,1,0,0,0,1
3;4;6;9;11,aVR;aVL;V1;V4;V6,6,0.5,1,1,1,0,3
3;4;6;9;11,aVR;aVL;V1;V4;V6,6,0.6,1,0,1,0,2
3;4;6;9;11,aVR;aVL;V1;V4;V6,6,0.7,1,0,1,0,2
3;4;6;9;11,aVR;aVL;V1;V4;V6,6,0.8,1,0,1,0,2
3;4;6;9;11,aVR;aVL;V1;V4;V6,6,0.9,1,0,0,0,1
3;4;6;10,aVR;aVL;V1;V5,5,0.5,1,1,1,0,3
3;4;6;10,aVR;aVL;V1;V5,5,0.6,1,0,1,0,2
3;4;6;10,aVR;aVL;V1;V5,5,0.7,1,0,1,0,2
3;4;6;10,aVR;aVL;V1;V5,5,0.8,1,0,1,0,2
3;4;6;10,aVR;aVL;V1;V5,5,0.9,1,0,0,0,1
3;4;6;10;11,aVR;aVL;V1;V5;V6,6,0.5,1,1,1,0,3
3;4;6;10;11,aVR;aVL;V1;V5;V6,6,0.6,1,1,1,0,3
3;4;6;10;11,aVR;aVL;V1;V5;V6,6,0.7,1,0,1,0,2
3;4;6;10;11,aVR;aVL;V1;V5;V6,6,0.8,1,0,1,0,2
3;4;6;10;11,aVR;aVL;V1;V5;V6,6,0.9,1,0,0,0,1
3;4;6;11,aVR;aVL;V1;V6,5,0.5,1,1,1,0,3
3;4;6;11,aVR;aVL;V1;V6,5,0.6,1,1,1,0,3
3;4;6;11,aVR;aVL;V1;V6,5,0.7,1,0,1,0,2
3;4;6;11,aVR;aVL;V1;V6,5,0.8,1,0,1,0,2
3;4;6;11,aVR;aVL;V1;V6,5,0.9,1,0,0,0,1
3;4;7,aVR;aVL;V2,4,0.5,1,1,1,0,3
3;4;7,aVR;aVL;V2,4,0.6,1,0,1,0,2
3;4;7,aVR;aVL;V2,4,0.7,1,0,1,0,2
3;4;7,aVR;aVL;V2,4,0.8,1,0,1,0,2
3;4;7,aVR;aVL;V2,4,0.9,1,0,0,0,1
3;4;7;8,aVR;aVL;V2;V3,5,0.5,1,1,1,0,3
3;4;7;8,aVR;aVL;V2;V3,5,0.6,1,1,1,0,3
3;4;7;8,aVR;aVL;V2;V3,5,0.7,1,0,1,0,2
3;4;7;8,aVR;aVL;V2;V3,5,0.8,1,0,1,0,2
3;4;7;8,aVR;aVL;V2;V3,5,0.9,1,0,0,0,1
3;4;7;8;9,aVR;aVL;V2;V3;V4,6,0.5,1,1,1,0,3
3;4;7;8;9,aVR;aVL;V2;V3;V4,6,0.6,1,0,1,0,2
3;4;7;8;9,aVR;aVL;V2;V3;V4,6,0.7,1,0,1,0,2
3;4;7;8;9,aVR;aVL;V2;V3;V4,6,0.8,1,0,1,0,2
3;4;7;8;9,aVR;aVL;V2;V3;V4,6,0.9,1,0,0,0,1
3;4;7;8;9;10,aVR;aVL;V2;V3;V4;V5,7,0.5,1,1,1,0,3
3;4;7;8;9;10,aVR;aVL;V2;V3;V4;V5,7,0.6,1,0,1,0,2
3;4;7;8;9;10,aVR;aVL;V2;V3;V4;V5,7,0.7,1,0,1,0,2
3;4;7;8;9;10,aVR;aVL;V2;V3;V4;V5,7,0.8,1,0,1,0,2
3;4;7;8;9;10,aVR;aVL;V2;V3;V4;V5,7,0.9,1,0,0,0,1
3;4;7;8;9;10;11,aVR;aVL;V2;V3;V4;V5;V6,8,0.5,1,1,1,0,3
3;4;7;8;9;10;11,aVR;aVL;V2;V3;V4;V5;V6,8,0.6,1,0,1,0,2
3;4;7;8;9;10;11,aVR;aVL;V2;V3;V4;V5;V6,8,0.7,1,0,1,0,2
3;4;7;8;9;10;11,aVR;aVL;V2;V3;V4;V5;V6,8,0.8,1,0,0,0,1
3;4;7;8;9;10;11,aVR;aVL;V2;V3;V4;V5;V6,8,0.9,1,0,0,0,1
3;4;7;8;9;11,aVR;aVL;V2;V3;V4;V6,7,0.5,1,1,1,0,3
3;4;7;8;9;11,aVR;aVL;V2;V3;V4;V6,7,0.6,1,0,1,0,2
3;4;7;8;9;11,aVR;aVL;V2;V3;V4;V6,7,0.7,1,0,1,0,2
3;4;7;8;9;11,aVR;aVL;V2;V3;V4;V6,7,0.8,1,0,0,0,1
3;4;7;8;9;11,aVR;aVL;V2;V3;V4;V6,7,0.9,1,0,0,0,1
3;4;7;8;10,aVR;aVL;V2;V3;V5,6,0.5,1,1,1,0,3
3;4;7;8;10,aVR;aVL;V2;V3;V5,6,0.6,1,0,1,0,2
3;4;7;8;10,aVR;aVL;V2;V3;V5,6,0.7,1,0,1,0,2
3;4;7;8;10,aVR;aVL;V2;V3;V5,6,0.8,1,0,1,0,2
3;4;7;8;10,aVR;aVL;V2;V3;V5,6,0.9,1,0,0,0,1
3;4;7;8;10;11,aVR;aVL;V2;V3;V5;V6,7,0.5,1,1,1,0,3
3;4;7;8;10;11,aVR;aVL;V2;V3;V5;V6,7,0.6,1,0,1,0,2
3;4;7;8;10;11,aVR;aVL;V2;V3;V5;V6,7,0.7,1,0,1,0,2
3;4;7;8;10;11,aVR;aVL;V2;V3;V5;V6,7,0.8,1,0,0,0,1
3;4;7;8;10;11,aVR;aVL;V2;V3;V5;V6,7,0.9,1,0,0,0,1
3;4;7;8;11,aVR;aVL;V2;V3;V6,6,0.5,1,1,1,0,3
3;4;7;8;11,aVR;aVL;V2;V3;V6,6,0.6,1,0,1,0,2
3;4;7;8;11,aVR;aVL;V2;V3;V6,6,0.7,1,0,1,0,2
3;4;7;8;11,aVR;aVL;V2;V3;V6,6,0.8,1,0,0,0,1
3;4;7;8;11,aVR;aVL;V2;V3;V6,6,0.9,1,0,0,0,1
3;4;7;9,aVR;aVL;V2;V4,5,0.5,1,1,1,0,3
3;4;7;9,aVR;aVL;V2;V4,5,0.6,1,1,1,0,3
3;4;7;9,aVR;aVL;V2;V4,5,0.7,1,0,1,0,2
3;4;7;9,aVR;aVL;V2;V4,5,0.8,1,0,1,0,2
3;4;7;9,aVR;aVL;V2;V4,5,0.9,1,0,0,0,1
3;4;7;9;10,aVR;aVL;V2;V4;V5,6,0.5,1,1,1,0,3
3;4;7;9;10,aVR;aVL;V2;V4;V5,6,0.6,1,1,1,0,3
3;4;7;9;10,aVR;aVL;V2;V4;V5,6,0.7,1,0,1,0,2
3;4;7;9;10,aVR;aVL;V2;V4;V5,6,0.8,1,0,1,0,2
3;4;7;9;10,aVR;aVL;V2;V4;V5,6,0.9,1,0,0,0,1
3;4;7;9;10;11,aVR;aVL;V2;V4;V5;V6,7,0.5,1,1,1,0,3
3;4;7;9;10;11,aVR;aVL;V2;V4;V5;V6,7,0.6,1,0,1,0,2
3;4;7;9;10;11,aVR;aVL;V2;V4;V5;V6,7,0.7,1,0,1,0,2
3;4;7;9;10;11,aVR;aVL;V2;V4;V5;V6,7,0.8,1,0,0,0,1
3;4;7;9;10;11,aVR;aVL;V2;V4;V5;V6,7,0.9,1,0,0,0,1
3;4;7;9;11,aVR;aVL;V2;V4;V6,6,0.5,1,1,1,0,3
3;4;7;9;11,aVR;aVL;V2;V4;V6,6,0.6,1,0,1,0,2
3;4;7;9;11,aVR;aVL;V2;V4;V6,6,0.7,1,0,1,0,2
3;4;7;9;11,aVR;aVL;V2;V4;V6,6,0.8,1,0,0,0,1
3;4;7;9;11,aVR;aVL;V2;V4;V6,6,0.9,1,0,0,0,1
3;4;7;10,aVR;aVL;V2;V5,5,0.5,1,1,1,0,3
3;4;7;10,aVR;aVL;V2;V5,5,0.6,1,1,1,0,3
3;4;7;10,aVR;aVL;V2;V5,5,0.7,1,0,1,0,2
3;4;7;10,aVR;aVL;V2;V5,5,0.8,1,0,1,0,2
3;4;7;10,aVR;aVL;V2;V5,5,0.9,1,0,0,0,1
3;4;7;10;11,aVR;aVL;V2;V5;V6,6,0.5,1,1,1,0,3
3;4;7;10;11,aVR;aVL;V2;V5;V6,6,0.6,1,0,1,0,2
3;4;7;10;11,aVR;aVL;V2;V5;V6,6,0.7,1,0,1,0,2
3;4;7;10;11,aVR;aVL;V2;V5;V6,6,0.8,1,0,1,0,2
3;4;7;10;11,aVR;aVL;V2;V5;V6,6,0.9,1,0,0,0,1
3;4;7;11,aVR;aVL;V2;V6,5,0.5,1,1,1,0,3
3;4;7;11,aVR;aVL;V2;V6,5,0.6,1,1,1,0,3
3;4;7;11,aVR;aVL;V2;V6,5,0.7,1,0,1,0,2
3;4;7;11,aVR;aVL;V2;V6,5,0.8,1,0,1,0,2
3;4;7;11,aVR;aVL;V2;V6,5,0.9,1,0,0,0,1
3;4;8,aVR;aVL;V3,4,0.5,1,1,1,0,3
3;4;8,aVR;aVL;V3,4,0.6,1,0,1,0,2
3;4;8,aVR;aVL;V3,4,0.7,1,0,1,0,2
3;4;8,aVR;aVL;V3,4,0.8,1,0,0,0,1
3;4;8,aVR;aVL;V3,4,0.9,1,0,0,0,1
3;4;8;9,aVR;aVL;V3;V4,5,0.5,1,1,1,0,3
3;4;8;9,aVR;aVL;V3;V4,5,0.6,1,1,1,0,3
3;4;8;9,aVR;aVL;V3;V4,5,0.7,1,0,1,0,2
3;4;8;9,aVR;aVL;V3;V4,5,0.8,1,0,0,0,1
3;4;8;9,aVR;aVL;V3;V4,5,0.9,1,0,0,0,1
3;4;8;9;10,aVR;aVL;V3;V4;V5,6,0.5,1,1,1,0,3
3;4;8;9;10,aVR;aVL;V3;V4;V5,6,0.6,1,0,1,0,2
3;4;8;9;10,aVR;aVL;V3;V4;V5,6,0.7,1,0,1,0,2
3;4;8;9;10,aVR;aVL;V3;V4;V5,6,0.8,1,0,0,0,1
3;4;8;9;10,aVR;aVL;V3;V4;V5,6,0.9,1,0,0,0,1
3;4;8;9;10;11,aVR;aVL;V3;V4;V5;V6,7,0.5,1,1,1,0,3
3;4;8;9;10;11,aVR;aVL;V3;V4;V5;V6,7,0.6,1,0,1,0,2
3;4;8;9;10;11,aVR;aVL;V3;V4;V5;V6,7,0.7,1,0,1,0,2
3;4;8;9;10;11,aVR;aVL;V3;V4;V5;V6,7,0.8,1,0,0,0,1
3;4;8;9;10;11,aVR;aVL;V3;V4;V5;V6,7,0.9,1,0,0,0,1
3;4;8;9;11,aVR;aVL;V3;V4;V6,6,0.5,1,1,1,0,3
3;4;8;9;11,aVR;aVL;V3;V4;V6,6,0.6,1,0,1,0,2
3;4;8;9;11,aVR;aVL;V3;V4;V6,6,0.7,1,0,1,0,2
3;4;8;9;11,aVR;aVL;V3;V4;V6,6,0.8,1,0,0,0,1
3;4;8;9;11,aVR;aVL;V3;V4;V6,6,0.9,1,0,0,0,1
3;4;8;10,aVR;aVL;V3;V5,5,0.5,1,1,1,0,3
3;4;8;10,aVR;aVL;V3;V5,5,0.6,1,1,1,0,3
3;4;8;10,aVR;aVL;V3;V5,5,0.7,1,0,1,0,2
3;4;8;10,aVR;aVL;V3;V5,5,0.8,1,0,0,0,1
3;4;8;10,aVR;aVL;V3;V5,5,0.9,1,0,0,0,1
3;4;8;10;11,aVR;aVL;V3;V5;V6,6,0.5,1,1,1,0,3
3;4;8;10;11,aVR;aVL;V3;V5;V6,6,0.6,1,0,1,0,2
3;4;8;10;11,aVR;aVL;V3;V5;V6,6,0.7,1,0,1,0,2
3;4;8;10;11,aVR;aVL;V3;V5;V6,6,0.8,1,0,0,0,1
3;4;8;10;11,aVR;aVL;V3;V5;V6,6,0.9,1,0,0,0,1
3;4;8;11,aVR;aVL;V3;V6,5,0.5,1,1,1,0,3
3;4;8;11,aVR;aVL;V3;V6,5,0.6,1,0,1,0,2
3;4;8;11,aVR;aVL;V3;V6,5,0.7,1,0,1,0,2
3;4;8;11,aVR;aVL;V3;V6,5,0.8,1,0,0,0,1
3;4;8;11,aVR;aVL;V3;V6,5,0.9,1,0,0,0,1
3;4;9,aVR;aVL;V4,4,0.5,1,1,1,0,3
3;4;9,aVR;aVL;V4,4,0.6,1,0,1,0,2
3;4;9,aVR;aVL;V4,4,0.7,1,0,1,0,2
3;4;9,aVR;aVL;V4,4,0.8,1,0,1,0,2
3;4;9,aVR;aVL;V4,4,0.9,1,0,0,0,1
3;4;9;10,aVR;aVL;V4;V5,5,0.5,1,1,1,0,3
3;4;9;10,aVR;aVL;V4;V5,5,0.6,1,0,1,0,2
3;4;9;10,aVR;aVL;V4;V5,5,0.7,1,0,1,0,2
3;4;9;10,aVR;aVL;V4;V5,5,0.8,1,0,0,0,1
3;4;9;10,aVR;aVL;V4;V5,5,0.9,1,0,0,0,1
3;4;9;10;11,aVR;aVL;V4;V5;V6,6,0.5,1,1,1,0,3
3;4;9;10;11,aVR;aVL;V4;V5;V6,6,0.6,1,0,1,0,2
3;4;9;10;11,aVR;aVL;V4;V5;V6,6,0.7,1,0,1,0,2
3;4;9;10;11,aVR;aVL;V4;V5;V6,6,0.8,1,0,0,0,1
3;4;9;10;11,aVR;aVL;V4;V5;V6,6,0.9,1,0,0,0,1
3;4;9;11,aVR;aVL;V4;V6,5,0.5,1,1,1,0,3
3;4;9;11,aVR;aVL;V4;V6,5,0.6,1,0,1,0,2
3;4;9;11,aVR;aVL;V4;V6,5,0.7,1,0,1,0,2
3;4;9;11,aVR;aVL;V4;V6,5,0.8,1,0,0,0,1
3;4;9;11,aVR;aVL;V4;V6,5,0.9,1,0,0,0,1
3;4;10,aVR;aVL;V5,4,0.5,1,1,1,0,3
3;4;10,aVR;aVL;V5,4,0.6,1,0,1,0,2
3;4;10,aVR;aVL;V5,4,0.7,1,0,1,0,2
3;4;10,aVR;aVL;V5,4,0.8,1,0,0,0,1
3;4;10,aVR;aVL;V5,4,0.9,1,0,0,0,1
3;4;10;11,aVR;aVL;V5;V6,5,0.5,1,1,1,0,3
3;4;10;11,aVR;aVL;V5;V6,5,0.6,1,0,1,0,2
3;4;10;11,aVR;aVL;V5;V6,5,0.7,1,0,1,0,2
3;4;10;11,aVR;aVL;V5;V6,5,0.8,1,0,0,0,1
3;4;10;11,aVR;aVL;V5;V6,5,0.9,1,0,0,0,1
3;4;11,aVR;aVL;V6,4,0.5,1,1,1,0,3
3;4;11,aVR;aVL;V6,4,0.6,1,0,1,0,2
3;4;11,aVR;aVL;V6,4,0.7,1,0,1,0,2
3;4;11,aVR;aVL;V6,4,0.8,1,0,0,0,1
3;4;11,aVR;aVL;V6,4,0.9,1,0,0,0,1
3;5,aVR;aVF,3,0.5,1,1,1,0,3
3;5,aVR;aVF,3,0.6,1,1,1,0,3
3;5,aVR;aVF,3,0.7,1,0,1,0,2
3;5,aVR;aVF,3,0.8,1,0,0,0,1
3;5,aVR;aVF,3,0.9,1,0,0,0,1
3;5;6,aVR;aVF;V1,4,0.5,1,1,1,0,3
3;5;6,aVR;aVF;V1,4,0.6,1,1,1,0,3
3;5;6,aVR;aVF;V1,4,0.7,1,0,1,0,2
3;5;6,aVR;aVF;V1,4,0.8,1,0,1,0,2
3;5;6,aVR;aVF;V1,4,0.9,1,0,0,0,1
3;5;6;7,aVR;aVF;V1;V2,5,0.5,1,1,1,0,3
3;5;6;7,aVR;aVF;V1;V2,5,0.6,1,1,1,0,3
3;5;6;7,aVR;aVF;V1;V2,5,0.7,1,0,1,0,2
3;5;6;7,aVR;aVF;V1;V2,5,0.8,1,0,1,0,2
3;5;6;7,aVR;aVF;V1;V2,5,0.9,1,0,0,0,1
3;5;6;7;8,aVR;aVF;V1;V2;V3,6,0.5,1,1,1,0,3
3;5;6;7;8,aVR;aVF;V1;V2;V3,6,0.6,1,0,1,0,2
3;5;6;7;8,aVR;aVF;V1;V2;V3,6,0.7,1,0,1,0,2
3;5;6;7;8,aVR;aVF;V1;V2;V3,6,0.8,1,0,1,0,2
3;5;6;7;8,aVR;aVF;V1;V2;V3,6,0.9,1,0,0,0,1
3;5;6;7;8;9,aVR;aVF;V1;V2;V3;V4,7,0.5,1,1,1,0,3
3;5;6;7;8;9,aVR;aVF;V1;V2;V3;V4,7,0.6,1,0,1,0,2
3;5;6;7;8;9,aVR;aVF;V1;V2;V3;V4,7,0.7,1,0,1,0,2
3;5;6;7;8;9,aVR;aVF;V1;V2;V3;V4,7,0.8,1,0,1,0,2
3;5;6;7;8;9,aVR;aVF;V1;V2;V3;V4,7,0.9,1,0,0,0,1
3;5;6;7;8;9;10,aVR;aVF;V1;V2;V3;V4;V5,8,0.5,1,1,1,0,3
3;5;6;7;8;9;10,aVR;aVF;V1;V2;V3;V4;V5,8,0.6,1,0,1,0,2
3;5;6;7;8;9;10,aVR;aVF;V1;V2;V3;V4;V5,8,0.7,1,0,1,0,2
3;5;6;7;8;9;10,aVR;aVF;V1;V2;V3;V4;V5,8,0.8,1,0,1,0,2
3;5;6;7;8;9;10,aVR;aVF;V1;V2;V3;V4;V5,8,0.9,1,0,0,0,1
3;5;6;7;8;9;10;11,aVR;aVF;V1;V2;V3;V4;V5;V6,9,0.5,1,1,1,0,3
3;5;6;7;8;9;10;11,aVR;aVF;V1;V2;V3;V4;V5;V6,9,0.6,1,1,1,0,3
3;5;6;7;8;9;10;11,aVR;aVF;V1;V2;V3;V4;V5;V6,9,0.7,1,0,1,0,2
3;5;6;7;8;9;10;11,aVR;aVF;V1;V2;V3;V4;V5;V6,9,0.8,1,0,1,0,2
3;5;6;7;8;9;10;11,aVR;aVF;V1;V2;V3;V4;V5;V6,9,0.9,1,0,0,0,1
3;5;6;7;8;9;11,aVR;aVF;V1;V2;V3;V4;V6,8,0.5,1,1,1,0,3
3;5;6;7;8;9;11,aVR;aVF;V1;V2;V3;V4;V6,8,0.6,1,0,1,0,2
3;5;6;7;8;9;11,aVR;aVF;V1;V2;V3;V4;V6,8,0.7,1,0,1,0,2
3;5;6;7;8;9;11,aVR;aVF;V1;V2;V3;V4;V6,8,0.8,1,0,1,0,2
3;5;6;7;8;9;11,aVR;aVF;V1;V2;V3;V4;V6,8,0.9,1,0,0,0,1
3;5;6;7;8;10,aVR;aVF;V1;V2;V3;V5,7,0.5,1,1,1,0,3
3;5;6;7;8;10,aVR;aVF;V1;V2;V3;V5,7,0.6,1,1,1,0,3
3;5;6;7;8;10,aVR;aVF;V1;V2;V3;V5,7,0.7,1,0,1,0,2
3;5;6;7;8;10,aVR;aVF;V1;V2;V3;V5,7,0.8,1,0,1,0,2
3;5;6;7;8;10,aVR;aVF;V1;V2;V3;V5,7,0.9,1,0,0,0,1
3;5;6;7;8;10;11,aVR;aVF;V1;V2;V3;V5;V6,8,0.5,1,1,1,0,3
3;5;6;7;8;10;11,aVR;aVF;V1;V2;V3;V5;V6,8,0.6,1,0,1,0,2
3;5;6;7;8;10;11,aVR;aVF;V1;V2;V3;V5;V6,8,0.7,1,0,1,0,2
3;5;6;7;8;10;11,aVR;aVF;V1;V2;V3;V5;V6,8,0.8,1,0,1,0,2
3;5;6;7;8;10;11,aVR;aVF;V1;V2;V3;V5;V6,8,0.9,1,0,0,0,1
3;5;6;7;8;11,aVR;aVF;V1;V2;V3;V6,7,0.5,1,1,1,0,3
3;5;6;7;8;11,aVR;aVF;V1;V2;V3;V6,7,0.6,1,0,1,0,2
3;5;6;7;8;11,aVR;aVF;V1;V2;V3;V6,7,0.7,1,0,1,0,2
3;5;6;7;8;11,aVR;aVF;V1;V2;V3;V6,7,0.8,1,0,1,0,2
3;5;6;7;8;11,aVR;aVF;V1;V2;V3;V6,7,0.9,1,0,0,0,1
3;5;6;7;9,aVR;aVF;V1;V2;V4,6,0.5,1,1,1,0,3
3;5;6;7;9,aVR;aVF;V1;V2;V4,6,0.6,1,0,1,0,2
3;5;6;7;9,aVR;aVF;V1;V2;V4,6,0.7,1,0,1,0,2
3;5;6;7;9,aVR;aVF;V1;V2;V4,6,0.8,1,0,1,0,2
3;5;6;7;9,aVR;aVF;V1;V2;V4,6,0.9,1,0,0,0,1
3;5;6;7;9;10,aVR;aVF;V1;V2;V4;V5,7,0.5,1,1,1,0,3
3;5;6;7;9;10,aVR;aVF;V1;V2;V4;V5,7,0.6,1,0,1,0,2
3;5;6;7;9;10,aVR;aVF;V1;V2;V4;V5,7,0.7,1,0,1,0,2
3;5;6;7;9;10,aVR;aVF;V1;V2;V4;V5,7,0.8,1,0,1,0,2
3;5;6;7;9;10,aVR;aVF;V1;V2;V4;V5,7,0.9,1,0,0,0,1
3;5;6;7;9;10;11,aVR;aVF;V1;V2;V4;V5;V6,8,0.5,1,1,1,0,3
3;5;6;7;9;10;11,aVR;aVF;V1;V2;V4;V5;V6,8,0.6,1,1,1,0,3
3;5;6;7;9;10;11,aVR;aVF;V1;V2;V4;V5;V6,8,0.7,1,0,1,0,2
3;5;6;7;9;10;11,aVR;aVF;V1;V2;V4;V5;V6,8,0.8,1,0,1,0,2
3;5;6;7;9;10;11,aVR;aVF;V1;V2;V4;V5;V6,8,0.9,1,0,0,0,1
3;5;6;7;9;11,aVR;aVF;V1;V2;V4;V6,7,0.5,1,1,1,0,3
3;5;6;7;9;11,aVR;aVF;V1;V2;V4;V6,7,0.6,1,1,1,0,3
3;5;6;7;9;11,aVR;aVF;V1;V2;V4;V6,7,0.7,1,0,1,0,2
3;5;6;7;9;11,aVR;aVF;V1;V2;V4;V6,7,0.8,1,0,1,0,2
3;5;6;7;9;11,aVR;aVF;V1;V2;V4;V6,7,0.9,1,0,0,0,1
3;5;6;7;10,aVR;aVF;V1;V2;V5,6,0.5,1,1,1,0,3
3;5;6;7;10,aVR;aVF;V1;V2;V5,6,0.6,1,0,1,0,2
3;5;6;7;10,aVR;aVF;V1;V2;V5,6,0.7,1,0,1,0,2
3;5;6;7;10,aVR;aVF;V1;V2;V5,6,0.8,1,0,1,0,2
3;5;6;7;10,aVR;aVF;V1;V2;V5,6,0.9,1,0,0,0,1
3;5;6;7;10;11,aVR;aVF;V1;V2;V5;V6,7,0.5,1,1,1,0,3
3;5;6;7;10;11,aVR;aVF;V1;V2;V5;V6,7,0.6,1,1,1,0,3
3;5;6;7;10;11,aVR;aVF;V1;V2;V5;V6,7,0.7,1,0,1,0,2
3;5;6;7;10;11,aVR;aVF;V1;V2;V5;V6,7,0.8,1,0,1,0,2
3;5;6;7;10;11,aVR;aVF;V1;V2;V5;V6,7,0.9,1,0,0,0,1
3;5;6;7;11,aVR;aVF;V1;V2;V6,6,0.5,1,1,1,0,3
3;5;6;7;11,aVR;aVF;V1;V2;V6,6,0.6,1,0,1,0,2
3;5;6;7;11,aVR;aVF;V1;V2;V6,6,0.7,1,0,1,0,2
3;5;6;7;11,aVR;aVF;V1;V2;V6,6,0.8,1,0,1,0,2
3;5;6;7;11,aVR;aVF;V1;V2;V6,6,0.9,1,0,0,0,1
3;5;6;8,aVR;aVF;V1;V3,5,0.5,1,1,1,0,3
3;5;6;8,aVR;aVF;V1;V3,5,0.6,1,0,1,0,2
3;5;6;8,aVR;aVF;V1;V3,5,0.7,1,0,1,0,2
3;5;6;8,aVR;aVF;V1;V3,5,0.8,1,0,1,0,2
3;5;6;8,aVR;aVF;V1;V3,5,0.9,1,0,0,0,1
3;5;6;8;9,aVR;aVF;V1;V3;V4,6,0.5,1,1,1,0,3
3;5;6;8;9,aVR;aVF;V1;V3;V4,6,0.6,1,0,1,0,2
3;5;6;8;9,aVR;aVF;V1;V3;V4,6,0.7,1,0,1,0,2
3;5;6;8;9,aVR;aVF;V1;V3;V4,6,0.8,1,0,1,0,2
3;5;6;8;9,aVR;aVF;V1;V3;V4,6,0.9,1,0,0,0,1
3;5;6;8;9;10,aVR;aVF;V1;V3;V4;V5,7,0.5,1,1,1,0,3
3;5;6;8;9;10,aVR;aVF;V1;V3;V4;V5,7,0.6,1,0,1,0,2
3;5;6;8;9;10,aVR;aVF;V1;V3;V4;V5,7,0.7,1,0,1,0,2
3;5;6;8;9;10,aVR;aVF;V1;V3;V4;V5,7,0.8,1,0,1,0,2
3;5;6;8;9;10,aVR;aVF;V1;V3;V4;V5,7,0.9,1,0,0,0,1
3;5;6;8;9;10;11,aVR;aVF;V1;V3;V4;V5;V6,8,0.5,1,1,1,0,3
3;5;6;8;9;10;11,aVR;aVF;V1;V3;V4;V5;V6,8,0.6,1,0,1,0,2
3;5;6;8;9;10;11,aVR;aVF;V1;V3;V4;V5;V6,8,0.7,1,0,1,0,2
3;5;6;8;9;10;11,aVR;aVF;V1;V3;V4;V5;V6,8,0.8,1,0,1,0,2
3;5;6;8;9;10;11,aVR;aVF;V1;V3;V4;V5;V6,8,0.9,1,0,0,0,1
3;5;6;8;9;11,aVR;aVF;V1;V3;V4;V6,7,0.5,1,1,1,0,3
3;5;6;8;9;11,aVR;aVF;V1;V3;V4;V6,7,0.6,1,0,1,0,2
3;5;6;8;9;11,aVR;aVF;V1;V3;V4;V6,7,0.7,1,0,1,0,2
3;5;6;8;9;11,aVR;aVF;V1;V3;V4;V6,7,0.8,1,0,1,0,2
3;5;6;8;9;11,aVR;aVF;V1;V3;V4;V6,7,0.9,1,0,0,0,1
3;5;6;8;10,aVR;aVF;V1;V3;V5,6,0.5,1,1,1,0,3
3;5;6;8;10,aVR;aVF;V1;V3;V5,6,0.6,1,0,1,0,2
3;5;6;8;10,aVR;aVF;V1;V3;V5,6,0.7,1,0,1,0,2
3;5;6;8;10,aVR;aVF;V1;V3;V5,6,0.8,1,0,1,0,2
3;5;6;8;10,aVR;aVF;V1;V3;V5,6,0.9,1,0,0,0,1
3;5;6;8;10;11,aVR;aVF;V1;V3;V5;V6,7,0.5,1,1,1,0,3
3;5;6;8;10;11,aVR;aVF;V1;V3;V5;V6,7,0.6,1,0,1,0,2
3;5;6;8;10;11,aVR;aVF;V1;V3;V5;V6,7,0.7,1,0,1,0,2
3;5;6;8;10;11,aVR;aVF;V1;V3;V5;V6,7,0.8,1,0,1,0,2
3;5;6;8;10;11,aVR;aVF;V1;V3;V5;V6,7,0.9,1,0,0,0,1
3;5;6;8;11,aVR;aVF;V1;V3;V6,6,0.5,1,1,1,0,3
3;5;6;8;11,aVR;aVF;V1;V3;V6,6,0.6,1,0,1,0,2
3;5;6;8;11,aVR;aVF;V1;V3;V6,6,0.7,1,0,1,0,2
3;5;6;8;11,aVR;aVF;V1;V3;V6,6,0.8,1,0,1,0,2
3;5;6;8;11,aVR;aVF;V1;V3;V6,6,0.9,1,0,0,0,1
3;5;6;9,aVR;aVF;V1;V4,5,0.5,1,1,1,0,3
3;5;6;9,aVR;aVF;V1;V4,5,0.6,1,0,1,0,2
3;5;6;9,aVR;aVF;V1;V4,5,0.7,1,0,1,0,2
3;5;6;9,aVR;aVF;V1;V4,5,0.8,1,0,1,0,2
3;5;6;9,aVR;aVF;V1;V4,5,0.9,1,0,0,0,1
3;5;6;9;10,aVR;aVF;V1;V4;V5,6,0.5,1,1,1,0,3
3;5;6;9;10,aVR;aVF;V1;V4;V5,6,0.6,1,0,1,0,2
3;5;6;9;10,aVR;aVF;V1;V4;V5,6,0.7,1,0,1,0,2
3;5;6;9;10,aVR;aVF;V1;V4;V5,6,0.8,1,0,1,0,2
3;5;6;9;10,aVR;aVF;V1;V4;V5,6,0.9,1,0,0,0,1
3;5;6;9;10;11,aVR;aVF;V1;V4;V5;V6,7,0.5,1,1,1,0,3
3;5;6;9;10;11,aVR;aVF;V1;V4;V5;V6,7,0.6,1,0,1,0,2
3;5;6;9;10;11,aVR;aVF;V1;V4;V5;V6,7,0.7,1,0,1,0,2
3;5;6;9;10;11,aVR;aVF;V1;V4;V5;V6,7,0.8,1,0,1,0,2
3;5;6;9;10;11,aVR;aVF;V1;V4;V5;V6,7,0.9,1,0,0,0,1
3;5;6;9;11,aVR;aVF;V1;V4;V6,6,0.5,1,1,1,0,3
3;5;6;9;11,aVR;aVF;V1;V4;V6,6,0.6,1,0,1,0,2
3;5;6;9;11,aVR;aVF;V1;V4;V6,6,0.7,1,0,1,0,2
3;5;6;9;11,aVR;aVF;V1;V4;V6,6,0.8,1,0,1,0,2
3;5;6;9;11,aVR;aVF;V1;V4;V6,6,0.9,1,0,0,0,1
3;5;6;10,aVR;aVF;V1;V5,5,0.5,1,1,1,0,3
3;5;6;10,aVR;aVF;V1;V5,5,0.6,1,0,1,0,2
3;5;6;10,aVR;aVF;V1;V5,5,0.7,1,0,1,0,2
3;5;6;10,aVR;aVF;V1;V5,5,0.8,1,0,1,0,2
3;5;6;10,aVR;aVF;V1;V5,5,0.9,1,0,0,0,1
3;5;6;10;11,aVR;aVF;V1;V5;V6,6,0.5,1,1,1,0,3
3;5;6;10;11,aVR;aVF;V1;V5;V6,6,0.6,1,0,1,0,2
3;5;6;10;11,aVR;aVF;V1;V5;V6,6,0.7,1,0,1,0,2
3;5;6;10;11,aVR;aVF;V1;V5;V6,6,0.8,1,0,1,0,2
3;5;6;10;11,aVR;aVF;V1;V5;V6,6,0.9,1,0,0,0,1
3;5;6;11,aVR;aVF;V1;V6,5,0.5,1,1,1,0,3
3;5;6;11,aVR;aVF;V1;V6,5,0.6,1,1,1,0,3
3;5;6;11,aVR;aVF;V1;V6,5,0.7,1,0,1,0,2
3;5;6;11,aVR;aVF;V1;V6,5,0.8,1,0,1,0,2
3;5;6;11,aVR;aVF;V1;V6,5,0.9,1,0,0,0,1
3;5;7,aVR;aVF;V2,4,0.5,1,1,1,0,3
3;5;7,aVR;aVF;V2,4,0.6,1,0,1,0,2
3;5;7,aVR;aVF;V2,4,0.7,1,0,1,0,2
3;5;7,aVR;aVF;V2,4,0.8,1,0,1,0,2
3;5;7,aVR;aVF;V2,4,0.9,1,0,0,0,1
3;5;7;8,aVR;aVF;V2;V3,5,0.5,1,1,1,0,3
3;5;7;8,aVR;aVF;V2;V3,5,0.6,1,1,1,0,3
3;5;7;8,aVR;aVF;V2;V3,5,0.7,1,0,1,0,2
3;5;7;8,aVR;aVF;V2;V3,5,0.8,1,0,1,0,2
3;5;7;8,aVR;aVF;V2;V3,5,0.9,1,0,0,0,1
3;5;7;8;9,aVR;aVF;V2;V3;V4,6,0.5,1,1,1,0,3
3;5;7;8;9,aVR;aVF;V2;V3;V4,6,0.6,1,0,1,0,2
3;5;7;8;9,aVR;aVF;V2;V3;V4,6,0.7,1,0,1,0,2
3;5;7;8;9,aVR;aVF;V2;V3;V4,6,0.8,1,0,0,0,1
3;5;7;8;9,aVR;aVF;V2;V3;V4,6,0.9,1,0,0,0,1
3;5;7;8;9;10,aVR;aVF;V2;V3;V4;V5,7,0.5,1,1,1,0,3
3;5;7;8;9;10,aVR;aVF;V2;V3;V4;V5,7,0.6,1,1,1,0,3
3;5;7;8;9;10,aVR;aVF;V2;V3;V4;V5,7,0.7,1,0,1,0,2
3;5;7;8;9;10,aVR;aVF;V2;V3;V4;V5,7,0.8,1,0,0,0,1
3;5;7;8;9;10,aVR;aVF;V2;V3;V4;V5,7,0.9,1,0,0,0,1
3;5;7;8;9;10;11,aVR;aVF;V2;V3;V4;V5;V6,8,0.5,1,1,1,0,3
3;5;7;8;9;10;11,aVR;aVF;V2;V3;V4;V5;V6,8,0.6,1,0,1,0,2
3;5;7;8;9;10;11,aVR;aVF;V2;V3;V4;V5;V6,8,0.7,1,0,1,0,2
3;5;7;8;9;10;11,aVR;aVF;V2;V3;V4;V5;V6,8,0.8,1,0,0,0,1
3;5;7;8;9;10;11,aVR;aVF;V2;V3;V4;V5;V6,8,0.9,1,0,0,0,1
3;5;7;8;9;11,aVR;aVF;V2;V3;V4;V6,7,0.5,1,1,1,0,3
3;5;7;8;9;11,aVR;aVF;V2;V3;V4;V6,7,0.6,1,0,1,0,2
3;5;7;8;9;11,aVR;aVF;V2;V3;V4;V6,7,0.7,1,0,1,0,2
3;5;7;8;9;11,aVR;aVF;V2;V3;V4;V6,7,0.8,1,0,0,0,1
3;5;7;8;9;11,aVR;aVF;V2;V3;V4;V6,7,0.9,1,0,0,0,1
3;5;7;8;10,aVR;aVF;V2;V3;V5,6,0.5,1,1,1,0,3
3;5;7;8;10,aVR;aVF;V2;V3;V5,6,0.6,1,1,1,0,3
3;5;7;8;10,aVR;aVF;V2;V3;V5,6,0.7,1,0,1,0,2
3;5;7;8;10,aVR;aVF;V2;V3;V5,6,0.8,1,0,0,0,1
3;5;7;8;10,aVR;aVF;V2;V3;V5,6,0.9,1,0,0,0,1
3;5;7;8;10;11,aVR;aVF;V2;V3;V5;V6,7,0.5,1,1,1,0,3
3;5;7;8;10;11,aVR;aVF;V2;V3;V5;V6,7,0.6,1,1,1,0,3
3;5;7;8;10;11,aVR;aVF;V2;V3;V5;V6,7,0.7,1,0,1,0,2
3;5;7;8;10;11,aVR;aVF;V2;V3;V5;V6,7,0.8,1,0,0,0,1
3;5;7;8;10;11,aVR;aVF;V2;V3;V5;V6,7,0.9,1,0,0,0,1
3;5;7;8;11,aVR;aVF;V2;V3;V6,6,0.5,1,1,1,0,3
3;5;7;8;11,aVR;aVF;V2;V3;V6,6,0.6,1,0,1,0,2
3;5;7;8;11,aVR;aVF;V2;V3;V6,6,0.7,1,0,1,0,2
3;5;7;8;11,aVR;aVF;V2;V3;V6,6,0.8,1,0,0,0,1
3;5;7;8;11,aVR;aVF;V2;V3;V6,6,0.9,1,0,0,0,1
3;5;7;9,aVR;aVF;V2;V4,5,0.5,1,1,1,0,3
3;5;7;9,aVR;aVF;V2;V4,5,0.6,1,1,1,0,3
3;5;7;9,aVR;aVF;V2;V4,5,0.7,1,0,1,0,2
3;5;7;9,aVR;aVF;V2;V4,5,0.8,1,0,1,0,2
3;5;7;9,aVR;aVF;V2;V4,5,0.9,1,0,0,0,1
3;5;7;9;10,aVR;aVF;V2;V4;V5,6,0.5,1,1,1,0,3
3;5;7;9;10,aVR;aVF;V2;V4;V5,6,0.6,1,1,1,0,3
3;5;7;9;10,aVR;aVF;V2;V4;V5,6,0.7,1,0,1,0,2
3;5;7;9;10,aVR;aVF;V2;V4;V5,6,0.8,1,0,0,0,1
3;5;7;9;10,aVR;aVF;V2;V4;V5,6,0.9,1,0,0,0,1
3;5;7;9;10;11,aVR;aVF;V2;V4;V5;V6,7,0.5,1,1,1,0,3
3;5;7;9;10;11,aVR;aVF;V2;V4;V5;V6,7,0.6,1,1,1,0,3
3;5;7;9;10;11,aVR;aVF;V2;V4;V5;V6,7,0.7,1,0,1,0,2
3;5;7;9;10;11,aVR;aVF;V2;V4;V5;V6,7,0.8,1,0,0,0,1
3;5;7;9;10;11,aVR;aVF;V2;V4;V5;V6,7,0.9,1,0,0,0,1
3;5;7;9;11,aVR;aVF;V2;V4;V6,6,0.5,1,1,1,0,3
3;5;7;9;11,aVR;aVF;V2;V4;V6,6,0.6,1,0,1,0,2
3;5;7;9;11,aVR;aVF;V2;V4;V6,6,0.7,1,0,1,0,2
3;5;7;9;11,aVR;aVF;V2;V4;V6,6,0.8,1,0,0,0,1
3;5;7;9;11,aVR;aVF;V2;V4;V6,6,0.9,1,0,0,0,1
3;5;7;10,aVR;aVF;V2;V5,5,0.5,1,1,1,0,3
3;5;7;10,aVR;aVF;V2;V5,5,0.6,1,0,1,0,2
3;5;7;10,aVR;aVF;V2;V5,5,0.7,1,0,1,0,2
3;5;7;10,aVR;aVF;V2;V5,5,0.8,1,0,1,0,2
3;5;7;10,aVR;aVF;V2;V5,5,0.9,1,0,0,0,1
3;5;7;10;11,aVR;aVF;V2;V5;V6,6,0.5,1,1,1,0,3
3;5;7;10;11,aVR;aVF;V2;V5;V6,6,0.6,1,1,1,0,3
3;5;7;10;11,aVR;aVF;V2;V5;V6,6,0.7,1,0,1,0,2
3;5;7;10;11,aVR;aVF;V2;V5;V6,6,0.8,1,0,0,0,1
3;5;7;10;11,aVR;aVF;V2;V5;V6,6,0.9,1,0,0,0,1
3;5;7;11,aVR;aVF;V2;V6,5,0.5,1,1,1,0,3
3;5;7;11,aVR;aVF;V2;V6,5,0.6,1,1,1,0,3
3;5;7;11,aVR;aVF;V2;V6,5,0.7,1,0,1,0,2
3;5;7;11,aVR;aVF;V2;V6,5,0.8,1,0,1,0,2
3;5;7;11,aVR;aVF;V2;V6,5,0.9,1,0,0,0,1
3;5;8,aVR;aVF;V3,4,0.5,1,1,1,0,3
3;5;8,aVR;aVF;V3,4,0.6,1,0,1,0,2
3;5;8,aVR;aVF;V3,4,0.7,1,0,1,0,2
3;5;8,aVR;aVF;V3,4,0.8,1,0,0,0,1
3;5;8,aVR;aVF;V3,4,0.9,1,0,0,0,1
3;5;8;9,aVR;aVF;V3;V4,5,0.5,1,1,1,0,3
3;5;8;9,aVR;aVF;V3;V4,5,0.6,1,1,1,0,3
3;5;8;9,aVR;aVF;V3;V4,5,0.7,1,0,1,0,2
3;5;8;9,aVR;aVF;V3;V4,5,0.8,1,0,1,0,2
3;5;8;9,aVR;aVF;V3;V4,5,0.9,1,0,0,0,1
3;5;8;9;10,aVR;aVF;V3;V4;V5,6,0.5,1,1,1,0,3
3;5;8;9;10,aVR;aVF;V3;V4;V5,6,0.6,1,1,1,0,3
3;5;8;9;10,aVR;aVF;V3;V4;V5,6,0.7,1,0,1,0,2
3;5;8;9;10,aVR;aVF;V3;V4;V5,6,0.8,1,0,0,0,1
3;5;8;9;10,aVR;aVF;V3;V4;V5,6,0.9,1,0,0,0,1
3;5;8;9;10;11,aVR;aVF;V3;V4;V5;V6,7,0.5,1,1,1,0,3
3;5;8;9;10;11,aVR;aVF;V3;V4;V5;V6,7,0.6,1,0,1,0,2
3;5;8;9;10;11,aVR;aVF;V3;V4;V5;V6,7,0.7,1,0,1,0,2
3;5;8;9;10;11,aVR;aVF;V3;V4;V5;V6,7,0.8,1,0,0,0,1
3;5;8;9;10;11,aVR;aVF;V3;V4;V5;V6,7,0.9,1,0,0,0,1
3;5;8;9;11,aVR;aVF;V3;V4;V6,6,0.5,1,1,1,0,3
3;5;8;9;11,aVR;aVF;V3;V4;V6,6,0.6,1,0,1,0,2
3;5;8;9;11,aVR;aVF;V3;V4;V6,6,0.7,1,0,1,0,2
3;5;8;9;11,aVR;aVF;V3;V4;V6,6,0.8,1,0,0,0,1
3;5;8;9;11,aVR;aVF;V3;V4;V6,6,0.9,1,0,0,0,1
3;5;8;10,aVR;aVF;V3;V5,5,0.5,1,1,1,0,3
3;5;8;10,aVR;aVF;V3;V5,5,0.6,1,1,1,0,3
3;5;8;10,aVR;aVF;V3;V5,5,0.7,1,0,1,0,2
3;5;8;10,aVR;aVF;V3;V5,5,0.8,1,0,0,0,1
3;5;8;10,aVR;aVF;V3;V5,5,0.9,1,0,0,0,1
3;5;8;10;11,aVR;aVF;V3;V5;V6,6,0.5,1,1,1,0,3
3;5;8;10;11,aVR;aVF;V3;V5;V6,6,0.6,1,1,1,0,3
3;5;8;10;11,aVR;aVF;V3;V5;V6,6,0.7,1,0,1,0,2
3;5;8;10;11,aVR;aVF;V3;V5;V6,6,0.8,1,0,0,0,1
3;5;8;10;11,aVR;aVF;V3;V5;V6,6,0.9,1,0,0,0,1
3;5;8;11,aVR;aVF;V3;V6,5,0.5,1,1,1,0,3
3;5;8;11,aVR;aVF;V3;V6,5,0.6,1,0,1,0,2
3;5;8;11,aVR;aVF;V3;V6,5,0.7,1,0,1,0,2
3;5;8;11,aVR;aVF;V3;V6,5,0.8,1,0,0,0,1
3;5;8;11,aVR;aVF;V3;V6,5,0.9,1,0,0,0,1
3;5;9,aVR;aVF;V4,4,0.5,1,1,1,0,3
3;5;9,aVR;aVF;V4,4,0.6,1,0,1,0,2
3;5;9,aVR;aVF;V4,4,0.7,1,0,1,0,2
3;5;9,aVR;aVF;V4,4,0.8,1,0,1,0,2
3;5;9,aVR;aVF;V4,4,0.9,1,0,0,0,1
3;5;9;10,aVR;aVF;V4;V5,5,0.5,1,1,1,0,3
3;5;9;10,aVR;aVF;V4;V5,5,0.6,1,0,1,0,2
3;5;9;10,aVR;aVF;V4;V5,5,0.7,1,0,1,0,2
3;5;9;10,aVR;aVF;V4;V5,5,0.8,1,0,0,0,1
3;5;9;10,aVR;aVF;V4;V5,5,0.9,1,0,0,0,1
3;5;9;10;11,aVR;aVF;V4;V5;V6,6,0.5,1,1,1,0,3
3;5;9;10;11,aVR;aVF;V4;V5;V6,6,0.6,1,1,1,0,3
3;5;9;10;11,aVR;aVF;V4;V5;V6,6,0.7,1,0,1,0,2
3;5;9;10;11,aVR;aVF;V4;V5;V6,6,0.8,1,0,0,0,1
3;5;9;10;11,aVR;aVF;V4;V5;V6,6,0.9,1,0,0,0,1
3;5;9;11,aVR;aVF;V4;V6,5,0.5,1,1,1,0,3
3;5;9;11,aVR;aVF;V4;V6,5,0.6,1,0,1,0,2
3;5;9;11,aVR;aVF;V4;V6,5,0.7,1,0,1,0,2
3;5;9;11,aVR;aVF;V4;V6,5,0.8,1,0,1,0,2
3;5;9;11,aVR;aVF;V4;V6,5,0.9,1,0,0,0,1
3;5;10,aVR;aVF;V5,4,0.5,1,1,1,0,3
3;5;10,aVR;aVF;V5,4,0.6,1,1,1,0,3
3;5;10,aVR;aVF;V5,4,0.7,1,0,1,0,2
3;5;10,aVR;aVF;V5,4,0.8,1,0,0,0,1
3;5;10,aVR;aVF;V5,4,0.9,1,0,0,0,1
3;5;10;11,aVR;aVF;V5;V6,5,0.5,1,1,1,0,3
3;5;10;11,aVR;aVF;V5;V6,5,0.6,1,1,1,0,3
3;5;10;11,aVR;aVF;V5;V6,5,0.7,1,0,1,0,2
3;5;10;11,aVR;aVF;V5;V6,5,0.8,1,0,0,0,1
3;5;10;11,aVR;aVF;V5;V6,5,0.9,1,0,0,0,1
3;5;11,aVR;aVF;V6,4,0.5,1,1,1,0,3
3;5;11,aVR;aVF;V6,4,0.6,1,0,1,0,2
3;5;11,aVR;aVF;V6,4,0.7,1,0,1,0,2
3;5;11,aVR;aVF;V6,4,0.8,1,0,0,0,1
3;5;11,aVR;aVF;V6,4,0.9,1,0,0,0,1
3;6,aVR;V1,4,0.5,1,1,1,0,3
3;6,aVR;V1,4,0.6,1,1,1,0,3
3;6,aVR;V1,4,0.7,1,0,1,0,2
3;6,aVR;V1,4,0.8,1,0,1,0,2
3;6,aVR;V1,4,0.9,1,0,0,0,1
3;6;7,aVR;V1;V2,5,0.5,1,1,1,0,3
3;6;7,aVR;V1;V2,5,0.6,1,1,1,0,3
3;6;7,aVR;V1;V2,5,0.7,1,0,1,0,2
3;6;7,aVR;V1;V2,5,0.8,1,0,1,0,2
3;6;7,aVR;V1;V2,5,0.9,1,0,0,0,1
3;6;7;8,aVR;V1;V2;V3,6,0.5,1,1,1,0,3
3;6;7;8,aVR;V1;V2;V3,6,0.6,1,1,1,0,3
3;6;7;8,aVR;V1;V2;V3,6,0.7,1,0,1,0,2
3;6;7;8,aVR;V1;V2;V3,6,0.8,1,0,1,0,2
3;6;7;8,aVR;V1;V2;V3,6,0.9,1,0,0,0,1
3;6;7;8;9,aVR;V1;V2;V3;V4,7,0.5,1,1,1,0,3
3;6;7;8;9,aVR;V1;V2;V3;V4,7,0.6,1,1,1,0,3
3;6;7;8;9,aVR;V1;V2;V3;V4,7,0.7,1,0,1,0,2
3;6;7;8;9,aVR;V1;V2;V3;V4,7,0.8,1,0,1,0,2
3;6;7;8;9,aVR;V1;V2;V3;V4,7,0.9,1,0,0,0,1
3;6;7;8;9;10,aVR;V1;V2;V3;V4;V5,8,0.5,1,1,1,0,3
3;6;7;8;9;10,aVR;V1;V2;V3;V4;V5,8,0.6,1,1,1,0,3
3;6;7;8;9;10,aVR;V1;V2;V3;V4;V5,8,0.7,1,0,1,0,2
3;6;7;8;9;10,aVR;V1;V2;V3;V4;V5,8,0.8,1,0,1,0,2
3;6;7;8;9;10,aVR;V1;V2;V3;V4;V5,8,0.9,1,0,0,0,1
3;6;7;8;9;10;11,aVR;V1;V2;V3;V4;V5;V6,9,0.5,1,1,1,0,3
3;6;7;8;9;10;11,aVR;V1;V2;V3;V4;V5;V6,9,0.6,1,1,1,0,3
3;6;7;8;9;10;11,aVR;V1;V2;V3;V4;V5;V6,9,0.7,1,0,1,0,2
3;6;7;8;9;10;11,aVR;V1;V2;V3;V4;V5;V6,9,0.8,1,0,1,0,2
3;6;7;8;9;10;11,aVR;V1;V2;V3;V4;V5;V6,9,0.9,1,0,0,0,1
3;6;7;8;9;11,aVR;V1;V2;V3;V4;V6,8,0.5,1,1,1,0,3
3;6;7;8;9;11,aVR;V1;V2;V3;V4;V6,8,0.6,1,1,1,0,3
3;6;7;8;9;11,aVR;V1;V2;V3;V4;V6,8,0.7,1,0,1,0,2
3;6;7;8;9;11,aVR;V1;V2;V3;V4;V6,8,0.8,1,0,1,0,2
3;6;7;8;9;11,aVR;V1;V2;V3;V4;V6,8,0.9,1,0,0,0,1
3;6;7;8;10,aVR;V1;V2;V3;V5,7,0.5,1,1,1,0,3
3;6;7;8;10,aVR;V1;V2;V3;V5,7,0.6,1,1,1,0,3
3;6;7;8;10,aVR;V1;V2;V3;V5,7,0.7,1,0,1,0,2
3;6;7;8;10,aVR;V1;V2;V3;V5,7,0.8,1,0,1,0,2
3;6;7;8;10,aVR;V1;V2;V3;V5,7,0.9,1,0,0,0,1
3;6;7;8;10;11,aVR;V1;V2;V3;V5;V6,8,0.5,1,1,1,0,3
3;6;7;8;10;11,aVR;V1;V2;V3;V5;V6,8,0.6,1,1,1,0,3
3;6;7;8;10;11,aVR;V1;V2;V3;V5;V6,8,0.7,1,0,1,0,2
3;6;7;8;10;11,aVR;V1;V2;V3;V5;V6,8,0.8,1,0,1,0,2
3;6;7;8;10;11,aVR;V1;V2;V3;V5;V6,8,0.9,1,0,0,0,1
3;6;7;8;11,aVR;V1;V2;V3;V6,7,0.5,1,1,1,0,3
3;6;7;8;11,aVR;V1;V2;V3;V6,7,0.6,1,1,1,0,3
3;6;7;8;11,aVR;V1;V2;V3;V6,7,0.7,1,0,1,0,2
3;6;7;8;11,aVR;V1;V2;V3;V6,7,0.8,1,0,1,0,2
3;6;7;8;11,aVR;V1;V2;V3;V6,7,0.9,1,0,0,0,1
3;6;7;9,aVR;V1;V2;V4,6,0.5,1,1,1,0,3
3;6;7;9,aVR;V1;V2;V4,6,0.6,1,1,1,0,3
3;6;7;9,aVR;V1;V2;V4,6,0.7,1,0,1,0,2
3;6;7;9,aVR;V1;V2;V4,6,0.8,1,0,1,0,2
3;6;7;9,aVR;V1;V2;V4,6,0.9,1,0,0,0,1
3;6;7;9;10,aVR;V1;V2;V4;V5,7,0.5,1,1,1,0,3
3;6;7;9;10,aVR;V1;V2;V4;V5,7,0.6,1,1,1,0,3
3;6;7;9;10,aVR;V1;V2;V4;V5,7,0.7,1,0,1,0,2
3;6;7;9;10,aVR;V1;V2;V4;V5,7,0.8,1,0,1,0,2
3;6;7;9;10,aVR;V1;V2;V4;V5,7,0.9,1,0,0,0,1
3;6;7;9;10;11,aVR;V1;V2;V4;V5;V6,8,0.5,1,1,1,0,3
3;6;7;9;10;11,aVR;V1;V2;V4;V5;V6,8,0.6,1,1,1,0,3
3;6;7;9;10;11,aVR;V1;V2;V4;V5;V6,8,0.7,1,0,1,0,2
3;6;7;9;10;11,aVR;V1;V2;V4;V5;V6,8,0.8,1,0,1,0,2
3;6;7;9;10;11,aVR;V1;V2;V4;V5;V6,8,0.9,1,0,0,0,1
3;6;7;9;11,aVR;V1;V2;V4;V6,7,0.5,1,1,1,0,3
3;6;7;9;11,aVR;V1;V2;V4;V6,7,0.6,1,1,1,0,3
3;6;7;9;11,aVR;V1;V2;V4;V6,7,0.7,1,0,1,0,2
3;6;7;9;11,aVR;V1;V2;V4;V6,7,0.8,1,0,1,0,2
3;6;7;9;11,aVR;V1;V2;V4;V6,7,0.9,1,0,0,0,1
3;6;7;10,aVR;V1;V2;V5,6,0.5,1,1,1,0,3
3;6;7;10,aVR;V1;V2;V5,6,0.6,1,1,1,0,3
3;6;7;10,aVR;V1;V2;V5,6,0.7,1,0,1,0,2
3;6;7;10,aVR;V1;V2;V5,6,0.8,1,0,1,0,2
3;6;7;10,aVR;V1;V2;V5,6,0.9,1,0,0,0,1
3;6;7;10;11,aVR;V1;V2;V5;V6,7,0.5,1,1,1,0,3
3;6;7;10;11,aVR;V1;V2;V5;V6,7,0.6,1,1,1,0,3
3;6;7;10;11,aVR;V1;V2;V5;V6,7,0.7,1,0,1,0,2
3;6;7;10;11,aVR;V1;V2;V5;V6,7,0.8,1,0,1,0,2
3;6;7;10;11,aVR;V1;V2;V5;V6,7,0.9,1,0,0,0,1
3;6;7;11,aVR;V1;V2;V6,6,0.5,1,1,1,0,3
3;6;7;11,aVR;V1;V2;V6,6,0.6,1,1,1,0,3
3;6;7;11,aVR;V1;V2;V6,6,0.7,1,0,1,0,2
3;6;7;11,aVR;V1;V2;V6,6,0.8,1,0,1,0,2
3;6;7;11,aVR;V1;V2;V6,6,0.9,1,0,0,0,1
3;6;8,aVR;V1;V3,5,0.5,1,1,1,0,3
3;6;8,aVR;V1;V3,5,0.6,1,1,1,0,3
3;6;8,aVR;V1;V3,5,0.7,1,0,1,0,2
3;6;8,aVR;V1;V3,5,0.8,1,0,1,0,2
3;6;8,aVR;V1;V3,5,0.9,1,0,0,0,1
3;6;8;9,aVR;V1;V3;V4,6,0.5,1,1,1,0,3
3;6;8;9,aVR;V1;V3;V4,6,0.6,1,1,1,0,3
3;6;8;9,aVR;V1;V3;V4,6,0.7,1,0,1,0,2
3;6;8;9,aVR;V1;V3;V4,6,0.8,1,0,1,0,2
3;6;8;9,aVR;V1;V3;V4,6,0.9,1,0,0,0,1
3;6;8;9;10,aVR;V1;V3;V4;V5,7,0.5,1,1,1,0,3
3;6;8;9;10,aVR;V1;V3;V4;V5,7,0.6,1,1,1,0,3
3;6;8;9;10,aVR;V1;V3;V4;V5,7,0.7,1,0,1,0,2
3;6;8;9;10,aVR;V1;V3;V4;V5,7,0.8,1,0,1,0,2
3;6;8;9;10,aVR;V1;V3;V4;V5,7,0.9,1,0,0,0,1
3;6;8;9;10;11,aVR;V1;V3;V4;V5;V6,8,0.5,1,1,1,0,3
3;6;8;9;10;11,aVR;V1;V3;V4;V5;V6,8,0.6,1,1,1,0,3
3;6;8;9;10;11,aVR;V1;V3;V4;V5;V6,8,0.7,1,0,1,0,2
3;6;8;9;10;11,aVR;V1;V3;V4;V5;V6,8,0.8,1,0,1,0,2
3;6;8;9;10;11,aVR;V1;V3;V4;V5;V6,8,0.9,1,0,0,0,1
3;6;8;9;11,aVR;V1;V3;V4;V6,7,0.5,1,1,1,0,3
3;6;8;9;11,aVR;V1;V3;V4;V6,7,0.6,1,1,1,0,3
3;6;8;9;11,aVR;V1;V3;V4;V6,7,0.7,1,0,1,0,2
3;6;8;9;11,aVR;V1;V3;V4;V6,7,0.8,1,0,1,0,2
3;6;8;9;11,aVR;V1;V3;V4;V6,7,0.9,1,0,0,0,1
3;6;8;10,aVR;V1;V3;V5,6,0.5,1,1,1,0,3
3;6;8;10,aVR;V1;V3;V5,6,0.6,1,1,1,0,3
3;6;8;10,aVR;V1;V3;V5,6,0.7,1,0,1,0,2
3;6;8;10,aVR;V1;V3;V5,6,0.8,1,0,1,0,2
3;6;8;10,aVR;V1;V3;V5,6,0.9,1,0,0,0,1
3;6;8;10;11,aVR;V1;V3;V5;V6,7,0.5,1,1,1,0,3
3;6;8;10;11,aVR;V1;V3;V5;V6,7,0.6,1,1,1,0,3
3;6;8;10;11,aVR;V1;V3;V5;V6,7,0.7,1,0,1,0,2
3;6;8;10;11,aVR;V1;V3;V5;V6,7,0.8,1,0,1,0,2
3;6;8;10;11,aVR;V1;V3;V5;V6,7,0.9,1,0,0,0,1
3;6;8;11,aVR;V1;V3;V6,6,0.5,1,1,1,0,3
3;6;8;11,aVR;V1;V3;V6,6,0.6,1,1,1,0,3
3;6;8;11,aVR;V1;V3;V6,6,0.7,1,0,1,0,2
3;6;8;11,aVR;V1;V3;V6,6,0.8,1,0,1,0,2
3;6;8;11,aVR;V1;V3;V6,6,0.9,1,0,0,0,1
3;6;9,aVR;V1;V4,5,0.5,1,1,1,0,3
3;6;9,aVR;V1;V4,5,0.6,1,1,1,0,3
3;6;9,aVR;V1;V4,5,0.7,1,0,1,0,2
3;6;9,aVR;V1;V4,5,0.8,1,0,1,0,2
3;6;9,aVR;V1;V4,5,0.9,1,0,0,0,1
3;6;9;10,aVR;V1;V4;V5,6,0.5,1,1,1,0,3
3;6;9;10,aVR;V1;V4;V5,6,0.6,1,0,1,0,2
3;6;9;10,aVR;V1;V4;V5,6,0.7,1,0,1,0,2
3;6;9;10,aVR;V1;V4;V5,6,0.8,1,0,1,0,2
3;6;9;10,aVR;V1;V4;V5,6,0.9,1,0,0,0,1
3;6;9;10;11,aVR;V1;V4;V5;V6,7,0.5,1,1,1,0,3
3;6;9;10;11,aVR;V1;V4;V5;V6,7,0.6,1,1,1,0,3
3;6;9;10;11,aVR;V1;V4;V5;V6,7,0.7,1,0,1,0,2
3;6;9;10;11,aVR;V1;V4;V5;V6,7,0.8,1,0,1,0,2
3;6;9;10;11,aVR;V1;V4;V5;V6,7,0.9,1,0,0,0,1
3;6;9;11,aVR;V1;V4;V6,6,0.5,1,1,1,0,3
3;6;9;11,aVR;V1;V4;V6,6,0.6,1,1,1,0,3
3;6;9;11,aVR;V1;V4;V6,6,0.7,1,0,1,0,2
3;6;9;11,aVR;V1;V4;V6,6,0.8,1,0,1,0,2
3;6;9;11,aVR;V1;V4;V6,6,0.9,1,0,0,0,1
3;6;10,aVR;V1;V5,5,0.5,1,1,1,0,3
3;6;10,aVR;V1;V5,5,0.6,1,1,1,0,3
3;6;10,aVR;V1;V5,5,0.7,1,0,1,0,2
3;6;10,aVR;V1;V5,5,0.8,1,0,1,0,2
3;6;10,aVR;V1;V5,5,0.9,1,0,0,0,1
3;6;10;11,aVR;V1;V5;V6,6,0.5,1,1,1,0,3
3;6;10;11,aVR;V1;V5;V6,6,0.6,1,1,1,0,3
3;6;10;11,aVR;V1;V5;V6,6,0.7,1,0,1,0,2
3;6;10;11,aVR;V1;V5;V6,6,0.8,1,0,1,0,2
3;6;10;11,aVR;V1;V5;V6,6,0.9,1,0,0,0,1
3;6;11,aVR;V1;V6,5,0.5,1,1,1,0,3
3;6;11,aVR;V1;V6,5,0.6,1,1,1,0,3
3;6;11,aVR;V1;V6,5,0.7,1,0,1,0,2
3;6;11,aVR;V1;V6,5,0.8,1,0,1,0,2
3;6;11,aVR;V1;V6,5,0.9,1,0,0,0,1
3;7,aVR;V2,4,0.5,1,1,1,0,3
3;7,aVR;V2,4,0.6,1,1,1,0,3
3;7,aVR;V2,4,0.7,1,0,1,0,2
3;7,aVR;V2,4,0.8,1,0,1,0,2
3;7,aVR;V2,4,0.9,1,0,0,0,1
3;7;8,aVR;V2;V3,5,0.5,1,1,1,0,3
3;7;8,aVR;V2;V3,5,0.6,1,1,1,0,3
3;7;8,aVR;V2;V3,5,0.7,1,0,1,0,2
3;7;8,aVR;V2;V3,5,0.8,1,0,1,0,2
3;7;8,aVR;V2;V3,5,0.9,1,0,0,0,1
3;7;8;9,aVR;V2;V3;V4,6,0.5,1,1,1,0,3
3;7;8;9,aVR;V2;V3;V4,6,0.6,1,1,1,0,3
3;7;8;9,aVR;V2;V3;V4,6,0.7,1,0,1,0,2
3;7;8;9,aVR;V2;V3;V4,6,0.8,1,0,1,0,2
3;7;8;9,aVR;V2;V3;V4,6,0.9,1,0,0,0,1
3;7;8;9;10,aVR;V2;V3;V4;V5,7,0.5,1,1,1,0,3
3;7;8;9;10,aVR;V2;V3;V4;V5,7,0.6,1,1,1,0,3
3;7;8;9;10,aVR;V2;V3;V4;V5,7,0.7,1,0,1,0,2
3;7;8;9;10,aVR;V2;V3;V4;V5,7,0.8,1,0,1,0,2
3;7;8;9;10,aVR;V2;V3;V4;V5,7,0.9,1,0,0,0,1
3;7;8;9;10;11,aVR;V2;V3;V4;V5;V6,8,0.5,1,1,1,0,3
3;7;8;9;10;11,aVR;V2;V3;V4;V5;V6,8,0.6,1,1,1,0,3
3;7;8;9;10;11,aVR;V2;V3;V4;V5;V6,8,0.7,1,0,1,0,2
3;7;8;9;10;11,aVR;V2;V3;V4;V5;V6,8,0.8,1,0,1,0,2
3;7;8;9;10;11,aVR;V2;V3;V4;V5;V6,8,0.9,1,0,0,0,1
3;7;8;9;11,aVR;V2;V3;V4;V6,7,0.5,1,1,1,0,3
3;7;8;9;11,aVR;V2;V3;V4;V6,7,0.6,1,1,1,0,3
3;7;8;9;11,aVR;V2;V3;V4;V6,7,0.7,1,0,1,0,2
3;7;8;9;11,aVR;V2;V3;V4;V6,7,0.8,1,0,1,0,2
3;7;8;9;11,aVR;V2;V3;V4;V6,7,0.9,1,0,0,0,1
3;7;8;10,aVR;V2;V3;V5,6,0.5,1,1,1,0,3
3;7;8;10,aVR;V2;V3;V5,6,0.6,1,1,1,0,3
3;7;8;10,aVR;V2;V3;V5,6,0.7,1,0,1,0,2
3;7;8;10,aVR;V2;V3;V5,6,0.8,1,0,1,0,2
3;7;8;10,aVR;V2;V3;V5,6,0.9,1,0,0,0,1
3;7;8;10;11,aVR;V2;V3;V5;V6,7,0.5,1,1,1,0,3
3;7;8;10;11,aVR;V2;V3;V5;V6,7,0.6,1,1,1,0,3
3;7;8;10;11,aVR;V2;V3;V5;V6,7,0.7,1,0,1,0,2
3;7;8;10;11,aVR;V2;V3;V5;V6,7,0.8,1,0,1,0,2
3;7;8;10;11,aVR;V2;V3;V5;V6,7,0.9,1,0,0,0,1
3;7;8;11,aVR;V2;V3;V6,6,0.5,1,1,1,0,3
3;7;8;11,aVR;V2;V3;V6,6,0.6,1,1,1,0,3
3;7;8;11,aVR;V2;V3;V6,6,0.7,1,0,1,0,2
3;7;8;11,aVR;V2;V3;V6,6,0.8,1,0,1,0,2
3;7;8;11,aVR;V2;V3;V6,6,0.9,1,0,0,0,1
3;7;9,aVR;V2;V4,5,0.5,1,1,1,0,3
3;7;9,aVR;V2;V4,5,0.6,1,1,1,0,3
3;7;9,aVR;V2;V4,5,0.7,1,0,1,0,2
3;7;9,aVR;V2;V4,5,0.8,1,0,1,0,2
3;7;9,aVR;V2;V4,5,0.9,1,0,0,0,1
3;7;9;10,aVR;V2;V4;V5,6,0.5,1,1,1,0,3
3;7;9;10,aVR;V2;V4;V5,6,0.6,1,1,1,0,3
3;7;9;10,aVR;V2;V4;V5,6,0.7,1,0,1,0,2
3;7;9;10,aVR;V2;V4;V5,6,0.8,1,0,1,0,2
3;7;9;10,aVR;V2;V4;V5,6,0.9,1,0,0,0,1
3;7;9;10;11,aVR;V2;V4;V5;V6,7,0.5,1,1,1,0,3
3;7;9;10;11,aVR;V2;V4;V5;V6,7,0.6,1,1,1,0,3
3;7;9;10;11,aVR;V2;V4;V5;V6,7,0.7,1,0,1,0,2
3;7;9;10;11,aVR;V2;V4;V5;V6,7,0.8,1,0,1,0,2
3;7;9;10;11,aVR;V2;V4;V5;V6,7,0.9,1,0,0,0,1
3;7;9;11,aVR;V2;V4;V6,6,0.5,1,1,1,0,3
3;7;9;11,aVR;V2;V4;V6,6,0.6,1,1,1,0,3
3;7;9;11,aVR;V2;V4;V6,6,0.7,1,0,1,0,2
3;7;9;11,aVR;V2;V4;V6,6,0.8,1,0,1,0,2
3;7;9;11,aVR;V2;V4;V6,6,0.9,1,0,0,0,1
3;7;10,aVR;V2;V5,5,0.5,1,1,1,0,3
3;7;10,aVR;V2;V5,5,0.6,1,1,1,0,3
3;7;10,aVR;V2;V5,5,0.7,1,0,1,0,2
3;7;10,aVR;V2;V5,5,0.8,1,0,1,0,2
3;7;10,aVR;V2;V5,5,0.9,1,0,0,0,1
3;7;10;11,aVR;V2;V5;V6,6,0.5,1,1,1,0,3
3;7;10;11,aVR;V2;V5;V6,6,0.6,1,1,1,0,3
3;7;10;11,aVR;V2;V5;V6,6,0.7,1,0,1,0,2
3;7;10;11,aVR;V2;V5;V6,6,0.8,1,0,1,0,2
3;7;10;11,aVR;V2;V5;V6,6,0.9,1,0,0,0,1
3;7;11,aVR;V2;V6,5,0.5,1,1,1,0,3
3;7;11,aVR;V2;V6,5,0.6,1,1,1,0,3
3;7;11,aVR;V2;V6,5,0.7,1,0,1,0,2
3;7;11,aVR;V2;V6,5,0.8,1,0,1,0,2
3;7;11,aVR;V2;V6,5,0.9,1,0,0,0,1
3;8,aVR;V3,4,0.5,1,1,1,0,3
3;8,aVR;V3,4,0.6,1,1,1,0,3
3;8,aVR;V3,4,0.7,1,0,1,0,2
3;8,aVR;V3,4,0.8,1,0,1,0,2
3;8,aVR;V3,4,0.9,1,0,0,0,1
3;8;9,aVR;V3;V4,5,0.5,1,1,1,0,3
3;8;9,aVR;V3;V4,5,0.6,1,1,1,0,3
3;8;9,aVR;V3;V4,5,0.7,1,0,1,0,2
3;8;9,aVR;V3;V4,5,0.8,1,0,1,0,2
3;8;9,aVR;V3;V4,5,0.9,1,0,0,0,1
3;8;9;10,aVR;V3;V4;V5,6,0.5,1,1,1,0,3
3;8;9;10,aVR;V3;V4;V5,6,0.6,1,1,1,0,3
3;8;9;10,aVR;V3;V4;V5,6,0.7,1,0,1,0,2
3;8;9;10,aVR;V3;V4;V5,6,0.8,1,0,1,0,2
3;8;9;10,aVR;V3;V4;V5,6,0.9,1,0,0,0,1
3;8;9;10;11,aVR;V3;V4;V5;V6,7,0.5,1,1,1,0,3
3;8;9;10;11,aVR;V3;V4;V5;V6,7,0.6,1,1,1,0,3
3;8;9;10;11,aVR;V3;V4;V5;V6,7,0.7,1,0,1,0,2
3;8;9;10;11,aVR;V3;V4;V5;V6,7,0.8,1,0,1,0,2
3;8;9;10;11,aVR;V3;V4;V5;V6,7,0.9,1,0,0,0,1
3;8;9;11,aVR;V3;V4;V6,6,0.5,1,1,1,0,3
3;8;9;11,aVR;V3;V4;V6,6,0.6,1,1,1,0,3
3;8;9;11,aVR;V3;V4;V6,6,0.7,1,0,1,0,2
3;8;9;11,aVR;V3;V4;V6,6,0.8,1,0,1,0,2
3;8;9;11,aVR;V3;V4;V6,6,0.9,1,0,0,0,1
3;8;10,aVR;V3;V5,5,0.5,1,1,1,0,3
3;8;10,aVR;V3;V5,5,0.6,1,0,1,0,2
3;8;10,aVR;V3;V5,5,0.7,1,0,1,0,2
3;8;10,aVR;V3;V5,5,0.8,1,0,1,0,2
3;8;10,aVR;V3;V5,5,0.9,1,0,0,0,1
3;8;10;11,aVR;V3;V5;V6,6,0.5,1,1,1,0,3
3;8;10;11,aVR;V3;V5;V6,6,0.6,1,1,1,0,3
3;8;10;11,aVR;V3;V5;V6,6,0.7,1,0,1,0,2
3;8;10;11,aVR;V3;V5;V6,6,0.8,1,0,0,0,1
3;8;10;11,aVR;V3;V5;V6,6,0.9,1,0,0,0,1
3;8;11,aVR;V3;V6,5,0.5,1,1,1,0,3
3;8;11,aVR;V3;V6,5,0.6,1,1,1,0,3
3;8;11,aVR;V3;V6,5,0.7,1,0,1,0,2
3;8;11,aVR;V3;V6,5,0.8,1,0,1,0,2
3;8;11,aVR;V3;V6,5,0.9,1,0,0,0,1
3;9,aVR;V4,4,0.5,1,1,1,0,3
3;9,aVR;V4,4,0.6,1,1,1,0,3
3;9,aVR;V4,4,0.7,1,0,1,0,2
3;9,aVR;V4,4,0.8,1,0,0,0,1
3;9,aVR;V4,4,0.9,1,0,0,0,1
3;9;10,aVR;V4;V5,5,0.5,1,1,1,0,3
3;9;10,aVR;V4;V5,5,0.6,1,1,1,0,3
3;9;10,aVR;V4;V5,5,0.7,1,0,1,0,2
3;9;10,aVR;V4;V5,5,0.8,1,0,0,0,1
3;9;10,aVR;V4;V5,5,0.9,1,0,0,0,1
3;9;10;11,aVR;V4;V5;V6,6,0.5,1,1,1,0,3
3;9;10;11,aVR;V4;V5;V6,6,0.6,1,0,1,0,2
3;9;10;11,aVR;V4;V5;V6,6,0.7,1,0,1,0,2
3;9;10;11,aVR;V4;V5;V6,6,0.8,1,0,0,0,1
3;9;10;11,aVR;V4;V5;V6,6,0.9,1,0,0,0,1
3;9;11,aVR;V4;V6,5,0.5,1,1,1,0,3
3;9;11,aVR;V4;V6,5,0.6,1,0,1,0,2
3;9;11,aVR;V4;V6,5,0.7,1,0,1,0,2
3;9;11,aVR;V4;V6,5,0.8,1,0,0,0,1
3;9;11,aVR;V4;V6,5,0.9,1,0,0,0,1
3;10,aVR;V5,4,0.5,1,1,1,0,3
3;10,aVR;V5,4,0.6,1,0,1,0,2
3;10,aVR;V5,4,0.7,1,0,1,0,2
3;10,aVR;V5,4,0.8,1,0,0,0,1
3;10,aVR;V5,4,0.9,1,0,0,0,1
3;10;11,aVR;V5;V6,5,0.5,1,1,1,0,3
3;10;11,aVR;V5;V6,5,0.6,1,1,1,0,3
3;10;11,aVR;V5;V6,5,0.7,1,0,1,0,2
3;10;11,aVR;V5;V6,5,0.8,1,0,1,0,2
3;10;11,aVR;V5;V6,5,0.9,1,0,0,0,1
3;11,aVR;V6,4,0.5,1,1,1,0,3
3;11,aVR;V6,4,0.6,1,1,1,0,3
3;11,aVR;V6,4,0.7,1,0,1,0,2
3;11,aVR;V6,4,0.8,1,0,1,0,2
3;11,aVR;V6,4,0.9,1,0,0,0,1
4,aVL,3,0.5,1,0,1,0,2
4,aVL,3,0.6,1,0,1,0,2
4,aVL,3,0.7,1,0,1,0,2
4,aVL,3,0.8,1,0,0,0,1
4,aVL,3,0.9,0,0,0,0,0
4;5,aVL;aVF,3,0.5,1,1,1,0,3
4;5,aVL;aVF,3,0.6,1,0,1,0,2
4;5,aVL;aVF,3,0.7,1,0,1,0,2
4;5,aVL;aVF,3,0.8,1,0,1,0,2
4;5,aVL;aVF,3,0.9,1,0,0,0,1
4;5;6,aVL;aVF;V1,4,0.5,1,1,1,0,3
4;5;6,aVL;aVF;V1,4,0.6,1,0,1,0,2
4;5;6,aVL;aVF;V1,4,0.7,1,0,1,0,2
4;5;6,aVL;aVF;V1,4,0.8,1,0,1,0,2
4;5;6,aVL;aVF;V1,4,0.9,1,0,0,0,1
4;5;6;7,aVL;aVF;V1;V2,5,0.5,1,1,1,0,3
4;5;6;7,aVL;aVF;V1;V2,5,0.6,1,1,1,0,3
4;5;6;7,aVL;aVF;V1;V2,5,0.7,1,0,1,0,2
4;5;6;7,aVL;aVF;V1;V2,5,0.8,1,0,1,0,2
4;5;6;7,aVL;aVF;V1;V2,5,0.9,1,0,0,0,1
4;5;6;7;8,aVL;aVF;V1;V2;V3,6,0.5,1,1,1,0,3
4;5;6;7;8,aVL;aVF;V1;V2;V3,6,0.6,1,0,1,0,2
4;5;6;7;8,aVL;aVF;V1;V2;V3,6,0.7,1,0,1,0,2
4;5;6;7;8,aVL;aVF;V1;V2;V3,6,0.8,1,0,1,0,2
4;5;6;7;8,aVL;aVF;V1;V2;V3,6,0.9,1,0,0,0,1
4;5;6;7;8;9,aVL;aVF;V1;V2;V3;V4,7,0.5,1,1,1,0,3
4;5;6;7;8;9,aVL;aVF;V1;V2;V3;V4,7,0.6,1,0,1,0,2
4;5;6;7;8;9,aVL;aVF;V1;V2;V3;V4,7,0.7,1,0,1,0,2
4;5;6;7;8;9,aVL;aVF;V1;V2;V3;V4,7,0.8,1,0,1,0,2
4;5;6;7;8;9,aVL;aVF;V1;V2;V3;V4,7,0.9,1,0,0,0,1
4;5;6;7;8;9;10,aVL;aVF;V1;V2;V3;V4;V5,8,0.5,1,1,1,0,3
4;5;6;7;8;9;10,aVL;aVF;V1;V2;V3;V4;V5,8,0.6,1,0,1,0,2
4;5;6;7;8;9;10,aVL;aVF;V1;V2;V3;V4;V5,8,0.7,1,0,1,0,2
4;5;6;7;8;9;10,aVL;aVF;V1;V2;V3;V4;V5,8,0.8,1,0,1,0,2
4;5;6;7;8;9;10,aVL;aVF;V1;V2;V3;V4;V5,8,0.9,1,0,0,0,1
4;5;6;7;8;9;10;11,aVL;aVF;V1;V2;V3;V4;V5;V6,9,0.5,1,1,1,0,3
4;5;6;7;8;9;10;11,aVL;aVF;V1;V2;V3;V4;V5;V6,9,0.6,1,0,1,0,2
4;5;6;7;8;9;10;11,aVL;aVF;V1;V2;V3;V4;V5;V6,9,0.7,1,0,1,0,2
4;5;6;7;8;9;10;11,aVL;aVF;V1;V2;V3;V4;V5;V6,9,0.8,1,0,1,0,2
4;5;6;7;8;9;10;11,aVL;aVF;V1;V2;V3;V4;V5;V6,9,0.9,1,0,0,0,1
4;5;6;7;8;9;11,aVL;aVF;V1;V2;V3;V4;V6,8,0.5,1,1,1,0,3
4;5;6;7;8;9;11,aVL;aVF;V1;V2;V3;V4;V6,8,0.6,1,0,1,0,2
4;5;6;7;8;9;11,aVL;aVF;V1;V2;V3;V4;V6,8,0.7,1,0,1,0,2
4;5;6;7;8;9;11,aVL;aVF;V1;V2;V3;V4;V6,8,0.8,1,0,1,0,2
4;5;6;7;8;9;11,aVL;aVF;V1;V2;V3;V4;V6,8,0.9,1,0,0,0,1
4;5;6;7;8;10,aVL;aVF;V1;V2;V3;V5,7,0.5,1,1,1,0,3
4;5;6;7;8;10,aVL;aVF;V1;V2;V3;V5,7,0.6,1,0,1,0,2
4;5;6;7;8;10,aVL;aVF;V1;V2;V3;V5,7,0.7,1,0,1,0,2
4;5;6;7;8;10,aVL;aVF;V1;V2;V3;V5,7,0.8,1,0,1,0,2
4;5;6;7;8;10,aVL;aVF;V1;V2;V3;V5,7,0.9,1,0,0,0,1
4;5;6;7;8;10;11,aVL;aVF;V1;V2;V3;V5;V6,8,0.5,1,1,1,0,3
4;5;6;7;8;10;11,aVL;aVF;V1;V2;V3;V5;V6,8,0.6,1,0,1,0,2
4;5;6;7;8;10;11,aVL;aVF;V1;V2;V3;V5;V6,8,0.7,1,0,1,0,2
4;5;6;7;8;10;11,aVL;aVF;V1;V2;V3;V5;V6,8,0.8,1,0,1,0,2
4;5;6;7;8;10;11,aVL;aVF;V1;V2;V3;V5;V6,8,0.9,1,0,0,0,1
4;5;6;7;8;11,aVL;aVF;V1;V2;V3;V6,7,0.5,1,1,1,0,3
4;5;6;7;8;11,aVL;aVF;V1;V2;V3;V6,7,0.6,1,0,1,0,2
4;5;6;7;8;11,aVL;aVF;V1;V2;V3;V6,7,0.7,1,0,1,0,2
4;5;6;7;8;11,aVL;aVF;V1;V2;V3;V6,7,0.8,1,0,1,0,2
4;5;6;7;8;11,aVL;aVF;V1;V2;V3;V6,7,0.9,1,0,0,0,1
4;5;6;7;9,aVL;aVF;V1;V2;V4,6,0.5,1,1,1,0,3
4;5;6;7;9,aVL;aVF;V1;V2;V4,6,0.6,1,0,1,0,2
4;5;6;7;9,aVL;aVF;V1;V2;V4,6,0.7,1,0,1,0,2
4;5;6;7;9,aVL;aVF;V1;V2;V4,6,0.8,1,0,1,0,2
4;5;6;7;9,aVL;aVF;V1;V2;V4,6,0.9,1,0,0,0,1
4;5;6;7;9;10,aVL;aVF;V1;V2;V4;V5,7,0.5,1,1,1,0,3
4;5;6;7;9;10,aVL;aVF;V1;V2;V4;V5,7,0.6,1,0,1,0,2
4;5;6;7;9;10,aVL;aVF;V1;V2;V4;V5,7,0.7,1,0,1,0,2
4;5;6;7;9;10,aVL;aVF;V1;V2;V4;V5,7,0.8,1,0,1,0,2
4;5;6;7;9;10,aVL;aVF;V1;V2;V4;V5,7,0.9,1,0,0,0,1
4;5;6;7;9;10;11,aVL;aVF;V1;V2;V4;V5;V6,8,0.5,1,1,1,0,3
4;5;6;7;9;10;11,aVL;aVF;V1;V2;V4;V5;V6,8,0.6,1,0,1,0,2
4;5;6;7;9;10;11,aVL;aVF;V1;V2;V4;V5;V6,8,0.7,1,0,1,0,2
4;5;6;7;9;10;11,aVL;aVF;V1;V2;V4;V5;V6,8,0.8,1,0,1,0,2
4;5;6;7;9;10;11,aVL;aVF;V1;V2;V4;V5;V6,8,0.9,1,0,0,0,1
4;5;6;7;9;11,aVL;aVF;V1;V2;V4;V6,7,0.5,1,1,1,0,3
4;5;6;7;9;11,aVL;aVF;V1;V2;V4;V6,7,0.6,1,0,1,0,2
4;5;6;7;9;11,aVL;aVF;V1;V2;V4;V6,7,0.7,1,0,1,0,2
4;5;6;7;9;11,aVL;aVF;V1;V2;V4;V6,7,0.8,1,0,1,0,2
4;5;6;7;9;11,aVL;aVF;V1;V2;V4;V6,7,0.9,1,0,0,0,1
4;5;6;7;10,aVL;aVF;V1;V2;V5,6,0.5,1,1,1,0,3
4;5;6;7;10,aVL;aVF;V1;V2;V5,6,0.6,1,0,1,0,2
4;5;6;7;10,aVL;aVF;V1;V2;V5,6,0.7,1,0,1,0,2
4;5;6;7;10,aVL;aVF;V1;V2;V5,6,0.8,1,0,1,0,2
4;5;6;7;10,aVL;aVF;V1;V2;V5,6,0.9,1,0,0,0,1
4;5;6;7;10;11,aVL;aVF;V1;V2;V5;V6,7,0.5,1,1,1,0,3
4;5;6;7;10;11,aVL;aVF;V1;V2;V5;V6,7,0.6,1,0,1,0,2
4;5;6;7;10;11,aVL;aVF;V1;V2;V5;V6,7,0.7,1,0,1,0,2
4;5;6;7;10;11,aVL;aVF;V1;V2;V5;V6,7,0.8,1,0,1,0,2
4;5;6;7;10;11,aVL;aVF;V1;V2;V5;V6,7,0.9,1,0,0,0,1
4;5;6;7;11,aVL;aVF;V1;V2;V6,6,0.5,1,1,1,0,3
4;5;6;7;11,aVL;aVF;V1;V2;V6,6,0.6,1,0,1,0,2
4;5;6;7;11,aVL;aVF;V1;V2;V6,6,0.7,1,0,1,0,2
4;5;6;7;11,aVL;aVF;V1;V2;V6,6,0.8,1,0,1,0,2
4;5;6;7;11,aVL;aVF;V1;V2;V6,6,0.9,1,0,0,0,1
4;5;6;8,aVL;aVF;V1;V3,5,0.5,1,1,1,0,3
4;5;6;8,aVL;aVF;V1;V3,5,0.6,1,0,1,0,2
4;5;6;8,aVL;aVF;V1;V3,5,0.7,1,0,1,0,2
4;5;6;8,aVL;aVF;V1;V3,5,0.8,1,0,1,0,2
4;5;6;8,aVL;aVF;V1;V3,5,0.9,1,0,0,0,1
4;5;6;8;9,aVL;aVF;V1;V3;V4,6,0.5,1,1,1,0,3
4;5;6;8;9,aVL;aVF;V1;V3;V4,6,0.6,1,0,1,0,2
4;5;6;8;9,aVL;aVF;V1;V3;V4,6,0.7,1,0,1,0,2
4;5;6;8;9,aVL;aVF;V1;V3;V4,6,0.8,1,0,1,0,2
4;5;6;8;9,aVL;aVF;V1;V3;V4,6,0.9,1,0,0,0,1
4;5;6;8;9;10,aVL;aVF;V1;V3;V4;V5,7,0.5,1,1,1,0,3
4;5;6;8;9;10,aVL;aVF;V1;V3;V4;V5,7,0.6,1,0,1,0,2
4;5;6;8;9;10,aVL;aVF;V1;V3;V4;V5,7,0.7,1,0,1,0,2
4;5;6;8;9;10,aVL;aVF;V1;V3;V4;V5,7,0.8,1,0,1,0,2
4;5;6;8;9;10,aVL;aVF;V1;V3;V4;V5,7,0.9,1,0,0,0,1
4;5;6;8;9;10;11,aVL;aVF;V1;V3;V4;V5;V6,8,0.5,1,1,1,0,3
4;5;6;8;9;10;11,aVL;aVF;V1;V3;V4;V5;V6,8,0.6,1,0,1,0,2
4;5;6;8;9;10;11,aVL;aVF;V1;V3;V4;V5;V6,8,0.7,1,0,1,0,2
4;5;6;8;9;10;11,aVL;aVF;V1;V3;V4;V5;V6,8,0.8,1,0,1,0,2
4;5;6;8;9;10;11,aVL;aVF;V1;V3;V4;V5;V6,8,0.9,1,0,0,0,1
4;5;6;8;9;11,aVL;aVF;V1;V3;V4;V6,7,0.5,1,1,1,0,3
4;5;6;8;9;11,aVL;aVF;V1;V3;V4;V6,7,0.6,1,0,1,0,2
4;5;6;8;9;11,aVL;aVF;V1;V3;V4;V6,7,0.7,1,0,1,0,2
4;5;6;8;9;11,aVL;aVF;V1;V3;V4;V6,7,0.8,1,0,1,0,2
4;5;6;8;9;11,aVL;aVF;V1;V3;V4;V6,7,0.9,1,0,0,0,1
4;5;6;8;10,aVL;aVF;V1;V3;V5,6,0.5,1,1,1,0,3
4;5;6;8;10,aVL;aVF;V1;V3;V5,6,0.6,1,0,1,0,2
4;5;6;8;10,aVL;aVF;V1;V3;V5,6,0.7,1,0,1,0,2
4;5;6;8;10,aVL;aVF;V1;V3;V5,6,0.8,1,0,1,0,2
4;5;6;8;10,aVL;aVF;V1;V3;V5,6,0.9,1,0,0,0,1
4;5;6;8;10;11,aVL;aVF;V1;V3;V5;V6,7,0.5,1,1,1,0,3
4;5;6;8;10;11,aVL;aVF;V1;V3;V5;V6,7,0.6,1,0,1,0,2
4;5;6;8;10;11,aVL;aVF;V1;V3;V5;V6,7,0.7,1,0,1,0,2
4;5;6;8;10;11,aVL;aVF;V1;V3;V5;V6,7,0.8,1,0,1,0,2
4;5;6;8;10;11,aVL;aVF;V1;V3;V5;V6,7,0.9,1,0,0,0,1
4;5;6;8;11,aVL;aVF;V1;V3;V6,6,0.5,1,1,1,0,3
4;5;6;8;11,aVL;aVF;V1;V3;V6,6,0.6,1,0,1,0,2
4;5;6;8;11,aVL;aVF;V1;V3;V6,6,0.7,1,0,1,0,2
4;5;6;8;11,aVL;aVF;V1;V3;V6,6,0.8,1,0,1,0,2
4;5;6;8;11,aVL;aVF;V1;V3;V6,6,0.9,1,0,0,0,1
4;5;6;9,aVL;aVF;V1;V4,5,0.5,1,1,1,0,3
4;5;6;9,aVL;aVF;V1;V4,5,0.6,1,0,1,0,2
4;5;6;9,aVL;aVF;V1;V4,5,0.7,1,0,1,0,2
4;5;6;9,aVL;aVF;V1;V4,5,0.8,1,0,1,0,2
4;5;6;9,aVL;aVF;V1;V4,5,0.9,1,0,0,0,1
4;5;6;9;10,aVL;aVF;V1;V4;V5,6,0.5,1,1,1,0,3
4;5;6;9;10,aVL;aVF;V1;V4;V5,6,0.6,1,0,1,0,2
4;5;6;9;10,aVL;aVF;V1;V4;V5,6,0.7,1,0,1,0,2
4;5;6;9;10,aVL;aVF;V1;V4;V5,6,0.8,1,0,1,0,2
4;5;6;9;10,aVL;aVF;V1;V4;V5,6,0.9,1,0,0,0,1
4;5;6;9;10;11,aVL;aVF;V1;V4;V5;V6,7,0.5,1,1,1,0,3
4;5;6;9;10;11,aVL;aVF;V1;V4;V5;V6,7,0.6,1,0,1,0,2
4;5;6;9;10;11,aVL;aVF;V1;V4;V5;V6,7,0.7,1,0,1,0,2
4;5;6;9;10;11,aVL;aVF;V1;V4;V5;V6,7,0.8,1,0,1,0,2
4;5;6;9;10;11,aVL;aVF;V1;V4;V5;V6,7,0.9,1,0,0,0,1
4;5;6;9;11,aVL;aVF;V1;V4;V6,6,0.5,1,1,1,0,3
4;5;6;9;11,aVL;aVF;V1;V4;V6,6,0.6,1,0,1,0,2
4;5;6;9;11,aVL;aVF;V1;V4;V6,6,0.7,1,0,1,0,2
4;5;6;9;11,aVL;aVF;V1;V4;V6,6,0.8,1,0,1,0,2
4;5;6;9;11,aVL;aVF;V1;V4;V6,6,0.9,1,0,0,0,1
4;5;6;10,aVL;aVF;V1;V5,5,0.5,1,1,1,0,3
4;5;6;10,aVL;aVF;V1;V5,5,0.6,1,0,1,0,2
4;5;6;10,aVL;aVF;V1;V5,5,0.7,1,0,1,0,2
4;5;6;10,aVL;aVF;V1;V5,5,0.8,1,0,1,0,2
4;5;6;10,aVL;aVF;V1;V5,5,0.9,1,0,0,0,1
4;5;6;10;11,aVL;aVF;V1;V5;V6,6,0.5,1,1,1,0,3
4;5;6;10;11,aVL;aVF;V1;V5;V6,6,0.6,1,1,1,0,3
4;5;6;10;11,aVL;aVF;V1;V5;V6,6,0.7,1,0,1,0,2
4;5;6;10;11,aVL;aVF;V1;V5;V6,6,0.8,1,0,1,0,2
4;5;6;10;11,aVL;aVF;V1;V5;V6,6,0.9,1,0,0,0,1
4;5;6;11,aVL;aVF;V1;V6,5,0.5,1,1,1,0,3
4;5;6;11,aVL;aVF;V1;V6,5,0.6,1,1,1,0,3
4;5;6;11,aVL;aVF;V1;V6,5,0.7,1,0,1,0,2
4;5;6;11,aVL;aVF;V1;V6,5,0.8,1,0,1,0,2
4;5;6;11,aVL;aVF;V1;V6,5,0.9,1,0,0,0,1
4;5;7,aVL;aVF;V2,4,0.5,1,1,1,0,3
4;5;7,aVL;aVF;V2,4,0.6,1,0,1,0,2
4;5;7,aVL;aVF;V2,4,0.7,1,0,1,0,2
4;5;7,aVL;aVF;V2,4,0.8,1,0,1,0,2
4;5;7,aVL;aVF;V2,4,0.9,1,0,0,0,1
4;5;7;8,aVL;aVF;V2;V3,5,0.5,1,1,1,0,3
4;5;7;8,aVL;aVF;V2;V3,5,0.6,1,0,1,0,2
4;5;7;8,aVL;aVF;V2;V3,5,0.7,1,0,1,0,2
4;5;7;8,aVL;aVF;V2;V3,5,0.8,1,0,0,0,1
4;5;7;8,aVL;aVF;V2;V3,5,0.9,1,0,0,0,1
4;5;7;8;9,aVL;aVF;V2;V3;V4,6,0.5,1,1,1,0,3
4;5;7;8;9,aVL;aVF;V2;V3;V4,6,0.6,1,1,1,0,3
4;5;7;8;9,aVL;aVF;V2;V3;V4,6,0.7,1,0,1,0,2
4;5;7;8;9,aVL;aVF;V2;V3;V4,6,0.8,1,0,1,0,2
4;5;7;8;9,aVL;aVF;V2;V3;V4,6,0.9,1,0,0,0,1
4;5;7;8;9;10,aVL;aVF;V2;V3;V4;V5,7,0.5,1,1,1,0,3
4;5;7;8;9;10,aVL;aVF;V2;V3;V4;V5,7,0.6,1,0,1,0,2
4;5;7;8;9;10,aVL;aVF;V2;V3;V4;V5,7,0.7,1,0,1,0,2
4;5;7;8;9;10,aVL;aVF;V2;V3;V4;V5,7,0.8,1,0,1,0,2
4;5;7;8;9;10,aVL;aVF;V2;V3;V4;V5,7,0.9,1,0,0,0,1
4;5;7;8;9;10;11,aVL;aVF;V2;V3;V4;V5;V6,8,0.5,1,1,1,0,3
4;5;7;8;9;10;11,aVL;aVF;V2;V3;V4;V5;V6,8,0.6,1,0,1,0,2
4;5;7;8;9;10;11,aVL;aVF;V2;V3;V4;V5;V6,8,0.7,1,0,1,0,2
4;5;7;8;9;10;11,aVL;aVF;V2;V3;V4;V5;V6,8,0.8,1,0,0,0,1
4;5;7;8;9;10;11,aVL;aVF;V2;V3;V4;V5;V6,8,0.9,1,0,0,0,1
4;5;7;8;9;11,aVL;aVF;V2;V3;V4;V6,7,0.5,1,1,1,0,3
4;5;7;8;9;11,aVL;aVF;V2;V3;V4;V6,7,0.6,1,0,1,0,2
4;5;7;8;9;11,aVL;aVF;V2;V3;V4;V6,7,0.7,1,0,1,0,2
4;5;7;8;9;11,aVL;aVF;V2;V3;V4;V6,7,0.8,1,0,1,0,2
4;5;7;8;9;11,aVL;aVF;V2;V3;V4;V6,7,0.9,1,0,0,0,1
4;5;7;8;10,aVL;aVF;V2;V3;V5,6,0.5,1,1,1,0,3
4;5;7;8;10,aVL;aVF;V2;V3;V5,6,0.6,1,0,1,0,2
4;5;7;8;10,aVL;aVF;V2;V3;V5,6,0.7,1,0,1,0,2
4;5;7;8;10,aVL;aVF;V2;V3;V5,6,0.8,1,0,1,0,2
4;5;7;8;10,aVL;aVF;V2;V3;V5,6,0.9,1,0,0,0,1
4;5;7;8;10;11,aVL;aVF;V2;V3;V5;V6,7,0.5,1,1,1,0,3
4;5;7;8;10;11,aVL;aVF;V2;V3;V5;V6,7,0.6,1,0,1,0,2
4;5;7;8;10;11,aVL;aVF;V2;V3;V5;V6,7,0.7,1,0,1,0,2
4;5;7;8;10;11,aVL;aVF;V2;V3;V5;V6,7,0.8,1,0,1,0,2
4;5;7;8;10;11,aVL;aVF;V2;V3;V5;V6,7,0.9,1,0,0,0,1
4;5;7;8;11,aVL;aVF;V2;V3;V6,6,0.5,1,1,1,0,3
4;5;7;8;11,aVL;aVF;V2;V3;V6,6,0.6,1,0,1,0,2
4;5;7;8;11,aVL;aVF;V2;V3;V6,6,0.7,1,0,1,0,2
4;5;7;8;11,aVL;aVF;V2;V3;V6,6,0.8,1,0,0,0,1
4;5;7;8;11,aVL;aVF;V2;V3;V6,6,0.9,1,0,0,0,1
4;5;7;9,aVL;aVF;V2;V4,5,0.5,1,1,1,0,3
4;5;7;9,aVL;aVF;V2;V4,5,0.6,1,0,1,0,2
4;5;7;9,aVL;aVF;V2;V4,5,0.7,1,0,1,0,2
4;5;7;9,aVL;aVF;V2;V4,5,0.8,1,0,1,0,2
4;5;7;9,aVL;aVF;V2;V4,5,0.9,1,0,0,0,1
4;5;7;9;10,aVL;aVF;V2;V4;V5,6,0.5,1,1,1,0,3
4;5;7;9;10,aVL;aVF;V2;V4;V5,6,0.6,1,0,1,0,2
4;5;7;9;10,aVL;aVF;V2;V4;V5,6,0.7,1,0,1,0,2
4;5;7;9;10,aVL;aVF;V2;V4;V5,6,0.8,1,0,1,0,2
4;5;7;9;10,aVL;aVF;V2;V4;V5,6,0.9,1,0,0,0,1
4;5;7;9;10;11,aVL;aVF;V2;V4;V5;V6,7,0.5,1,1,1,0,3
4;5;7;9;10;11,aVL;aVF;V2;V4;V5;V6,7,0.6,1,0,1,0,2
4;5;7;9;10;11,aVL;aVF;V2;V4;V5;V6,7,0.7,1,0,1,0,2
4;5;7;9;10;11,aVL;aVF;V2;V4;V5;V6,7,0.8,1,0,0,0,1
4;5;7;9;10;11,aVL;aVF;V2;V4;V5;V6,7,0.9,1,0,0,0,1
4;5;7;9;11,aVL;aVF;V2;V4;V6,6,0.5,1,1,1,0,3
4;5;7;9;11,aVL;aVF;V2;V4;V6,6,0.6,1,0,1,0,2
4;5;7;9;11,aVL;aVF;V2;V4;V6,6,0.7,1,0,1,0,2
4;5;7;9;11,aVL;aVF;V2;V4;V6,6,0.8,1,0,1,0,2
4;5;7;9;11,aVL;aVF;V2;V4;V6,6,0.9,1,0,0,0,1
4;5;7;10,aVL;aVF;V2;V5,5,0.5,1,1,1,0,3
4;5;7;10,aVL;aVF;V2;V5,5,0.6,1,1,1,0,3
4;5;7;10,aVL;aVF;V2;V5,5,0.7,1,0,1,0,2
4;5;7;10,aVL;aVF;V2;V5,5,0.8,1,0,1,0,2
4;5;7;10,aVL;aVF;V2;V5,5,0.9,1,0,0,0,1
4;5;7;10;11,aVL;aVF;V2;V5;V6,6,0.5,1,1,1,0,3
4;5;7;10;11,aVL;aVF;V2;V5;V6,6,0.6,1,0,1,0,2
4;5;7;10;11,aVL;aVF;V2;V5;V6,6,0.7,1,0,1,0,2
4;5;7;10;11,aVL;aVF;V2;V5;V6,6,0.8,1,0,1,0,2
4;5;7;10;11,aVL;aVF;V2;V5;V6,6,0.9,1,0,0,0,1
4;5;7;11,aVL;aVF;V2;V6,5,0.5,1,1,1,0,3
4;5;7;11,aVL;aVF;V2;V6,5,0.6,1,0,1,0,2
4;5;7;11,aVL;aVF;V2;V6,5,0.7,1,0,1,0,2
4;5;7;11,aVL;aVF;V2;V6,5,0.8,1,0,1,0,2
4;5;7;11,aVL;aVF;V2;V6,5,0.9,1,0,0,0,1
4;5;8,aVL;aVF;V3,4,0.5,1,1,1,0,3
4;5;8,aVL;aVF;V3,4,0.6,1,0,1,0,2
4;5;8,aVL;aVF;V3,4,0.7,1,0,1,0,2
4;5;8,aVL;aVF;V3,4,0.8,1,0,0,0,1
4;5;8,aVL;aVF;V3,4,0.9,1,0,0,0,1
4;5;8;9,aVL;aVF;V3;V4,5,0.5,1,1,1,0,3
4;5;8;9,aVL;aVF;V3;V4,5,0.6,1,0,1,0,2
4;5;8;9,aVL;aVF;V3;V4,5,0.7,1,0,1,0,2
4;5;8;9,aVL;aVF;V3;V4,5,0.8,1,0,1,0,2
4;5;8;9,aVL;aVF;V3;V4,5,0.9,1,0,0,0,1
4;5;8;9;10,aVL;aVF;V3;V4;V5,6,0.5,1,1,1,0,3
4;5;8;9;10,aVL;aVF;V3;V4;V5,6,0.6,1,0,1,0,2
4;5;8;9;10,aVL;aVF;V3;V4;V5,6,0.7,1,0,1,0,2
4;5;8;9;10,aVL;aVF;V3;V4;V5,6,0.8,1,0,1,0,2
4;5;8;9;10,aVL;aVF;V3;V4;V5,6,0.9,1,0,0,0,1
4;5;8;9;10;11,aVL;aVF;V3;V4;V5;V6,7,0.5,1,1,1,0,3
4;5;8;9;10;11,aVL;aVF;V3;V4;V5;V6,7,0.6,1,0,1,0,2
4;5;8;9;10;11,aVL;aVF;V3;V4;V5;V6,7,0.7,1,0,1,0,2
4;5;8;9;10;11,aVL;aVF;V3;V4;V5;V6,7,0.8,1,0,0,0,1
4;5;8;9;10;11,aVL;aVF;V3;V4;V5;V6,7,0.9,1,0,0,0,1
4;5;8;9;11,aVL;aVF;V3;V4;V6,6,0.5,1,1,1,0,3
4;5;8;9;11,aVL;aVF;V3;V4;V6,6,0.6,1,0,1,0,2
4;5;8;9;11,aVL;aVF;V3;V4;V6,6,0.7,1,0,1,0,2
4;5;8;9;11,aVL;aVF;V3;V4;V6,6,0.8,1,0,0,0,1
4;5;8;9;11,aVL;aVF;V3;V4;V6,6,0.9,1,0,0,0,1
4;5;8;10,aVL;aVF;V3;V5,5,0.5,1,1,1,0,3
4;5;8;10,aVL;aVF;V3;V5,5,0.6,1,0,1,0,2
4;5;8;10,aVL;aVF;V3;V5,5,0.7,1,0,1,0,2
4;5;8;10,aVL;aVF;V3;V5,5,0.8,1,0,0,0,1
4;5;8;10,aVL;aVF;V3;V5,5,0.9,1,0,0,0,1
4;5;8;10;11,aVL;aVF;V3;V5;V6,6,0.5,1,1,1,0,3
4;5;8;10;11,aVL;aVF;V3;V5;V6,6,0.6,1,0,1,0,2
4;5;8;10;11,aVL;aVF;V3;V5;V6,6,0.7,1,0,1,0,2
4;5;8;10;11,aVL;aVF;V3;V5;V6,6,0.8,1,0,0,0,1
4;5;8;10;11,aVL;aVF;V3;V5;V6,6,0.9,1,0,0,0,1
4;5;8;11,aVL;aVF;V3;V6,5,0.5,1,1,1,0,3
4;5;8;11,aVL;aVF;V3;V6,5,0.6,1,0,1,0,2
4;5;8;11,aVL;aVF;V3;V6,5,0.7,1,0,1,0,2
4;5;8;11,aVL;aVF;V3;V6,5,0.8,1,0,0,0,1
4;5;8;11,aVL;aVF;V3;V6,5,0.9,1,0,0,0,1
4;5;9,aVL;aVF;V4,4,0.5,1,1,1,0,3
4;5;9,aVL;aVF;V4,4,0.6,1,0,1,0,2
4;5;9,aVL;aVF;V4,4,0.7,1,0,1,0,2
4;5;9,aVL;aVF;V4,4,0.8,1,0,1,0,2
4;5;9,aVL;aVF;V4,4,0.9,1,0,0,0,1
4;5;9;10,aVL;aVF;V4;V5,5,0.5,1,1,1,0,3
4;5;9;10,aVL;aVF;V4;V5,5,0.6,1,0,1,0,2
4;5;9;10,aVL;aVF;V4;V5,5,0.7,1,0,1,0,2
4;5;9;10,aVL;aVF;V4;V5,5,0.8,1,0,1,0,2
4;5;9;10,aVL;aVF;V4;V5,5,0.9,1,0,0,0,1
4;5;9;10;11,aVL;aVF;V4;V5;V6,6,0.5,1,1,1,0,3
4;5;9;10;11,aVL;aVF;V4;V5;V6,6,0.6,1,0,1,0,2
4;5;9;10;11,aVL;aVF;V4;V5;V6,6,0.7,1,0,1,0,2
4;5;9;10;11,aVL;aVF;V4;V5;V6,6,0.8,1,0,1,0,2
4;5;9;10;11,aVL;aVF;V4;V5;V6,6,0.9,1,0,0,0,1
4;5;9;11,aVL;aVF;V4;V6,5,0.5,1,1,1,0,3
4;5;9;11,aVL;aVF;V4;V6,5,0.6,1,0,1,0,2
4;5;9;11,aVL;aVF;V4;V6,5,0.7,1,0,1,0,2
4;5;9;11,aVL;aVF;V4;V6,5,0.8,1,0,1,0,2
4;5;9;11,aVL;aVF;V4;V6,5,0.9,1,0,0,0,1
4;5;10,aVL;aVF;V5,4,0.5,1,1,1,0,3
4;5;10,aVL;aVF;V5,4,0.6,1,0,1,0,2
4;5;10,aVL;aVF;V5,4,0.7,1,0,1,0,2
4;5;10,aVL;aVF;V5,4,0.8,1,0,0,0,1
4;5;10,aVL;aVF;V5,4,0.9,1,0,0,0,1
4;5;10;11,aVL;aVF;V5;V6,5,0.5,1,1,1,0,3
4;5;10;11,aVL;aVF;V5;V6,5,0.6,1,0,1,0,2
4;5;10;11,aVL;aVF;V5;V6,5,0.7,1,0,1,0,2
4;5;10;11,aVL;aVF;V5;V6,5,0.8,1,0,1,0,2
4;5;10;11,aVL;aVF;V5;V6,5,0.9,1,0,0,0,1
4;5;11,aVL;aVF;V6,4,0.5,1,1,1,0,3
4;5;11,aVL;aVF;V6,4,0.6,1,0,1,0,2
4;5;11,aVL;aVF;V6,4,0.7,1,0,1,0,2
4;5;11,aVL;aVF;V6,4,0.8,1,0,1,0,2
4;5;11,aVL;aVF;V6,4,0.9,1,0,0,0,1
4;6,aVL;V1,4,0.5,1,0,1,0,2
4;6,aVL;V1,4,0.6,1,0,1,0,2
4;6,aVL;V1,4,0.7,1,0,1,0,2
4;6,aVL;V1,4,0.8,1,0,1,0,2
4;6,aVL;V1,4,0.9,1,0,0,0,1
4;6;7,aVL;V1;V2,5,0.5,1,1,1,1,4
4;6;7,aVL;V1;V2,5,0.6,1,0,1,0,2
4;6;7,aVL;V1;V2,5,0.7,1,0,1,0,2
4;6;7,aVL;V1;V2,5,0.8,1,0,1,0,2
4;6;7,aVL;V1;V2,5,0.9,1,0,0,0,1
4;6;7;8,aVL;V1;V2;V3,6,0.5,1,1,1,0,3
4;6;7;8,aVL;V1;V2;V3,6,0.6,1,0,1,0,2
4;6;7;8,aVL;V1;V2;V3,6,0.7,1,0,1,0,2
4;6;7;8,aVL;V1;V2;V3,6,0.8,1,0,1,0,2
4;6;7;8,aVL;V1;V2;V3,6,0.9,1,0,0,0,1
4;6;7;8;9,aVL;V1;V2;V3;V4,7,0.5,1,1,1,0,3
4;6;7;8;9,aVL;V1;V2;V3;V4,7,0.6,1,0,1,0,2
4;6;7;8;9,aVL;V1;V2;V3;V4,7,0.7,1,0,1,0,2
4;6;7;8;9,aVL;V1;V2;V3;V4,7,0.8,1,0,1,0,2
4;6;7;8;9,aVL;V1;V2;V3;V4,7,0.9,1,0,0,0,1
4;6;7;8;9;10,aVL;V1;V2;V3;V4;V5,8,0.5,1,1,1,0,3
4;6;7;8;9;10,aVL;V1;V2;V3;V4;V5,8,0.6,1,0,1,0,2
4;6;7;8;9;10,aVL;V1;V2;V3;V4;V5,8,0.7,1,0,1,0,2
4;6;7;8;9;10,aVL;V1;V2;V3;V4;V5,8,0.8,1,0,1,0,2
4;6;7;8;9;10,aVL;V1;V2;V3;V4;V5,8,0.9,1,0,0,0,1
4;6;7;8;9;10;11,aVL;V1;V2;V3;V4;V5;V6,9,0.5,1,1,1,0,3
4;6;7;8;9;10;11,aVL;V1;V2;V3;V4;V5;V6,9,0.6,1,0,1,0,2
4;6;7;8;9;10;11,aVL;V1;V2;V3;V4;V5;V6,9,0.7,1,0,1,0,2
4;6;7;8;9;10;11,aVL;V1;V2;V3;V4;V5;V6,9,0.8,1,0,1,0,2
4;6;7;8;9;10;11,aVL;V1;V2;V3;V4;V5;V6,9,0.9,1,0,0,0,1
4;6;7;8;9;11,aVL;V1;V2;V3;V4;V6,8,0.5,1,1,1,0,3
4;6;7;8;9;11,aVL;V1;V2;V3;V4;V6,8,0.6,1,0,1,0,2
4;6;7;8;9;11,aVL;V1;V2;V3;V4;V6,8,0.7,1,0,1,0,2
4;6;7;8;9;11,aVL;V1;V2;V3;V4;V6,8,0.8,1,0,1,0,2
4;6;7;8;9;11,aVL;V1;V2;V3;V4;V6,8,0.9,1,0,0,0,1
4;6;7;8;10,aVL;V1;V2;V3;V5,7,0.5,1,1,1,0,3
4;6;7;8;10,aVL;V1;V2;V3;V5,7,0.6,1,0,1,0,2
4;6;7;8;10,aVL;V1;V2;V3;V5,7,0.7,1,0,1,0,2
4;6;7;8;10,aVL;V1;V2;V3;V5,7,0.8,1,0,1,0,2
4;6;7;8;10,aVL;V1;V2;V3;V5,7,0.9,1,0,0,0,1
4;6;7;8;10;11,aVL;V1;V2;V3;V5;V6,8,0.5,1,1,1,0,3
4;6;7;8;10;11,aVL;V1;V2;V3;V5;V6,8,0.6,1,0,1,0,2
4;6;7;8;10;11,aVL;V1;V2;V3;V5;V6,8,0.7,1,0,1,0,2
4;6;7;8;10;11,aVL;V1;V2;V3;V5;V6,8,0.8,1,0,1,0,2
4;6;7;8;10;11,aVL;V1;V2;V3;V5;V6,8,0.9,1,0,0,0,1
4;6;7;8;11,aVL;V1;V2;V3;V6,7,0.5,1,1,1,0,3
4;6;7;8;11,aVL;V1;V2;V3;V6,7,0.6,1,0,1,0,2
4;6;7;8;11,aVL;V1;V2;V3;V6,7,0.7,1,0,1,0,2
4;6;7;8;11,aVL;V1;V2;V3;V6,7,0.8,1,0,1,0,2
4;6;7;8;11,aVL;V1;V2;V3;V6,7,0.9,1,0,0,0,1
4;6;7;9,aVL;V1;V2;V4,6,0.5,1,1,1,0,3
4;6;7;9,aVL;V1;V2;V4,6,0.6,1,0,1,0,2
4;6;7;9,aVL;V1;V2;V4,6,0.7,1,0,1,0,2
4;6;7;9,aVL;V1;V2;V4,6,0.8,1,0,1,0,2
4;6;7;9,aVL;V1;V2;V4,6,0.9,1,0,0,0,1
4;6;7;9;10,aVL;V1;V2;V4;V5,7,0.5,1,1,1,0,3
4;6;7;9;10,aVL;V1;V2;V4;V5,7,0.6,1,0,1,0,2
4;6;7;9;10,aVL;V1;V2;V4;V5,7,0.7,1,0,1,0,2
4;6;7;9;10,aVL;V1;V2;V4;V5,7,0.8,1,0,1,0,2
4;6;7;9;10,aVL;V1;V2;V4;V5,7,0.9,1,0,0,0,1
4;6;7;9;10;11,aVL;V1;V2;V4;V5;V6,8,0.5,1,1,1,0,3
4;6;7;9;10;11,aVL;V1;V2;V4;V5;V6,8,0.6,1,0,1,0,2
4;6;7;9;10;11,aVL;V1;V2;V4;V5;V6,8,0.7,1,0,1,0,2
4;6;7;9;10;11,aVL;V1;V2;V4;V5;V6,8,0.8,1,0,1,0,2
4;6;7;9;10;11,aVL;V1;V2;V4;V5;V6,8,0.9,1,0,0,0,1
4;6;7;9;11,aVL;V1;V2;V4;V6,7,0.5,1,1,1,0,3
4;6;7;9;11,aVL;V1;V2;V4;V6,7,0.6,1,0,1,0,2
4;6;7;9;11,aVL;V1;V2;V4;V6,7,0.7,1,0,1,0,2
4;6;7;9;11,aVL;V1;V2;V4;V6,7,0.8,1,0,1,0,2
4;6;7;9;11,aVL;V1;V2;V4;V6,7,0.9,1,0,0,0,1
4;6;7;10,aVL;V1;V2;V5,6,0.5,1,1,1,0,3
4;6;7;10,aVL;V1;V2;V5,6,0.6,1,0,1,0,2
4;6;7;10,aVL;V1;V2;V5,6,0.7,1,0,1,0,2
4;6;7;10,aVL;V1;V2;V5,6,0.8,1,0,1,0,2
4;6;7;10,aVL;V1;V2;V5,6,0.9,1,0,0,0,1
4;6;7;10;11,aVL;V1;V2;V5;V6,7,0.5,1,1,1,0,3
4;6;7;10;11,aVL;V1;V2;V5;V6,7,0.6,1,0,1,0,2
4;6;7;10;11,aVL;V1;V2;V5;V6,7,0.7,1,0,1,0,2
4;6;7;10;11,aVL;V1;V2;V5;V6,7,0.8,1,0,1,0,2
4;6;7;10;11,aVL;V1;V2;V5;V6,7,0.9,1,0,0,0,1
4;6;7;11,aVL;V1;V2;V6,6,0.5,1,1,1,0,3
4;6;7;11,aVL;V1;V2;V6,6,0.6,1,0,1,0,2
4;6;7;11,aVL;V1;V2;V6,6,0.7,1,0,1,0,2
4;6;7;11,aVL;V1;V2;V6,6,0.8,1,0,1,0,2
4;6;7;11,aVL;V1;V2;V6,6,0.9,1,0,0,0,1
4;6;8,aVL;V1;V3,5,0.5,1,1,1,0,3
4;6;8,aVL;V1;V3,5,0.6,1,0,1,0,2
4;6;8,aVL;V1;V3,5,0.7,1,0,1,0,2
4;6;8,aVL;V1;V3,5,0.8,1,0,1,0,2
4;6;8,aVL;V1;V3,5,0.9,1,0,0,0,1
4;6;8;9,aVL;V1;V3;V4,6,0.5,1,1,1,0,3
4;6;8;9,aVL;V1;V3;V4,6,0.6,1,0,1,0,2
4;6;8;9,aVL;V1;V3;V4,6,0.7,1,0,1,0,2
4;6;8;9,aVL;V1;V3;V4,6,0.8,1,0,1,0,2
4;6;8;9,aVL;V1;V3;V4,6,0.9,1,0,0,0,1
4;6;8;9;10,aVL;V1;V3;V4;V5,7,0.5,1,1,1,0,3
4;6;8;9;10,aVL;V1;V3;V4;V5,7,0.6,1,0,1,0,2
4;6;8;9;10,aVL;V1;V3;V4;V5,7,0.7,1,0,1,0,2
4;6;8;9;10,aVL;V1;V3;V4;V5,7,0.8,1,0,1,0,2
4;6;8;9;10,aVL;V1;V3;V4;V5,7,0.9,1,0,0,0,1
4;6;8;9;10;11,aVL;V1;V3;V4;V5;V6,8,0.5,1,1,1,0,3
4;6;8;9;10;11,aVL;V1;V3;V4;V5;V6,8,0.6,1,0,1,0,2
4;6;8;9;10;11,aVL;V1;V3;V4;V5;V6,8,0.7,1,0,1,0,2
4;6;8;9;10;11,aVL;V1;V3;V4;V5;V6,8,0.8,1,0,1,0,2
4;6;8;9;10;11,aVL;V1;V3;V4;V5;V6,8,0.9,1,0,0,0,1
4;6;8;9;11,aVL;V1;V3;V4;V6,7,0.5,1,1,1,0,3
4;6;8;9;11,aVL;V1;V3;V4;V6,7,0.6,1,0,1,0,2
4;6;8;9;11,aVL;V1;V3;V4;V6,7,0.7,1,0,1,0,2
4;6;8;9;11,aVL;V1;V3;V4;V6,7,0.8,1,0,1,0,2
4;6;8;9;11,aVL;V1;V3;V4;V6,7,0.9,1,0,0,0,1
4;6;8;10,aVL;V1;V3;V5,6,0.5,1,1,1,0,3
4;6;8;10,aVL;V1;V3;V5,6,0.6,1,0,1,0,2
4;6;8;10,aVL;V1;V3;V5,6,0.7,1,0,1,0,2
4;6;8;10,aVL;V1;V3;V5,6,0.8,1,0,1,0,2
4;6;8;10,aVL;V1;V3;V5,6,0.9,1,0,0,0,1
4;6;8;10;11,aVL;V1;V3;V5;V6,7,0.5,1,1,1,0,3
4;6;8;10;11,aVL;V1;V3;V5;V6,7,0.6,1,0,1,0,2
4;6;8;10;11,aVL;V1;V3;V5;V6,7,0.7,1,0,1,0,2
4;6;8;10;11,aVL;V1;V3;V5;V6,7,0.8,1,0,1,0,2
4;6;8;10;11,aVL;V1;V3;V5;V6,7,0.9,1,0,0,0,1
4;6;8;11,aVL;V1;V3;V6,6,0.5,1,1,1,0,3
4;6;8;11,aVL;V1;V3;V6,6,0.6,1,0,1,0,2
4;6;8;11,aVL;V1;V3;V6,6,0.7,1,0,1,0,2
4;6;8;11,aVL;V1;V3;V6,6,0.8,1,0,1,0,2
4;6;8;11,aVL;V1;V3;V6,6,0.9,1,0,0,0,1
4;6;9,aVL;V1;V4,5,0.5,1,1,1,0,3
4;6;9,aVL;V1;V4,5,0.6,1,0,1,0,2
4;6;9,aVL;V1;V4,5,0.7,1,0,1,0,2
4;6;9,aVL;V1;V4,5,0.8,1,0,1,0,2
4;6;9,aVL;V1;V4,5,0.9,1,0,0,0,1
4;6;9;10,aVL;V1;V4;V5,6,0.5,1,1,1,0,3
4;6;9;10,aVL;V1;V4;V5,6,0.6,1,0,1,0,2
4;6;9;10,aVL;V1;V4;V5,6,0.7,1,0,1,0,2
4;6;9;10,aVL;V1;V4;V5,6,0.8,1,0,1,0,2
4;6;9;10,aVL;V1;V4;V5,6,0.9,1,0,0,0,1
4;6;9;10;11,aVL;V1;V4;V5;V6,7,0.5,1,1,1,0,3
4;6;9;10;11,aVL;V1;V4;V5;V6,7,0.6,1,0,1,0,2
4;6;9;10;11,aVL;V1;V4;V5;V6,7,0.7,1,0,1,0,2
4;6;9;10;11,aVL;V1;V4;V5;V6,7,0.8,1,0,1,0,2
4;6;9;10;11,aVL;V1;V4;V5;V6,7,0.9,1,0,0,0,1
4;6;9;11,aVL;V1;V4;V6,6,0.5,1,1,1,0,3
4;6;9;11,aVL;V1;V4;V6,6,0.6,1,0,1,0,2
4;6;9;11,aVL;V1;V4;V6,6,0.7,1,0,1,0,2
4;6;9;11,aVL;V1;V4;V6,6,0.8,1,0,1,0,2
4;6;9;11,aVL;V1;V4;V6,6,0.9,1,0,0,0,1
4;6;10,aVL;V1;V5,5,0.5,1,1,1,0,3
4;6;10,aVL;V1;V5,5,0.6,1,0,1,0,2
4;6;10,aVL;V1;V5,5,0.7,1,0,1,0,2
4;6;10,aVL;V1;V5,5,0.8,1,0,1,0,2
4;6;10,aVL;V1;V5,5,0.9,1,0,0,0,1
4;6;10;11,aVL;V1;V5;V6,6,0.5,1,1,1,0,3
4;6;10;11,aVL;V1;V5;V6,6,0.6,1,0,1,0,2
4;6;10;11,aVL;V1;V5;V6,6,0.7,1,0,1,0,2
4;6;10;11,aVL;V1;V5;V6,6,0.8,1,0,1,0,2
4;6;10;11,aVL;V1;V5;V6,6,0.9,1,0,0,0,1
4;6;11,aVL;V1;V6,5,0.5,1,1,1,0,3
4;6;11,aVL;V1;V6,5,0.6,1,0,1,0,2
4;6;11,aVL;V1;V6,5,0.7,1,0,1,0,2
4;6;11,aVL;V1;V6,5,0.8,1,0,1,0,2
4;6;11,aVL;V1;V6,5,0.9,1,0,0,0,1
4;7,aVL;V2,4,0.5,1,0,1,0,2
4;7,aVL;V2,4,0.6,1,0,1,0,2
4;7,aVL;V2,4,0.7,1,0,1,0,2
4;7,aVL;V2,4,0.8,1,0,1,0,2
4;7,aVL;V2,4,0.9,1,0,0,0,1
4;7;8,aVL;V2;V3,5,0.5,1,1,1,0,3
4;7;8,aVL;V2;V3,5,0.6,1,0,1,0,2
4;7;8,aVL;V2;V3,5,0.7,1,0,1,0,2
4;7;8,aVL;V2;V3,5,0.8,1,0,1,0,2
4;7;8,aVL;V2;V3,5,0.9,1,0,0,0,1
4;7;8;9,aVL;V2;V3;V4,6,0.5,1,1,1,0,3
4;7;8;9,aVL;V2;V3;V4,6,0.6,1,0,1,0,2
4;7;8;9,aVL;V2;V3;V4,6,0.7,1,0,1,0,2
4;7;8;9,aVL;V2;V3;V4,6,0.8,1,0,1,0,2
4;7;8;9,aVL;V2;V3;V4,6,0.9,1,0,0,0,1
4;7;8;9;10,aVL;V2;V3;V4;V5,7,0.5,1,1,1,0,3
4;7;8;9;10,aVL;V2;V3;V4;V5,7,0.6,1,0,1,0,2
4;7;8;9;10,aVL;V2;V3;V4;V5,7,0.7,1,0,1,0,2
4;7;8;9;10,aVL;V2;V3;V4;V5,7,0.8,1,0,0,0,1
4;7;8;9;10,aVL;V2;V3;V4;V5,7,0.9,1,0,0,0,1
4;7;8;9;10;11,aVL;V2;V3;V4;V5;V6,8,0.5,1,1,1,0,3
4;7;8;9;10;11,aVL;V2;V3;V4;V5;V6,8,0.6,1,0,1,0,2
4;7;8;9;10;11,aVL;V2;V3;V4;V5;V6,8,0.7,1,0,1,0,2
4;7;8;9;10;11,aVL;V2;V3;V4;V5;V6,8,0.8,1,0,0,0,1
4;7;8;9;10;11,aVL;V2;V3;V4;V5;V6,8,0.9,1,0,0,0,1
4;7;8;9;11,aVL;V2;V3;V4;V6,7,0.5,1,1,1,0,3
4;7;8;9;11,aVL;V2;V3;V4;V6,7,0.6,1,0,1,0,2
4;7;8;9;11,aVL;V2;V3;V4;V6,7,0.7,1,0,1,0,2
4;7;8;9;11,aVL;V2;V3;V4;V6,7,0.8,1,0,0,0,1
4;7;8;9;11,aVL;V2;V3;V4;V6,7,0.9,1,0,0,0,1
4;7;8;10,aVL;V2;V3;V5,6,0.5,1,1,1,0,3
4;7;8;10,aVL;V2;V3;V5,6,0.6,1,0,1,0,2
4;7;8;10,aVL;V2;V3;V5,6,0.7,1,0,1,0,2
4;7;8;10,aVL;V2;V3;V5,6,0.8,1,0,0,0,1
4;7;8;10,aVL;V2;V3;V5,6,0.9,1,0,0,0,1
4;7;8;10;11,aVL;V2;V3;V5;V6,7,0.5,1,1,1,0,3
4;7;8;10;11,aVL;V2;V3;V5;V6,7,0.6,1,0,1,0,2
4;7;8;10;11,aVL;V2;V3;V5;V6,7,0.7,1,0,1,0,2
4;7;8;10;11,aVL;V2;V3;V5;V6,7,0.8,1,0,0,0,1
4;7;8;10;11,aVL;V2;V3;V5;V6,7,0.9,1,0,0,0,1
4;7;8;11,aVL;V2;V3;V6,6,0.5,1,1,1,0,3
4;7;8;11,aVL;V2;V3;V6,6,0.6,1,0,1,0,2
4;7;8;11,aVL;V2;V3;V6,6,0.7,1,0,1,0,2
4;7;8;11,aVL;V2;V3;V6,6,0.8,1,0,0,0,1
4;7;8;11,aVL;V2;V3;V6,6,0.9,1,0,0,0,1
4;7;9,aVL;V2;V4,5,0.5,1,1,1,0,3
4;7;9,aVL;V2;V4,5,0.6,1,0,1,0,2
4;7;9,aVL;V2;V4,5,0.7,1,0,1,0,2
4;7;9,aVL;V2;V4,5,0.8,1,0,1,0,2
4;7;9,aVL;V2;V4,5,0.9,1,0,0,0,1
4;7;9;10,aVL;V2;V4;V5,6,0.5,1,1,1,0,3
4;7;9;10,aVL;V2;V4;V5,6,0.6,1,0,1,0,2
4;7;9;10,aVL;V2;V4;V5,6,0.7,1,0,1,0,2
4;7;9;10,aVL;V2;V4;V5,6,0.8,1,0,0,0,1
4;7;9;10,aVL;V2;V4;V5,6,0.9,1,0,0,0,1
4;7;9;10;11,aVL;V2;V4;V5;V6,7,0.5,1,1,1,0,3
4;7;9;10;11,aVL;V2;V4;V5;V6,7,0.6,1,0,1,0,2
4;7;9;10;11,aVL;V2;V4;V5;V6,7,0.7,1,0,1,0,2
4;7;9;10;11,aVL;V2;V4;V5;V6,7,0.8,1,0,0,0,1
4;7;9;10;11,aVL;V2;V4;V5;V6,7,0.9,1,0,0,0,1
4;7;9;11,aVL;V2;V4;V6,6,0.5,1,1,1,0,3
4;7;9;11,aVL;V2;V4;V6,6,0.6,1,0,1,0,2
4;7;9;11,aVL;V2;V4;V6,6,0.7,1,0,1,0,2
4;7;9;11,aVL;V2;V4;V6,6,0.8,1,0,0,0,1
4;7;9;11,aVL;V2;V4;V6,6,0.9,1,0,0,0,1
4;7;10,aVL;V2;V5,5,0.5,1,1,1,0,3
4;7;10,aVL;V2;V5,5,0.6,1,0,1,0,2
4;7;10,aVL;V2;V5,5,0.7,1,0,1,0,2
4;7;10,aVL;V2;V5,5,0.8,1,0,0,0,1
4;7;10,aVL;V2;V5,5,0.9,1,0,0,0,1
4;7;10;11,aVL;V2;V5;V6,6,0.5,1,1,1,0,3
4;7;10;11,aVL;V2;V5;V6,6,0.6,1,0,1,0,2
4;7;10;11,aVL;V2;V5;V6,6,0.7,1,0,1,0,2
4;7;10;11,aVL;V2;V5;V6,6,0.8,1,0,0,0,1
4;7;10;11,aVL;V2;V5;V6,6,0.9,1,0,0,0,1
4;7;11,aVL;V2;V6,5,0.5,1,1,1,0,3
4;7;11,aVL;V2;V6,5,0.6,1,0,1,0,2
4;7;11,aVL;V2;V6,5,0.7,1,0,1,0,2
4;7;11,aVL;V2;V6,5,0.8,1,0,1,0,2
4;7;11,aVL;V2;V6,5,0.9,1,0,0,0,1
4;8,aVL;V3,4,0.5,1,1,1,0,3
4;8,aVL;V3,4,0.6,1,0,1,0,2
4;8,aVL;V3,4,0.7,1,0,1,0,2
4;8,aVL;V3,4,0.8,1,0,1,0,2
4;8,aVL;V3,4,0.9,1,0,0,0,1
4;8;9,aVL;V3;V4,5,0.5,1,1,1,0,3
4;8;9,aVL;V3;V4,5,0.6,1,0,1,0,2
4;8;9,aVL;V3;V4,5,0.7,1,0,1,0,2
4;8;9,aVL;V3;V4,5,0.8,1,0,1,0,2
4;8;9,aVL;V3;V4,5,0.9,1,0,0,0,1
4;8;9;10,aVL;V3;V4;V5,6,0.5,1,1,1,0,3
4;8;9;10,aVL;V3;V4;V5,6,0.6,1,0,1,0,2
4;8;9;10,aVL;V3;V4;V5,6,0.7,1,0,1,0,2
4;8;9;10,aVL;V3;V4;V5,6,0.8,1,0,1,0,2
4;8;9;10,aVL;V3;V4;V5,6,0.9,1,0,0,0,1
4;8;9;10;11,aVL;V3;V4;V5;V6,7,0.5,1,1,1,0,3
4;8;9;10;11,aVL;V3;V4;V5;V6,7,0.6,1,0,1,0,2
4;8;9;10;11,aVL;V3;V4;V5;V6,7,0.7,1,0,1,0,2
4;8;9;10;11,aVL;V3;V4;V5;V6,7,0.8,1,0,0,0,1
4;8;9;10;11,aVL;V3;V4;V5;V6,7,0.9,1,0,0,0,1
4;8;9;11,aVL;V3;V4;V6,6,0.5,1,1,1,0,3
4;8;9;11,aVL;V3;V4;V6,6,0.6,1,0,1,0,2
4;8;9;11,aVL;V3;V4;V6,6,0.7,1,0,1,0,2
4;8;9;11,aVL;V3;V4;V6,6,0.8,1,0,0,0,1
4;8;9;11,aVL;V3;V4;V6,6,0.9,1,0,0,0,1
4;8;10,aVL;V3;V5,5,0.5,1,1,1,0,3
4;8;10,aVL;V3;V5,5,0.6,1,0,1,0,2
4;8;10,aVL;V3;V5,5,0.7,1,0,1,0,2
4;8;10,aVL;V3;V5,5,0.8,1,0,0,0,1
4;8;10,aVL;V3;V5,5,0.9,1,0,0,0,1
4;8;10;11,aVL;V3;V5;V6,6,0.5,1,1,1,0,3
4;8;10;11,aVL;V3;V5;V6,6,0.6,1,0,1,0,2
4;8;10;11,aVL;V3;V5;V6,6,0.7,1,0,1,0,2
4;8;10;11,aVL;V3;V5;V6,6,0.8,1,0,0,0,1
4;8;10;11,aVL;V3;V5;V6,6,0.9,1,0,0,0,1
4;8;11,aVL;V3;V6,5,0.5,1,1,1,0,3
4;8;11,aVL;V3;V6,5,0.6,1,0,1,0,2
4;8;11,aVL;V3;V6,5,0.7,1,0,1,0,2
4;8;11,aVL;V3;V6,5,0.8,1,0,0,0,1
4;8;11,aVL;V3;V6,5,0.9,1,0,0,0,1
4;9,aVL;V4,4,0.5,1,1,1,0,3
4;9,aVL;V4,4,0.6,1,0,1,0,2
4;9,aVL;V4,4,0.7,1,0,1,0,2
4;9,aVL;V4,4,0.8,1,0,1,0,2
4;9,aVL;V4,4,0.9,1,0,0,0,1
4;9;10,aVL;V4;V5,5,0.5,1,1,1,0,3
4;9;10,aVL;V4;V5,5,0.6,1,0,1,0,2
4;9;10,aVL;V4;V5,5,0.7,1,0,1,0,2
4;9;10,aVL;V4;V5,5,0.8,1,0,0,0,1
4;9;10,aVL;V4;V5,5,0.9,1,0,0,0,1
4;9;10;11,aVL;V4;V5;V6,6,0.5,1,1,1,0,3
4;9;10;11,aVL;V4;V5;V6,6,0.6,1,0,1,0,2
4;9;10;11,aVL;V4;V5;V6,6,0.7,1,0,1,0,2
4;9;10;11,aVL;V4;V5;V6,6,0.8,1,0,0,0,1
4;9;10;11,aVL;V4;V5;V6,6,0.9,1,0,0,0,1
4;9;11,aVL;V4;V6,5,0.5,1,1,1,0,3
4;9;11,aVL;V4;V6,5,0.6,1,0,1,0,2
4;9;11,aVL;V4;V6,5,0.7,1,0,1,0,2
4;9;11,aVL;V4;V6,5,0.8,1,0,0,0,1
4;9;11,aVL;V4;V6,5,0.9,1,0,0,0,1
4;10,aVL;V5,4,0.5,1,1,1,0,3
4;10,aVL;V5,4,0.6,1,0,1,0,2
4;10,aVL;V5,4,0.7,1,0,1,0,2
4;10,aVL;V5,4,0.8,1,0,1,0,2
4;10,aVL;V5,4,0.9,1,0,0,0,1
4;10;11,aVL;V5;V6,5,0.5,1,1,1,0,3
4;10;11,aVL;V5;V6,5,0.6,1,0,1,0,2
4;10;11,aVL;V5;V6,5,0.7,1,0,1,0,2
4;10;11,aVL;V5;V6,5,0.8,1,0,0,0,1
4;10;11,aVL;V5;V6,5,0.9,1,0,0,0,1
4;11,aVL;V6,4,0.5,1,1,1,0,3
4;11,aVL;V6,4,0.6,1,1,1,0,3
4;11,aVL;V6,4,0.7,1,0,1,0,2
4;11,aVL;V6,4,0.8,1,0,1,0,2
4;11,aVL;V6,4,0.9,1,0,0,0,1
5,aVF,3,0.5,1,0,1,0,2
5,aVF,3,0.6,1,0,1,0,2
5,aVF,3,0.7,1,0,0,0,1
5,aVF,3,0.8,1,0,0,0,1
5,aVF,3,0.9,0,0,0,0,0
5;6,aVF;V1,4,0.5,1,1,1,0,3
5;6,aVF;V1,4,0.6,1,0,1,0,2
5;6,aVF;V1,4,0.7,1,0,1,0,2
5;6,aVF;V1,4,0.8,1,0,1,0,2
5;6,aVF;V1,4,0.9,1,0,0,0,1
5;6;7,aVF;V1;V2,5,0.5,1,1,1,0,3
5;6;7,aVF;V1;V2,5,0.6,1,0,1,0,2
5;6;7,aVF;V1;V2,5,0.7,1,0,1,0,2
5;6;7,aVF;V1;V2,5,0.8,1,0,1,0,2
5;6;7,aVF;V1;V2,5,0.9,1,0,0,0,1
5;6;7;8,aVF;V1;V2;V3,6,0.5,1,1,1,0,3
5;6;7;8,aVF;V1;V2;V3,6,0.6,1,0,1,0,2
5;6;7;8,aVF;V1;V2;V3,6,0.7,1,0,1,0,2
5;6;7;8,aVF;V1;V2;V3,6,0.8,1,0,1,0,2
5;6;7;8,aVF;V1;V2;V3,6,0.9,1,0,0,0,1
5;6;7;8;9,aVF;V1;V2;V3;V4,7,0.5,1,1,1,0,3
5;6;7;8;9,aVF;V1;V2;V3;V4,7,0.6,1,0,1,0,2
5;6;7;8;9,aVF;V1;V2;V3;V4,7,0.7,1,0,1,0,2
5;6;7;8;9,aVF;V1;V2;V3;V4,7,0.8,1,0,1,0,2
5;6;7;8;9,aVF;V1;V2;V3;V4,7,0.9,1,0,0,0,1
5;6;7;8;9;10,aVF;V1;V2;V3;V4;V5,8,0.5,1,1,1,0,3
5;6;7;8;9;10,aVF;V1;V2;V3;V4;V5,8,0.6,1,0,1,0,2
5;6;7;8;9;10,aVF;V1;V2;V3;V4;V5,8,0.7,1,0,1,0,2
5;6;7;8;9;10,aVF;V1;V2;V3;V4;V5,8,0.8,1,0,1,0,2
5;6;7;8;9;10,aVF;V1;V2;V3;V4;V5,8,0.9,1,0,0,0,1
5;6;7;8;9;10;11,aVF;V1;V2;V3;V4;V5;V6,9,0.5,1,1,1,0,3
5;6;7;8;9;10;11,aVF;V1;V2;V3;V4;V5;V6,9,0.6,1,0,1,0,2
5;6;7;8;9;10;11,aVF;V1;V2;V3;V4;V5;V6,9,0.7,1,0,1,0,2
5;6;7;8;9;10;11,aVF;V1;V2;V3;V4;V5;V6,9,0.8,1,0,1,0,2
5;6;7;8;9;10;11,aVF;V1;V2;V3;V4;V5;V6,9,0.9,1,0,0,0,1
5;6;7;8;9;11,aVF;V1;V2;V3;V4;V6,8,0.5,1,1,1,0,3
5;6;7;8;9;11,aVF;V1;V2;V3;V4;V6,8,0.6,1,0,1,0,2
5;6;7;8;9;11,aVF;V1;V2;V3;V4;V6,8,0.7,1,0,1,0,2
5;6;7;8;9;11,aVF;V1;V2;V3;V4;V6,8,0.8,1,0,1,0,2
5;6;7;8;9;11,aVF;V1;V2;V3;V4;V6,8,0.9,1,0,0,0,1
5;6;7;8;10,aVF;V1;V2;V3;V5,7,0.5,1,1,1,0,3
5;6;7;8;10,aVF;V1;V2;V3;V5,7,0.6,1,0,1,0,2
5;6;7;8;10,aVF;V1;V2;V3;V5,7,0.7,1,0,1,0,2
5;6;7;8;10,aVF;V1;V2;V3;V5,7,0.8,1,0,1,0,2
5;6;7;8;10,aVF;V1;V2;V3;V5,7,0.9,1,0,0,0,1
5;6;7;8;10;11,aVF;V1;V2;V3;V5;V6,8,0.5,1,1,1,0,3
5;6;7;8;10;11,aVF;V1;V2;V3;V5;V6,8,0.6,1,0,1,0,2
5;6;7;8;10;11,aVF;V1;V2;V3;V5;V6,8,0.7,1,0,1,0,2
5;6;7;8;10;11,aVF;V1;V2;V3;V5;V6,8,0.8,1,0,1,0,2
5;6;7;8;10;11,aVF;V1;V2;V3;V5;V6,8,0.9,1,0,0,0,1
5;6;7;8;11,aVF;V1;V2;V3;V6,7,0.5,1,1,1,0,3
5;6;7;8;11,aVF;V1;V2;V3;V6,7,0.6,1,0,1,0,2
5;6;7;8;11,aVF;V1;V2;V3;V6,7,0.7,1,0,1,0,2
5;6;7;8;11,aVF;V1;V2;V3;V6,7,0.8,1,0,1,0,2
5;6;7;8;11,aVF;V1;V2;V3;V6,7,0.9,1,0,0,0,1
5;6;7;9,aVF;V1;V2;V4,6,0.5,1,1,1,0,3
5;6;7;9,aVF;V1;V2;V4,6,0.6,1,0,1,0,2
5;6;7;9,aVF;V1;V2;V4,6,0.7,1,0,1,0,2
5;6;7;9,aVF;V1;V2;V4,6,0.8,1,0,1,0,2
5;6;7;9,aVF;V1;V2;V4,6,0.9,1,0,0,0,1
5;6;7;9;10,aVF;V1;V2;V4;V5,7,0.5,1,1,1,0,3
5;6;7;9;10,aVF;V1;V2;V4;V5,7,0.6,1,0,1,0,2
5;6;7;9;10,aVF;V1;V2;V4;V5,7,0.7,1,0,1,0,2
5;6;7;9;10,aVF;V1;V2;V4;V5,7,0.8,1,0,1,0,2
5;6;7;9;10,aVF;V1;V2;V4;V5,7,0.9,1,0,0,0,1
5;6;7;9;10;11,aVF;V1;V2;V4;V5;V6,8,0.5,1,1,1,0,3
5;6;7;9;10;11,aVF;V1;V2;V4;V5;V6,8,0.6,1,0,1,0,2
5;6;7;9;10;11,aVF;V1;V2;V4;V5;V6,8,0.7,1,0,1,0,2
5;6;7;9;10;11,aVF;V1;V2;V4;V5;V6,8,0.8,1,0,1,0,2
5;6;7;9;10;11,aVF;V1;V2;V4;V5;V6,8,0.9,1,0,0,0,1
5;6;7;9;11,aVF;V1;V2;V4;V6,7,0.5,1,1,1,0,3
5;6;7;9;11,aVF;V1;V2;V4;V6,7,0.6,1,0,1,0,2
5;6;7;9;11,aVF;V1;V2;V4;V6,7,0.7,1,0,1,0,2
5;6;7;9;11,aVF;V1;V2;V4;V6,7,0.8,1,0,1,0,2
5;6;7;9;11,aVF;V1;V2;V4;V6,7,0.9,1,0,0,0,1
5;6;7;10,aVF;V1;V2;V5,6,0.5,1,1,1,0,3
5;6;7;10,aVF;V1;V2;V5,6,0.6,1,0,1,0,2
5;6;7;10,aVF;V1;V2;V5,6,0.7,1,0,1,0,2
5;6;7;10,aVF;V1;V2;V5,6,0.8,1,0,1,0,2
5;6;7;10,aVF;V1;V2;V5,6,0.9,1,0,0,0,1
5;6;7;10;11,aVF;V1;V2;V5;V6,7,0.5,1,1,1,0,3
5;6;7;10;11,aVF;V1;V2;V5;V6,7,0.6,1,0,1,0,2
5;6;7;10;11,aVF;V1;V2;V5;V6,7,0.7,1,0,1,0,2
5;6;7;10;11,aVF;V1;V2;V5;V6,7,0.8,1,0,1,0,2
5;6;7;10;11,aVF;V1;V2;V5;V6,7,0.9,1,0,0,0,1
5;6;7;11,aVF;V1;V2;V6,6,0.5,1,1,1,0,3
5;6;7;11,aVF;V1;V2;V6,6,0.6,1,0,1,0,2
5;6;7;11,aVF;V1;V2;V6,6,0.7,1,0,1,0,2
5;6;7;11,aVF;V1;V2;V6,6,0.8,1,0,1,0,2
5;6;7;11,aVF;V1;V2;V6,6,0.9,1,0,0,0,1
5;6;8,aVF;V1;V3,5,0.5,1,1,1,0,3
5;6;8,aVF;V1;V3,5,0.6,1,0,1,0,2
5;6;8,aVF;V1;V3,5,0.7,1,0,1,0,2
5;6;8,aVF;V1;V3,5,0.8,1,0,1,0,2
5;6;8,aVF;V1;V3,5,0.9,1,0,0,0,1
5;6;8;9,aVF;V1;V3;V4,6,0.5,1,1,1,0,3
5;6;8;9,aVF;V1;V3;V4,6,0.6,1,0,1,0,2
5;6;8;9,aVF;V1;V3;V4,6,0.7,1,0,1,0,2
5;6;8;9,aVF;V1;V3;V4,6,0.8,1,0,1,0,2
5;6;8;9,aVF;V1;V3;V4,6,0.9,1,0,0,0,1
5;6;8;9;10,aVF;V1;V3;V4;V5,7,0.5,1,1,1,0,3
5;6;8;9;10,aVF;V1;V3;V4;V5,7,0.6,1,0,1,0,2
5;6;8;9;10,aVF;V1;V3;V4;V5,7,0.7,1,0,1,0,2
5;6;8;9;10,aVF;V1;V3;V4;V5,7,0.8,1,0,1,0,2
5;6;8;9;10,aVF;V1;V3;V4;V5,7,0.9,1,0,0,0,1
5;6;8;9;10;11,aVF;V1;V3;V4;V5;V6,8,0.5,1,1,1,0,3
5;6;8;9;10;11,aVF;V1;V3;V4;V5;V6,8,0.6,1,0,1,0,2
5;6;8;9;10;11,aVF;V1;V3;V4;V5;V6,8,0.7,1,0,1,0,2
5;6;8;9;10;11,aVF;V1;V3;V4;V5;V6,8,0.8,1,0,1,0,2
5;6;8;9;10;11,aVF;V1;V3;V4;V5;V6,8,0.9,1,0,0,0,1
5;6;8;9;11,aVF;V1;V3;V4;V6,7,0.5,1,1,1,0,3
5;6;8;9;11,aVF;V1;V3;V4;V6,7,0.6,1,0,1,0,2
5;6;8;9;11,aVF;V1;V3;V4;V6,7,0.7,1,0,1,0,2
5;6;8;9;11,aVF;V1;V3;V4;V6,7,0.8,1,0,1,0,2
5;6;8;9;11,aVF;V1;V3;V4;V6,7,0.9,1,0,0,0,1
5;6;8;10,aVF;V1;V3;V5,6,0.5,1,1,1,0,3
5;6;8;10,aVF;V1;V3;V5,6,0.6,1,0,1,0,2
5;6;8;10,aVF;V1;V3;V5,6,0.7,1,0,1,0,2
5;6;8;10,aVF;V1;V3;V5,6,0.8,1,0,1,0,2
5;6;8;10,aVF;V1;V3;V5,6,0.9,1,0,0,0,1
5;6;8;10;11,aVF;V1;V3;V5;V6,7,0.5,1,1,1,0,3
5;6;8;10;11,aVF;V1;V3;V5;V6,7,0.6,1,0,1,0,2
5;6;8;10;11,aVF;V1;V3;V5;V6,7,0.7,1,0,1,0,2
5;6;8;10;11,aVF;V1;V3;V5;V6,7,0.8,1,0,1,0,2
5;6;8;10;11,aVF;V1;V3;V5;V6,7,0.9,1,0,0,0,1
5;6;8;11,aVF;V1;V3;V6,6,0.5,1,1,1,0,3
5;6;8;11,aVF;V1;V3;V6,6,0.6,1,0,1,0,2
5;6;8;11,aVF;V1;V3;V6,6,0.7,1,0,1,0,2
5;6;8;11,aVF;V1;V3;V6,6,0.8,1,0,1,0,2
5;6;8;11,aVF;V1;V3;V6,6,0.9,1,0,0,0,1
5;6;9,aVF;V1;V4,5,0.5,1,1,1,0,3
5;6;9,aVF;V1;V4,5,0.6,1,0,1,0,2
5;6;9,aVF;V1;V4,5,0.7,1,0,1,0,2
5;6;9,aVF;V1;V4,5,0.8,1,0,1,0,2
5;6;9,aVF;V1;V4,5,0.9,1,0,0,0,1
5;6;9;10,aVF;V1;V4;V5,6,0.5,1,1,1,0,3
5;6;9;10,aVF;V1;V4;V5,6,0.6,1,0,1,0,2
5;6;9;10,aVF;V1;V4;V5,6,0.7,1,0,1,0,2
5;6;9;10,aVF;V1;V4;V5,6,0.8,1,0,1,0,2
5;6;9;10,aVF;V1;V4;V5,6,0.9,1,0,0,0,1
5;6;9;10;11,aVF;V1;V4;V5;V6,7,0.5,1,1,1,0,3
5;6;9;10;11,aVF;V1;V4;V5;V6,7,0.6,1,0,1,0,2
5;6;9;10;11,aVF;V1;V4;V5;V6,7,0.7,1,0,1,0,2
5;6;9;10;11,aVF;V1;V4;V5;V6,7,0.8,1,0,1,0,2
5;6;9;10;11,aVF;V1;V4;V5;V6,7,0.9,1,0,0,0,1
5;6;9;11,aVF;V1;V4;V6,6,0.5,1,1,1,0,3
5;6;9;11,aVF;V1;V4;V6,6,0.6,1,0,1,0,2
5;6;9;11,aVF;V1;V4;V6,6,0.7,1,0,1,0,2
5;6;9;11,aVF;V1;V4;V6,6,0.8,1,0,1,0,2
5;6;9;11,aVF;V1;V4;V6,6,0.9,1,0,0,0,1
5;6;10,aVF;V1;V5,5,0.5,1,1,1,0,3
5;6;10,aVF;V1;V5,5,0.6,1,0,1,0,2
5;6;10,aVF;V1;V5,5,0.7,1,0,1,0,2
5;6;10,aVF;V1;V5,5,0.8,1,0,1,0,2
5;6;10,aVF;V1;V5,5,0.9,1,0,0,0,1
5;6;10;11,aVF;V1;V5;V6,6,0.5,1,1,1,0,3
5;6;10;11,aVF;V1;V5;V6,6,0.6,1,0,1,0,2
5;6;10;11,aVF;V1;V5;V6,6,0.7,1,0,1,0,2
5;6;10;11,aVF;V1;V5;V6,6,0.8,1,0,1,0,2
5;6;10;11,aVF;V1;V5;V6,6,0.9,1,0,0,0,1
5;6;11,aVF;V1;V6,5,0.5,1,1,1,0,3
5;6;11,aVF;V1;V6,5,0.6,1,0,1,0,2
5;6;11,aVF;V1;V6,5,0.7,1,0,1,0,2
5;6;11,aVF;V1;V6,5,0.8,1,0,1,0,2
5;6;11,aVF;V1;V6,5,0.9,1,0,0,0,1
5;7,aVF;V2,4,0.5,1,1,1,0,3
5;7,aVF;V2,4,0.6,1,0,1,0,2
5;7,aVF;V2,4,0.7,1,0,1,0,2
5;7,aVF;V2,4,0.8,1,0,1,0,2
5;7,aVF;V2,4,0.9,1,0,0,0,1
5;7;8,aVF;V2;V3,5,0.5,1,1,1,0,3
5;7;8,aVF;V2;V3,5,0.6,1,0,1,0,2
5;7;8,aVF;V2;V3,5,0.7,1,0,1,0,2
5;7;8,aVF;V2;V3,5,0.8,1,0,1,0,2
5;7;8,aVF;V2;V3,5,0.9,1,0,0,0,1
5;7;8;9,aVF;V2;V3;V4,6,0.5,1,1,1,0,3
5;7;8;9,aVF;V2;V3;V4,6,0.6,1,0,1,0,2
5;7;8;9,aVF;V2;V3;V4,6,0.7,1,0,1,0,2
5;7;8;9,aVF;V2;V3;V4,6,0.8,1,0,1,0,2
5;7;8;9,aVF;V2;V3;V4,6,0.9,1,0,0,0,1
5;7;8;9;10,aVF;V2;V3;V4;V5,7,0.5,1,1,1,0,3
5;7;8;9;10,aVF;V2;V3;V4;V5,7,0.6,1,0,1,0,2
5;7;8;9;10,aVF;V2;V3;V4;V5,7,0.7,1,0,1,0,2
5;7;8;9;10,aVF;V2;V3;V4;V5,7,0.8,1,0,0,0,1
5;7;8;9;10,aVF;V2;V3;V4;V5,7,0.9,1,0,0,0,1
5;7;8;9;10;11,aVF;V2;V3;V4;V5;V6,8,0.5,1,1,1,0,3
5;7;8;9;10;11,aVF;V2;V3;V4;V5;V6,8,0.6,1,0,1,0,2
5;7;8;9;10;11,aVF;V2;V3;V4;V5;V6,8,0.7,1,0,1,0,2
5;7;8;9;10;11,aVF;V2;V3;V4;V5;V6,8,0.8,1,0,1,0,2
5;7;8;9;10;11,aVF;V2;V3;V4;V5;V6,8,0.9,1,0,0,0,1
5;7;8;9;11,aVF;V2;V3;V4;V6,7,0.5,1,1,1,0,3
5;7;8;9;11,aVF;V2;V3;V4;V6,7,0.6,1,0,1,0,2
5;7;8;9;11,aVF;V2;V3;V4;V6,7,0.7,1,0,1,0,2
5;7;8;9;11,aVF;V2;V3;V4;V6,7,0.8,1,0,1,0,2
5;7;8;9;11,aVF;V2;V3;V4;V6,7,0.9,1,0,0,0,1
5;7;8;10,aVF;V2;V3;V5,6,0.5,1,1,1,0,3
5;7;8;10,aVF;V2;V3;V5,6,0.6,1,0,1,0,2
5;7;8;10,aVF;V2;V3;V5,6,0.7,1,0,1,0,2
5;7;8;10,aVF;V2;V3;V5,6,0.8,1,0,0,0,1
5;7;8;10,aVF;V2;V3;V5,6,0.9,1,0,0,0,1
5;7;8;10;11,aVF;V2;V3;V5;V6,7,0.5,1,1,1,0,3
5;7;8;10;11,aVF;V2;V3;V5;V6,7,0.6,1,0,1,0,2
5;7;8;10;11,aVF;V2;V3;V5;V6,7,0.7,1,0,1,0,2
5;7;8;10;11,aVF;V2;V3;V5;V6,7,0.8,1,0,0,0,1
5;7;8;10;11,aVF;V2;V3;V5;V6,7,0.9,1,0,0,0,1
5;7;8;11,aVF;V2;V3;V6,6,0.5,1,1,1,0,3
5;7;8;11,aVF;V2;V3;V6,6,0.6,1,0,1,0,2
5;7;8;11,aVF;V2;V3;V6,6,0.7,1,0,1,0,2
5;7;8;11,aVF;V2;V3;V6,6,0.8,1,0,1,0,2
5;7;8;11,aVF;V2;V3;V6,6,0.9,1,0,0,0,1
5;7;9,aVF;V2;V4,5,0.5,1,1,1,0,3
5;7;9,aVF;V2;V4,5,0.6,1,0,1,0,2
5;7;9,aVF;V2;V4,5,0.7,1,0,1,0,2
5;7;9,aVF;V2;V4,5,0.8,1,0,1,0,2
5;7;9,aVF;V2;V4,5,0.9,1,0,0,0,1
5;7;9;10,aVF;V2;V4;V5,6,0.5,1,1,1,0,3
5;7;9;10,aVF;V2;V4;V5,6,0.6,1,0,1,0,2
5;7;9;10,aVF;V2;V4;V5,6,0.7,1,0,1,0,2
5;7;9;10,aVF;V2;V4;V5,6,0.8,1,0,1,0,2
5;7;9;10,aVF;V2;V4;V5,6,0.9,1,0,0,0,1
5;7;9;10;11,aVF;V2;V4;V5;V6,7,0.5,1,1,1,0,3
5;7;9;10;11,aVF;V2;V4;V5;V6,7,0.6,1,1,1,0,3
5;7;9;10;11,aVF;V2;V4;V5;V6,7,0.7,1,0,1,0,2
5;7;9;10;11,aVF;V2;V4;V5;V6,7,0.8,1,0,1,0,2
5;7;9;10;11,aVF;V2;V4;V5;V6,7,0.9,1,0,0,0,1
5;7;9;11,aVF;V2;V4;V6,6,0.5,1,1,1,0,3
5;7;9;11,aVF;V2;V4;V6,6,0.6,1,0,1,0,2
5;7;9;11,aVF;V2;V4;V6,6,0.7,1,0,1,0,2
5;7;9;11,aVF;V2;V4;V6,6,0.8,1,0,1,0,2
5;7;9;11,aVF;V2;V4;V6,6,0.9,1,0,0,0,1
5;7;10,aVF;V2;V5,5,0.5,1,1,1,0,3
5;7;10,aVF;V2;V5,5,0.6,1,0,1,0,2
5;7;10,aVF;V2;V5,5,0.7,1,0,1,0,2
5;7;10,aVF;V2;V5,5,0.8,1,0,1,0,2
5;7;10,aVF;V2;V5,5,0.9,1,0,0,0,1
5;7;10;11,aVF;V2;V5;V6,6,0.5,1,1,1,0,3
5;7;10;11,aVF;V2;V5;V6,6,0.6,1,0,1,0,2
5;7;10;11,aVF;V2;V5;V6,6,0.7,1,0,1,0,2
5;7;10;11,aVF;V2;V5;V6,6,0.8,1,0,1,0,2
5;7;10;11,aVF;V2;V5;V6,6,0.9,1,0,0,0,1
5;7;11,aVF;V2;V6,5,0.5,1,1,1,0,3
5;7;11,aVF;V2;V6,5,0.6,1,0,1,0,2
5;7;11,aVF;V2;V6,5,0.7,1,0,1,0,2
5;7;11,aVF;V2;V6,5,0.8,1,0,1,0,2
5;7;11,aVF;V2;V6,5,0.9,1,0,0,0,1
5;8,aVF;V3,4,0.5,1,1,1,0,3
5;8,aVF;V3,4,0.6,1,0,1,0,2
5;8,aVF;V3,4,0.7,1,0,1,0,2
5;8,aVF;V3,4,0.8,1,0,1,0,2
5;8,aVF;V3,4,0.9,1,0,0,0,1
5;8;9,aVF;V3;V4,5,0.5,1,1,1,0,3
5;8;9,aVF;V3;V4,5,0.6,1,0,1,0,2
5;8;9,aVF;V3;V4,5,0.7,1,0,1,0,2
5;8;9,aVF;V3;V4,5,0.8,1,0,1,0,2
5;8;9,aVF;V3;V4,5,0.9,1,0,0,0,1
5;8;9;10,aVF;V3;V4;V5,6,0.5,1,1,1,0,3
5;8;9;10,aVF;V3;V4;V5,6,0.6,1,0,1,0,2
5;8;9;10,aVF;V3;V4;V5,6,0.7,1,0,1,0,2
5;8;9;10,aVF;V3;V4;V5,6,0.8,1,0,0,0,1
5;8;9;10,aVF;V3;V4;V5,6,0.9,1,0,0,0,1
5;8;9;10;11,aVF;V3;V4;V5;V6,7,0.5,1,1,1,0,3
5;8;9;10;11,aVF;V3;V4;V5;V6,7,0.6,1,0,1,0,2
5;8;9;10;11,aVF;V3;V4;V5;V6,7,0.7,1,0,1,0,2
5;8;9;10;11,aVF;V3;V4;V5;V6,7,0.8,1,0,1,0,2
5;8;9;10;11,aVF;V3;V4;V5;V6,7,0.9,1,0,0,0,1
5;8;9;11,aVF;V3;V4;V6,6,0.5,1,1,1,0,3
5;8;9;11,aVF;V3;V4;V6,6,0.6,1,0,1,0,2
5;8;9;11,aVF;V3;V4;V6,6,0.7,1,0,1,0,2
5;8;9;11,aVF;V3;V4;V6,6,0.8,1,0,1,0,2
5;8;9;11,aVF;V3;V4;V6,6,0.9,1,0,0,0,1
5;8;10,aVF;V3;V5,5,0.5,1,1,1,0,3
5;8;10,aVF;V3;V5,5,0.6,1,0,1,0,2
5;8;10,aVF;V3;V5,5,0.7,1,0,1,0,2
5;8;10,aVF;V3;V5,5,0.8,1,0,0,0,1
5;8;10,aVF;V3;V5,5,0.9,1,0,0,0,1
5;8;10;11,aVF;V3;V5;V6,6,0.5,1,1,1,0,3
5;8;10;11,aVF;V3;V5;V6,6,0.6,1,0,1,0,2
5;8;10;11,aVF;V3;V5;V6,6,0.7,1,0,1,0,2
5;8;10;11,aVF;V3;V5;V6,6,0.8,1,0,1,0,2
5;8;10;11,aVF;V3;V5;V6,6,0.9,1,0,0,0,1
5;8;11,aVF;V3;V6,5,0.5,1,1,1,0,3
5;8;11,aVF;V3;V6,5,0.6,1,0,1,0,2
5;8;11,aVF;V3;V6,5,0.7,1,0,1,0,2
5;8;11,aVF;V3;V6,5,0.8,1,0,1,0,2
5;8;11,aVF;V3;V6,5,0.9,1,0,0,0,1
5;9,aVF;V4,4,0.5,1,1,1,0,3
5;9,aVF;V4,4,0.6,1,0,1,0,2
5;9,aVF;V4,4,0.7,1,0,1,0,2
5;9,aVF;V4,4,0.8,1,0,1,0,2
5;9,aVF;V4,4,0.9,1,0,0,0,1
5;9;10,aVF;V4;V5,5,0.5,1,1,1,0,3
5;9;10,aVF;V4;V5,5,0.6,1,0,1,0,2
5;9;10,aVF;V4;V5,5,0.7,1,0,1,0,2
5;9;10,aVF;V4;V5,5,0.8,1,0,1,0,2
5;9;10,aVF;V4;V5,5,0.9,1,0,0,0,1
5;9;10;11,aVF;V4;V5;V6,6,0.5,1,1,1,0,3
5;9;10;11,aVF;V4;V5;V6,6,0.6,1,0,1,0,2
5;9;10;11,aVF;V4;V5;V6,6,0.7,1,0,1,0,2
5;9;10;11,aVF;V4;V5;V6,6,0.8,1,0,1,0,2
5;9;10;11,aVF;V4;V5;V6,6,0.9,1,0,0,0,1
5;9;11,aVF;V4;V6,5,0.5,1,1,1,0,3
5;9;11,aVF;V4;V6,5,0.6,1,0,1,0,2
5;9;11,aVF;V4;V6,5,0.7,1,0,1,0,2
5;9;11,aVF;V4;V6,5,0.8,1,0,1,0,2
5;9;11,aVF;V4;V6,5,0.9,1,0,0,0,1
5;10,aVF;V5,4,0.5,1,1,1,0,3
5;10,aVF;V5,4,0.6,1,0,1,0,2
5;10,aVF;V5,4,0.7,1,0,1,0,2
5;10,aVF;V5,4,0.8,1,0,0,0,1
5;10,aVF;V5,4,0.9,1,0,0,0,1
5;10;11,aVF;V5;V6,5,0.5,1,1,1,0,3
5;10;11,aVF;V5;V6,5,0.6,1,0,1,0,2
5;10;11,aVF;V5;V6,5,0.7,1,0,1,0,2
5;10;11,aVF;V5;V6,5,0.8,1,0,0,0,1
5;10;11,aVF;V5;V6,5,0.9,1,0,0,0,1
5;11,aVF;V6,4,0.5,1,1,1,0,3
5;11,aVF;V6,4,0.6,1,0,1,0,2
5;11,aVF;V6,4,0.7,1,0,1,0,2
5;11,aVF;V6,4,0.8,1,0,0,0,1
5;11,aVF;V6,4,0.9,1,0,0,0,1
6,V1,4,0.5,1,0,1,0,2
6,V1,4,0.6,1,0,1,0,2
6,V1,4,0.7,1,0,1,0,2
6,V1,4,0.8,1,0,1,0,2
6,V1,4,0.9,1,0,0,0,1
6;7,V1;V2,5,0.5,1,1,1,1,4
6;7,V1;V2,5,0.6,1,0,1,0,2
6;7,V1;V2,5,0.7,1,0,1,0,2
6;7,V1;V2,5,0.8,1,0,1,0,2
6;7,V1;V2,5,0.9,1,0,0,0,1
6;7;8,V1;V2;V3,6,0.5,1,1,1,0,3
6;7;8,V1;V2;V3,6,0.6,1,0,1,0,2
6;7;8,V1;V2;V3,6,0.7,1,0,1,0,2
6;7;8,V1;V2;V3,6,0.8,1,0,1,0,2
6;7;8,V1;V2;V3,6,0.9,1,0,0,0,1
6;7;8;9,V1;V2;V3;V4,7,0.5,1,1,1,0,3
6;7;8;9,V1;V2;V3;V4,7,0.6,1,0,1,0,2
6;7;8;9,V1;V2;V3;V4,7,0.7,1,0,1,0,2
6;7;8;9,V1;V2;V3;V4,7,0.8,1,0,1,0,2
6;7;8;9,V1;V2;V3;V4,7,0.9,1,0,0,0,1
6;7;8;9;10,V1;V2;V3;V4;V5,8,0.5,1,1,1,0,3
6;7;8;9;10,V1;V2;V3;V4;V5,8,0.6,1,0,1,0,2
6;7;8;9;10,V1;V2;V3;V4;V5,8,0.7,1,0,1,0,2
6;7;8;9;10,V1;V2;V3;V4;V5,8,0.8,1,0,1,0,2
6;7;8;9;10,V1;V2;V3;V4;V5,8,0.9,1,0,0,0,1
6;7;8;9;10;11,V1;V2;V3;V4;V5;V6,9,0.5,1,1,1,0,3
6;7;8;9;10;11,V1;V2;V3;V4;V5;V6,9,0.6,1,0,1,0,2
6;7;8;9;10;11,V1;V2;V3;V4;V5;V6,9,0.7,1,0,1,0,2
6;7;8;9;10;11,V1;V2;V3;V4;V5;V6,9,0.8,1,0,1,0,2
6;7;8;9;10;11,V1;V2;V3;V4;V5;V6,9,0.9,1,0,0,0,1
6;7;8;9;11,V1;V2;V3;V4;V6,8,0.5,1,1,1,0,3
6;7;8;9;11,V1;V2;V3;V4;V6,8,0.6,1,0,1,0,2
6;7;8;9;11,V1;V2;V3;V4;V6,8,0.7,1,0,1,0,2
6;7;8;9;11,V1;V2;V3;V4;V6,8,0.8,1,0,1,0,2
6;7;8;9;11,V1;V2;V3;V4;V6,8,0.9,1,0,0,0,1
6;7;8;10,V1;V2;V3;V5,7,0.5,1,1,1,0,3
6;7;8;10,V1;V2;V3;V5,7,0.6,1,0,1,0,2
6;7;8;10,V1;V2;V3;V5,7,0.7,1,0,1,0,2
6;7;8;10,V1;V2;V3;V5,7,0.8,1,0,1,0,2
6;7;8;10,V1;V2;V3;V5,7,0.9,1,0,0,0,1
6;7;8;10;11,V1;V2;V3;V5;V6,8,0.5,1,1,1,0,3
6;7;8;10;11,V1;V2;V3;V5;V6,8,0.6,1,0,1,0,2
6;7;8;10;11,V1;V2;V3;V5;V6,8,0.7,1,0,1,0,2
6;7;8;10;11,V1;V2;V3;V5;V6,8,0.8,1,0,1,0,2
6;7;8;10;11,V1;V2;V3;V5;V6,8,0.9,1,0,0,0,1
6;7;8;11,V1;V2;V3;V6,7,0.5,1,1,1,0,3
6;7;8;11,V1;V2;V3;V6,7,0.6,1,0,1,0,2
6;7;8;11,V1;V2;V3;V6,7,0.7,1,0,1,0,2
6;7;8;11,V1;V2;V3;V6,7,0.8,1,0,1,0,2
6;7;8;11,V1;V2;V3;V6,7,0.9,1,0,0,0,1
6;7;9,V1;V2;V4,6,0.5,1,1,1,0,3
6;7;9,V1;V2;V4,6,0.6,1,1,1,0,3
6;7;9,V1;V2;V4,6,0.7,1,0,1,0,2
6;7;9,V1;V2;V4,6,0.8,1,0,1,0,2
6;7;9,V1;V2;V4,6,0.9,1,0,0,0,1
6;7;9;10,V1;V2;V4;V5,7,0.5,1,1,1,0,3
6;7;9;10,V1;V2;V4;V5,7,0.6,1,0,1,0,2
6;7;9;10,V1;V2;V4;V5,7,0.7,1,0,1,0,2
6;7;9;10,V1;V2;V4;V5,7,0.8,1,0,1,0,2
6;7;9;10,V1;V2;V4;V5,7,0.9,1,0,0,0,1
6;7;9;10;11,V1;V2;V4;V5;V6,8,0.5,1,1,1,0,3
6;7;9;10;11,V1;V2;V4;V5;V6,8,0.6,1,0,1,0,2
6;7;9;10;11,V1;V2;V4;V5;V6,8,0.7,1,0,1,0,2
6;7;9;10;11,V1;V2;V4;V5;V6,8,0.8,1,0,1,0,2
6;7;9;10;11,V1;V2;V4;V5;V6,8,0.9,1,0,0,0,1
6;7;9;11,V1;V2;V4;V6,7,0.5,1,1,1,0,3
6;7;9;11,V1;V2;V4;V6,7,0.6,1,1,1,0,3
6;7;9;11,V1;V2;V4;V6,7,0.7,1,0,1,0,2
6;7;9;11,V1;V2;V4;V6,7,0.8,1,0,1,0,2
6;7;9;11,V1;V2;V4;V6,7,0.9,1,0,0,0,1
6;7;10,V1;V2;V5,6,0.5,1,1,1,0,3
6;7;10,V1;V2;V5,6,0.6,1,0,1,0,2
6;7;10,V1;V2;V5,6,0.7,1,0,1,0,2
6;7;10,V1;V2;V5,6,0.8,1,0,1,0,2
6;7;10,V1;V2;V5,6,0.9,1,0,0,0,1
6;7;10;11,V1;V2;V5;V6,7,0.5,1,1,1,0,3
6;7;10;11,V1;V2;V5;V6,7,0.6,1,0,1,0,2
6;7;10;11,V1;V2;V5;V6,7,0.7,1,0,1,0,2
6;7;10;11,V1;V2;V5;V6,7,0.8,1,0,1,0,2
6;7;10;11,V1;V2;V5;V6,7,0.9,1,0,0,0,1
6;7;11,V1;V2;V6,6,0.5,1,1,1,0,3
6;7;11,V1;V2;V6,6,0.6,1,1,1,0,3
6;7;11,V1;V2;V6,6,0.7,1,0,1,0,2
6;7;11,V1;V2;V6,6,0.8,1,0,1,0,2
6;7;11,V1;V2;V6,6,0.9,1,0,0,0,1
6;8,V1;V3,5,0.5,1,1,1,0,3
6;8,V1;V3,5,0.6,1,0,1,0,2
6;8,V1;V3,5,0.7,1,0,1,0,2
6;8,V1;V3,5,0.8,1,0,1,0,2
6;8,V1;V3,5,0.9,1,0,0,0,1
6;8;9,V1;V3;V4,6,0.5,1,1,1,0,3
6;8;9,V1;V3;V4,6,0.6,1,1,1,0,3
6;8;9,V1;V3;V4,6,0.7,1,0,1,0,2
6;8;9,V1;V3;V4,6,0.8,1,0,1,0,2
6;8;9,V1;V3;V4,6,0.9,1,0,0,0,1
6;8;9;10,V1;V3;V4;V5,7,0.5,1,1,1,0,3
6;8;9;10,V1;V3;V4;V5,7,0.6,1,0,1,0,2
6;8;9;10,V1;V3;V4;V5,7,0.7,1,0,1,0,2
6;8;9;10,V1;V3;V4;V5,7,0.8,1,0,1,0,2
6;8;9;10,V1;V3;V4;V5,7,0.9,1,0,0,0,1
6;8;9;10;11,V1;V3;V4;V5;V6,8,0.5,1,1,1,0,3
6;8;9;10;11,V1;V3;V4;V5;V6,8,0.6,1,0,1,0,2
6;8;9;10;11,V1;V3;V4;V5;V6,8,0.7,1,0,1,0,2
6;8;9;10;11,V1;V3;V4;V5;V6,8,0.8,1,0,1,0,2
6;8;9;10;11,V1;V3;V4;V5;V6,8,0.9,1,0,0,0,1
6;8;9;11,V1;V3;V4;V6,7,0.5,1,1,1,0,3
6;8;9;11,V1;V3;V4;V6,7,0.6,1,0,1,0,2
6;8;9;11,V1;V3;V4;V6,7,0.7,1,0,1,0,2
6;8;9;11,V1;V3;V4;V6,7,0.8,1,0,1,0,2
6;8;9;11,V1;V3;V4;V6,7,0.9,1,0,0,0,1
6;8;10,V1;V3;V5,6,0.5,1,1,1,0,3
6;8;10,V1;V3;V5,6,0.6,1,0,1,0,2
6;8;10,V1;V3;V5,6,0.7,1,0,1,0,2
6;8;10,V1;V3;V5,6,0.8,1,0,1,0,2
6;8;10,V1;V3;V5,6,0.9,1,0,0,0,1
6;8;10;11,V1;V3;V5;V6,7,0.5,1,1,1,0,3
6;8;10;11,V1;V3;V5;V6,7,0.6,1,1,1,0,3
6;8;10;11,V1;V3;V5;V6,7,0.7,1,0,1,0,2
6;8;10;11,V1;V3;V5;V6,7,0.8,1,0,1,0,2
6;8;10;11,V1;V3;V5;V6,7,0.9,1,0,0,0,1
6;8;11,V1;V3;V6,6,0.5,1,1,1,0,3
6;8;11,V1;V3;V6,6,0.6,1,0,1,0,2
6;8;11,V1;V3;V6,6,0.7,1,0,1,0,2
6;8;11,V1;V3;V6,6,0.8,1,0,1,0,2
6;8;11,V1;V3;V6,6,0.9,1,0,0,0,1
6;9,V1;V4,5,0.5,1,1,1,0,3
6;9,V1;V4,5,0.6,1,1,1,0,3
6;9,V1;V4,5,0.7,1,0,1,0,2
6;9,V1;V4,5,0.8,1,0,1,0,2
6;9,V1;V4,5,0.9,1,0,0,0,1
6;9;10,V1;V4;V5,6,0.5,1,1,1,0,3
6;9;10,V1;V4;V5,6,0.6,1,1,1,0,3
6;9;10,V1;V4;V5,6,0.7,1,0,1,0,2
6;9;10,V1;V4;V5,6,0.8,1,0,1,0,2
6;9;10,V1;V4;V5,6,0.9,1,0,0,0,1
6;9;10;11,V1;V4;V5;V6,7,0.5,1,1,1,0,3
6;9;10;11,V1;V4;V5;V6,7,0.6,1,1,1,0,3
6;9;10;11,V1;V4;V5;V6,7,0.7,1,0,1,0,2
6;9;10;11,V1;V4;V5;V6,7,0.8,1,0,1,0,2
6;9;10;11,V1;V4;V5;V6,7,0.9,1,0,0,0,1
6;9;11,V1;V4;V6,6,0.5,1,1,1,0,3
6;9;11,V1;V4;V6,6,0.6,1,0,1,0,2
6;9;11,V1;V4;V6,6,0.7,1,0,1,0,2
6;9;11,V1;V4;V6,6,0.8,1,0,1,0,2
6;9;11,V1;V4;V6,6,0.9,1,0,0,0,1
6;10,V1;V5,5,0.5,1,1,1,0,3
6;10,V1;V5,5,0.6,1,0,1,0,2
6;10,V1;V5,5,0.7,1,0,1,0,2
6;10,V1;V5,5,0.8,1,0,1,0,2
6;10,V1;V5,5,0.9,1,0,0,0,1
6;10;11,V1;V5;V6,6,0.5,1,1,1,0,3
6;10;11,V1;V5;V6,6,0.6,1,1,1,0,3
6;10;11,V1;V5;V6,6,0.7,1,0,1,0,2
6;10;11,V1;V5;V6,6,0.8,1,0,1,0,2
6;10;11,V1;V5;V6,6,0.9,1,0,0,0,1
6;11,V1;V6,5,0.5,1,1,1,0,3
6;11,V1;V6,5,0.6,1,1,1,0,3
6;11,V1;V6,5,0.7,1,0,1,0,2
6;11,V1;V6,5,0.8,1,0,1,0,2
6;11,V1;V6,5,0.9,1,0,0,0,1
7,V2,4,0.5,1,0,1,0,2
7,V2,4,0.6,1,0,1,0,2
7,V2,4,0.7,1,0,1,0,2
7,V2,4,0.8,1,0,1,0,2
7,V2,4,0.9,1,0,0,0,1
7;8,V2;V3,5,0.5,1,1,1,0,3
7;8,V2;V3,5,0.6,1,0,1,0,2
7;8,V2;V3,5,0.7,1,0,1,0,2
7;8,V2;V3,5,0.8,1,0,1,0,2
7;8,V2;V3,5,0.9,1,0,0,0,1
7;8;9,V2;V3;V4,6,0.5,1,1,1,0,3
7;8;9,V2;V3;V4,6,0.6,1,0,1,0,2
7;8;9,V2;V3;V4,6,0.7,1,0,1,0,2
7;8;9,V2;V3;V4,6,0.8,1,0,1,0,2
7;8;9,V2;V3;V4,6,0.9,1,0,0,0,1
7;8;9;10,V2;V3;V4;V5,7,0.5,1,1,1,0,3
7;8;9;10,V2;V3;V4;V5,7,0.6,1,0,1,0,2
7;8;9;10,V2;V3;V4;V5,7,0.7,1,0,1,0,2
7;8;9;10,V2;V3;V4;V5,7,0.8,1,0,0,0,1
7;8;9;10,V2;V3;V4;V5,7,0.9,1,0,0,0,1
7;8;9;10;11,V2;V3;V4;V5;V6,8,0.5,1,1,1,0,3
7;8;9;10;11,V2;V3;V4;V5;V6,8,0.6,1,0,1,0,2
7;8;9;10;11,V2;V3;V4;V5;V6,8,0.7,1,0,1,0,2
7;8;9;10;11,V2;V3;V4;V5;V6,8,0.8,1,0,0,0,1
7;8;9;10;11,V2;V3;V4;V5;V6,8,0.9,1,0,0,0,1
7;8;9;11,V2;V3;V4;V6,7,0.5,1,1,1,0,3
7;8;9;11,V2;V3;V4;V6,7,0.6,1,1,1,0,3
7;8;9;11,V2;V3;V4;V6,7,0.7,1,0,1,0,2
7;8;9;11,V2;V3;V4;V6,7,0.8,1,0,1,0,2
7;8;9;11,V2;V3;V4;V6,7,0.9,1,0,0,0,1
7;8;10,V2;V3;V5,6,0.5,1,1,1,0,3
7;8;10,V2;V3;V5,6,0.6,1,0,1,0,2
7;8;10,V2;V3;V5,6,0.7,1,0,1,0,2
7;8;10,V2;V3;V5,6,0.8,1,0,0,0,1
7;8;10,V2;V3;V5,6,0.9,1,0,0,0,1
7;8;10;11,V2;V3;V5;V6,7,0.5,1,1,1,0,3
7;8;10;11,V2;V3;V5;V6,7,0.6,1,0,1,0,2
7;8;10;11,V2;V3;V5;V6,7,0.7,1,0,1,0,2
7;8;10;11,V2;V3;V5;V6,7,0.8,1,0,1,0,2
7;8;10;11,V2;V3;V5;V6,7,0.9,1,0,0,0,1
7;8;11,V2;V3;V6,6,0.5,1,1,1,0,3
7;8;11,V2;V3;V6,6,0.6,1,1,1,0,3
7;8;11,V2;V3;V6,6,0.7,1,0,1,0,2
7;8;11,V2;V3;V6,6,0.8,1,0,1,0,2
7;8;11,V2;V3;V6,6,0.9,1,0,0,0,1
7;9,V2;V4,5,0.5,1,1,1,0,3
7;9,V2;V4,5,0.6,1,0,1,0,2
7;9,V2;V4,5,0.7,1,0,1,0,2
7;9,V2;V4,5,0.8,1,0,1,0,2
7;9,V2;V4,5,0.9,1,0,0,0,1
7;9;10,V2;V4;V5,6,0.5,1,1,1,0,3
7;9;10,V2;V4;V5,6,0.6,1,0,1,0,2
7;9;10,V2;V4;V5,6,0.7,1,0,1,0,2
7;9;10,V2;V4;V5,6,0.8,1,0,0,0,1
7;9;10,V2;V4;V5,6,0.9,1,0,0,0,1
7;9;10;11,V2;V4;V5;V6,7,0.5,1,1,1,0,3
7;9;10;11,V2;V4;V5;V6,7,0.6,1,0,1,0,2
7;9;10;11,V2;V4;V5;V6,7,0.7,1,0,1,0,2
7;9;10;11,V2;V4;V5;V6,7,0.8,1,0,0,0,1
7;9;10;11,V2;V4;V5;V6,7,0.9,1,0,0,0,1
7;9;11,V2;V4;V6,6,0.5,1,1,1,0,3
7;9;11,V2;V4;V6,6,0.6,1,0,1,0,2
7;9;11,V2;V4;V6,6,0.7,1,0,1,0,2
7;9;11,V2;V4;V6,6,0.8,1,0,1,0,2
7;9;11,V2;V4;V6,6,0.9,1,0,0,0,1
7;10,V2;V5,5,0.5,1,1,1,0,3
7;10,V2;V5,5,0.6,1,0,1,0,2
7;10,V2;V5,5,0.7,1,0,1,0,2
7;10,V2;V5,5,0.8,1,0,0,0,1
7;10,V2;V5,5,0.9,1,0,0,0,1
7;10;11,V2;V5;V6,6,0.5,1,1,1,0,3
7;10;11,V2;V5;V6,6,0.6,1,0,1,0,2
7;10;11,V2;V5;V6,6,0.7,1,0,1,0,2
7;10;11,V2;V5;V6,6,0.8,1,0,0,0,1
7;10;11,V2;V5;V6,6,0.9,1,0,0,0,1
7;11,V2;V6,5,0.5,1,1,1,0,3
7;11,V2;V6,5,0.6,1,0,1,0,2
7;11,V2;V6,5,0.7,1,0,1,0,2
7;11,V2;V6,5,0.8,1,0,1,0,2
7;11,V2;V6,5,0.9,1,0,0,0,1
8,V3,4,0.5,1,1,1,0,3
8,V3,4,0.6,1,0,1,0,2
8,V3,4,0.7,1,0,1,0,2
8,V3,4,0.8,1,0,0,0,1
8,V3,4,0.9,1,0,0,0,1
8;9,V3;V4,5,0.5,1,1,1,0,3
8;9,V3;V4,5,0.6,1,0,1,0,2
8;9,V3;V4,5,0.7,1,0,1,0,2
8;9,V3;V4,5,0.8,1,0,1,0,2
8;9,V3;V4,5,0.9,1,0,0,0,1
8;9;10,V3;V4;V5,6,0.5,1,1,1,0,3
8;9;10,V3;V4;V5,6,0.6,1,0,1,0,2
8;9;10,V3;V4;V5,6,0.7,1,0,1,0,2
8;9;10,V3;V4;V5,6,0.8,1,0,0,0,1
8;9;10,V3;V4;V5,6,0.9,1,0,0,0,1
8;9;10;11,V3;V4;V5;V6,7,0.5,1,1,1,0,3
8;9;10;11,V3;V4;V5;V6,7,0.6,1,0,1,0,2
8;9;10;11,V3;V4;V5;V6,7,0.7,1,0,1,0,2
8;9;10;11,V3;V4;V5;V6,7,0.8,1,0,0,0,1
8;9;10;11,V3;V4;V5;V6,7,0.9,1,0,0,0,1
8;9;11,V3;V4;V6,6,0.5,1,1,1,0,3
8;9;11,V3;V4;V6,6,0.6,1,0,1,0,2
8;9;11,V3;V4;V6,6,0.7,1,0,1,0,2
8;9;11,V3;V4;V6,6,0.8,1,0,1,0,2
8;9;11,V3;V4;V6,6,0.9,1,0,0,0,1
8;10,V3;V5,5,0.5,1,1,1,0,3
8;10,V3;V5,5,0.6,1,0,1,0,2
8;10,V3;V5,5,0.7,1,0,1,0,2
8;10,V3;V5,5,0.8,1,0,0,0,1
8;10,V3;V5,5,0.9,1,0,0,0,1
8;10;11,V3;V5;V6,6,0.5,1,1,1,0,3
8;10;11,V3;V5;V6,6,0.6,1,0,1,0,2
8;10;11,V3;V5;V6,6,0.7,1,0,1,0,2
8;10;11,V3;V5;V6,6,0.8,1,0,0,0,1
8;10;11,V3;V5;V6,6,0.9,1,0,0,0,1
8;11,V3;V6,5,0.5,1,1,1,0,3
8;11,V3;V6,5,0.6,1,0,1,0,2
8;11,V3;V6,5,0.7,1,0,1,0,2
8;11,V3;V6,5,0.8,1,0,1,0,2
8;11,V3;V6,5,0.9,1,0,0,0,1
9,V4,4,0.5,1,1,1,0,3
9,V4,4,0.6,1,0,1,0,2
9,V4,4,0.7,1,0,1,0,2
9,V4,4,0.8,1,0,0,0,1
9,V4,4,0.9,1,0,0,0,1
9;10,V4;V5,5,0.5,1,1,1,0,3
9;10,V4;V5,5,0.6,1,0,1,0,2
9;10,V4;V5,5,0.7,1,0,1,0,2
9;10,V4;V5,5,0.8,1,0,0,0,1
9;10,V4;V5,5,0.9,1,0,0,0,1
9;10;11,V4;V5;V6,6,0.5,1,1,1,0,3
9;10;11,V4;V5;V6,6,0.6,1,0,1,0,2
9;10;11,V4;V5;V6,6,0.7,1,0,1,0,2
9;10;11,V4;V5;V6,6,0.8,1,0,0,0,1
9;10;11,V4;V5;V6,6,0.9,1,0,0,0,1
9;11,V4;V6,5,0.5,1,1,1,0,3
9;11,V4;V6,5,0.6,1,0,1,0,2
9;11,V4;V6,5,0.7,1,0,1,0,2
9;11,V4;V6,5,0.8,1,0,0,0,1
9;11,V4;V6,5,0.9,1,0,0,0,1
10,V5,4,0.5,1,1,1,0,3
10,V5,4,0.6,1,1,1,0,3
10,V5,4,0.7,1,0,1,0,2
10,V5,4,0.8,1,0,0,0,1
10,V5,4,0.9,1,0,0,0,1
10;11,V5;V6,5,0.5,1,1,1,0,3
10;11,V5;V6,5,0.6,1,0,1,0,2
10;11,V5;V6,5,0.7,1,0,1,0,2
10;11,V5;V6,5,0.8,1,0,0,0,1
10;11,V5;V6,5,0.9,1,0,0,0,1
11,V6,4,0.5,1,1,1,0,3
11,V6,4,0.6,1,0,1,0,2
11,V6,4,0.7,1,0,1,0,2
11,V6,4,0.8,1,0,0,0,1
11,V6,4,0.9,1,0,0,0,1
