record_id,seconds,header_sha256
A0001,15.0,bfcdff1e8e1f7e96609eb4bfbc2cd68fe4652f41fccd5052f032bfb3d57d69f8
A0002,10.0,c8e8953dfa2fad3d8fc147e4786cf438309d3f8d18cc047f02e6d219cb6b4de3
A0003,10.0,fd47cab61bb56251489065c75a5e70c36cec935814b954b08e3b54feb7aa3d07
A0004,11.948,a3307741939ba5cd0777c11393d66dddef7c4b9df6ac27a267344e3114bcf07a
A0005,25.0,85093ddf7d28fdef7da060b7e1343b1ce00cc1948ef6485ccd75f443f92a9bcb
A0006,14.0,2547fd2b5256f99ac006104e3a78cf10fb9dfaaa156ecc4b005a318be94c50de
A0007,10.0,40f85d5f62b0bbb34fa6d4d1f6e1beba7ec3a66e108543f5daafd9ad68d06a5e
A0008,15.176,c0b9a929aeecedab44285fdac553fb7fa2045aeeffb28b41744a8b0696d71103
A0009,16.0,aa39e81f67037f8d3643cd6f9ec29f5e4a380eb67f443968de35e5d910a60796
A0010,10.0,c3b7ac9df9ded6960f09aa41de4aaab96585c32de60e9948e91d44f293f7a026
A0011,36.0,aeb0810bc80e64889100e4ee2d854ca13c8622080875ff8e7181795fedae7e63
A0012,16.792,dd222fe32314457efde3936058c754c4cf9c0c2c0c2cdff723a9c276d3f733c0
A0013,16.888,35b7754eae0d57770434ac178792ce2155bc12a0c8d9afcd0c4fb4cb9351ff79
A0014,15.74,eb93ea5eba1f37f26456375d8bb9ca5968715454b673de16d0cbc29fbd7fd959
A0015,25.0,67890a4aa6e71fbdc0d45ff1740d79f7b528118ede49cd10bd0f287b969bf93d
A0016,20.0,f89637277bcec52ae934c154cc2dafb1a7d6438cc9a561fa2a7a33cc33fb3e7c
A0017,44.996,38dab6a5dacb42bba16541773fafc694852afcab172f4d2f7ccd6abadfe00443
A0018,50.358,4b8f5161abc0a7ce837d3eded047227b863cdf1642b8af51d9f7911c1ed11fc5
A0019,10.994,ac749c8f4109b6822362cfe57c0c59bbcca37ee3f519f361d48ea119f99efa88
A0020,17.0,7099ed5bafcc86b1258115e30b4919e7ee33e3bf3b13efc3cf393fbe06864fbf
A0021,10.0,5aa174e531ef7d58be1b8d16c035eadd62095611f9651e167381a8ef7cd68990
A0022,27.0,357f8925366d9e7fdcd793508d9048e2a499ba26feafc09253a05f1bac04a13a
A0023,10.0,1692d8f2fded974205dda811cb2cb57a29d11900f37aef1a0c490a56ab57658a
A0024,23.0,b611df08e3daea63b8bb6486fc81788bb3e46efabb1ea05de6cca6ac4b47ac52
A0025,10.0,1e5be3c23dcfc3453e09431e0b1fda7edca50de223f69310cb54acffa0e61858
A0026,11.0,39730d4a50d22ec369471c653d09df26c55b823dbfb952de51126213d353c047
A0027,10.0,307ee4b81cbae2b5f67d9c8def0ab632a7202232c6fa1f1b9158c938b05e474b
A0028,10.0,630c204c867cbd913a3bf2e67881ba702e677ebf186f748a5641d4e739d278db
A0029,10.0,81ae771c55bbc40006038962a9f8ac1d1af6c96b072eb3aa130364dd7a275d20
A0030,12.0,a445b33693853c1d7a2e50cd065057ca4a981ef96883164c7a5e0d33696b8f6e
A0031,22.0,1100aacca5fbfdef7b3267b332324f61e59210348875f8084d5959ec623d8cb3
A0032,20.0,3c22aa0cc87ce6f21c57b88660654cce8dbf437671494ca93a7fbee46486cf09
A0033,10.554,75463e5d8639dc873f8b49451257fec02470f4de983ccc69b9d1b95d7d4bc43a
A0034,10.0,c552c370e611dd28d4165f2666f8e5671fc03832241fd7201603c47eb8cb6bd9
A0035,11.0,c22ffe405402dd26b5d1c622f9f5e4f145ea6001d12b3d6a9603fb8541100226
A0036,31.374,048d14f68157630a639b1f276d007b5c46d40dd217b96f47cf8d2fd8169c04b0
A0037,10.0,31ba4770252ad41fd969cb71febeba333cb896fb8f49f2f435e822cb3c67a6c1
A0038,10.568,eb33383878da46738be7382ae92f9a85b6f5aa0bb86a8ee0c441e7f276e6b1da
A0039,10.0,a974c43ae27206cbaf680789ab33cd36454259f9ee5a0f0c17b5926b3e0db32b
A0040,31.0,6b8deea4e824faed1b1d5e15387de6a70a8bf389decb5987f830e1696faa5e30
A0041,10.0,cbddffe0de4ee5532bff085556a94119f5331238a976ec34ce27040a7e207375
A0042,12.0,f973a7d4b326a4e5bb541aa142d092a02dcc983abbd7355ac426fc008581240f
A0043,15.0,3f7653a7820162a03fbd4e057d1cf0a92afce1f270941964d06d0a96da61f032
A0044,10.0,e954657d4fa020fdbcefd1318a3b5a3583fa3beef32160c8f2db1211727180e4
A0045,10.0,8346ff8f4ab6c375e6ac74f1695f60232f2ceded268a75ca37652e3399d5b83b
A0046,35.596,88e6f407e9e1a7b7fc72b81f352bce3159c05177c15e60c511284c3a18cbe34d
A0047,19.042,baaa8a4e0152ac76c07991e46a2d878b4d34fe4b11f42c882926eb6bab488ef0
A0048,11.614,e51289a24b3b98ff25a5bc0b3b455dc28c4ffed6b941e50c657a85b3cc4f5be6
A0049,10.0,ff44679fa19fdb624c45a9a5d058307152a6814a914f76e66ab9abea598f307a
A0050,13.546,9e6c08166c4d88173dbb8fed4307512a4052ba7773e56f2056b98e1f742861a2
A0051,10.0,369403e8cdc423f9c5f00b14eebf8995d6b57d361d6d9001838fcde8dd648564
A0052,10.0,f65830d2056a92e0c2787d56468f135d5ccef22e41902a9906c2cd86f678605d
A0053,10.0,4da7aa73c98f3f23e5b6835e91ccdc6126e2c64a2a61bc09bb7be2ecffb7ea37
A0054,11.0,3194b0a37eaac1aee5dad4f8758902e5c90fb322b586b66f2078c0dd19e90339
A0055,46.58,a5400d29ac6140c7021277055c718e4a81d5fabd9f66aadc0321db457f89bd20
A0056,10.8,7338fc454bf9b390cf33430f4be983ea10cc6e28e03ed4647fdd4d5b7feaf0c5
A0057,17.0,279ee75d5cc6bad8e9492812f9a51757c0ae8741c1ad2d9a491224cb57911422
A0058,46.1,f43412bc2300e7bce0fabef6d38d7b2ecbe88232bdccef90c623f558cc2eef31
A0059,20.0,43d7f5bf4ecb489686f4b4e3e85b651b0a464cfb1dcdfc438a8eb1027d308dea
A0060,11.406,e3832afd09f30620c3bdaff8579f672f908871be5ae44c50b53402ccc966c58b
A0061,10.0,032fd7228989e05321188fea6f7d21716e58a4d7cf20ec1210d00937d2f74703
A0062,30.298,6bae7b195cee6120686cff0902e24a532884bd472fa82feb1dc9f3180b183c28
A0063,12.758,c44e2524d1b87c28d5c6ca692f2660d182c76ecedce81bda12462a6101d38588
A0064,10.0,88c06a3bbb2d88328e9b72eb125bdb1431cf1f6f36874b3e31189c0e67c93d3b
A0065,11.0,3f8a1ea9d22dd04f75118d53f87d24c39c03db6ade2367a27b9d1adaaedb9ec8
A0066,10.0,a3cb742fc937bae77fe320db80797d46c39f7837d18b0a9d23720aad33e64496
A0067,18.0,0ff27b5f50872cb1fba524bd057677fcc45d8dde23d46cd057926820b92b28cc
A0068,10.0,f34a2a44e9b988044373a334d9e6eba459afeccda965dfbb5221f33324776ca0
A0069,41.302,4bf9460632d951e6986229e13316fd9ba633b098fc2120617c5e6854e8556238
A0070,12.0,a7507d61ec78baf5bb6a53c09a733aa365acd81ca4a016fa83419fbe565959c4
A0071,17.0,408c9f6f5787ff9e7e94dbb64c399aca4061a9d0c147b900b508e9b9a37c6606
A0072,16.0,b820cc02fb95cdb22aa8ce3cb96070475b3eda945b47e271509bdbd921483f80
A0073,10.0,136cb3475323af8a0ca460be8f0d451f70798763b391729d0d23e249da628692
A0074,10.0,286c028a86724250ebbabfaf2b954a7f09dc61731082c3ebb63146d0fda99bfc
A0075,10.0,51452a742f6c06aeeb277aa36f06051f2558438402c850cec177c6413d481c7a
A0076,27.0,686b48988543bab32742677a6c714f97d6d79dd9644a1d48fe35ef4a048de85d
A0077,15.0,3f9a551eb4134d32997c6467f272e7f6f5180c99851c2cde566373dea8e2e99b
A0078,10.0,e85d6d67113deed67a36fbe0ff76a16d34dcd08a4194d75a4dd0756180aedd28
A0079,10.0,0529295471a437fc8b26b9acc03bc325529e0e54322ae111261cd3fb6c381664
A0080,50.54,be65310e822f41306ccdcb400b54b8749d71a65fddbab5d9c448949f2974f165
A0081,13.0,fb4ab42e5e4dbefb4553ea57d2655235bfa76477c19045d2f2873e3b53f7826d
A0082,12.376,02eaa58f0bea460bdd1daab84337e51aa6e00ff3b929ac59a7dbf62b5f363da6
A0083,10.0,0509f6c31bf74edc29745eafa906436a08eda539da2d6fc0f2068f2c136cc65c
A0084,57.112,fbdcc9aca4229e826e3957276d43876ff2b202685f5945b3daa1c15d31e458a6
A0085,11.316,4c052cda9248f98ed7333f4e0cfd53b31cb8338ca72dcdcc417229de31fedb9c
A0086,15.0,c9bc49d78bec941614b80c3e67cdf8b0e30c476275c9d0c0a73a734b5c35a1b0
A0087,13.0,4ff8fb03778696001b902943dc832ee3e1264766d5498e21b20db1a0bb3efb73
A0088,10.0,8bc04173b4a975e831a7f13312c0b4cf9e074e38ec019e71680277eada9beca5
A0089,10.0,b359e5bcc3d5931d51c48cf0d748b4a40a6e5da68a37080d9e6be2a18b81694a
A0090,10.0,c6462a2d445c69c5944515ae6370440ff2dbed2ab49a8cebfc2b2310e5aa29af
A0091,15.0,2e8856b95da85a88d9210f3cc605e85acc163ee5e01998e3aeaaac0b7d0a0eaf
A0092,14.136,d74b68b3edd5430a860c4677ff996aa76dfa7e92db2f967fa2fa6f0d386c07f4
A0093,10.0,0765de03b11dfd97166fe905d36cea9b7afe24aaaad4afd3e7950b79b71d9e83
A0094,14.0,6be1d74fda71c94ae3b6b3c67db90a464383046f56ea77ced6834125b51da63f
A0095,12.0,b8efd004a1469ea63695b3f7fcf2ebaa1bbba327d9fd91df004590fcf74d7745
A0096,35.212,977764de78a83d73e787fcd54395dedfe00ad57b7e3b6054c823ff863c505304
A0097,14.01,434365c4f87d303930f3402004d37a67b8c997cbee7b3fd2876d94a602b3e3e6
A0098,18.0,6a3d7179bb939bba4eb98d86649c08c8cac8675e1625a80aa913c52fe5e4c6b2
A0099,20.0,040e8b1df725ff8dc78004a884d3d47da2599d69624c59bc6c3adfc67cc5e525
A0100,10.0,b85512686ae4b71f76a6f68a45c74282ce0a224acbf55dd614d355058a96b060
A0101,10.0,4b65ca9a7c243e3d5c76e6937711a34cc196c1682c7b6adc72bfe4a3d0d13119
A0102,10.0,e0317827d0f0ce2807b72324744923d76486e63ee878bc38f9d5809908a7d0f5
A0103,20.0,df658c5b83bd13c1ec7b850667b53385394fe13cf10bd0685bf545d363c136ac
A0104,12.422,ad3ae168b12571efb12afac8d56b5cc54f77cacd6bc5edd5adeee948816e921f
A0105,12.0,32360b8f109a3c503b6d53251c319ad2163c28bd9db91fe0729a8bbc0b93a9c7
A0106,10.0,0d8c5c680d65163b91e6f033f487de57b6721eb14ab6c1e7bb21538122ef5444
A0107,10.0,fefe707c0655ff8294c485fdae1e73de4658a59f148620bc0936ee8001b3d722
A0108,13.0,3224859d75bd1cbf14f9d6f27ef946cc426d85ed4ba8853b5dcc415846e18c0c
A0109,10.0,088d57b37236e2832d6d665bf6e19657fefa45935b7c546c2ed1bd2908ef6063
A0110,15.0,6428595a3672fa2d5bccf3bb22ae41c78b4244033a027df1482a4ad4a378fb86
A0111,31.0,3849fb61a86abfda6408bc30021d62b3a6688246868fdd79bdf6bde4bc6b8fc5
A0112,10.0,7ded2ac65de265022879af7cc7bcffdac9abbdcb00b7a2f86be0cf98cb19de02
A0113,60.0,bc8cfc6782b4a0e11101adad39784690df59978347e5f9317599d90eb97237a6
A0114,10.49,2811927133fa5348859c75401d3711f216be964f03f2069e53cbcd6d533838ab
A0115,29.68,fe7655a72612f13342ef75088c09df870d810a9903740f73846807734ff578c6
A0116,27.0,d2b8645873a7fcf546a2b177bcf1c892f0a385f42c29e4557c8e72cafdffbb45
A0117,10.0,caf2752a965079423510d2b654d4d3ff21bb6c5e324e170d946cf7688b87a671
A0118,15.966,40ff110053948f0bc254fa82e419c40dd3bcac6cda82217d545f229907bfe781
A0119,12.0,ad69f99a84a4741281fc5c350e9cbdedcf320ad409c14a02c1b8d3feddd8842a
A0120,11.0,431758c2e189b17f3967075505e353fda44b15e95ff729758241da81caa87869
A0121,10.0,db85730c631cda0cc48ae62928a5e7cc052dadc084b506b3a84cac1834f6df83
A0122,37.0,a001e3c7ba9b4ca9a93f47480124d8d985dc74cb081d750af6a6b1ebaa983f76
A0123,10.0,91736d2f157efe7e55449185149a34daaab7a05bf2e5c64f6667e1b2c6012e6a
A0124,12.0,1e160239b74091e3bad41baa6c560d1def91da641e06c2d11c30f837fb485c67
A0125,12.0,02df25435fcf04b629692cd94ea058965be6c9f6b28ab58b72b3e7131a2136c3
A0126,14.542,8315f88d2deffe5f920c79aeee3f365b737b2a75b4ef77a552bcb16998e64e04
A0127,18.028,6c73140f54f1a917a3009a8b48f5a90d182e60fd514e08687edf28de5a0ccead
A0128,12.25,017f9bcdc85b82cef75412f467a05692c7c056de52d2f125121da4a972993b8e
A0129,15.708,321c3b8440c35f568db0d2b516bdc46fb75c43b7a27d816ce5b696d47d401d13
A0130,10.0,ef7308c4e3ab0ae703761b0fc168fec43b8610e79f06b1db632299b86e979bbe
A0131,10.0,eb50479873dc86d1f96b7835bfebb168d55efc2aee361dc233e8b3c1bc4de556
A0132,10.0,052a3a934789a61d69574bdcaeadd08616437b9b87f753a578393a9608701638
A0133,20.0,92e703dc4bd384f2c8fa96174eb56eab43fcf9ab98ed83e82c4326bf18b696c2
A0134,13.0,6ae01bb0128fe5c0953a9d6fff5e329c631b38abb775bedaffefbfdd3d096c36
A0135,10.0,10140509523897cce19b449526888d8c84d85acae09320640aa67df6b9e40181
A0136,14.118,82838a462fb23e659776d2c17c8163a99baa30cdb0f6a2f6f62dd5f9a379c7ef
A0137,10.0,5fcdc94a67da512b9ac8e2ebe370ea6def3af5fd801846eff05c57ff88cdf088
A0138,12.076,1519bf03e43ffc470511b4b3eb1eea4f9501a16ef9b2379a2e71a753a495d93b
A0139,13.336,f17b40309c72ce6b9a4e3b4b2325bf078fcb8c6abe58cd857f43faee6653c168
A0140,12.654,d03ff33ad62e1b620d81f0e31e1722b2785c52e38c9082cc091dd5763939621e
A0141,26.922,b478e8456d41734b29a0d06b3bf2ccd651775de7cad36c0e93cc9d0a90ca56d0
A0142,15.0,583dcfbd835e84203fb10b3463cd0a799284cffaccdbcdfdd6a03e7924da2081
A0143,22.0,3dad2678190a37d3c962ab12d571433a611927fd9ea01588382b0abf6a604d19
A0144,10.0,4070fe002177e37bdcecd4175937611311551efe9139623d66dde1876459dfcd
A0145,41.0,4886af55426b4123a369dd8e14fc48b41d11f6b25c520cdc4f0f8c1a96ae93b9
A0146,13.998,a567eb55bd21102c129462b61c41f390d40574713dc3d38659b61f45df507e22
A0147,17.49,3ea647b6b33475a7d60a44ad6b741b800a7c6023ba1c499bb2bebf026e6085e6
A0148,20.0,bbc094dfe6f7ebf661558bf391f0c16adf909a29c23f64ed31283746eb2da339
A0149,15.0,0ff2faa72fbc9fb20dd667487558ce9d58ac2c51835495c6f0cae19bfef9aa10
A0150,16.0,f1248152825a8690d37609b306ecb001b168ca8dbabe59b18ec0ac7362390ef0
A0151,18.354,7b26244d32250437bf9bce7c1da93111463a0e1679a6119f0391ac5120f92b57
A0152,10.984,ccd95266a1f8d88272f838f9932e3c6e8d9f388fcf17c8cabcc0571150c1db93
A0153,15.0,9ff556cafb4dae4bde2b9c0523db64fd131fc9327a7725d33f9a3c51293d89b8
A0154,11.924,bd62d3a7925e778be507ed63499883a64139a8ceaf08a2e80f273d6220a32351
A0155,10.0,84deb2a446c6ff1c38be6dc9eb0d275f2ab292e9f4e418bc0a53fabeea9bd750
A0156,12.414,aa5c665b202fa80f15a01b5c9be8e64f8988975783e789dc25be5415f64a9373
A0157,13.0,f79e66fb9635809c1d098b518b94aebb537081eb03f2b8cc8b11b19554030ddf
A0158,15.464,9b071a668424dc1d9aa7584e587a452329e0bb0cdf3c31c0bc67d6c09bde5b79
A0159,35.784,212950563e882ea8c288251d60ebdab20dd7a69b860e8103b71e9fcfbbcca6f9
A0160,11.596,451bae323c2ffc36e841670935468f0fdfa3f75f878a9d27fa0b46abe71d5c0a
A0161,10.0,7e6cdf612db9cf8df28bd1c3c96c669ae02e38d711a7801f7a51c8b632c2fdf8
A0162,10.0,7c9334b3107e118857c98d3e770e28f9ae8b6a62027001a641538d61082e3d8c
A0163,26.464,d1061daf087c1fbab3f6232cac507790de5d3cf26e9e37150732032b62997884
A0164,10.0,2c463a666c2ab8c1d820c79c5fd6d878102fb9defc82c4c346ce28a0c0aa4172
A0165,10.0,57289acf373dcd87c46699cab136aff753c1b97807fcceba7c00846097d349e5
A0166,64.0,157ea494daa01083ce985fac5887b1bfa2b2b6cb57ff088c67c75637838fdb58
A0167,10.0,f6ef51ac74b52d9706e614c76cea7e6db5fd3774c074b3a0256f35b5c38c7818
A0168,10.0,7538729fec3cf76ad3d4ea98300b719bc41d3b8572124ea919a2e3e3303e2e1e
A0169,10.0,45d0f50a1a0cf5a2eac70e473a3d1f73f549227d6ced7caf39f739556a96e2cc
A0170,13.0,0d4261abf9ffe0ba288e74999344af186cdf260ee3961818c3dd2f9f7561dadf
A0171,14.0,5b02c7be9129affc33cf67899e245a4873881c3e0b0f37d8e19cbf3c3c455659
A0172,11.034,b1557f7f43c279a9d39ee8be22fe19e8ddeb75223c3a9dcf2a1be12a5fe3d181
A0173,41.56,3cb1716c5c13a13d6cdfe37b0b3b0056ed3daf983dd813ba6ae495cf2f0744df
A0174,11.0,5cedf854fda30e07ae01c13a5789a4f1e9d916ec7d570001c4785fb82ce1aa2c
A0175,20.0,a000fee9e3869320f294d345685fb77b0558fcffc3c880d1c1bc815184813fa1
A0176,10.0,e80e2f857c945fc865157fca004271454848b792343ea0ab06511b7dee7f9049
A0177,34.462,d5402dbe7a182402900fa1beaf6fa53db279ba45da27d2d3cb440552edf67099
A0178,10.0,dfa17391880ab2e29d79005a4269ff59f4443a593847f9e5410c3701c1b65acd
A0179,14.0,77e486b9dbe9d622628df776a2b41d7b3620c9b47df797faae53170f8a244aa6
A0180,10.0,75b8562da06619550408d38cab1c4a65aa72187ea6ff57996275a00d78b682f1
A0181,11.748,7ea85a169eeef4b3f7a01fb25cf37998c7e0556b31a1590c9a62215b6dbb061a
A0182,18.0,0bcb693b6e479d265a080c256ee183b13df0840bbf63babf95a18be2697e5e5e
A0183,42.704,849d7ccfeba60a35706d352512311c0f20e4c4d885c29ebe103b56d3409bbeb8
A0184,23.0,16c86c828cac5bec1c2a67455d30e6eb0a057363bc793f54c7f231b3578af729
A0185,22.0,1e672fb5884966ba03b8ba52e7831fd0900ddfb00b132c174f168793d6ac6938
A0186,12.0,69b0263a246086897e15a84d52d3c8779fed45e92159c9afae7f431278982393
A0187,10.388,863c0c317b70dbc3227668795e523228dd09f1ebb7667d2a082b3039c86e90f6
A0188,18.0,f722d3e5e5500ac5f135a8532e5044868c7fc923174e64468e0642e98d768875
A0189,10.0,ab70435236fedced8561cc8b2ba0b37fd724922e6c12fc0cf3e801cc4b20875e
A0190,20.0,a9365e5e7cce95c792829029c7489bb48701fa9ec810dfa9956fd4a378143216
A0191,12.374,07e6880265f445bbccd27eb26497e62f0a526f608cb0e7f9dc0750a3df6422bc
A0192,10.0,8cd0b7f09beb2086ae9a6f879becebe384141697a8a68541f2de0e74d909ce27
A0193,10.0,71bec30fe18a24aa340a8f92bb7f74760c2e3b2adb0f140a2940dfc114b84567
A0194,14.732,0f7c25418e048bfcd5fa9b71572aa410f62d701680f7b690c0186c254f3cc5d0
A0195,11.464,97459ae417439e335fbfea56acb48423d600ebe0ef04e51536d91484bec8a450
A0196,13.05,ed003035f9e5603f734d583db6b4e61b94f20cf92590c08b783b532449d3c096
A0197,10.0,721c5028b2e7cb80641062f0818512dc76df988a0e2c344b43dc152246e1a5f0
A0198,10.0,831444968d60ece634f436437ce76349fecf0e583888668b1a92cf246a7d8923
A0199,10.0,2b351a21b48b8864382772cdb3b6083ab8139c52fc363676661bac3f2455c03b
A0200,12.112,3e5b1031f459627ff8413a4c773c53b77f8f249a40dfb0796bc7e77640416e16
A0201,15.0,14bc5de231a4e013ecec870a77403e98599207e254045f10a6268e56cf9e62b6
A0202,10.55,9d6f867e25eb6e7e7dbb788009bd899adc889d09643c4ba64b13bf1f1c3fd18d
A0203,16.532,29749738f49e97003fe476fd74880f41b4ac1ab4fbbf9b1ff3874c068cf1c2de
A0204,28.0,579b15908f7beb3ec85b0b257a1c3d62c6d2f27daa37e64addb6a1d1d8bc003d
A0205,12.0,60d01f30769a39eb3ec370cff4363cfd85cda2ec415ac742b2f2dfd86bedfeed
A0206,20.0,3d5927f64446bb8ffef79865e707e2de59f76a5b3f9c9866d275bae755b12bb7
A0207,10.0,0b703c2177e8a650b212cc6d25b94c767d0057cbedfaa545c494b059a9690920
A0208,15.0,38ab2d744eb3567adbbdbfd8a948591fcfabf7f770259a94e74aa349a19ddcf2
A0209,13.0,9fde23c876d1c9c02c53610eb779fa1a484a9db66a29ce60c04e1a55d62eb4aa
A0210,15.0,bfd8d2d4f8cfc6d8bea3e82f17af1b47d506620e4175fcbd0ea0006e6c9127de
A0211,14.0,18b59cf9a60c5c596e07464afcf68b645682d8cf158fa7e9449f33cd9433cebc
A0212,28.0,e9825974d00ed04a8faf9f1c4f8a695bf5d1f499928ef15a08484f7f784f8218
A0213,20.0,6be42a0ebdabc6e407000a924802748c7a130f1f2c7f2c29b4dba89792c7d339
A0214,28.0,8971a73bfd9ad1a9ef8195a5ee44ae62f3acb6e5ef8e77d3c31e14d6a742ceee
A0215,10.0,5523644d65385674a22e89787e893ca348ce551d450ec16005e23660f43b9800
A0216,10.596,f636a659e84073700d6b8364a8bb1aaff60c31a4131ef6208a875da5441bca53
A0217,10.0,c8cb5f3e2b129c3cec22927cf73f722e60f388de7b434553b2bda42b7114ede7
A0218,10.0,e95ecc1df881be37987f1af6cba683ff50eee69d507760fb976e1c3059cb225f
A0219,11.968,5ae5ff3c0572ee6e028706411af80fbe8510506ebc6f41b0ff249c2210d5b196
A0220,28.0,ebbcd5dd80f52787be0d3265c4d1b5dc0ccdba5648da58b301e7e532d3177e0f
A0221,34.602,ecf1c1fe82d26a0858fc5af10337381cd97a1282709604dbc87f0a2fe3c7d158
A0222,20.0,009a1e6cbb8c32f564efd863d64c9f2f2fa261c1d5ff1171b9f63c512d56909e
A0223,10.0,29fb1e87383c8f8e56b961ac3ece9c395a3e495bd8b55b67598761ade2d935b7
A0224,16.0,930a5940c09634e671e2bd97bc54bc28828f6869aba47555e7944d80b86e9ee8
A0225,12.0,7658da3d15f3b6ed656c7d1a48c209fd94a0bb5fe2f56724e56fdf359aa783ee
A0226,10.0,28f6c3716378c4bbc8f1a44a438cc37f23cd8cfa1b5ca5e0644ca8cb2b0bd54c
A0227,10.0,1a96309a4f459cff3c4af5e298a1413b187db56848258f0c5ee7dc59926bc993
A0228,10.0,c738b96e1edb9e7dac02568c5013d462b8525230b45697aa5fbf9541f6a852b9
A0229,10.0,f4076bba8eaaefa653177c976147456d229c365b3063a8150ce03266c0328c18
A0230,11.374,3ddea0fd57e24a762e97074721a6040cce784ae91b76a1a67dabdb1f5bc8bab5
A0231,14.0,f83a50b1c8c059393938e6ab9f64b6ecba9db3a85da347663129848942debbaf
A0232,14.114,5a51a615b1ec787c45ef63bd544edee36959f32bd0bb718e70a78824e3ccdebd
A0233,24.0,af216d83a3873deb94e96ebc8e7fd5b01de0cfba2c08f04aad45bc0b9b02d65b
A0234,12.296,7a4462262a2afd0a44768b57796223ecbf00d51eda31b37dce439ba6f9a75f07
A0235,10.0,7d022bdae79581279810434065ce45d77855f6dae1d8a48ff7b9056196f2bf56
A0236,22.0,a0fc83026e8c72a726c5b6adf2d1e8c4b7a9edb553d210ff8a6481feec4246eb
A0237,15.444,a055ff4fb4dd76650258ca5e1f215f9063afa6d6b71360c132f98fedb4ab1716
A0238,14.0,b49a01df246cb54328cb8ce71d7aa4e68041fbb0fce250c19b6499b15aa75e52
A0239,12.012,8cb39de844844cf798358987a44f52692bd160c0ed8ca1ff73c3c906d002f3cb
A0240,9.998,10c97361fac5712574f7ffe5d930ea7774c44483ed77a695a86327b11539460c
A0241,48.872,6c9ab1c171eda4894990441959301c4e1320a8d0e5c3d259fdba368fc8315224
A0242,12.0,867bfcbb1bcff012addef218e9be16b42cbb112600afa3298ecda3d3fa88fda2
A0243,14.0,753c4ad1bb65f96afce33ab0ade6e974a0be7fb995df2570961e4abd9f17f899
A0244,11.0,87ebb2b31eb7a31a13fb748b64d53ef3171000882d6cd12acfe24f8d9efe3fd4
A0245,10.0,293a209f5befb2064c0cbaba17efed309fd6b157379d4fca6e6d877df65f6fca
A0246,11.256,f0326fd64e9824160dc259e87d42e0fb6967273b13bc8a6a48a7f0b60b7c35a0
A0247,10.0,68036f0bd61ade14d865bec30d83bee7ecb6735fa4e52d958bcdd290103234d9
A0248,11.0,84fb3b9193be2488584f72e7b43919a6868e2c467773e00e22577e28c4fded80
A0249,10.0,26c0668a4fac9671a84d6426bc94eb4d044ac3b26c99498d26c37428b544402b
A0250,10.0,3799ca09273fd6f3495a2cba1f315d98597e1f880004ec90edca3edc7ea8f32c
A0251,10.0,9ad44526544e1e971ea062e370b3436d5e81449b06800e03227eb961db3bec58
A0252,17.06,7069f16093a2dbe471089cb0d4be19d5389c302761093397b2a97097fa3dcd07
A0253,10.0,e1da0ecf40114f74bfd052da6693211b830ed1c3daeb0ddfc96c726d1d94b5ee
A0254,14.0,77d91db0fe39e6efb64d5e7e049c9c6f85e9c7aaa6e8287b9dd4fae737db054f
A0255,34.542,924eadd7ec5ae3e31bded7843144409ef9626c229082f6f1c1e2e86942b9dec0
A0256,10.0,50d1093529d23e5257f3b74ca9e197ed4c78d3c677468cd364e7c4855a3e539b
A0257,10.0,166bd79ded5abb6033be734d2bc76cff02abc95a2a3bed8e084c72f0cabd28e2
A0258,10.0,8bdd0ff15f548f25d1c86a9ec7131a401f9c2d36c3a105907ee37fcb3cbcfbb4
A0259,11.946,78e5f97ace9a93665f51fe7a5d7ee6f695b908dcf0be88a42fe569d6112a4238
A0260,10.0,29f5c92de77aea9b2d003c28bc080641af85963ecb953e68aab6881095081122
A0261,21.0,a121fcf2cfa17d89fe2c465f71302a809293860ab632832146ed4744025dbdb1
A0262,18.0,ca03496d5dca7ce923d7180e58c2388cee57441fdc6bf283c66c42d25ab8a5d0
A0263,13.59,47b3b2ea5cd8d9d9e511ab69b41c0abe313b31461526fac74a1d148364ac836e
A0264,10.0,d20546a4ccc4b66ae4b02c96b61cb797e1ba1c0a4381f77759067219daad43a6
A0265,11.0,d88a2844597128a575c94de5a03783b2ac567413cf2e082d55dd7ff85792472e
A0266,26.0,1b6ba19a42771a073c4aa66e1005fa0da2300bbfdfe947140703de00eea5954e
A0267,13.0,eb1a33dc324e15b01777b3bb357c49a852bc6e4fc0adf2115a6a52d2f08f681f
A0268,10.532,06eecffa6b81cd9e83c35e2567a558da8616bd96be3cf4aa795a732b056cc201
A0269,15.632,63d84fe11ed97d14af6428e755a024f5b5088bd8fa0174cd641b197d17366c5b
A0270,10.0,3c0bd9c3c95ec616af9653fe26c7dd0291fe6143943f360861c4d2a244a0986a
A0271,10.0,5ecd451e4119f1b20b6802258eafa94c6ad1aa389fbc7beef3d7ff102e2465d7
A0272,10.0,60e908e2b6f4b2746afd0d3abcc0a594f7bac27a0efc361db4866a28d7abcc67
A0273,28.0,394f359a5abc049c752439e757573a78b2354a1198fa9ebab4b59f4ebe7e3a8d
A0274,26.0,d668b614924c04377b249e19986e7710bf3656da5da84a0100689a335c601c46
A0275,10.0,1d63a03a70fd2a4e4893ad50892349c73c3c5dc4fe332b5a4c38be88324f5d87
A0276,10.0,da60a6d1e9a9425d6d7ab1f03968d7cdf539e5e14cb9649874f79f7b6105e2bf
A0277,20.474,5c4efaf393befbc60e88c577c1e12bdd79eb2759f8c1f6eb1771bbee37b526f2
A0278,14.0,ae53869fee1c18da1e41a965aa44213818b6e2c24da27e0dd6b037e981af0429
A0279,10.0,97b2a5c0b93d2096cb507d5389ed42336fd3bf96abc209c034501e46c4521f0a
A0280,10.0,f749bc8a321e48f3b3aaea9a99224755f9decd66113dde423b32c894c1cb525e
A0281,28.844,bb9472f6ec0c5cdb6c57500993ce6b6560943e36c52abfc2e8a5b0ee4b7530a0
A0282,15.128,9eb110f75c32c86d0a481a3fe12b0d100d272cdf34af9b59d5dc129e42eb1c98
A0283,34.0,520fcf66d31b57644d53446be0e9d058bbbc26e0e1e3cfa83738ac2d0d8054cd
A0284,10.0,002de1de117fe497d02ae1518fe68cced277f2eb40bdfb3c5e5db11e4089c249
A0285,21.0,62ffe21ef67143a964e8822ab4a15e4676ef34a2c95a6971f0c778cb59f9b37b
A0286,11.0,f8d16958e7b7d6f29739476bd651620e1e51fe1967ef5f144a82a1679adfdf45
A0287,20.0,49277defcfd67e059c67643679c658459169773dc137c65c70bbd652bace7f23
A0288,10.0,d784ffeb54a72fc9b7ee75286039a2c1a70784c7fd9ced5df0c65ce6c6dca815
A0289,10.0,fd795916c7c9f43feafe8e8ca557b72189c06076e7d138e993b5a766831476d2
A0290,39.0,5c6d3261e7dde7173e7177b7900b5a271ca38045987f8a389a3e76de2389577f
A0291,15.59,c278501c68b0438621e97e395cedaf91840e512ea701a974d44466a6187fb184
A0292,10.0,07cd2ee14ff42ef9638dd0969751454f73a3854e30169c50cd7180113619886b
A0293,11.752,c9139b665a3b24c4dee360cbabf47a17c27d499017635c2e0d6199f6dc20fd0a
A0294,14.122,724b728c81f683ff51f9d179a3da5b09703053696a137fb07121cb580384bb1f
A0295,22.0,2496c2b08f1f7b38b1ab83d8c16a1e188f5c954338d219764d65c47d2aedab50
A0296,11.0,3a3d1dc5301e62ab8813540422643ce161f6b354dfd4cb98b4402caab9dc54fa
A0297,16.552,c12ec5860f31a4d078f352a07aeae710c8b97b2795f169ac26199d03a9927965
A0298,11.0,8787678131cb817ba352b5aa7d86bd12ecdb3a9630c3642df4fb202efe852c11
A0299,18.0,7e045a7d947276f921718f9ba11182a17aabf59a370adfd21921a144aaaf77e2
A0300,13.0,20170d4693be98b901581f75764d90347643e1ab821d294b750e3a64fe316a2a
A0301,17.0,c5f69663a199380ec871eb6c0bce7dae7507e5372769e4c0239863b0234a3e17
A0302,16.0,4311b7dd169b96ee8cd3a025be41e1f4959f0bb773bd37337553ac4e26e3a313
A0303,33.12,10ff41ae681c018a59ff72066e7577b861c3b853626a2226f6abace856a676d9
A0304,23.0,9d849bef8ead78716054327a3cdb6572b7bc50f794074b9164d98620eed18a0c
A0305,11.0,ae34a331f01b6ebe002ec3095d1ac3b04190a5c70698ef33bb694c1cfcd12e94
A0306,20.0,2d42eb916226ec913808a4db0c75f4e5e043d226790b7a0083669c84c84ee6a3
A0307,16.0,58993084b69f99b737488af85af29ce86dec8e65b8d54670266ae59330593622
A0308,16.632,e2b1c2d67ca938d23c5adeaf033e736ff93fd109250b18df8824ac2165bd64ce
A0309,13.812,04030f833404d29622bc8201b42800af123c1de07fef12481361615ed1c820be
A0310,13.874,0c2160249be994b1ce1b7eede584277434f644c1f1a6d71ee1c7f398c4fc5708
A0311,30.418,d0a577d3945ee90cd70a35c46b770420b7560f25f64d4dd95025737df4712cff
A0312,18.0,80d8db2ce1e9312e68b4c7ebc5a83ce26b92aae4a5bec34f2e8a1bd79be8faab
A0313,55.77,872379aaf0b08bfd084c2936f8eb5fed169b196ec2217fc2245061bdf4f124e9
A0314,10.0,7b9e97ae0a56a0b31afcaad8880e1056da49529c53b2c20c064d5cc71fe3de49
A0315,10.0,52fed5734398c3112da2870849aedeef4b6e81b72736d3f48cb1a7a75f4e54a3
A0316,10.0,9af1b0b5b78df7dc3ed6a68b4c83a1770a91f7f0dc27eb0db17d50eb14a2a969
A0317,10.0,1388739ade0e7fa05c60c0ccc4c19759971e462e7ca622814eedbfabddf1a5e1
A0318,10.492,7f95284b8293d6b0dab7bd5315dc99db2cb5221917300b94ba4ffbb409c582e3
A0319,12.0,282cf3a662fbaf4abdde20852428a6a740916d78a937dc692ec6d9ea98475f51
A0320,13.184,d2d46fd33f162f816551461cedd4681a7afb128190c1f5f509c64c1bce8968d1
A0321,15.762,dc5d0e9c208331376b8b60a4c5133aec1ec33504f1a0058be4004e97af3cfe7e
A0322,10.0,8ee0a9ded80905d2ee3946639b6e17ab53ce496d7b0cc3ae6f5c5733b1abdc23
A0323,12.182,0e6583323e3706c8b16646c3994476478b8a8302976d53e8138654922344d244
A0324,21.0,8b14cd1c80bd24728bad9ffca960b5864556946ec8ba78e2c9647382f7790e8a
A0325,18.982,3ba0a43a347b56ab45fbc9519b1ddac8b0d2bb017fe4ce82349419d6e7910925
A0326,10.0,fa8faba091c3a261fbc06d401c008c01756618ad2265e9d660127f648868549b
A0327,10.0,527f849b12490fe2bab2c64d59ef84b66f1faabd6eb04999f108fae0cf5ca28d
A0328,10.0,492f87f99d0a9407cc9786b07ec184c7089180e4b841244d50e7113a1e9b94c2
A0329,14.0,e1159741935e6828b686d17da42eff87b9aa647e3224b812c1aa062576cbb968
A0330,10.0,5181c3ac2683e80438ffc6d070967ed97a1583374ff2d6a4785cf1b76462eb4e
A0331,27.0,7f7171c9d1660890b8e315bdd96de96defa819b1f4d5985c7c5db70986340d41
A0332,10.0,1ddec7b431dd2f50a9f1c3163422a85c2a58ea270eee401837456c7f8471486a
A0333,14.862,0aa83f89e4265c4a06681d140657db02b12859d68bf7cc0dea335ef36d754912
A0334,10.0,33eb04490a386fab2614a203a444c4cab4401de1931e31f572c9a663e4f39cfb
A0335,25.0,024529c1b0ebe16464ba1678319bc7e1070d1bb7663c45b090772988ddfaae3c
A0336,12.998,c4f6cfb3d10b8bb727127a77e71436e6d9dffd30e2ab2f93e33c9057f8de47bc
A0337,10.0,1d7a58dfe8330066e3fd79362d36288276a09b1dc1ce7d07a29fe86f5fe225ad
A0338,11.336,0bc9c1b365c5c798a67976305d3720e960c91f3d1cf1cc424e055cc9c0e802ae
A0339,12.0,8fa944bc73f5b7b961194d95cb36e0017b3ad2731d326391125367a9fe88d62b
A0340,10.928,b28c2d4c26d26217f3c7973672fa3e78dc046ef33b8274ec9eb994e9a5e59469
A0341,14.496,0d68a2baf0d07634773d57e401f9fa47b14b85cc9859d2a1f931b49fa9a3037b
A0342,11.0,b06ffb3f8c8b7a9eaa88657811cae81c0e8b31f2678857aa7d1cc62899d460d7
A0343,16.168,92311727d04548b12c0094c91bd0bc4c346d342308f30ab61b35f6ad3ec611bf
A0344,15.0,b2c28662e86d9116573e47d47ad73be0fe67e1ad30dccef7b6fb3dcf45fbb7bc
A0345,22.0,53bbb0bc1d6ca20805d7162b4697a5d351381f2724b6a658ce0f38253dd060b6
A0346,32.416,ac34ee9a406b8cc16e172f7246f4d6ddb0952b3fca6d3f8daaa574700167f34a
A0347,10.0,3e7b996bb434c69db6b8b45fb25c312e729ad2a0b44e4169cf59437a65af1c89
A0348,10.0,31d65d0824680a737b9206dc67994f3ecc147d176183cc80b2c2873775d95251
A0349,10.0,de268a694f1c894d1d855b0049ece1a30134c718ec0da28fb1114665b67cc63d
A0350,14.0,4e781c00a67b76a6e5e868ee61124b0ef0bf484c56b340b9b527d9487063c316
A0351,10.0,d3342b00b2d5a840693701a6b58001ea1910803793887836d6d926cb4eae59f3
A0352,10.0,0fb6f77cb7896637d328504bf9589d9d1771bea4c5c6c4f4169fa2204a6e7e53
A0353,20.0,00e3823cafe04387bd9bb21a1e463c9e8799ac212a294280073b1560bf5afea7
A0354,13.89,f248c4d5233aef0bd6fa827271d7de3ac9520cbc93f70d38851f9a85e4d9f0cf
A0355,10.0,02944e341487e85047f8419ac187e93c99b603c965f8ad83aa4bc864142e56f2
A0356,10.0,6638373a1968b2f6c391ab97fad963307a9fbe7c17ca762a8f70ab23ee511f52
A0357,11.0,a34dcc5df4db7e096c28e77e2b6bc4d33b73612ff4d1de1a1044e8462e9ddbf7
A0358,10.0,7418dc59fa797c215702facffce757fb798f48b04dedaa777051f3ae1a51af72
A0359,15.354,0ca0d022e04499bebb8bc1516ba7ab76b1a9f9c6b1019bbe4b047c88c1b1a6a3
A0360,11.23,2d7d5a014003d151a9f136f2223e252f9efdd0eb50bd17d81f38c128d0a935ff
A0361,20.0,105624d4198108b6a9643cac5efd6671d06c5d09f6924870ac0f3eb1faaf8880
A0362,18.0,b13e605fc04ce5549ff5858d4530b7bf6e5a8f11571fbe8291dddc9e1661e84b
A0363,10.0,dc9e9d57129e58263c25ea0548d255587f309e002edc08105f348655011b1b9e
A0364,27.0,f6a0e28a9587004e3e4ad69a11cf15d1db69316cbde81ea7fe140188c62a3f8c
A0365,37.626,4109593038fc3d8382d6af349e53426f1cffe0398b0d73019c8d0e7aa2a64f61
A0366,14.0,4c0f36ae06223c970a085c0866b893da2572dfffc69540998e9c5ac554ec07ee
A0367,15.094,2eed8a11ae4d911d69f3c3d5d6466954c2f7c3e24b191751bdc3423b390da5df
A0368,10.0,7dbf75e93b5fd68cfe5dde67dec712b6354c872024b3c07a121103e88ec04f11
A0369,14.224,371216cf6ba3610e61de309fb2f5dd8a54553b00fbb245010817e577777eba2c
A0370,10.0,ff779adbcf2ce6d75fd29bd8c0d764de0fc0bebb5732faaa3a0172e9f271636f
A0371,20.0,e0a78327553f82bfbf93c1921e1ed9d93b64a68a4fe54281087c17fa1ea8bc26
A0372,13.0,4a61a36322996581e73996bc2e93b95d58d747fa93331a122781518d465d0816
A0373,31.704,f8b961a9e05ab47ff5063c13c85ba817c06b4118396faaca6901e015f445b731
A0374,17.0,5c143b7f824c3a99bc05d7976c1e01aa1dd84cb0a7d8529ef723f741f4f29bc3
A0375,20.0,8a8072b850a17411c0815df20020bc8f39679bd1f2f828b1c6ae5565532fcf45
A0376,11.998,dc2c7a989679b6561de4ff91c8ee42e25dc014e7aa0514db7c68f469558ec710
A0377,23.014,82606183b454f203cce3b1ba7e0d7b64713544a7dcf4ce0eef8efe290025a046
A0378,13.0,4835f70ff9f6119c6e24e10474aedb54eff37239735288f4b457be8bcfab556d
A0379,10.0,5e4fe010d910716673c8bf69005b642775fa320adf06dc3d6b081bcbb849bfe4
A0380,23.0,ede11a3e1bfa62d3d2723aa36c918815d64484dace90cd3a8b295e43850675a0
A0381,15.086,4a8e56336a837627ce597c86c27a873294587218e330007608fd12ee571408fb
A0382,10.0,81fef6efbed4f753da601db33c615eef0872b08497af8d8a1c4fc86855aaffd4
A0383,15.0,117d8eaac2488a62a84c455896cbba98c100004f9e4c1d0eb1051519fb97d0b8
A0384,10.0,83a656d8e2aad90be59cbef277d45faf2f764ad5c0316f26d1c34d9f9302771d
A0385,10.0,66d3affd7d8972ebdbdbee0ed1ec351ad78454efb7ecc9a6d56cf326cc875961
A0386,19.0,7ceeb1b8cc363bba8c1b5111a9c87c4d30996555283a74903b9873f73549a93a
A0387,22.0,b94347751836f00e1793d7180908861f776dabf1b142467b0894f221ee7207a2
A0388,13.988,9e9563a82b3fc916ee84d00d508435d99434e18cb7c5d069de00ac6b720e7cd8
A0389,17.0,a6ecd69bea9d2fe9847d1a6e56ed58f007c96f78a401b916f5eeb029c5cf0e67
A0390,10.0,de5df9e20457dd43b3b41888159d1dc049f4fdfd435d606113eef8e55297c6cf
A0391,15.584,26a3e90cf3b3ec34f6b1c8962d4835d60a03434cab6b3fc0bbdd0e293827a997
A0392,10.0,4aa51d322fcfd42913f364119327107d3b4f9555140e368d306fc5f2d0a1498a
A0393,10.0,c303d1b2295c17750b10ebbeaf49f344f1f36a2091673d9066b8acacbbb8301c
A0394,10.0,0c3949936af7afe25bc226f6d68e44252f8525a4dd81861e1bad5f450064612a
A0395,10.0,237d011b500ebcaa9629dc0d8ca5b608efb5c9f430311d6c1e2dbeaa9187ff3d
A0396,10.0,8dda49d6d2b6f46c71b3800c18c95ecdd8e8d0a3a878a0a485253e12dcab6f9a
A0397,11.092,6615ebd2b26d520fad1371a4c6ceba84aabb59f1ce39f3b1073580f17fc3e870
A0398,10.0,7fdc88fccce2cafc2526122110c65ddf3b50c29cedec8754e089f5ef1d082ad8
A0399,10.0,2994339579f290a5c606ab621fd275fb26b9f3fb2d0567138929082d7cb0f6ba
A0400,11.042,41f4bbdf871702375e6392e9e211b3f0cd6ea54615b79ed6fe2fd94b0776b66e
A0401,12.0,a9ebafaeee9b9cebbecd377366ed2a870255784814d4ba363a86453fd5cc7fad
A0402,10.0,c958dfd57f261978668fd9d0955c1186784af221197c73d3ca0e35195614a8a2
A0403,16.0,d61a680da08465edf06a8f2cf17f16af54a6b8b4e5f48d34550d7127427629a5
A0404,35.0,1ec01b92389514e9539cbb75e7a45fe2633609acd49ca4b7a041fded9b13ba56
A0405,10.0,4f8ad52c495fa425672db314399be58e3e30002cb0e7ea827d2168912de30aee
A0406,10.0,e9b008cc41c9072c9e0be722703cdfdc2bc9b66cae764709e20f08c1446e92d9
A0407,10.0,4f3cf68a8d25c18f8645861ec58f8a0ebc98010407d309ce310cb5ff27ad3c76
A0408,10.374,763cdc1a5294eb9a8dce36d2aad979148dba08046fb8a06d987bd2f24fbffb7f
A0409,19.0,aef301ad422200badf3181940aeb366fb046c644e2007f91c4059d2375d8fd26
A0410,21.0,7e215dd565933bc83be7dd4e3e67598d57df8b48c290c798c20ae45b4ff81ca4
A0411,14.0,568a94c4ad92e2cfb8ce6d54237051d0e9cb2b7f98654108af6be0fc3ff41734
A0412,10.0,0880171bb8c39cb1ca3c7c644cdf64963fb38b9b1a4f549de9471dc6ec07513b
A0413,10.0,f8b7a443b90685770351a8260123be1040765698854988fd88d5cc604970af32
A0414,24.0,1f551d31a1fe3a3f9332952ebfa2f4ca77f66aee8c829fd841216b1020d2875c
A0415,15.928,0b65ed55afdf617d416171edf963cf4ed04e1fa394654ff501a6100b2140c9cf
A0416,10.0,bfb0b836db141feae668eb1158296e2798a118925027f00a732e6bea1a425085
A0417,15.0,eecbb1d41a008dd204f6901e8d44e86363f9a6e89750f13759129cdab83a6033
A0418,12.166,0ed2012ac7ece05164052d8d28f018f669aced2f5351ccb46775364ae428b9f2
A0419,20.0,0dce8edeaa87a7c333717b100318f50cee1501c26b7479fc75f53218c28bf095
A0420,15.742,a58152fb70f15e313600c80213ec9365c99fd39bd0aaf4b9ae2cebdc29dca046
A0421,16.728,4b5db4659e7cc7d33fcf2463d00b062aaedc260fd5f340d7f3c75403380d5576
A0422,10.0,44c8162f1f247277f5b4105cd5eca904fb60f69a0b51544e9817b12dc23700a3
A0423,12.106,500eacead5489c15cf8ba4d802aaa6f75077caef04aa714703eaf2bf39e34eb0
A0424,10.0,0ac55164a8af8696d37f581dfcae9a9ef9b7ce010010879f5fb439efae1053e1
A0425,10.0,78f0c1c0c4f80e4f56038e2bee81b368184ab4e05fab7c9e060bb016ed7f325a
A0426,17.0,0a5f68b687482e50b3c9e72877fbee4b4e45bb847b75c21615006f163fb70084
A0427,10.0,b63809f259b972cb815d90268ea3771813bcb3921a77a4661457b096e063bc1d
A0428,10.0,96c2faf86c9f8dc724bf6d7626d800f729a37fbf5090c4626c555f953f012c94
A0429,10.0,b9e682bcbf405fbee0b628a1106cd66c937c1c8d55dfd682223e96b648ef23f8
A0430,10.494,22653948751362078217063e2b5803b5d778fd70a66fd75a617d19bdc0db6431
A0431,12.106,3f87ae8626c41967ead59770c21f7aba06155fa4346902ed88cd73b0523b2ffd
A0432,10.0,b3df95fb75233637fea61168867c9de69be7b229b336eabc96a54bedee3c006c
A0433,12.0,e11042382440ffe9f0ca5c6aec57a3f4e24bff174d29f6ab9b4c16b4ad605676
A0434,10.0,8e39835e9b9b420356cb6ca3808b716deb74ac694694c339c97a14558a9b4991
A0435,10.0,8d7b66a532053cb94dc9bbd24065448d675d6a972e054045b54172f4b18bf938
A0436,10.0,5a5476655378b8107a0ab9164a0b5c4ea6d3f6ad4b99d1253a2149f8ce5cf71e
A0437,14.0,484910143efc37c4cebda00e918564c019d9c1aedaf2c106cb3a468b17f760cb
A0438,13.0,450fdedb48c12175c47558dcfc0e9e36315a590804c5efe89f53eba3de90bcad
A0439,24.63,4d0a3103cc6fc8edfba795648a3601459060d29c3090cfced7cb39964beb8a6e
A0440,28.0,7390f3a1e24ba0a2d037a16658b1207b80396f995eace9b0e765c0d82aa8ba76
A0441,38.916,4281d38d382b207f660b4e3cf0d553d636b38f02a747a6a35c24aa2c327f3dc2
A0442,10.0,3a0f309c075dd1673b11e006b3428d558e6b1b24e6d5a0f1aaf0b851d95f8b22
A0443,16.034,48cea9beab8e0fd1de513e569d64947c4c2cb64fa7a42ca0092927d1414df9f5
A0444,11.226,6b5a25e9c323b71bf56a419fd54216f104beb1ee78c271a0302e8636c49ebb01
A0445,50.114,663121b3e0d123de36c0800f715c89bfbcc06c49f42d45fb9b819d00feaedc5f
A0446,14.016,ecc02fb57dfd9e000b85800959caab7b388a4fc7e8500b33996131d34b9668f8
A0447,10.0,bd69f755b72a2e9b8112fa7ed785defdbda62f829db0184b2aa99c8beadba26e
A0448,10.0,d78ba4bc04d692f54d6a7bc3a0d4c65e27f956b62e569d3015ee8bf70488c5ee
A0449,56.0,3b6f06cfc804fa77e48d8ba431766057cbc6214d09c012138133965d91d072e9
A0450,12.092,26bf95406bfdecffc54a1bd300c48a7a933157de2df50212f5c3002a2ef50413
A0451,10.0,c39b0fb6ac1338084f8f50de22988d8ee7a7f899e616ad957fb9c01a52a97946
A0452,11.206,be1e9b627d0915fb1f64fb78f20c105d7326dcb0b867d4b67cf6740177df4929
A0453,16.0,e36906d544919a9f3590e5c57744c3bcc83a9fbb5279faf43d51222a0314cc37
A0454,20.194,fdaa2a98dcd3af2f69461a9664f042a62ff677aea34cfaee2a29a8c8ba769fbf
A0455,22.0,eee02675ea1e83ce5c5a1b319ba91262602754d4e364effe9d7229b8e916ea3b
A0456,10.0,9933b3e94d2818b91a728fd7ea28639b81f3532a71137d40ee9edda8139616d7
A0457,10.0,7616a5f6ae633c58e8b41c40bb5dd3dddfd4628f9bcd24ee34f958da790e08f2
A0458,13.0,c3ab752bca724d7ed551bc8baa23341744cbc61654c50a7e7d835e97c5024c88
A0459,15.0,eb5c84360207d11e2e4f62392869e1232df6ef76f8c710339af29a6e9ee04ff9
A0460,21.0,c60f988d9914988953a840ae7481aad0d3be5630e23cb068459987245f5b5898
A0461,24.0,aa15e3052b0fc2136b6439584e768a42de7ede2806c68a9d9834923289bdba4e
A0462,11.294,2102aedbaace8eb4e9118180d2fcf428bc6a81edde86a67de215023fbb809a6a
A0463,14.0,13b234ea636dac0b2e787db95f715c4aab9455ec57a2901a4588226c009f1d28
A0464,10.0,faa3f4f44661ec9c45f0702a8310ebf2f97e84b4cd2bb2cbb1775ba8f964cdfe
A0465,12.0,30f6e71c4f457ecfb9cb37b21293cceb1511d99d4a36355ee1170ede355a2489
A0466,10.674,6e5d20b99bbd915393a9a0364031bb98ca5892026d2745d9cd5a0b1e059264d9
A0467,10.892,94710541d7547b0a9e1246b477656905c67e69f0d5b245cad6836c3ad242891d
A0468,10.0,6d98cd0defa8f84f5e7fb5f15454f7e10f67f0f45fe43a3725557da5bbbb9ec3
A0469,15.0,484ce81747f84977ac268917d8a80174ba354ff2b46760b289f8178a3db5eb6e
A0470,11.0,29457d928f20cc4ce3f7a73afdec685e011fcba54c93d8b221bccaf8498de35b
A0471,11.0,10c267ba8d902ed19e893f3bdbce138a5527cbe7305c436893c39f60a8800094
A0472,33.0,7d64bc8f99c18a3e666ce5d7681598a5dab4dc88a507c6b78f6c1f40ab8cb9e6
A0473,27.768,1e9e38d1fd77fbb576f742961efb49732666d929da3e974dcab1a0f929ef1302
A0474,10.0,f62672d1d7143b2609d387b77d02247fba61312b7ba2ede90075dc930087a3be
A0475,32.436,72589b8d1bd4366f9db09af5885fba2e0a7e79a86b44266108e64f75c7529378
A0476,10.0,f97562b58564893ad8802dec1f27778fd7ea1aa1d54d02d754ac1ada7e1c7a6c
A0477,35.806,579a8031e58a4381bd3051b47a9d3b2fa74463788c5c0bd75395929399d4c908
A0478,10.0,63f3192c64fdc75b6ea4bcd0ab1536a6e25f64db66ada41db604103d4782561e
A0479,10.848,8a0925374827641deb2313e738142c8625a99994b1b8f24c36e709e7fe60fa96
A0480,10.0,0c8913d463b7319566c71502cb021ca0a6f37ca8753253cbdedc8a9f1d5fca3a
A0481,17.0,e0d73b06268eadd3e20e98e2403d69a04ebaab8ab127cebfd5868cfb2ad9f92e
A0482,20.0,f6aa720c31dcf79e41cd0e8c75a169a8e87af8e0da1418a59806649630fa5b8d
A0483,13.0,e3dd5f4bd63eef5109e25071057073dfe8459958f89eca82a878fa7db9ca0ced
A0484,10.0,b82bacb93c698fe2cb92c72eed8cde2c85ff1942dbc32457fe113ed65e1e6e97
A0485,11.0,ebeb908c1cd9cf9a23485f2877ee5a7ce2e17c9de95ccbe5888fed641fc5455f
A0486,16.0,2aaf11dc12f0e7dd433a4be0b51bf228f49ec0be0b9a21baebacdf6b2801ba63
A0487,11.0,c9cd156e43b282bd256085762f60b802fd322746e93505b77bbe922dcce3a429
A0488,11.806,e06f7aec03ec8ac97264677e770593005f9a85ca4ce4b228e78071dad0f24c7f
A0489,21.0,a2d64180dc66a55b1fae68c8ba01aa25c940da654dda8658c5943472ffab2127
A0490,13.0,63e0970c2d26148d784ceb057c786434853f457b7851c4dc53a5c87e154d18e4
A0491,10.0,b022f3b6438f35e4ee32f370e4e19f7a638e5f83ce5a3bd19df131b443b5345c
A0492,12.0,9dfb7af8864eee04a6455599959d239aae30ced8775258821ef663334a8855bc
A0493,11.334,b4fa6a06252b5d2b756d441d4bdeb8dd3ee2ddaf1a98bd2c8497b351b530ceea
A0494,10.416,acdc6ae310811da228ea6cd3fb72af150e71e4f9ae6127110053c5624f62fccc
A0495,24.0,3e9cbac30d09e9c0603f98e2de0c41ebecce96375edf262ce5ba67b328f7bc6c
A0496,10.0,680dbb49323b4fde9716f2d7454b1eb513fd6308be9dfb9f660237ff23fc3ba0
A0497,10.0,ebfce64dca23eb4cdde80b2d9bad5de489bd372bc27190a655da8c3a31bb6cb6
A0498,20.0,3bcfb9355fe25c6390b315e3179b6cb725bc09c9e6736727293af5ba9169da64
A0499,10.0,3602271901be4cf7b3f4559677b85f457cc0ac023f28b41558f542bc5aa4de13
A0500,22.0,068f2d2953680b0875b5baa8936e163fc59d5a39501f1d39fd5c665560d2ba96
A0501,12.0,016daaf1af43659a119a01bc2ac14c3abb5a3f586810f06f513989f44a39eb19
A0502,10.0,ee3fbe72d73717565b3ebf8c285b65ba73634a8604aece1f5e9d3d4ea2e32da5
A0503,10.0,61b3638ced53be85421d5cea7e7fa5a17116d6c43f2b0545e6910bf4e766af6b
A0504,10.0,9721d3df1998e4a2874a31724350a16357af7e78ce88cbb55de68c5b020a9dbd
A0505,14.0,1675819563e7fee271af2a31ac44d316ca6421dacc60e97fee86e4d5b2ae4e99
A0506,20.954,4c2462f032ace96fce6a4759ce0afb78b2c43751dbd36b750cc2da658625c33c
A0507,33.856,f7cc1aa8f7e6f3ff8f5d260ccd27db92b412a3512d661a19c1a5efff42a17303
A0508,10.0,dadd5d7ff13eb1b8539b036c07cdb6d1bd72be953f2399fe01d9465d65d64fd7
A0509,10.0,d6e515f958377d7809bd9b42b29ad6833d45d83bb80b1f6faebff8a18476d934
A0510,11.564,f58f3befea877ed13cc5e039b81434856338551786c11d39e763eb7352e4e4de
A0511,16.0,c613b57c9620d96ebc4add3e7fc6ec055cea2ba58d37eae52bcefea7c9401f16
A0512,10.0,074a7e3cdab2261c0978bd09769bc6e21602499d8f7f562bf88074d635318084
A0513,12.0,40ae919c4946e4cf02bc1e5598cf725d12a6b8573110e2ccb8c3847cef512f23
A0514,24.0,713fb4897c1869b16b1df75b71ba808a8aa2d717b2226247ea0e569fc013ac25
A0515,19.646,acb45c53033658113a081a0eee6a0eedff409db698e5f72cd4f85bfcace77fe0
A0516,16.214,d54db6866763610aeae7bf0b57ab36442d47f0dee7f0300d90fbc18bb347741f
A0517,10.0,2f01af1eec2551e1dbc834a621ab0ad6ff65af7956824be00ce8ae1f94e17cd7
A0518,10.0,e70d1daf99b646f2ce73aa5a8553fae4a8c38252679ff917d5b19817d2eee066
A0519,11.152,7c8b09ca71f6bfd9ebc9e9fe8fe4057da277383c7362c7a3764f89841ba355e2
A0520,30.0,97c50f8ba6a76c3017d17b853af57302facedd4b9e488da632ff3fcc824b6f5d
A0521,10.0,59dfc5d458866639cf2d451bb20b89037348c9bad0aab9814eeac7a722d722f9
A0522,11.034,7b080497fd09b1ec2decb5d3099d2d68a26a86ace1be2b3676945ae2db6a2271
A0523,11.382,57dba40720829f50bd0e30230a1146f8452291b6c03692f026e2c547f81274a6
A0524,15.0,40e99148652a7ccf30967d826928fd7079846ade4c08e7d76328a81f6835566e
A0525,10.0,e86692e3bf7f74eb3619c87b8934999d2972db8a9bb0007335b9aed4ef7e537f
A0526,10.0,50c3963b4694880c5e6fa7cae65f620e164a5c6f613649c9bfba036c732aea64
A0527,10.0,e768df11fdd79bfd410b18313b65f5c54282e9c1dd8f00211a45873f5e421e4e
A0528,10.0,ce2cb67c4d18982db6c028aaca0fb2588131019ea815e437ab88f121a63f6ed5
A0529,59.91,4690a9226af340f5b2150cc4ddf1d58da76b389691a57adaac9b1eddbba358b9
A0530,20.0,eae68cd540f03279ed956fe50a14f66a0924ba624c5cbfda8a1ba2ca01ab12d3
A0531,13.0,1ded955ffde62328c5f89d5eed49d101cf3e27c62a240d53a0af1724fc6c1dd1
A0532,18.5,00c9b824ad0f1c8ef5bbea8634c7c9b2ba80b581a7f0e9c6b0b5caac9ce18bb7
A0533,19.916,cdf73459a81eabc0fab5e03c45a4c7094a98e58cb2d9dadc8ec402108a693be2
A0534,20.0,f4a4e51b296c40b307c89dc2170347b285b92d2395c22590381134df3303581a
A0535,31.842,e55516fef33162f1dad0101964eee784b52d60d5c0da0b0f7eab08109e3c1022
A0536,10.0,ddce6576d70fb04c6978e490f46439acde93b3fa8b011cee09ab4df71683555a
A0537,10.0,761eeba61911dd2c2c315803ff8d6729598333adb423d13fef7cfb03741cb28a
A0538,10.0,90a88f5d975820adf1ccd121ca6cad7434b724f72f20c0026ac9e52d9d642ab8
A0539,10.0,60fb3eaafe07430ba04f5f8b5ba76055d80729a89c6b186021471f4f728699e2
A0540,10.0,c741a81385af14d6bfb88c64c5414405c44c9a9cfd3ecf9326b174b343dc2602
A0541,10.0,389b1b611e6cd2c0132dde6f7c60a1aeae890fb9e727d215880b51d0332a55db
A0542,12.028,fad3473d096560dc583892fa47f463e1bb623611c8c8359db54e87834275b736
A0543,19.0,cb680e338ed9c3223e2f60b2d3165ec8f085d87ffd91eeeca23af3fd0b5d8a0a
A0544,19.0,a0d61393d955cbcc43f9c718b2dbba8d075b566f3680c879fa81bff96729e92e
A0545,25.0,251296b8a94f51d7e1233be90f8af7251ac765b6db6c244c4b111d6944fdc7e3
A0546,20.0,e0d06fcafe54c61f69a83059a6ea608c0147c1ddae15f3d9193c803ab94eb618
A0547,10.0,d99d7e037368a4db551c0f56986f30c9b96666b78dd6859e92e31bfc41bf50e3
A0548,10.0,ab22d55d530f4abfb0f1a56ab96d7cc8305abc7242ccdd74aff65ba3408b2713
A0549,20.0,6b77e4a44d659583c0c80d7406d99e33421b05f2b90e48e73e01cfcec02e013c
A0550,18.0,a75e1c73b5fc39aece36fb897b6fe8606d0e03227e5417061a722fc071f20c44
A0551,57.0,09f6fceb64f7c789d1530b165d07ac552bfeb10b6e40f72c0effc3ca57e990d7
A0552,31.912,e001535627d8d9ab82df51b7b2e42700ffcb51a9009da48f13d020723327011e
A0553,25.0,b43b2e2a3326db5a052d17dba75f5799f832bc15f5eb12bf3fa549dfb5b2fd6f
A0554,14.0,954e173234e140415f790501182c02a1dfdb9e99b13f07b80ea040c344d54e94
A0555,15.0,9921eed3e1d9f05672a6fdf66469d57ea0dde576d293f0ec46a147864e294c5a
A0556,11.0,28a83a64e389538c6392960679c465c1fb4edc3320450ddb544bb1e6538e406c
A0557,22.0,81b01307a6e8aa7e30b763d000653024f0573d4a3beba1a50b96bded1141f75d
A0558,11.0,b8f61de6aefbb8affc76310f501ca329fe98dfe6a7518688a823d8c415526563
A0559,10.0,18a6b0e1f4ad7f97dfc769d6ed0f3e7ebc89482f2991612dca2a341ebbf1de1c
A0560,10.0,48318c6a3d47a5b84c8b0a364a2f8e6ec5a33813952031966833715f5ce43193
A0561,10.0,eb077b1232ba344fdf1e22f595a8e93c176d7e5de2b01d9159172eb192d47432
A0562,15.0,efab6ea8ae0ee42376224201a6977ac5a728c9978d294a36ee48157f7879bd7b
A0563,12.53,b07d7d1f28d94ff0827ec925a698c8802ba43254bda995834d73681ed5ff5947
A0564,10.0,941428ee1c2f7bca26b1cb931234929456aab72935380c14ec892973f9eed96a
A0565,16.0,7efd4de2a569f190c368de97cb107424f79e1677a68edad2b42191d920a322e1
A0566,10.0,489099509b25d7dd8c15b4803d165a604fb99c6fbf9fe7c3a350cdc6e2df7af0
A0567,12.0,9f1ca5296c4648e4b7ef847f48ee9c58dcf30a10f943e990056b1901a0ea0acc
A0568,10.0,4c8d41ae94e91042bc59c78c6557d1a5b58e5ddf5eea91564a91bf1cb4b41e8d
A0569,17.0,4ab5d0295953b0bb78ddc7647ab088a0f6346fd966e39409a6ab050aa63dc898
A0570,10.0,34ea2960a20068dc8bf1a209c491f8731bb509c44b3f1807a977212fb5b69efe
A0571,19.0,471051aaa49362daab3442fef08cb7da26f3b13618bacd2962bd89d5120360e5
A0572,23.608,c42893680b1233fdd9d2fe89d381967f0865edd51278f6dc576ed0f1b2004030
A0573,11.964,a9a2f924693c2410c891c437f68fc3cd0cf7c2490a3d28e2df276226ce801441
A0574,10.0,35cf5b442fb379a3c72022a946bd4f287b486803300ba0c2a1c9947ec2d7db94
A0575,10.0,eebecf981312f15b3950972b30895474ab86bc8c7ccc67a044d62a51b26e90ab
A0576,10.0,a93410a4c609a663eed24775e83333e3c2ca548c15c943dcff679239ecb77f07
A0577,16.11,377dc1fa23e1ee7cf53690a56feff6a3e9fb0efab7c2ba7da9baba764fab5fe4
A0578,10.0,fa692f11c114ecc18fecf30965c6533188766962e8ae7b42bec8c69e4da8ef84
A0579,10.0,0d1070958a16ea07ae6e06fa00a57bc1b99a9de88c9d9d7435ac080f238a0b86
A0580,18.0,ea75ba12ee359cb2f0243fd54bebbc87b7ee75b02d066aac9ee3edcb06b8b872
A0581,14.296,b818eee506a05d2f5fee5c8a31ae9cdb4938f16ef348b1872a7b82f8e0251105
A0582,42.706,8684e24a58d608f64b29faa62a23af2351a6d6efcef49d250ef44d6f95acfdf1
A0583,30.56,2b188a94c6ce2d7daa7b48694fd77f31b7243fc3ffc322877e99cf9ec548c5c9
A0584,10.0,a36b5ede649b069b81c1174ba534e4dd3822a473111d9ffe7f4a1525b6dcb9f3
A0585,14.124,c8cf3b04f0748ac1eb63c7636a8e18d4d672b9e9e67c88064939573fddab3857
A0586,11.934,59f3452e01a1a19e68dc350bf55fd64ca89dfdf858d8fbcf4e85c70ac4f0e4c9
A0587,29.0,c6d486a1b2631737b5b7b2b0d4efd3a58c43f71e819323afd2932dc96f54dbe9
A0588,33.342,e01174b26141a3b272251aa85b3c71edd155002ec8541e9d1bff38a9b656ce76
A0589,26.0,dd6ac7d3683bb66b6c887738e7bc39f83147dfbef50e01e9511841f99f69a268
A0590,28.098,55aee480c0862dd534de919c8b7b0198c0320ff3fd7878b8e108a7e0d5425ce3
A0591,20.0,8e62a4b48f9626173fe18b273f9b68dffc12aabd7f9a42d2b64c009e51474b9f
A0592,69.0,d353b0274315fce604717558112501fbb71398da57b6577b1bbd316292394389
A0593,10.0,f3c109bc4c7e3b8f944c1466858dcf17e6c6634d98113f6039c2b6ea8be25da5
A0594,10.0,1882a543e4e6bf92ed9683905bc8336bfe8dcf7d4395da5dce1b28f9ae5cd732
A0595,12.576,0e346afc4be842ae3510445ade4b5307e3ba5034f73ea7d275c49fe399490d86
A0596,10.0,e69e18cc2659c60df15b2e47648b218aa6955e32db10cae7533de937599c778f
A0597,10.0,0a33b6c5e250b3a845bd4b5362b3fce1ea256c06cb1adb0686f7b56d9e6ac1d3
A0598,10.0,8876845926cfcf483d0478399f014ab854a4f659a0aced46923616a754b370ba
A0599,11.604,90922f259cc19c37ba2a1acc9bdacf41f3f365ae76170a146d0b8ca96af04ab7
A0600,37.802,b28f80c12a741be04b188b8eb672c00332499dce4815984d2ac8bcd8090b525c
A0601,36.0,aea0c4bb54620cf5b3d6743aa243b769efa8a5ceffe6b43785da5b4b90161a1f
A0602,16.0,bdcc1d5d48796e03fb5843370c89af75fb31b189cffbf6c34e0b0546ac13e692
A0603,10.0,957699b71d599c93fce00593e79fa663217e199f1d0a81f578e579f62ca8d0fc
A0604,13.914,050891fd6e90a7f07d26a2b5a06efb31c7e8233156003611a365c207aa3d212e
A0605,26.0,5a91b851bf407eb44c4ff903bf57ca97818349a4d8eba458af4fa4d23540b627
A0606,25.0,7bb42041855a5e4b81ada2a70aaa70003a6c0ad4035cabdceaf72b4ec0715238
A0607,15.674,446f39a3aa55bdc964ab48e4facf11fe8be254f5f631b9df9ca844a1cff403d3
A0608,26.326,1ec0d81e453236bc5cd914ee23d9e0ba10a933442a3dda2400896c8161146e35
A0609,10.0,142368be0c861d08d1bcbaa1c8bbfcd7d99238a1a214587c8c8e7975fa699c8b
A0610,27.0,25302d3580ef59ed4a843028861a37398a429f37800eb41631b390c5af2ab55e
A0611,11.0,5bb5ee683370f572ee881f46649d823e1c3ee50ccc9167353aaaa76640e1b6ee
A0612,16.0,8a7096c34e97971ce5d4b2b906a4b37d4d19fdf18476d051e3847d13056d5149
A0613,10.0,7b67e833a5a289abd660f54f1b3845f120ba0dbbc7420c2dea50409f7d9ad2fc
A0614,12.904,edf7ef2ba70a4c4b65b82a88f830eb333cc72153c57d819fc75b49f46b1fc9fe
A0615,13.63,bcd587eb134c23509f6a993b7c6d15f45d86163f83bafa32e501c89bd6d9f611
A0616,21.0,8dd332c733ff1e1c14cabdcb522baa36e197fded88c569c9ca47b7b82bb3c174
A0617,22.0,fa9b99b51a054c54f334c1aff59a8971900ab28ac061c57602d3335d69b6149c
A0618,17.632,06733955da422d94aa910329d67b50e429957d76aedd1bda36817ac11d787577
A0619,10.0,5e2fb9880d32c58a137f4e24ab4093d0699c9cc2b0f5d75af3451071b0bc2713
A0620,23.0,26b167cde58d5b4f0cdd7f7daf7d58ea1913eb768d78a8b1ede9ec6773c35df1
A0621,10.0,7339536e5bb12aa7bf67433e4f5590917ef6eca6b2ed292b7a5c12bb10657410
A0622,17.0,65a00626c2b0209199c3923c7d9764e94a65ee6278431ef18567924b7a4020c3
A0623,11.046,abec871e150fb6143e42fc84cafe1d10b5551832458d30da3ef1c3e8479181cb
A0624,22.0,563a3eef3b18822aa26e2a9a283642004a92a48dda385fbf3c2af50a9040e8c2
A0625,34.39,3640292d69aa46cf6bb81a678a1caa8291e1ab503405967a2a1bf6da562f6dad
A0626,9.998,359bc5426b5f11b738ecddddfeb13f3a71f80468b3bf6241d2b19c1ba43de1c9
A0627,30.09,ef26c91e446c045be2b754a9ac3c76abf7d53fb531bd3c12140e6bc02ebfbd82
A0628,12.25,d5151af6f859aace5b9844cae84f573bbb139e5930c57116ce43c53182b4f7dd
A0629,35.696,25adcb3a9f229d312e09272507c9d78c9d88692caccf18fce779df715867ac9b
A0630,21.0,de43a33b02cb7f800641beab079333bd7c56ec9aa13d41a2883a160d9e60c0ee
A0631,51.984,6e5f3d3cc86f977bf9b20ba197f21b1963c00c6e196f2cac71e49ff9e8c3ff11
A0632,14.0,b7cef9c0dd807a44e36c0689c65e5e0aeb99d5d40bf0a8c2b7002c7f090c941b
A0633,15.0,fe1ce05bee33672f4c91482e796def75b53e57023b1eb9346a72d8c065be4c2b
A0634,10.0,359d92c1061c8b64c0bc82ee9ef497807c8ffe6a0f53533f045f6cfc9eff7de9
A0635,11.0,cad67088be7c34517daefe0fe50c1a06eefbe692e9bd8848189dc371277cf4fb
A0636,14.0,910392653012dda36d0c58f0346e0a3e9eda10fc60049825f68b22653e7873be
A0637,10.0,2422f98b4192211dca15c2a23ff51207614d51b084f00d256e03c3e7a5f91436
A0638,10.0,9754d67e05f8dddf807f945ffaabba40cd0c00fa7bca703ce668d59051dd7227
A0639,41.0,d50408f28121c0dcc137162dc5672226e2069a690e071fee780ddfc8165f4939
A0640,21.768,a00a682fcd8e82479bd59afecd9fe5e9c8fef5d7295d60e1606c14406dd28c53
A0641,10.0,54e46fdc9aeffb795f62fb80d1c84e24baebec036b43e7f09b983847fece14cd
A0642,10.0,b5bccfab05284ac569aea6d0307c7264774b6530df46055455b2f0aa5c9400f4
A0643,29.814,dea536c4fcce68b5a1933f5ba115bd4036fa40a3413a9791efe5be6d48108c56
A0644,15.0,026fc2c189f1be45898939e2d114b7f1ef6458fb9d2e6dcbc31f63ce464e1e02
A0645,51.57,e79fac7dbf5eaa9f40c35d9ce43ea521ffd6661231462ddb3a3109ce27bfe035
A0646,10.0,21d402275fc114d1c4b2b6b73e7d851fd3ab42c8a51f39c0e16b11fc024152ba
A0647,10.0,5de53e898a6a9d32df4b61aa5f838e91dbe56817ebe1a9ad7e4150d5da0408f9
A0648,12.0,d43c97a04814d2ca7a388f9dd123221c1ffc8360275bd0f9896cea91a73577b9
A0649,118.0,9e1739c3a66b872c8bde3eda70346b635adfc2c7e8adc24c7db051feef0cfc9d
A0650,12.814,e38e19006ab992665c3d101b7e5dd78f3758d75ebd2551135777d059613f6b92
A0651,15.736,45d95016d41de0267ecfa624cd9f7bef2115035ee0cadc47bfe30f0447f409a7
A0652,10.0,e8232bb5266407b4fa2f86bf70b60eb05e5746b52140674db53c0f3d05204ce2
A0653,10.0,f62dcef116c29acc34032aa3f55cd5fae2516dfe4fee24b93bf590fc68db92ac
A0654,22.0,76e0ceca1efabebea3500581489525be8ad665014ae929fc33252eb77f13aa22
A0655,10.0,e3572d4b698472ea867d1e616e448ddf09e36474b9fc278fd749c38c46cfaf23
A0656,12.0,6950c6c5f70854680cb1b54677f60ab4e69de1a6efb5196b05cdbff8b4302ba7
A0657,10.0,75cc828b97f3a13dec5b45dc51bdbec7dbc992b7ecccab9f49611b7c796a4acb
A0658,16.632,6692f29d25b4cbef7b4100725a8d6378b8ed6023663c192e3d2077b7529a74a4
A0659,10.0,6ba4802247a9a3950eb549e1fe5c0dd7d5b17fda7c9a69f0e389f39dd1694450
A0660,10.0,7a44f1a89c22dcefc7802a1b8718fb60e78b96ae876a7d1f3281c2a13498fc40
A0661,58.92,dbf689ef16d1fe6bc8398b74de1a50e96f160835ce396f6bed9098837a0148e3
A0662,12.0,b7ffd4f2f29c10911bd14dbb0b28e586d78f848bb73b42a173b14fb53e9fccb7
A0663,10.0,35dec19a4a369c88a1b6d7a33af8887077b46519bce96a55661e36a26051fb19
A0664,14.0,92dc85d93807fc91b3eccdb6dfc8d7e73fb28768d20a4015f000a555ef20db0e
A0665,10.0,4c72ec661f091103035e2d3fccb1a9e4599cac2ff26ce4e320b76cdf22cb76d4
A0666,10.0,2686e572502878ba4780d7caffad857229e6c9bb36333ce984595f48d91958ea
A0667,10.0,442367a0af9536a30587175d6f74bf93d47dd9f9495536fae09aa923d13bb9c6
A0668,10.0,ecd7e3119396132d9ef40021c75f996e5359a15236f46226d8cf8c11520b5465
A0669,10.0,0d1f4151a7c0e6c9750cdc821836ff6c92c31febf8a3c8f82ea9aa1158450a6d
A0670,10.0,4f7cc28c33613edf8eb57757a40ac681518bc16ed86111930f258c16641830a5
A0671,10.0,326e1f314ad12e53d2ee6c3d4b65547502aec9da99ca1eda7d3f8ccdb549b949
A0672,30.546,8766d395631164c674534126f2efdc49bc7fe9223365ffd2480aed5a5933d793
A0673,10.0,eb99a44775c57c2839c14b169c1d4ba5ebc4de84305b029f88c082c0879d07aa
A0674,28.0,69841121b6a32556d345d46549bb5878b982d173a2c1c6a2e588c98a0dbed500
A0675,20.0,883ee5c141a2bdcce565e162c640f6a27e60b3356c274e68457fb9909287fb81
A0676,14.786,967e6e1ab2a78b156b38ad5a40e9d65d61e2a184ba8541e48b3b54b2dd9a273b
A0677,10.0,d27203fdf02ab7c4cc703c2a8ff65aa44c2ae75831982a185ed1941fdd5fe458
A0678,23.572,57a5307baba62497474fe04f439aa5eb320c854bb3a55bbac882bab63d5c534c
A0679,30.0,f17d26d55b1bb72f9f39f7558b194d5335650f5b81ba3b94f2c4310e17837205
A0680,10.0,e255ea278c2518dbba410adb31e3bc6f12f3963550c2ff9da3d729860cb665b0
A0681,20.0,f12b8f1957c002671a5b29a243b8e31629a649ec9bad7905601154a2d4efeaa8
A0682,10.0,16acd1e34fdbbaf8ef946bc642aa9a26ae3a3295f7fb9a7a1b73cd11491605d8
A0683,14.0,bbaf874710861297a8016a29492b245ff326a63c7ef6108c3f58013eac72c01d
A0684,10.0,acc7f88356eafd1195387e5d1f3bd9739a300c3685b7c9cb353aeace6e37cf20
A0685,26.0,b7cb384218dc9e177d43bec76522a1a469f776a675478cdc9547307cff42d2a7
A0686,14.854,7f77f00871ee73e5448f523e2e667d66a3bd186a4bae53caa2cf3453b6d3b0d4
A0687,13.806,7062fc542615676fb6696f270d4784f4485b62cf80dfe5f8e8e704abc40ba3b2
A0688,19.744,9c423102126af353119cb45d21ffa53a3328424cd716397114945f02c587c841
A0689,10.0,1bdef7820c7f961bf5d23b451f594f3be505cfc07b8e84c92d1583b26e48a0f6
A0690,26.052,9dfe7726706771c41abc715f9d8d1e8567a0fdc197d8b4870e0b7d3f799d7e5e
A0691,24.0,f159348ce2e5fefe20375c917d44fcbdb94320d0a60fda261c3a1ed03acf9c01
A0692,29.708,66a38777145c65833f5f5493c381695d7f63c4d0940704c4b5703d494af0b80f
A0693,10.0,f7fb5b8a7c47816e54c3881967587bda883879bd01ba2fb25003a9d2f9a67f8b
A0694,10.0,ea5a655b87b2c194d279037c13ac0441126bbb0448bb15bb9f17a7ad49cfb765
A0695,15.0,9f23ba33df68fd3f304eeabce4fe139e328bf9460bb23ba8973e1d4cf78e6657
A0696,10.0,5e9d6acd6bb187b02845c121d1e8af2854bcd01f1a239c3ee0c873082c6fadc0
A0697,11.0,9ffc5f0b2e2ee5f68489eeec086f8439c0cf2baba2477eba08e2133411cefc76
A0698,13.214,27df362ec837a0114d970bf5a11b435761c7bc0ddde36cc66f3eec473896f305
A0699,33.0,9e0a8434a39da7a9b86193380dcd4e90807a2daf571cae077316f8f385ff3b9f
A0700,24.0,628e02a60b7eb68497c8edc79fada4647dd4cb6e7f063d717fcfbf9eb6ceb142
A0701,12.48,d463f9ba6d3604693b43049416afd5bf75f75274befd71b1af98ce830860a428
A0702,10.0,67aca6024a76307ce9bab52c1886edc8737d4c032f0c74e4f49b5b1bc9bd1201
A0703,13.016,a0723a2c298e3aaa9532f788ef5303d7e6ad249036fc4636e5ca1165054b1c18
A0704,10.0,b570371f277b1f7b13e6c605f6f27bc03d3fadcef0cb350bd4cd6ed87057f63e
A0705,10.0,2b0298573a5ec18b73ed81f2ca8fa2b08bd67cfea08af2154619c5322e3afdb5
A0706,16.0,5eb4a775e85c0c24e39c71f7a91ee9b4bd652dc689e76278ee4325f719df0ae6
A0707,24.0,2052d07df0d93fc9d6c8bab75b531dadafe317b8f4c64d5a0d7311d83638a48f
A0708,14.0,f6f5e1dd0742fac0d4cac8288e270fff373303f9f9d7ac9ec611d52b384a228e
A0709,16.0,4703ddae215f4c7536ba1f4de3bdd9c6f6d2250f657e277af3693f692d32de94
A0710,10.0,bdb57211b793ea9a090c1ef323734e4851cd41e1564155b85d95c96dcdb469b2
A0711,20.0,a34e3ecfcbcc2cf2a81ca34531351da1319356cf134d1e2edddea4f11de3c76c
A0712,11.0,85f974206808dbe5146e68148c3fe7bed59ff7863573b6567cf0aff6e96e1c72
A0713,59.526,a7590d0ae0908282e8b0511204586e48efe6956c31e531ffd8f106a3a7de15af
A0714,24.0,166908a6a50573970078aa54c5816b61f4596b64c97d71d7ab1580803464c46d
A0715,13.0,9f96eea4cbf28b688154b51e42a19ade26b3e163c7f18eb6e1b99a3f49dd6591
A0716,10.0,897084bb9c3fa52f79982fb12b301d59bb40ede0775d68b228a117025e1d8527
A0717,13.0,e10b5d198c84c2bad3ab0f8c5dd4a47ab237a528b11c7d8ae0cffd5b9bb17fc2
A0718,10.0,08fcf63f0fb920f30464f959cd330fa8b2f09790ee5d7cd0a4e64711f84d529d
A0719,13.0,d10ddea3e3a17a77aa0f4906a5330250863200a3794866c20ef1311eed380c50
A0720,15.616,6040b9173db279810f7fea4dd96b5bba6cefd3b0e1114c799a03d76661a12b85
A0721,10.0,de0a959261544f9c6efe02982ff38f074fe6dc824fa765aad84005319023e5b1
A0722,10.964,a664da5b8d5ae79a23648f81c649c59ee21b5e1b329d773e8c192bdd87178249
A0723,10.0,9c595e80941351f6323305829c85d72912f71d84f8bb82a30a7d9a0b9655f1f3
A0724,33.426,d7fbc97b6520f4a2b4a5220edbc3f666da3c24cddb4374d66d6a9c353161c6c8
A0725,10.0,57becf6992b4758f23e9dd6bf644cdb4be0da38b3ecc5e17716262cc83cc62dd
A0726,10.994,8918dbe9acd7bc2f14a8d002ecb60a894863873342a23bd679e1e504cbba0b9f
A0727,10.0,f7f6a63dc872c2a5590e02e5a199bf1d87aeaab6c849e925a358963000e6e32e
A0728,11.726,47d3f09a73d56d65eb02c975db3bda26fb29d55c6d245284d399fa9cf2218841
A0729,15.0,85444083544c8035e2cf6e2a445c9b4438b29971fa38363d3a558c94989f35f0
A0730,10.0,7995160f0b4e752f4b569f52e23cb09fcd44b51650542b80a84117c05b0ce9f6
A0731,18.974,550e17a6c014a6b6905b6f09fbaadf275ca1db60656713bb35225bb6c0c95c14
A0732,10.65,55c2c8c4047062bf430657707375a3f560f1e692cf4f3a3588c37cee4055fded
A0733,34.576,c789ea94e8cc1f46630fb53553dbd6c2e2c57ea35a3c46135dbeb73555f8ee11
A0734,12.148,5456e9890e59623fa8af4020415728d8276e7518f66ce5c97cb0f556864e05b4
A0735,14.0,041b2dd64af662420bbf6513fb94e604f118937587c38ff601ae8a0dd9e95d48
A0736,10.0,d9c6033b0a5840d31d0e2fc1cb0f64707bc9d4176d321d893b45b74b1d476f89
A0737,17.082,19abcd230f0dcf46c0d2dcf0b6bfee30f32170feb03c5bed81dfe7db6a651f17
A0738,28.0,c2758e4bbc713076cf5b029f1be3ada5b9deb01932fae49105c773fd3a8e974e
A0739,38.936,a168679bb558ef76e1f93867fe0b8440463b81046e93574894e16ea5bfdce661
A0740,10.0,27488b2560ab073689e9df433865fccee1c51816b8623cc9915bf56d506cdc9e
A0741,12.0,962d71ae75912db2771a3a192e16fc8fefc553252066f4f462804e4c298e746b
A0742,10.0,bb913f58e6fd6430626efb3f39c452362cc8beac62c0bc38e36bc61592f51bf5
A0743,10.0,74352b4c61b5a341da8dbe93a1b9f20dd045f0a25aedc72fed550a6177f3ac1f
A0744,10.0,c5d6a22d750a4a711f579976f4cdc972d5135236d48048fbdf482aeed59e2dce
A0745,37.0,28fede327254575ebc1c311819d3344284ac6ffb5ed8b65e203322c543a4232c
A0746,12.498,7260d48752a8d77cea82cf2d09d98ac6326c92e9eb9e7ed4b188f350c354c703
A0747,10.0,fe381153c418adf139461a229c90f09d31f7f6f6ed238ac086943808c0e0cad2
A0748,15.0,b0e66e82032d3da011ead2a2488bb8002002c6389a4a5c167b802e2bb09db861
A0749,13.0,0dd2f2bbe379641bbf2a65100e43e0fbed9d7b3ccabb4de71ecdbc5ae87b7fdf
A0750,49.0,6e67d33663edb89adb6984e5484d9e72f5093079553ab09e6260c24bac20132b
A0751,14.244,053b5875dccaf848ca3211ffc76143244062c11054d740c4f4f83dfb7d07d157
A0752,16.12,05b3b651571a76ff17c83d17e99b6177194a622e197e14b9974961f095956e7b
A0753,14.0,d6e4a2c89b94f5270ab3e5ab29e446638297213135e119e4876019e52b829e21
A0754,14.0,aef9b28fa293911abc0bcacfb8161a48737f9568279bff5c447114bbb98a689c
A0755,33.53,cd3997693e27eaa26fad51d24571b7d358109d0fd63ecc64bd2b00b99680e3c1
A0756,60.0,ff8afbaa780b5054beb3774070190ef91f3d158a6b998d267b5b34de6c9f001d
A0757,20.0,9f8b80f88ac21461c3f6efdb2521de0efdfa0ae77e6e6ea758ccae9eb39f1133
A0758,27.0,700ae73101c2daf5fcb2291706694001619695e1e23bdff1c19839dc04f5f495
A0759,10.494,222afcdde0439ae6a59d144bc954ac7a4625d74bfdd624fec7837c1cd6bb0088
A0760,10.0,91de0e9da82f1d14ed758f180fc094a2eab291460406d265213d62af597b0709
A0761,10.0,3e426ed8ab90cb25f318e9df536b8c514003633a9e5c33178e07139c5c5029c1
A0762,10.0,43526a661b9bc34bdd42a436f1ce2b175ad34a2ce69956bcfcab111c3b684fc3
A0763,11.0,4f7156026ef8dfecb2034b50dc738f789bfc125e186c3cd0978303bd23842086
A0764,10.0,ff604c14b05491e991fb4332c2a58812d1c70946d77fd3a5eb6c2afcbca4dc7b
A0765,10.0,8c4b46c5a5ea41ce649a127805d906e36b178c6b98713cefbb4d25c433124c56
A0766,10.0,1734c31071d1acd3d7341548e28d8f5e328b9c52b1396f0537225d79eda07aaf
A0767,15.0,dd66dea43cf2282be3cc693093c92f5b4fb7aaf50949c8c61cafc2567f9e9d7c
A0768,14.0,5d5dca1676fb610409bb543c93653980f381a855c9ebf2c1d8f419b0daa08a4e
A0769,52.876,5711a86bcad43d6ea27fe23ab6da773ab33c21cdd4dfee2e63adb3562127dbe2
A0770,17.0,5646b255ac889132e100a524967a199a8c0590b0d30dccd8232fcbb8cfe41028
A0771,20.0,54395d53849b8438eb3810da33a4b85fcff9dc18dd540ab36319c96a8ec606ee
A0772,10.0,0cab420c305c5f0524c5b4cf0e2e4b2a4f556c32277c4a8d8b7df6c21bae1b2f
A0773,11.202,c35c0d5821426f8e72645878eea8132b608af0c0b13d2615027f10bf9ed4acbd
A0774,31.422,6927fc7b1df8916b42aa8e8469df9e4ed4918897555855f75922d7eefac630b8
A0775,10.456,cb20b6b010d8f66b82338a563e772e7b439b5b33e67a7ceb4a6a0d535feaf822
A0776,10.0,6a7cedea6580078e58e106368f4a61ef48248396204a87ab6dd575d97191fb5f
A0777,10.0,9fc231d828d175a384c928748a95914a05ea55add7d0f75f9c080d2a8cd1b287
A0778,10.0,88d4c0537f95dce6c38452272df15c14a1b970b0c02fbca339fc5c3782a0a154
A0779,10.0,0fd982795512d156c68a153197786adc7e3f6f359121a2c3ead4b828a6c17659
A0780,10.0,91a91243e3c8aa0a5634616a94eedbd9c2b3bdb26c7959b3dc82960b2a6c7d35
A0781,11.954,5a781d626009b08c3ef859453ea6ff20360398c527d015061ba2f1170ba701a6
A0782,16.0,05220667ba525dc81d25870ceb0680e87820ba2457b41efc066d7b11c1513ef6
A0783,10.0,d53afc1144297d86fe2b01e5f45f725e17ac3cb6af56d0ec26b6cc6038b7b0bc
A0784,17.0,b200c6e8c527afd4290005644a09f907efc1fd30f7c23c997ecbaa93fbf4a6f0
A0785,10.0,6e51e3f96e47c11d76f4a54081db9c10eac96200ebc31f36eb6a57fa551a59d2
A0786,12.0,f4c514e86dec10d0d2da756300c8e4f7ab6a0341490d497d936b948582712caa
A0787,10.0,8c6ed9f589740e88aeb63215107abadad6e29b4df9f24db4400683b9d3f08843
A0788,11.368,759dd2cdcc008348e22a2db14c50db9559e21ba7798d18a47fad521e203db57c
A0789,18.492,a6bd1c3e504f95999c158fc1be1632bbede597aee8a955dfaebb54b22fc8da5b
A0790,11.612,51332b4274c3f8c58b211382f01b0948d2948f451ec0c46cbb88b72a3e4b13fa
A0791,10.0,4ef7fe67a8627c89821a5b3c2d9627408a9c87bcaadd30539b0ff28eb3498ae8
A0792,10.0,cf85b6face26e5e61801d2f7fa61896d1d3a82f6b29def9ba27cc5ea10e1ed10
A0793,13.0,e252a89b680df2d2bf25802acd346caf875682955a49f80d2cb4e9aa5129d9fa
A0794,12.522,7d4ff649f0d64b759670ed6abfbf8dcffc284dda7e056d2bde8d47893ee5045b
A0795,10.0,f7cf88279b8c62745152ec44df06e75936e1f05260c73ae4c0499ce9efeb8edf
A0796,16.0,bd4361ea2129b4d9df68d06c29f5fbf80ce3184db8a13ca902b0cd176cbadce7
A0797,31.808,efe58bf1651ba4f12c38e0ca5105c0d9302210143b19e8f2d2bd8b965bd0b575
A0798,9.0,932394c115283f68307f463d628d28c45bcae12c8d0e643ea10b162af15e9893
A0799,20.0,41e827f384c4c36191ba6133c6f504a36619d72f3d917545b761bdfe88f37022
A0800,16.0,283a1bb3fb1b852b4eee4df642c30dbe1dd2fbf0c3bf0a4341c21a8742610592
A0801,10.0,04acd596a621773fadc8d1cbfc7e3845ff7cd82965a82f82ce46878af2bb765f
A0802,10.0,cbd3bae98fa25d333f44ec9540bb308ea8dc8b7abf4d544d31b49da0e1472034
A0803,10.0,26bf96549a7dd7515be55136b00a81bce9043a00acc551e6605cdd423e4a168e
A0804,13.92,2485210b06502fb4a99fab2d33d767d9817d61582885a468a547ed112e1f090f
A0805,10.0,6f3a28e091ee7600e764089d20130ee80a56236473d301ab363d3d9f10f25256
A0806,16.0,2d319ffc15190fe8031ad7f521dbcb40faf2872f8912ca51dc7cd2913b5c6138
A0807,18.0,4bc83d776d7fc6faee5d117ec4f850c4cb1beca18a4ea212b1c9e0df32b87145
A0808,10.0,54c0c3c0ddf503e874cf4a06e9eb683e73f68ba2cd3569545488a2516646b92d
A0809,12.628,9f89c7c70b0262c5b2a60f718ec9c4922e748ec369b136f83c0481ba76a08696
A0810,10.0,6f54748d0d7ab17b40e647069db0ddd6b0299c8d1748120768db5121c2b70708
A0811,10.0,fb09902d44677a12be91e14f6caeb3143bc2b11fc3aece35442502277538220c
A0812,10.0,c2b9b9fbdf4dae76e2d6ce5a68a7d470cf3dd766ac923943e498720f20b051c6
A0813,10.0,e64b17ddd863cafaef375fce91cf8935e3696a091ba0563930bf0dd48d0d7495
A0814,12.482,aa959e79f395d0a1af293b2830c0c0f87452e8a6736996e80b8a4e191d27178d
A0815,45.0,e6a6d529ccc976352a1426f366c6ca3048f5bd82affe0c8743cf0e6ac10a459a
A0816,10.0,04d7e53af4080b46320e9808af790e35ff63c6fe5fefd54947cc73c5640f91e0
A0817,10.0,c053cd90221eeaccc581a4c41fe4b15632c866653da77be5ef88cb9daf397106
A0818,10.0,2dad0b39d729e95c890789a1eb96d079ebfefba16d1c4c39ba95e793c67d645d
A0819,14.574,11621c66b3289b0f4bce407d3e655b26cc6759accdccac158d140bbc4756e6d2
A0820,10.0,390f1cff1326cae70891ff38817f2b38edbfbf4b2df7fa0a24c8575531940dc3
A0821,10.0,ab84ccd81409f7b422bfb91a7d9bb3348b3c2448df4a3a5bb6698dc862cb735f
A0822,15.0,99f09b9360cda2c284e5f4825f00e2d30c49b8dbb634b765c9dac1faece2d44d
A0823,13.0,42fd53090524696b20e13d581103050b6470c8befea34e108a2d088cc9485c2b
A0824,19.0,cbe5d377bca8e5345fce70a8bc3b7af2ded368a9fe1d8344aac860d78ab90423
A0825,16.0,c51d193fd30aa2a9ef7c82f264050e240ed90733b3a629393d77221da79af433
A0826,16.394,988f560892d135ece4103f84d34f2b85bd956021181cf9cb9bddf6d76622c562
A0827,17.0,ff7a3f9092c8643f9904f2b540bd9bd0410b27548a3594da0a7c9928404c8d16
A0828,12.804,8672b9e9b14558e12af0563cc93e94162be3063346a493c802afd87b69ce52b4
A0829,14.0,1526f4221f9c063e2a4b0aa445e6a4310303cbbe57bd8280b6e2d24a77d79816
A0830,13.0,24bb80492c3957f6c3bc69b31394979ffdf13d0dcf57e5ab61ae345593f28312
A0831,14.0,767c58ccd1ef59de399e2329e47094b09f25ea7a57eebd3f88caf1fb52833c61
A0832,10.0,8446ff5dc863cf3a5bd5ebd9ae703f530155424f7dde6ae361ba450e1fe38ff6
A0833,10.0,e233e47e78bff9f60fe8d2f6721751b5f8ea2fd8f045180153b7bb57703d7ab1
A0834,10.426,809904466bc059f909b6934b6664decb5d60851cbf80d8b89f53ed0fd311c46c
A0835,10.0,77a6295bee924bf9f3ac135ae4dbd33c0222cf8e3b97a6e7ed1ff7f8cd8e6cb9
A0836,37.476,d865f048344ab24fb57f9847d50113e764b035a9ab21c7472445e32418065da2
A0837,28.0,63a1319e9b0643ae74f287db3236a3f55ef6ad413f6d634d908a2271838445cf
A0838,15.0,0d3b2188e30f9e30c9d7c7e757920a5b187c6f63ce76f9d2ff7a521524ffac7d
A0839,15.0,b284ef4470cabd35a6924daecdf99275cc9ba3a914ae809a51d767fc353c03ca
A0840,30.0,e671753d12bf3bc81a8d36fa05d4dc332611b966b423984f34de98125861a23c
A0841,20.0,bbb3e608ca1df6b4d9af6b9ad7779e3f64823c21c031f36c7db69c8f5029609d
A0842,15.0,6e7300fc0f2d3cf8d477d8261d4423688dc3a88baf2dbc9213a8279806bbd93f
A0843,10.0,fe7cc23da045690ab4214fc5dff6d1a3fa974423f2fff8e4ac74dafad6ebfda9
A0844,33.0,9b9477eef1c20854dcac477edee85aff3cc8acd466a70ecdcda474f05bb3744e
A0845,15.0,cff65c2b554941ea9fcccf39eef585445fdb2f45fb4690f01dc8d9636a1cc5e6
A0846,15.0,0d696808b8748594769bcd28342d88fa6783d6e3e5d2099206caae4734ec9238
A0847,14.0,c06ec209ce1115101114818ae14ec4b1b622d83540477f8aa529d347689edbb5
A0848,41.186,a2fd3fc208af66023d1c82c81a87d1467e5122d12c7373bca313b8b312b27411
A0849,10.0,81eba3a0071fdd6bd385082e95349152244ff39a8a3678689aa1cf66822f03b2
A0850,10.0,3d153aa8843554e1d05ed1627a0f151c420bc56120dad9fa96ea2855f9129786
A0851,12.554,7bb9abf6ddb321aa6191a20830a24262d257e6b47404c63c60ec2020538170d7
A0852,10.0,640d59bb3c204bd11a26cab70b72aa52483a569c1e5703eaa2f17edbb588c683
A0853,15.0,ede717aa39b7df12300e824b90a53135cd959d2c7ded9abeceb1ab3eec82531e
A0854,14.998,52c542202932cba9f982fba2f35b066c16c0de096b7c962f5a701409d2f297eb
A0855,27.0,0541fa61296891acbe3105184df6163d19cc164c268d0876ef97ec4c6501c85c
A0856,10.0,e60e14e830e0592bbef63f6fbed5835f46d8880e9dfd10130c68d1b091fce0f4
A0857,10.0,01e5474670732e1e16469d29a3d51a99c359dd18c07f34b17bfd926854e5088d
A0858,13.0,a88280e25f060757c32d6b9e29a2eca627eef386193227e45a29c926cb550e3a
A0859,25.0,ebcf4298e4a031b05fcf36afe0b216e416c912f7cb380f3e85d13180e0204da6
A0860,11.462,afe305554424a332583c38d5b4a0f86f8a5bf370bc5cce1d0570126ede627482
A0861,10.0,8c642b48284684c870f120aec457a93a2132ca8e53c6ab2c0f76cadef3f31b63
A0862,10.0,f2236749cf855e92794394df14bc64864fed2107a3733c912a8d750465c2171f
A0863,66.0,d6ad99d53e2f39d07d3a6cd042334a9dc7f38f32982fa3180f2798aeb94688cc
A0864,10.0,5cce3692a7e12c460ae43409e49cc9463f35f449087a5d0fce21b7b602c3f26d
A0865,53.3,13482cd7ea8ec44199f8fc7f4d1ea818b50dd7f2d80b6d46b8538058ca3e8352
A0866,14.0,3df52fc7c1bce413966a9a6d11f1167f0e543e69e78335afdb24d0177e9453e2
A0867,10.0,8e037e4114b7ac7b8f44adfb6004193c16016031ccf59ec95617bd3552e2d70c
A0868,17.0,b5f906b2683ddedac28a9f701a5946d15e3ad9d76ddeb04fa3031de3e23614a8
A0869,11.0,f1075763778169a1378f960ab9dd7402702778a381011eb38471091196115990
A0870,17.0,51e915a2cd64d3cd5582e042d84ca09fd0284bf127c133d30b46f79e532605a9
A0871,10.0,0d8edbc54ffe0bbf54f3fe494678eec2d05221f11e468766be6041ea9c2046da
A0872,15.186,4d306b5a91cb532303373964d40b141e7226abf7218d1e5dea0e2a4a28844b12
A0873,11.288,1ee846bbfc2cdf2b58928bc3373903beeb8fbe920ce485909940bce1c556c3af
A0874,10.0,1c702d593a73a49a1d15e673de35607c0cae6540434fb60730a7b1eb9754574f
A0875,13.192,11be13d35b343026dbfa085db67a160f11c1a9f73ff6a8f9326c74bdd5f90e08
A0876,22.0,a188e2a18dd815eed71958ca8861ca01097e32df15d37709dac62fcb437d54af
A0877,17.0,c2526ea39158802c857816f29ed0508e75533d6ed0baeec56398b248e5c40b65
A0878,12.33,b477a9292ff14b54d24aeaea97b9dd2e53b17007cc8384d800c96074192fa0f2
A0879,12.0,916f87d952290cff82ba84b5fa7c8c51c0b402db51cb813b4e7b0c0df2558940
A0880,18.69,08d468c5192bcee2d59ceec49ad08359baf0c2ba06ece9d66d2e591ab253760e
A0881,10.0,44827fc3631d3d393e6af990ad34fe31501cc64e6c3ac62964b42e539b29d89b
A0882,14.0,bace14fec8c42171f1e394c01bb88ae56e6a0d5fad98bdd2172221e5a8d29444
A0883,10.0,9cb800f87c89c3a36c0d25bfae3559bc9c1dc197157e478fa05a360e3d03effa
A0884,10.0,84ad740dc47422f59941a0556b78a2dc24538f08cbb0bd45ab609032087a9f22
A0885,26.746,fb0e6a8df1087fa75dcbda6131210e8994290364405b2715460cbef0f90af274
A0886,10.0,f83a36977f78b430c79b35250e16d0eb1d4d9bd5da8f21013a4930d92360bb0d
A0887,10.0,e6c70f74b2ea39e238577423e77da6e4ea1b7df56f30113b6fa60a4bcd14b47e
A0888,10.934,0d144ea958c0c067522312297fa996baaa11c833fe87c6ae87daf05e412b4ff4
A0889,18.16,c2d483090154330458797c443e925e8ab1cbcb844ff3678cb108dda785367064
A0890,10.0,4ec8425456c696373c3a175957326c691254a26c4262c112a5a309ba4d6879cc
A0891,10.0,f929a9ac101f9ab5ff76f7786d43c054c507d3b24a10edb08b3d29b0e869c6a4
A0892,17.0,2f0d2e2956b54fbcff8c020e569d6f00491203d95e02bacf1742514be28bb667
A0893,31.566,ef0a3151c739d37ee3c2873e3492208783d75700ffd89261665b795d9a5c6e5e
A0894,12.0,e1214b39cc1738f2aabf2d3645549a087094c024b6e786828809106a01846fc9
A0895,10.0,33b56a4caffaaaf2840beff25d51803da11ae2d609e9c1b8da8590fa2f371708
A0896,10.0,be787c9659988b8360bd29e2179b82486d812a841ee9122c6343d9b3b13a8b23
A0897,11.208,be690138246e0471f78c05e997a227e7b659d62769ad2628ed1eca222fb70262
A0898,10.0,1f93a09d518e59202c06a1967dd24e246d04fe01e354460752cd6f1de3f47afe
A0899,20.0,f89810202e59f6ab2ba77b01fa8a13eafa20e0ab6c474c777fc255bd3ddecfe5
A0900,14.0,210658b6d6fb8a667b3806ec93847143ee03f3581a842d2d905dea7cfccb2d5a
A0901,14.0,d361c41779e5f8e05e1eb76d87159f035f7563cc4e0e23557df1cdf68f45a6a1
A0902,13.0,d05e003b5a392b79a8ad0fa00d53f0651b2840eb8a23616ceb9859ffc674e9ee
A0903,15.988,65f77fba0eed49fd9e2ff75303c5a59be0b0343e8cf75fa33eaea431c4f0aa41
A0904,22.0,27516c19864fc7d002eb62cfefe2552c82230b43fe071afd805e626354f7a5a9
A0905,15.0,e3cdc3641bb0382bef3fa379442160807305554d1c69f4cfb8b29823d6b75412
A0906,10.0,63a0810033f4ab69f0b2cbe5c7199f3ec99b940e4e8b84dea5c868c156fe54b5
A0907,10.0,78134eaff341c3f366c8f0942bdd9262ca5de3eae75d08ffc8acb1de6c940c60
A0908,13.054,6d6c2eebda8b5318b8317df0840fd45b53a091c39eea70b9b285fe9e179fc097
A0909,10.734,0db489b7ad927220754665fd8f4b8c2ab5752b52510e05ec3e19cecac29495c8
A0910,11.508,09f6eae0e4bf55dec01836c66abdaf715ab1d33adf2f7da119e1f3cb3d0c5ebc
A0911,21.0,b418db323670027d411a477a1afef4cda99e1b822feb712e03815b4958ef56e5
A0912,10.0,5c7fa62e9a2285ff411d6935bdf907060cedb4b9082edf5b9cf90a9f8aabb478
A0913,19.762,b9e4875dfee1c770befefbae9f9533ae7459420519d3d6d3a324d253f4f4213e
A0914,19.0,90a7146e05a494c8396131b034dcf1d0fd68808a309ae88ba02032da5f8d5d89
A0915,10.0,ad4fac56fd332ceb27f074422295fed2609f31290cc20f5e01e6dd33d524d980
A0916,10.0,0b965341ec8596994678029a9d42bc66338f077d3d405b99b28915a6fbb8215a
A0917,10.624,ecbd8d4ab8bb8167b1c1c9506c41b52c69e1fc8b408abc56be474f533585828f
A0918,17.0,1ea5208982b7e476954dac446367fdaf5da0b7ba967d76d188ba4b686bdae580
A0919,16.0,f50cfb0f3906f4eb1ceb8c975b158d9c5b3e70ed8b0ed662452ce1cc8b1b8cdc
A0920,10.0,89d58c77660f0e8572fe9e2c415410b83c4b4d27c4e9372fbd36dbb20ea21a1a
A0921,14.768,d040889a5cd9027ec96adbda4140c4a850b679ffb0b91730b570a0db307f31ad
A0922,22.0,ab2be569d187ba771dce79aebcb599e85974788462a1090991c5a4c2beac1a1a
A0923,10.0,f70f592150c0d567bc90f6e4d3cd8384c330e5c1dfb4334b9a57483c913673db
A0924,12.0,96372135067f4e75ce8d1b32ea015d49e79f03f2638f26378121a48249aa032a
A0925,16.0,dac6376aef37f03969830b808d67117424b74a077004085d7cb69ff057f3f96f
A0926,10.0,f7124ac38b6ee54e2eaf7edf87e9cafdd97a7129db7fd55a3e1ec7e89f6120ef
A0927,10.0,f8532ca58f39e735e5984c65ed818a65fd69b7bd9a0e34b22adf354afb2bc373
A0928,10.0,c6406e27614b00abbe528f46833905825afd8f11e2b4c6521abd923ec5700baf
A0929,10.0,cb84b0532646955ea132b15dac8cd02570b764801d08280bbe6e9f8c66189754
A0930,13.096,2741fc47856c3a820935f70edcb2d996bc413693c423cc84d7f832de329fc57f
A0931,15.044,62f715e15a83ce3e0e000b807de27890bb98a641a7febd45af5be6d2b7a679b9
A0932,26.986,f8001c5c78242cb41030d2700c575b6e478c566750f5b5d4c7e61bad4ace9dc1
A0933,10.0,0a245fbeef06718fb8200c28bf5dcef736c53bffa5a5e0d1ad019d6ff27b9b11
A0934,24.0,3575a40f4847f1e1992d0051f60c632bd46ac4b7a58f619dd6da7aedf1301eef
A0935,10.0,bb303698ced497bfff58e65af040d0684ec08af3e47843fcbf8581450c383c0f
A0936,26.0,2ed7fa183decedb66c20110c7ae7638d321569ea666c3926736e03858c406211
A0937,10.0,1925e7ef68aec7ac34be3edc639d1b35d4f3f8a5ac1fef9760681fb69e64ee13
A0938,10.0,7e06a73b7f4ee792a3f8a41f913faa664dfdc4126f2b21c523dde8545803b0d4
A0939,10.0,2cb27510102f15300ab7b788daf800410df0b63974c860907cf9e74e8952fa22
A0940,10.0,4ab5f23e25e64f71dc377a5fdecb4cf47e65eb7bf0610cf6466eb28717e8191a
A0941,10.0,b0a352ea4e35856d131c16858092f796098184c900338fafeffb0d8f68b4b70f
A0942,11.574,840e1f108a08d3cadc634a4c3ae44c5b88aa0991521146a06d087af9d1efac9d
A0943,10.0,36cbd160cb1bdc71191400f733f4c0c975b6c919552b9733522ec80852fbfa61
A0944,10.0,e4322af2f267c4bc2fae3fe4a64cf60444d26be678d72235c9b609b1b50405fb
A0945,21.0,ab7a71f80a2862768d3d84cac7e9696bd7c927a272b812402ffca7b3da560454
A0946,10.0,aa2b2f105841802dd75ebf37eddb8a3f3d1307209a859f900263d3573b72cb49
A0947,10.0,0eb22c93cabcdefb60440dafb8371ff17e6cc407aa85667bd5d36cbd2f491001
A0948,10.0,83ee03a3be21d1642ad614ef3e32a52af89ceef4e8ac1342d994bf556ba738b2
A0949,24.0,d3c40dc6d927ba3bf2510dbfe4de50e0d59f5ef6503f3d9fe35a07d6ea27cccd
A0950,10.0,ed8264edd314c8ee4180432f2efd5d206734de7df4cbdf2bd56063de335b554c
A0951,13.0,4ea73dd0436433be85348244b4b04a0088598675321f118d8727bdfb262065d3
A0952,15.0,5f19cd3e353eb7d4acbbdc3e331234a0f249275eeb856e21a9fb4e6566f64d34
A0953,10.0,5eed833938e3e3669434ed33fc0d40a66d0a3184e88040a73ba734ed8720ea5f
A0954,10.0,eb81393095a6e2534e07c9a74d1c8479164ebb35cc1dffa8ee64f4037ccdfdfb
A0955,13.0,4f870acc5f18621bc7589453e0da35b187d26d5fe3418263f0a18ec512ef49da
A0956,16.0,302f11a68333489eb0f581543543fed100a545609354b9cc1b75df0a26c5a4cf
A0957,10.0,03a88459258fee5e4c0c9500e5ef59e3aef8d0de6334946086cdea3574925917
A0958,10.0,ade5dbca906edc62e80ac152b8d72e0c3222f1403ca69c307265cf62bfcb3df1
A0959,10.0,c70128d5eb35bbfaa484e1adce962836a1377915d68dbf1014d4dc4a4ac1bc13
A0960,11.93,a89e111f52b0ee0dc2fb1e1a9e6cd9653f40eb138a5f87c3776383e33b754c19
A0961,10.0,02a0d5c0bf9ef540b6cff0941ac37bb2f29bee115fb2b5dfff41daa641498a96
A0962,10.0,2f22ea18f150971833cee8a1e20989a265decff0b07d02fbd9462b4c92c0cc32
A0963,10.0,d1fb57d6303499b494f47c003bd4b543b176dd702ffa92b5e190f68d4e8bcb90
A0964,10.0,e60e71a9d5bbba6af8a2c944d958c2b559031d36a12e6e743f27841b96e1efd6
A0965,10.0,812bddb0501b333132d3de2b361ef360b006d294075e9943feb521c919c7eb2e
A0966,11.202,bd7cea3ced672917bf2dcdfb8265bf4fecd9b262f720fb477efde283c38ffdcf
A0967,20.0,8b88132db5f488914e73cb6c23d1c617b145feb904ac5a986bc8fa00600e33bc
A0968,10.0,1423a573dd6101ca609d833b5a9c56b0f177d22d26555a80a65cc262a74c03b5
A0969,10.0,0699433e6ae407586e31aaa02e7b9ba25b6445a819925c470fd4ee48d72ea8dc
A0970,15.0,cdcaf26f0e4d51230e660a8bc8964cc74dee1f4b9f8d0e3e7a92edffa6b950d1
A0971,10.0,a8a78f7be849c8b9ff83440cadd6aa41762e490949bcc0becbfbee7f571864fb
A0972,26.096,063a50bff8d935f89d0aeb005de443843bc177086125ca6667f723014e35e3d3
A0973,12.0,ce7a36763cf4cc1d1abb4ecd52b49730a5c14c75c850877bd99e4b821e19e263
A0974,32.0,e5c662d3e9230d9eeb261672c36658294e4c63d2b7553e807c57befd358097c2
A0975,33.244,4e78679c58a5344d30254923d6562c34899b39314d707a72fb1b697b17e6e113
A0976,10.0,1490d735c75ecfbab94e27f26d2ea57cab3920ddc629850caa26be34a5f36ea1
A0977,10.0,2136042e311092df9ab3931c032de2ef75b686e26bc7d37a8cd9935edfb4398e
A0978,10.0,92114e17d12e1787301740dfb1a3f61a88fd0077a2cf863579094823c6470189
A0979,21.0,5fb14fec95532a4f8c0c4923f306e1dd92588a093de5fe1288b1e352f0189c42
A0980,10.0,3b6d9147c26243cf4e5da8aad5c7aa2eef2c25b90c0ff9c53e9addabddfb8d55
A0981,10.0,394927ff9b56dab4544efaf47ae9cfaa506abb226f92a5d21622e46887afd904
A0982,10.0,1ac5906e54104629bd31148604f06daf4be69e30ff694d1cd1c8d03f0877f31f
A0983,10.0,ff2471df2f7af95dd72bf424157df5aa4bcfdcf3cc03781abf24a20d94fd7e28
A0984,12.426,64c0ae4cf5ac5a85257cc2f64c15ded0df18eb16d263e6ad16ec50cf3ce1db60
A0985,26.322,4a4db84bb7117d45d08d9f038dde804cc5598ca61831959cd9f0fa273fd5d3af
A0986,10.0,a18e4d7d748d38658148600154b71cb537d2c9f5d2801ff93faf9e016f693d2c
A0987,22.0,ca55fd1b01d9eb0a8923bd16acd56c297a0c2cee9583a2492787cad15637b896
A0988,10.928,5def268703aa1de6d3d61f8a7fac8e4e62e4598b5b6f96f5c0bf3aabc1ff3987
A0989,10.0,d03fa795c92ebb17f5c3824013ca6f03679e5522d9b89804b086f36bfdcc30b6
A0990,13.354,8ed1015c44af48bcf6014531c58458bc7cc80b61525d3e54f8a9b5ab0b826322
A0991,14.0,fdde725860283708e8acfcc4d4425e44e30239e3a9c54aa1e93788ea046ccb02
A0992,29.0,1f8a7aa10a424ad17d52a68672e7952f03aedb7fbdd6ac6e94ebb6b0e57b0d4e
A0993,10.0,023621c06ebfe940a337b8d080d4723192db93c5ef2e3e147d1ff12ccdb124af
A0994,14.0,aa8a2b7ab485375cdb0cdb84e5a67a2d61aaef1462e9fff901313021a1204d03
A0995,13.0,826e4e10f8a6783cd37eb736b82569176a538ec1c9dc3e5799030a1925a67f38
A0996,13.27,64dbd9f48f72f0ad2a3f1e7e75fbdb6c585734851780cd10b4ce96be75008974
A0997,16.882,befcb162404c6667203fb8d3c553f396251c720640557a18239101bb15816675
A0998,10.0,b1fb81e60bb78e8768057567362ac20745d6eb0c8fa4c296bff5e45ac2a3a45c
A0999,13.234,7e16cc4302072346fae4d26e3b898ce2f1a42aa0579ae7e5cf8484b46a6754fb
A1000,24.0,d55ee8bebb9a8fe2f734e93e52a8c0887640666f3e3ecc124ed1fdfc154a5c7a
A1001,31.0,71d972702269b7de02c989989adb76e5fca3c57c650feeb2ac3f12336ad1dcc4
A1002,10.0,355ed94782838ad17f0079b912583c7b328823e467afd6c55f282c20a53468c6
A1003,12.0,4bc1f946a6f5f14f25538441c0a1fc4a84c66eb03286c60d5f5ea86eab584986
A1004,14.786,fbefd0c65dd7e05045f3fb49c28d13584b0688c3261aaa95c5a0e87ce08c718e
A1005,10.0,7c7ee4db034fbbf1bbeb725b206ab05661322325b88177a5152622afcaa93aac
A1006,11.154,4d29eb96ba175929378a6a22f6e4cc63bffea2163696071e991d849714971beb
A1007,30.0,523993074bfdb98c74562a663d99446e74399a8f4d5b5ac9eba63be34e637ae7
A1008,10.0,d08cc0a36b54d442eb7c8362cc93abd365edef17a62d03f78a5cc9323c6ddef6
A1009,20.0,f6418ace5389aacba5747d0f326718f38c2f6e80403eb547363b0eee0525fcc1
A1010,26.0,16c20edf9410e8d58ad4377cf2a83897977cd623c884da6ae1cf2f80266e6240
A1011,12.108,137af16c6524f1a93d3010cd9290a38343d9d949197eef67b71c5c88228c98de
A1012,11.0,4332595dce66e6ef0ce648a4b61181f6c20c77b1d6a54ba76e3cf96ceedd8a06
A1013,13.0,78f3cc0a813ed1bb170396fc63323ca4e9501b1d7ddf05d4604b5f9eacab7e80
A1014,13.646,e7d4acc3a2281aedcdb36c212f6275b6287f015cb87f648d4d8c1c532935e7ad
A1015,10.0,555acebc513635cddde16c77bb40ef5aa882eb7c811c39beb167339f4c5415cb
A1016,18.0,709d75e422f4d2d856c6173563761d5c88627b001e6db1a9f72c673381742fdc
A1017,10.0,7c556dbfbe3861fedacdcaa6c7bd4c75ae4bf0bdabf8c6c7b6a2455cd0f32331
A1018,10.714,601dd5aa8b10b4fe27a55e4e36eb86446a799aa3bffb0488052ba18a14e75f5b
A1019,11.0,cfb520cb619f5a38b773620d0d8c0fad319a46489ffa911189da9825ffcc5442
A1020,12.0,d3661556c4d1d879d8e63fd48b588abdf8dcbc987adcd84c39bad9e3b391a2b6
A1021,34.704,e06438b410275311de89aa70e3ff52555fe0aa570e428bb3ffc9adcc4ce37f4d
A1022,10.0,d9ffa8f470fac4ff926d5ff7eab994dd576ab910e8b1eda940e0229d92e12c5d
A1023,13.0,236bfeb49eac9d0ecbc0bfab8fb68f8674fda5d851c8e54244c6b19ca9a72659
A1024,20.0,209e8f9ba4addb941041bec076f30783921490d8d4dd793994abd63f2cb94610
A1025,10.0,92ad39d0aeb2c6a27362c373f7ce11d989cc73aaf913968335759e6644c77149
A1026,10.0,af5fe41abf56d6954b539af7e765d86a55e2785e1097894620f42873e72a3db1
A1027,10.0,667228cb068cf01e9c3f4030f26d7b10155a3f4a19c0fdcaf58bfeacc5baebbd
A1028,33.196,e31ee9ba5c275848c5c87401e18b89489308da2a392c1134b11fa13819c248ab
A1029,10.0,c009d0c1daae9a7196d4e1a04ed8bbf646883229d7ce8bca81f8bdce25079c01
A1030,13.418,7ce2948488fbc1b5372a32f09179cd18a8a141bcc83ab6a8ec3476a5733d176a
A1031,15.66,7d7e4c52cbfb48c416c8edf87d535a2a7b74881b17f47674e71ddf8a5538f10b
A1032,10.0,77b3a3992f4d7af27864dad57737785e4eaa5d13678f885e3cc017e21d005281
A1033,16.0,3cd9bcbe0daa9a7c69ab3876181570b30eeb34accf264d08557c6606e9381000
A1034,12.0,44cb31194be82a24c45c80661ad5921d19d6aaf6a807e500af8f8ccc962a0b12
A1035,10.0,9e9591d42ad6c4ac50be2179cfe2cc06edbf413df924f3074f2956c789b5448c
A1036,10.0,6fbb5e3b330aeffae95efbf749184123a91a565b5d81134ba9f0fad6420c47a3
A1037,10.0,864988e17b1f5a8abda47b5549226c4156d69732b7964007c460bc4655b3646f
A1038,10.0,431882e4fb6a5860b10bae339eeac7959cba57ad642d3e2ad978948459587d12
A1039,29.874,9318c0354f368ccbd87ef72ed7e84e872d4a34f4c6df42deb72d166fa61ad522
A1040,54.056,bafdcdeb8a8a1ab75754cb04ce57a73bd0ce5fdb4f6e4eade3271c79af07cab0
A1041,17.0,3f80270b3a2d43bf137baf51458d7cb8989a5fefddefebbc68cfdb2e7834eeca
A1042,10.0,ffdd34fae1e5316408590a1eb57bc133a551d24a21d544da778c89b1c4e20b41
A1043,47.0,5e1ae03f3d1d023721a7dc179ceafc725ad53c44f7c8456ab268d2c42240eb60
A1044,10.0,25d4f507c6268d37c414c565d790a6a16beb31829270635b5a800ffb14adf7d7
A1045,13.098,2f02764af82c471135d6dc299e9236808b2d80bcfc72e2ce02c67c34e981b86a
A1046,31.0,fad847d0a521800f72b51af4fcfeaafb221e81c83dcfbf77d04bc881eaefd4a1
A1047,10.0,fef14942b8e0caf5c1741d6a010b3eee092ce50524c7a2d219adc48a01c93f4b
A1048,10.0,85362ead591df4b05c76011d857e6d4fc4f53982ed5a37237f36215ed9c7308c
A1049,10.0,d6b30486ac8daa7b83f11f15ede034db6c9536bc2f6bb8d628743d04cca8ae88
A1050,22.0,2d4dc170ca8c39b7b4a6f92720af44093abd5ad562cf9927039c4689b1cfd2ba
A1051,30.0,057c61fc4357fbdb062bb8ebce56c643cabb24d56d992fc70ffc235ce7f424d9
A1052,10.996,62ddde5fe23243a7fbeef8cf06320e676334903102491a97ba50e5ff262b80f9
A1053,15.0,e50f17b22f1f1c5af0d14e68ab4f44a9236811eefb80965ebd020357a1adc284
A1054,21.0,a584d2d452e13551762239b9f4c162d428ba6ce63e996478beb014a180cd6603
A1055,20.0,7a30281798d5bbeeec00df71c6fade2dfe535e5e780cfc18c349a6d7438936a8
A1056,11.0,ad73e4dceb1b817e49229f55eb793e95f54c22fd60a59087511637d2eb548441
A1057,12.998,a305dd71e8ecc7956bdc5652d8d8180a35048a67bb20553e02aa8618c6c2e92c
A1058,13.896,6e755596445e8b154a7e07467c01da82a43b4fa35dbacad355ee82ff27d96852
A1059,47.912,1bab3a8549fff3b9c3517805a4dd823a691378aa1ae2e999938bf52039c3b53e
A1060,10.0,fa0e582e0d231f13363b65da04e9ba3355215a69741ee3ea337d86a7fad110d7
A1061,17.452,eed2781eac6b9326f161ce9969130692ccceecb1ee3ebd081ed1f50074e458ea
A1062,15.0,02f3c191f230c92507c01988a5942fd045b501e7ba8d0bd8ca9bc482031881fb
A1063,26.0,7f877ebd03876fc3eb99299da1414a73bcf24fae8c902364568dc04e8b8026a6
A1064,20.0,1790f71f4fa73729a3c423b881d8452a471df561533099a9471a2e723b4195c5
A1065,11.0,22a73651b05d6e6698eeeebb16665fd8bec69b84369ae44c74af82c527a746e7
A1066,10.0,5772c59ea6fe8e125b1920cec89746d688cc0f6ee2df5ef09809c321d2fcee3b
A1067,10.0,fc4bd4d31888ac4c4151a5ede1994d80bd546c2ad20fffa0336b4b2b50490bd3
A1068,10.0,4c7298cc2e4e42a90b15385145c1d90c9bf57c70f4f436371bb3c37d38026356
A1069,11.328,c6ba8d99f7a185cb0e38cb82f2ff3cfc152d4f30af9fe2de007be154a9677e04
A1070,10.0,6d2dabe940bb7ed54c644ff04aa5ad5fab4b3e6d77b7c1eee56556269025d28d
A1071,18.0,f3bfd87cb553e4ef8abb88bac8df6e09c455f4600dbacac302f125d719c8f5b3
A1072,30.0,43328963b868b22fb9738725e6ed0851ebbb4898bfedcbbd5f238b22f03a512a
A1073,41.08,5973cedda9ef6ef30443596677ee6f7b6956610e4c85705195857940c8688a7f
A1074,10.0,a393edd255fe0a86c0a9d036ca0dccf2c5edb3d33e024a94d64ff4f31d4edde7
A1075,16.274,c1062d441d716a9e632d1a7bd5e958d6cdf334628607ee5aa2763ed6a3df5067
A1076,20.0,d024319d8c80fd48eccd7f41ad2394b7edbf4818b114eb443abff4c2de8b912d
A1077,13.0,f44853e3df84f3e902371f33e50f953cec46ba063b8dbfb0b3e1976c1c48d9e9
A1078,16.456,f2f47815fcdd6858f79d3aa1cffdbc307f82a8b0bd89e4da055895c4794c30bc
A1079,10.946,a2bacdbe47101f05113278f46345da9a449f98bcba5138c7d650bf30faeb3946
A1080,11.108,b477fe2a1befae28447746a7642ee3151d1ecfcac27699cb1ba58f38e80daa6e
A1081,10.0,174041fd110f9939018be1cf30dbc3614d3db57ebc253b7505486cb05bbd1f67
A1082,10.0,c43ed291643fada70d1e3ce7cb9bb4e6aa1a18f74259b6749ff291be56f600ec
A1083,24.0,fe07c4b3f4b5bd2795178937249e46b9ec90a9b708fe5bdf67b5dc7a1e915fb3
A1084,12.0,3ec449ae91a698648694d63cfe3bf965169b1501e853bcafca89e550ce8eed87
A1085,13.0,180a9d763439b451c237fc3480f7622198f42e8cc8771a730a613abc2ec83830
A1086,10.0,a8b487d0cdb046b51458faa7a4fdeabbcde3485ae7b2f172aded2f8dfd634cf7
A1087,10.0,ceb36e81a8ab2f168b81b648e348b806168f1fa11e8642ea722d29ede9009ce8
A1088,10.0,407cf4dcb92b9cde432f836b9ebc9ef86e4d369a9d3b704dae8cfa05b286f7c7
A1089,52.0,f8c63582dd4153d7e1eac195c5804d8ff735dbd63447c14d0b488f0f2c92110e
A1090,11.518,08172478f31f0df1804d7083829f5c0d3d178290d658fe79c552900b69044470
A1091,10.0,f944b31e253aee3b86d470361410b45415a17004849b4512db5ab31e974ff162
A1092,32.174,5ce3d5a4a3a758832e78b57563a239529ab0ca9ebe464e6614bc157693a0938c
A1093,18.814,e8859ecba4243aaac5273714181338d1f0b49e48a3528cbfdceb257f39f769fc
A1094,12.53,e985f74fc86678c2a235b442d7fa45453f73a2a7da67780d87f2150033ab60a2
A1095,13.0,fad5b9a8dc19bbc352f0d1d601e898881eb4d397158c0c8e4419808c8d378656
A1096,13.0,2387d083d6c6f0e59fc63a43532245b91524782283577e936bb12dd2a4f4e979
A1097,10.0,801df90d7f3a9a12e6da0893377068191783ea38719b662d453de60d9b119725
A1098,21.0,709bbbe9af0b08b4533296f740ddd3c04ad8d0e1560816318148168067097ac3
A1099,11.0,878fd652e7f7709a2f154772c842e3b0d453797447e961126ba9fa847d352e6a
A1100,23.0,e78a1f29589b018415165af326f545ec47866f401646bdde4fd440d03183c6fd
A1101,10.0,923e0a492334ab16463da4582b67dbfde953defa4ffca92493be0bce5b03d088
A1102,10.0,15fa4a68aa0f3d61df23c515b6ff328564aef17ee0c83da57788b3917e3c6ac5
A1103,15.344,56e3ee3c44a0b5d22ce8a024ecead327d555e0f14984cd190a599bcd3a9b89df
A1104,11.232,f2c1d80175cae94ef23ac761e3777130852066818b896873d1fa2f5544baa830
A1105,10.0,16521134bef964cee7a8b38b90b45b7f6605e842a9ac8306b9ce5f557684c9ad
A1106,16.0,92def91be75144837a4df8dae36539fc401f85aaf20e34062aa2d29e6092c338
A1107,10.0,3bc26207a700e04571063da20e668d0f13ae792c6de49de9fb4406e986daade8
A1108,13.92,ec3f152dbfacbfaab403fea99e84f9d8e1796e2ff588ed80d48b1247b8d821ac
A1109,13.502,f688f0649f3925a662ca6b763599a13003678ebf06e5d6e82cce1caa5d9e4b11
A1110,11.554,e571489fc320796a84d53d8992454d674f6aa5fd7629605fb5f34c7700d17e4c
A1111,11.514,81670d1ee714d53650ad48060c87397ca2675879cdc1cfd96369acbdc43ba74e
A1112,10.606,541032999d900bbadfe6d4289cf243cad32114fb0670bda10b2fef5c52424633
A1113,10.0,809c7b9c7738651c9d8412f00869df6b1ddc5d8e24a264e6a73852ee1af08a55
A1114,14.916,cfc724e91c90e5baddecd532740eceb36db28329c924a977e15cd2677853e9a9
A1115,10.0,5a965a99880800e59c883be1ca955c7c5e50715cdbd32462b5bdf8674d0885cc
A1116,10.0,ed5e761ed868f5f38bf80e4013ee432e3dc729db7b311da69aae6a283e1bb2c5
A1117,10.0,7f0f27f47ae8068dba6c60c3cbec371a007f088d5d0cba8a5ff42ed742c46d84
A1118,11.928,3ac201be37c7de4f6b47f0063005cd2b5bb717bbbcdf46ecb4643397edb14560
A1119,10.0,f71b082dc3eecbb6e46cb3a07fd43aee90b5110c75e6f9ededfbf2ecb898c349
A1120,13.0,8f27668999cfe4bb207aca0475d93bac8d8479d384d843ea44779e0acd15042e
A1121,11.0,73cc1f34deeae0fa6fa89bcbfc69b213bf81adae6b51b06dfbc0402e0cc7f27b
A1122,12.0,5d76b3d53912c28d06a21f47c98f84d2bd2c8683ddfc395a487ea4d6016de014
A1123,26.776,b58d6c4ae1811aa8dab7aeb2d3a957e80a02dd8bd97f4797e88ae0027542431c
A1124,11.148,57154d9acf487c6ad0c8fd11f201da780bd3753826cd03807484ce55dc6cd03a
A1125,10.0,ce9f1323f1ef90c41065fb84f0e8788e03099c9143c8c97dd0e7143f9e2b6a69
A1126,10.0,acc327ad275a344f3eec772054639d19eb6cfa86ce4897af4723129691bdc3c7
A1127,11.19,f0b5e44b4d863064ffd8e5414856df487514dc5621018c61b03ba0e30872b8dc
A1128,18.0,7a21d3be3d79c0b2c9055f154fc565a258fac30da92c2801a5805b20bc71726e
A1129,15.0,cb37d64c83cf6203cebf064b1dc5ec9dd81ef8956ef6c7990ee9e109fa37206c
A1130,10.0,9f7d6836819338f9723305ea0f5f43710955ccc25c3f97301aeafc448ce9eab3
A1131,12.828,d13f6c4b0db731d72bc1a5c904295acae103687834833f6c90481e8ca9b0d617
A1132,10.0,842f9dfa974c791618269684a2ae10e238733c3a8405e2b0509e42cd295bfd96
A1133,10.0,c636aeccb35e19dbb83460182aff74b142b3e6f70daaf126f7eb851499567dd7
A1134,16.0,99ef0578d1fb9f1670f9d681da686a48ac95d29f73faabd20f224872d7dff159
A1135,22.0,919592726569dbf54acb6c6792e5a2311aa8fb3cea0595e0836a925273bafe2f
A1136,12.088,d167662be6c6bf9e42f7a1b33f225f311c2826d59844ebe467000cbb129423de
A1137,11.0,8b04cd3bd8705f4ae7f957087cc967b79c8d78383bb03827bf630d73680b1bd3
A1138,10.0,758800758871054404bfa0f8052938cd794d78e6a152f686ef875460b464ba74
A1139,12.146,184d4e282ed9401dde02d9d4752e1dce547e84dd51a811e6651eede2d4c08ecc
A1140,10.0,4bc9b19207ec4b63ff2d78d023939ad18c6826de502972432f280fc42a674343
A1141,12.0,6b42e1a316232219394b4ed7a1c02b95b830d7dd3d86f64eb276a55b3a7de1d1
A1142,15.354,cad59ce6fc143629b9e985fab525ec866c2359cf6dc6fe93d5cf16b5dcde88a9
A1143,10.0,4b7bb8f60c096a933d0fafa8d13ace04a40f99c7e3f1ebcf66cbcd8866fe0dc8
A1144,17.0,f229d0918419e1f1b625b431a96bf0a81f5b8f8e51c4db444386481f90ca8dd5
A1145,12.0,488cae2f1babbcb5fb3c2992eb6cdb40405f1b159e6a3f435036c4a83ba95195
A1146,10.0,c9fcf514bc9a7bdc62a219be1c038d3961aab86f71a6980859d869e3acb9bd21
A1147,17.646,aa654f0f745d56158c550d98f49f4d67b44521ec83e88d36ddd293c9361a762d
A1148,10.0,0481b0ae929e4181b934f745318360e7812cda63cb7c1e4f7c49f735401154c3
A1149,10.0,e2fea3270e3f923fc4c568042ec1ac243de65675b6a91ec516e1d36f1d9035ab
A1150,28.0,932a6ffd29ed20fe08b45209c6a509d4eaf11dcf1a8e2aaf6e5b17d31476f8b2
A1151,10.0,abcb56065be2b9e3079468e62866a5a91b7cb077998512dbec147bfaff3bfa09
A1152,10.0,734d8c281928f592418bb3bc985dc99403d2c34aa29e6beee4eb058526648970
A1153,16.0,5b0b4df231b74170f33e49b256f9893f6c850701bb60190edc7564cc9fb9d00b
A1154,10.0,c28a3490eadfeb17afc5690e8d408807f1939ca80e77e15959faf072fdb79828
A1155,20.0,440265832f740553e59bfe0f1c3c6b2f310e6570d0fb0493982f995d47840a24
A1156,23.0,e0e6db90f6dbad0d0983734bbaf8efdbfc7394de83e7b8fbb068e1410387694b
A1157,10.0,740dd795a6b3ca77467045fb95f4a78389977d94cb95d63632df5a8df5063b5a
A1158,10.0,b54556f0ad159f21c40fe5db5a70e29c7a29c40b186fbcb934d49a67e76f64f5
A1159,10.0,7ab0b36f5c3f7ad1fbc6f26ac2e030b82a2ad9118ee9d7bcc27997aa15ca6997
A1160,17.0,fa63ac4d4bbdf938fbfc8b35cd08f96bfd77df03d0b6600f14bc1c8567d7bb2a
A1161,16.0,65f53f36d10994b78531558f838963865c57b13e03e7115e68c2d8eec5bf8144
A1162,10.0,a8ecc37c78b7cd4231ce356b6ec1ccaeb919e2d10b64f622d22cf0181f8dc6bb
A1163,20.0,e673fdd60b3bc4241641da6a8acd5ce53af7ce9a5e2e0bf7976bbfc5a25cb941
A1164,38.0,89947b12578e36e30bd036f7d8d3d739592552257a36cd986f23f417570df830
A1165,10.0,0548da588769a846a352d5ab348646dce2a78ccff2574f59e7d6704e5da13405
A1166,10.0,35aa540475db6121770d7df32024681b760278b14b33071bd7ebe8f1c949cd82
A1167,11.944,3514ad45836bd8c09c9374ed7ccf816fd21c5407912778c138ffc5f73c092e5d
A1168,15.0,96c8d1bdaf6bb27ba069f0be1430045d2b99416dd28c6d195fa3c846ffc71ced
A1169,16.312,2b939230865a6e47c756d35f616a1466cbb008daae51c3a15e94c85541ac401f
A1170,12.0,0f4726f4407dcc860987d3aafb3f1ca1e0999226f1e36ba6f355dc88d0a484da
A1171,10.0,23e0f15613bb0869ff4862858860204241c1c949ada8c30e51911de39dac3e03
A1172,37.0,1a437d8c775617b3062bf2d58d14f2b5bfd42cbff84aea0efc2ac2e075b33806
A1173,10.0,a4b2bd5ea6e104b9a2f15d1730284771f354920fca4eab9b95098cf93903a40c
A1174,10.726,6cde5bb5ee7e7aa91a9a036ddc7bd1be1521eecc685c2b8c188c9e19cf2b3014
A1175,23.0,7ff2f6bd4774b73969778e358e3cd7d3d24219c6e70e8391c45908125c5c970f
A1176,10.0,202669bb387a9db09f04440fce0ab987734e5a1202498f21c5f7abcb1b93979c
A1177,10.71,6208c5b068a04d5c2ae197cda9084331579243575caf4c7e15a1cbe39c19025e
A1178,10.0,a8027c0a1da30d3595ccc67f1da9b4bc7d9686fcba9793ab97550c49fffade04
A1179,29.572,623f793627341a61a040d6c05644b302eed2324adca7319c770e76f7af96d735
A1180,23.0,90a7f547a03b63987290c9c5fbe239960a3ff516db9bc09a97e3b8a4994934cc
A1181,12.758,f0dd7f094f91a8cccd4359439a06247d042e51cffb770f79a1031f11c73f2f6b
A1182,14.0,fe2389e0d29ac7abe925eeaead32ad7280b7a8e0b2b3854ffe00a8b73df9dd79
A1183,10.0,5c36dc4babcca9b6d7196928324e88f06c42064a8247289a98026d01097eac38
A1184,14.0,b08d6ca0122cdb3aa93bef50cea7365ef9dd3c292ec23f5429b50822456c92a0
A1185,47.0,8447da69a143817f2e0807ca3aff041127c8c5e73e19d73a4b95acdd19ae8bbc
A1186,10.0,9d66137787930cc9e605f1f8385032dc1387332e9c9c1211a07627f8a6efc55c
A1187,11.0,e7cdff334befe0e57a5f6286fad0df1067190fe6211f1096187c46f2e56dd9ca
A1188,12.998,fa63a405ec9f57ff6d05af934d78ba6dde38c82b601e2935d79d66d941e70058
A1189,10.0,4eeebffd8ce1129a3444a0d963e584289a7fa7b94f42f0cbea2322abe64e0988
A1190,11.0,61847eb6cee8903c81b6314a5d01345f565b0ed7693c4b79982cee91c98d095a
A1191,13.0,e6eb82f7598b90963762dbbd2746e18bcf0b078bfb7f1340b7ab38f5b0ea4ea0
A1192,10.0,1806fb03d38ca426dd63fe5d873b577698b7fd56b33e1874d5d1ab9957e91f40
A1193,13.0,769c335825e78c06304e70e661b4572f3477136154ed7414a113723303501742
A1194,17.0,89837edc36cfa6b16fdc9c6f662e8efd64401d89460349be8bc3ba9599a8cf66
A1195,14.442,d86b72705cb501117ba18993409c5d812f6d5047417f70f67acd99bd25c0f1db
A1196,10.0,c4e68bf3d102ee242e40bb0f5f5e13d771d02542059e700c0f34aa287e768a19
A1197,12.666,b29bace346eafff22a0e663ff59cf8c3b6dce45d0cccf80cc4caded6de280a13
A1198,12.0,175589a7eafed22527f98eb17126c221053e8050d97a10cb60f00872afa78944
A1199,15.136,96b067b8fcd384be795edb48fd44d715feb77d6782079bdd3ca9d9b0173674db
A1200,12.79,3555b1649ca5724206c596f63bafe31988abbb8445020c232748e6c2662fbe11
A1201,11.0,9bc9ef8c06f182e1b99dfea51cc05c903c477410bf7464928dd56372e0931806
A1202,13.906,016e5b267777dd8d5c5a728cb58f8633512c1ac6b59c15c0b74932d488015128
A1203,10.0,d20e4e71429978ef588b11e8052ae45c3242a7430078ef0d99d5d773333eb1d9
A1204,22.0,284eb90fb59c73a7e353dd4b8fd091cd627d1f6ab00c6a18df8aa3c691e99d1c
A1205,14.0,9145bfd48d0e421a605679ed61740038f77faa8f1ec4aeccb6a65c76d35d4cd0
A1206,20.0,14f3cabc41275ec3d879652d39ef016657fba06ffebdd3c646a4ca4d398166a9
A1207,10.0,779fbddf4f20d3f5261c960cac3e80115fc6a6ad823a460086c865bfeef5da26
A1208,33.406,37f3916a6376757076a71eca3ebda4b883e23f48f9fd79e764325835ad8e9da1
A1209,11.926,f607606d28a1838ecaa5628d5a92faf369daef88c707083bbfaab728f027fc6b
A1210,11.522,24445039ccb9b06b85b94c75018e4ed6a103fe7416133aae134058da430c7e96
A1211,41.116,52ed7a8a33f564bd6b364bdda37b95c5cecf9f01599b496fbce0a516184ce303
A1212,10.0,895969d2b6e95333136696a6e6d30ffbde5c71fd51616318d8465b0d5816b16d
A1213,10.0,e1f4d0e5b07cb8675fa1bda587cac9a060ba89d98bbd3852ef069f29086b68f9
A1214,28.116,4e6e7504771a5ec82d57de876f1a1f803ca9c51f0809d59accf7ca47b795b52d
A1215,32.64,a31f2e5ebd3774eb79f06729a95a38f1a09bf9bcc1660d0eafd4395fbf6279a9
A1216,10.0,2ca066fc211f05b034fe432b49da6cc7b1094366bc822b63711020bda2d0106a
A1217,15.0,13bf3d85ab14c60f1000ba0db88f9a582433bed238cf80ab270051e96c6201cb
A1218,18.0,a017005c366e91966e2f4425c0edc09ca430235f15c4ef9ed606dea1b3e7f331
A1219,10.0,7076122e123cac62ce4e311e4759363ac9ab26e6e27e9c6e4f4867d019426014
A1220,21.0,44f6fa4bae6eb069288c007eb1f908ebf867f17aa9ae084f19ae32cef4993877
A1221,10.0,b43c4f46abc24bc3ca144d25f2273f125cba13c7fc9c871ae00fb163fc7f09c6
A1222,24.0,0086383adfae760a720d99b06b8f74c4142b9953d8f477e2e46cc0234586fb66
A1223,14.0,bb2c63ca81f24146e3d9e0a94b71260e69a39b851ecd335cccc3b7ff1dcf0858
A1224,15.0,7247de552ef0b28106b458fc3de1d8d24454db07cf4cb595767cdd031cbfd8d0
A1225,12.0,b56754df78315d17887bb4a332ca7fc75077724b5ae8d1afba38078c2eaa6957
A1226,18.0,dab3b9cbe8d713b68bcabd60df6974e6749ef184888248064a4258f727292d7d
A1227,12.0,a77b21d778a9f04df6c8821c41e4ad5553496c936ff4e808b97c72a459133425
A1228,10.0,dcc9253eebb9517c670c5b5c60c4d769b866314fb0235bca7841832c1e76dfa4
A1229,10.0,af468b537a3e082fcbab79a4c7cbaa956226c8755746f94a6ce8f0a74705635d
A1230,37.814,122b2d2a3d4c12902546042be81141e3db4748cf1d92ad59014fff19939b5fd5
A1231,12.574,8ab4e51d7b3093c340a1a354dbd2936ca356f2c2d36c19cb86c4851b63ca2f12
A1232,10.0,a6e82bbe73d01474ec4dca7ad0c47ca42558879030847c1e33400d39baecac9c
A1233,10.0,276e20e622b657f17b50e6bb73c2ad6e2610a7a0257eacc5e059e5e267e1d7a9
A1234,22.0,2d84e5f2aa5333adcf6e819094a5c681010680d9a2b4e7417b5255f2f9d09416
A1235,10.0,d57a14a41397251682f4fab56da30dac39d647a0b8c533f99f19fdf7fe50ffb8
A1236,24.904,7b0d8fd7bf2830a7241e82dca2fd002cdf4a0761665c8a38009a5e1e4ed2f25d
A1237,52.358,e633d74c26a7cfea678a5adcea2d35bf7274b86c22dac226d2c2baa9055ea7c9
A1238,13.0,439f1ef8ce09b79b87a7d32eda63b128f380f276427fd1875b5a091c8835cc58
A1239,12.0,ee9a8dbbc17c9de92024ebabc22f15011d7543f8c955df2b7ca4d3c88a64237c
A1240,11.182,4fc6e681e40cd04d4cc8552f90523e5ca566714a09bc642226a1dd1a8a1df90b
A1241,13.49,1bf150618b6bc91cda09c33358019ad03a9bf8f57d407d13ff3edb2f5cfde749
A1242,19.728,4a835dd9fcfb6001e363e32257b3cf5c45021b304f5342a25f5f8a49169eea2b
A1243,10.0,a3a8b9d07fc8e4e2fe2fce97d5195eed8b0a05ef103f867c8c9ddb23c0d5cad5
A1244,17.0,fd5009b44813cca47e68567d1ec0dc912249788f4e8d0b9fc65f8b9c2fed4935
A1245,18.156,77345c85dd6cb17d4e6962c67f6df9dd8d3544f592db4f3157672064f5d8ec31
A1246,10.0,cff6a3f0db8eede9d1cb3436e238ccfb09f1b2d5e7b6050d9605ed76ea71702c
A1247,24.0,bcfb84d66c76e2ad6f0b0a80fb5b66a1ecbe70e2eecde061e977bbf66f6b0532
A1248,12.07,d1a8c3a5c0bc4a85e90de3f5cc634c2ac8ed08abf32bc5eff626e84e3d633f73
A1249,10.0,03e6d0772e3fac15a551724c9178db42df141c445c5d74cadbbe93bd4a7b5d99
A1250,13.0,c4e9e58c8eaab257b4fc63d17a8fc0c406e3f27bcd3c4f68c61ef21d7c57f2cf
A1251,10.0,c040c3a3a23d4829da3a96b48bd3c0ea2e73b59df59739e6cb479565348027a3
A1252,13.0,063ea3f360ca4a9a6555c84d4e098e97603b325bf19c2769db2c422df3829492
A1253,10.0,78b578999bae01d5cbf02b8386ca2ed9114060f308cdfa65609a43216b42ba84
A1254,10.0,4d4bc8b847e343520753c817223f2f6c92d537e6beb15a4a8a41c2e757b77c15
A1255,21.0,bf97bd9957b089c2a2ace61e2c097b457d64a0af95ba34a1654c7f6dc640f9ae
A1256,10.0,be166d701cfcddb374f4e557ecb09507e53b981ae09fde9c57bacec0d00c8987
A1257,19.0,e5e0d06538fa09c593be01ae2f2c07d91c801aa1ccd7206f0ad103be8fa96dc7
A1258,38.46,1456014f08366e2c66aedb2058ae8374a35062bb5c18d82d8a2ae767fa0b32e0
A1259,34.0,967c80843f277c993be933d2e42dba9982018d28fe7e881f34ed38d549222f91
A1260,10.0,4148cb044e339b1627ea3bc703d8d55d8cdc2f9fa453c1eb1fb5945a4bee1f4b
A1261,10.0,f32304b819e3b46076d58c1ba3f276a44a07872f71fd6ce3a1389d494bcda447
A1262,28.0,cb2bea0945dfdc54d08ef131458e5dcb88cefaaed788af254ea57c433535f399
A1263,40.74,79f57515162f4477533842065ddb503e1e59184a00bc1d5e89946c860d295d61
A1264,12.14,5f4ca950fafb2f84e2b0225e2ff30711140950b68ca72530855b733e3b53dafe
A1265,10.0,32e12c9ae295480f01a6b588cdb6203c38f0ebe890a4e91e39498a48f0b04d09
A1266,10.0,3213b4b65ae6e2492db1c5c765f4a85a07574e76847b1135527c9a59c0eeecc9
A1267,39.506,9d6bf344266a3d442f475170b896379c8b68c544377ec4213757a8b28dd4d9f7
A1268,35.382,40b37430aff97b7be72409b0dc152070ec934da15a150036994d37c0a23f1f63
A1269,11.366,87867895c95b40201bc7ccd2062e2d6ebe6b2ea4812ae6de6dbcc2d50998d22b
A1270,10.0,6c7fafcd475ad1e30456280e527448e9473170e39b8dd335fc0c6ebb82305a58
A1271,10.0,cd4b4244b3aa258e97641eaf2d5879197e75b14b9c1e0819fea2d88143f2ac4a
A1272,10.0,f788832074749e63ab73d0140b6bd7e422433c0e54187de9a170c76272cf0fd3
A1273,12.0,601becdd453e1650bf2dba5223dfe6356e64bb2a74ba9ad400bf452be6106cc2
A1274,20.0,78de80b1d7bbc344f610ce5ae698e64358aaa9e90534e7da0419e4d749690301
A1275,14.0,0efd5577b6a3f678883e73ff94c735cb6995c390c77f12b1e0ede7b260873e6f
A1276,16.364,3bc6b51dc8a889ad625be5d97fd3ee8e95bb80d083aa8c9a6a512628c9bb15a6
A1277,11.0,5fab64cc6e966b446e38fd1d74767efb3f2d36d20a4b97a6065f22f2413fa300
A1278,14.76,505d2ad814de94b190c6dd592c9fdf5f4bd031e3e976098c68063c8c662c49c1
A1279,14.392,ff1a91b7c9dc3e36e6c4c452d46ac41186eed6a25d12ca60b661c00f2415f525
A1280,30.0,6efe4d2755e18b4bcf796f4d322383f0e209fcccff088ec83d10b1b5c1c23b08
A1281,14.0,697dcdb086a7c5d6cd5ce4b0c3417f755577797f22e597dfe737804199bc18a3
A1282,22.812,541a238a893dc592119f2f592957961030e1f8ba89b8c94336c005fd59b1a503
A1283,11.834,86c8e1e797570b14f4b20cac779d2df41dc2a8054e6614dce630f779bdf873f1
A1284,12.0,880e88626c424587bc15c37cd2ee86df8b0237395824e5d2dae38ac18789abf8
A1285,31.078,0ca8b4c9068bbe4a325114bc05b5992909bb733e2aee49f69596c3ca137c6e2a
A1286,31.0,6697a63a0ab45ffec9139a7eb0ff0826529290e28b079b32513cf057de7f4adc
A1287,11.0,62fb6220bd056c5daa4c8e141382576cce6f3f54f5e50f7e67ebb9d1d347ab91
A1288,10.0,0f571b6e8a60fd0163e15de3fedee5e36396b34110a16fe7a571a914831a6b36
A1289,12.0,7ecde01306a64aaefabed89ad19b2012875363d3a3dace8642cfe33d8f46349e
A1290,12.0,5f41441bb29248e25ca4bd1b621fbdbc317384524e7bde82d7e2352deedd8c7a
A1291,25.0,9aa1a85489a78c04225ff81be91a15379a949807679daa3f4c82d81e04f8eda7
A1292,14.0,579da1894922e61ddc31b52ad972e08bf8d44dc0e7979dc5d8488a0c0256c4ab
A1293,10.836,0202d78b6834f3d4a118bce100ba98bc385dd037ff1ac06173838c4b4fc4c8dc
A1294,18.0,dbb2864396ebeaab016b1a623745555d5f24e88de3c7d74a7fe36b7e852a3b0a
A1295,33.858,9feac1942bee8c22faf57694421e92cdb2efeaac344a20da1b051b3f60b5da7c
A1296,30.87,0de09699ec18dd86f9b250e447903010e070225ebbd640b0a49f353641f535e9
A1297,10.0,9c62d741eacc24252f283945dabb013a0994e56a9ed730111597f2f7b4427cb5
A1298,15.232,7d4635bd47eed05b7dc8a03550f1a5034a836dc6a664ab9cf6a5a89e873614b5
A1299,17.0,bf36cebe6f9ee80060bd9bf4548217847b19c73cedcb0c6edee99344c06526a9
A1300,12.0,5ff5b01c18ff62b0d967fdac954523674fa5cd327cf0b0fa3c83851cf768fc55
A1301,11.0,554054097cdfd386f6cfa97b9d34e3ff4eb0fcf80e738701734233caf68a3516
A1302,10.0,ad4ea5db010087dedd022a9db3ede7a123adc476dd79c3b4c07a6dd93299d9f4
A1303,10.0,b06f8c9aa65952d6222242dfd7632b977ec4961da4ed8bb5ad00bfbdb4e935ad
A1304,11.772,65cfe5d8bc3cd9b87cffa2d098704270828cf3522a500e70f87d56d6c17c7670
A1305,35.01,036e92c2081a7dd0f494336361d3c93d896a4d38f8d4c55a83153baf170dbe5c
A1306,10.0,8fbf53c65105af214336eeedba68b56aa0cdd610409fbaa2ffc181707188f11b
A1307,13.65,baf3af108731b9606fe1e7e4b48812c531614266e6194d9a09de9d0713ecb4d2
A1308,11.91,84fcd12d73f5ea549fa13f4ea305ad23728e09dc914546f2a6a8542d573536c2
A1309,10.0,f127eadb7add400bf48e6a72add137bcedcb8d8577162ff775c502e19f965d00
A1310,10.0,c4f13ac8084f4ca819b5419a995606379bf3bdda90c804c1842e6383661c9a13
A1311,10.748,6e3c1fc8758bf10474b7ac8875a8674d1e721b4463fae31cecbb1ce804420cfd
A1312,13.714,6911f2575e16d1aa6b188426bd8ceef6b58b93180a31cf8ed1b71aab3479e62e
A1313,12.244,ed6e652a427a462b524276dc6dcf14cfe0db080da0f261a43422bf593d8c897d
A1314,17.0,0cf0f9099e60bd87501f332272ca98b88959d335d45cc63e8258df38bfa6b439
A1315,25.0,3c558f2ad8f49dfbd5f3530d67cb9ef69950fdd631ac955b040c0460536ba210
A1316,14.788,f18103f0840b112d2141e9348a192c2152ee4782021c5ebf66d6af5edb27e2b0
A1317,10.0,b72c16c51b25ed43e68cf42e9231f1778c0e764bfda38525c83f39b9262203bf
A1318,11.534,e4f6d8c932ebccc6f49502aa9f8d88e340ad21a5e1286a5f6deb7eee1c84e00f
A1319,13.0,1cbdd4551605976fb096d696af9ecb3e1efa606e4230c4d3627b710db924b2c6
A1320,10.0,6212d6345792393ae09073ed53d847ced243c1c70cf7377f5b8ad9aa083d4bb9
A1321,30.208,c82ff6f21e79408fcb9208a8d54a1ce7697306c094209f4a8bc832528fa1c0ca
A1322,42.708,5af4af443aac61c8f2c1e3db264ebde703ac3dbfeeb6169c36b85fff24f05b99
A1323,10.0,813b87ddd14a63b4bcdc4731bffd044a3576daa2b006b6ada344346c53fdc0b2
A1324,11.0,e3375fbf43b673608dd8926c1a46e1587691841c68ee2f3412edbcc48b330abc
A1325,10.0,d945a730de3668b252d88e7b9684bc1a19772bf2aea3fd20e5402928b2febda7
A1326,11.54,de44f95912dae02b10c1150afe5cb9ab207f918018f53ec6ebf44e2b0dc24c3e
A1327,22.0,976392e9eaaf47732b10971d76b8ae33361b992854fe1f9c99bb21814c4ea6b4
A1328,23.08,03fca675bc1cefc06999255e1ed30173ab7ba87ce48da2c1ee1ce6d23370f9c3
A1329,10.0,ddfc51ce55425f77874fed0bf0b7c18e51fede5be4a28a8734ea0fd87efa94c5
A1330,14.312,a436325ac8cb37360d7146986f474f69951801cb59c594ccedd6db8d3b785c85
A1331,36.0,2b831b3c0cb11edaf0a6cb5cfcde2e07645231f8bbd77046242587b75fa0d616
A1332,40.0,5da9f83320c2b96c761ac219b6ecbcbf5557bcb35ef7ea14044e57febf7a2776
A1333,20.0,7e2735a176f28d3bde47613be80975c79012f8c137e4ecbd69cf74bafa0981d0
A1334,14.17,2dee00854bf30d40959ff2722a95ea72bdca4e1b9925e8224ba27dc2609f5ddc
A1335,10.0,9f27b38b722391ef22158a9c86c3bcfc37c3c68aeaf142efffed0acd789c041f
A1336,10.708,c4c32038a8fbbc786b484d1663fdb7a1ca5f7faa8513449ce0231ba10c492476
A1337,10.0,64ede7862d648f77d268383a1711425c458db6bdea8d3ffa27b31a695bf20f33
A1338,10.0,1c5f55379cad3274269494d55f55005223df19db99972a2878104cb8631f0adc
A1339,12.0,0420f4d0a525ed1b4ac731a8336e9b6b7c4a4e38a3110f4885ea58f0f850487c
A1340,40.54,cae7d5ccf9ab4e0b48278723377b16a8f8c30ea9a589c4cc8802905f95f62238
A1341,14.0,58c15fe952d8c86ea841c371f9645f36454d31abd37941ee8745d96f9908bc15
A1342,12.0,abb69f53a21c345eca7e913e8a9f8d41012ae9f5b0d7e37a84e8643ca59b47ea
A1343,10.986,8bf8db14221d0f6c885f427050cf2481221fbddc370120e6bfeadc71c36a5efe
A1344,10.0,5c20551f1505a3eaffe93c8abb57bb74bf2308e8b34fddd6d95640187ac322bb
A1345,11.0,d8041bc19234da8593bf6cc9ead011c65175322d1ac2c1e3a36d27553e74cce4
A1346,32.0,3abfc50ba7ef803fd1e1de71627547edf99ecc7a28f54019bf6a219c99c9fda3
A1347,10.0,67026fbac0560e21cec461bd6ce341206006c1b429fb4f5f4fbbcf8ac1670a82
A1348,10.0,5381f97642b91bb9244e588152f651f62f00d8dd0bb6201072b890fadb3653fd
A1349,12.0,e106feb8d1f133a909f0752e4ff15063165bdc950dabe94d14f4143183c0795a
A1350,10.0,ed2ce38489b2abadf5c0d37189b5ed0d36b7f8fa10dca2519eff4df71862af45
A1351,14.014,165719b2fdaa28a20db940f75d5f770f3cb3f83c91866aeafb14bb174691cd45
A1352,16.072,b06a22ee703aff8e489161093b9808ddb22ef268d992758843015b3b747ec751
A1353,10.0,97d552f047245ffb6b7e8662c92c45eede0d24def658889bc473312f56b26476
A1354,16.948,78a454445c5dc3e1bca9126506221bb8a1967d36efdf50e5a26a64a7eb9df895
A1355,10.0,21f40af004bbba264e3912686cc54c34b54d48ed5e7d9a8d6fdd7d438f649be0
A1356,11.716,c7fecdaa06377114f4544bf7d3d1fc52ced8259f5b4e0bc1b61bea1c8a5fd979
A1357,10.0,6a908acc8d003ac7180e58a76de0ba56f06945322bea7af76a6baed50af68bff
A1358,24.0,1ee14867ac07de97d729eccba86d99e9f660df185f8e1434f5b3c82a055098cb
A1359,10.0,0835f6d2e30d2e3429abb34f6718cba4d6abe4ee067c6cb4a386a2d8f97737cd
A1360,10.0,da125f3b32cc8dc6478e036bc0d57cf0c655a61a15d535469d1f6e9f7b7eba82
A1361,21.0,21289c3a4bc358c06c875f6098d158ac62aebd07c85f4853d27d7b156ee1147f
A1362,19.0,fd8eb420833a2b71b0a476767cbf1b14cd68a81f0d962805dedd9a605c4a3f7e
A1363,11.936,60b132e064a0ce56416c4f2ef24e49fd38bb10147c82bf0b02d3db9df942c01d
A1364,23.0,d5fb3fd4ccffdd620db145ab9ad846ea2406c2b988734943843b3946ca0a0425
A1365,11.0,da0f0465f06b7679e591b41ba72b1d9c6abda97ed32ee9f8909ea5a3fa2ded9e
A1366,14.0,3fb0ecc48fe994d384c91e7f5454b2284312e206e042b3ad055039aa685e312d
A1367,15.0,8249413635704c371b15afb27632a42d52f5194319cae8a8a605d4def5c4f9a5
A1368,12.214,bb0c1ce7dd62ce5ee03f902918df9c72fb3ae889ffd90d1b58e1496dd3044cc9
A1369,10.0,1a2752134d2fdd336f1503faab5bd40bc987cf4417d60c2ee5b416b80d37e6aa
A1370,21.0,fa14ae99948f010ee5e059364e32f64cc19dab7c8aa8b534a0002d88d56188a4
A1371,20.0,216aedb79f8fd4b425159f015e96396defb0655922107b1ad216b3823d7a69b5
A1372,39.0,d9e71599a7bc78e703528eef7a44df29e4333659fc2e359a9bbfea4968ea1bea
A1373,26.0,bc92c9603d602d444dc372a05b00a17b63772459a29eca031caf13f161494bf9
A1374,44.0,e0aae7f2e80608917a83e864abecc84cba29450d9581874da987eb913e6fe315
A1375,10.0,693091f6e14b6bc1a36857550df7d0fc1c1340ac7b72095dde0552b2e3ec1eb9
A1376,15.0,d773dd44a08f94a46c8397126c2913aa485afb79a1e63b034fcc20ac424fe992
A1377,10.0,dfbdd1a25e0b4089896363a105e1a0c3b80cb6a8c6d5517f89a69cfa1ad6ee10
A1378,10.0,79ef1f76393cae73b4df836b57a701ff331050bc6eba6786cc4f3d86c0284f3a
A1379,23.96,fc88fd94d6501c4adf7cf730152f4efc36fbd18541a6f0ee3591231b034177e8
A1380,12.0,4ef59a3c11e47ec8826abd4bcb20726925c60a1b32c0d3e140c0e24aedf2e843
A1381,19.0,6df3a7908f59b80a2422d170197977f87a48c648ee97c06c54c8c8764b88b003
A1382,10.0,5b259034dc7c8fbfa336cb52807d2ae9868c988fc4476a7ca6424c26c15f68a2
A1383,12.746,d4ec96c0f47bd044569a9eef065234505c4a537728aeb067809aee1a973cc90e
A1384,10.654,bad6d665e9d0a66dc08b0452b78629cd50f55a70040ca0ce8a0efcee33a4d5bb
A1385,21.476,d02e668715c672be39e41b5dc87a8769265d409bd31e5a20b6162db664de814e
A1386,10.0,1fef2b7f13dfb76e3466de9c3a8b21b7cf19fe31995caf7d641bb73493947915
A1387,16.554,fc00de1f04a2478e54b695ff59c03cff2fa48aa33c25650d444463202b84e1c9
A1388,18.0,1f2a159425fe3e2c508f524b7e6d75a12d077cb09e47ae990d2a9324e8edcffa
A1389,74.0,306f80358c8b4f55ea259d0c5f8f7ae72957437dc859274601a138424b0474ff
A1390,22.0,2c440e9bc98b82d3941ec5263dbdc5cec221cb9917339afef0a34249099476c1
A1391,17.0,e77595267dc1d9b1d7252ce1a61a487d6b832e6ef98098c0f2c9bccadc124754
A1392,10.0,4a19d9b3112d2070d6a9118275d4f28fd61f670095097b874c81b5a41111f7d8
A1393,57.494,4daa5610f263326b92c1412927b7b9ae7d89179835f4675e6ea540ab36aa48bb
A1394,12.0,b0371f221b482cd1345044f5012029131c0ed05640106348a64b9502c60e097b
A1395,45.0,90f45fa6b744350273032d04d406a7b52873c45f1b4e3942628cc0fcacba4a08
A1396,12.0,93b0c3a2303c8826125175d5c37601adfeae9204b20f9aa1dba7fcc26c352845
A1397,10.0,1246291c1031cb04a22e95bfa9f3cc8b65b4bf8ac8b1466a7da7c4f10d457bb0
A1398,13.0,1b53c7d9bf4e1155ea9fb9b5103064b1a060b78b6dab9c65ebd1f054b6af21cc
A1399,10.0,30f46910142e37655c0dc00689b1f0138b7bfc77bf73b71f03df3c843ff4c9b1
A1400,10.0,e0fe28074a2f79a3885972b8d5a7cfa118e537bd2bd2951a2c1aaeceb9a5f466
A1401,19.0,5f7ee93389fb560cbc4417194b55de0d097858b5a567a1ee2db19e8f940b1753
A1402,10.0,07c4ac2ba3c88735ed5bd676b7287d0b8f6fd8cd0a24df8bac0596012c5192a4
A1403,11.672,991156f9a20f5c0399ede3e6ecd7ce7208bd897107ade2ef331606830e1174cb
A1404,26.0,705afbc0edfbd77aa67f76ee86dae2194a0dc47c424e2300379db92e8b38058c
A1405,12.244,a2f5af95ec2ba80257cb926123f63057ea57f0b86e54b64faaee2e7041573345
A1406,32.0,482a6dbb67925c8052955118ed1c4ea1c8359b991d0c45f3f285748af19611ac
A1407,10.0,b1f1db5a176f389193daf8175fa12c70c03965d0e7ec359ea2bede3680a05ff3
A1408,17.0,75e46331cd1a63e3b39734bdd293b01dda6cdd383042b6a8c80465fb461228f0
A1409,10.0,ee78f0b018b080edd70a05db36137f36836c2b3a18626dd30df72c6e91ec8b70
A1410,10.0,13cbeb4fa495e0290916056ecd2e99a0503a5a644a51d7a9dd45b230ab82120c
A1411,12.0,203921ed164a50cc6b696ab670eb7b3f4b94ca89ace06e54bec3fe11111b3fd8
A1412,15.974,5c4bb654e20bd823932dd18f1fd872de0cf6a027574beb28ab4db6769b3032a7
A1413,41.01,c046fc712af7883f7fdb8abf9110b37095382a72f9f3f7c0745919d2534f5e42
A1414,10.0,ac6dee39169419a897629890bb6b76c67f644463fc44d61be3f63226c83fe416
A1415,16.068,194c7314e42be9853ca5b4efa68b6eb3ed83037f9923ac1e8b4c5149b464e064
A1416,24.0,a8f3d68d4d29c2eaef1a79646fb46becccb343e1bfe85691a1178dfac6a386a3
A1417,12.0,11aa4d23269ea173e622721e9f900e3fa3db8c0e4cab42c0584616bd602db392
A1418,10.0,a23086d8d5a1f4c90b4ce996cec518860b3e409e6c05d42ee0313dfc8a6cdd65
A1419,17.0,6142599fcf38ccda16dd7afa9855fbb5dab8242df88b2b58aec37b64335fab9b
A1420,11.268,4e5d01e2e7fc3046353a5401de4284954a1ce749563d6b39cd57c13a71668351
A1421,19.0,0d09dabaeb5cdda81e82ae3eefb60ac3f516ad9263c565bdd06f4345ee86aa91
A1422,11.402,c65b07c0a9d609051d056c17ae2c8c241b8c900b0557ab33bc396d4887b5b3aa
A1423,11.0,682dbc28bd2fa22c33902b425d35e574da47305d68c6a585e35800f33cf7efe1
A1424,11.0,d6431fa5e73092fc288b74deb44ecbf7996aace04feeddcc0540d89c8a54af58
A1425,19.33,c2ab6fd34589b224ef6304525df9c038ec926771dfa7947457ab871eafc4f56e
A1426,12.0,93f950ec18179f2ea0185c733348e983a2749f07d4651391d9467458acb39a13
A1427,22.0,0cd8c8af041ad40a665d5787d902e746a17694fa1b201fcd4229c258b31c63af
A1428,10.0,3aafc4c831b1ec17db0ed168e0a968c4a5cd70eb6c82bd477da13349d5b17085
A1429,26.0,07a7f0597945e637b70a2642e87f25a3b271dcc5c8f97c01e844357cd19e68fe
A1430,14.0,3a4ad0cfedfe354c396686c06a5eab1e3378402a9d9ba48fd84bc676f810ea8d
A1431,10.742,f13099c56761230d71e44559a1bd3623dba14b6e8536926bd44bd2b80c5f5ff3
A1432,11.0,18c563d1b154ce13a7c9a035bf764a215679fcf387dfff8013fdd736ac46436d
A1433,14.0,fc80873c2d8433490d5e2dc2edbd6507582d2f1d950b851ca6688dc84db96cc8
A1434,10.0,b6dc4bc5ccf81841c356ad8c7aae896d489e5d801fd52fb065c2ff56e3be01f7
A1435,10.13,e5978dd624acc01fb66241634b14a243878c129da68ad749571b5e1b33809cb5
A1436,12.958,04844f611db7cd748c9d9f6f0ae6daf88b1cd1ed86fe992004e188bf6783f94b
A1437,32.594,38b479a9036703471ff3e5429e2f0206411de7233eef14b337a4c320eaa00f18
A1438,14.0,ea66149512cd9a1ba18d27ee3eca84ada0ace73156447e240ac9b95848e63c09
A1439,10.0,31187f3624cb977163d71b32955204a59a75f9750110439f31866af9e2a44222
A1440,34.0,0c786f45d3846e615bcae0a33833d9689e81c181e4daf661abe2d1a92ea5f418
A1441,15.134,8f174d5f0b9442eb069292e8448538828a4b9a283d1d1423358ea96fc18e9c65
A1442,11.256,40cb7da5194750e1644a3dde725e0445762fc5daa0437b484a8839917c80327d
A1443,10.0,daeaf4066163d8dadaf14caf7e25d023f6b663c0792efce8746585a476e8dfa8
A1444,18.0,01be1940b9f606f073db48be108044a69ec82f011b4b45f6192c62cdb25bc2c2
A1445,12.09,3723eb8c7ec5209d7b02c0d288f60b65076051a0180bc97b3d8d998c4820635d
A1446,44.284,abacd6cef4006eeb6641de100a6df4c1cdc2a788023be490bc9dfcdea6aff490
A1447,10.0,dbd739bfa544bd9179148a921497a5b2c712eaa106d2dfb92d80543f50355827
A1448,10.0,581839cbd885928d777f5ba1918a850d9ef726818d2d29cf3c19999e6cc2eab1
A1449,22.0,2b8fa4cffc833ab81c29e9dada22cac9c95a602e3a59e36814c06b063a67178a
A1450,20.0,4c9aa8d1ffd05fa4827a41400554672a88276fe0bea304e4b88c59b081af327c
A1451,11.636,55975a0e79295c5fd6baef9e4b6e4e91b60324a35140bacb9d4361214e6dbdc2
A1452,10.0,354ec21e9939033ce0c3fdca64af5c04b9a615f6fa9d9535a1b3ae5850a6bc12
A1453,10.0,feaa4a8643ea6d6486cbad5944de4f302483c8547c8ef1cf22ed4faedfbe519d
A1454,14.0,445af71a21f6b5dc36e942ba85cb6a518a22c5129184fa9ff92d60238baaf54d
A1455,20.0,15d83ea64caadf453ee461ee50eab1fe2b3d67fa6ace0d19bb2fc3954136a156
A1456,20.0,8326c4f2ae231b51bc73ad80d7b8d16516566b7185149b97faaa335a729e7db7
A1457,10.0,29b841d015ff227efb396eaa178a634633911464167868e5a19b0c72e7bc51ac
A1458,19.0,c21b67f71e9677ae0e3240d7642d9afbf738d16f3e57f45c05a743541f167d33
A1459,10.0,d2dcf8a03ca00ce48e6f37708eed03070d54622605c8347aa2860260543d543f
A1460,16.176,e7a96b2ce64c1b2d6e700d39f66cbf54d68b0865b7202ae8d9fca137e5d14cb8
A1461,10.0,4692c4eeabbe6047ab8131c7d717397dd2e9264a309453e0dbe2489280f14b96
A1462,44.0,14454971c10cab01fdb0b778706e0d0d7a53573469de5c423bf40aea81d3d4f6
A1463,28.622,6de6b68d750b64e6e225b5a9635a40c36297e724a2f397a9e36b1ed6086734c9
A1464,16.0,5c18bfbfbf5265a47a7a7db36e698fa4b73260a902ad5a17bcc18128f45a6d79
A1465,23.0,17fa8aa891e29038822d3e79658987c61e4fc4da45c1ee2f24757c49840a9b9e
A1466,13.746,861f2a5d2aebd5bfef973dd4f9e39e6d08fee20f66763777669757ea092457e6
A1467,10.0,fc033558e72899ea8f7eb6d4e5f2dd90482af605e8f43708694490adfdccb36c
A1468,23.0,b6fb704001427289dcd73b3df1ae68fbc6288073bafcf91ad260cb8de6a6a010
A1469,10.0,64cc97290464107a35bb4f9bf2db28a5792d14058a65905a90e0690127149a9d
A1470,15.0,0b0b4aa30c24c2c217e83b6c2bd9954963b5d5bc93163efc2bd23680008bd321
A1471,12.088,63cac5aa2450157fcdf08ad499f03f93a39efb4ffcc5a94a46aefba8c9d7a5e2
A1472,21.0,af49fda48c9d1e280405474c238281b8a302f305b6ac8c0b625316d3a6d8aa61
A1473,10.0,ae9ced9b5e42532148adc284e73909d59c17a196962aaeb4fb916e3a70133a9d
A1474,11.0,20b44fce237f3c8ae6fe9073f9926b6359cd34ab933030fba1b52cb92e831f30
A1475,14.914,ba313914e5311ed0831501265ede82e86739eb8997b0ededcf70adea4f7cfbf7
A1476,10.0,1dd8916a4edb5f99e16e5cf7af5838e9dc75d4e78e4fcae4a8e4dd410229aaee
A1477,31.222,6c1735bcb5f71122e87a8209f4c32a7465501a7d38db467e1626b3e8fb061617
A1478,11.0,c5931a53e08357aa8330ad55bcad7c302496d4fccef1c277563a087ac7f1badf
A1479,36.896,4cc50889d7a77a00aebbf2df9c3a35d58d5d62eb5c5e4860af81851bf04482bf
A1480,10.0,ea55101471a6f65011f77aabbc5ff42919f355674d772d83e0519941487ed1ac
A1481,12.192,db20cb005424c4935ee2dc3da8577e85bdefe2bb1f575d8126024cc9090a07d6
A1482,10.0,175e399aa6e06465c84d695770629b448651350d6af789b2d0ae178fe59897e9
A1483,11.0,82b44b3f27f2ebe977056d8800805a67064511a0856c40e3bfbdcd7c5be7bbb8
A1484,29.0,e4bfe3ff2a4df43595e51c9e86ab7b8112c32a9005f9c9eaeef29fc851992d30
A1485,10.0,f0513f825849eab0e32d3a8385e7c1fe8c382f5d07dd55c5a27e9b104eb4ef94
A1486,13.994,a76a084eec6162a5309a903110c47641f1f245f075e23bac491e50188231c691
A1487,10.0,9e0547acef49a7e242f4291ac885996b1283c2d5b51adc608c24c9318dd664f4
A1488,10.0,89089b105c6d7ca41c1e7e7d02d714de74eeb879714ae277e318a6f0a749242f
A1489,10.0,3342b843809b1ca050a8d39a8b303b8c2052c640842169ec8f855dd64512c5e6
A1490,10.0,6954207543e4f8c3f9bfdd22ee6ff7c6aa999251473d59a62d3c64afe1795756
A1491,12.882,39548d6aa0a5e51195834c8bc6a67f61bfc05e6b76ac68be88d232bf32654a89
A1492,12.37,4ca4e5e90af5984e310e770c37bdef0f18ffc640fc76d249ff98838017f04282
A1493,11.0,309b2008685492a4a4e00fd39e87d7423b7d13c00c9455443363ceb0a1eae086
A1494,21.0,823041367262f8cd793192fac6fae360cc10ce82f217842266f558f83e4ed847
A1495,17.0,998129670874f30aa79c7969a6592ac5dbfd1d61270349e1b073fcfbd5c8b906
A1496,19.0,02df5c88790aaa4d827daf0af984ef55170079a6e48ed0289481f5b6aaafdb9a
A1497,16.0,16fc8be5e78011d59b1997cc50b157f908898095b4ab5e0f0d4f471e10c9dade
A1498,16.0,48a7abff6dced7a70638ffa7abf74c57be84ed0537d0eafdf4189ca3050dd88e
A1499,17.0,6c41313b40eaab6b050637508ac2fa3f9845a71ff014b5e8cb8d9e53b6dfec77
A1500,13.088,3e0b0586852b543dc268c575171745f56c4ffed78a0d70e4dc5ca5519224733f
A1501,11.0,5d35445254f4d82bd5fa6c4e607d0c34acedeb56f53b9e51919210cd0c2c6c83
A1502,10.0,40924db9a0f3da4d41f6bafdb8b10a7a0dbb107dafe1860f1a5bda26c24e74c9
A1503,10.0,896073a3d8194ce72406a0addae95ae823b6c5b86b799609c7d8d8fc4df2d896
A1504,11.0,374f94179eeb0f6b5e56d3121c75c29e4c69c2f0e90bbe095970c8c51c75a9ee
A1505,11.378,6cd3e55991b547e178e8bd147586655aa400e58ceda6ff4214380d2883f1791c
A1506,11.366,4918e9b4a2627eaa33c781f4e9ae15fe5c01ee6027db2650088b60ec368a9a1a
A1507,10.0,559d7216d9b1d702b493082c287b3f962e5256e3f8866e62399aa3c420122253
A1508,12.0,6b6b5fe23bedea7588abec5e49139a5bee7ab3d486faf78e36391e32bf901f12
A1509,30.0,04c1d754b95d633109e0b49a4a82e6f01c5224289abd93d1b9835fd62f9d2d63
A1510,15.256,d6e533af855ea48cd61967181829704d4260d633d5ef0974ea450e06839abea5
A1511,25.604,880ec69fbfcfe7ba5eebda0b18943dfa381bb3925bcc35d1cbb6d3e75850d394
A1512,16.212,f3a2d7e6962dc5dbafa5dc05ba7cef57aeaa09955446500eac1e221d7755c76b
A1513,13.526,d9ade76dff41f092b35d33de7eafb9ede902f9e35989b6257247039ecd9fe6a1
A1514,10.0,d87dab82913aa90c79703de800f5ae36325f50ce8301d75f9642833c27461320
A1515,27.0,f417f25978fc2b6839c969f0940f209477365477c3ad544407b8edffcb824b42
A1516,27.0,7feec07604bf75909dded4ae8d0ed0e208709d4da13f097b9ed4d3587c21daf5
A1517,13.896,d68babfb84be01a92299dac9417ddc61c5d28a856cb4e21c124cb3ada6cbbfce
A1518,11.472,f3b1243e6005b1284aa47bed961edb3dc037473e44590dfb681cecc96785a359
A1519,10.964,05faa79a3aaa9588cabb135759ec9f00c6f13495c98b6277fec60240f3c70bc8
A1520,10.0,f33ab6700e508c1ad5f9211f744f6629c4bde2be1935e3f1a0710cdccb656e54
A1521,11.0,165c1a48b2ddf5f4d3ea17ce52e7c51cbbf43b0b2fa84db95ad8fe897de82c7b
A1522,12.0,c72d8b9be6dcfc86d6ade8d9a4c956f47bbe6c3bcca3fc06eaea9b8c06cf8e5b
A1523,35.0,6b1c17af596e77a1e80e49f1dbfd4efdea9b419364299b6dbb1f7df90d8a9566
A1524,15.0,f969da5a49f18e4ed7eff55d13329944d1347cccbeae47647a21a6625a34a023
A1525,10.0,fdb33f242397f5e0fb481a0fa4d6a5579375244af042163a39b27c9ece34d7a1
A1526,10.0,0651421007042185229a13269f2dcd107caa2cff2a425941e6861460983c6c66
A1527,10.0,5f9209fbc19328397106ae49294d359f4bf2e5d0fa1bb21df202f2323610c7f2
A1528,13.0,89f950572ba4072b3bb61ab08c0246252fc313821ea11379cc3271dec059afca
A1529,19.836,dd8dbea4d38932f2c782227d4980a155bb0644c5b0d74376e8de24b43fdf5750
A1530,35.402,2a6bff1e62ef983feaefcea8f8d94e06466c3652e2753b00beb770464b72d271
A1531,15.0,336e215f8be98f55f6d9c9a207b7a3804fba1256164df63cfa78eb98df05d698
A1532,10.0,ada961cafb292131ab5f7ec0815fe61e59bfede7b91f7e072b5ddd9a574fd246
A1533,15.0,c7126a88c9f581ad5bdd66df5b0807a98a3cbe06ce8b8d37bdf053d0eda154b7
A1534,25.414,a13a4c1d9e5fa6226177b1cea46a6f70241a69feba4f21651ed9c4bdcf9b2da4
A1535,17.0,fef2b0ba392b54501fecce6ae8d9f580736b1c571daa04161365623366bba401
A1536,12.0,f8cb2bf0a62e3a9002a3f96605e31f461447eabbe55c9b5721bdb6b8a19ff1fd
A1537,12.59,6d9211d15aad0dcf554f5a8e3a0ba5caee6210d675015ed554dfc2803f24e54c
A1538,11.174,6b8e0e4615ed8c641c5cbd2b58675901d79a17ea466c508a15da92c66068fbe8
A1539,14.0,7974ed293cf334f20563765d8a9665e5db9f326c26894904d2b427bfddcde2fc
A1540,10.0,04070afa4185750d6b699b83c8c902f39565c0a67aabda9399ef6c4142b9241f
A1541,14.526,940d7d9d998f893c6456565ece4f17fc595d8b18d351613ee138c25f601bf67e
A1542,10.0,392a1d5496eb4498758534c75b419413ce345c79a9b4bf48c0ba050c16e8d6ec
A1543,16.482,0ab686f24d0faf4516967699f8dae08b7b7a669073e021d2c02915f401d7d9ee
A1544,10.646,035f6a561511d490c5baf667c78cb3a397515a8646bc67e4a318b7397bea17cd
A1545,20.0,48711d7dcbff0ddd4e8ca85e75de15bd1c863099b739b0f66f3b13f1e3442434
A1546,10.0,73bc2e5aba3ba9997cb1e86ef302be9c39207cd838b19ba523526c407beb73fb
A1547,11.0,59416b54e303ae78f1ea397fc6725d994d2a5533eafb6e61b38762bb2546ea37
A1548,11.0,85d1673d1d90846bef1dc80c1fdb9f0094b82c330a83b5b80e946a4546316b2d
A1549,20.788,b0927bde75a53957a7ada393f7df3f05a0d0f640a8019100e8e83454049115be
A1550,15.468,e307d40488b02cc02145a005f97293e2c9e7e063fff6e63ffd5bda735577f3a8
A1551,10.0,e507608fe09477db681ac85d1d7a8dc2e94431b583309555359532ad357ed933
A1552,10.0,e7bee650868b8b6a6bcbd7965c22526774d82e09406cc493d48e568b827c5502
A1553,10.0,6ba2356e2c8c342ec9b788920d8736cc97fe8ea2d2f1f3b7c6682a6ddd78a05c
A1554,12.134,e648b3930904fc19f0ab060312a9d01f1e0393163d54f63b76c297e8113e243b
A1555,10.0,0bd97480cce833281e4b1bec1cbecbb987de5d1c741f643cb81a0baf5251644a
A1556,10.0,a1050f7bbafc82acb102d73dc75c53266e989d94c79cc7e902cd080dc80d9854
A1557,10.0,77038087a2a368cbc3966f05104becdd7289751fce27c18be6ccab2ec58c38b0
A1558,10.0,7a829819b9f44a0bb1be9ad8207fb458962111fbc8274b2623b9935aad0c6734
A1559,19.41,f1564c99e689b61a234bc9a94d2599577f95a3f6cf7ee345498ab5769287d609
A1560,10.0,c78f5526f74d38afb1b6884a8be2b1ef54b51940894f6a0860e4771188c5cb8b
A1561,28.0,e3eeea0b4d5d3ce2765bad178bf81f1cd5469c2bcc506372aca060e62958bbc0
A1562,12.276,28ad84e19a101c2af741f216ff32de23c6bee2ce4a693022f2c7403391ea9d4d
A1563,10.83,6e89cd59ce13ff090830c71bf5375163c14fb5cb4f31b7d6750f55b8f3ea298f
A1564,10.0,23dfba2ac2e89936469d312fce1dfd290679c4356572148d001554e84deeeba5
A1565,32.0,8dadbc8036919cc30bf04828489c3621d091b6356982b48acd5a44859f7001ea
A1566,17.408,6189edce4928f3f6d228839e29756ee6afdf42a4e91d085ede29682de9d0cd1f
A1567,12.0,85de5f266f395087f517e7dc0d70f9bd08547b75c31b9976430473e84b5d62d2
A1568,10.0,2790e2ff80ab2b8274f44e2ab96b010f3998c564eee0248a1158fc8af2fd3e4a
A1569,26.916,75fac5125290ce148d4c2599ccfd6e780048ce1f174102fa964181d9ceb92a27
A1570,13.198,e89d864f955204d39cb9edf442028cd510a3b2f2e8e87c73d1005d96966cb30f
A1571,10.0,84b94eb963e882d0d7694e55fef74c375d4caf6025986ff9d098feb86a6862c6
A1572,52.796,e1647a2ac74e2d54ba49239bf7ae954b984681a21431ead25cc09dc656c0c60c
A1573,10.0,277b3362ecb52a7c51932658a7de7a5ee5b68c18482f8dffc1dc22accaa603d3
A1574,11.572,90cabfd3e6b2e9b6c1548232a7c6bf63f7e2100ad504ee7205d44b32a858ef51
A1575,10.0,41b1aa9bcd9b6eeb10781cf5f8cc8171d9edb9e27bb25f394817dfa029ca0154
A1576,19.342,71b37919bb8e15b4f1917d44bb225ca562b86af8ad9b944a3cf0d7359098c3e7
A1577,12.0,dedae15c12c871c524782ab66f5308b0fe8dd265cdd1aadbb2d6102d4850c613
A1578,12.0,8de044744976928c5105ed471e977cf90bc6eb22991c8c959c2c6f6a8bfadab1
A1579,42.0,0f683dea826a37b3550ac17104fe98df217e935d4d6db184307967e617295fe4
A1580,132.0,b4364df87efd7c0d1e6bff708f6d44d7d5e0df7793147fc6cf49dd5407ff661a
A1581,14.0,a41aeff9c59b93333c82a7b4f04d340ffcb3132e68a87ed2a09078cff9b4bde5
A1582,28.0,34ce23eff1a395ddeb48b39b979d671f32a75d284a41eaf820e1e9046058d233
A1583,10.0,302eaa5dc456c58cd1a87b6afaab8ad971cdb2ae054d5cdde9aed796b90aa9e3
A1584,12.594,a12f149f0b98c81a6043bf396e1d2e50f5ad30734f1d167aa9653bf92b5541a8
A1585,18.0,3d8a0864446ffd1821f907cfe1b3c18614b3571945095ebba5ee3880ea8f811e
A1586,10.0,73bbf3e84fa393a0fc77a37f0677a8459c37a532507b724c7f9752d778f0df64
A1587,12.252,d633b89ed18a0b8eb93e0fd9ddeb30d169d23460ed5246cb3502c5ec90461c4a
A1588,18.0,58758c42bec2642fa2da110ccc804f76253509e57e1256fd1e1c8c374f50eb79
A1589,24.0,2a7bd029bd472b779016f6ba2200924a7ab1161ef71baa66b2bc39dd11cd2541
A1590,13.154,98c9d39d73f0dc76690f32899ade1f32e61b49b32e18e516db2303ef3ca221a8
A1591,11.432,415982c07fd38ea392189b19dd07e68c6602438997ba2628d0be2dd566cd51e4
A1592,26.986,e79ac94e5f725d14f28032eee324b02202a7822bdfae06dd58917fb9293c6da8
A1593,11.514,5c0b44a201616fc4c88ac6b3fff7577450d3d76d8afbd82760ab7cbe536d6be8
A1594,10.826,3d3dc0279e03c1b3cc5277f130f2fb6e023abcfeca9fe8a477c4becac31290ed
A1595,10.0,23cac1364cd0c70f74dc29a6f4e8030eecf57da1daeabd69d0c5d01535b1886a
A1596,10.0,57e0545865dc15287342e5acb0514f3b6a10fb59b0e4bba92c2d02f5c025e535
A1597,21.0,0d418df922a527aab9b7fc56b9b7240020a42ab52f9dcbc3db357b97b2dc3dd4
A1598,10.0,b5af0f18763f4bf8c41c5a7b0f02c9fadfebc04aa9026fc56554267fb255c860
A1599,18.0,216c064dbf96d357c0a94124f5c586e0001707aacea1634c01bf19b642fa6813
A1600,10.0,4a10fd7f6fa3217655027777de3128546286ea5a41bfd4644365a88198c39fd6
A1601,13.0,530f5a3f436a848242a25910437c851c681da56c48e9c5f4006481d06eed0928
A1602,17.0,0cc23586cdca267f4b98916efccfe760c64e5cb2e8099abf039a3b231ff12f0c
A1603,13.0,2ea195be14ef14cceb2817ece3707d2d21760c32708c302a9596454cca6e3932
A1604,22.0,a3385fea82d88db8f18a75669d68df012d69c6c0b3fe6196fe40abe0c5000cae
A1605,11.0,f7a07c1aeeb8bdcebe0cf4300f888d723b59231d315012c10dd662aebbe7bce0
A1606,11.0,15eb636eb687468270891100656eb611193dec4652f5fa91f43dd224e4dc668a
A1607,10.0,637b726a81de1dee5540f4c5b5fdc2d464911e0b2890ac6d663ec2eacbea70fb
A1608,19.0,8e3f870589a6742f4d3303c44f384aa70c5373ea0605b82c08de321cb4b84f8c
A1609,10.0,829ab60c6db45747fb540cd3d9f188e1ffdfb6e48b3a3a912c83f639979b94b1
A1610,17.0,02a65e81c474199dd981c57a01079321218ee1ea53908cd3b3f4d3be59745b3b
A1611,12.402,004556e15b46a9cbd41cc1d27b0508ad8cd06af5f7ba0250682ad4c63fd6c90e
A1612,10.0,8d36e1eb33ddf2eeb4d57617bd0ef4fdb7bd0ff3eb0bb5bf6767454c297e06ad
A1613,10.0,f9e142a84eb87cafa718c0a2267bbb0e6d0c1d2c5fa60752a70c2d3293135948
A1614,10.814,5db163896c294328962200bc134cf8a3d87f89e2a5522663e0712649500aff54
A1615,10.754,b5eef4526ce3362037ee124702b2a58f7fc8d10b296517c2af5bdfd925267d6d
A1616,18.0,d2c085a85e9c66a4107ca33331d1f79b57c8d6f6b1bc0a2ea5b4eaf59b4b9d79
A1617,15.288,c7f9ad8558171d458bdb8ad7ecf496cf5b0e703f600d903c871dcd121dbc8a59
A1618,13.31,1c6e9e4b0c160b81307b578c5d3f5e4f36bb675df6dfafa18ad298ba16baa66d
A1619,11.0,c8af733ebfccd452852bf6f88b52f4b3c81fd2113f1f054351d363ffc033f60f
A1620,11.0,46f7228b8e91611bcf81e733279f20635f4eda347264c2ca1d42ab3763452c59
A1621,10.0,b046cb1b73bc70e9acf4c31e0bdec926e03c561285dc7207fb966f1797cc4d78
A1622,20.0,4b8dfaf24d6f036d76627b1133b7bc11c834207092c69caf89950804c1087664
A1623,10.0,36d563db044aaabfc897c8f8099af670924244768c12c4776a6b163ba84e6c94
A1624,10.0,7e84a51a223f1bde88f571a31d83f4a5728a80d18d3bae91a58801b1ede09ff0
A1625,29.0,653d12f4ab0a1b6eb227fe13147791ead7edc46df1cea1e4a16d8b28d1d2fa15
A1626,22.0,db7c312a9c6b4721358c61dff42b3d46ce2fd6a128e891c7f108b1857aa636a1
A1627,13.0,ec9eb1b17719ea008ee857f0dd7606bcdd0dc97e4d2cf590d4b60741566fa97c
A1628,57.0,21030143c014e527b318b481e519c161d68e2d2b54753c7b483972e670bb626c
A1629,10.0,37a072c5af06ff58d48ac55adffbad630ec9a548e9c4d3e106279f22df01e277
A1630,15.0,6ad336ca838697cc19d4a1d3920f0b2e00ae0ad67e0b2968124d547049a237c3
A1631,11.712,641a6443156f7cf47f72be43ba01388d2d25c63855143a90f7b2efd41f53f1af
A1632,32.0,dc5149a2372e03345eb655a995d8a1ca23b6f20ca83a4338ea291c2fe3289fd6
A1633,10.648,c08e3c9aa19e0bf6fff1a54499d394b6bb96cbd97c9a600956dd4fe04a70b721
A1634,10.826,56d8895df37d8575b8b8b57669039df69dcea9b3fabee806e060db392a9738a0
A1635,24.0,67a5033ccc13e39d15e7818d06df2bc1235decf8aaf38b7eaafea10c13589323
A1636,19.0,4017bbc55396a82aa28d532b93deaf601b3938c2f6eab29826b73f454eae3ec2
A1637,16.0,1defb1fb7026a330a68b9f6c7d423ef26a176b271ce83eb4d943526461c55a77
A1638,20.0,5bafd34e15bbdd2caba386ac8b747fe013f7d99d13508982771330a10f465d29
A1639,12.81,101c2c7a7f48f8cd53acf9f2c3db3107662f558e4f4402fc81ab0e3fc46b1941
A1640,10.0,c59322480704a40262642eabc4a5d9594a4f6dcbf317b65eff2f67f79bfd2112
A1641,14.0,012dd8ef0a6f871f9649391babc5b30ae65786a3b245778bee8b05e506086617
A1642,10.0,99c9af233d473213c88e62133219a86990f7046c0f5249d2159c7fec3d0c9572
A1643,10.0,4dfeba193eda95dfbba60032f10b59483531c26f1829c11b83ed6bd0d5aa3270
A1644,12.754,1162abb8e18705f32a3602b3c34fd9133272c3c1755e3afe2df9219aa819ed9c
A1645,11.0,5cf3e331d81c8010ae22780412c013f65c4f7f4e9777ea20045a3fa75c38ef6a
A1646,13.912,e82389d692c7e25e9a27f689e5f800a0454c9f985c0edcb134321ed2b0be8a92
A1647,13.752,cf68ad8fe7e4c3d3a2367f5f488596a0ecd6d93e829bb1785c6be72fa8664993
A1648,10.0,38ec4ec28133d02e2707d17bbe87867fa268581bb1de9ff167efaa362d3391fd
A1649,10.0,f4dd2c4696042ac67ba61706f6d0adfe50f3206166d7515185b26cb5725cf287
A1650,10.0,719535ddef88348260732d2bcb7fbe599fab930ac8610ffe3060caba261b0b3c
A1651,12.164,dff2c2967b2d64b647c7e2dd329ec3044834296fa76437eb7470bf19a25a3695
A1652,42.0,c3aa49660ede5d953fea5b5d7938ba18d99d29074058bd8e3de259954cc432f5
A1653,10.0,9b8097a21d00f66dfa85d033f21a2b8bf1b2da20d4c22aa0a66a716f756b64ca
A1654,28.0,6850fc5bc1ae59722e120314b5e3086f0955aad70d380cb0c43223c1a7953958
A1655,12.0,f7fd8374998f4996480a8c12b891d5cf881574902f5606ef6c4fbd63ed75a89b
A1656,10.0,7bdd6bae3bcb9338dda8469cdb5a84c0379e9b2750edccf0175ad2b8f55f3382
A1657,10.0,4f2b6145c7cd3f2a88e9e000d470815a7aa31cc30d70479e391a199e72043e7a
A1658,21.0,1c760fcc62e35f3c22ac6e52e75b3d41f14ebabee6c3d0bc5b1da197dc649a25
A1659,12.0,03c4b5c352da6c06b6750474de5d01c0eed7311dc842707a45e724dbb11c54f9
A1660,10.0,7cf37a2442ec7b11ec689b724c501a4d375513ecb297e0fa9b3b89e97ba397fb
A1661,11.0,27ad3b472079b16ddabffbf254ec9700c2b08b7fe5877aecacc20a7869c7510e
A1662,13.0,b4cedf5bc7991fa76caa9509c99427404ee3904476882a8514d75e34116da367
A1663,52.0,5715cae64e02455317eed191e217ae162007874b017ae15e1dac21ad333fb4c0
A1664,17.0,8639ece9225ef3bd14f880606c91e8e284df599b4c6e8da6de665ee53adf8cd5
A1665,17.688,3fe7ab69b44f4e6bfc0ff7d8d8f3a8504f5a91d72c8a739c3c1208b56d9542a1
A1666,24.904,e5c601f08a978deac22d958273b356c11bc5a42fd3ec1ffcfd926f78fb25efa6
A1667,15.0,6265f4c8d13546d5a11b0de60fe7fbf9d23522b13bb97b3c52c2da986d4ec923
A1668,10.0,f2bc0e05e48f74cf041515ffc81cb93e2787196a25fcb766e146df6fd52873f5
A1669,12.664,758359990667d5ff5df6fe18b213fa84294d118a930a469400372627233b70d9
A1670,88.0,92edbca09d0a403f8c9c39d5a27a0e13ed10d53a49ce77feb7c6a2ce51af2c5c
A1671,12.0,7b9042b1e5c6d1ce16ace995de985e6c385baccff128e66136a4754cbd431be2
A1672,10.0,359a570e2955fc5933068d12bd3464a7a41d9235529d9c81550664af65ed87dd
A1673,11.252,ff3340be2d15683e03659a6a4718d5de5c7acc76d45bd996df4b48d3b53fca4e
A1674,14.0,91b92acc0a6af639d81ce2950e016b4609925fac7d0a4bbe818078c4ce7f52aa
A1675,19.0,47dad8b46a4f358c08225cf125ed15dde8c22dd79256e0af01b67b8d1be4d87c
A1676,10.0,ac285796133255bc88e6118671326241e0498bac5129f6f0ede6db92a503467b
A1677,32.0,98f63b2ce8a7610ed7bdfb18acb73d34276b3cf7fa4ae7c79df27778f80a955f
A1678,11.0,ed070e7cd5511b69220e8ca8815465fdbf7783b4bb1bb470f2553069f028bcc8
A1679,15.0,341a07043cc9480aaecf99f0dfd2855e18dd2df1a0c6373f6abefb236f1bb837
A1680,11.0,dfd9c03f0e0f251cd5a531607a93f145f551abc4604c4843e3df99b3d7e4caf0
A1681,13.0,ee243cb61cfbe1d54c9b20eb321fa53cbd27de87ce596bf5a30cb88866112c11
A1682,15.57,e590837a12356a5f5088b26dd8883ec33e18d19e533952917a1ae25cb98ccea6
A1683,11.826,4fc6c32d35ca7ebfa1a5ca7c7f58461e352b0e2ee01755f9a5565368ece3b7ba
A1684,10.0,81d1ad3c49d41c4511c2aa88640f73d6ca49b69876baa133f4b405035ce386d2
A1685,17.0,3cc72de734048913c815be6d4255d28df1595d3b8137588de908ac87c60f5a67
A1686,14.408,eb0e56ba649124f544279658d0aa27c6b8f5bd67f730b9f943259bd42cd82a12
A1687,21.0,739c1fb1e8deff8b5138511ff53bab432c219a61eb8b3995f83c25bfdb232005
A1688,22.0,16e3c7dd7adee0cf63c39345454c53644e8e9475d6abf8441545b4f4c7e741fc
A1689,28.0,c23d7c558c7dddd869870024d01b6908536fa4a6e1aef7f9079b5e446664e302
A1690,14.0,e804de29e07d6b470a8b871b02ea377ffdfb0fa567ef7f67cd0d89eb8804ab71
A1691,10.0,abc310c915908bcee03854666985c69667b5089644e5edeb664dba56d3069045
A1692,10.0,27fb569368f6f432cd84cdd11e97a842a53f338cc3867f367b051aa5ddb11878
A1693,33.174,2fd88fb975502400d006b93f9840f3d0807bc96ea25daaae59e96705c8ee5c3c
A1694,11.0,f16eec97d641e117769aa6c8f827e66faac840ad018bc3c8359cc2de1404f750
A1695,11.418,900477e9db97aa02fefc1b67ac4971a71dad83b03107dd0a3b66b9cf5128f415
A1696,15.444,51f14cb5d5addd02066c6c1c1b0d44fedb3d1f4beed70e1e8b615164f5e1d1b8
A1697,20.0,0fad746b18a3203cfd384f3179c9910dd532209b2e6649f1fd46bc0ce5de1a93
A1698,19.0,99d4aa08af2b9c277e1c55275ec92a94682427d8f620bb6588da28aca0151424
A1699,26.0,4951b44f564137a6d17e30cb7d57d71ec472e7731c3eea5cbb54f34a598ab709
A1700,10.0,642060cd0d4034f4d0cd12f1ec23544154eaee4b0f166752d1eee09c4afc7da9
A1701,16.648,604b41aee40001c7127e2c1db912e0d22e4d9fc96f8073da4337a00264f40137
A1702,10.0,0afeaef9978676460bfc7130e37e3d928f6a9f7e8293086f3d1199bbf009af19
A1703,10.0,cfe0de4135e6078fe5c60f4499bb4e1c02711e7ad98a4ab4b488f210e786fff4
A1704,13.0,723785fd421f1ba44ddcd5de78e816ca582ee53ff8a506ffc13ffbddf6956ca7
A1705,10.0,c7c6d9cd67901d83f8b494ddb008ea92e34af6795cdfeb136c9602d84c5c854e
A1706,21.0,3fcc631ed3f99d08e07666bb63f0b86b4a77f62b4559dfacadfcc6b1b31b4fab
A1707,11.228,96dbe95158bc583407e64ae32e2ce55c4ea2ea72c278358354e778d5bf920d37
A1708,13.0,d8af38ae90e928e9db59364ba6f271f5efa7d6437f69640ceb9ab507a5271a9b
A1709,22.0,bf50fd8b47e3f0301788ef600f382358daa4335bcfd329e13b89bfeab0732518
A1710,13.426,478b12926781e4df6796b49fa4570c99e13ade1b770bc925a4de6e8edee52442
A1711,11.0,c4ed2ca428078025c2f8d3e82bbf1e6e9349a2ee25f4381e324d6a033aa1c663
A1712,10.0,05a2411866f463f010f6cfbcdb292977b1904ee1412e534415f4ee755c19df44
A1713,14.0,05556655230c179b67591b1abed7d61e14047f5bb767b6291d34302f99ae3846
A1714,10.0,ae2f917b1be216729b6c238ae65d7d65683a613612cf1494da004845ddd9e8fd
A1715,10.0,63339ddfb71593b0d87267d17dce723f40288bc562befacba290b5e7c3c0a47d
A1716,18.202,dbe14d085a53acaa3b3a5691e60e29d59f8bc20588f36b083cedfbfbb9f77349
A1717,12.956,f3da2b9c92af6414cc202e328b2badad8f54831b19fb76e07de4841f00a38a0b
A1718,20.0,88b4f196c583b51b5f928fc0b8f2c7f1e16900fea15d8a92f22c467af7f8ab62
A1719,14.446,26433b57aaee8a91acc779bf8d6e878d05f7f854a8a83f4afb5835592d507d97
A1720,10.0,943767c935e74933bb29b51700e2c55d2ad1dbb9b2e632954aa671e1ce0afe7a
A1721,10.0,e55fc7d58a7e3661ca874db8543c8964fde511abe10b1ef5ada2d85aa80dca4b
A1722,15.0,bfa63efd04e89eec33ad39779d0229a35cd1a2e16085f295ee2342edb244abaf
A1723,11.388,affb72574ea3bf345e7276a8ac7bba0a9c5573d24e849049fe61d95696e0a14f
A1724,12.0,81c061163efdfee3ecad1462c96ae7ab042099dd529714037eccb304c3a7bcf3
A1725,10.0,9a69436a669191381800976ecbd1816104fcf168ebd5f2ca02e9bcce94802911
A1726,10.0,9caa8f7941afcca9103dba88c1bf061f246aa99687ef60dd3965124f8d33de96
A1727,16.0,fdc4a26f7f524a155c446ba40b449a6d135e2ef88e2bd012dc7da1afe3c3a078
A1728,22.0,3a7642443cfc4266b1a5c99d6147b7471cdaca991e2ddda976062c0f0d0115f0
A1729,10.0,30637dd11561335c8ec822290db20fb7ce4bb7eecb6d2dfe402519c7c82b9275
A1730,18.0,cfc3a74bea2a5f0d67763b05b20a7ab2b59a10a84d95c2e76a300ed500fa1c6c
A1731,15.0,4724e629dde262cb58f4346fd12add8cf6ede74a296df7a365f9a519d7732585
A1732,10.0,dc7cbf0e423bab404c576b19ec1e781b8d60deb680c16d9201a90fb6352d041d
A1733,12.0,a53345215abfe8993fc12856abbd788c6223abf6dfcf415c562ad2ba216bb914
A1734,28.0,2f9ca24d1d933b6fcc2886df715aa9af85cf8528dc4602cc983eb1599cd8c900
A1735,11.272,268ac0ed410311ac54b230a1936ad490bcdfa556c163acade0cbe34309f52c2c
A1736,16.0,482bbf462432a2438a09d3171959e4e12fc36a36ffd1eddd5f27e76f56297c3c
A1737,14.174,9e1cd0a966ea7f4aeb51e1c7de8225f067448488ac11dc9f08fc9e972255f2ca
A1738,18.712,83a88c453251be952cb9b358fa792f1d59b420142f94a9cfe07cb7200a7fff0f
A1739,17.0,d1ede40f624c4b8f7009d6a40a3e75c8849f3d63b63dd6ceba924dc868cc22db
A1740,10.0,e9c695d0ad20aad06c453aea51b8055a786f9cdb52d6c45a59dd7b88568a5373
A1741,13.0,96bba601f64367c48b4f60b35f50f702b902667f671ec2d43ca351bf6b8e3c26
A1742,10.0,ccb62b7b21b0adad2341a772ef2cba8f6fd7e80ecca6376e263c4a6bfdc1fe4d
A1743,10.0,c2871cbe67622fd36c2a11a112b864161d7ce1fbecb4367048f0c5e87b399f7e
A1744,10.0,df5af4970d894349a251c44f05cdacdf196363576474cd70c82f736f050c2c87
A1745,10.0,5f191160b94ef3a689099bb13dc464e26e5045cdf9a6a8ce627766a5f85533f1
A1746,10.0,5214a793d367bf820ac695c4af0c038bf4632afc85547407059c2f834c19b7ac
A1747,16.014,373aef1347670a51dac22b729adf5dde6306b325ddb79858b33716885548fe5f
A1748,12.0,5df968f5a35a2502a9b0eccdb5669acc9c598a7cdbe0d90c166c4f00e1b94641
A1749,21.0,efd9a86c2828b72e34fe7067b18d3623ab59993e46be9363a1dc6c12154ef7c8
A1750,10.0,a26d2abe23bb80a8e00a61e40c3060406661b86e887d8fcb03f5fc3e5a9e7ce6
A1751,10.0,0c7f812f938a0ebc24512d073c5a589adbc3920bc1f24cbcc3a7ba8dd5d1ec83
A1752,15.854,bf336872ecd67af7c06ac66bd7f603e28ceffc9f98ebb2e8745468edd6958459
A1753,14.0,b59dd79992536795bff6906a257c98123ae959c2d3f4c42fcd83f1829e376174
A1754,10.0,9e3fe1b090d5613fcf91978706d0dd2b2c751fcde7f72f73deefdc8601ee0379
A1755,10.374,3e5bc5228816960393db13404bfd27375e6fcf3c992f60903fbda145cab2f832
A1756,26.0,3329bc4a193ab1bf79e39cc388c624b642b3c67edbf65441e4c4d9fee56227d2
A1757,10.0,b60597a9cb9cdd329955206a3610249f30127866d5cf2c57fc7be94e53d7df2b
A1758,21.0,ae4754ea6d407cf66cce0e117e5e59e8c96dfc3e92563ece64c537f71093f25d
A1759,15.226,448f16134e6fa2b763fd3ee3a4c6b166a8f83a20d3f8c01a9f7a644006fb2977
A1760,14.63,708cee09ddbc960fa44bcebf1f5e1a814f738291965f53059747bdc98d930cbd
A1761,10.0,292ec365e54d8ef82d79bd480e27aee696077de30a843363e42adba4198ca10f
A1762,10.0,a9ae30e3c3976101a59c8dccce5eb4a6283a6bfb0cbc377b83c80cfdf441be55
A1763,10.0,a368ac90e69064069bfd6b623efa8b93738bc876a8c841eb9aaa76320b20f8f9
A1764,13.0,a9d11c12bee66e80829ba8e6d8a73029d0235aeb62dcf4fcb890cad076bbbd48
A1765,10.0,ffa10bbf3ec97776ccd613caaaf54758477ffba56224a4a9c1af44399a0ba588
A1766,10.0,fb63f4de8f3069ed37c6959ea43937684408b1be6b308c91c9bc2e59f2f175b4
A1767,10.0,1f8182d99095e8dd31905ac31be24e9edbee89d0be7e63e8e3afd5efb477f037
A1768,10.0,6fdc0ddbcb048aba4d13cd1247ed5193f5b4012ea10227c08f868066f0e6d404
A1769,10.38,1b86217b54b7d5ff0e6f060e74fe01e8588f41c987effdf2552ffb6c5250490a
A1770,31.506,afdcb14624a61e9c12e6f5614370a6a7489f46d8e5d609e40d994e9d50878716
A1771,19.0,bc9f6533be83cff876a2cd2cd7efe12013f317adb47b0533f99f1bcef5994ce0
A1772,26.0,164d2b77b7e9aa07f238fa91fac984a1610db8b749a5fd1c33e429041372cf62
A1773,12.874,8ebbb6d6ae5430add1ef76857ff1482d4e434f27f179a2049f737b0580ad1043
A1774,10.0,fff7b8d54358df576731439f895831608f9f4321879107f6d356bdbc272ece3d
A1775,15.0,2bc42d392c718c8f688be146bc8e86c3ba5d3a5b63dac36c795c2520fcabb5d6
A1776,10.0,2556c30598b53f1e2b1f97d6d8e94991382a742749bcc5e804e2a0ea629588fa
A1777,14.0,086028e9584b206c3d188fa8b78696f24de1f51b778b29573da51402dbc040bf
A1778,15.0,6e5cec69f863b00684725c08983680e1c321cca9f009b8234dbba2687ff8553a
A1779,17.396,f09c9df488418e7abe4a3ea2aee390ec69708c6778476f81304b6fce13e0f508
A1780,17.0,b3bc9ef0e4f37e833b1dba76105e20c77b92c2c35621ed2ca95977bdcf2098d2
A1781,24.0,3c0b1444938015bf5e17380453b6092ebf8c77988d66fa4299672ef383d40244
A1782,10.0,0e92d9b381f695e71a722bf77545bec511623d0fff4c161a4b931433b602355f
A1783,10.0,c8541c2f73caf3c59467c44d215bea461e3d04c1ed28ebb845d90a75ced0d2ac
A1784,36.632,0879139cf87683309922112530fbc3295c05c8cea0d25d2278dad475f78c51db
A1785,11.104,628b6091d46b5d6d05d8ce5421f37beecf05b8f89395b26b98878c21e7a5972e
A1786,40.29,9ee2aa3751de6838f624caa26caaaf9c94e80fc5e68bca805ecf8d23b9ee3f8c
A1787,10.0,2f94218ac0cd7c5a37787017fb7ab6cc1aa1cc40dae1942eba3257e843f7c22f
A1788,10.0,d95f4d13980180741bee87ebdc891b2f9eda0359f0dddd3285fe56255fa7e861
A1789,17.0,13934209c6b88398b5f0c8c440057ca615be3e9d343ae9e955a5f5813e1d66ed
A1790,19.686,569f97dbf60ae49a7f26c6a8853f49bd448a21abbb658d53dd8e0c70489a9836
A1791,14.0,511e1bf9798af1f4a5351cf6a79b68caecc414bc31ab2c05e8b296e79403c415
A1792,10.0,52ddd207c9471ae811261582ae8432c20669a756c3c1d2ec25fc89378da87c5f
A1793,12.408,53a01d374d2de5a9851c709c012e31256acd68449ffb3084eb58913388488a4b
A1794,12.0,6ee8f6bcd492870c49f1f2b9493ece6d4623a5770379b10e1f0ee405fbf2653c
A1795,34.0,60d6a8df29564bd44a5044d1ecc3336688c4316f4d7da354b44bd03ea59b7aa6
A1796,22.0,9f36aaa16f12e80bfd4943df52f618f56ca5b2b82a61bb7f2e5979f30836eba9
A1797,11.0,6c40b5c754149d95de2acbba3ef8bbd7013f8a2ca67f74c9e90480f0f7d996dc
A1798,32.35,7cba7080ea87d73bbf199f2d48868960624066ccca5430702c2accf4e90bff9a
A1799,10.0,eb99c0f68341cef19286daf90570c242d692110d47f5c9c6e9701bae1a028bc4
A1800,20.0,6bf1381fe23f0d0fbfc32bab0eb4ea77ef96d8b15bc0038c2e007a2be67ada79
A1801,10.0,c0a7788f1e1aa21a321d0f4285205b10035bec94c76a753ff6953259ad00dc38
A1802,10.0,746a0018744e231734e498221b2ee77e8b2c6978ba746a1afa66dbf3342e0312
A1803,16.742,7af8fdd2d420e92184e458d37ec1735d3671db402182f5d7e1d109a14a045947
A1804,14.0,2940680e8697d58f1d5bcd45cc063acf9440124812b7539f4737c7632a970fa1
A1805,11.466,8b5ba1cd09973c4a1d0a0e52d6e3917a99ef65e62eab9c4484d822204c8220a8
A1806,15.0,e030c5ad7578a3206f1d6badfc5cb8b7f7c3f88135bf6d6ddf59c11122d60266
A1807,16.0,dfd7da57980d7988809694291d492c588e7a085b9f3eeccadbcc76986f1627be
A1808,15.0,de67d69822e01ef95b4e5a9e5adf1f4125b439a420669a25ce0c30743249c9c1
A1809,10.0,cb17680d5d6fde98f5dc5cfd4128b999592fdfc1aafd224564ee1ed37e284fa0
A1810,10.0,776b80a57cab086060fad2af30daa04fa804ddc83be527c92c0c1bcc113ad42a
A1811,16.782,cbffdacb5f42a38ba6390b766cd1168f7375d6970ddc4d27381d9b59421a44c9
A1812,10.0,109a2aba785f9b2aee2b806e0aca71e56e5c3b8e6deb9f7796cc5ac39b01c4b0
A1813,41.768,f6a9b484f3f7819e71c2bd62e044b0971899e927637494b9170e14ade5a7d9a3
A1814,10.0,5b8c4e2a0186e7706c0f61b224912642090e34c64e972ef302a2e2504525f9f2
A1815,18.174,e4a30bd27b646a506945246bd9842164c48b87e6b3e908ef46e6f7162267a0f5
A1816,10.0,b702e8b38dbafa85380d380953148906d6f6aa99b0875112cebd9bfcaf8a52a5
A1817,10.0,d1a48465ccf470bd6fc02ee9a99d604a9f662527c29dbdd58486c42c0b7c70c8
A1818,12.106,5c743defcee118be90c65c6b3af50669e735263ce4283da43b5acc0ee7dfaf54
A1819,14.322,e2de8774f41ffbc01191c0da143b68551b421907ceeda74215d7862fec61ad4a
A1820,15.0,11ba92eb537d6ecb22c3befbb2913fa3e75db130d3ceb1149bd0548f4a28a30b
A1821,11.0,0abcb75b6daa7e415ca163082e50c02386f707d867643ea9ef5acd3646880e15
A1822,19.0,daf9914ecad5d603b2d0db464cf3f94ca944eb3a44b5007fdca1fbd50b6c28e1
A1823,11.902,fe741b597b6678f30e97e1dbe2e16db257637924a4bd31bcdb7decf7127771ab
A1824,26.23,84ad66b9fb9c024876e6bb2488545860f0c8b2cfe423eff1cd933d27a435e975
A1825,11.374,971b416e71c98174a9a34089259d18a8bd2460800d6aead5947efebb64beda15
A1826,13.0,1e755d85f2b825ebb1e3ad883ab8334b94bac967fc59524386d0a01f1d84a5e3
A1827,17.794,9e56feb707ddd568a32227c5201bc37797908a1a3fe6d669a06a632fea1c1cd9
A1828,10.0,998fd0630ede4d2ad4e5ebcc29b511f5036b14ab4477dd511419fd2d4df25b8c
A1829,14.0,ae5afb89192f78b4081e9d0c0e8bf0f25e114ae4e3b6167bfbf19a13464030e0
A1830,14.25,5bff4b6f7469532f25250559d10edd458f0d371d56e74b8272c9c53682bfcdf8
A1831,16.0,29082eece4afd918e1cc358cde5fa889234026654877d6efb5a124ad77cc9b58
A1832,13.098,adc1d635561cb60076c184fbca3067944de2e60d218e9299f38d245a59290083
A1833,17.468,17dc10410397a17c61d191aa333e9a0546ca279d47134c852f2ff9990fd8ebc2
A1834,60.0,a5840cec9127d54a1a11e5dbaa9b71c750ce17534d9b32de3a1ea3ad0fc4d506
A1835,10.0,ae8dfdc439803e1c284d0c17fb52e7daf0c17f5c7dcf99aa268fa110fa3b2536
A1836,32.036,2d4b774342670eea626e29211a888d875467ca46425a4d3732ad7c51b0caafec
A1837,14.694,e8e5c9940592963d2f9b29106e8098a449e6940e389805114e69cc966dff1a15
A1838,10.0,dda6e3695ab7f76010a9b73eaf54204c4d06a4d9666e9e96d9f5c801177d740b
A1839,10.0,138b4b4361894854130df98a7c7e75dcde541d6a6d960233780bbb2536d8e812
A1840,27.768,96528c4e7205d70a249ae11b4039650927184f72301b44278b4255515ed7b708
A1841,16.0,3c1e648f09781fd688637d1106c8ed7abe9ac8e3ee29d1b69c9187912eb6646c
A1842,10.0,dc49cba3318fa702f05fcbde386a081955f830dbaf95e1f0edce98192bffa624
A1843,10.0,3318ef7c1199415a86b570ba80e94f59d9d477067a0efbf2c41c5e47faee74e5
A1844,10.0,a94399095417f2973e41739aa470f7248bb6ed0ca1e7c572d03088149eb7c35e
A1845,10.0,10bc8c8bf81ac8e6164b5fc56aec568e1f5f68766dbf171d037f833531837f63
A1846,59.264,046a689fc5d0841952ff0e4264438a1fa98780aea70d55b44fb32c79c11825a1
A1847,15.0,9d1415da9f6e1e83fc5a3b3e4ec2d699409a52374eb79a0ac8447b7e6f3f3797
A1848,10.0,904fe640a358b0a57081f4c88c07caa1df5b5740bdce64375f049b8ed5927130
A1849,20.0,ffdc241ba0ba505165a54ddac7af9fc66644e3d101753a4adabab7fe35cbf7bc
A1850,10.0,b38005fd95993c3254cdea89958e8ffbeaaf85a1433decf83653d75331457a87
A1851,10.0,08d37726268d33a0ee1ef1c89b4379e46c01fd3ea2940e21db0c9e74cb876aee
A1852,20.0,50220c2550ee4faf559b9e2ac004bfc0509fcd7b06e8ee12b8ffc167ab03d039
A1853,10.0,5976ef6210fec64b433172891fbcbfe61bb2e204994615857e6a5a932e7597e9
A1854,10.0,7600280f252d3e0c45fa1f07ed206583cefbd4c066aa3e0790608b1d9ffc35cb
A1855,10.0,6bd168065ae716a7af759f7df49ba36bcc369c5eee0fadb6cf4158e183638409
A1856,10.0,9c9633ba6fce7cfd120602068c469b4e05dfd4717d94b45a5e75514a5af4e7e1
A1857,11.0,8655d62fce0b9ce617c1c388bae6848c39283ce16c4d01a22e05adbca47c85e5
A1858,16.734,a4044c760da85547ade77955cd13c62e8b620e8d9debfff32c31498b914c3c54
A1859,15.0,4cfe3d10c0da2385aa21aee6317abe854fee0dda04485549391ecda3a2437211
A1860,13.998,d2dee193623b2920ed1b00bf812e960dd15bd843ea641b62323eb6b604c39597
A1861,10.0,621b46139c61eddef7052a102abe8e7278f0fea86ba06f30b598ad36bb160e55
A1862,10.0,ea7b08df7222d8e22c0d1d5adfcacef967dd5f63e863875a5d403552f1fd6529
A1863,24.0,cb8ffadb58c7cb5c3de03b9b28bfda82aced656f2aedb8adf935718d014ba47a
A1864,11.0,e658839bdd378faf371a430ec615713cb2649e33f03d93724475ab2b04229432
A1865,14.0,86634221b91d764691020df9c244915cee73e97af2734299084ae87e200974fe
A1866,55.0,abcdb8f4aa18b1e16369fdbc5f9d46b989d81c9854eccbb8e395d05d222c64ea
A1867,12.0,683180f7ce2046e426089798fb73bdceacb5b51e86acfa3bbe56bb4b23d16467
A1868,11.0,8f3d0c1765e4b753b8ed2932a2e3158c572ae2f8d949fd637212a7e89aa32978
A1869,16.0,10e36c53242248ae072eb70087ffc648344a44385072f1c78272343328ca14be
A1870,10.0,018481fdfd5710a9a44cca629f8e473a84a3506a4231193dc536725d7864e815
A1871,11.998,828f5342e1b1b4e35342d1f9da6e7f7b2bc08d84ea3dfeb754ad4ef13c8ffc16
A1872,9.0,19743702a413edd227d5b42b31fd6b223585dcb3f8c185f5c1ea2ee5f1bcc2c9
A1873,10.0,efcb236181c4e1bace12de86a283065ed4fe30043fe0c8e69491cb32eb4e74ee
A1874,17.0,f7580445ce59ce47468a28d3b8ba131a63359dc04caab5b03dd02772d9cbaeec
A1875,19.612,008068e6823dccbededca87e8a72cd27f511db86c89a06611c8563cafd8a1d3a
A1876,10.0,000bbac9ea15f5edcba0aa8a6c7caf88d366ba378ba89bd145d75e186b42a2bb
A1877,12.0,88a3b729a90ba5896318c34215ebb6dc6003b299fa64725c6ea83261f074568e
A1878,10.0,38e127999b9443b7edce164be2b50c33492e2df4cf11bd50822b6c4a08c1e42e
A1879,21.0,1a3e63dce4c6c247407ab87c6ba5c8b7ace31c78a53b604ec4ed1df0a54bafbe
A1880,10.0,f92dfc91146c9d8cede9c5c2dfe210236f877cb8435291484629c024a29445e1
A1881,32.0,5ad8bde9b84fcaa31e3bca1ff4b3a5047d52fdaeefcf2e3a24008ab4908df4c2
A1882,10.0,1efa9f313340b1425dac10b28e2360f7c57923457e97c168964a5e9de6fecb26
A1883,10.0,10b6e96c8f82f564e74eb8b6a1285e66c09cb23b8b8d35ddf36b8af5c06e6606
A1884,11.55,9a4b15c8323013f482cfd03139d82515004acd272be61e9aca2668f39f54c5b7
A1885,10.0,99c393eada2109a402b0ecf6072d506df8dc8265f5af8362eb36492be77e4703
A1886,10.0,8c870b401e7b437b0eeb4d9cbc68fb8677303d790e05cf7c863f7ef85028166c
A1887,10.0,79ab41c4f68aee2390d6619cea74f065e15c1f540d5e5e99b8a33adafba1a828
A1888,11.466,ce6bee3abc58762b0e085b9551b5ce3c43e9f906df1bbb7e438eeab55143f5ed
A1889,10.0,e18ad8b4527f6cd77f79a2d2940ca7e6d6ea579424b0917e6d467e270eac22d4
A1890,29.814,abdb6101b0842fa83167527953e5934726c898b81eff3eef10b7ad270d781f28
A1891,10.0,cb5ff8727c644490d332907162b579bd320f61dc6e17a208662cc34695e2d131
A1892,10.0,9ba75f22a8cfdf81210f875a42f830be25ef848676c41ae9e91e85affa282612
A1893,13.19,739492f29b1294ff47abff87d37768d81e67031ff4a2e6ef338575623b83c40f
A1894,10.0,446091584d005a7216ec03d42e01fa26286624eb7a33e9675b841a8a6ef86275
A1895,10.0,d13c0edd53bd98712bfd5a29b0119d465df0affdac548f7c1d29d33397289da2
A1896,14.67,42582814609b18986e6524e635c6ec8b1f3b7072c3c897a7166a70099ed0cb68
A1897,23.0,469bd3dc7bb6d09c6b0841536cef877661526206c23bd0ed4d7c94d891f8c23e
A1898,12.0,32de3e34c02601560d7e7e36cb225ec99835e755f0db3a771391baa491c727de
A1899,12.0,b15882af83b06e94fa734ecb75daf96fcb205164ff6c6b679a29f9372f6308c0
A1900,15.052,f12983bcc9e3d4ee13f32bef15bec9930e53cd69b4362a2948e19e3721c22a9b
A1901,10.0,eb0b4f8c8ea4e51a41ecf84bba86661665b0a9697041f2e1926fd98a07a00824
A1902,10.0,5d8a8d0506d032ac180a41d8fc643067b5c268426389be2c50bab9c35584e942
A1903,15.534,bae5f2f37ffaaa76a25f279bfff2b6d5e8112dc21f3394fdb516e875fb0d09c5
A1904,14.386,0617e8f3f00ec3a047daeab161aeca875e6967ef254168835536cf3296e680fe
A1905,11.14,19787ebdccee8663530f568651341ac57312e62413c2f51e9556040e3943927a
A1906,10.0,48d27b713ba8490d85915e3885053d5ccf5c623c443070b13d750fd952800aa5
A1907,12.01,71b8e5e9d1b832d58752cc9994e922759b76266f1ddd24ce00a829d50dd9472f
A1908,10.0,fcbcf4cc7ddc4798f4617f2c6c255aa985095c5a70f85f9d84720807c665ddc2
A1909,10.908,2a6714856e6a0d6c093cbaf5ecafa2013c4e7a3bff45836499cd0cd993044f64
A1910,12.574,a22e475d54af8f7322098ca47fe021e571cdc28e601f1570a88499a49c074fdc
A1911,14.894,8f4d52b842dd75060ba46cdd239189b74363c59e4e98d31bca1fb68f80617b84
A1912,12.362,84234afeebe177d8c402a2b0de38d3be7921587d1f9ace1ced2a9fe05197a420
A1913,24.0,14d0383e3cc3d5ae6f8c3cd45e0b64b1d2657de88a88fcb6b7c4bffe7c961cac
A1914,10.0,8228f219b35c8215bc4a223ff49358dc1f73a6846ae17bd1b126e354fe839d40
A1915,14.0,aaa92d72bcf0c9e0d7aa0556b83eccc9d0e73fd41404e427ea5bf6adaef8c9da
A1916,14.0,356c88dd2bf64e03d19b11a2f8dd42bf509791f4a2fe641da550cfb8603ee336
A1917,12.0,982f637553e74a7466ed4b32ca7ce33e3950067d0b90640b211db0c1af931a1a
A1918,32.648,f2d94377a5628c175bb46436ec6c9f201733836f44cfd677fd751b73c0e79cd7
A1919,16.16,6cfaad0979f4f1dace25866ab160cc2dfa71d38685d9efe8ddd84e1d5531c2c4
A1920,13.0,9525174ae1ddbaba62635d36d57082ff063d2f1fb2e966eb912424e0964bb38f
A1921,16.0,3381d43069bc6b7625206e333dfd607d0b6fa36a1b6011d33d500f736e168c3f
A1922,10.0,f57d00d00948972cae682ae705a7f24763e64a01c3f917bb1aecd1e2459a0e96
A1923,15.0,d2589210be69a0132d54a8409c76ef5a45ca43ca2651c4a5e8afdaeb65e6fa1a
A1924,10.0,9559821d3e75ddc962ad4216a00e77bbaaa38a3f223ac7c8837c94b4a4367113
A1925,10.0,0e4249dd88a826ce6394af7a97b7e62c509ae5435e2631069303885eae851c17
A1926,21.0,4f44826585f8863e3bf30b8aa5463657a2c90f91b404a7863541d13b3f8540de
A1927,10.0,ccca8a197ad78e841c236bd42f40da3b84288b472b1a7ac210b0a8a6485bf2bc
A1928,15.0,d6571106452d18b13b4aae1c729f52ff10dc6a372e2d9eb4c431c3b5940b0a92
A1929,33.464,a706433c02a3584f8f72354302546a6973e37e72b1409599921ba5b104db0312
A1930,10.0,7d81d528cdac818e9035b1a6840ee30fdc7d330ee0550412a497bdfa1cf58aee
A1931,14.454,dab89c052f6366e29361d8eb9a48823f78cec7bf80509d363018cd1ebac33e39
A1932,10.928,ebd0eee9f8ff27daf9a169531d515914c89c5a175e3bbc987e752b06f85a5966
A1933,15.0,9104346f502c44a21eca55daf0c84abeda7a884811298eb39e9484819d2dc8b1
A1934,15.0,8d705e4bd7fb14ad432869b26fefaf7b11fbcba7ad40d30f6e5aaba8c0fec761
A1935,10.0,d23e2060aae26294a2b63a3a247061499994b701a9e011dae324909d304c22ff
A1936,30.0,6ea4bebbffa63e10839a5a4dba88776a182c2fa4711db98b6e46f0454edd288e
A1937,18.438,06d6bb9cc3f11b6d83e1c6ee976f750995b13fb631d399fb7aeff5c9311cf40e
A1938,10.0,53f24d45df10e44ef46d7083cd8234f004a1761d4b4dfcebe49ccb1716bcf348
A1939,10.0,24f7f01eac911ba5e00e24d4d4c9abd0eeb0712e21c3dccff3f0dfedb2b0f48f
A1940,10.0,4b74f3c7fb3b9e3d827eba249467a8d89e8be57fe5b1e444446fc033d4b6d7a0
A1941,10.0,1ef089adc6e36b58555391851fe5cea479c5b54aef3fae1b9f7f2dba866638ef
A1942,10.0,7e2449736f1a60b19e30eb940721ab9ef5a0ef8e39191807cb34ce79f040c823
A1943,10.0,71be14ca58a5caf445b7fdda682756d64885d96f91b4ec063f20d39244c9e3be
A1944,14.234,f8b17f4d81ed21b851c2c1765a8f5e0aa991c718fabc6bd4b03cd83bd548b7fd
A1945,28.0,f513c9c43adc72f6fe4ef7704d2c86ead7d1bf0d2a1fedc15d004f7ef1b782da
A1946,11.536,616ce0aafb789df9bfcfc340279a2dde55a640c284e970d982a5e6ca5df82821
A1947,12.946,3bb710f418a3de78161984f6043fefa6dee3cc3e72844186a5a0f80a81abfd4b
A1948,10.0,8897a3216841a18369140ad57e5642b37a0bfca446f161878093f75621822e40
A1949,10.0,cb13ba4bd4a36cd0a83ae7fbd1842737958c093b9cce0e3fe534e7e355b69124
A1950,10.0,078bde80d1890cad2b1d3a7f8b3a5cd44d70ec28625afdd86aab5d5357ed150d
A1951,14.0,e174c53979d369bfb89167585cc254ccb9ba1e958f95f17d3219aa2750aade14
A1952,10.0,7359ff5e99176b6e475a9926f8187df58beeffff4e6f3a8df5a8e1a89d175568
A1953,10.0,498f807712bb8b23fcfa2985b1fc45929fc46ee579e7300e17968adf59448233
A1954,10.702,369831ed8f44f86c6c2460667ddd66df6f8d07ef8f29e77f9e5458522304a061
A1955,14.0,5e10e8cf08b98f363b7457a42371dfe5848f8c1f9c555b2251c94488892f7445
A1956,36.242,eb8ca56e5c459f6eefdcb0c1983a01c9a5e7640d93b633a3c905295703db0624
A1957,10.0,1daddf6ff0428757f70ce4e59e64a20d544b524fb756a889b7e449e5eff46670
A1958,13.0,2385a1ac298ce368abc66ea580ad1b60d684fc5dff41d308e8442f9888140688
A1959,10.0,e3c64c4a9dcec06e2b809562e6108319d9007a78eae371fe28466683a3406aff
A1960,19.186,da51cab88d819a837baa9a3c8b2fe8e5ba021e76a77a1617ce9480aefe4746cc
A1961,10.0,a29c7fdff90a5f1379cbf7c179382525fa848c52e6294ee5073606806256d0c1
A1962,16.0,863426c616f02e8b1636f760817ff068b1800a5243c9c958934498077b33d862
A1963,12.0,109c0fcb4e6b30ae2ce61dfd7a35e00565cc019929a96e10cc07bee1458c26df
A1964,11.0,cb6aa4fbb5b55b94d6c6b414e38a508b73f4b1339e2bbad340a57ccf8c7e633e
A1965,10.0,571324a3ac1b8955a589a84a9aeb476e5e48d8735170a5a79a4b4279461b8236
A1966,11.14,040efc0ce06b51c64e1c88b3a1ce3a17e8598998e83f4b0238b018fb743a9cea
A1967,11.0,f9828543053ac363cfad6c0fcde9bf12bed9d518ba5213bf43cd9f9809e39fed
A1968,10.0,1c89f4d22387bf0ce75b0cc570d3659285122030e6df740c82471b579c04406f
A1969,12.816,b6fcb5bcf052adec92465f171037f21dfcb08fce1ad40f4bcd9a2a3a41ea2457
A1970,10.0,60e400b128e89ea21d2c1f77bd23c36ae96cd557fa816ce8957449d6665b47c7
A1971,36.356,5886ea7436fa931836eb03345674f5bd185c4f3611cf843e1835c7f7e7fea73f
A1972,14.374,d50f1f861a7abcce111e293feb3248d54a9396fbfb6767fc6020804163b6403c
A1973,10.0,248a11f247294811f2146fbf9d14be332b21f4a1cadfda767a085ff20bd5b4c3
A1974,10.0,dc39ea00590cdcf56be722cbd7793f0c67ed2c07b56f09a74c705e38aea46b67
A1975,15.0,be9f1b283162bac54882581a0628f37093798116ed4f1c77ab61ae21685ace5e
A1976,10.0,e8287517bbd8d80a6e0db5ae36dcefe29e8107b0654c7d841de31883b1bf1d3c
A1977,10.0,48ce379c82832faaa2760235fd22a38e686589d148fe1f8bdfd4e33c2b840cef
A1978,10.0,60252805b4bf5cd07f617f47518139eb2c29d100d08b7de73762c1c08465db9f
A1979,19.0,ba1b3ba4ca79e64ae7cd45aa37f15355a0b4c3d7ce0ce7b97d6b657c513f4c9c
A1980,10.0,35a521402b16971ed4d26212655676cfb7a51305a2b212da634420f876c10ccd
A1981,15.9,8bef085e2622699bc064ede389b39169fdea9805460f9c5bdb1fbda0814706df
A1982,10.0,901d1ce4868a29f64afec04b439d9725ddec3350304731c23567edf235b4a138
A1983,15.0,0756dd1fe18522fcd63c4f1f0d2107abd2f5857f09a59c6f70e35e14c9fa254e
A1984,19.0,e51223c31ddf58ba3390ce1049f03cb67de5d5ae9b4cc3f34ec433c44b8f407f
A1985,11.034,f7b4b4068dd48bb38ce281b22373e93b5b4727c19348440d81fce923a83bccb3
A1986,43.0,71a49d149b34392eb4a7907a1739daf5cbf74f2c78f5773a48cd0ab801bc703a
A1987,13.556,941ed66882226f4fa0904dcd71302c8af62435fdaafa65488fb3b8c137862456
A1988,54.314,65eb7eceda206ace878093edc16059983287f1421d7c012aabf3a44b03c9a919
A1989,17.0,b1e603371350af1436736d6653429866306660f52f20d7f3b3d3e01077c93f95
A1990,60.0,48333e46dab8088ea78eb21f21298d1a5bf919aa3e34547aa0687fd66c31d8ef
A1991,25.0,8aa485eee3ad6acc261d2946013824b368f704c5aa0ab8986469abdd8af0af09
A1992,10.0,2218ac56199ceb3f9ee3f56d95adad15807a10c99938f12734d98781d7d3e2b1
A1993,21.0,b89c2a8188e3930bae5103915b566f3e754cb5344324cdd2154ef14c0c35f1f1
A1994,10.0,e369789e7f1e5d70712406fa8148bab1478bbfdfe2d81a87c9a07dca208ae426
A1995,10.0,28c7b9061a61af514d8c2c4cf17653fbafb5e95a9f856a012094615b1839bcac
A1996,11.194,8506840e0679195e36f553b6027ab4a10a9a476ce872ba7dfa76e53746b56316
A1997,14.0,e51ca41e22c04da3f1d8fcee92dad5b75a45635f37279acde2a7c92c97ebd7e4
A1998,16.0,18fcd1b7af7248119c956c6d8122814d1fcc661549f1cacda7dce0b5a8f06807
A1999,13.314,29149c213fcac2d7d9b0d5470be3281c70536a31d5462a426dd30a12eccb1414
A2000,17.208,3ef77c76084b1dfa4dc68cc73767c9b9ac0e996bdd50be5d02ab046ee209d5ec
A2001,10.0,89a0e3ccd2ef5ae2498fa3d71e4fc7648e493070dfc9266d096b56679c8c99de
A2002,12.0,8af6d3a24d9588cff0d41e13d1ceee91a07fbc0d55de0f478800fb5d52984870
A2003,13.912,0a087b1629945bcb6df287605c7def4555e35d7deffdb94f3d9413db38656615
A2004,10.0,eae7d39376767eb95bfb4e9787b9da23877fd62adcb80fa5d7ac12bd4aa71cf2
A2005,10.0,d12c6c460881ace864864a607ea40805123f3f9b0dd77613e2672d4fb2777c5f
A2006,66.0,41985caecc29e3b665490f6c3a79f9d5182b335612f243c7dc61ff454a24e5bb
A2007,10.0,4bb633d41fb83307d5414f5292e7f36a5e0eefc5c3c6cba20a579561d68783fe
A2008,12.356,5ec7161b2dbfe30edb8206a8ff338d8ed2fcb79f9d0e5948d0189dfa294a2d18
A2009,24.0,378dcd8903ac3c255239d259aaa795f099fe55138cd8047cac8a0ff3c6394c9b
A2010,10.0,dfb1622b84171bcf7a1641daf85e28cdd596b54c9d98363528259434c3935ed8
A2011,10.0,726519189ad29c35cf5dcdb673337ebe8cdae6efdef879637934d497a5ecd27b
A2012,10.0,700eff0355ebb4d61bfa81d36b154b54d0e973e87c8c83d95af65179ca8af1c1
A2013,10.0,6ae7ae6aa4acb65c23a22e35d535050990b53b3906388cd76352b2c02a4b2e44
A2014,36.314,33da6f682616badf52fd54c6f6368b49ab1bb245344160a41c519ecdd1306e00
A2015,11.302,f81948dbc3d0c1ec2c636ff62832acf28f8daf6f12801da9c9081f602f05131f
A2016,19.912,301e3eea801fca17a3082f95e393e63cab57616ce8ac1270abb3fa2078050bdf
A2017,10.0,3f6aaebf25ac5cb7e62aeb735203e21af40a862ee21c809576fe167a72d46263
A2018,26.0,22fc08d6cdbf6b87f92e23d639faa89a48f3eee475567ed34027e92425f4681d
A2019,10.0,34b6ea62a503f8e7896ecec0b2dc1c205b4d43b6559093bcad5e115c34196d63
A2020,43.0,8b6d181b7f84cdaa4eabd99ec68da46d8e119b8f0dfc15765c8ea1d65a058100
A2021,16.0,68313e4878dc2c415546ca6063287fb12cfe08caca770797528327318044a4b0
A2022,21.432,a8b1bea0cb919842c5eb1a19c7ed41afef0ad4cdf1e2568b6712e7a781eafce5
A2023,10.0,b1a036fbfe3f9f81a697a27baac9c2b1bee84efaac10d5b79a0a3b56876b2408
A2024,14.124,26b5218c440df208c4b2548c2d1f6d6c998a17d187bad92f735aaa40ce8cbe01
A2025,10.0,b9bc1a630cf6b47a5f1e196c2ff8ffa60c95cacd7c97c5bc6d942a0f1e506023
A2026,14.588,fd9b78d5c71eb72e1c0c97368f7a61d09652ad99bb794255dda1569c10b1bfd3
A2027,17.452,d06ab9d248f1a4a6297a1a3a4440eef8e0224fec677b6f85ba51827a795c9a9e
A2028,14.0,9e3a6e7004b488b6376af7b4abeea9a93a4b3b80002e28c3ed0241085909e4b7
A2029,12.376,1c0a86fe59530869a1a349f9995edc5da12b147ca5cceaadd910281b62241358
A2030,11.284,d33f2ab5f829f3d91905f06a208c628b19753fdfc1ab192bde8d05178f9997fa
A2031,20.0,0078eafeec4a9013c9bd93799ac23c005d85df359cb8beefeac0c40935f856ca
A2032,16.112,25ad287b419bf835aebfda5808f83fce323dc6aa2a79c8f61c266da79771c0b5
A2033,10.346,61cda95e2a1372f2502abb98a1f75e5835e8d468778fb1c390e3ecb2cc7d99d7
A2034,14.0,496c88ce36fa7606c8b03489068bafd3daee667e8546d29e25e3df09755170ef
A2035,10.0,083974e8ba2a2224b91d95824b094a356fe04a4e3b02b66ed9125f3dc5c788c0
A2036,11.68,555ca67ba05a37d171ec232e3f8240cbecb000b312fece2efa855312cd9e7ebb
A2037,34.0,b8e1b5fb1c95db25baf6e1ed9c9ab8ba35437d5e0587d6f10ede921dc75f366f
A2038,17.884,57ac068529977cb5d430374ee1b67e783072bcd53e7f6b2b816844a38067b94c
A2039,12.0,06fbc188f5b4f4274c10164f575a0598acec4a279cba04afc2c08a2554921559
A2040,13.0,1eb431314bf4c04cdae6297c877ee3a990f334cc7ba53d262aa8ab3aec53a532
A2041,17.0,12875fa117508672021932f9e2e5b1f38189839e5509263f70224141a0b6b6ff
A2042,33.636,613580ff308a0f9e4737c9036da4b192e2d76bdd6fdc574a3ad7f084b15784e3
A2043,32.224,634435074e6140395a4661072f314e65d9522596ec556b555f810dafd2f7a7d9
A2044,30.0,3105cb02429abf8c1282d594cb4978951fb98db104cbaf5cc9b401844ecaa823
A2045,12.776,6e88548a8b79424b871ef7dca5fc79875850131a3f7635e67d39d1daa6e2724a
A2046,16.0,9c7e14bdeccf3dc6efb84da3a556079dceb717b64d245f47fe07696ee01c2ad2
A2047,13.0,3af5137be310979793a496b4d536246e2e32a5e75b267bd5f208f891c6b7ab3b
A2048,10.0,f28131a679a39bae0093bf86f37a9d01db0f5b6da31b87b4bec168ca7582d67b
A2049,18.212,5b2cea8d27a6c9688e8414647e465e65af2f60cf813276e2e306ac407fbb024d
A2050,19.0,c60db0278c8493e4c811ad77e396ecb5ce2de747ed341b7e6bd5ed7608780c66
A2051,10.0,73bdd18e64c41bda456bb51dd2e9c361e29a79d594deacef0ad59253951bd15e
A2052,10.0,e3939ac67a1f864981c947b93fff51ba930fe14bb5627dd00262835ce1f18928
A2053,13.81,e4c4e5aaed9d14359e0d1cc4174b553318ac56b11d6fa26d4f67e3f4e9bfcff0
A2054,10.0,a6fd31a5adedc323ecf4f4b8cb6a475056789c7ebe3b4b337a1c3a7098c1db8a
A2055,21.0,8a711194558ad1e6f1a0ca69fb1d15222d38bdc041c06f40a56757fa8cf45e64
A2056,17.82,6703022777d71120ac843f97f160bce0e82fb7e263f129bdce30bf5299318451
A2057,10.0,25a02dec4fa6bd7c6961b5ebe00d601e26b2e7823cb22dad532e4b8d0fff23f4
A2058,10.0,ef7d1219e661039e084b489f933f90a16d186b1b31af9f53286e589214bec15b
A2059,10.0,94acb45f585b5b65610d51cdafa57342afa9fdfea4b9a7355bb2f482f0678a69
A2060,13.0,829609bafc958421083fcdecb0487f9609915a19e8dabcc920e5fcca76cc0d4f
A2061,14.0,caedb64068e0af2a9d45a78fc8ffa863abdb2e8d4efd133edf6a6e0d6e178dc8
A2062,27.0,5e8d1690d551f2703d18a260d4d8f61a1430b509c6df4cc184d56ab222ee1ebf
A2063,10.854,faf95b337f84c79b524cb12dc6407564df88fc17be8bf0b79716cda849b208e9
A2064,10.0,96c0c7ea0b0a4fbfd95c16afefccebba0a5dcdca19f3da55372f372d5cc12099
A2065,12.998,2cf036efc739ad48d400346e2b097edb0882cabd6240594cfa98c39b1099d7fd
A2066,10.0,b83b030ede68dab021809d84b04fd572e6593cb613d3fab99b55f47bd6e12e40
A2067,13.07,ba2001fbfd99f5efa849213e45d11a01e6bb45838f2576e1ba81a81525513a50
A2068,10.0,84a747fd5d9949986beae09f2c4c99ffc8c82a1701f88070e2b0d74fae11d7ba
A2069,16.0,434d77d189005ea3a183b53bc77f815beb326ba6505fdf39f307a7e920f94494
A2070,15.0,cb5bc21c0795aadd1620213cd05f13f3f2c874a99d3d111824c2f36149e49006
A2071,10.662,b98975dbf69014e6d9fc2adb21968f2f2079d58ee29828182308d227decf37de
A2072,15.992,3a94766f2ff2fc3e8576b58b112dd8b2154b45bad98b0754308fea4d33d11163
A2073,10.0,700051334ed417054b3645d31a873ae299ad4f4e75a28ca6feb6e47a70075f27
A2074,10.0,c243b154180058915cb312ffe4c77373833a7774eaa6422357ec106e54b29c21
A2075,11.414,d30e36c92ea75dbc2e716b586440562c184535acb19b3b5b1bbcacb8f19625fc
A2076,14.0,1929b1c302160c1f96e819d054b032b84b1014d7c5b561c83b5a28327a3854e5
A2077,27.0,015b9a46c5210f8420cdcd017c67b0ba1a125926eb27f416ffe27f61a7b7adf8
A2078,23.08,84240101dfef8f144218d27c8448c1452e514f807f0742385be35ee584cb8af0
A2079,10.0,dd3e72127f8ffd906ead4778e2af82af33f91d70e0eabee2fc4e5468141143a1
A2080,10.0,d3e8c2b3ecc6a65026d1e5837fbfd77c90d6b57edd467e740ec3fefe00cc8c03
A2081,10.0,317be93dbe10763a303572b23dc8e85e7292331aa47cdfd3b9d4a2c3ca0fcddd
A2082,17.0,89c60c613270127f204a0f1795999bf1db133e6acca02a6fc285d4d0681aa938
A2083,30.26,bccb24cf41adff8fac48fd5b0eb79db2416daf0024f542bd4fb771d007ae386b
A2084,10.0,121501674f73905d94c6b995678e18ae0921a04091f169b51f6d6c27f2c29b24
A2085,12.0,eeff304c8f46790839a18de8cbb241365b61d8b189ab8027fedde243edb48e00
A2086,18.0,357bfb7448529e9900de753adecbca46c14eb053d6952ac550c6cf8942d2bdfd
A2087,10.0,6330431c44bfabc3bb8e8f2df522a2c207f6e913e4004deb3c0d4cee74f12eef
A2088,17.382,ac6c67c0ed3440b654f0249964318fed04dc99eca5b3ffd9387ec46cc75bcb43
A2089,19.0,99249324e9d73d3941aa6b1c62627a979003f52b29e9c28f77fb367d80b98c42
A2090,10.0,20d2bb2cab787b75e49d0f9736cb74f5d3d36d121b8f3fc671dd16dc4eb1d2bf
A2091,10.0,8a0f0c460c8c4e7012c8fdc12e0785ea359aa1651a7180ca382012bb4c6d9eda
A2092,14.13,76bb1e9435ee301aa2cfb9b3c40da98f9d906f6c6eb6a30062fd4b1ad1aaa83e
A2093,10.0,6342eb2531cd1e56edb201369c70046bd9f027988310857a1f85ab2409eb8d4b
A2094,10.0,0e0d234738e5f4b5b37b5bc67cdb711534849a66c70bd1a46d7f6420e4b31c5f
A2095,17.0,1d6deb6ae8c73f6b0e3372094846e0159eade119edc227ae2e69519ee8b10cd1
A2096,12.696,c64c7829dcdb0e34e545ad7f77be9f93abf538ef9e6c3550417340e0709d1c72
A2097,12.0,37c2084daf8f5825c80b16eb952b27834e1f06e6c82e1ead15e9710cde8afbd7
A2098,10.0,f77ed5dc11f644235256d894bb9adcd47230190c6dac5d7650b0b1f342012b3e
A2099,39.0,3adce1535cfae707ad2dce281915977d0c9984314a92ec56e14475ec3d94b903
A2100,10.0,91c0b89704a119ed57bd4d2ded567b4e02c62fb69a3b96abc27fe382b1d6150c
A2101,10.0,50145a7977ec3d89723116fa0d5287e6b804d87c1c781940cdb22d5d21e37e68
A2102,13.0,9e674d939119bc7c31ca440c8f23cce29faefc059b7ad4fa4ad13bf9743da4f7
A2103,24.0,830d5c6a71520461a4cbf0638db95ee14759a55044231e289d118a141a77bc89
A2104,10.0,10097456869dd0529b6d68101438530c3679db8ab1561e585624c4aee7749f1b
A2105,10.0,c6b5a859ddbc3c65440ce8738b8f98577755d4b30994e284652f657ef49e1d77
A2106,10.0,b96ee80cbc2aee22bb75dd43a35573bf16fe4183dcec73620ea87f9bb571437e
A2107,11.0,9ae31de258437022036b8b3e0c3ce0ce1e94d236b02ef88a6e6bf47b24a512ac
A2108,10.0,42ad066ed79b8d8345d00eea057e1e81ccae6544b7218b4c6bed14368051ebdc
A2109,10.0,e48df0a7822b24bbf20f9d2028e2bae9d0984381081388026eedbf86defba7dd
A2110,18.0,5134fd7cba9ae963a8febfa44c896d3085864719ece281ff896137c378b22a50
A2111,25.0,6d85a98ef68ecbedd14da81d7a356dde31943bb3d176ee9ecc09a550f941ac52
A2112,10.0,3d08e2d588359de69b6d4fd11635a6659df9a624d74876360297075eb6f9e8dd
A2113,10.0,550200199106910785342b6987495526d07a8e12af523029e053bbd5c7bbd51b
A2114,10.0,496a80d04fc0def12c24f8c988b4a2698fbc51c9238287e781cb43b53e4cd3b3
A2115,15.0,6a9fec1cfd2d26300918a0a2df97527ac2b006925251ea75c00b4eab84a71407
A2116,13.0,dae33d1d04a79a5ee3f0473064d522ae70f2782d549c21c29015a3715403a7d3
A2117,13.374,1f0e362297cb44da2f9b8eb992916dde4a0d382c89ebfa43fc78984776b4536b
A2118,11.0,89775ad3aa72458d81559154b1c6e657c840d226b6f38620e753d24cee036a05
A2119,10.458,c1f3417f254a66a7a1f950173fbf7edb959cf2d9e71a4db4f1131832bd8d25bd
A2120,10.0,3341519c81ae308428983dfcb187e6e79516162d3605879d6659f070779a98c5
A2121,11.09,58f0bf645c863fd9c4893eba616f7f1903ef071e38c86e9c053e890daf8b1670
A2122,12.182,59357a8c2d369378a7ce7f13532e5300fccbde115e0fb72389475ecca2c56fb1
A2123,12.048,669c4a409420c5f7984a940f5f9efd2b829bb59aa8d3f3b538ec6ee6a854a943
A2124,33.0,49875ef1dd93439fbc28341706fdeafc50919c3086f2ba27089fbaf8308d811a
A2125,15.0,460fe3c0ba47039053fce786492c4dcd1b767f89c84460ae616f89ffccd72249
A2126,20.0,448d01aec9e5c697a36c37a2ea36fb2015f87b6527216fecae115a0c108811ad
A2127,23.636,a7bea7688c781c5a6101958d9e4de766d2b8c8013beccd6a24faba1505dbe8b3
A2128,31.33,65d63d4d9c83a605fa03192a911c9915479dcfb257ed4bbca8b2ee6ef3c288e7
A2129,18.0,fa3ab9d555e35e2be21489a5321b20c0b724a9c21633e7f9abf77a1e0e62110c
A2130,10.0,a99c48ff156ec4ce5c06771a43312a52a76b58181ca07de0e59d60e29b8d7f51
A2131,16.0,5589c03582e43e0d3968cb28e5276c8b0b690e2e0b9c5930c593496e16ca22bf
A2132,12.874,49f277bcfbb6677fff648bd76d96124edb41db98b2756577e58e369d4377ec0c
A2133,10.0,6e36244c093d7b7e1968271f18c45dda463a6af78f48f86d7be15563a449ea11
A2134,41.102,2311dd32df1c157e8034cd2013670e8c0f46e69f7eaa7088e86606d51b01d96e
A2135,19.0,0d3002994b3611584613f2657df20ba72221ef0593e4b1035a7e1327db401c4a
A2136,10.754,1d498ab708925bbe8a5babe21c94c393df685fc7ad3e9a49e5f26015afc9a3a4
A2137,24.0,582c236e15138643911a33cf548d92b504047c10aa1fc01e0d365b408d08842e
A2138,10.0,80d8990766121515579a43b75de92327f39670618d9b5120ebc399c4cff60d29
A2139,12.0,95485f4a2b7d87e176a5038b081adb529696eff857675b7d31232151fdef22e4
A2140,12.0,d5638a561873e5dec9669955ffdf085db63950790d87327916a044034a5c4c15
A2141,36.536,8f8f38aecec92348f1d142eb1f735171d8728f03e396d2d2405de3f887b33168
A2142,13.0,bdfef19fe803a4fc9ea937ff13b9a8edb545e10c7f90035c2b7c7711db684d28
A2143,10.0,313786aa3eba373b1b64af1497e0c4ac10aac051fc5f10bc848e18ae3287c746
A2144,11.0,a6454dac70b8a3efd02f959126c8e0820fc404644ea7032d05da5c52dc540511
A2145,21.898,0a956f4e09c7e6387285abd6310551c19e6dec32b9d8542789236b9a12119e65
A2146,11.892,b4303f4d29702de333d2bbf863a0e6705aa0846c226f3180b1b13d1f06e72f60
A2147,10.0,75953ca29a60e66f73288191cb44bb901f580f8806744de1f1bb5c244591efc1
A2148,10.0,1f0d9455c439588aafac096df2c0817addc622370557fd08b0b6a40cd6095bc7
A2149,10.0,458e5e21cdf832a72027ff1e13b075cd5f4e5c106736cfa0ab105aac046881a3
A2150,10.0,599f373026d43796ef92a2e705511f243834d6d476f871d3873568975900b1d3
A2151,10.0,4f17265fc8c70de6971a65b79696c6554f73b894886454efcd836052260d283c
A2152,11.546,0f845cc6afc05f6707c6d696d35231527fc5679bf86ac8f0106c83bfa37691f1
A2153,10.0,7bf515b30453bee6fea29c9194656c7bd5a183d343ec996333c385345709b2e8
A2154,13.0,a1d2f71c9112bc96d42efc754ba5e8324a9b7fa352e2f48f18f98c3399ed4ea6
A2155,14.216,447bf32fa01986afc6b024848a7047014a6e8a151d46ae1243d70fa4a458ea58
A2156,10.0,4b8b6096cd9f962bb1b3c0b1cce4b861143b956c429786b7d8907ed1dfd4ace0
A2157,16.0,38da2d67f6bbd074c1da3108513c35d6db8cb0374d366a2cc098717aea0581b4
A2158,10.0,eeccc1bc90e04fa9193bf8dc1dc8bb856cf66467c6f3547a86d3609004255ed8
A2159,10.0,ca2a14b183eb839eb0855b347bacc9a4bae5c5d7218859db7f1ecdc607c4e1be
A2160,10.0,9c36ffaa983e1a5cd716ad0a1a8679a72deee3d04271858fc2a100cea7c280e8
A2161,21.0,2cf2b382c41adb5837b627f49eb6f7f6b6087fa19dac6270f696cca4021c6044
A2162,10.49,d966b7d3a010812ac639924e109b90732aacb98a37a491f4e1a3dc9bac89a6a4
A2163,10.0,ca09e36b64ab142b07c5d9aca1ddf22c6b4da4319b54c3b691177ff628b875af
A2164,10.0,7accdd225ac647053944e0617666d8e147b0546aeda27011cc7f7bf9d1fc0dd9
A2165,10.0,1bd19efecf4929b8c1b1214f86c6d7ee08fdcaf6bff6f914e3506cc68ee10a2d
A2166,10.0,59b962c3085a1b7252e8e941f0336715503fd36d0ea5f1142a8f91c38ae4b25d
A2167,21.0,a79eb68f75ef6cb6a57e1520650fd1b963bd4327ebb40413b2b4e7489c3e4169
A2168,11.0,2ab15bf099fb6ca67e3c71fd678ac043bedf79e438ee84c91dca70b443391b56
A2169,10.0,7c7a9f32a005d4eeca5dc17b208d2fb0d02a24fe536af7605822e00e60fab396
A2170,15.0,517571c338f9a7182eb9c336cb743ea6cf241f48d7c8876558caf89ba89737cc
A2171,10.0,96f9a26d79757e34dc6d005cb48803a12fcae41fa3a5656badb484b61675ea79
A2172,10.0,17666a834c198c5612ccbd417b5c841e8a700d3c8091d7a050f91ec80220032c
A2173,10.646,2706da59b22f06f2cb31369dc0bb30659575e3e3fb94e52dae32f1ff681fd51c
A2174,14.0,0134c3d92c2846c6cf44238bc747b0cb9618469792707e6e93c99fea67a8947d
A2175,18.438,2d8225049de78c9eee11e4b9a9e2a499b509edacce154ae47d12f257fba482f1
A2176,17.0,a2ab70df59e9d0af3f0746ac84e6155e011bf4d0beae18d3768db9f3661d2d36
A2177,13.158,0cd6e785651732e5174a5e39397e331a865215acbd6094d96fb4fa082fe979e5
A2178,20.0,abfb9a474e8f3395819c4f92db7bf5012286405faef6f583027e100201c78ad3
A2179,18.0,28843a216513d724f8784e0e80f47d33e9558dc6bb6e243f06ce68063b17f8b9
A2180,10.0,44414abffdcfb61b32b59bb1155b778929087a5aad1beef53c7fdb090f2b66fa
A2181,15.0,fca8b5c6038202092723c2e5cd1e374c8725ac7d8521d174d502ac95671f3b3b
A2182,22.0,ea3dbe3ef649df368b53b154741302b8d46a7f7be2bf09d67a11f17b634d493a
A2183,10.702,16edcb47ec4e70c43f2b603264476a02b5869644a4a9aac6f5d56f5c9124f379
A2184,10.0,fc22d953180d1cf05a78c637844d582a3c9ce12d1dc224ab8baf16bd1053e92b
A2185,12.0,b587248b2bf407d54e8b8804afd7a6105809ffebd7c751421e3ceb2cd558f803
A2186,27.0,5dfef9446ae4ad8df14d4c58d712bbc659596f5a57ecaa9757040e1dc5988b28
A2187,13.97,85138fa8373f25333f7e93d551a3a3691e34ac9eba59883c54d06b5e3b17b82d
A2188,34.0,9d9443dab304bbbfd27d81e18b84de386072f14c880e5df020a141e51ca1e0f3
A2189,14.0,7187a856b6a0008e77048b7d89479a00348ed5e810d3d389e2dd6289c481bef5
A2190,10.0,9ef8846e2a45a33c340fa27312c38eea261793bb7b50bf8a0d2a76d1080cd0f6
A2191,21.0,56205c0166a33ee329b58e2f63c65b231df89aae965117fb000eacb46be6197d
A2192,21.974,e8509d25ded11a038daf77eef52a1753c4f56d6569d6fb2be9e86382a6cb88b0
A2193,10.0,dedb8788ef79977f78ed72efcd609ab21e491ba120fbe7a971092c251172beea
A2194,10.0,0484f8e9c6a47530a9d6f2abba39b6c2edd59087c8310b87c4d017d9b2566ec3
A2195,12.53,bfd1117ff2f33f50efbef51e0a1ddbce86acd6fe923b39b96f4db374a2f29571
A2196,10.0,91d44a2ae5d6a47dfe44dacca559133070f0c2d2f8d80801af9043736c50a923
A2197,15.0,84a43ac7081feaea91620f806d8276ef086d1e85505bb133db31e9588716de5d
A2198,10.0,1b501856f2dae724ab5d5a055abe59e1e0bdf0ef77efbc35d0070f6071dbdefc
A2199,15.412,4f7e53a1056fa473f669050bccf1670a337221030631a85c2dc7386a6acf958f
A2200,21.0,c6a797bfe5dc87d808b00287f706d69c8acadebf4fffa9b68ffb39ed1d049995
A2201,10.0,9e41e244c8133daf4b0706b79bffb50a5409296d9e2cbfc45784f9e0a656449f
A2202,10.0,c2e41e28200f37ecd93694ad7fafa37d577ef1605c90ec3ccf54ba1d2c8e0438
A2203,11.154,b92b37a679d95f7eb493895a39fe0ce811a6ac186902b73104985f22a21ffd7d
A2204,10.0,c9e452df8c6452dd0f3c0eaf18995d9531603369e68ff52ff6e73901e7af41e6
A2205,27.0,c181673d908c399b380d59b25f8d6e74d283e8c8a9a81fb1bd1e57efb285b493
A2206,20.0,a715b46988a0501d9250c347f30b8057a0f621b10cc88e7b75db0d83163c7370
A2207,10.836,f83a3554f84fb4360bdac2414a3bf37fb00becd7c039c638be33caf9c60d7eb6
A2208,10.0,7fa49a5629efb40f8d23daf4ccb94ad2935e3784df6a7400da596e8025e8682b
A2209,10.0,b07fdc7689b47511e6289b2b8d1fc54f2c9a46dcdd9e73bac7764a206b4cc380
A2210,45.492,a19cedf2abea355335163b8f0ab29817a79a722fc039c85c9c5b566151affd36
A2211,13.0,6daa17357bcfb133c5af6b2e32dd752d30bf0fd0a7896c3ef9523c874b532ba1
A2212,10.0,14b5b8676fb889a436f13171b5a12f551b221ff67b80576b371e201951a670c8
A2213,10.0,c461c00a01f09a48c89df107b19d72ffcd3b0071e614d485cd1f8c53eb3fac2f
A2214,10.0,04bcbf87d8316175cbcef79f26dfca9aaa953a29d430e257f144c6ff4bec7223
A2215,10.0,a3de7717a6563154967e2032a8fbf51df4b90a743a4b8d01cf916dfc42d87c21
A2216,34.108,4572fa590ad0193a007a787e6c4b4ca8f2ffbce6bc4d0eeb190b883d27ce621f
A2217,10.0,5fc10291a5e8acfdcc38deed4406085dccc8895cfeeff9e71b70f40e1eb52055
A2218,48.318,7c914c95975ed0dc9253d55740d3f4c4c8fcbe9e63f76e72f4dc809394f1971e
A2219,14.448,e2142ab6fc79ab7ef494dce74d9dde2116f3aea58c064aea947e93a8cf8b7a89
A2220,11.448,da1bffbd1fbb572c40e6bc89c43714b79ef52cea367e663d4b5a198b413826b7
A2221,41.78,8d1eb354b610dd33c955bdeff108525dd243ae46df19390892f62bcbdd47c11c
A2222,26.0,4115113f042b9a88614ce8f1f372c496add333fc9796afe1a1ffa719a15bc8b0
A2223,13.234,da5e2524f8173e1f79dd19023dff248151648c7365174cee7d270becac6196d1
A2224,10.0,67094e2cff4e511d844d7291931c8853b153a870064298ea22a65de9fab3d0f3
A2225,44.0,1392d6a841414af57ce72aab1609b59021c98bb72251b9665cc1de434147dcb8
A2226,11.94,3f32e76d61ed55bc6a495add1692255945e1a975e3daf56eb51f47a731493d0c
A2227,10.0,f6e0f65ae5f8222fa621413346d0a56c311050d4030433b600f486d880f515dd
A2228,12.93,24948ee61342704aa2e543c49bf1fefaef1b4249a3fb040375296cbdc6e5524a
A2229,10.0,9e613471a63190119b458c4a76a22cf0a58d6f22ba341e0d52eafb2e897d8676
A2230,13.0,a388293feb7206ca7d4749c0c4981c776fc34cc3b9ad984f8697cd2215b0a12d
A2231,15.454,979fce2bf866928bc6b74c7bcb097836f7155f6ea030cb1c903da6bea25402c0
A2232,10.0,060b697077170325631425744450087d316f32f91cb21b5e2d3e6e817b7f26ac
A2233,19.0,72854246a221a2add68c181dc6a1a2ea15a0f486c0f21efaa23eab14c4379f55
A2234,15.824,3176f02450044931bef1a76c45182d6a89f700d1a35ff6c461692d74bf90aafb
A2235,10.0,3908885b9b2774e82c7de85131de9d6543b6cf59004b279d06476550f1c041a5
A2236,30.0,bd2fbc3be0ca9e516fb265403957069942525a0fea94d59eb16a8cfcf98ac313
A2237,15.0,bbc3df2897510adc8c56e99bd40781a508b47bfdacdde5399fea21a49847d0e9
A2238,16.0,2de67fbbc4749565b6a24caf94fa830eb7bd66323898d54185c0e6e0c1f194c1
A2239,10.0,9306106fb0cf523f4ef642ebc5fd78510162bc5872c1b315b9243b7d166bcf9f
A2240,10.41,00358910e4e8ff07f1a7ec2d95ac64eebc882f4cb751e59e40b023f5bd21e845
A2241,10.0,eb6bbc9b7e758261905d229c1ef9a9c331a90f41cdf6ed9cfdc22cc968bd39ad
A2242,10.0,39a927061927aea517e3439cb8035f5e5261e8f0f46fc78ecb5db4f31b0da28d
A2243,13.91,1167e8b93d367defc7895713f5036f5aa1e359f3aa89e88b918b0c5da251923a
A2244,10.0,e80d4fc3d124ae6ea7ae3a5f0088663f2c3861eb43615026a53c444c843e14a3
A2245,10.0,92f447d270d09b56bf82501101677c0ec998dfb0cd4a06e4bfe2bfd58e2c7e18
A2246,16.0,8d544d1d1e2b6e479c48ac527c4adbb16bac18088de86ec3c3e2e7b9786c4083
A2247,12.0,38e7d30b5d9566aa07052f9144d07ce1da80e2c96202a922ccd845d6a270652d
A2248,10.514,f97a7ba45312209e9e8eea629c93309b00c200169eb1648a22c7c744681c71e8
A2249,16.968,a7cb00d99e4db54af679f40aaa2e4a74c302fc1e7b179970183d778ed5d4b980
A2250,11.57,f200ae51b266ae30eda4eec66c64bdd019e5b95ad335947a6f9447fb6dc1f90c
A2251,13.0,a7454fb4e2015d17ae9fed0b89e211f157aaaaec6bf549d08642b71c70698404
A2252,10.114,d570868a6e0308f287a00ecb2b598cbdff90d3852634e5aeb3756f59cdabd3bd
A2253,21.956,d2fd753543f1fb733ae79a2fec973072c369fda756c696df145d7e09ca3aed28
A2254,11.842,890eddb87fd4d533abba55ef852ea9781e32f52dccfc1799d74734f6c9dffd17
A2255,19.978,aa9efba7b1f6a5749ed1f1b95f4ddbe3a9adf20dcb6cb2b0615c37596b8b0af5
A2256,60.0,8a84ef37d407bc974cad3316937b1033ed92361bc766ab6fda43eedec187119b
A2257,12.0,f45e8a251197976c834f66cc471069e4ae2a641c3e0c5cc3b43b83e4ae0760cd
A2258,10.428,52c79639ce44356d1817230d139807d74b904b1b7e6f67e41c050ca80176c39a
A2259,11.186,1158d2d725df9dc2af97c9dfa65de4ab1590239f581e2bc47997a79c3863d2bc
A2260,10.426,ca2b40842852445cff70db2bf572abd095fb5e262e3a7c37d8a3a61a68fce432
A2261,20.0,8e5c893230a8fb7a0fd87bd73d65ad2c0c13ed3459bf2e00d5308eaa056ad9e3
A2262,10.0,f2884400b9f7b76c148d92dd06190f6f6ae18b0133ca61a0a60bfbe0d1096c95
A2263,16.0,f22c17940bf8eb30d5b92f8e72908ec4a13a65ed798d4372d8d1773e0e49fb43
A2264,15.0,54741ee3682808be41f9b83b58058548ffdc0d2ab55680038df4fb04887f5443
A2265,16.16,82be2c3410c98f698e09c02edf71f689fbadb5bdd477811e603806da7c58488c
A2266,34.356,6a62379d8fe6cbf1d27eaf437f4af8dee11aa2946e83ee1168e23d92e99805e5
A2267,20.0,182775c9af3a23bce0f854f15020efad82dc0e865e079c07bd30316edd56dec9
A2268,12.0,1f1d17bb363a0ef37f56e2188502fa84f0ddff3dd81790022364a28312335499
A2269,42.48,dda2a693743c5357a0f6504bb45aa99601598ad6ed4d3fa70b23e25aa9e92b69
A2270,11.332,2806545e6612c99488621d27d02bdfc107e58f43c6d58f743fe3ea1c0bcd9298
A2271,10.0,2c57fa6dd513434ddb0ff4b0c32d4a02f3b200563fafbb418faf8bcbf14a2346
A2272,34.0,98a682201df57e97c700bbb24fc0891b89a51d40f6d302d2543aa55f5f440b5d
A2273,12.0,67d2df249b827d9ff9a1e1dd3d8bc2a4328d4d550fe81c2ac540dd5ec0163e8a
A2274,18.112,bffcb6319da2817d2ac956087c791cbf3a9b51e8c2fe4d03bcde2e2c60e7632f
A2275,10.0,843fbfbd12e72948c7fe3f7f27e2864e38b256464e2b66f5cfc4722245884587
A2276,14.254,c650d0a33b8a054a55f77ef6df1e549bee3d888e694eadc05373e8434b34fb5f
A2277,13.0,c19c7469dee27bf91604d33d4007262ae03247577b48ff2cf65e7f7ef7345244
A2278,10.0,4b67fc1f3db03f003d45f5f8af8f709658790b8391c7f2f3e30f0031ae6ae37d
A2279,13.0,2b8b39e7495f0370683e234dd4c6ee136a63348e546f78f5aefa2981b667ce9f
A2280,22.0,07be6c89782e5a99a7b46984c358f0807a755ee181f239e0a03116798eded69d
A2281,20.0,c0f25f78f5ef34f73b1e6f179739a7975f579d0c9455efb95c9e065cfbbf5d85
A2282,10.0,dea3674b448ddc8d535be54d8b34fcf2b32b3ee4444e6377fc0f789d3fdc92f1
A2283,12.92,910b31c93b54a1543baf9bf52c3c9f0d3541172c0c23549239f26b367d4b9a2e
A2284,11.0,707788ab47f4d0fcc4d1357f2a2418ab0a58c1216bc22f718079f5eaabcddf1a
A2285,16.0,2150940e0af084c1e9d54675cecc6a0800ec5c8f106ebfc096c454977ebcf728
A2286,12.53,7b35ffab75a7ae9254971cc5d547d00c412a76ccb732dee6d395a67e0776555d
A2287,10.0,c4a8fc666457fbe74444197d4f941a0b2c8891918e68b7c7c132f5fe134fb595
A2288,10.0,8b0146dc1f2104c19a40dda4b65b81aef66b93b2ba2d2cbd3bba9362c395423c
A2289,44.654,a5d6bebad5d68d618fb06ac8ff1f7967be818f071e8d7fa89abc7fc900e73bb5
A2290,10.0,670dd1ea4f117c1677d68878778c50adfe7ebdf48ab1e73398b23f889ad72411
A2291,13.0,3198104d9041da3cf0d7e9f76b0ad29873d9a1cfd379ce63244ad6868ff1dd21
A2292,23.454,a95596a4ff13c66cb776cb7be680b7b40c1c022a653ca9d463e594b181fe7362
A2293,11.296,eb3a1749e699050edef97603beeb1e2addad5a22ac71cef6c7e4ebd6c954cc39
A2294,10.0,e789340fbf82c2ba43776f7e55391330f6abe773c20c70a020b433f37690479f
A2295,11.428,3298b43628b7bc15f5a09e0f9dc527ca7bb5cdeadc8176c47972b036ec728f92
A2296,16.17,fa40afccd94db73695744b3a75efa7f2c69a34a1ae99e158e377fac6024a62b2
A2297,10.0,4125a220bf25a8c3e5a173c785ebf7cf5df0f8fe8d374c319882841163b9a996
A2298,17.0,a91fa618729a5b89b19f23bdd23fd358e4c104de046e1bb1ca854fe7c3e57b87
A2299,20.0,23a5c8b1c7596b19f4c30af3381eefa367ad77ffa2b820d1c8d1e3f99fc41486
A2300,10.0,ad23daade67a80bdbcc4894317ab2eda8eb31e39a0bcddb86365dcd92e006366
A2301,31.0,7a313771957fb17b7891a397f4ef133eab5239991d8bd42b704f8255f1629c95
A2302,11.0,b6fca16621c07cd0cac686aee7153e190239af5b7b05f14253bfbcd560ed2598
A2303,10.0,bec04c0a60533c66f749eec4b57df8d7cef0d412f4f144dd67b7c311e3409d2f
A2304,10.0,4c1db40b9c6eddad1a13b1ab142124f0e6bb44c1506f7e7f9682378435e84643
A2305,13.0,0e074211c5523787d2ee671f479dbe7bcadce0b3a165cc95450a0cf6b4f08b50
A2306,29.898,357b9d8a34cb72911051d78d49089f1071fcb2076dd8b7c1e3a9d5d3be54de5c
A2307,15.0,f31208f6aacd9fec59f7cc937020c47ec0595dd061cf38d6325c3d498acf5daa
A2308,15.0,e7ebaf29b992cf70d3b14a251f2f5f15ab858527c8556c6606adbd359c1b4542
A2309,20.474,e89613669406228d7833cbb4096304d25672105c269df154019058220434587e
A2310,10.0,804b4791a63b07b2b9177087aa066e2c87203c5c27b526955804d00c0825f466
A2311,17.0,43e0a74755e9f0450cf3c2ab0970e282e9d3d6aa92097d22466183cb8a546804
A2312,11.308,e8ac03834ccab1ed7d1d799638e3da0b54269599be1e77b9032eefcb5fb1d1b4
A2313,13.0,4a104012e835cc20cbeb7c9c228a52ef638f537b97392395439b3b276650513d
A2314,22.0,133c77984d990e0dfe04883ca25df1ff1ed6f5c3e289064e72bdfae20f5185f1
A2315,26.0,7f4a8d9c9986baabd7d593ad36e0f0421abb598c65458be988eb04d228064602
A2316,10.394,8574cc155ce6da25f549dfa7e196d4937e05fe0c9995cac16dbbfdad9265b388
A2317,10.0,ac0e8ea540f46c79580c692f7f3ba3cfee484cd5b35589f86788e13327f472dd
A2318,10.0,7844a11f2e4313f9637e13fa772c0eca6e09abea3bf7a882e63a3d2fe3deb274
A2319,10.0,2ed2970142a7ac323a446cea1f85373633344e78763e589ac1df0f9d2d227458
A2320,11.0,2ac843661072ed3bfb6a6fafb197af6fae2cc5697067a2c007ef717ee00b3ae7
A2321,25.0,4a7580786367223fca343305da4fee48dea79e4fb2a4cd7fc01ff61699a448a9
A2322,12.268,aa5770184638c6e6193ea68653ecd1462b25a924b6d79d21678384bbbe6efc3c
A2323,30.064,b518fecd0c8cb44172a92113c8855af55c8cf6256997031e444a373c4a9447bd
A2324,17.0,2c06061735d4c5332c1b473e5012ddd67dcd9ef7e4c66b5e6910089e95541d7f
A2325,20.0,34a881915505d744ddc6bcd99d78eefcdd3f3808e700a2bebff588eeaf7cbe9e
A2326,10.0,444d710d63b652f7738ad6129a3ae169980208ecb3c8e7477097e57335c9d981
A2327,10.0,ae57c0cc04ec7419e1b846e98fa9aba30c4ee561bfce3b61ab439577ec68f75d
A2328,14.274,e3b283c3668ea70f9ebce6447ff9ed6edce7744293f3ac159e94e6a2833c8fc2
A2329,15.0,3803ea6874c95f7580178ac481bddfabed9ece39b8a9ceae2a3ac3302523a868
A2330,12.0,ef52ece8f85ba1fb08037505c3a47c7b658c0df9c9bc433380928d073744769f
A2331,15.538,c06f59981777449b274525849ce0141db788032e1ab03fe9de92067e0c396b37
A2332,14.484,895c7f3c7782f9b862d6eed97a87d466f2c932e6f3b42dd7059d40e49d65b132
A2333,10.75,03cf309dd60fc589b95992ad3a75adb7ac646808c832efaf8607463f2af354a4
A2334,10.0,75ac12d1f20ccc9fd3672da7a04a22330b9436f1a74c5b5c4a89fc9f26d3e9ba
A2335,41.512,c3c4308e29bb44392aed880b7630dd16616b5d0dab477a5ba90b97bc42f080eb
A2336,22.0,01c234df28327f966cd60152408f8b99bd8a6e0d3f5a7348ec2297c40d9f74fa
A2337,16.0,b07277859682c965a3dfd5c1da0b6fdb65c62ead780f57add28b6db9eb1e5e32
A2338,11.84,946b8589816f082d9c8d9f92c50549722931d7ce954848683788aa2b51c87337
A2339,11.0,71b446de211a5be4f4c572ecae785575c4c73e7e9c6b5d66844414ce3a433633
A2340,10.0,476d1508852665c6a9bdc3ca01f8b09ed835d880186ca98c7ce42c33fb2b6fe9
A2341,18.01,3d399c77e332026f6cda622c6ca40f3d29f961c3916869d99442171e059ddcd1
A2342,10.0,1d5243a4f02bd5494dcbfa9fe5eb044fb4be6116ba291dae4ce0837c864d5139
A2343,13.0,d1ce8f4214e3cf9f4ecb01a6c1759f6eec7e9133aa3dd7b1310f55f2c52e06e9
A2344,10.0,3a74f0ab23d7ab9285e89c4ab5c6a6bb0d44de2700f7396bd5450630742f6bfb
A2345,12.22,4b641dae04b9303efb245014e2d4a10be228b297a89ebd001a0636f4758d7f03
A2346,10.0,51388525870f584563e5e0855d22e773bc30b686da20cb1e8ea9fd404546927b
A2347,10.0,7b517ba839415cfcd096d7d860b0d3f55f67388b258b9c083f4f0f5607212863
A2348,32.982,fbac70700ebcdd2ac0f517526f655911b871ac6c3382d16d5505919f13cc2c88
A2349,10.0,539224a3522abce1522cead446f806d11001b678ef110f88f5020f33e763bc82
A2350,10.0,86e98d7d02aa5656599fccf080839fef818f855544a40772e098c5332b34bf74
A2351,13.0,019dacc1f8b3f4b011ace1f7f484cdca54befc92c00f1f44968a3c4cf5b366f3
A2352,10.0,6c013b30d95eae753393854ecadb1c7ea5dd722ed1edd3dca4802904176e0eea
A2353,12.534,cf1be8c0455ba7e7903aec8220cab7e7085974595fdef9244431cf7a9e3b1a22
A2354,32.674,5a08400582868fab0550a023f8fcf4d3c53ef5f297acc21a3d60cfd8cbd5ff25
A2355,10.0,a45dbaacc4f49ae3527e7c917945427826c427e45ef60ab76bbd5c7756e5c2ac
A2356,11.726,a7f95256303f123f7a45491c8f94c00ac2d364ff246e70f1cc3a48bdef4d5659
A2357,10.0,b065c58becb0cc43581b0d56a93604b8308033e385bdbab4489ed1ed028b5c09
A2358,11.352,bd20db611a71759a7a5b8a1c2cc6241e619ddaf707172651831b11005792ad0f
A2359,10.0,849d9a932441760d32f0e90eb64a7a897173d2fdad1a56e72cc57f70b4d86169
A2360,13.0,8557175890995dc4f1b9394b2a2a0bfd6393b4c2d1061898e1e6c17c4b3e5895
A2361,10.872,a5d0b61424e32a77cf8cbd03affd7eacd808f69953867c3b4592510a5ee36978
A2362,10.0,066c322ea1cc48bbdcc908e091a379903db9856485c32055f27b326bf2ea9e60
A2363,12.0,f2b013e1287dc249c5d6a21179a07810bdb79f41ae69ad99b7fa4a9f6a1010da
A2364,14.972,a08656a8f7474addaf06dc22b8cb27500a75e10d38d4f997f0ba027478b8e8b1
A2365,10.0,ee03fd2b07e48018a02c9f3fe85ff5a929f48a88bd0ebdf78b0832bc62e8f2ca
A2366,10.0,24a7aec79a7600490fb39886c69617cc03944285c4d1905f3a02b8b4baa53392
A2367,13.0,b5df310e69b81bc06e950fb065a5161e7d9c0a3c75ac5441e744c3de21ed8cc1
A2368,16.218,11c774b60f1d815b5e58ff395ad4f94b5ec0c94eeb51bb73808ee0431583204f
A2369,10.464,b82dec6e8bda47132f943b47c09b754d5582e1c2b08013038b7091212215c435
A2370,15.0,e80e326e6890148f3ba29b0a93e307d4dfb4badaa375d2ce63e86d931bdd8691
A2371,13.0,fee7d2df06077b37901719b57021b24cb9c1ee3c5876df4b6590121b81f1c87d
A2372,11.988,8451d30227a25b0f767ec91956a0246e92483e89ad11a2ea348f30c279c1a609
A2373,14.0,cb85869afb94bb4394fd5fe21e90aace5a6984c9bb8212253175db759fbe3e79
A2374,12.696,ad1beff46021a20ed214cc271c29da494ce2c65249d02a61957ab778c0145fc3
A2375,10.0,973e80a65bde9a718e7bc457d62dd25d95808606b5d28001f9efbe46e7cca2b9
A2376,10.738,2b12e0a07cee55737f96920e7fcc486e31736334273ea26989c25263032c91a9
A2377,10.0,3a127544a0ac5529f784c4a1827e56f620a0cec82e53f84de58169650104ae23
A2378,24.0,b3e91139a6c3d5e064724052d11633f13b77749e0043cdf1d2781dfbe3816672
A2379,12.0,90dbabbd8941d32d459b4836501989e0b57538ef27aa2e9f03336c7e84d4c10a
A2380,10.0,0596f8914a6b6326712d2ccf6fdca926be7c7c21423fe871b88dc0030c3a190b
A2381,10.0,e4159e1cc265ba9548f649537e4dce04e968aed0d5586cbe183152279e902e2b
A2382,14.0,63a98aa28599aac57866ce6de9a7821afb337a1fbff2018229d769af12307a93
A2383,16.0,5191d26f7aeca3aef0ef8263917c96ccf7d7e250d50d0e90d21e496028ac529e
A2384,12.0,9ff3d042281e364ec0dd6708a009283a0be5ab5269488fe45ab7332365537c85
A2385,11.0,7f486716947b711ed7a4f27cdaa6dd9d960f970ad285fc62cf24f90cfa1ee328
A2386,10.0,74f077fb80738a012cc0910e4f1382a3c9147e2c0eeef3af52929cbfca33a5d7
A2387,11.796,87b3b1037f1fa45acbbcce97a2b03647f0f7702222b9752e0e69312438e1c5cb
A2388,12.374,c8d1737e47684067437328cf5d2a8d91f4f138de8df5c72dcafcb4fc0e76b2f5
A2389,10.0,4c3b8822bd140f342c01f0195fe1bd1b2a79432b7bcb81d8925ae9698cecce2c
A2390,14.922,46d1f59cf5396faa7ef44b3443edeee15ac9a038b780f903a276d0637fb65792
A2391,27.0,99f5f92b781cef25cd3a3fe9c16f2e06fd0c88a82e1df0c922a7bfaa41cde676
A2392,10.0,77d48ef810f5ca2ddc4527e6411872942e290a287f6e71b380f8129ddfe8ab08
A2393,10.0,33b57b1703ebbeeb546d6b26bf9e1b6a7322f92106f140d86f5e36ef9a32f08d
A2394,11.476,f207f6b25a84ba13271af8986eea2cd08884b139101a2061854cd33dbe397177
A2395,10.29,6e78a6f9a73525fc2e6b7b08618be7d7691095a7bfca4865ecc40a2457f05bd1
A2396,51.0,8b4b609299eb89a5bfeea35b588a3f485ac0f4633f6caa329a8616f99d4f6d39
A2397,32.0,9ec8df5c347212eb67b8b95e82c2536e75e894c423c87e8592c9548dc9254c9a
A2398,10.0,cbe64989e43c5f8d76df7c3067c057daa2be0c7f0589da7b4e6bad9747836856
A2399,11.694,78414dd26b234e61b984618589bec721e77cc22115b8d8efc115f4082d9e7228
A2400,11.746,ff23bcb0d3c377494af4d0cbcca7744ad2217f66a7e6720de6fc901a79b225cd
A2401,10.0,947b305a097c0e148159b068cc6f2ba1d4f4eb970d4445105e8590f8d8726422
A2402,18.0,a3cb2ece8a9eae07d8e98807ccbe9344b1b9d057f15f107c0cfb5cca810a3698
A2403,21.0,c01f713247c0cd4e63cdadc9494052d9adbbce4b84b2b2e60e4b96f9094033f1
A2404,42.968,c9a55769029e9c6a136c68d0469b3dad8092146087ec4e5c04007e7829b96cfd
A2405,10.0,79362bc4519e5f80c7836d14f59ce1c642e75254c18a288c068750b4a84bb56d
A2406,10.0,b1cd2dac4dabf59ec6babe5ac20a1d3080fcf4b58d72c9940de3022ead52e173
A2407,14.0,b16eaf319a34845c1b6df6de213b9c6ee3896a25756f0bbe79b6e61c3edab0c5
A2408,22.0,0bf545bfe02d29bfa341ba1db402fe7fc74d9adbeb1a025e0a6e78eff76d4e51
A2409,15.0,466543d7dfd3b2337969924a1416f237ea12237d7f5bf91d3b8b25192aa3f799
A2410,11.992,e6d7a4ea8be71a193d01d5956e2071db6b7dc7b2399edeca81f95129cc51a52f
A2411,10.0,8ce7f9cdc7f7205dbb7d7422bb7cdf0c24f2f3b71c9f3225aa10d3fc27e0dce8
A2412,11.466,1b1e20dd5d741d35ffb390e517c6483125be6f0a0221987d0b1c4c46b7b39f86
A2413,12.266,05af637f1665752a41afea27e999573f3de3a7c36b72594020f581ccc4fa1f46
A2414,12.17,d9b21add1e0bfd64278795b8f3a0d301c9c2e0ea1d025c8a720a8c742c7baa23
A2415,13.01,0f2e0775bfc48a94a58495b149c220ad97dde27ff92ed0920f4d6801b5d631de
A2416,32.618,9e433de5b4b1ae99a0d5feddbc413f2c403dab632e1aebfa26b95020fc77d8d9
A2417,21.0,4595221692208b81d231f77a8bdc398097debf91b9e9954480a096f99f45d65b
A2418,12.09,b4622b23771f1f645d4427267aa6680d39219ad12520fd0dca20225fbb03617c
A2419,28.006,b3e2a8b84adddbff5821a2c07dd9f51b4a8ee887b11f2ea8e61cf80692535e2a
A2420,10.0,60b2110f8ababf24f6319ab5f6fc028f340d2d0a939598846348e5adea8ea6cf
A2421,10.0,8e744d3aa5ddc6724db1aa1d27acc4d15142027d337bbdfa12eff428be83e043
A2422,12.324,8f6d5ff41a762d29b7cd7c30f1d3dfb790fc2ee97e15be78aa74459008ef0e8c
A2423,22.0,cdc9f10c34d6367339e15db46cb9e2d16e3f2c608697910ea3692815c375754c
A2424,31.0,17fe4c08a91aac795a46b92540ae576be4958aa56543dab7fb2e2754d9c87a4a
A2425,41.0,712f7c73c6e29b1213f9778e2f9a3a355234a2634aff89c8b9c954beceadeb76
A2426,15.0,52babbdc038e9dad508c200d0607f8c959903777056976393b30a6c54f6408be
A2427,28.0,57bb953c1c6cc2170246887f56cb8e95467799ff84e6bc1dffc76089eb415435
A2428,24.29,163fb22deaa619f27940c65626b4077ccf19d08e6640d5a3ff1d0089e7eae7e9
A2429,10.0,ef2c9ea8c29ba7661ead4fdc58ab1d128b6d71c9d16ccf42782397cc70738ffd
A2430,10.0,36edf7b9f6f30e5ea5c99026623e08b3b3e333b59334eb4ba48b228c8315e990
A2431,11.642,c021df3ab843017f45c33d81b90c66c69fc25e8718de24d6c06d78e498381d5a
A2432,11.0,0e85c7ce166ca379f6cc91f42edc94b9d429f61d7361eee2d4de246fb315f542
A2433,10.0,e73ab6341972c0d64def1b0a52e0e85c33e1b12f9ccc3ad1db2202cc45a0cb30
A2434,10.0,7e5dc6de09501f7a57937d6e3e1fc788255cca23fc19c0d16821d72466471697
A2435,31.89,042dd5ad5a23267f3e8b13fc5b5686a90e76ff067b5087dae03baf38ea62beb4
A2436,25.0,cbb1187a4d1b3b9f9735f4a8b90a4777d6965493722983c41bbcfecbe272ae33
A2437,10.896,0dcf50cf08da61c1595109b3989f61d0f5c6eadebed2b9fb06da38d4d3432536
A2438,10.0,d59f86faf4844906c0a12675b34cbfda640b9fe9484749552dc8de400cff9b44
A2439,10.0,76ef112a65e9cfddfe14143c7e006f5e42bb9a266a0bc97d68cb7742e4dff59c
A2440,31.002,d5890c29f4486059199eeb5f344941a61d3009df81603cce772fd0356064d374
A2441,11.0,70bd921023219110cc3ec6b512846ad9f0c9b1e2ee99992551c48ed1fc7ada13
A2442,23.0,57d4070fa757e3928ff54f65385ea32630608a89400c7441ea6b3b69bc9c019f
A2443,10.0,dff3c974c721874e3e411a980721e967b6208bcd84bd4273ba9f1c01d011e48d
A2444,15.0,29805da03f7fd2214fe1dbe4a1d5e0342e3eadb0a89d2c51359d736fd086fe76
A2445,10.0,6c769439aae0b927e0218c0b98d93bca7569d4917890cb3b2efe2c2e25c821a0
A2446,10.0,5fd120dd18042fb938edd9e5b3f5ff2827e39eda00666cccdd4b2f364f584ae2
A2447,10.0,7a0e3f7d7a87c60b1e6bc432eb6f29769afec42b06f0b90cfdf609047d5fc7e6
A2448,13.0,272cfb75743f1d51dcbc8b18308635ba8ac8db248c5d4f91b790da28fd7ab330
A2449,12.252,0c5520a4d27ae7835bca707f773a3ce0854d8e5bb269047129df4e562eb0ee19
A2450,12.0,22ea148b25422accd7a5dc82001cd62954b4f901c5ce05ce211279b731afc65f
A2451,10.0,0ac0f270ca66432f690ea6acd04617aeb2ff2b609381d5bbe1138163174f10ae
A2452,19.714,7215b08e38cce05754ec72f8a67d92c873d4a0ab0aad582fe03159f40ab4bd3b
A2453,10.0,283fdc0a478484dae0334f448bea23ff65f5cc9bd3d0f0d819f477f669f2cecd
A2454,11.0,c1fe5dea56ea2154ab2a121a2756dc5f3c5c2ebb436bca92de7551a401d27d1a
A2455,18.454,d7a0de83fd7ed6743048a5342ae3602f502b18d0ec70b12ede645cf149990c49
A2456,10.0,be45b86f560372721c88701d8ff7989e10f927cc952fa94435db65cb39efd7c5
A2457,10.0,759dcc6ed138b2619171c4994139700ec0d12086e125e00838108c5597589823
A2458,10.0,be6a5a9d83b35d3280baba0615f7d62396a0e4c6301ec21878c02d17730de865
A2459,25.0,9737fd2177ab33cdc7a034f952e4ee5ef8de94cc473de73fca7d77b51b952a66
A2460,18.0,82dbaeca7caf99a0d76b988c7d86a19b7b1249096b4e39133273db275b05d231
A2461,18.0,cb0e2f0f53f0b527e0e3e7cf61fe660c01f7d32bdde2795c4f0da6e6174b83c0
A2462,10.0,bcc8f665a60e3b472f829bb76e3dc43bd68695d5814bfc770424f9ffc25f2eb7
A2463,33.0,eac7d4e449d0405a3a1b9fccd27911f69d5225cdbc0910c6573634c1a076930c
A2464,15.848,e11c1cae206fd7a3c3b91efe60bb6c06a8306cb55f4ef42d6d3c5ea6b6592bc7
A2465,10.0,1d3237554a5b9c89aae1c974202918252186286154f8a99ef8b5e012311aa89c
A2466,16.204,97fcc32b38f552ede24024daac40df515b6b5f5428983ef2aedd338e18d33540
A2467,11.902,ccfc5b3057389e8a2e72dd0db8ebff109856b677c2d40e7a171300cdb9fcd0ce
A2468,10.0,5f943cd3090e081d768f2c06f25f3cf37c39407c64414f1f6a6c2cb8463b81a1
A2469,20.0,6f556f23144757fb79ac09cd683e2b6b04efbcb86340d0ed73a41987c5b4b9ae
A2470,31.0,1d5366ed54a5c1684a6b2ffe6bf7f6b74917cdfb5d8080072c14970827121a02
A2471,22.37,824c3138744a2af4a3fb30f8da3e363ea3946431369e95fbd321f5a406592c20
A2472,16.112,658ba190d2aab44246fc342c4ff470661a96a3793f43d90e3b5396acea10c744
A2473,35.014,e0cd5125f71242c6c6befd127567e60d15de58a2f12457b909c8fca1e23a8fbe
A2474,54.78,ab520ebd3d22f57ea2cc9f5ccc8bf92aa1da62741b8c1ba59a3ccb142fc61a4a
A2475,10.0,1a5ff333b356e075d2a571fc4b5bcff32dcb5b74cd813f87a35c37d62478166e
A2476,14.668,072ef173e64b1e8cd73030f1f4b1bca2742d7f0a2676b14670a5eb17874c0f9b
A2477,10.0,9701edc3e1069c8f435d53f0f4d09e47b0b87a81ddc228f630ce6fecc651f5e9
A2478,10.0,71019fb402416e4d141b6f500c630e29b18454d1b069cf7ec8e97cff3042dd5a
A2479,10.0,04b825b6947a1be8e37ef14addfddd555507b9c39449fb0c8c6583dcc0653e10
A2480,10.0,36f787831bd80b6d8b6de71480216c88cc4380d4aec3989a5e8355161b516882
A2481,17.0,f854bdd9087708626c2e9fc9ae9afd0f496a826d1ccc5b0f3f74e57101d79154
A2482,60.0,6d725514efa755a40447d1778fa3cb3c73eb5bde2e8a71a7d04dd5a1f9e044b4
A2483,10.0,3edf09f25a8892e3b766e83defbeda1e3fe1bfcedf811484f542b0ba6b9e433a
A2484,32.518,03f76cfc10320e481e0e51a166383f232ab317d396ec52bf3ea470b8dfd72fcd
A2485,10.0,98ce894390541ac6743007ea6a8fec5115dcc8f88aacca11c3f06b349123ba24
A2486,23.0,4bcbddf89e30501dfd16bf64ee8b870c5bc930cd6f2093188463d1e8eff17680
A2487,10.0,71d4724d5d0f745dc7e56ffe8c3c64006fa8f7712cac11c371400301b51b084f
A2488,35.33,544b3aa47a2ab467221bc9bdfd0521d0385d4fd731c5f62b92fec1d20fa3a93c
A2489,10.0,f993d082a5fa419d554855e4fc9c6e6192dfc0a6dec21afd43a26a94506a5327
A2490,10.0,1ec9b7bec4b2916977725654c29826e794938e5bb0650ade04d3ceeddc867fe4
A2491,23.0,0cc5d1e658bb2a92bf02e240dddda56bce8445d49672baf356090c940485d2f3
A2492,11.61,2249f413cbea31c0e52e8edbf877e9b3232e0868e99777bc2eb0d6bc158ebbdd
A2493,15.0,16e1dfc7cd375d33f6d783828619967c415f37b0fc8e313acc36be0d2a033720
A2494,12.0,3fa3c367a91e13265ca61d58a2887a72eb0eb807ec7a1d403dd1bab7d7300555
A2495,17.0,8cd885bc5f5a5db7ffc3a74625b2b5add67a9d16c636c9ca9e43db54457e38f9
A2496,13.0,69d01228902b5e7a0223f7a9c016211378712f8d0d3f59a09af5533f1945470d
A2497,10.0,8bc040c62c001db24123fadafdbefbfada513fcb758891efba0ab92a31d8b729
A2498,10.0,12fff64ac3b13ac4d28bbfc9a4d4e2997ccb3182ae347ddef786aa4f4cbb4f91
A2499,12.094,a45a6afed15663ad3c864f46136cb1b7baa611158800afd9e54524e6e6580a1c
A2500,12.0,9e89ad4ad1f1b7b5f4166c969d8228bf18449bc558248e7d24cb9806c162f162
A2501,15.0,000980b7f98e9a8982f3343f97155015f2f298457a4bc0925e2a70ac76e5cbb4
A2502,52.668,7cee13704f2dd67fb635effc2ec0f7c135af9b33b11e41905b887dd8df800141
A2503,10.0,bd5982c53edb1e1f774df4455689dcfcc41f841ff33e1984387a1de9e3f5bd84
A2504,10.0,e269959d0334d163aeb4a8694288393e11d96d875e1ffca882785e72bf7488c1
A2505,14.0,b27e492578857920793a8cce0aca5a79ef291ec133e54bc568c1a6861a63998c
A2506,10.0,de5b277b71795b2a15fe62ab958ac1094f8d9a0fb3fbf909379dbf581ee8c2fe
A2507,34.888,b821138f0f1c2b07448829d478a787a83223246191ddc26f2099aed3b6a6410f
A2508,14.0,6a86ed4fc935df88ee30d135d35a34827e16400143e4b689a70fb0251ddc7474
A2509,26.0,34b794416a78b9361444bad563f3de191b3bb9eea9f1b2477298b1494eebc41d
A2510,13.434,ba0c6bae3c88a4b1c71d973ff7d0b38f8f58cd006879a5b1cebfe8eb35d58ca6
A2511,20.0,e58dc09b8c3cc18dec8060aa119697fa16cb15184dfa3531013611750bdd967c
A2512,11.0,a951bfbf54ba5e2f7a174d2562b4f92efee7ec6811c6cec9f81c8c6ded682a23
A2513,10.0,16126ea9e87344c7983ceac45ffc6b7616e9c29eccf1cb405637bc7d06d0a8f5
A2514,35.108,1321fc640136e589ec26fb2db14ef46a484900728ae222c1351bb6b1b1c339f6
A2515,10.0,cad89c2f8eca4fcb83cccaff5c7069774017ee1996b67098dad5cc79abdd63b7
A2516,10.0,9b3dbbae9046ce9008207171a1caae1a99e080c302e5a8fbd98c574b668095e1
A2517,13.0,1de19646bb9d8b68e507c8948a61600ff1d59fefd2d538dbcd65e13cd583f6ee
A2518,13.0,9902c0c78740069e26da5bbbf022a184efeea18c93e7bd417ad6bbb137b766fc
A2519,15.0,26903a85ba96efb1691dbde66a6eb5982f67a896a1b51c748d2a1a7f027e57bb
A2520,10.0,adb8f12422a29bb679dd47c958af2970d5f120220aefeba424fe1e2a417a78c4
A2521,11.314,ab51565fc58c1dd2d996c347a9cb8460ac6edff05bc9f52475a3ac9ea83f5ac0
A2522,15.834,4c770e12cd4fe3db34528efb5e7451e2505973698b7b04b979e683cb480891aa
A2523,10.612,9453064622d5c4e8435c61aa593573b28bd7dedc9e71e13d43f88d3b8e4e3ee8
A2524,11.682,2eaf8c86d7c67ef37034c9ae1dde97fa6317e5bf92073f7206970e396ac227c5
A2525,21.0,4853d2c18929ebd640bfccc7574f89137070280ee49944c8463308978df6306d
A2526,34.0,7909ed8b86101388411111b096bbaf82c9bd01cf9ddf575304f8b99e0ab7baf2
A2527,22.0,c94fe5a1aae3cf7bd582d6b78bde70d85e05edcf1a47f15a936f9f70995dca60
A2528,16.0,467275177d63e6ebc4aed4cb3df23a7654ca40f70c425910d4aac88f4fa2a55d
A2529,46.416,bc4c6207efac0d1c4e79cbbee72ac1ebb9fbc4e45b7c5d94eeffca8d0b674ab0
A2530,13.0,d64cf01472f7801039f96b976629c70be22338edc8a221a3a4ac05690d71a10d
A2531,10.0,95681405b3d9e9662d8f494a14fc87eb17e3bd84bd4902e5b59bbeb864623859
A2532,10.0,29dee010f51275cff2f5c95bca705a2c08d6d8e1beefd2be949f0a8e24d1a598
A2533,11.988,b69ce5ee36e37232773735969afb3f853c2c36399126fd447ae6b3cde1d0c991
A2534,11.834,33b099ff6d8a88437599dc1e8cbe06d7af0164a4602840b28968744fe1d0ef5a
A2535,12.0,8b5d026010deda412058712cdcfb7b2dd1ce86f731cdbfd98bc6a55bb7ad8fab
A2536,18.0,f2bbac3d2efa39ffd4bcabcfeb83026cc89b0dc16e181c33aec737447d44333e
A2537,11.0,833a0e5d2407869a0945ba69effdce5579dcaa3ec811387dd0534cf1b3323869
A2538,10.0,1d620c839fd9052850fe372be641ea1c9700f9a917cfb4427c1ed4a17a94d646
A2539,10.0,2709a36c6c017c35dda644e7f39b11e1a12ac6fcf5479d08ad28d998e1af0860
A2540,10.0,e48b7e66bde7c1e29f9db6333a4906636710943c72a72e97a2c3f10f40f409c5
A2541,10.0,9769d2e6124b4e34ebf38c86ea96e589f4cb8bc05757ad4e89607671ea5d68e1
A2542,20.0,c06555b2d42a73fc209cbbc5bfcaee877ec7ef5ae0a27428ecb835302da85ffb
A2543,10.0,5c9f77ad6384b5adfb6354c2aa4080dc93d9039901a8aece5733941b9cd90196
A2544,10.0,94982582a8cfae5bb93e9bca220de0883b29cc9858873ba35a558611960fd2da
A2545,21.0,6441868b2a514edbc890e932482a82c8cc7ec0ea6f655ba7060e20c97ba45dcc
A2546,11.0,11f03b06f3ff492fce00ab0e0968bc40648998edd7ce236218675e71fad185cb
A2547,21.0,5b84ca6d718cedd5a72eeaa557a5315664a5135af5e2142da75cb8f5bcd8a67c
A2548,15.642,548c60642970fbc076ed1cc95c3655087b2cbe67ce837547bfdc741743383fc2
A2549,13.0,3a9fb0cd656c81a5bdb48c2f2982950da8a194d120a6371da761f1eab51c3005
A2550,13.0,dc1a661a7046b505f3fa80de33f1128c878e06bf01e5d2162253a7707c980d2b
A2551,10.0,473895bfb008788e9dd739f18af1c3749fa585c13851648d29403ebb690eec82
A2552,19.0,2073193dc59fd4884c001ae47e52d922fe278889b4acfdfdbf2e4c7c148efe85
A2553,18.0,2c14f2041d69ccbafb810ba75eea609601084e8543ac2586dc23412e41e91ccd
A2554,13.0,c2f46bdc0372054b1a28c3cd1b088a496aafd307d485ce48c479dd1c5859a59d
A2555,12.798,ff38e934a1854ab5654cd22ff858e9442e17e82dce7b2b71997636ff2df08027
A2556,10.0,41022e013a3e23ed05b988d7f7cc56857c650787b0152615bc5d3d58ae1747dc
A2557,11.456,b1215c85da911d3f89993c33ac2275f89c8b78475260987b5e46a876a530342a
A2558,36.27,2d173db341ff50bb80245a02ae6e18bcf051e1bcbc731653782e848b00c3ac21
A2559,10.0,9e241f67d5554a568f79722b97145464344c9a0fc30d6c3679d398dd01da60f7
A2560,26.31,364e9082297322b58f5b8f9f1a6a4a358262cfce69f4927c13dc861e790b85fc
A2561,10.55,4ec9d07b00385a2771171862d7a5d7363787f7c34dc9c8ebcf346fcd7c73fb72
A2562,23.0,72809804cfdccd12c7e4884d53949441bd165842ec09266000fe01fe387c11d8
A2563,13.0,79c566ca3d19952872dbbb089aa94d97bc21a7aa372c2b257c17c6f88df05d1d
A2564,15.0,ae16cbab6d4721f8402237bddb887328494ee0f5cff44203f582450ef4fcea6b
A2565,10.0,b59c34697967f7b49426b737aab01214acdd0a6ce8551b7c0cb898878c75b150
A2566,30.064,7f0054bb395910f038bb04ea20c763be471a9a10059e52d2841e090041ecf78b
A2567,10.0,4194eea1f674acca4da110bdc8c3272ec1f43c4f5bc8836d2355768772441c7c
A2568,14.0,053425f3379cda938049f3580fd10271cc3659a6789e44734d2041ede214c488
A2569,12.0,7995f6c766687165c1dc693cd1e4288ff7b801869693d9fbdcd86143e6bda4b8
A2570,14.0,bc67038fb46ac966379261960e9d9ffa0f2a7ea436985b5cf7fecaa567fcfa38
A2571,23.0,d92cd7684a5fa49db724cdf753a21f73f5db611790ebeea26f059eb7cb52c753
A2572,13.0,ca933a0b5a7bd8c742afc068ca75af771ed13678bd1c8fede272e22b2d6c108f
A2573,10.0,4b7650cb207c31c329848c664e8730c2ae58ba0aafd82001f38391781c95883c
A2574,11.374,62e78371b43dfae803d0ed7ac7434a9dc70a8f0b5d5281b9ca78e8da42493763
A2575,14.0,af884af1928fc0d5996d4f20cca64b30a3a1bf487e8fac65688c03bf3bc04ccd
A2576,12.434,37f9947be6cc5346d07a3d14c412e857db5965ae5cdc20968fc6368ecb2cd64a
A2577,10.0,21f7b8fee3fe77d49fb46eabaa529321b1d095a3b166eaa48614b006407fd4ff
A2578,10.0,29f9116c79aaf322e77e1c519faef95636280d28a1df6f4d6bb23a82c6bf9ab1
A2579,10.0,2df2eaad6d68eb41373c63c729e16f5df12764fe850de27ad8eb0c420f7d0ec9
A2580,18.0,6fa2265ddbb4d1e9735bd078b211d6fdb67fcf144942ef97d108b5d294bc60ee
A2581,26.856,32371da790a4ce77a7821898323808870bffc92d6b4e727e0a96fa1c15f31196
A2582,20.0,698c0f7dba16eb41e07bdce834abd31568be9868d09d5229715ae007282b0917
A2583,10.0,f0cacbb8f0ea10790334c0d748e5c30ce4f191d10c4e6525a2f9693b55ed569c
A2584,17.0,85bc8ab3985c2c31570cc5f33aef962794f2ff459d44374e9fb527c8d5246f9a
A2585,10.0,9f072a1ca3ebc43bf3bd3b1f6fc992148f56d2eea0fdfe7784e93f8264dca9ec
A2586,10.0,98939925887c371f58deedd6d10aed5d10144a9fd27afd867cfda582f95b02d0
A2587,17.0,a0ddb07b3d033946fb7bc7bb9e65f722d535e1f5b52da4c34877e3dd81eea643
A2588,13.0,8571d994993ae5821601b6156a0b194e4ca122e56c336a260369b8a72ec191fc
A2589,10.0,617004bcf0a6e19d9f08e5696dfa9ffae31592d2f94d0fda028ad929975c8a84
A2590,10.0,6807f825594fd1be2a168f1ff75e669dc300f75b14ca577f2399bf33148a1b31
A2591,35.572,e51447f73e557f6e7fd9035f0b4d647060b2cd90950a12ede9fd88ef974a9593
A2592,10.0,5b7b564ea3884335c300dada330652b5b3aeb10c2418289af454c4dd742e8eda
A2593,56.206,a4e2c318e2b8e3d650b4f29491cc6c00f854b37df4ba46893b95e5ac347c220d
A2594,11.0,7d6b1f087a4b47bffe9be5e3e0c3dc1139deb8750ebe1c87357083595af36547
A2595,10.0,1c3cefa57cd8c2a751dcc5c92cb6fc02e3046d93b56244d2980f3b123929ca9e
A2596,28.0,cdf5960c8ccb2e35b0aa4646d48b139e7be9a507046ff50afad79b1a35c8800e
A2597,30.0,119aca1dc16c8466772ad6c731bcbd991c72e5e1139f9f97d76d5bc130d1d91e
A2598,10.0,3ac660428868c2e93d4ed457fbf617322f5adf60dce7642c5d119eaf52393948
A2599,11.184,fabfce20954fe5afa766ebcec624c53e2785b4a89d16d7497c3e721226a9c252
A2600,15.0,87e2748730debdcdb853f6d1c23eab3ba091baff76b333d4a862b81e4ec12feb
A2601,10.804,297ad3e8c796af0b2b49a06050cb20ca7d2a50c52e3706ca5f13cfc489dfc558
A2602,15.97,3093e60643d1f9c779e9422375bc7f3cda2fb5c7260c79f563463f1c3c276578
A2603,32.556,6d3ab7dd7426712350a1804d42dc1a0de18602af1cbf36bc732e539c0d3e44d8
A2604,10.0,1eab4f0d792a40042f534752476de0299edb37cedf2ef3c870497d09aed9bf6f
A2605,13.108,d35d180277b01a462291cea16de247c7b088003e5802104344b5c4a9262f9813
A2606,10.0,affeba9f73364d62c0af79d66322a1d159c2141f4f29dbe5a62ca36f898de29f
A2607,32.0,bbb1bad2a0597d114fef57938888a5811c96877c8dcc442d4746fea00ae898f7
A2608,11.0,2693fb7d33dc65ce7e8e9c46149a2f6503fa3b31eeb1ba96a4d8c9183756a182
A2609,15.0,07b22c1defca2acdbdf50918de1bbc234ef550a3aa34856927eadcdf2a179f57
A2610,26.0,2ef45faeae4a5d6beee5854f38ee0e7210009bcab96f5f1e5198070ef31f4ee3
A2611,37.0,e49dd3e06a24ead70738c41c74246f6f975713f20e2f6a9c77d3cfb39d3f6ae4
A2612,17.0,da519999acfcf72ba87368b90fd7a1d6df1abd9a6902d0c6427c4075c1116830
A2613,10.0,c4aa567e7d61751db12a1c5780f001611659028d8f1633d41e807d902c5f2ca4
A2614,24.0,ed157a5c9f35981034f619c5fa0301375e7dd453eb2f9d669e7aaf4e6b8834b4
A2615,10.914,185d621d7b1edc8a8f3cd87f4b14307479e9f3023ae3d89afd85dbcfc482cfab
A2616,13.0,99f7569bf81b1b52fbcf78b54457cf9c9ad4860bde9f41b4d975d2e3e85d92b9
A2617,19.782,1d1e38cd336f1755afad708ae27ec8ff5c5815fdaf97312216d6f218555fcd24
A2618,14.474,278393838fae44f7ab269702591407ba663a593f05352db5e81f824acd479f1b
A2619,12.0,a6e794173246d95092bf4f3a2f3fb8e1253e584f59cad0c5f97dba54297790af
A2620,10.0,810b134afac7b8f0fada1101406bc3ee54b7abf1364d762b4e700ad836972d6c
A2621,11.954,cbf79f0b514bb22e66ba2b209a02f2533e12fdb9549aead6bfa81882134ea73a
A2622,10.0,e76100ce7d90ac890379152c442d097e6b903303b3ddf12030ebd5fb25657fec
A2623,42.724,2ab4d11e0d435475dc12fcc578ad8f04e0197f9f51cc9d8e77ce8be8e79e97e5
A2624,23.0,1c574e9a9cf95ecbab8b6caebed491ad26a0961cb65acf979e97d07cd5d574cb
A2625,15.0,8d43605bdeec62ff1d9e22686d43adde6803b3005802d2551a786bebf88f2715
A2626,15.0,98c395c83268c68e0e9482e4d69ce2e3c86ccd0f7cd448580ba9c9ab9e6ffa6b
A2627,18.0,ea9759d16cb1d1a286ff17fb7d6e3ccf535caed87fa5f61bf804f98aa4906b7d
A2628,12.0,fce011025024ba1875f3e4b3dc482068747e6b5b6a9986276fc7daece59707ff
A2629,10.0,cc2b847c5e286887ce6406dfd4998eeba922214af793f8947fdb6acbd8d2fdf1
A2630,31.0,30833df183895850db0d717951c057afe374943ef28616576c575118cd63e6db
A2631,14.49,7d6e1a6fe1a36722f0b82bbd3d9ba7a510f46a48df5501779050c8a4e8f74c0b
A2632,19.676,a886849903094dac272b67ad69f23a2c15cddff6c1a1092ce53427be8ef00403
A2633,15.0,904f35428928ffed7270128f8ca148837b183f422198df8ad6cd0bac16e1f9f6
A2634,10.0,d2953e80e89c4ea50ec396d706c0c30ac3e2497fba4a7eac3076c74f9f6e4655
A2635,10.0,abd86d94c779152661cb60d8ffde8a785883317b07762ee24c4d94dbae5bee66
A2636,20.0,bf4d7436fbece7b8b2eb34094b08e2dde6f2e178e14d7c4bacb7e596ada036c5
A2637,14.0,686dff83f034c850af219542bb76f8f133e3f2a0d6491d8805d7f9747806238a
A2638,11.0,742ad6ab6bad7def119b3335a7b39887aa0cfc2b929764cac11f9e3c2c54446b
A2639,15.342,f28f46bb91817dda91a570cba7b1b63dfa4e6ad4b9fcee902d34ec5bbc8d47b2
A2640,10.0,07af544d32fa115e510d11d0b6b2b67b0935fd98de71a74485de843cc0a51804
A2641,10.0,171c8ea419325ed695fd9beb36ddbfec8167d87b2c1a7eb14888fa49a3c829e5
A2642,14.0,07b65e4e04046675257846b33530b4d059446ef630c7db8e1257a374b77b522f
A2643,14.0,4d7c1c7ca95f679631213128ed3a61dd9e6613e9d25c786d0c13f71b8b63dc06
A2644,10.0,d2882641acd3f1899761a286dadbc34136ceadba2e956033a6c480fedd71b0ee
A2645,20.0,f8d309f6b5797b79d36e03141dd3a0ae9e96a7f97872f766ad7d86a1b0b44718
A2646,10.0,2ad8328d45ab5699fcdc40035e1d0dcfb61a318b44ba35d43efc9539f4866504
A2647,18.0,3542d1a85a1a6f86c2ef60a2246c72c82501ba9607c13b4e03305f5539021bd6
A2648,11.78,a776df3d418decae69a93bbf8ce2c2c9b312184c79142fad78d5c2dfe9f21669
A2649,14.242,e8d962df8aa5e7accfb588e4e2892e2ff81fdd8be01ebff574da2a1b941d17fe
A2650,44.582,1eea9f1e414494b30c9431b6731a81e71b95696c56e8c6e952722af66f49c0ba
A2651,13.994,32e33e0da6e4c449b1221c8fb13ed818247e804adb1da5e7d7fbb8115dc8cf39
A2652,17.36,9b4f1b9d10b1dd5a9b3710a4aec49eae32afbd39cf4e68c1d35e5eb158454731
A2653,20.0,ec79db732e1fbfbee2fe48ea385db242128dc85c64306665a2728934c9e71412
A2654,10.0,d7c48b87c32f15991f7c26900d8cab0fb17cf0c261b11884c0e102d4248d2da2
A2655,14.748,8457ae9b269da6454700fedf3ae23e66b84b843a58f34b98253d8b98496e9026
A2656,17.0,0b1b8eef06b6fcd0bdcbe3067316e6bda994ff58866b57e1574b057d790706cc
A2657,12.214,fb380f7893a59bfd85ab13a488b725a102836fbad3e4a7d0c746f24aa1dbcc9d
A2658,14.0,591ee1fbe83605d88c11d51620cbe9b5ea2e3c7e8050c0797759a0b7eefb7e22
A2659,10.0,26438c8617f5024221d20f5199a83e08b395be95685eb9955c199276f1be4933
A2660,20.0,a32e39c57c374f00be102e032c4137253503c6401dafff616903896d319fffdc
A2661,20.0,d3137bda22edd50037c3d1295fa719227a2207c5c1a412276c9ffd839220d5fb
A2662,13.998,ce066760267393147adb45bfad649f14ee456e075509a74b6d7375ffde7ee856
A2663,8.0,4d84e9cf0a149a9093724686400a609355d663ad6d328cae25e8a2f303c769cf
A2664,10.508,8635ef178e9c36cab0130d9cec0a9a6e060924a01c130bbe92f8f31600688d01
A2665,11.0,3b7b2e84fdf8d02274f95ec65cc42b33f8a6484219a520dc4d50d8868da2b387
A2666,10.0,806496620c0b3982cc622e92a3c14ea4658083894e51ddc6fadd1d175ea77f5c
A2667,10.0,55f173d44a7bd9ca6764dccfb2a96979613e92b0236a562b9b9c35ce7cc582fe
A2668,26.0,8638b24e172dbb33a5a4a182a37e5e9ca011cd5dcff6db00b4a3844f0ad65ae5
A2669,12.0,a8029e0b12b516f8649e153580180268e55554bc71c1db171dd69ce87c40e2f7
A2670,10.966,320fd9a67795ea69642907713ed4c710a49acc5ef6b8509c503a6537eca25544
A2671,18.0,b1d369ea929e15c82bb3fceb7a8d673a45f15f67af7f239c2ef595bf3c378686
A2672,16.0,71ebb18cf4dfdd0fb7dc09f149260641081601dbd5e226532e249636849a2480
A2673,16.0,75b3f73c7bb12763cf1ac81ead2e1f5a2816ae01c65a918adf0dd17841536e2d
A2674,37.0,1fa35e2e737f5a2b38b28d28bb66075e2fe5d7f42711920b4f9c0006d6af1b34
A2675,16.0,a5a31e2986f2bcf5e52b574e35e15f503e53d4226749684f608aeeb1544fd9c6
A2676,11.106,037879ac688560014391d1c4fff2b1fce8096fa8878b606530f162dc6d353a59
A2677,10.464,a2408e4f98283270c38725574eee3d2fabe5c81d5049ecd6f2b168861e31e85f
A2678,10.0,f5b3b232583c95e45357bbfd2b21a33ed01fbf84e81ac6ba8bb5077fc85a07b7
A2679,11.0,b4f5a1feffc74d9cfbf6344ff623e487805af871abd752e401e1dbc686596d40
A2680,10.0,18b221461d061e1dec821b7d61598880ffc41b188255a17fcecabe1e8dcbc0af
A2681,40.0,ca6bb93de7bb29519f681f027898cc643a60c87284c11e9817766b79e70be37a
A2682,12.0,864343e25508489c10559fc9e25297d7f9409acc4e592d09ad3fab7560ad0a42
A2683,10.0,9b7670e9ec1b9d10cbbf94f3d5f605efa49a7506774bcf68749ff2c06208e012
A2684,10.0,cf32a6d928a5a745548de023ad38564c31106cc84ce0115a4535919e532a83ce
A2685,12.0,9d88ef274be20e66f7223ee5fd860c2ce304efc13bca0214ef28779d22a4f1a0
A2686,10.0,9743c00e1f98c34bca667e8f61971eeb7599afa35cb49a824cf122919ccd1f53
A2687,11.0,3d1accee02aa1cd8d393baca1e587315c27f2c8910a278274713c1d92b3161c1
A2688,12.97,a172076bb51cb825f6b7adbb6c3db4e868e46a61e223b57838d2f6c7eb3c7fbc
A2689,15.896,2d9e900cb34847422a3fa086675ec0343a2630bac94326ec61b7d66454575f27
A2690,11.09,6f90d180ca5644d71400cc1c30699554caaa9b6142c2d2772d91d67cca1e22f2
A2691,10.0,4f9db35c8474be2457f9000c31501dbcd3ebb0f322aef39dd6de62d45caaef34
A2692,10.0,5f01f665b2c592418f2d52e7aef4f74404815c69bf1721cc795a26124e81466f
A2693,12.594,f3096ba9ea4ae8146adc3eb1212ebce67ef56422c8eef9fa6387cef7c90d32ce
A2694,10.0,5c9691e90a1fb3d1af55a51ab7accf128fa9b1996cae03f4fda797648e4d7acc
A2695,9.0,c6089c3f1d4ea06b37f1ad2410074d682738db12f642d326c1175cffae5f0b63
A2696,13.154,d2b54748a709b159ad6f9e396b61f7cb1e14087ae5da7af7cbc1ae1446b1a2c8
A2697,10.0,5ab5a1dc64f26429fa9ad0fe768394a66824dd6e7a2e72269f6d9d4c057b5869
A2698,11.874,eeaecf9217b415451cb22c9757ffce621de0f44962aac12f668f38bc09f042de
A2699,11.012,cd048d7bb7dbd0bbba5c93acfbf879a9e23959a1970881882448441243b33518
A2700,10.0,42865daedc291fc81c5766a5c444bad399f7d62c1d9af3b6c058b4390c920a56
A2701,11.018,c8935fc5d32ec5fe0c72041e0964f58551b1e9b2fe105fb76cf4d28d01184f65
A2702,12.0,8b92b95200b26deffdb683a8125016ad5bc09586e56d84ad9aa314f8c5cb67dc
A2703,14.0,8b3d29127d0b42b426318d8b28076c4a7b50d1d11a1e2d53e1516d84f7307b87
A2704,12.092,85624a7fd55fc688a63b5cd8fea366b0af3f9931d725643b6b3d7c31b0d9d8fe
A2705,10.0,ea4091813082bfcc525853be499bbbd850f8d73b775c813e4f0c845160e2b250
A2706,10.0,c5d697dc883861fecc22dba239293f8f6a52aa8afc20ee1b891bbc6c24107e7e
A2707,15.178,25f4f014e08b3c7ef047746f455955023dc23dfd2a5dcb05879b5b1940685fe9
A2708,10.0,cadb65dddef4acdae0aa690eda0a5766617b7298804141ea32a1132821b87524
A2709,12.572,cbfedd62482f094986209f9fbb4fdfa78798110fd53bebbc4f40159abbdfe999
A2710,10.0,19c9bd4f6033c5c40f3635b1cbb6da06323fe80600771788fd1071f92b6ded95
A2711,10.0,0de100e6212c6010bff19cae203b8ecc7620113e62003d69970f8a5c9cb287a9
A2712,12.0,3d5b6ffc7ba4d798ebcf79796753b5a67c6980efda5c8fcb2fa4539f9dcd127c
A2713,14.0,85ccb54a5d86a12910df5fae95369c57af405c78a98694fa051482df1a23b500
A2714,27.0,2e0e4b4b46a520db005a9814c47b8eabfb3ccbafe712c07959966868e0a658b2
A2715,10.0,8bb0e88404960089a6512c05fa605474f287b0344d16dae886dd2a502f29dd2d
A2716,12.0,e54783571c0485aac00272b1aaca78622755c678ee052877708861a601c2d16c
A2717,19.0,e16556fa3bca1e512e0f89448ee5101ce8b17c20ad8d679657bd483fb9303fb8
A2718,10.0,edc236c442a2998014eb85baf5433358b184e33fe19b032bf222be31e3bbf89c
A2719,10.0,6f8fb5ef569bc1da431ff0c1169bcb702839e3e0a01dd5522854558a84657e71
A2720,10.0,f1ce5bf46475c4c836a21e6d998e484c490c3297a850ef2e3d2e76bb3293bba6
A2721,11.0,41366815f717b78cf6c0c4850d26f0508bc17734617d11abb67a27fda009dd9a
A2722,10.0,32d98c3608721f2e1ec78f110cda8c1510441d6a06114afb49938616882a9ebe
A2723,10.886,fb4fee18784baa21b8983456ea1f6877a044adbd6751f8e28588dff77bdeb617
A2724,14.412,6993fcf7617bb561f46d5780da4b91079876281eb49c52c7a56b7e46a824376b
A2725,10.0,8d1fddd2f9e71bcd6f040259e0b56c28c141522c0a80a84ddeca28f586388fdf
A2726,28.0,1145eb6c6782efad1dca8066e5eee5f162ae686af0033f60229da7034b5647f0
A2727,11.416,ee22883709ef73d0378e13d4b1d024815e6f1a892b6a26892881e3eae793efa5
A2728,13.0,64221e6a7b3f6b5635025838e961fb6da39e4eb204595c065aaefd97f054a163
A2729,10.0,9bcec01260904b427945d179fe3bc882fcd8b288b41ef0cb879c6a68eb882366
A2730,15.0,360949aa0f29eefd0da817f6ab3a47f6ed0ffd294a3df497413d649dd2a87332
A2731,10.0,9f03eeb4a75c5bef0dd9f60e44927592e135e99f1b5a511ccbfa5509a7348ae2
A2732,40.54,948d6fb3c974ef02e6aaacacae4fd64acc972911580878039e37988b9f4b10d6
A2733,17.012,2ace61d7ea34603bc1e99dbfb4ead2627bac078522436a4b15e245676f43ef6d
A2734,14.642,cecd5ae22f2a70fe0ba84976fadf1e51e6accf0d9168fa0eb04432ebd223ad1e
A2735,16.586,ea851e57d6dd420a378b288093da2e6fff8fe20408e98cc98766b6edcdd7df09
A2736,36.13,c39b94d1a64966bbe41dc45669ddc455eafe24a9a46c4f7114704f38768a4670
A2737,10.0,742bfc728d7f6f6b2e5846e3f14ac63aa9fb888ba7cb2311707ca109d6a9c355
A2738,10.0,51dc419a0299a676c2038773b15370b4a3708b5134af7bc5b05fb6748a17f325
A2739,13.0,2278b67e2cd13183e68a74181dfdd54100182e82f143da30ad6d424a0adb6ae3
A2740,10.0,71308302743d0c066ea4df6e50de20c9f1e20c8a0a2b55a5d51266717ad53bea
A2741,13.0,db53cff9b94dc67475c4380d489496fe16f72b63e28f6e95acd720273cf2ed84
A2742,10.0,0e15d3298c8190ab07216ff5a5e535105f90ff45bd9d4bfa3d4179958d362ae7
A2743,59.156,e8cc263c99209370efdc668a1ff797b71c40441916dd4a7d9f68604cdb422f13
A2744,13.0,e574c1e735d83cb4e1bbf50c8992d1e607a0fc07fd1a3515fee2917517ac2b83
A2745,10.0,4e8fb6607e2f7d8c57bb84977aab592eab244dda4921129d9bf36d322e7fde3f
A2746,43.0,4af90ff7cc2213487090520eed1963debce2cce1e28e24a35d4d8f0ac61bb362
A2747,15.044,b43c42ddbcd5a5f70985a2576825b4d393c391487aabc505d98beb691fbd1f17
A2748,12.132,a977ee119eb1e08164101876e14651a920bd3c408f6977973d4357ff46278cea
A2749,18.0,10129604a1095c40f5a0768f39a1dba2d47a3413228eb28b3e1d83dd24d14777
A2750,30.0,3b1718911e3115497fa0912a70702847d08663d09753c0c6bb8d253c48d17ff5
A2751,13.466,27b4793e9c5887fb919800ac35908bc3a3e4405d2143f0305554a8a85c53b803
A2752,11.464,8498d6a8432f1a669f3649c335a154a4913e9556747bd0c7a68604f95f4a81ca
A2753,10.0,dde2e03a9ceaa50f8002a3bf0d9ac1deb788698a942e2dfecd295f5c0a47fce2
A2754,10.0,b08bfc0117830457caa95a47a90c43a392a7e75e4b66368d0e39983d51cbc0c3
A2755,10.0,21c47bcdde4c55214461138a191a7fef0b9cba66e2e270ba440d7770a062d809
A2756,10.0,edf1caab6da4e1977ab682d0eaa55aaf5beb3bd770499189e69cf239c6dac545
A2757,28.0,acc7134f8dee4944033395fe454aa0b6dd76abfa4d440890f58ef03ef874630b
A2758,10.0,d083dd34898f8232bade9449777dfc6a7a5645eb3c6f57850d7056eca9a70635
A2759,10.0,5f4d4824f05549f33a85e839c537e1d55a4b09af52bfd32b6024df472fcae5aa
A2760,10.0,dbd04bdbb2fac2c9a4e6d0981260e003bc84c729d00ebc76590572d0d32ed7e2
A2761,20.0,fe1d5333a425f8defd9c4a013f762e1e577533f0865b31495c23764f4ab2557c
A2762,13.0,56d6315113316046d69f3aedd4ec6327152b56487fadfc79ebc62708a8460184
A2763,10.0,397d5f8247dfd3d64681573392dd97a1a4745bd1fa938c311ae4aabb1be32d9e
A2764,10.0,c36371c8b8a70f3dd6b3878116de2ac4df13eac6e43dcb30785970967ef3ac89
A2765,12.0,e2e88bb8d6f8f5d75104e92e78aa54ceb0a892d6502de7be990f73c5ec22e406
A2766,20.0,ab932d442cbe9a19c957f1f482ecf81d71c143463fe3d4fe4b463ef0deb47852
A2767,10.0,8e090465b14712d01e357a8c1e48bd16a90346657193c7c72280cff2c89af29c
A2768,10.634,a4d805ed0890a89d63693fd804499baa28e4cea05c993be839001c16d57baefc
A2769,14.832,c02c9ee7b4b15c0ff9ada4708e9bf7d680bc65dccac5cf477949c3dab31ee981
A2770,32.732,e3666bf9b6731a07fc38781a78e6f8fec8ccdeb27c735daffb17da1e6defd475
A2771,33.0,efded26340ada5a5e70de0b376307f9dee7c6d7f6a2d2889d3f49534ef364754
A2772,14.794,3cb5675fcd88d60e98ec5940dfa60ed8dc291e4302591bdea06bced5609b0a04
A2773,36.17,adecb55649c19d806b7039127081b2256073599be697a6a4d1f035fe38511ccb
A2774,10.0,36d6975be5b87e4c5f2cefb3bf0f4c62f2590781dfc9e5ccf23f120f92505c0f
A2775,15.0,2225e6e07065eaa2e9d4e7e074165908d91f253dc8567d683c577549d7efe2d9
A2776,10.744,79e9935a8574f8afa1e036e31d81ddf6fb8137f0e567585b4b766e012c2f04d1
A2777,11.386,d22ab5a6e9fe5b49b62ec270823eea74fd9229da834b4cf918e89c774d5a13f7
A2778,10.132,bda92d7abc1bc5b54187f9d44851cad247894c6d16cac85620a104719d67dfdc
A2779,10.818,eead1cca3ec97e1aa047cd4d062b5a8e12bfc453d9efdce4dfeca207f0876d8d
A2780,12.116,9a566144f6d8ca01ce89f22411904516730fb51f580dda9983ce4a5e7e58e353
A2781,10.0,a463036ca1ba6852133724682e93a85f275d88ddf6ed7956f2dd46f0c778f654
A2782,10.0,c8a40fd2ba39170a2631ec6a0c073fab22d75fde5bf918d700c48fe07c1fa5ae
A2783,12.47,e281c6d9bdfab6003d291adfbe18d1bf3719ee3586d13d51ea0137680db18b29
A2784,16.612,2eabe9ad2b1560b873013abe8770925422c54cb33cbdc4a976e5f3538e58cd39
A2785,10.0,848a411e42c96364a103990e06eef1fffe28e2c19ad6801b28109560061d822b
A2786,20.0,7a7f7833b4444a8032322bf2a144452fa0620d67d2ffeb3cb7ede2e917bde8d3
A2787,10.0,8484c3f311bdad747e395420dc3513d78bbb68d89f5e4d5ad9ec2dadc591e730
A2788,10.0,da0c994cee72f7b4af2fb6644c5d2a641fff02849fdc6e7e5d6826bf1c4c64ae
A2789,20.0,e6a5a1bd7b1caa1e0d5d47c59c3ee6624d4be81ad60a201e09006b0e9a17be30
A2790,10.0,8cbe64bfa32ba2c57163e416adfff8e5fedb3816541692f674dc33722041f595
A2791,10.0,cbf93f8c9a714d06d588996a37d0cd9d59f48813f10577b21ad032c5181e6f47
A2792,12.0,e5835a8b68ed81e5f43c1b0da0a51d0db54df6798fc8459ad272555a023151da
A2793,46.0,a345bd3268d37b81db4e8e0c13caf505f4693b1e97488a7ec6b34f2d3b2ff1e7
A2794,10.89,3b9dd30bf524e5dca524f7daf9eefe0a581d756349317f9968fa05ff5c634962
A2795,31.0,85d5474b2b5351be5cec95059ff1b7388d6dd6320520f59863450b4d35a45f1c
A2796,10.0,a78accab83e0daca70ad49e8e33236a47e4cee0c65684bb27e7dbfcb96f33e9d
A2797,11.662,75cd3e25b8b8acf2a460583c965c44e0b858cd49606b03da0e1ac677b8aca779
A2798,60.0,4f0b395f22bdf6987abd073bb53718ccaf7b48268fbbfac4f3427cf35789f696
A2799,95.0,0f1b6f3239e8ea4dcf1b91118e635f569b567514b16a24333853f2bee5625b0f
A2800,10.0,987c8d62365d1a6620f34531ab853f337fd52eec3276ecfb659c8c75d3d53c4d
A2801,11.036,622beb03177140013435b80644f17ef4d5d9aeb22fe22c600061d4546800b282
A2802,13.448,ae543eb993a97f93403737637215573ebb4bd176e52aa7e33349677e4abc46a3
A2803,19.0,c43404de27092c13787b424b000867cd56f2bcc229bae82d5b02882bf1dea4c0
A2804,10.0,cbb52cba1d9b43c7eedcd2c209700c24faaba56ae79cde84203541f1ac237338
A2805,15.0,6aee9ce9cc7bb2177e252bc157eec6e205e61ae8e3ccab7b918aa3a5f010ebca
A2806,10.0,ad2ab1f30b88b3d81fb29cea49e87ed5d4231aa6765bf94abb4f00130aa870fd
A2807,10.0,62544f53cb06b49de25d048384b88dbd044c18e2f468906e18054f4a470c352b
A2808,22.354,b6792d8810c628d384fd02d141e4bb59c5ec6f043cf5dae4394b3fbd2274a6c1
A2809,14.0,bb02bc0915a740b64e71b0d68f1c3f41b2189cdf62008e2c7fe6d3b9ae850679
A2810,14.202,035dd380c7756d078d57e98f39c3c15d8c96c305bc48339170e26c2fb1041850
A2811,11.594,14a6be0a3741ae92b1c9e4619d0755c331aaf9d9de37c97ed1b6a0953ad52505
A2812,21.0,e13d7c96e7de777cddbfddba1ab640b32b01cd1c78a2c3ca082ae245727fc70c
A2813,20.0,38a5e6518fe60c131d780eae5a3b3f56a4d8ad4725ee51497354569a44de0ad6
A2814,26.0,543994418c58a2a787b0c1452d8f6b01139c1d2719c8abbf1155e4c4b818ebd1
A2815,14.0,8cccf7f27228d5220de53dbb9be31ef80597846f3e2eb0936fc7ebf26f5a99a5
A2816,46.0,8e488e7a340e183fe57a621957d3a4a64a5cecefc875f68bc1146e0bcf4efc94
A2817,12.0,ae309766afb5d722ac1585877a8545c1bec71ec7c84e99f3d3070333351e80d0
A2818,10.852,d683102dc2d49015c381f765b830cdbbb17e7888d906c342269b725d08e6c897
A2819,31.542,4f3ad7890cf1e02632bbdc27cae3d23f9f7d4c20d2d4075405c34c6a3c60d5d8
A2820,10.0,f2640c5c0901601974b534c64ec1e8b32ea828e6001403dd644101de5f53be2e
A2821,15.0,8d00890d3bebc3c8edab58f78f08b570e28663b730137a4b8b2c582619e8ac74
A2822,59.0,8b2f04fd2a7ac01e09a1fb7223644d20c1fd5e7752fd288e5e1e6586c9781212
A2823,15.0,83d889bd0c5b962bbea17edd6fe54a1f93e38641389678951fb63dfbae71326b
A2824,10.0,cb5cfd50ae7003c27db662886a4170d3b1a913230963f0a54b6686948d623f03
A2825,17.0,48cd961bfee19d296429efafdfd7819c6ccbd6f5895f244fc3d83709e1a03a21
A2826,10.0,3311acdb0671ddae16bcfb984cf67b295781f9c960fd247a6a860ed28e51b590
A2827,10.0,113c71de96ea6b7d3d1a5fa10bd7111e58ea8b22ddef175f88e9bae33f3abcd7
A2828,24.742,ad704a4ef745386d8aafe16ad45d303212025f7b19daaab7284e2962ee8d3cd1
A2829,10.0,7f44a94afdcabefe5da26e209296411143815ec91c545189f6bd73cc0cc360ef
A2830,15.0,c9680c145ade05029d9da6e2ef470512a160fb6b97d409d0dbca0cff359a92d2
A2831,10.0,a73f120cac96f5f02d95ebe5b82470a81ccf9f79b91f804f53faaaf28e923664
A2832,14.41,60d0f5b306ff1d8764aea67428d77e8ba41506085c7cf3c8379ee21964cda1bc
A2833,12.0,0424fc3b4a8f0821e442424b05b22a6d4d8b9f94742a309a0b8fdf85f748ad5a
A2834,60.0,2d1742e8794a5dc346903c60f16515ed2e268cdc0c704df2f5cb4f4c330c9ce9
A2835,10.0,dd5cd4567dd1948c096e37676b915f5f3eb7acace28fd94f2c7f4f46d1bfe9dd
A2836,32.354,3e9009d0141ea743d991253980b8202e3874d3bda166e8a46cdb3cf982310c33
A2837,11.58,a77cf6ff6674437bb3e0bb884ecb84dcd99185bf44ff3b2ef030c9ab2d498421
A2838,11.0,0148d01c23f7f54392d3abc50a0be4c04108f40d6a238f2fccca3796be49932d
A2839,14.236,7e19a89bc4fa6b362d4cfcc1110f8ee8fac3017fe693571e9db82ca7de3ecbe2
A2840,10.0,21867bbcad3b37e43e20496c35ecc7dc9c393668dccbf1cf35a024f64a863c1d
A2841,10.0,4724684a9f64786916f371e8c293227178ab1ded89def0d19157c7299e840068
A2842,10.0,23d6de022a56fb2805f1afbdd864e7a22bb26d5b6fb75dae47fb4d5fac800261
A2843,31.688,94bfb69a83615fa4e3395e6afc17c3fb23ce786d3c1f8a69a35e1eb38ca01eae
A2844,10.0,32cf9c741a652daea39fe209a57362de613e70171539fed09bc29c5392a0e797
A2845,14.0,9e73452a21c4930abdd7cb4f1ff1929fbbf3b5e0d3f7672428e80dc645446d1d
A2846,17.0,0c40b9117cec8a2ee56422b0de825158271ae4c6d3d0ff96841fcd7df383eeea
A2847,35.224,2663b692ad852db713386cef4674926e18af02174cf53c15b9a178f929881d41
A2848,19.0,505b800a8003aab6aaba0ad0a2a6bd8fd7f494a6be26b7bc937340f31d2edd65
A2849,31.0,7254fc902bef69218c99afe7b187ceb207a7a07975c47ea4b425804419375986
A2850,32.0,e2b59f8e7292c2bb6ed65e4ab4afae46c4193a0309611ef1da78b7ebb9a718a1
A2851,26.0,4a8aaee9231b3c0a32f04124fde9219a52e39e32850fa0285fa7ff0d84d250b3
A2852,10.0,fd817c10e713506c7eec9560d1b6ac25e06aa3d3ff5218febdca1393f6300c3e
A2853,30.0,c383f1030893cd23cbfbd30b356356a84eee62b7c2a7d465318caa43cf557001
A2854,12.042,fda8029898128b6b3c54a2c9c020a01242723097f4557236bcea7d125eb8c75c
A2855,16.816,0c30092e1027aea59943d959b55c55f5d9348098b02d8efb13771b9c627d0331
A2856,14.0,a2e0c3d38c54a7dcd89a35ab78dcfb4a84eee2e7baeeee0d456c8b6599054caf
A2857,11.0,4f8812bb5b0a5c099af32d562ed6d1cc5e9ce9f983fa7cc262decc6afe5938b2
A2858,12.984,ad3549d7a97cd055ad5e111055c0174461fd0b7fc20fabfb084f5a7ec822546d
A2859,10.0,23abf1a40c7cfaa88e45decadac81621ca3dc3f6cd1e8babc5d52bd1ffd9a671
A2860,20.0,6da62f7c14a521c6955a1acd28463a08ebb54e1edc303bb1f365b4fc1b4c7e91
A2861,16.2,f7424c905657264c336b2ab7dffb9102580d4a083d0417f651088539042e2298
A2862,11.1,70fc8c5a85a046bc610bdfe7ae0c56661304d8c79385e7f9f89fece78ed23f61
A2863,18.486,b673d1dcad8cc23e10890bfa1b173cee41fa119458cc2acd9f05cad9d1d4b2a1
A2864,12.0,81ca869fa9b92eeee6b443aabc3475eddc5326895d4bd9c2149516d044863527
A2865,28.0,efb88e35b0d2f9a7d935fd99f43daa15de71daa4e2dfe4a295f2b9786d6e8c7c
A2866,10.99,9e7896e3b3be35ed75bd78a48704370b7ba1478ec77652486e00657f32f5ae34
A2867,23.0,c6a4915669818edcd3ba37c441df5fefe917e0343dbd0932835044af5ca242a7
A2868,17.0,cc929234483b78a08fe0ff2ba5361673759d213cdbd36b774730046f1c2a3aab
A2869,14.0,f49b560a090a07632d2171282bf2181f966904a3f9ebaccbf606f6d60d4a3959
A2870,13.07,5f9a180911568630f6020df0bc55abd5ce22857ea0796928fbb66832b051559d
A2871,14.512,fcb00d70d765038f37ee149ec0872d333706a60b6e194f28707a878759f134c9
A2872,21.0,cd96edc13ba9e8403a0f561bb66455e8a0c9ce41a0222481b5a89f7b4147950a
A2873,10.0,db3f222fb76fd2f58ab7eca76386b3cd76159e896a30429f49656958776ec253
A2874,12.774,a148415da54d0deccfdcd1879257ed4eb6e4f19bdc387ec507a24944a5c76938
A2875,11.03,48a8b27c92bc5c4437eab521329e56e7e0e768f72a107074b09b7d6f254ab544
A2876,11.0,70907ca8181214ff045db1d78f4d55e57dea827002a84ddc711d9c7b0fe64eb8
A2877,11.998,ea1c36181cb42dae3c1962b8007ebfc4f4dc60bc359210f720f4579f03cac839
A2878,10.0,76201fc5c6389eb66145a03908f52b9b3893340f7afa782af2661b2ac466e55f
A2879,31.0,d6c1d19b96d398310957a8a6a219f5cb13278776d77ccd782748873608621d02
A2880,19.0,691a830d8120a2108ac1d641af28fe928f63c5ffa21a8462b5fa92c6b2a5809c
A2881,13.744,ddac0d2e4da7fadb484f3e5b1aaa92d7bf1edd638c94a08894d86d9d136ca8c2
A2882,10.0,de46ed4ad6c408e69da7e39993c06c33f68dddda7354352371e30e249b57c39d
A2883,10.852,5a7dc0ba1121307fd12c1ae92734af2b8c370c3760d4ed1d8ab90be47197151f
A2884,14.0,a40be8bb953bcf4db1db5d950e63d47159b048f857813b53c50c284a0c9b5318
A2885,10.0,dc59d438d0bb49a1b4f4a415d4aa3e6edf0833eb8660b3435f8e1bd9e2407d9f
A2886,10.386,5912d845be6eea7e92cbeeb7a94830888b7e30b43ef16ee757bef06c32c672db
A2887,10.0,b778e406485c776b418ee1ce936fb7a8333299dfefd77942e23c6f1c1aa92d0e
A2888,15.0,3e75b72bf140f36cf4da6ca42f1d45a356fa7f3acaad569c72726a6cd7ecbb1a
A2889,31.0,139679d07785181f333fca6648596ea69fd855216a8aa12f6999774ae72e7236
A2890,20.0,fa242e0c101085671aab62ed20116a8a6194a197cd8d34ecdba7ad9b795a678f
A2891,15.0,98882dacee6d93bf161bfd3fee28478e62e21e9230fa08ede0bcee35fb3c33ba
A2892,30.0,8c308a9932247ca23d6cfa6936d5c112e0793894c08914df2efbec7d745fd221
A2893,20.0,bd9885e5645aea39aeebc2e2a38d3ed67aaac63a912ff109f75384d7ce0e9791
A2894,12.552,b9b14117556f33e58d7366e7d8aa5bc57f76576882b745f5bdee93417ceb3adf
A2895,12.0,5a0b1899ae8e25b5a286827cf84741a067685edceccf0f7ca90ccb4b5c985cc7
A2896,10.802,6762d7681ed69b749ec2135c438d271f02441075194b88fcca03077ca7834fa5
A2897,11.436,d45d0b534a85bd5fd890846ea97fdaf6f2b90fc7e112ea4c538a0011c962174e
A2898,10.0,c81befe19bd66ab87386693df0af65b2e83ea935eb77299011cbf2c84c06cc7e
A2899,22.0,a82ab5ea2ed7fc4a91c01601643a34878677cfb2a1178e27e2af4d57a24565ee
A2900,10.0,0c0e85d92a0a27dcaf8c2dbb62bd143c322721070e127c20c11d739345d42cc3
A2901,23.0,1b7ec4d591a64fc89d5f07f27c14ab2a479041cb1447a7b759a5f65eb4082923
A2902,17.0,2724bc47777d1897c80ef48b1e892a7686ad65222259d1becc421b96b732c6ae
A2903,10.0,5b8b17bde6979afb48aae0f7a2e3898d8c0f9099847f8c842cf031802f44065e
A2904,12.0,70593f3d4fe6722fe93ef049b19dcbaa4ae0952f62e812d850e7d134b7dc8f6f
A2905,10.0,329b462a1beebb10af2ebd63e0b6a141de5cf5e278da6d1a024f63ab6f2e5a11
A2906,11.288,5ef60438611e1493afa680686dc58d4b0c7695ba2bc6ec7cd81109c8511e5d28
A2907,22.0,910db005fdcafceee39ae6d4e2ceff9e58eeca53a7cfe1debe1d8a66e349a5d2
A2908,30.0,c33352ac2f103be793281543ff45d469cd800a9b12b47f1833662298f6ea2702
A2909,10.0,6e3c76fdf3418579e78bfb6255e7a5d50d97bc6c16206eb05656527f22e66f31
A2910,16.326,7fb15760256baf1597135eaecba7a90406b7428183df47d7eab8a40a8da787b8
A2911,17.0,fd9654c8cf99b40d0962ad2c6ea98e65d53019e2d29aa1365cf6357b42fcf118
A2912,12.352,dec783ff5e2be2b11449931e9da951b73764b78317424588914bb39ecb983201
A2913,11.074,8656f5d6fe46fac494241acf821b46f04794c721b4e179b9d87adba40f30fd85
A2914,16.694,09bddef5568d9e90312592089c1798ad0674fac6b731ab8e25de80a8a5563897
A2915,12.186,cccdced9409095c34871690d7e48bf60bfc1b815047d133a788979a90b14c1d9
A2916,10.0,826d9a76ca4a6754d0ad62e0c3bd9ae280361c1a339a219334e349bee67f5ac9
A2917,11.0,96bf16452bc8af6b06421f62c00431b9fb602e8b1df60fdafbd8c06816b61d51
A2918,15.0,39180289c6036133c383c1efad58f68c977e2840ccc2f405d62ad2d91f5a78fd
A2919,10.0,6d3361b9ac19d929ccce6b6070e41ffe3879b164d3f47caa33dec7640f2ac66e
A2920,16.0,5d16bb2c3e74d87822d0ac19cd982a3d077ca8f676dff538044483ab8f362f97
A2921,10.0,635bc09df77fc344484cd730aa659c5dd2f297ed6907b4e9a662b32c9504d050
A2922,60.0,3a2840f1a87dbb0a5c09b0241a187b1955a342af19919da0426df9660e5a298f
A2923,12.0,e181ecc524a2a19b5eec0df70f2eed4a0703d0ec2096a69d90d31cb25c5394ef
A2924,12.14,e735521151fb4b88ed5bafec2553c95e83fb33e3c36645a0cad62cdc18e91920
A2925,10.0,df5fa4dc8de6da26473e27040a3af50634dd2c0401842f2398bef338d78d82ab
A2926,44.978,29be2cc08326e1157e864db67413598aced9796fe7483c1d74949f22ae85f998
A2927,11.998,da4966fbbb9be4589855b91e14717ca16bc0da00823e015cacdbd4735f4e60d8
A2928,11.0,fcba84da11be2e3d1078e89d4e1d84424be0153278abc0410afb44854619a8d5
A2929,13.0,5e6254806430d682f4882f0bb76e9f77e390183b2e8a65a027d1261515d37a29
A2930,10.0,6dc927ba806db2adbcdad593baac8ad0d1071be0097fb289a2d1e90c217d3d17
A2931,10.0,973d5d747a6a0755bf30653ede3ad327fe39e06935631bc49c9986349d33cd1b
A2932,18.0,15654d24b729b9e1b6156ed956371dd48dcd7b93d0700f821889f52a35bcc6a3
A2933,40.0,b849e617fc74dd022864c12edf74d9d8bde55862b86c60aa0a4939acfa68cbec
A2934,10.0,44fcb8d212b0c0980fc675a49aff9e6f3d536d2d3df3d54e565141e78660b02f
A2935,58.92,d70b4f7bd071cadfefe6d3d95c960613b4f76ee9e4f8cdd6ab3157208f698f8d
A2936,11.0,cd0540114db27a7f24c5e23e8decc32661343c6c08495f91f567155721fdc000
A2937,10.0,40ae1e86e11a5a0810539f872fbdc00ac489782a8da89e6e1a601303152518fd
A2938,26.0,2841f09dfde795bd7da97b275cc312c488da6efb5e9888acbeeb85d5fdd4fa8a
A2939,15.0,01055b37f6372b3098095d34032f6dfda6cea0ee07d80fbc6b6dd6a11ab639e7
A2940,15.0,bf9da8621836572368e8bcfd6372f0c20e8c9023e2f299f967ae5cb0f93919be
A2941,15.87,46a3830dedc8c5f877974aec00bd4d199162e96166f6c3c9a87d1b0b57732a39
A2942,10.0,6a59834ef8cfdfd000f22e27a6714567cd0e9de49bed9d7184705e9d5d7e2da9
A2943,46.61,b0fa37e33568fcedebb99f5ffd5adf5c13bf8a4a3a6fd4535289f8aff70c56cd
A2944,20.4,296b0ca6c7ae0577d8783ae43f1f5575cccf519898859d91a84cdd5928bad9ac
A2945,10.0,47c5f2458a630644659cc27e061007b44b5cd5ffb5d3a2d15e2a829cbda1be6a
A2946,10.0,ee86c6dc61fa78737d998bcc3b3ec19a60b71042850dbc31c1bec9b9a4d0d83c
A2947,10.0,d031552f811b6da8bc0e3eda61e95e9fb347c8896d1cbcd28f13bb7ec6b2a0e2
A2948,11.866,b3d967ce2a93a185766e7d9da72a8c52191b559ccbe9577c9a9a0769c27c5b58
A2949,10.0,e9c5e8cfd2b4f21fb213cdb9799c72a4a9c7912c2682ae0f22cb4e4456a1be13
A2950,10.0,e9312f7f3155fa0d89b9bcd7a0f718114e7a90577d9f5bd9ee089a7a3f3fb829
A2951,10.0,34e2352135f590697b125f515eefd73abe625acf84999b599668c5ebc1156206
A2952,10.0,bd2a476e0805db3b1edd1c306441a4824d99b5a59e7f2c49f52d13d22345b12c
A2953,10.0,9aa43920a1c3d9ca4d1b51541a0b64843bfaa8f221977e801c76d5351f2b44e1
A2954,31.706,ee8bfb8ca7c5d58d1e49659f85522da33df4a0d458115e511443f7dc37a43cca
A2955,28.506,9af4f3efdaeb08845e33d6f6f4f3b08adeb10b6fc494e5d670c9c8d2a0fc10bc
A2956,14.0,44d0cfe51d99fe03cb22116352b5308cc93f0979b9371f515d6adbb460de6cd2
A2957,20.0,8f5e8bb669c2002acd30de58e8dd43d07a5cbf524c9ea4b645871db89767ef36
A2958,10.0,d350abc20d3f00e3c177a8e9349b539076bc1570d08a369500fd00fc2800c7ad
A2959,11.192,3305fe4cbc42943d97b14006bdc612719d7876313e235da8b53cd138d9ef06a6
A2960,11.988,8bed9fc628ba8b12fbd5e2a44505e116a882b6c664bc8dad719203f443acc4f2
A2961,14.486,5133d59db16d2b7ec01253bc00bb49d71c0abf3978c690c53ade76f5faaabdb2
A2962,12.0,f9b98733124ffd942640d4c0620a5dce4fcdcdf302755b8c639812333b145e5f
A2963,18.0,c78d5eabf175a685d37293300bd071a7b4e14e3afee4fce8d60624634947ff17
A2964,10.0,07393e5e0d2077fa14ebb9c24e0b88a3112ee3a9b71c36649a00982012bddbec
A2965,10.0,19407d31fe814f39d42389356ab878a8ceb332e29fce82a9f3cbbcdbd3023e4c
A2966,12.354,b86164b913669bb95f408a70d1a364321d18224853344a94f0af7f38eb427b16
A2967,14.0,638ea3b7601bd92482db17d0befd1ae0a13205252e7e61320334e683a10a48b6
A2968,11.0,ac1b2f52be29f5156231c61abe3f470f1a3a28bdd8fd7eec0bb70eab35d76b7d
A2969,17.126,dd196b7be0211d3a26fc7a706ec18dbc7e17370f92a222a7ba9a353b57bbc1a1
A2970,10.0,b18d20b9cd59c2e6042c31dccb2806a1dd7c89330a0535a72f119b62b42bb98e
A2971,16.0,a8689adc16f6b34d1d9c8e131c7c11ee2e339749bce02af40463dc1314972776
A2972,33.016,39f349435363b62db0178784a408305326bba76b267980c80fc58db9bbf39fd2
A2973,10.0,163c142b07c765d3fc2d32078403090e27192b6d2bba76474e55bc58c67d0f81
A2974,10.0,28c0b491135141515f3439001579ac4967f106f3f1c69daa6b6da0df762c455a
A2975,10.0,a860366f56ecbf58e004230030dfa2c515d8013d626e301914b9a05617144bc2
A2976,15.0,4c92ba0da3babe3e27d263accf0dffd052cf5e21507b64d4c3b0c1c27958c8de
A2977,14.0,e3cd5aef7cecb673209971def774c6aea3148a25773458fbd59fd3a0411ecb21
A2978,10.0,f810b55c3e6d417544f1ca7b17e798d7987209fa54ef14246e4f7662301d1a63
A2979,10.0,8279089b1703a52f29ead92abe2bb550d5b3202a8ead59950016fdfd7ca5b9ef
A2980,16.682,6844719e1604d1c32eba74e61dba0419960ec83863b21d6049f92279c5dcbc1c
A2981,13.0,b97f5edad4c2ccbac835694872c04441d901e4d26c9f44fa179b5f487fe61b3c
A2982,10.0,ff0012644e5ce30482cc3aad62f3b3a492b870d00a4aba6bf8f9291050b3fdce
A2983,10.0,0d858c0b63915c1b6d3a8a1a460edb4c532875320af45119748241c46622553e
A2984,10.0,502bb35fb425dc738a79e20028beeed7c643b8b5ac6b1e199bd7369e58b5fa37
A2985,10.0,86b80670a67b7f5cc8dcb70e8b92c33ebec6500e25f10da0c7052dc92a05004d
A2986,13.0,1d256d0daa2e4c8a746b5cfa602f4bcd6884a607c5edc7bbd96616b0dadc045f
A2987,10.0,6c6f0a0a82db96bf0842793d97541f6cf77e9cc0b85c971074b3a6eb92cf3e54
A2988,22.0,18edda024f9bbbb0ae387a9fb4c30f885f39baef4f9958505393dc82b50edcdb
A2989,11.0,75f1b1ef1e80484e3a39a34d65ba93e2a9050132f2b1d391c49a01f96e46af5d
A2990,10.0,0284749e3b7e5ef5037de49af167f6cb50be8e2eaaeac3599b8cb4837848ac8f
A2991,34.0,cac0f4a5dce58021ac697f666ae7b397619a170d943c5e340040970a079b75ee
A2992,10.0,46bb57a91b30a1a9587fe4241c0fe78c5b08a0b2e9136832957ae38926ba0159
A2993,31.38,eb776532c4c368ffaf8dcd9536c74908b1292e8fff9c9b16f170914c506cb1bc
A2994,10.0,cb3001fba97770e7361d20421d52d83fd7b135d9d27cfacd4d6d9f5f5331e546
A2995,10.0,aaa92a752dcc56b28363ca428fedcf7a97f9525eadb1adc20ff00774619e114b
A2996,10.0,644f5a6b7302133d9ac7a94fb0c63d1faa5312ade573c6ab3e285324170db1ad
A2997,11.546,512606199d23c3138085f377c70b0c9175b6cdc0eccfd0b88024a66553c2bebb
A2998,15.934,b65381a42eb08d4215439461294a2ff9a940aba8fc9a5765345037e0ea73abeb
A2999,19.542,007b6406a30fe7aa43af495b2ab880ecda30b5aac95dae26ef8598af2a66e377
A3000,10.0,3a9a339bb274bb0714cbd0879efd216619f7f7454a840f42336e09020810b0c6
A3001,10.0,413ada93c246a2a792363bf21049d149762b9b39626d2edb8a33bd5eb4a33d12
A3002,10.0,98a77e87a64cde38a1ea27523d9f7d199a0a6290a742b4233eb28cd14aeefc38
A3003,13.534,d1d2a8b9901433c3d783fe9579fd022bc12c4044174a0117405c8c31fc7016b6
A3004,26.0,ff8d29e3372d132c5c34e4a92a42fd79ec621886b2c8308fda19a994acd32a27
A3005,10.0,1e9e10d1ce8f0c43aad9b7235f5d42bfe92fa19e05d725d2e284aba4342396fe
A3006,10.0,45b13a6aafba751c5c1573d7c2393139df96dbac90fb38c23adde0e026069062
A3007,15.286,ec6adea020ecc9fecabed75d5ea6f612cd754b6afac74215444b393f9826654c
A3008,19.634,37a3c607121d2d55bafa3c07087ab2386085ab6f1a13905f2f737e3c8e437ac1
A3009,10.0,b577251d6e8d48b99851db8cb2f5b5eb86b56137d6164d6af1703f3e9bee5f63
A3010,13.354,16fe307f87b4bcdd29e82b4bc93b52aff571ae9320a9a6c8ed24371ddaa66c8b
A3011,28.634,e458951fa8c8497d04e4c9c18017bc2767d7270d25e3ffdb135cc3134c60d7b2
A3012,10.0,7c6ab634a263178ea92d0345717b8e8b18178aad81d81b3e64688b826fb7d8a6
A3013,11.574,9d5d3ca90aca459791246964b763e74e6729843b92ed9065e0dd8860dc776293
A3014,12.0,5d74f9b3a933c7dbe65262d3cb7c3e41f71b5219fe52f90b660c98256c290fde
A3015,20.0,df49b166bd3205fe6a91dcd932d008b12c11fec8e2a9a28adc88b414ee4b5bbf
A3016,14.722,63aa1ea5bb16c5f567b1974f038861644dead1e58dd7da51edd236246bd97ba0
A3017,10.0,619401ad532b82b90cf314e0226835f2b0f51de99edab4c6937eeb735e684ec8
A3018,17.0,746b08db315a10ce505969d8845798fcb1c1ef4f5fc4da8414bb47ca1fc5dca1
A3019,14.974,f80b6f9544ab9bce24920f2156d8e70ae78225d9a9f91af83b773d50b2359254
A3020,15.95,48fae094131181d1347a9666949467edfb17c687a9244778bdb616f77aed1bb2
A3021,17.0,1140ae8aa6e1dbc3f20af965ee0ed3fa8fb8ca93bd48c2fc875714e80f26bafb
A3022,24.0,1ba3808c670cfa1cc95cb7b7f22436b7898b1afc79aaa931cf9994e1fd9230e8
A3023,31.992,67b66e8c7f782b648c6e7181614e1afff5506e4146e6a3bc0cf8119697eb7e2b
A3024,10.0,983f4f43692720b15832f69af9d583d5a44407546f16a73cf95bb1f4c4969d5e
A3025,51.0,9d867b7aea00c5f350a1559321a91a415442a1f69e4ecd03a11b3dcdcd99a4b9
A3026,10.0,86f7e01ec6c52523c4122f75f9c6498176c5b5a0e2e8e7ca084c463af0eade9f
A3027,14.0,248e332fafb402c17293d85b30b92a3f648ebb7f9939a2d7663b78a8862ebf52
A3028,11.434,71032da73a1488f82fd7837beb5d525fa5db9f07d50ae2a8bf689fe8eca9a287
A3029,10.0,510d7d271f3740ffb6fc0079e48ac022e54f4d0ecb73334befae4bafb398168f
A3030,11.0,8ca729cfe373f504ca54e15063da493c3d12cb31a96191226bce827b1d4cf38d
A3031,11.0,1a70eb4d47951b03ee53167bfaebc115beea7b7befcabceaea37a40e5734ab6a
A3032,22.0,57cbfcf297864e93911c84ed8ed453238dd2027fc5e281c717e42784ce508f72
A3033,10.0,b4dfe6569508fdcfa968fd10a0964b88497bd0cb0ecaacf6e6ea83470d657850
A3034,13.368,41f541bf68496b8513641c87b3bb8ca1472adaa5a150429c6c968ec175fe8544
A3035,26.0,292516a355e5141f1783847a9ce6676f4810a8eaf3d1dad8a6213c897033d76f
A3036,10.0,328d34cf8dd881ca4240e20c43777555c6ed26e671e2b15ca9ba8acbab7f9ae3
A3037,17.948,e9f70ee13c79e74f21ab28abd8fec9c19a3ce4755ad7a30403290a4b48040dab
A3038,11.0,05c875ea3a889d920d7e94cae7801c504f79407f6a5dc50b887b9746f03eec8d
A3039,10.0,9f81e4de87fdb32f74c7f2e6cdadec2b4ddd5644fec0c3e1179f855bd605b342
A3040,10.828,3b89dcc4777ea1b11eeda79efe20f101d4e858d976a931beb32b8f94c675ed5b
A3041,21.0,a82fc8d89bb86a21d491ad32db7c31719d844e0f41000ece5b25eff24e2db004
A3042,14.0,0d7a16514812b8219a7486a123bbb3613d03c5a49cb54e46cd45cafd9dd33619
A3043,13.0,663b399a0d4e7b1ea3897ea6bf271bef51379a0492f0afac885749e711440e73
A3044,21.0,7c3ff826a45934dd819d3a6095e8998adaec656efa63f791f22c311f67f0fe4f
A3045,18.0,7ad9832d15fd9e31be73c973a7daa068f899761123679e9c883da978f79250a2
A3046,10.0,3d5385b1550040ac7893dcde254766d45360f9f05b467a308ddafdc35a28057d
A3047,10.0,48e758c2a8d95a1a335539e63d11bca2a2d52c9a9e8af3f8a44b7d33f217709b
A3048,10.0,ec0d9ac982b2018a55352c52945130a3485af53ab0a23ece9dbc31c5d70dc428
A3049,10.0,eb2626ae6fc0c8bfaef6b458dc7004bd014eae2d37e89cd58823103858ea1584
A3050,10.0,3476a9b8d8f492cae2bb70f81ab097976256a194d593371ab77c46b8b94a760c
A3051,15.96,728b952c49a993b6c47940443b7630b889c67fa30f6c1eeb45c120c4d9315853
A3052,10.0,e673a159bc6d14880641d747abe9f8c16e49097167e220606074f9f145d5e3ce
A3053,15.0,01d249845312465ce1a8cea231346d5a164562fb03b2f2180a418b803941be5b
A3054,14.0,23f1ae6eaee46b3c51b27410d7ade470047dc4025905233ba3b600ec21ededfa
A3055,12.0,0a73b1df33c43a155d938323b6741c727315150832087b9dcd7ee5717113f61f
A3056,11.166,5f6d572073fde53ee7a3f56fc79bd1c71fa402ca4c9025d9472d5bd935de9282
A3057,26.0,2a8cf7a31d9ead60ca66349efedbb76468fe0253d967336280101c06bba82882
A3058,20.0,32c1ab9507c253c10e6673c06ab8f0817a6349e19e1ddf88e28455b14b7c9ee9
A3059,15.092,6c959ac408d4e9145e5bf2daa3bbe737f98e7a5496bc9738c81a0442bd93dc2d
A3060,10.0,0122f359f2cf53f5a42ffe5a648c9e2bf5a7613bb764a5812807bb8663a4fcf9
A3061,20.0,3df0e6c693a5eb3b98d36575cf8c4af30543d41f4877f3783d197f659d36aea0
A3062,10.0,ec18f3dc0c6c300b3691b2bbdb83a7ce6f6e380242474dca84e6d51b1baec23e
A3063,10.0,f91ff2f7308deea2d628a44493a02f8a3ee4100e2e4189b1ffb09a803932b3a0
A3064,10.0,e22328e316d54ea890043a4a2a8c51195f93af1addffc00ab7fa0064ff11cc5c
A3065,15.0,07316bc379b5609966e0469de5813eb5b88c0633c8707774656c49eea8411375
A3066,50.394,4065bd24d347cac65024b9a45f5e9e8fd4299edeb5f518dd2766d7bcaf1a6eb8
A3067,12.392,36ba33b69a19eb2f13853adc509e3cd57085b4582767bd0a564517b75a6d9927
A3068,15.0,3fd4ed0f5f1e4d7a2c54428aaf072091ce005ccf70e9932a905493d8ae16b8ef
A3069,43.828,de6ff02cbcf062d1f76fc06065e11596919f73be2aa1e7c57a1357f624bfdc05
A3070,12.0,4333f4a6ff2fee1bd203394a492a337ce864d81a847a064c858ae84f89a582e9
A3071,10.0,db73cc6d1bd46f063da11137f2a4af07323760c643fc05b5bb339c70f0e1c58a
A3072,10.0,3a8dd4db1339d39a581efe8718ab1d1b8beb98b80329dd881744b273f5ebbe98
A3073,12.0,7a8904fb75249c0c466d24663d4c9234002f8247e9658dc0ad20af290e7531d1
A3074,14.0,59a60e3c98757ba4691dce2d4dc902b8d64c7d95e141a574a389d098da907182
A3075,10.0,735c23b9a9b3ffaca41dfc771b81203cf88904b67f70cf3c8d97fc11c7fb9b9f
A3076,10.0,0a717dd6e28314d6d7de0f11d6b3c71c774b7fd156b931dd459f45d7a94d0b5e
A3077,10.0,d4153cc3f0b65b20f7b5bcfd327a6355734bd77aba27ab44e148326510420b9c
A3078,10.0,a929baa868be54311a7a2845a6a6c20f54e879b128195c47ba674beed88a3898
A3079,12.0,3cbcd60aad9b30093c64cd0bfe63bcae27e3ef41920f9e694ed0205d2a7676c1
A3080,10.0,cc9101ec448f7aeff25ef5357ae64c712f34b0dd12482d059731626f5845589e
A3081,10.0,5e31e77bdb300e61e88102fd2784729daa89f0ffca8db0e7779e310e8cefd137
A3082,14.294,b9c5decbd73f2644cbae9151caaade66cd7e0f1d5186062804c1a5e6c03b8b2c
A3083,12.662,c2310b7af1a818f0d50c67f7dd41c1ddc832d8049eae3816f23ba10b6d53a6b7
A3084,10.0,c9fb31cc3ae2937ee4ab9b35a7d59dfcf0858f9c61b31c49f40f01021bfe7ee7
A3085,10.0,18bbfbfe2282ea64abe5765df106f5895d62f664b51c26553da4f2ec3be6c719
A3086,10.0,9cd8f814e4d81297afe918e6bba7e2a9352eb9b6092b89e9ee104ac701e512cd
A3087,44.958,46bc10e23c8ddcffbf81019aee6f07142e668c8f3eb0837f27a47c8102578e92
A3088,11.0,fcf76e998cec0d3c17ac38a59bff963aa30f582b005c96077ed0eedf33d23769
A3089,10.0,08115b6411990bcb8a694f3c233e59512f5dc82c9c485222c26bd86762147523
A3090,15.814,584ccf26ea9c3ad35421d0959f240a2698fcc9744e5cb41d3ce98f9bb8cfc8c1
A3091,10.0,0f60e2015243e9b45cbefb8b01fe342426397f9e203a40efd2f5bed1861b4b5e
A3092,20.79,7b12f7ebb7c00b2326e2675f88cc30be042e05605f995e8dc797d19d8943563b
A3093,10.0,576014f56883c23a498f259f948d2fa65c2e51a8f38f098ab4236cfcd872a84d
A3094,10.0,082b1acdc5d3ee84d7c9bab04a58c36af1ff0471ced783eb1946b5fffd4c28cb
A3095,10.0,6f419526fa1b71f583fe8688a0aaf63f1d68ec16d32f162b1bafd3bc49f4b8d3
A3096,45.14,88b94a1e0bf9a13846f9b89f78ae02ed4a00f85af27e0fa7e2f3ae8dbffcb4af
A3097,19.052,c4f189a2fcb71a094e46dd16de6339bb97d93dc3f3ad363eb366d9602ca3be0b
A3098,10.0,b17f49d4d4c99ca4b26d7471bfa946b75811929503458977f2bead8d8ecf0985
A3099,11.068,1ca0d78e43693e6d275327d678100a21ebfc5b0b7a0ec9e127ba962d6c7e52c1
A3100,24.0,c2f174ac8e8db8ad92eb82127a2f9d4905061f67cbbe77f080cf345909ffa529
A3101,10.0,0a208b51698f786fcbadafbd4fdb10155ef074f88beff85489dd54263021c894
A3102,10.0,b8741a09d3fdb0a53a3afdc76862b72c328a28cd2dc8f35923036a2f281dcdfb
A3103,12.0,b7825681f208e4842cedbc4970b0e42d64b0c744f093f160bbc5e6d8a6648762
A3104,10.0,d471ef89014bc66d2d9e5b5b4bb2ad282f868b7a0b0eb010d3a6b0878512b668
A3105,13.15,26fe630aa94f184ab19a776dffb21b5380d72ad80026f77abb42616deff14e0b
A3106,14.696,ed8f70645f79097fdfd3261a701ded0535413e91a5bab221a5d826c4afcb2c69
A3107,17.506,19724061e3b6977fa9644f59854538e535f5af3ca3df262eafce1028dde28d88
A3108,14.0,321eb2250155b6632d0d062cb3f44849ed6b866da6d706173b81b5eaacbf3d51
A3109,11.0,67582444663f2fa77c32fd6d5a05005f5cefb10b22821a4edbf1505deda9f9c6
A3110,10.0,d52fd1565349569f272462da96baa8ebdd5bb902058feca7c4cd751a700f8550
A3111,10.0,1c04c001acb8f7be57801a6e84776dade7bc17fb7677cfc6e52c4eb27cbc2242
A3112,12.17,edc0c6583fb13628585203a17cc7b8740c0c8cad33072e6238c1d5f4c500de3b
A3113,13.852,d59d2cbfc9ea84347e2f4a827492b144dd295fd3f75e0e047a4bbd28944ffdc2
A3114,10.0,6d7ca68baf7fa84275ef5d931f519e206667c9fee9859b99a7d6e4dcd8e210d1
A3115,20.0,88a576ca49da0328eff049b6886d980259457c4f479630e8d6d80e3c20f44478
A3116,26.0,b85da3f629b809ba749d54f2aab3519932b99dc335aef3971f5f3a68e7edc64a
A3117,10.874,3f61a29de3158b8a61ef85da28031329807e65dd6073cfdc48859afbbdb9e110
A3118,15.0,b9af7c5c878882444cae11285204191c88f607ebcd2ac393cc776f82484f7320
A3119,19.0,66ed7baf362bde87aab471eae5fb4e3bc40bebe6f53b99f1dc52768ad6d69908
A3120,20.0,2ca9906a7bab9d48fc738beca3f033fbf4b30fc96fece8a6fc05bd07d51cf9df
A3121,20.0,6c866e6537a90d36ccd6f2c92ad60ced76b3f466e60de59ac90111254ccbf531
A3122,30.0,51e21f9bbf86d045bd4f389d3862c5df2f11efb5b9dfb1651732284dc259e95c
A3123,14.91,6349d5f1211fae6aebe069cbf9204a475d8f36838989a3c60445ee9eb0e507f5
A3124,32.012,922f43da2f39d9ef5697545b21528db7da09185539fc5f431c86a7490e28cc78
A3125,10.0,f2b16c6c0eb5a7be065c875dc2f6d3ac5c9a4e20154e445b35c683f97a5826b0
A3126,10.0,26b5449ff136c521cdabe3b447f12556d9466f55f1b2983f43645c0f4f177d52
A3127,16.0,5ce49d421a6e988e9696ef9bfeadd0cd1dc107b29e1266d7733a9dd00a9ece9d
A3128,10.0,14b774cdcc631d7fc4e649faa1760f2879e8c7bc785e6ed3940c1c19d21327c7
A3129,21.778,fe3a7fe91cf6053cda1265549bcb8ddfd52840f2f34932b8bd1aeebbb4f8f8c9
A3130,11.0,1ed32b0329dc286b016e5fd9216253cc5dda6d1e58c8cf1a52382f329462084f
A3131,11.0,f8f03f87b136f74e07d603fb988664c41c92060b8db65e1204c8ab287c3b0bb3
A3132,14.456,008087b8b3ae245aef28a1339d0ac8ec0f09e5d12818f3d2731b311ed13c331a
A3133,11.972,5bb83dc5a26a5fdebd44d4121b4006c1d660a856f91b382d5347b02b710a5ab0
A3134,15.0,4786b6974d926a17cb2c5754c9377aa38df13ddde4d143fe4931e7243ecb7af2
A3135,10.0,c2877059454a48230bf76969d1525bd0edf9937983b35336ceb291c25a160fe7
A3136,12.0,beaa93c1c3a7a1e6c5b9dc83cdbbb4b4e0ba83e73973aedca60886fee4761e55
A3137,14.0,b9675f3f762866ec5f66bf3ef7d20fed919afdad8698faa700940d182067171b
A3138,10.0,eb039832af07c1b9135fedce85e59c39549d408fa81531e208ad39a4ab117084
A3139,43.0,1741d648ae1ed5662c0d16c920b01e552a15fd15e88c4a0702e1d275cdb30088
A3140,10.0,7bae25c0b374fa3ea4c78f097007bad66b53d65f7ba3af01710c70a7cc35ab96
A3141,10.0,86423160e8898a61a13949716713df6db2b771de7d4450e3586b771c8532aa63
A3142,13.776,84ecfab83c77b50174761e1ead62f286c18d17e266bd1da7caaf12c775ff690b
A3143,10.0,aa682868f30d71725a6aa24015c8b09d70d36fe10bb7bc399aa0781c4d20dce3
A3144,13.91,5ac3c41b2d25efed6e87e1a198529a702e4c6ef05f660972f316fd6808786f6c
A3145,22.274,032fd4c6c7206c5b2531125d34ad86e51fae8d90427131ff6bcfddc242a38c01
A3146,10.0,e2f626f9f06b07c77835c87bbd8c710f799b3577a9ec13d6c32684dbbc62db61
A3147,32.0,8cd57f6de141219877775b8445d2c11cbd9166f482a3bf5243b45c1451bc3fec
A3148,10.0,6d20f4b6ea60eadc8f58c78e336c50d67e454fe49547566ccdb7d862a03de372
A3149,13.0,02e8eb1bae73b176c49360e1f296d39191811444e09fcc428157ccfb95636f35
A3150,21.0,8f8f008865cc67a6a52400a1c6ec77cd2add53251d986169f2f201c1fac7135c
A3151,17.0,96fe3551ae96dbd4892b9b041cff7cfff92699cd05f9cc719afd468aa5555719
A3152,20.0,51db7b5c5bac9ae92f2be9cb3c492bb8bba13d2d44be2701b77be503f9deabf5
A3153,27.212,8462192bbbd0946376a2537f188007a0da731d63b321a4a10a525058b9a1f8cb
A3154,10.654,64340b254c76cc3e5610b167245a7c3870e5a585f17422fc1238c3cb43687a4a
A3155,13.0,165ffa971e28bfb32e9ca9a7069f1c28b39ebbc5fa135c2efb5289eb03dafabf
A3156,11.186,57346d34ad933f18150708a7555218d929b62508093db601622f06b8d5519741
A3157,10.0,a906a3e321afa93dd6941e3e152768291600332452904986c34443745635d5a2
A3158,35.004,59decb236531ed13d7e1f756bb942538dd3bb68ef918f4c58950cccc87fa6ba0
A3159,10.0,fc88e5a3ab347f03ce73dd3c3c248ef4ba8b983818cbb51c8686927bbe44f512
A3160,16.0,781c129c823f869dc0f02da9fbc3d5017ed34c82200184a7516dee429b5345c7
A3161,24.0,889aceafa16e54748cff8c4bf2e9d7996816845547e9443f3e8ee87441f734b4
A3162,13.998,cd516cb833ae74128fc85fb383829a7dc692f1ae106ef115f28987c2528dd427
A3163,10.0,de700dbe490bcee87705f6172c011b73e2aa292b5d6926307a69cb30d203a3aa
A3164,11.0,4cd76da84a5a7efe3bbf2d4cf57051041df255477086818414984ef1183223c6
A3165,30.0,ebaa0c794ebcb5606c314399077a55452f2cc7eff1d70b13aa0ef8544028b8e7
A3166,28.99,297173943a16dbe200ef2ac1c2148362bb64211a01256fbc086d1c8de128b147
A3167,20.0,77cdc89ee0b5d0e2c4b1c1ad6caf505549713204aba1fc80b0dda145a0f541e0
A3168,14.65,92463123ae280dc14759b46e701ee32a61e0e09f6e1e9e2c67d76441e8c61c03
A3169,20.0,555b61e3a1661ab0ab58045b610e71788aa29312e6274438d7ca36f3dc16600a
A3170,46.856,83daa09cc8074cd50e7c31cc39e34311b3321e0b5371cd337af0b190ccb07d20
A3171,25.0,2c9de6e81c4fe649dd0ffa201972de847089c5996d4952d4750ae37245d04741
A3172,46.67,bfb64edb0b3bef2e4cdf927890a4d21f54d678393283509bd1cbc06b03760518
A3173,10.0,74b3cf675e45e54748a03d77cc8e6ae64572788cd222158f52835c8128bb0ea6
A3174,10.0,ef9da1961c7b3eda53b45b46f5edcf10e68ea200e1c87b0a74f996ca5f3450f4
A3175,14.0,cdefd40db7f06291cb91c6af4a85c688f8b3826661d7c4ef4c3192aa3f354a0d
A3176,27.0,83583b8afd40c03e9b60a924cb1bc0bd3a113d0a7ab0770c3f10ae98739cf777
A3177,10.0,fc7021a9a0c25817699851c503fe097d88168f49e06923fd09d0800d74a9a8f0
A3178,10.0,d792d6b581b6c317f161dc5d6e4ccc14ba3dc910c3a7fb39f728720f5920d8a3
A3179,20.0,505efbf72096390b25f5221145c7418700bd62a27adc384334e1af9af4457b77
A3180,10.0,13a8915f884ae90b149c7ae4d982cf87180a7a171764c64dc9edb452499800d1
A3181,10.0,9b1acd284ea13374249e2c3d08740449ecabb89902ade2b3b34cec3439904166
A3182,10.0,92d2e167caf7f55b9a32a0fb4ee50e3661f64c59c7b39a1697af1a850011c7df
A3183,39.0,4793e26dc5472b05f1d985dea593a3631f7d14679062b15d3db88b30b8beb32c
A3184,11.0,9120af7bb4948b3b385b0077e82f8c272c1c6987cd17c7929304b3aa4694de7a
A3185,11.808,a870b5a19c7c65b5127cad7af0e5f363a609fea55378908ce953499da00fbff9
A3186,12.0,0d6fe8a34f036dd96da5af99d3bd3f1e55dcb5688ff5663c5ff56a9a14e1c260
A3187,10.0,45bc819d60e76d605b272b1ec7934f2c5de94d7ad9655cec5b53ad693f5139f8
A3188,10.0,2ac0c590b34507baf166e91f17814431ff814a4785c022d7d501f99ce79e4861
A3189,10.0,34d4f9deadf8c440b7572025b73b16ebfd063efef48548e9374882e2c8652920
A3190,11.57,1aeba096992daffc9a8b066c4683e62f0bd6bd49ab9b6a73dc2c006ac6293d20
A3191,10.402,b59bf46e28a9161b819a66f849f60a25df762423a99c7327dae4f017dab8ed27
A3192,10.0,fe8e3923d86145248a068771e6957b0d866d840f483eae6a2a04348cd8223134
A3193,29.0,b1bf1f26b7eb9251a343b99439e453af73e02fc8f9c0b50e16cf55da162379bb
A3194,16.0,81205bd34aff3b03db1abb8a62b54d63a189d252f2c1d9e2b1e989e294b1dad4
A3195,13.0,e26f5fd0a1ecd904ecc1f0cf700cb9df8784820bc839babe073bafc6ec4e217a
A3196,17.0,5f916a738a74c5afe8c042c02e513a41c7106516a469ccd1d49878ef537c93c1
A3197,10.0,961a6cc5f4b9f5c1c58dc787245be71254a9bca86d292126812b8aa41408f6f8
A3198,10.0,165fc0a808b7b098d605000382c21b7bd31dd5f641033d5867cec6ce1438b13c
A3199,12.214,3a7cb36a8f827cfb7cee09f3b868084ef13517aff74e6560f8705996ae723841
A3200,10.0,978c156ae02928fa283a7b668627c2b7ac6e4e2f1b8b3a6d31e30c9d9db7caf2
A3201,20.0,39c15070fc7bcfe77760bf805112f04b1fb1c7298192e76d5029e6aa787e6cfa
A3202,25.0,c55f1a0f978b6d3781930ffe827295893269fd4c9ce8134d32936c47edc2f84d
A3203,70.0,93feb570985c86cf8371642537a58fc706aa224bd67d35c44381a55646050b46
A3204,10.0,e3dc6e6f4abb6129b6180f2ea1bb694e5e595d5e8f9e79872259925441d8b7fd
A3205,10.0,47f04a2859c3f83f3cdf2076d0039c6af4c2e75650980326ee08f0571efd2673
A3206,10.0,f4ddc5a26e4bde90b3ed6b4d05b5d2a2a809f4428514a07bb23ae3f02e15c4af
A3207,10.0,c5c444c9e103cde11ec7dc0aa52d470a8efec5e16db91cf9dd2ffd4ea3783769
A3208,27.328,3f59a9f5dbc1e423e5aa96fd7388add26af2c91b785a9770c8a9ed6fdfaf9bbf
A3209,20.0,7d07d3a9be7686ca0c7a02d1066807c25d4639efdcc8780ed3688d5cfc42cfa1
A3210,15.0,fd940d925237b5fc7091aadbebc05d29430ad4754db393854843c24ab7854e1a
A3211,20.0,5fdde313051091da6ede09f1a20fe489e7ed2db84c27c9b1b5db6c29f3bb4d65
A3212,10.0,741eaf49f619bab06567c41840ed45f5107996c5afc76225aca042389b5d0621
A3213,10.0,60364b67098cc4e43b9ff4c98732ab06b224a9d7e1952c15e82d87da697386a2
A3214,10.0,5707ccb4ad24c85f9e022f534d58918a5f0795e9d6f0ff79c9134cd40303b964
A3215,15.0,a3dfcf8170b95d42f5ffc5a4f6e17e492da23849289f4ecf79142ca203a477da
A3216,10.864,e688a8aac822e631c91e40491fb183ab1784a39de24c9db247920bfa7b4e571e
A3217,10.0,03a73f97ff0f6c3231927c3f66c02cfc73611806367f82e2601ebbc075eaa9d7
A3218,14.0,3aa3244c979f565de9100b3c649b252647d61caae982a5f46a5db69b8188f42d
A3219,10.0,45a66e6b5f3193496401216909baeeaf3281b0c6d854403f3464b141d20c0646
A3220,10.0,34bfaa3bbef57b915c572bd14a753170c8f564deab1bacd3143942be1a20b84b
A3221,10.0,914cc291d846049965f9db49c764cc003a546331588b9f862e028df5d227df0b
A3222,10.0,b52838bada0f82dbeb754c776971b2a3c0f711fbffbd952dd7d00fb7733c856a
A3223,19.0,45dabcad256a5e8fc4ae16c72cd318d0db04a10c844a2642549f72257641eaf8
A3224,10.0,396542698162501961378de1f6678cd53f920eb6d1e6f66915c7fc8aa5ed9975
A3225,10.0,762aec1a0639842d9cd70a90b4fb50af7c088028eccaca380a72e03fb060d25e
A3226,19.272,327eddd40a8f906dc93ed8c0efef0802943342a620261fc4da939318e8620ea0
A3227,11.0,e5de9e6eeda45c4a9c3735f5bf82b8b3f79d19118dd52969abdc5937eeff6cf1
A3228,32.08,ae00346fd0b18af7de8954bfc3e880bd583abff64db2e7765ee211d46f595bde
A3229,10.0,6577e499c1e7c98cf1e1b1b24669ad11fb25672c2adfd9d28a5dd8355b26517a
A3230,10.0,a4892b2b1e45751f2d8b616dbd590017839e5af69af04438e4336ad313eb048b
A3231,14.76,af2d1279f8858d63d9565796d8cea03b14a0f113e06d17cc4d81056d4c8ca122
A3232,10.0,6c52a1f8b8d90ce3282307bd1e5ee520dc04d31528e6ceb8c7b7a1bcaae17ccf
A3233,10.0,c5658f6059f11d6077a8bcab99171f2eaff222d0a1ffb2bb550e935e310d73be
A3234,12.0,1cf85b017d2e91c1f1e74843c5a7f9881dca04e218930ea69f0f037f0cd52e01
A3235,11.0,bfa00f8eead721566a16bc702cf7edb03e73e72e2aece65b2b0c824df9716acb
A3236,11.186,24f25ab3a856732a7a176a0069bd1f3f1781aef6fb188d2b6c4d0cda4354d26f
A3237,12.866,9d23f9950f33cb9914b343ab56517dc20b290596b3c73ba2797b3caf6b765514
A3238,10.0,6d28eee50a53647d109351310dda43625f12171161e50c45f20243f1008cbe71
A3239,15.0,534f9ee6906c3336a34413cbf7ec710494010fe00b5a73232e544eb63bb3c937
A3240,10.0,934d36b4ba1f57eab8558435208cb30e8ea1b709d78ba9ff0cbbc9d8d5a4dad0
A3241,20.0,29ed9397c4fceab939b5ff3584f0ced26b4c367d723dfaa5682433a0d91b4418
A3242,33.176,9376039b4705745aa7d0996a3af21e5df43c1ece380eb24cdf9f70d4f531b724
A3243,10.0,a38cbd69aabb7ca4aaab22456ee6d825c29548c9b11270130654ea72d0e1a9fa
A3244,21.0,c468f685e9be9095cda38c29fe7f7276a089c8346e8b726aa81fe1dcb4d0489e
A3245,16.0,8c16baa37dd882397da377c0b2da6ea341e7a5bf207a33b1709ba9947f9b0931
A3246,14.0,604d1a067462f8ed16a654ee026b1530cfe73a98ed8275e2fbd3b70f9a189d4f
A3247,10.0,69fa19c0d8b0af41b0c86268ae52184981da9e74f7b270e7dffe739e9021dfe1
A3248,10.812,b7b8051c45a0dbf07e55c289e4a9c26536a853a19a6b9739f4752c523e7b8a26
A3249,14.0,439573fe5cf23711927d3a774880b001a08c6564480c8023329c1f2be2e10f2d
A3250,10.0,c2cb208d5e129ef11a593a06b25271a896cb84a2a9ebd90dc855f417f43fb8be
A3251,19.554,95644f724e43f23b89e19c918d654736bd8355644436c384542ca070369be2fc
A3252,22.0,ac6e80cbaeed671ca390cc9f56e4b19167cee8fcde20d98d47d622fdc1741e7d
A3253,10.0,a2fa30838b12c2014344867157f553463f4266688b14de48bceb83e3e159350f
A3254,10.0,0d07336dad8b9daf09a7df60142743ef7a6fc1087357d2d083967dab2d8dac91
A3255,23.0,82009a260b25d05812e8a4d474e617459cd150b6799c7a9ba06ab6485bde076c
A3256,20.0,1a3d85b128c4aba7c3927d7c240b015e17b68df5279a75fcabf1028b446da4fd
A3257,11.258,4e28629fc0d5baf4e6220a68957e05524f58b131bc9608637b1df57250c42c36
A3258,14.434,16c3960f8e35c885392b494b286412503ec067155cceb4a21cd8e9af418815ca
A3259,14.0,0df78722c4ce14678cb6ec37dc8b2fe05a994bd0bc9a7320105bca18177ff1b5
A3260,10.0,d09f1a1e2e8feb662f65a63ad7c79b3da8f3aa8a9d169429978970975f04e78d
A3261,17.0,59ef24a2d3fcea41b4fc7c7fb5be2c8aae23b2e14515824eed5bd65563b96c61
A3262,27.692,f3331d253993dfe4cfe01277ae031489d0b2fa70c369d1080a0c314f41ea0208
A3263,11.0,2b3ce91c87bfe8c7c573961d44dc2fdfe5072e366c06de696a29096fc182f4ca
A3264,20.0,aa7044f1dd9cd47e4722d863724626edf8cd74a81831b69931079d83635ca88c
A3265,12.0,20cc3d69eaea52ef9bb530c052e2f8a5335a9d2952f3196849a906423932feb7
A3266,21.0,178048a0afbdda4f529be361e77d1b423b33bdef1c754e4494ce8a33ab81a669
A3267,10.828,9d90992418201e18b0c9877123598031b4b7c7d5af0b2182327bc82f9bfd5033
A3268,44.7,5f250892184fd04d0ef67edb7c9139575fdb553700417514d7b908b56314f7a6
A3269,15.0,fa3dc56e7ce2683fe061bc48cffd0aaa10789958f42fc0dcbf9edb8b0f952628
A3270,18.576,dbba6365021a6f0aa63fda4fda976daeac8e33f54b03390770151d027d9db8f8
A3271,10.0,51724e52ad6486f402f91797867c371df54cfaa15212fb26a7c9bba30136d7be
A3272,20.0,63f8f437e6a0cdd76e70255877a4cfeff327e95429d9e9585d0c7f585a9ec76a
A3273,20.0,3b57eaa6df4ac36d551c68ac76ed02358ca2e2c0c9d8b8cd582c5ff30bdbcd3a
A3274,12.872,e4314d1eca5a2a89e374a3d0253543a13c5af550d4a89e60710214b8116df14c
A3275,10.0,bb581d5d25f88b30ab7d84ed7411b409bb9b16d5ccad4f892c7f9df632e80ced
A3276,10.752,5b745435c86446fbf9f0c09654391ecf700db58f4e224c11fe3e9ee056f1a9bc
A3277,10.0,3891ebad35692f88f2f00ecae6e15b09cf5434682af783f78ff79f91eacd39d3
A3278,14.304,81423699ab3fb7955777e539cf0fe691053a5c5009e329f66f2adde482da119f
A3279,10.0,873cb74f30d023ee5047f4c8b9963e4d376d280dd78d30bd4758d7438de860c7
A3280,10.0,8931af353fa0684d964d4254156a02862237a37003bc860118b30d40701d3e26
A3281,14.0,bf6f11df06a46df9f6c2719a71fa48e87bd07a5338c7aaecfce58a31811c08ad
A3282,17.0,45cdde16a01be3580b4723d6f263f3864fafe33bf4931753f9c59570655f6067
A3283,11.006,a77b1fef9e9f415ce74c3765d33b95c7cb9e5697f7498aca9800ea4d1c4d847c
A3284,11.21,1b1590192babe95b0dbb1f4e66d5e30db43cf42662686d7c82d0d6d36bdba5e8
A3285,11.368,400407ff610e3979df921cebcf9bf1a175394c4f2c8c434dcc00904c38fd67f4
A3286,33.69,2cf6dde253424b375f64a887ede1f9745f21b9ce37e0096b1e496353c4f72fc5
A3287,35.122,393271008208c9ced596cddf2dd837db2ff558d22257a822ea7b8fc4dcad2c85
A3288,11.256,3083b820a34712636b87a0aca51f81bc51d6f98a1ab8d8088f3a6e6f858b4ef2
A3289,18.084,295c507e5d98418c228dabb4e4385063a5fbcf09121a894dfde4f68918144694
A3290,28.146,4c4d634198c2bc59440f1211b1a7fdf89688a14d85870a3cc43d31f8c7cdb39d
A3291,10.0,1d2e7f0b6402a81ab67deb521845da09e5fb7c200b494b97fe5618347edb344f
A3292,17.0,2bc9c1b97fd99096a9147dcd225f5591179f5b278fbd51292ef37a9d9eb3db0b
A3293,54.084,b74e4f0e3c9e340345bea465bc5239401d30c386d56b02c86bc5273f0ec077fc
A3294,32.0,8b04ff717a2bc0c80d8575d49408ab3554a62d85c09d2a7727f67b636dc8e9d8
A3295,10.0,4d0c4e8fa5211f42a4c23df37172e80d11b79101111bbc748f1e1f232494a59b
A3296,10.93,a374ca027b8014bda1b8f639b9f55dacc1623515b1c7f0026889b0228257903e
A3297,10.0,e5ada8c48ee24b78c8a11ac7e120adb196ebffe4b12b9289a67092d3e77a656d
A3298,11.112,ba938a40d81edd8938251a9a3f4de1b91b91bd9f4d135ec8ac4350d400aafe1d
A3299,21.0,f3b3cf6381c42822d51d11950ebab693bf076aba91cc735ef94a6b20e2998324
A3300,12.0,bf684da9380168755cd5e76595202ddc4c6381d60f4d432dc1de97564fd844da
A3301,15.214,7e23388926388625c891ea9e2e357cdcc67416a47b4d2247dbf33778153688e8
A3302,10.0,30ccf6294e7b8de33dc111314d405ceb340398e0028c3fe92b496280e38354d3
A3303,10.0,6b909ab298500da80df65c446d8b4ea51b0407ecc0d6466fdc7f267039821499
A3304,12.0,eb7cce046fc58184f3701299a1c8621cba1da06c5a56dfbc6e7b738d53fb2611
A3305,15.244,b215db1d437233019e041fd41a44a24cbf9fd47148a0cfb9afdb56d28648f5f6
A3306,20.0,325dcd4baf8254397dff301faba383173f89ef794fe54440634cb26d31030557
A3307,17.0,1c3fcc611c805985a3939965939515ae5efe1137c93e844a198ce538a67b8ed6
A3308,32.0,abebafd8db8771788c5a50a79bf28f6638cd07487fa5bf12f747c6fdbf665e62
A3309,21.0,40c31a6945ee15aa964c39d86d85aed73b67cfc218e95e32f9d26c0711e04903
A3310,12.624,d6e25914c118385621db93c8e0d4cfb8677a65a549b43ed0b46a9ff99a685816
A3311,18.0,11dabbe76672aec37b5636bbff354efdb87fbda850b037b7af150fd2b8e6bdf5
A3312,10.0,f5e0904b67f090d639964c66921ec433ba8515b93367c9aaa3ad79a02ddbadbb
A3313,11.0,a12766dfd9edbcfc2537c81ef0ac9b500ae8c3f96e76b81bc7611880f4d45a69
A3314,59.114,c5646c76f8ef4fda5ae3aa715fc73dee7accb8fd480c21c1973eaa69f9b494a6
A3315,10.0,0627aec67b2bec06de3b8731e93579dbc5afd94ab58bfcc7ca262dbac2db6d31
A3316,11.324,670e76625009be95a178dd59923a45ad56e6e33d74286539f9a76158518d2d5c
A3317,10.646,c49cfbbf262fdeef3d9b87f7b544b68bd8c427b982f52437ed125a20c76c4fb6
A3318,16.0,c3c8a1e8fd37ba44068462a3d2ff30156a339545c39202feacb5df3fe8b30470
A3319,12.17,52d07a6fcbef3238f783ded803ea4b3fef2e66eb85d138138359669a8a7eb58f
A3320,28.0,adbfc88fe844d25606542a819f32a0392f014bd8efc1ec8525317082f81cb341
A3321,10.0,6442de6100d9f607f780b33e60654933984a723696cbe4981b48b46ea2e387a0
A3322,16.066,280362c6f8dc409c916ee7f89698095c5e56290446b48eded72f003124a56c4c
A3323,10.0,1cbb89999adf5abb3726489d29a5356c3293db84548eb940de53ec4683042c48
A3324,11.998,d5ca67cf93f03329906271a9f0dd6d78d29e072abf32bba6f880e9f6c7011a93
A3325,10.0,b4f7d27a6d179b88253e5abaa0c3e9144ed53bacf34d51274930b3ee04c73dac
A3326,10.0,bf2e402894acbb54fb54a5bebf144a5acdc0941ffeab766eae3fae23ea46e08b
A3327,10.0,8f0c495dd70e6dd7fdc126bda364ba5785d969a6988e18777ad0881015dc1288
A3328,10.0,5c103e2c59eff5442be4599964d602f46cc168aec30d4fc99a45102d3d18ba1a
A3329,10.0,de0d252eaf39587bc3ccff53a802a5980c555e457be8e208f95e3ccdea57e4f1
A3330,10.0,76f297890bbc077e1a3c0108bc6c276ab20de60890f0e2159f55e9b5b773d4d5
A3331,10.0,2b02bdc9e3d7aa438950405fed74b873bf1997c3aabf6b7eacccf0b699479738
A3332,12.854,bd9a569bf252519c3e02b456b911bb197e605ca90e0d8bb29571e572efa20ac9
A3333,13.0,2369aa4becef04776381aec01bb5cf214220978b469fea7225ef6529e31fecd1
A3334,27.0,6e219c044e808eb23ab6f0c4d4e2c56916280a0d9a26635ac6178e942204560f
A3335,20.592,4ca6885a39db566a57b4e18fc6dd5e5d242f3bffe33d39f8cd4db51329e5051b
A3336,10.0,cfeaaaef2a550cce91a157aa71fd63a97297e032862777511700850fa4e7fd42
A3337,15.376,5c448805bd0e1d847eeada174bfd6148cbc69c0d2ace5e283fc2edab2388dae0
A3338,19.0,18c427d3170848e677df6b774471233d95e27f258fb0287b806870f89bedabce
A3339,10.0,a9ec17ab5e24ccd839cedd7ba3550880852edea6337c69c42001efda9713284b
A3340,33.0,2fc1362d13092200cef4bfac1cca55a75d782f6d4bcc8efc50feafeda2189fa1
A3341,13.0,6a27d9a1023d2563b2170228271630c53922d214868f38fe3555e76c7fe23fb3
A3342,10.0,ffb5ba5a1016e19bba1ec44ba98c02f0a6f8caab12b03fc567933ef7ab0b3cc7
A3343,10.848,b223cb47d2938b51119f5d98791cef11d08533c2c4222dea3010032f1b3db130
A3344,10.0,85d356ccc4682577531c45e839d8b18903af279104f06df082beedd42367f289
A3345,20.0,75fb1c87227c5572a346c20ea8819013b145a416d1159c3841fe954e20caa5e7
A3346,10.0,64d905a045455143b8b1a12fa9d8a4a72ddd59f817cf94cacd939ddbcebef7e8
A3347,11.596,09c472df3f5bbddcd3a9becf29f1a61aa5a3356d9f9726c5ca067be0b79a3922
A3348,16.536,cdf49f7c868bbcb2664e0276b56959615212e4074f9eb353ee27aa3f960efa63
A3349,19.14,82d13068a4565243cd3c038f5ed4f2173c8b1a6a6fa1962d2f83867e26d1830b
A3350,12.0,a8d3fd333f4af0a4a17f0e687debdf491d4a711332a41e7b5b911134b59dc7d8
A3351,10.0,27ac4f31d949fcb3e3896cc777c9bfa7d708cbac8ef8b8737fff9cc8735d1d55
A3352,10.0,9ece2bb3cfbb90adba927a4564eb8480d6ea451ff8c038fc17b108097b551bd1
A3353,13.0,01b19d5240d2e3a38da0a93111847e945e251f5c7cc6935ff8bc7cf931031992
A3354,10.0,b3aaeed4c1e014901e01afb4b9a81830eedc37e6f6a5e3d312ee96bb25a78d09
A3355,10.0,d04db6b10002f4f6393c5e579e66bc037b1217355a83558d9de20d597fc27403
A3356,10.0,77a320741e4539a53ad2e4b972f88300d8c28d72ab1ea04d14999d7ae8bcce7b
A3357,33.588,1551f17d6fafc107143588c46b3962d257ebf5a7edf5ecb9a2c80c9ba8d85622
A3358,10.0,da27d869d724b5e96e8d1aacd3b0f1b09fc9e060cdd3df66eaed5932dfc01349
A3359,10.0,2dfc67fce4500d40f10da7797275cf8cccd9af3130f18a5adfa8b7b1eda00b43
A3360,20.0,95e96b643a5288022c539186a35d381ef2af81814eed394c08d01aa05f211bf8
A3361,17.0,0d3da3a72a4a55ae090dd0de624795b733467f3597528e3e5396b4bff9f9ced0
A3362,17.0,c9279c597351804b5eb69836e4f8e6658ab832550d2fa4273c6f023706c4ffb7
A3363,26.584,b1e012713c76442eef439aba14cf6f8794fef02d63042f3a225325c1ad54a0f5
A3364,14.714,dbfdb22fabd2c30edba5c8ce2291b59e1c5e8904f29977e80149803a055d3690
A3365,10.0,2aaca75e9f3902c199b1f722779b14fc38e8c461e9932b2f693167c25f0c4c06
A3366,10.0,06869b0c68b797aabf65d7496390881add017f7e1927d0197cc47059abcbd2c4
A3367,10.0,c89464c23d6aa73ddcde502e1a4e2baaa9de2bef260acfd80301c390b06edb1e
A3368,11.0,036ff134d8093209537679cbac7823b1333bd7c9aedb84948ad80a38c216a915
A3369,11.0,c06503488fbdcaca5deb3f8c47d811f7b09bd08447cf18ff3f685e82360587c8
A3370,12.4,668ef0d1a40c09f936ae61428a1ecd6671704eac17909aebbfea1425dedf2f2d
A3371,10.0,b6e16a55a76bc757d41a9b3222d1b862f84858c94044bf3a42eccc5cf94e4d94
A3372,10.0,5c1e42198546fff43458a4cf2d6776bc44ee55635748ad01c7bc6e3d8dd2cf53
A3373,11.706,2a157139e5b978c32537a25e72332141cfdae65cd68e9f6a608f873614d3a92f
A3374,12.0,5f733d7f664787bde067b0b75f7d3ab768fe478c7a9e99385efba087562830f4
A3375,33.57,06f1c596ff90fcfa9ac91113859f1efb36a3b75fbcab89b2b803f4d162727818
A3376,19.874,650ce178e0a29de8e5820890d9e178980588e12c8599cb9f194e1dec43f4bf2a
A3377,15.0,0daaa140f79edb4b2c1298821f5677c8448908cc3ced724651c0b56c982291fa
A3378,12.0,7587c7f74b0b2bcfc1b72f2ebca492b7fce64e1c621581f06978b1ccf8a813f4
A3379,10.0,f0ad58a2b5373d7c500393e0424e7260e9792bfb25a08c187e1603feac4f4735
A3380,13.0,36da1ae8fd2453e6d82325fb70622a65b5cd4b76c5eae9a95a22b75707b05684
A3381,10.0,ee87fcb7e5f4e3edc1f1c0b151689e2d008909eb7af6658a40dd37f892d4f73c
A3382,11.126,ac6e678921ea8973e8324122c464a9dee3777ee0e1085c92ccf104cef6570b20
A3383,10.0,cb33f75760dd12bd805c8baff2fb5b252290acfa66028c1a966031d21cb377f8
A3384,14.0,35474e5862b589854d1cc01c5d438c2cb3cfffcc3386cac87b3dd08554aa5098
A3385,12.38,3274753777672373897cc4fec380ba394ad568e234efab9461a87a473548402e
A3386,11.93,4622669c8e4217cf7cd076005cd6f37a701f9833f691c06b4d4086f4e341f545
A3387,11.0,a29ab85ebcbff588ad1e8a3a512751b15588cf8bd3b3c51ae0d751f22d24b8ea
A3388,11.022,de430d67ad948f93647fd316ca5f38393c590e593699de1e5e05278d8d87020f
A3389,18.0,f47f2a50d0c46afa84e1a2ae87f8edec9eed18b6f90b53fd68d1799a87921463
A3390,12.0,f372f9396f405e94a7d9a4a232f9d9cceafc6020862ae4d1c47e78ad772e9bb9
A3391,10.0,474e509c1f2b5a3624d5d078ae6809f6a93b6122830e14cd510abc54b70ba220
A3392,10.0,50ca5ba1be0d556dab871810501bc3f162655b0f4b5817a302b27daa280238af
A3393,14.0,2fbae5202905592693bee1ba9850fa354703a16e579ed6d0882491df47e11f45
A3394,21.0,895efbc38230fb8fdbd983142e4865e3206eff5c56215a10bcd4e889e71005bb
A3395,11.026,def162ad0c5845dc70286359961da6f0de0e5ee93e5e3e4e0ccfd328e21dc4b7
A3396,12.384,e07405872a29684a4b1e5fe3eaa6b65656d917c09f2211e48850477c929bc1d3
A3397,10.0,4269de4e4461e3c92e08817dd6765a5be468626b84f6426274e8835a8a2abc39
A3398,13.0,d15e2000c77dec2d16bbecbb99d2e2f9dc609836a2574026efda250b38b2c63e
A3399,10.0,0c3562ab248a0e67518b9afcd51c0e3866d0b2adfdf42f85201029a98cc1066d
A3400,53.272,072feb42dac28c72899a2c37b545d2e1b4ed1b76edd41e4d2f7107acc3a3adff
A3401,11.0,6e115cd57e889addb1d46666c492e02630996d13f5100b6169959da7ac9b4a01
A3402,10.0,e72e6d8a6cd09435833f8d738f65b80b32b90f47e5e3eb8c49d0e2ca7df6dcfb
A3403,15.0,c36e0a2c691fd9997e161aef34d72df5231fcc2232d137a76da0760649b5b1f6
A3404,16.976,848061841eb59af6570c8150df65b28a29f0a34f1ebc7675c4cfcac3617ef941
A3405,10.0,7c34209ef191f640e5f8a9005fd7b29f3dc8ddafb6bd5f284e4ff8ea57f3a7a6
A3406,11.51,4ec882086b65fe7527077a1babdb8a9c1851b6a89ec3f3391fc6573763d8d1b9
A3407,11.288,6a5e6f0c28c1d6d6d9196446f71441877b959171db061d18ae47e6f2504bbdf5
A3408,12.0,03d8ba3845c3576f89c1e9c1272c9ac5183ace3efc1469e98fa056bd4fcb049c
A3409,10.0,83987644159d7ec6215ddbebf1b087d29a6f9bf50ad0e51a5261e7f1fe3cdf68
A3410,10.0,2d17f68aea1c4fc81e0468dd08d63cfcda1835b45f7d3488c1166b9465c7c00d
A3411,10.0,353f727d1bb536470fa7ed8eac4b4602f6d9812259f0f0f54bf88a5a2b2b5783
A3412,10.0,98539e945e944f0082a1e0ca69ab64e39decacee2401edcc370399f87b0d9ec3
A3413,10.0,b0747779fa81b00dee053588198835325acb52c944cb87a6ee022ac87e884bf0
A3414,11.172,a807ea6a58d9a5939bf502cbc4732ef0f31a2f2f957f283c0f6e729f0bf6b95f
A3415,14.0,ea319446da762ac223c88baebb61613ab457453dde58c8de1f50346f9397a4e8
A3416,14.296,1fc28ae32906629a1184df233ab1893fca5e132eca3af3151a011fc0327a343c
A3417,37.0,2598d1641fa8e4c1389b438cca0cdf7be951ea77c287c2d5171ff99a1aaaed2e
A3418,10.0,a281f32740738e768d45d19e5a0280a46a6a5c7f4851552c5b19bdd9c10986c8
A3419,13.0,5e469f8ffc86abd7cb70dc40d6701ba9f7f40041d7818dcfb808a76d0fc670e7
A3420,10.0,167ce1ec75c2222dd67c1ef8f513640e523779228d676cc620ffea88f56d320f
A3421,13.0,f404a89f321fbcfbd1a4545227b4211d220e8c6ce0da9905b1b46b37f8087b51
A3422,14.0,e6dfaffa23d8fb5a748807afd52226b91580804ae749480142284368fe2671c4
A3423,14.0,74f0e01fc5d88318ef901053b101d525a88fba8f39fe89663202a835a74d2d1e
A3424,33.042,067118f7079158521b4b819be3ab76fa196ee01008a701ea39d431dcccdd801f
A3425,18.0,c6ccb3d63cecdc28151c93dce4cf930613f52ee4b190c3e7046290a99de36d5c
A3426,11.454,a1ff8a16fe1c04903c3b126f75b4d0ded29d887fdb751aec672b88c236d36343
A3427,19.754,8596302720b12d2a7113fce9f3d8620123273a161274d60f727c2f35f994a0da
A3428,14.0,ae5177a1dd2456346185157906a621906e164521c72928dd5488dacbe0dffd74
A3429,27.0,789f1c51f65c1cbabb47f53dd1f700ee33abc8ebe151904994557490c21439a7
A3430,13.0,428c549e8722d93773a8fa1b1344344539395b640ff5c5db3eea1ee33a7b25e9
A3431,24.0,8eda4a96a20b309a9340c28516d54864b7ca5527bc0c2851b5709035f5966573
A3432,10.0,8accfc51bac0eb924c8145284530f0603fa342817977f4e2c61fe82beb9883c4
A3433,45.0,3a95e81357dbcea7fadea65553672d14b81d5e8fb18e1a17e00de093b0928cea
A3434,10.0,5c47e0472c222506304ca161e37bba5c9a295b7514be43260cbc37b9cf814e57
A3435,10.0,4576549af46d878cf0358386547358bb0ab56faf46ef40385fd8e00e4b5cb005
A3436,10.0,ce8ae129e53352a6ae478c63c5ba270969eafa65b001f6e455a38291234afb27
A3437,11.0,5b45174e8e1c7f5bee2b2a6d36f05effcfbef760efa6e2d25d587a850c8d9f1f
A3438,31.0,c07e6e22f094d0e5ade89f6e110f957655448a1c5e375eaff1394e2300043c42
A3439,10.0,53a6dfd6fd5a9bae3e43bfe14a678893fa07c3bf722b7a0a3d6e468cf2f91392
A3440,10.0,aa587cc3cb4af336e94f18187ab7833f224d6bfa143bcebfbfb85f5d41603999
A3441,10.0,caf45f316f6848578740c7c09202b3c3d95105eb96314ffc5d5426c6d6b6d3f3
A3442,10.0,e6f58620b6240ecb68e2b7adb1459953cbdd7d4bf9e9a4443dcb16068dcd1837
A3443,10.0,48d61a17a70cfeb4d8af87983db2b19b81b8d695be4367aef2be34e608b16e38
A3444,12.0,a42f6239826601c373c277389e9c6ab74e80dab7459347f67750df6d7513cbd3
A3445,18.0,717abf62bfcc2288f93b9f420a9e7ca703a54ade8b325dae872a9a8c736748cd
A3446,18.0,0d68424dad161f544a4825d9f997b373d448d2a802165617e4d97583059789b8
A3447,10.0,55bdef81cdf1db730e1d5d56dd29b2231ab7e276860daf3c421902879a243d2f
A3448,13.722,c8b12bce5dd718ceec823983ed35bc0760cfa74171011ea0f267803052215b86
A3449,10.976,db9fd33b6d0027515ddfc26506caacbc25670f7ebad5792d6a0bfda0b00adc41
A3450,11.13,5c7995411847c738b8bc72119ad29405d3bfcfe405ba80f24cbf23c8c6c7aee5
A3451,12.0,e60cbbb0fc3022747215611a0eb29896a599c7eb083d57a27bc34d856a1c930d
A3452,10.0,83925a9bac3dfd39fc922ec9dda1761a0085b94fe0dfc7fc226c80ab49f3b658
A3453,11.4,1a6ce4dd766abe021b974953d5b0b0684d55cc6586ccadbe324d8d85b8e40da7
A3454,10.0,7073ecd1e89c8c763b0c7688e2d4ef135e19bae9232bb82aa465d840bc095e06
A3455,11.0,5eacd0e10bb5cf1291ef1f6fd1ae5b949d26b459a55d8f2e969d26dfe337a8f3
A3456,18.24,d446582520898a99acfba1851e3d7fb377290df7477a1031a7183a6673816436
A3457,10.0,a142212672f05a18dedb02ffadd6e9ca6dd8d27accd327e6c89d350f49869a6c
A3458,12.196,8e2c2f2dd4b14a9fb14129268d307ef758ab429e14dc9c476fe6b362204f7c64
A3459,15.094,2a3ecaee55a57bb07e87f94fcb1330f7a0a27bc0e5b4a20b744968fbe87dc837
A3460,10.0,e30404e69525d706eaff5699d86b8698ac4e9c40c2beb608323591c576ba7412
A3461,60.0,d3052b0af039a2e78399e276dd6c48eaa328f433648589738cf42bfacc8388c7
A3462,10.0,39765902c43255b8611f9b2a3b9f391afc8038cd42113be86c3490feb8218065
A3463,11.944,35284f77f9c25575f11e58535f78fd7b53fd5fe38c628b12dcd22aa6c4ed606f
A3464,10.0,4684b7a1ef79320d842bb48404991bc12419e5408c781ac89e9ff0e49834fb90
A3465,10.0,8123b0af0c1f4b2ac3b2524da2cf8ecee46383b60fdf1cb1c6d81f2266bef6cf
A3466,20.09,0c1f9182bdbd49aceb415bb5b306e0c7bc343e59a10a052b0d84a2e651a68896
A3467,10.152,dbb083ddd66509f4dbafaec105c602ad47d591d888d198c450e72d6dce9884b5
A3468,15.368,bcd7030c05f93e84382ad9222e940d0c09f06cb54f1594c97294dc5a1e63eb88
A3469,10.0,e874af538452160820700750262b4654e6f3295991501ebcd4e1a6705ef13d76
A3470,10.0,b2a4faa5b91dc6b41d31ef5c5825043ea529ff296dce32bc2fa5a5c0bb0e30b0
A3471,13.0,24816afba8476fe90ae0d8b0a70ccd3dcacc12a54cf384fdbeacf42f3d1ac463
A3472,10.0,d5f8495e4974a3637715f7cb7762a961be4fb861e21406ee1a88e9325f461d24
A3473,17.23,81b719b854ef7e311db689c4201c810a71fc96c4472a25d80a57ff9534203dd5
A3474,15.0,692fe6564546dcbe4617b3cecf613dd2f35cf3d92a537545dc5eb7974cc25286
A3475,11.0,5196b2eca885479b010618e1e4d4e681316024ea1c0be14e87b97f3967159875
A3476,10.0,8291fef37eed399e23b7d9efbc5323cc4b3c5425efb281fed8a85fbabe8e1f00
A3477,10.0,37a7c82aa69a99565c9e7c4041da1c12abaff82168e78247f2ea8066e7e154bc
A3478,23.0,c7c204da22e047bd183f387e44f03984bb038a9dba1a80cb32c3257cb4949782
A3479,10.726,2e04bca899658a67541bd21d3ca9545e69a31726733e310d8fff5d6368cabb76
A3480,10.0,58478ff2bfbc2a01db3069eabc15ad4ce67b2fd8661f9bb9834a30dd0b592d1f
A3481,11.984,92030ac5218d089ad2dc26d45f8c991f8a41bd0c19b08e80ea67e7cf1c70eb84
A3482,10.0,d291cf1ed96389f0c4224348b5d9084c9768f58078b510b41e19d322dfd820e0
A3483,15.0,617a76f184cc24c9413dd876d10cc58b76bced7b3c987d901bca7625dfb5fdff
A3484,25.868,7fd5d202ce81d7c339ed0991de0f5c584d4e98e38cb41f598e75035ca6ef4a81
A3485,16.0,f6d285fd7ba91fba77be892870d8675915de52caac275cfa2b5ea069aa28d0af
A3486,44.0,689d3f91481b4c1df0cb0110be26b51a1263926df6c299a7b741195f39a5031b
A3487,16.0,844ced1ef14a56a4a0d32ea7c613c2cfe5c7c4a95107ca8676c2cf754196cc21
A3488,10.0,e7f01ed30626804ead2372b054b6a4351eb0e657346a7f16a3439699db6ee83f
A3489,10.0,aecfa10cd8aaa6c265ba198fcb5c28f869bf65168350ab95f4328e028fe59102
A3490,10.0,5e5e7c941f8a745b099c9cd1af9dc1b5b984645b4f36420fc49d8f58e12fcaf8
A3491,10.0,96b06c56ac068d08ae58809c7ea1be5a493dd53da112847733ffaceb499b70e2
A3492,11.13,ae527c7ce2c5cb5c9d972db33dd60c43c09ebaf2224c74b86ac12372e36c3438
A3493,10.426,604181af61e35929ae4163197834e19edd9d5fd55d212bb52ba0fe760ae4169a
A3494,31.84,166d43d63cbed86acd1c33050497dfd1f84685ffb516fd6a7385719edb6e2b6a
A3495,10.0,bb9c2c423c212c9969f68faab66738caa71cf7a487dcf86407cf519d039a1dfc
A3496,14.604,449a6daab6dd505960c63f956e78737396cfdd310d983bfea279930defa1bdc6
A3497,97.0,8a93e2909343fae859238fef3eedf0d806d76d51be879e178d3b80e7212a48f5
A3498,13.0,3124329ee7f45dc247f558d6ee515cfff650c5935005cfe34feebc59b75d8efa
A3499,39.0,7d09fa957dfbf68c8b15fe0bf43d16de8250d58dd84b20ed204eb4860a7cf228
A3500,10.0,11e378b475905a1644dc6e511fcd383cc58c2f62c0ff272675beb6fcd97523a0
A3501,10.0,ece671121741d4ab8fc47ebf715c89de796745c9330950fe2217a18aae7af512
A3502,16.848,2fef4adc5d72092a73a00bc337b579e772fee5339db6b6db9f98adc60674429b
A3503,13.0,41a4d4b4105292ab83e78f184a31a34f5b944fefd091a429932e35d6889c241d
A3504,12.148,ff689a015d83f64a245b1b644eb29fe85f89ce5d457124754a266ff56f2c3e73
A3505,10.0,f3f05d1170d6709a3e5192b9d1dc580ee9b2f005d8760ead7572ad624c05f302
A3506,10.0,3daf73e9312f80a814eca6cdf9271b6b0f0218016a6184bacd21d96a13182b11
A3507,10.0,21f038101562dd579dc41b4493d97539a1faa70dee9b7fa20f26d4eb6317c2a6
A3508,11.0,440f9164f4566f10d536b1e6947f25472ed2e5bc09c381af2e37c3ff881f891a
A3509,10.0,dbd77188e37d4e8c6b3ce4f71e5556d39baab8bfae683b2a7fd703d96bf88cb2
A3510,10.0,0a67242a613bc3416487c7bf6c7066eaa4de87260bdbafef2ca315a26a44f343
A3511,13.592,4643218e2cc13d1698fbe12257e1ac321a8b49a2266ff99bec04ae2c20e24f6c
A3512,26.0,24215b0434ec17a9100f3cbc56d1dda33de756c1f1f8521aabc46d222f69c87e
A3513,10.0,1e0bbf1edb051ffb333d9b00c5f5fadb5b6bc2801511cb502665a902d2a9ccea
A3514,22.236,aa49e5b018f764fc255e1b6ad9b2c6580b51ac7ad92af624b9501691080e663f
A3515,26.072,7c77ec28c64d58055f4ad435acf8519edafa2ffe297d4cc8ce12ff5a2310d10f
A3516,10.0,66cbd214d6ab05ee91007e226649ec00025b29ff983984992a6011b4fcfc4416
A3517,15.0,27a9f3edd138f0c6853578f51030a61cd45f0e5a0b3a34ebdcdc8823e6e0dfae
A3518,16.0,b0be3a54ed0531356fcf4c1e7a1f769f498ea4986b6059d49ca46643e2f8742d
A3519,22.0,820d398acf1c7b9cb7d6bd880b1d540547117ff8fc06452a5f7bd891c27285e0
A3520,10.0,c99dc8ffb819da53c86b4613a0b81f8be07e6aa343cf0c81c0f7e844de047016
A3521,59.924,f22bb16820277813c12820a95e18f95ce334abdeaf2f9f5b9f3639e075937a1b
A3522,10.0,829708f56612daae1c01768a643d1a63fe2065d96ef97389b48b7f02555acac4
A3523,12.0,d96ff099f04aea8d7a66fa83862573a10e4cde77518b38300fedee852cdaf9b9
A3524,19.0,76c4ca46035935d11299b706a7188c94bb66e795080e240b172d60e538927d22
A3525,10.0,a781ca367bb9c08ec5262871f65021dfeb2df099824a408c791b304e6a5690b7
A3526,10.572,ed31a45fc524d6734f280cabed31c32038e19194bbfd0b7235b5a8ed7cdbeeb9
A3527,26.0,2d759e1385c0e2bb2d36688d7df07476b9a70016f7f8a7b9f08c95f08eb453a9
A3528,33.22,07a24d22ce1b2a98d64102dada9a997abb5261560f4f60facbde58db15908e5d
A3529,13.0,a3d55510f1f29481f469a3ab56b5b26a7c2cc11f27c458c2a0cc22b2a4897102
A3530,17.0,37e06632e0f7546f9a9a01eaada9b85462545a812ea7be3d00d152d7f7ca028e
A3531,11.448,e81f6360ea1262e477c853e15e53000b0edd3d7f0af8e3002181df723f954442
A3532,10.928,82ac0776734eb1abeb10c588ad74b199271e767784c8a7c0a72fff41340a7bc5
A3533,10.0,dbb345622af44dbec2e41eae5dda0209227945b9fc91db25fd0727360e9d34e8
A3534,14.074,c8c339cb3efd12c86d032cb6edc6bae443781b6e6c62e33c074943773a89cb31
A3535,12.0,943610f6f48e43d394a65b4c92cafba0132dfe50fe99e771be4e0bbe41fa2489
A3536,41.254,c9cbdef59c896dc3346b37969b0226ee04d6c374d7e0171ed79a7fcbe9dddddd
A3537,10.0,07f9bd8f9c5cb34c64b3d6432f42996cff737f2fd0bc8b0430ad3b6da13e7212
A3538,16.0,e35663bff64bcec914e2199fabc2632a2a2cef28e0ff014243a7afa0f9a645e3
A3539,20.0,d338605864da7a7acc91dd7fb0332787e3ace48c86c028673ea335a878cb9eec
A3540,10.0,d0159ebd1aabf039de2562a3e248802276cfcb4dd601977ebecc0d367463e416
A3541,21.0,b12d2c2c2c9dbcd8d8d65357fa84cd1aa77bd297e96e06147f855688e63ef2cc
A3542,10.0,129270e284b2950759a4f0c695ded8d42d1cb511e8e3c18a89646c982055ea51
A3543,13.0,4dd50b17413bb9251fbc19c1b3959521a188dfe3dac56f72f9b1a9ed4b892f28
A3544,24.0,a878fa927e6b828608d648e300879b4e7769dfeb883c5bd4af66dde1d8dda775
A3545,10.0,bf11ea0880f03f0b9b44635122a421df0e7d92beba3972e9d2fc4ffdaa653c08
A3546,51.302,9ad8ce43f783e90393a158239f0115f2eeed85466819ed3d0f1a239428f0ccf1
A3547,10.0,b87cb198225083217c43f1908feb7c80b34b8af6f416cc89ac2fbf68697d5fd9
A3548,11.0,032bd21202289cb710fd4fd396d4689e8ea78892e5c9fbdc9021164467a6da98
A3549,13.694,5c464a9e3931c19f8fe4c0427ede12cc9bfa54c44844a5334ff4c59b817cbe7f
A3550,14.0,626a2e0d9fa4010ddf10a5b7d3fed304efd550d0b84fe75e6e81a9b3286b0c0d
A3551,10.0,2f97e420384d6a1986d715bb21c0ce0c81414d580569fd1e8480593b0476355c
A3552,12.0,072736d338d259ace4cb68702dc5d09636005877c12875cfe3629261cbbfb63f
A3553,15.31,751b7d47e71e5e5863a8e56a9d92e125860434624acda8654117733b1f499362
A3554,13.474,138c607a2e962464a859c62ddb4cc4f9fc740ab3cbd79b4d5afd4db88e35b432
A3555,10.874,8eaf4259a0b65cf816d4789525d1d12078e4e5a8c834e86a8145799f74c3a188
A3556,31.0,eb8346d69ff490c5af47b3378cb42ac58e9f638761a042bbdef0a3cdabcaa57b
A3557,31.358,26e7f76def7b90999391e30680f1867c77fae2ece72f9e7fa2a55b2ac5982e74
A3558,30.0,2e425a3a7ae5b11f07df004fa9c2d1b598b0746cbbe4197a30572793bbdc3c88
A3559,10.0,8c6c59d3b0c37ec3704bf77df51879e1e260cc17b913a573b081dbc7c8a8a58b
A3560,15.824,77336c78ae29524f4c769b7301bf00bf523f4ceab4020d0ec9cd0684492bcf03
A3561,43.0,a513f76a73a63602cdccd538f69f6fe03c9970ec5d25e13f3a5db26ec99d60e0
A3562,14.0,db58036b0c1981d9431fbde46b633e77fc19e76ebc8dbd07fb58c2060bbd37bb
A3563,13.974,cdda915b3899bc89989e4f7d8cae6df7de2da1c23165fa223df4576d0cf78ebb
A3564,12.514,4c85866e7cbeeb4669da8b3cf5952b2df8b411a712eb0e6d09bd2e900e3daff7
A3565,11.0,22217557770e1004bfd9ed05554be279befb0aefbe885b50fd86d329e9e0395b
A3566,11.532,4775b194813e848bbaf9d0d7d3b59eee57c22ab1aaef2c257e342ccd44a6dd1d
A3567,10.0,0636bd2a044554774b638476979e70f9d2efb66cec6da6fd3183f7c349f29e26
A3568,10.0,2c9beb924fb04da96bb32cbd47d85a495a30b81ce310a522020680a8442b032b
A3569,10.0,bd97ee14bf12d424a39d38777d75a8728705fa230249c3f473a0d2b658175345
A3570,10.0,766c08622256a30879361a73e6bfb970b35716b461f31b575556b0bb593d7b34
A3571,20.0,ff9d48af6639aea8e4ea82d0747c44340ae5f69c17be5127c6b332a5d3158390
A3572,29.322,270b60488ae8a76ecfa40331324912e2a6d1a1a6d5fa6a27c1d2542904b4cd0c
A3573,32.806,542306b00196080d4a0ca30ede4a92dc25ced8d630ccfa1d60fb2c430eab68ed
A3574,10.0,de6a860fa1dbe27a7da5913280926da18d91fd16c471d0c6077b1d886ab3b02f
A3575,11.454,312a702a08fc142b82ef46300e42519fd4bde0aac0fab4d8dfeba8985f3d510f
A3576,10.0,a8cc9ab7a419785a0a7b2f86acaa0a59bac542649d9e4b98000c1b39d146ee67
A3577,11.0,0f469667b31f3ab56c971388c11467392fbd68b327460b291bb6f7e336dc52d0
A3578,21.0,27465e311d994fdbf52ec79187bbe85b942aabb493020d61181b7f3602f1e0c9
A3579,10.0,ee4a858fc42ab692321478501ca73aab1f356a4eefed467272b3baf3f718de26
A3580,10.884,4cd92509d327944d5b0b326d1f2eb2d5d4dd9036690d06186b496053c542eb17
A3581,33.0,c9e4b043b7d54036045aeab21637c6e27b58f608fe362b447cc050769b78c97f
A3582,16.0,6892c8087df633aa78ea0815a5bc457ae55524c15e1c279a6f5a9b918c05e0c6
A3583,10.0,9d00172ad1de5c92b8948c6dbc7d7fd130d71170486bc660af61b134edeba759
A3584,10.0,4511a41363251152423a9499c18b51b46feec74890d812f5451049b899f1d7b8
A3585,10.0,5be0afe7be58604c74b5f02a178ac25e850153c936e68cea300c76268ee46d74
A3586,18.0,f2d93baa5e6464e34acf1fba529bde4bebb1eb65b591bcca447875ace5f77515
A3587,15.0,c4b2490f98e905b4332258cdfba64a86e9cc644f5182010989b928730098f72f
A3588,11.284,971d96d35f062a30273ba84668316f3f7515f4ec4c22787226b9e4264eaa0c31
A3589,15.97,139c8ed07621c21fdeb39f386bed5868e86aa3ad8397546d04bce1ec6b36dd66
A3590,10.0,72c24f41af7a5702b7347e58c29842d424747c43d07ed3e1fd996d32a1b2d908
A3591,10.0,9eac82e4e5e5b087b4d73e4aef89ec492bd5ace00b16c37db4bd7075eed225b1
A3592,18.0,f37e4bcbfda1a23cef530c718a81e362e165e747a82b65f92248fcb5b880fad3
A3593,20.0,f4e669a9a917b6d8aeac07b31a9f73609140e89f7eb5e800f98b5c411a15a257
A3594,20.0,71064357a0f0f26c7fee36705bfdeb25fb5c430787f177033f1c2242a5359dcd
A3595,24.904,c7aa96e5bc495a613a602740d7216595a1dcfeb699821302a227f799a0ce9b73
A3596,10.0,ad42f48d990346e41ea553d8c328935ff4ace01758f143555a8533c7a87e9ce3
A3597,22.0,68512de17b5e54278ce0c2cb2cfba3ecbf84ed0fd5d31ebcf8beb9bb3ea3b32d
A3598,15.0,5b02fcf35bcec7468e049495c4db93e38c5bfde83599663f1e35ad702f1694a7
A3599,23.702,2330e3085d846d7b35593aefaf82f2dcadd08875b1fb634909be71aa5afc81c9
A3600,33.0,7d91858a47acc2280214263a16bae003065586a457078d94d0abf88882e93035
A3601,10.0,a6ca0def9e4eefc63d1007f1cfb598b34619521578c396067f4f803d1e7ca465
A3602,12.554,f1f6729d84b4cd56a6282335f3cf385f9978ac64a9a84f9ef2c1af98f77fd30d
A3603,20.0,9c67e08b5a88abb0e0e199349a75b26dab1a881742e6087c943b0f2d6d349015
A3604,11.634,c19040791d5412366892e34203d48010a72d3028264a751e271b1b567fcd7029
A3605,60.0,bbce1b6b771dfaabc10c17441cc6b55bc99f5719ed3fccb795de098a9428ee05
A3606,34.076,fa1b3478bfb83ed0c247a5dbfa07a475fc9d628201278fd0c693740c1b0e39cb
A3607,12.128,71f37fd7e061a9bfa0ed28345a17d31bdb52bf2ec4e2e8aa04223fbe50507119
A3608,10.0,3e09f74784daa719f052a6ef1b990cc4e35d175a8c32fcac77ae8d416b7c4948
A3609,10.0,2e0e14dbf53148c8890f5aab692fbe245242b2e180f90a114873cb25a4987db7
A3610,15.998,87ff6e9fade7922280d5bbedb184628120e9f55881de7e35c689875625c93d80
A3611,23.0,9d0630234b423068c093a295bccf7135fbedaaccc3b875e35469b8cc7ae85fef
A3612,10.0,aa6d947e6fff668ac2e7846767911d37e3f3c2e4e730f2341afd823e5c014085
A3613,13.0,1af8f592ccebb522e90b0c1f9a66cebd876b16ec1a4d2c77b164fdef3f8e3eb9
A3614,49.0,b86a0403dd501bb8f1cf9113d6f3f6af4697f8d29460ed038948a7a7eba37514
A3615,21.0,2aac0a71bbe582ceb18609e2363875b5d70d3e6d01049533a372113e86d65008
A3616,15.0,ab2bd17cf253fff15b9ac0274a84f9c7421117a77656f51b07990c7a2b6cdf5f
A3617,14.544,ffdc1831f8dd46fcef538874ea750909f96508762c8d36bac56e34202a7d58df
A3618,15.0,62acbf3448abcbb6caee92578e421732856d4770f4d4801d7306f32a5d67c39f
A3619,10.0,ec406b7d6cf3b863e9dafa60aff590c9b8d6132c86a744d11016f570211eb9bb
A3620,26.464,41ce67b068ab1f65b5d41f13545d855e2849e2e603e2ef9742cab02b34d9bb4a
A3621,19.0,25d9db9ddc22006fa247133d3071d2e354ba1139f54087b9f14fa67687c6ac82
A3622,10.0,05dbbbb1ee38d467d07f1a91ff9c355e73a0dd03187320c078d11e515b1e3dbc
A3623,12.0,149493856ba03fb19fe47dcc80b98af59ebfa2b6792df851fad2547d328eda4a
A3624,10.0,0f190a93b3706948d7d89ad21b8c851c187d8826987e47e50f5c631b9440a1e5
A3625,10.0,b0f2596f9e817e79de8131d9d056fb78bc217e913bbd5019f76c4c160dbacf8d
A3626,20.0,94c054ae30d1bce2b5cacc7431a3cdad365403234a08592ed1fdbe468301093f
A3627,10.0,c5181f1d1a8bbb4290fde677ad6e1db5b3a0d7ad28f69cde661d447b890ac552
A3628,15.0,7ebef3d4e0503db92f3402ab5a7795962678e75fdd565eb5ed4ba8062dffbd90
A3629,10.0,8ce536959e206ae58963e7d06088218306704b7b0d8c6f89d5d0098590fe1c2a
A3630,15.446,1887ee4d845dbe25c354deb7c120dbce42e85817ead6990868555f061bba849a
A3631,11.376,257675b1bec935629ec1df6b4af04c1517200e306cbeabd7907052befd154986
A3632,10.0,9e8cf7079870e2f02a3ed4652304f81e9f6aad2a0b85c824d6f91b11e41f8dfe
A3633,10.0,56f7e56c87af5f835f4a789d3ff2bef3a8b175df4e9091a64cd25830df9e92aa
A3634,11.254,12306f8301b75380bc754f4b49cbea208377949b64798c1d660fe1ac5c1974d1
A3635,10.884,88267922c6dc8dfcdd551db80391d0560526033f2fe0872c530d5f7ccab4e81c
A3636,35.022,6872660483149012093d22c953d73a4930df704a377fa04f6e8ab263b3b55a56
A3637,14.0,1461cca36c04f925323314404fcb8cbd0eeda5f5ffe9dd933afd5750ed340e31
A3638,10.81,a742ede1fa0288a299b581b0c4d4e2087ccc452dc6de36fb5eb1d6976ddcca12
A3639,37.494,372406c0922a412090ccf5efd41458206624c0cc469a22af3a62620fc4d15b3a
A3640,10.0,f81ba52147d4c62cf15eae1b1f387c248b0558a54f26e9283b9ecec7d91bb1ee
A3641,11.0,a5a3d8b787d8c51c79d2e21980600f6e9d98aa8b23752748e8892e5abd546d56
A3642,11.912,b80f54049e8fd7494a0556ca5a1aa3fe0e201a4d3e2204191d93bbee9a6eaf09
A3643,15.0,b14c8c66b2caed0acd1eda9df1edf0038ef62e9841dd617159b940d383be316b
A3644,10.0,8bc87d3aaf4845ca076e586c1a367455e695a60755da389c862fc6f41d12b2b1
A3645,17.0,0ccedd8580348590abcb4f3b0f0dc8c04c2300274da13d5eabbc27dac4ef092c
A3646,12.0,1702bc7a3ea56c22a6f0c21f0852fe4d7c150b7dfcbfc87401824bc8fb2f3527
A3647,15.882,fe5f217b6949f7c5f370021a38a9db3839c7285cda7afc5a3d4e90008b824024
A3648,22.0,7578818a91ed5c808c86932cfe29d6f9ba9bfb546ff4b140cd87db2b80d558f4
A3649,10.0,ee7c60212ae45e484b1f0fa2046765f93e2fda699d9b0d906eac78209df52c02
A3650,10.0,0c4173f4bedbbe9ee0e3860fd4bf8d8bb6f3a50e9af0c908d6af0edb1a1198c1
A3651,10.0,4c5e9f27e5ee9c894ad071d85a1aa1201027b33589da659ddded0202566df616
A3652,26.0,118515216ee2ff6c361f6f5a4432f902f08ed3852c9d91fdc80d30d543467eff
A3653,10.0,4b5cfdef1f26346f9344f28be1a5a792a3e35736b2348f391e365ff15833a847
A3654,22.0,8c64a0c1faed60871b192da0c00bad540a1dd3a1c4b2ae3b85ff5a6dec8c5761
A3655,11.0,74600fe3a5b0497144f8c4f40c0b56b6999d9286388311c449d5558a47e43638
A3656,10.0,c9bb1a90ddbe54b5d6f40e0b7b8eb7a4f51e949d2ce7ee3d173bb5ccf1d96ca2
A3657,10.0,c9e5a12406c04f1d9a2e056637b4c4cbb433b81dcfa5dab091039046957ef8c8
A3658,14.49,420806d4a85a4b0ecf224c6fa0e34dc97a4616527e5d393ec671de732e237ed8
A3659,10.0,5dac9742df1aa719848a15d66ffda5bec3cf35c89433e76e020b649b241e4063
A3660,14.0,e8cdab0bcc77dc7747cb4a5b063510b1caebc7190f1173d367b0b8a453d7708a
A3661,14.676,54b9ae2428ed6fc0abb747b46681bd86bd9ba233696d4c2a767cd318677c9325
A3662,12.434,e36e10c9a53bbb1835422f75a01ce38757ba95e4f6c81ee4dee685047071ddab
A3663,18.0,19232e4d7d664c637495dca7d72d7e8021912a9544484310ac775038d80aab9c
A3664,23.0,765c7da015171184d27ccf76abbaada2b70aeb3d41aab03cbe9bdf031c3d4835
A3665,11.372,cf191008b99f0cf5aa3e60b431415fb1794037d4962e340f180e8bfdbf3296b6
A3666,49.18,7038f04df30199ee6d4459afde6150938ec488c3842b43f87608d78d1244971d
A3667,11.514,362aa7f8dbf4f353e2c581ea9d4bceaf1039286bc0151004a8c6d083c5ec2bd6
A3668,12.176,f7748f44cd7030f6475f5994d984fa5b8ccc741f333b3f3761985db691e1ad2e
A3669,12.0,7cbc48246181c6ec8ac98466fd8ff97129a9f048fb79a5c1862fc93f12c5d244
A3670,15.708,d7655c4243f9a04c32a7529cd7c580711163ec7ebaad16ef8f0c090f6a833a0f
A3671,10.0,0907c51ac26181c04f8bdea31836a42e3354135b943f0c4a39fba166c0ad24a7
A3672,10.0,d188b90b873d071b8b530b099f36e75bcbd7a4d3064eba987e92352f1286a9b4
A3673,12.0,ba9fb6207f255e04c246c25f0b303693fc8de7de5c33fba23725b10b6ddbe4cc
A3674,10.0,1197ee88453fcb01cbe671163fb060006712c6e20615627170db259609b8492c
A3675,10.0,7e28f4b6b87e51f979b19c114f66aca496cc636dd6020b2ffd4a035123c88d29
A3676,10.0,0121c55f0187a0a19181f8f9790888ab46d108e49d3697f2686c422ffcd36ed7
A3677,14.0,55073c7316e83fbe1a26439853aa213325631ae736d55a806643b28d270f7e1b
A3678,18.0,2f4330d2afbb15510f9676281f096796c5243eea29adecbffe2de265ecd7d903
A3679,10.0,6210b3975ebd841bfe05b6b69cd335c465118c45ffd37e0fd3d77cbe58b67602
A3680,13.0,21d7fa8d59eff91e3616501525bf88fdc4f6bbdf917b975e6254f5f509bb5535
A3681,28.0,b6e6f85bebb029d40aaba60a984448645172d26fab18e5e72bd555e5bbacd360
A3682,11.47,031ba37cecbad454a77db614e8e58a4bf72a4a7b68577cd91857fe19937e8487
A3683,28.01,5df5afa2379169fa1cfaba7c955f5d03e707584b74e808cd90f9eafde11b9a36
A3684,12.0,87b2fa5f57c426015f22783944d87acbb46b47e373cc262c6b7654972a08bfbd
A3685,14.0,e335103afbf18eb1a84d6c77be4b9b3d18f7337bbf41b5274e311ae7cdfdcbda
A3686,12.488,e2afd947d36b019b3b6eee0065dc1721c4d6798d757fa4363744a1b12bf3290e
A3687,14.41,2404553269bcc9f35d3c538dc23589fd0efae0805deacd4b854ea15654e1a0df
A3688,11.0,f681a524d842354ce670bc1d56e2aac77d6ff5205190513728d23601fb768f8a
A3689,13.0,273e73db87c7722c9ceecc5558a7ceea54eab6fc7f5ce5878b873843e6a1c5da
A3690,10.0,e1a4316b66e028672e3db1bc36b62aa576bca2e30a247bd29510528110c7f40d
A3691,15.0,7f375061cb0992889e8d5d691cb1a53f9e37f8063c5c3648f14e5cc029079550
A3692,10.0,21d39bc4987c6c1c6c1787b83ff6862bca1f4f5a5399d6aef68300c6c89dc898
A3693,14.0,500d599f100eb8462f72f697f41f80dc34ec2495a9bbb43240b0132729bbc659
A3694,20.126,2675157eaac3218baf90e11e09084edf3c0fb19a6992fece52917e8fb20e2c72
A3695,16.0,1c15b4b82b6936dd24dcaffcf11a494b13067065c8f95a8595315413805c8604
A3696,12.25,2d2470c3573588b1e1817d4619dead70620c8929ee03929fcf8f6cb98617e4f8
A3697,11.172,0480b4b2937fcf502b1666a2d0fd4b6579a369f6fd3b2e0280dd4861f399c476
A3698,12.808,7042e3b5f84d5a8f07f54a0a2656fc9c274b3592df5e9d2ce537b8dfa0bb1b42
A3699,10.0,ccdbad071e170d8afe8ca6f71724008e8783c74cbdd8fc70356ce414af850d2e
A3700,10.0,9751ade380ba6ebf6da7d6c3e1c2a8e6a578c814bb017e82742435869b9e2da2
A3701,10.0,11e8c9ee781f386dbc35d2ff9b80b2cfdb3ad7ba2cb8b61287a7411e067b125c
A3702,10.0,97ef6b16ac30b502164e758abd3fd4150f6c8a9190102786a0d02819fbef0554
A3703,10.394,16f8d907183b2676eefe305d7dd378c662a7268ffc2d42be93c1f07613245981
A3704,16.126,f6d8bb10dd45f6da0f6f1158e8c9dd90f81186b9daa00462b734439beec91231
A3705,10.85,d60c71d12e23ebd5721e648a231a009ec5a627e718102a25b29948c6c8287efd
A3706,12.884,6f6a03473ec8ddde9de2f82ac921b44d8f856aca90b9b7e17d11f57c70de3419
A3707,16.404,3de134c8a48a5f3424ddcc7cca72187a01357e8f75f2355466401a011bf74db0
A3708,10.0,2bf793a6de3d291072e0e7565e2cce92dddd5b4e46b24d7223d46d0eff4ae45c
A3709,10.0,eecc5bd01f9576257ba8b0df76376e7f8b00c615698267fc57d6a6978a4cc049
A3710,12.13,b971b4a8c7f37f418b0164d9aad106a4dc4993a5028b08a615dcf4c2c50b0cac
A3711,11.592,b1817e2678a26672e43d250693525538146a79c5da330ed016a69636da49cece
A3712,14.354,acdcda636eda9cae99093c84559df7178b9b2354ac0f250a434ea19cfadde195
A3713,21.0,8a64070c0c5c85ba9880e8d3cd7038b4969ed4bcd36d9c709a5fc3efaf806977
A3714,10.0,4a60cc5494f503d6ec0ceeed9f810eecb715f37754afb24ab2b8c4c5189f5470
A3715,10.0,c33f19efd3301074f4a4320a06e10ce4d429ca66363e545f2d4f6ce51f78639b
A3716,27.0,bbd5ee325ce53415b18979f09e5d0b90096f43d4731facf2b827d7a6896be2f6
A3717,11.0,cec0aa0166d01a534c4d6efa265ce6622abc63eff62b137e9eca7e5d76cafa39
A3718,13.832,642343d16ebc2d4ee7575fa6363daf3f8820549e73c98f129ac9b81cd794ad7e
A3719,10.774,196b36188ae97ebd0702d10efc02ba867c3c78f34da1e9b9bf4894eeac4468b7
A3720,23.0,27c5359ef7d7e075bd69f30c491060ee17e2cd1acc97a1be3f998d046d3a00b6
A3721,12.286,7ebda9ec8569da4870db20f223625a5c62b7049a15e0edd0a8073fea2fd4adb0
A3722,10.0,b324296d696e31a00927525e7106426f233ca1737c3c0e3fe31e78028bcbc82d
A3723,35.0,6961539a0675fdedb0acfffaa6aaf32d5936c67ff9c9dc57e9ec57eb53e7af33
A3724,12.994,145f7ace410f32768b3404a8bd61484cbac9601c9b148ff3e32441cf265e95f0
A3725,13.0,78e56084971b3bec3a31518adb7c257a3c3d6288e4b09a2dd091e9b14eee2fc5
A3726,10.0,ac697cbf66f6920f1ca50bdfaf4a39c992a96e537e827a855ad7088c8141e4cc
A3727,21.0,031d43836eb9f90ad19ca77e688b10058b3545c32b7239e6ab6fb5e9087cb1b0
A3728,21.0,e05f74fd367fadc84b5292d0c3ff009b5654432402471ffe437d9298e8d22446
A3729,13.866,dd2855d749ae65b95a5b3413aabeb12c81ba9495870ecaeab63d392510757317
A3730,10.0,1ea2afe398abadb731a193d5c10b086df8647d433c13d2581dc256699df64b49
A3731,19.0,b7e71d0e0d47ff59831d3cbc895bb286cb533da969268602335bc870e4044e74
A3732,10.0,fd693bb930b9c8f70fe26d8287273a1176049aa6859fd8c4e157627744c0e2e5
A3733,18.0,bb4de03d44f003867ff923e3637c9a90dfdc59ac12400f695570381a2fc6d9fc
A3734,16.0,6afc7dc45c1b9c1bce6566ad32876f64761e8c63690c42ff7135b92a3e7c1eb7
A3735,10.0,da100c3c455e5953bd49894ec41edec345ed0c73355e94fd73d622a2336ebf48
A3736,10.0,59f60581e325af4b6212ec380f7b0c3dad03480eb0f5dc83764eccfd305f53cd
A3737,10.0,450ed7d3f506ac32393a16f5031b35ac49b7b7ac0c714607e3bd74f089d30bcd
A3738,32.348,aa8c2bac3257178cd2e5b3420745b2ba5c2fd9cfd2509df33214a5975b2b4e54
A3739,12.0,40cb50565298f03c3e0b275419f558a5526413a29c1466c2000488a7f9eee31b
A3740,26.0,5be9135f236ac521aacfac5c37a47e17c39ddedccc8944f9105ebae37b876f00
A3741,11.54,e3b2c91f32f553e3cb9b9f786cc7a9e71a1a85f9a55cd61801325e1ac4e79ad9
A3742,10.0,ce563e523faaea22e2265c4a303d658b1a96a271d20d7a49c492c369fedca0b4
A3743,10.0,52dcbd25f1f391924b4bdaf4bddb66dff425b435db36732131fa6114d8689c07
A3744,10.0,00f52f45926dae571d28fa377295bf3441e10f15735f5d69fb381d10e1cb6bdd
A3745,13.0,287f34c86b679c9ed6538de364a7e7e5b1c48d4d8a06c4440bc8655a7ff53934
A3746,15.0,d808eaa821cc90b368148ec052de3c6dc706f1129511b36a1afaabec77c4717e
A3747,10.0,a6cc9aa3b349d33537b21930f2a6cdccbffa640f8c6463d1667dac99ae5c034a
A3748,11.952,86d99e9120a7b34708fad663a9a19fc8c3a8c6b38442ce50677bf2327df09046
A3749,10.0,15a9ffc54c6299472c664aee2137256cfb9bab06e9b603a4945d23051ff814e1
A3750,11.996,b627a5f19ec1afb69db558fa6c4231b9aec4d0d16aa19cb605afc37744a0e894
A3751,32.656,2a4dee08f59138aea6ed2cba986e6815d5674112e560220a438ac14fad856750
A3752,35.0,98651f97397ae74aa94a89bca024d1e24393020d5da5ef42fb7434b12134847d
A3753,14.0,f700e74eafd4b9aae6ddd877443dcc0d70dabd89cbb9ad540d69323e4db66284
A3754,10.0,6ff582382d647c44e9503dac466395133aa8c9b95cc4b567106dd9cd0f5f9863
A3755,11.0,e2b9374a2ddc1e97c14c4827793c8a879a95532ae0ce24b3445fbfcf7bb85d3b
A3756,10.0,c9308de8b8f9d5a11a85e50e01a8add85cabd1bfdf82b466188b10bfa7e35b6d
A3757,10.624,4b4074159058a3d0e84ce68414f8f2e8dce9e0d5b519d27c7c63ca55516379b7
A3758,39.844,134f1998cb46333947f82c1c4b0a2bd83b8fd3d6ed5dcac3e0bf93be3aa675fa
A3759,26.0,8e3ec5b8af7bfa56a81a51d028dd563628e62b333766356a91ec360b269dd483
A3760,10.0,830956dc4b006e5c8a4f7fee3c1a4d679803ebeac0074d0056cd756d5761a6c8
A3761,26.0,ccf79e01aaa54e0bb23105071a0494cb7be340e3f5cb0a652ba8c89f63509e5d
A3762,10.0,f8b41ae7d9a423957cb4ddce93ce6c387e26e58c3cbb7da2c8941776b2a12ab9
A3763,10.0,adcfe2728219c53aa4ed03a64b78ee71613aa33248a33d26d6cf42e4579fd732
A3764,12.0,ae1c9f1af47a9612de8dbb715c3c5c4d67470e4907f4d79b1eefcd7f07d81bb0
A3765,10.0,d62e2d195b3527a2cb210856cfd13a00921b31d5a545ad3402bd5f21c27e8503
A3766,10.0,64785f3201720416b55c9d1295b4b0f18ef3c27df6e4ae632fabb55bdf3270b7
A3767,14.942,0a2196447de0d03e905ec6633c7d8b9b245c047e7748bba75cbe50f728db1b41
A3768,20.0,6bc7bd8ff746fdbcaa26757f35ff0d36775e52c7cd82420fa74b38142c0673ca
A3769,13.0,48ffe6436dca1ff8e1901f694a871003a4a5187a59c2b45e4b61ea2db2f17899
A3770,31.172,559185f4c4c11e67e9d6c7c0bcf45f33328b2cedb273d096581003972bd6094e
A3771,27.0,ceff2137b763f52e77e84b7b29a31a6278a164cba3736c41f806113e110b1418
A3772,15.0,b8d006dbec0ba164c1d51816c0954a36657969aa2ab29e214bb94a967dfbd570
A3773,16.0,d115b55455dd2b785558c287022328854c91fcdb6885ae82a4c764d14fb69207
A3774,15.0,61f7884d29696e791ff84e85465152aae5cfc9dabfec9db7f4a6c7e2e630fe9a
A3775,11.292,883f01e6ef1dd090e41608c6895e01ab745f479be9bdccfc91ef14ef4dc2ed41
A3776,10.0,778b9cda4be44e5894327ac3d1e839ed4dec6f355d68908a68d2627742edfbbe
A3777,29.366,bdc131a9b35740931177a164d25fecf4e76f577037190bd569379e065851ca2c
A3778,20.0,e4e179ae92a3a3470e63d6849c72af4f0fb02635d7a69163a92bcb7c1a46764e
A3779,10.0,d748e3164d6b1fb0bd0d6a62f23eddd1463ecda4af6076c41341ebbe674fc623
A3780,21.0,86e1ebc6aef6ca1100588bae7c028c2dfbce163fa2c5df4765e67b861eb35c0c
A3781,43.898,445994fc812a6878bde372a796e111ce9518309c0e772a6621bec1c6261fbd90
A3782,12.934,f7b88b4c03396de7d17797ff357a2a3dc90aee30e8cdebbaf076391f2bb1c387
A3783,14.842,ac889a8eba048d38302b8b9ca77d7822d173052e7940b930c786e74327028603
A3784,10.0,7888f95e6b8b60fba645a6406060c1e9cd8d6adc3278a121f4d9affb916b2c4c
A3785,20.0,437f187e93162448f725ee8448e5b82e3f954ffb8656f94402eb804065bf1f8c
A3786,10.0,ddef84b95f988e1290deac8ea8ff8148dc77733b0ef3e874cb23db923eef3aad
A3787,15.0,82f0c39300b9134a082e5e9ca67e16da1b4e241ed9c3015bf6db43a6584491d6
A3788,15.0,d1ea613ecda539403e10eac7b15b63531f767d57790144b17cd2141e6a2f5b82
A3789,10.0,d16db9f6396bbf0745cdadf6b8cc7dfbcad6a34737a5a1901ddcd0ebc97a9a0f
A3790,13.0,67e2940100826ae802c3b59554d588e3b7301632ac5e73ed0ffaef10100b34b1
A3791,14.29,6d976ddc471f29e26001aa9f9c3c6b300699b11ed9f643c17a2209847f4c1cdb
A3792,22.0,5004af3296aa74c548736de8f38cfa42b25c6423eed13e13826be4aee7c924c4
A3793,11.692,06daa38bc1262893c55e76e39a68ec97ba3465475413d1f5151a50d9d7dccaad
A3794,10.0,d989a84bcc557cef7ae9f7f2c2ed3a54465833453a56aa871344549744e6f8e6
A3795,15.0,c495928a970550491489be71a3bb80355daa34cb633c5eab346923fc7a928730
A3796,19.446,f07bdcecafa0662f68662c05d4f3017674eeb113b7751ac3f26811f5e3765f5c
A3797,14.224,48532eea3390dff5f0d1c7c1859805dc18bba34b65625e1d0123d20ea9118a53
A3798,15.0,430b5b2abca93f5ccdd6fa6e2ab9e3e658675b8883e857bb93dedeb4a31c6e29
A3799,10.578,03cca293d3b9c2846b7ad6608d45179656f525fd77030dd7e1ce9317722cf6e3
A3800,16.0,4c4a734c679d418356302e9b211357babe40c9b7865d32c1f563bf57e1f6cc92
A3801,11.0,4749c8c62bda22be5f4e989bcae016ca345d49eccb96eede825728738399d99c
A3802,11.924,7bc0361b75c3b685e6b69365fe7583e6c38a4f64b1845d951916ce52362f872c
A3803,20.0,c548bca7a4fbd2f2e0551556588c95458ebdccb8296e117dcafe059ade5c2421
A3804,10.0,a21796872165a10b300f94fbd36041c1c53814453cbc58bf6609a5963b1ff03e
A3805,28.306,a7a4b2b878d8a8bfe1bd753694509226a0432fd62d8b47cfd99314cd8c65ca92
A3806,16.0,1d1ffc7e93a3440e1232fcc4eb0f2dfc3670548ddea72694588d8c7dbef73a98
A3807,10.0,382d3ddcf4c0d21054413b684b225acef9c3ddbc1539ec495456daa4dcb1f19d
A3808,10.0,9dd103175bcb1e1e6ae65ea9d5350a1dffb89230a78b8d9e6dfb3668a7575a8f
A3809,25.884,7b71b9619b5b93df2eb76c64622bc9ff177d8bee6336d282d37d44ab922f48aa
A3810,21.0,1172ebc0a8e61f2e645497a3af41422b4bba50d91b0fa19b79328d5996fc4dba
A3811,10.0,c605197a64df328a8189bab0096af82238efaccdf26413887dfc2aa043d86d97
A3812,10.0,845ee1103def6437d1bacda3c7e98105aaf47fd6eceb227da3750c6da3d3268d
A3813,13.324,0676dcc3fede6eacfbbbbae6f52d6f22d601f3b9cd280df332c2b453ead4751e
A3814,14.0,70a431972bd5ff4998ae59b07d5988823299f700b1b6e334f2634cf78ec9d8db
A3815,10.0,bec2d55ed99dc4fe1efd946aeed9fa19f39814f5ed13b571c3354b96e39be7da
A3816,12.0,8e96f06d02a5ad0aada383b524770fee28682362b560258dff47aa854c094221
A3817,18.76,48f3d6e002c0fe5afe6d1cc49f66af05dba0fa2d2fa66101f85cb10650545f04
A3818,10.0,30a48262d345b33d0bcdd1aec1826bfbd658fd2252dca07cfc6cf05d4e1b02e1
A3819,11.408,00019b0e8e6504758d616c5eb2944ca3e5d81703c71048a095448160b6f4865f
A3820,30.352,57515e0a510f2fe7adbfd58f5964632c532a5a3fc50738dce28650fa7bad8e84
A3821,10.0,925daa789598245529b5975e6b9f40d9a8f552fa6a281c4a282670d279ebb621
A3822,33.99,343e75969572a4bfb3df7513c036c3a90e379cb7269a9184c7b92240153ecfe1
A3823,10.0,d3f10a9550f03542ac7d5775b3cb6ed407124f4436621af8c104e07821908aae
A3824,12.0,a6c7f8e87f284e413465cd35a1e3332994138236def7cb2d065e7f4ccc680ee2
A3825,10.0,43f03b58c7b881a025662ce198c8f1692b21541d903ab74b8ec3516988473282
A3826,14.152,879cdeb96129d1fc26354fac792a0d2798159a3dfb7eeb18a8b0285b1087dc7a
A3827,16.0,e24fccd85245fa274c315fc018f6158e442b66a0ae79fc3bd977de683121ee24
A3828,20.0,515f8d50b917c9e4f1d38bb3341819f672d4aa2980f0f644e32e079c62904924
A3829,12.0,dcbc72263c24db2cc7ae626fd5fbae2d0e78a2aad72e718c61a406490c52550a
A3830,15.0,2b11104e40a94708ab9c74e2a4ba866fccd0f630879d154f5997b49d68f6f1b0
A3831,17.0,f6d0278599664905c63899a7bc514ac81b30f0aa1bab3c1264f2bc9a6fee75e4
A3832,19.0,7387b2392819f19f8d5f83008de72b25d4ca2695e7e17de4d4b18563cbb578f6
A3833,11.126,be68823a35b0a5dd4d1dc39f8c8d4571de6045b6b36fa1e1c80b8882d006775f
A3834,12.0,9890f72fb3e62fd9f1611a8443b0b3211bfeabf5ce4d331b16b9237021b6a9ee
A3835,10.0,914be8221cd514e9963c6cb5ff8b4d6981344370342fed4fd70c84706ffe371c
A3836,34.71,ca5d28ad3f9a1fbbcdc3491f96e0dd3478f202aa61783516fa2873c82442a0a2
A3837,17.0,ea1235e61747a45c88be3a81bb3f63482b5674d46711ae92d2e734a62a7ad0ef
A3838,10.0,b71c4289b44d012dc63473044badfa243b68ed2fedc3608b6f10d247049f50f3
A3839,11.488,1738dd7600040104df62840ed9de1111557e37e6c69950259e48f1b304a5b5fb
A3840,10.0,580aa209071f99af734a108e6ab43df49ad5423cd2a07b1fb50102c88915e86a
A3841,10.0,09d74615f074205c777b24842b240c66bfd0b6066fb5c3a0d2ddbba927653b1e
A3842,65.0,9f81fc505b405ff9a1ee18b5677c3fa2c0502a7f7ef97c70c1bf085173a872eb
A3843,10.0,6c932ddadf1a65b223f5b42044132174e010f7972b2e84f1e045bd73a64935b4
A3844,10.0,445077530ab2eca5dc203c9fba3c0b0520be53471c0eb3cb1acbd656a86bfc3d
A3845,23.0,57277ea83ffd01af86286ce0fed9613dd311fac31c0047f8c1cdafdbb54a2982
A3846,10.0,e8fe35405f60ca0c0d984cfc85c1ee7c23a88648f4a0d54b557b5a944bf206e6
A3847,10.0,8b9f1e859f78ee24fb2efaa8dedf645398a3ae2780d668e66b7df481ba9101f7
A3848,10.0,669ee574b5daa48bc520a321cc3fd2bbb71b4aeeeb7682ad6c783b66d5eeb7ed
A3849,10.0,057b922045d141d8758363a03840fc4f56f91e7ceaa987a0b27140dbeae9856b
A3850,12.352,5b24a82cb03c731bb51874d33059b093b7a569a91dcf32665d42d5f42826206e
A3851,11.528,abe3639b07aaa03bda990dc2029f522968a66aa72adb8ab90908b59754be3ead
A3852,11.0,13c0839aeb0d9731413cb4e30bf75408771417bc16da6145813f3885af6e9ebf
A3853,26.0,f521a6d6388c67e9e9c683c3bdccdffca90230fc0201c61efa91483c7960b808
A3854,11.0,9045f126343ae0d63c5969705b1ea2dd77d721f6d203c9fdf9d2fd962df5b026
A3855,14.0,70ff6cc23ba3b916a5edf8826c0b51c3f1cf6da99cf9db05db44df0652487697
A3856,21.0,0d237f37a1e6ae456047e9965e0405a62aaccae35fbdd1597a999903f2df97cb
A3857,10.0,07a21fddb91a0ade58851d073f88c192194b6d38b1ba7638ee63e0a8009d614d
A3858,21.0,021c774f43a263f68635c5a9ba31e56d6065d0f93e2a3fe5d42d4f7ac8d5136f
A3859,13.0,7df848752be91f6cf9cbd7c86b5f3e67294afee37b7868aac1070e3a1e671890
A3860,14.142,a2c5c4069d6695bc0f92a99449bfc74bcae521e71b5cb167ca1151d0bb220b9d
A3861,21.0,fa71d1feb7cfb228cdcd34624993cbfabf69ae6916bc399c8b805680b82d7977
A3862,13.0,16708e64979a65f6eddac57e75ee10c6698f9c16e6f1ec698979d35728abc74d
A3863,35.266,40b3283118f3a87d390febd6135ae62f5b5dfe9e8bb4f7e42ddf51eb85a1a886
A3864,26.0,5628d9ce31bfc6588ef1a53e0712739964b0f605eb770851aa19877a63c1f794
A3865,20.0,8c4ee60140dc64798e335ddb96d9c10c7a308aec6bbfe139801c93679f1f2b2d
A3866,12.842,8dc376b7fb7a4d6f3530316f6a20b4290b37e88378df41194a04e92e20ea0855
A3867,15.0,785cd21d28a6c3ada19db703c5bcc71af2591aa0bc0f8818fba281db6806d597
A3868,10.0,980a17262e68068235afd94d325ff712e4b3713d4081eca94f49fe1621bbf168
A3869,16.0,9bc8fe3d2e6f95143eba380349fdf64c819ea49d00be1f75f3dbf25a19a32aeb
A3870,10.0,90ab1c18aca929c1850f855c372f54904b3c3821762e7219837baeb284abca39
A3871,44.976,4b06ae8d7f5979e7384d6f440faa35f6d795c8675c3915be3e5e359d12ff5eb5
A3872,39.276,b60c65f7a55cf9ef9e540928b2faad9b79f8a6a536c5ec883f2735e293302b81
A3873,19.0,d53f2cd75ae85e99dd97d0e27b6c3adfd011ab459d1cd46780254a1baa0f41db
A3874,10.0,0afc0b54f971f9113bfb78b3c008c20966fe9b147a6c24a7dd4caf19db1234f1
A3875,10.0,21438038ccfeb228a830c9281238ef1be3db1b771936ba703e150a33efa83e48
A3876,10.0,cfdc0b835b529eb30d30606b5cd803ad3bbbe3132f50174967112b10da473cc8
A3877,10.0,9b3660a4905b95899a2b5b01d645a75901b70c9f1cac5071b5776743d191ddd6
A3878,29.322,92a2e992ab3fd8a4fb89d338d94dbf5935d9bca8987aeda5879ec25017c979ad
A3879,22.0,ae09dadc08042b4686ced1be9854892f013ae49041fd298c8a203483522e5d5b
A3880,10.914,eed88cbe00ffd3f53cb33a413ca28f276a3238a1045521bb2a6eb80a12e6b7aa
A3881,10.0,a5111382b67fd15e8fb0397bef8afdf496b10f3e0c3c8edaf6e1df58a80b8cab
A3882,15.214,9835f11c4d524b880336e5a8cde1f086a51cb2860955ed44aa34b9216971757c
A3883,10.0,64f32583a42bd7dfbf52370f21865c03b6875789dc1d8cf257fd9dd334eff69c
A3884,12.0,2d005b58fb4811d35baabbe6d0ea3f4a572a18199c3780b2ab9533bcc105b255
A3885,15.0,83971894d66783dbba536d12ae95406d4d6efbb95d990489ee62ffd0532311b7
A3886,10.0,4afa8b6c93457c45ac3d1ab6e2c71b5b5a84879386a7dab70e7b12b3b63ca805
A3887,11.764,d7e7c1dcd8fab914801dac3e1935a90e6896900965f7360de7b4c0ac016eba59
A3888,10.0,6aa4a842db3fe26c9c8858bfd4b1808f2a0e5e3893c9406f5349100a52eac21b
A3889,10.0,3b3e8de483b930fe1e02f8e62b466c5b45c34a18771d8cd6d65e3228a03a0740
A3890,12.928,85c077c0f7747042c38e65b23e631d7a504d5be9eceb9f009edd8d72e2827b40
A3891,12.74,6e8795efadc11a67af83ef266040419faf7bc452a05ef6e63e2c115dc45c9f8d
A3892,13.0,ebb788d00a96ed459596a6430ebd028eb34e7b476ea3bbb9d2d83500c131c8f2
A3893,10.0,6d930815b5ff0c5328e58da801fd0bc2b1fa5e63d54b2094a74f38f8469865bd
A3894,17.0,e7cd13da81c35d5fed76e0c8985dc334fd98744cf2f1cfa36bb866425e2078ac
A3895,15.0,723f5aea8b52a5d6ccb3bd232ec6eaa8dffbf57f7d8a2ee973a6c366da2b65cc
A3896,10.0,fa61322d66d3f7f714530f4fbad112fb817706c2c5f72c7abb59e89ef73bb679
A3897,46.38,1fc6c6f59489d6b92b65414b7934f36ec1b8ca38533b90a32da3fe2ac1a4af33
A3898,39.0,19698e6bfd5153191ff916cc200fa4d81af7a74e58f79b7a8ff4c753aead355a
A3899,10.0,602dbb25c86da59c858369f8fef5744ea720d0ab90b4ac5c7bbe9a49c5fbde7f
A3900,10.0,5c2fada6ee33f7c41fa70468c36857a996606f200dd75e5bff4e2fbce4607347
A3901,15.0,6d9f4dbd31d9f215a837af477c1cc79184173d3d4aaba08736dcf03d52b9e9ce
A3902,10.0,896147a8fbe5e7f290b6a7d15e19bc9b8e592a968c5a196a156c16bb02008382
A3903,10.0,3aeb72565344fcd8615604fbb154f02726d7c7f7ad754b9c876c97e7bd9c311a
A3904,12.44,271941e8dd1877606333bea2e16b77b932af51906e114094043764618aa548d6
A3905,12.004,63103f3f8ff5781a2666eb75052af46c7b467cec79f54ce97228b06c493e25bf
A3906,22.0,78bf0c61ebc6df2dafe708230a88bb98a06dbc34afcd544f3bf218b75dea00f0
A3907,11.0,71291b4fc39058afcab99cad142605cc0f70c24c855364ea2de114de9e5406d8
A3908,10.0,acc583e4a9f6d9995399cda42bd82d4abf9991f4909d3118e02ec136bef45a0d
A3909,12.998,e7e987821d868644c2580519392dcb695586c5e749509662a5585635d7c09ca4
A3910,10.0,82c774d985e40d32b55413d2e4c6cf4fe0a90bfd44aca18a47a70338081dda32
A3911,10.0,b35eee1e74e9b10c0d7c5f2d84f53260afb83b000f632d5afbdc8f5e1edd2fbb
A3912,11.0,698d40bc96a461c68c44eaf02f6a171755bbcf64fb64e48d3196ba7f8181f11c
A3913,12.132,457ef565ca6d3a6b0ad9fc0a824497706bc13152a90d40a3d5d13db360d4703f
A3914,15.284,0cb0326bea1e1d8b8ab5b534537f325f5ccd8de409a55ae0b668d5b60811f69c
A3915,13.642,dfc4baac97a3d4b44dc6fb59f13051c40d4badd370bca33e7572d72fcdaa3160
A3916,10.0,ec819c6c7d95201c032319a5c0233f4cd59150063e92279e78427bf1d5d6e847
A3917,17.0,f2e741a845c93aa3e972dcb1004a1188da009a537aa8f56f79521cd4c3274d59
A3918,12.332,b1f8bc456516149a091209bb52c86eba2dfe9f2c10542929ee86eee5f34a4fc7
A3919,11.69,a748e0fcccd5c6f0bd939d5ae85db40f32e798c6bded43ee364d4aaa50681800
A3920,10.0,eb6336794244a500c60c9f758c0652d42d309c2123ff4df903dc70e7b9955ea6
A3921,10.0,db54a474b61541bb39da8e40c6b14c81591d9fe977acce2c5ba46ce755f7efc3
A3922,15.0,5b8d99d7b73593ae2368cd7c211dcf559cc7a3b65d77eea1635d401b17cc3c2e
A3923,12.652,fb03bfb5ed5af9d9f69391b4fb5f488245c17a3d9a850ef515e1d0faca336be6
A3924,12.0,4217570307b87c73819174240e0b9169ef7a29a77f336bd0882af92ff112e9c0
A3925,10.0,8b046e037ab460c8a4d6673979d180b69f5994ad75244658f13bfe9a5edaa4c5
A3926,10.0,6f6d6c0be7fa5678088fd499f877fb8dec3c06ea136a13e3395657158d78972a
A3927,19.0,ae9b2da191bf8928f5bae8b82333823651015437cc5f96ba16800016cef7a5a7
A3928,10.0,17f1a33b21d371510aa8318a48b2d29e36a5c4be37479b61429b13d1a97a534c
A3929,10.0,37189510b9ece1b041a414a2e4c86893f6e4395c8cc0c3c0ef33aafbed8d83a7
A3930,12.0,4e28521d63f39a6aedc3392cbd3dd841db318acd0ae9f561c935bb7244ccf281
A3931,25.0,7d42c731f8295495abfa099acb220b25d38cf7539248706182e5ab1b9a80bde0
A3932,10.0,c5672470d163ba55e91f770da37df51db5d4d4f3e586c9d75f4f1c7f20f6ea4e
A3933,45.964,ddd8fb25e47f83e2e2557e779c7db0c3238a872aefbe9739fb3f329d4f93d8b3
A3934,11.614,3a39f36a0e796dc319e409fc94cc3ba09034d71b9bfb2cb38bf2144def235fdc
A3935,10.0,5b86323fc83b64526d29d8cfc686226d8b01e2860c971f042419a820b8c414a1
A3936,32.75,24499fb5c1cf0d7a2679e8e53eaf791eb96fd9ec6e5ccb6e3d11eb076d6331bc
A3937,31.628,f09fc4de405c0a3e7b924dc9299c717da73381ade237b9befcd076ef25f22882
A3938,10.0,74a8180a1d6b18e05ab75b4c93ab568ff060d5296754ef97cea6e3a0f5b18a16
A3939,12.0,a58d1e3278ea2aa26468f4f57ead81de96d3155b8b290c53dbeabe6327a5032c
A3940,21.0,4c882ccb313c063e1e8d708f9a422b8bd20947b337a23cf14a7efe9ebee08eb5
A3941,12.07,6f4fa37558dd358d1c05649c9ddc4a1a018e409bc53934a8d62f74822be06d79
A3942,10.0,74d548cc859dab9ae2840d574807895aae46a35e29f03fb808c209a474ed6f46
A3943,53.65,d23d1b05e2157817f44406cbf44a4db8be28f253c9b40b6c5a6c19d0247b0a3e
A3944,10.0,319bd2e4af3fdec464db78fc0dd6ac38f975aebe75bba31a80153ea1f031092e
A3945,11.0,03097422a4926f9561adbd286cb3796678c64031568b0a0b2806679ca8e32e9a
A3946,10.0,e60ee94cb734c8bc4b917e94c2424b92041484df76a784c6b0ac75472708275d
A3947,10.0,ed41b1493cb319671961624fa7e74862d5992719e02c1be4b23c4caf059a7134
A3948,10.0,b472850a6997b6a95a9d601b974326099b94a813caacfbcf528ad9e14f6b995a
A3949,15.0,ae09b262344db24aabd483a5d8e2ca26b86a2b40a60ab5c5dc9ea9f1ba84bef3
A3950,23.0,359ed04ec11b14055ef237ff35b83788b111c3581ac19ec665831b23320d2e0e
A3951,11.0,84b4e10b2581f92ff593ec2219b85587eb73de4f5e83e76339318357040d298f
A3952,11.768,b34f5bef348e73b5158742dc9ce123072bd478edc23220af1030874648c009d8
A3953,11.0,57a8bc11deccb468ded03202c631521ac14ebab8f6f2294aa7b9b95688231e16
A3954,13.0,6b5d0a0839c2d14c1b949b9a12a9fdadc5600299cda947fab7d57ea70b7a2894
A3955,10.0,3bb476c7ae97b8d10ab62304f4b2d13865c78a2a86e5c02702ffc4f3ebfe7369
A3956,12.884,60933965830ef753abd982ae361dd6c0265d21f0a7240a7a6c6dabc5c60f2976
A3957,10.0,c5b80bbb58abc464146f3765bfeced36c0328f7c56eb3bf963206988bb25dddc
A3958,10.0,5736ca3ee7eb2b2f2398bcc9664384066bbe7a3e34b761c7fbdb86911bdf9509
A3959,12.474,dfc9893df7581b7f9240d8e8d295d035e2fde125e8924ddf03fc2a24e77fdc49
A3960,17.314,8d80d3b52c4e1237ebb551ed8115cc698265cea5744ca169742477d8b5944a75
A3961,15.794,90e122cc4ca48d5c932301536cdcf2efdf02fa07d55aa419aad5eaf1b31d32a3
A3962,13.452,6300ed973a71472ea3022efed80b352d7934de7f3c561470a3feac9e83ede36b
A3963,10.0,6061234993da5176f3118f7f915ad3106bbdab46c6f3c53e250e2764b51d26b9
A3964,14.67,4c853e3cfac6097e4c2d537e78757b40402ac77404262661da5507366817d808
A3965,21.0,a4527b8cce67451fc7fdb097e182f89c377212375c7e9cb750bdb275b7120f67
A3966,10.0,9ab14cff56f88a0b9ed26ba6f8f140a5bd55be9406e2cc9dac69f68127c11074
A3967,16.256,afe57b6c674ec941762bf7d932c58ca31768cfffedb2618367918e77d0bf367f
A3968,15.0,0fbe6222969ddd01f49280fa2e63055a82621ee4fd4e1afb6cfd53d3b6fa6562
A3969,10.0,7eaece0e6f14a3885c584684d09672ba485bee5a9c16b6845a2a35355c3da493
A3970,13.328,c4df0f5b163bd3d89b9c973d5d56d25a4f72432c5011875a7630a4cd8d3b4110
A3971,16.0,fda6995b605d664f3a59f3ed4f046fe4df201a07b2e3062b60b4af33d2509b32
A3972,11.356,201598ece62d02ac570c93e8fdd6c6eacf5e3c8f3f253706cb87cd1a808492ce
A3973,14.0,30915c6af8f1f54c3ad214561ffd1a4a27da02437447ca910272115f6349b90d
A3974,25.0,e8fa3640814a6f23e50cf46ddc42564958060a98fc406c12f3d88056d61773c3
A3975,41.064,2d076551434879dc89ddfe2e926a60b23808386eb9216fd84d25b18c24870814
A3976,10.786,7603029e28963690bf4bf481f4e70b46ef75df0bafd9d48b0bd9c959c45bb6d4
A3977,12.0,618f37b5f06039f74d43b6ce318f6909e381e6fad723306b2d1d51b6bf86e055
A3978,13.0,387f379e9817ead9c60dfec4e869ea036815567b2e4f7aea26f5ce925f6f1540
A3979,14.738,ce95fa6ef6525313be9c92c8eaa3f7e7d388fa1a3671e51379b39cfac7e91a8a
A3980,25.0,d977d0ebf9308f1beaa799f956c62aa83b68159d7a769008ffb529f56503bcc5
A3981,10.0,d14c0f973037a52d0f1cadd92d26dce46a88d18a90148cb0980e9e957ce577af
A3982,36.006,df9072382c3626ff665f234537b7823bc0769fb63232b87daf092f87882ca594
A3983,60.0,5c86d25333546311924450cf7196300c4d1d9860a6b943f6a6e36dec4133c926
A3984,10.0,8d739ef4d8a905d3251956849d95ddfc6800e4b816db753978b145fd2419b603
A3985,42.0,9ab8c583a790d5fb68f3b831d7310a1c6beab8e0af8eaeb39581fdae8c00845f
A3986,11.244,f3c5cdd41a8bbd2f3d5ed4c817008dddf9c901641d31880d56d6ef459ff4f7c7
A3987,10.0,514f9484abed2bf4c6cca5f95ff2667e681a44b3dd6609c8978351cda95b4831
A3988,11.034,17b58c4f1a51560523f5c08255444518d4c718af61dcba6ae934fdb021b8d94a
A3989,10.0,1551ea38241f611d38973081a09b89962c1daf1b40ed009ee431d0e016a1ffd5
A3990,12.514,da649d95156b32abafef939e3c7eb0b4607604cd4645571999f613bc3ad037f4
A3991,10.0,0fc018036d5b87238566cc604e3f6330aa435b5afb9652ba091df5edb3a49cef
A3992,20.0,4eedb8407442227a028a6f0f17df88f543747894ec235a183c92384e1f99a237
A3993,10.0,f52d9e9b7d853174848db3661b9969a51f088e42e8479e36fffcb3ca894dee35
A3994,10.396,9b3bd8552b7f476b9e29f94bf8b9b7dd310a84038e4d1b7053d6af110489eda2
A3995,14.738,393fe5b0d40ecc9edfe72ce76344a4919570647c9cb219ecfb38d0feb87dd781
A3996,10.0,8b4b79e4f2dce3f34b97b1aecc645115648358f5fe8a0c469566bcf8aa0a15f8
A3997,29.0,75a1620ee98b59db6a80ca40e90818ddc47a092968014162bf17ba0f0028e784
A3998,33.14,af5bfb40a7f2d74b026e0a08edfcbd2f6231bf33d5d6776fb5519a8f9495ba26
A3999,12.89,116041b59d2301032554e6f7c4c052169d20164d51a49d274bb6f479e3533bae
A4000,30.0,c449ef975621fb4a5b5cbb2bdd45ef46c6550907076b8c691161da2e172f38cf
A4001,14.6,c1b00f743a93f82679442570daaeed25ab8e28eb024e536dbb68defb270ad514
A4002,33.0,f61fa44dec02a8822010c56a7d5a054025bbe1180de9c3d5e60a55bcd90088ae
A4003,15.0,4d6605f4e79aba620bcd083ef640380366779bd531d7ffdca1e41a3da8caf9a7
A4004,112.0,fecd14dfe0a8d1ca31ec353349221c6e5bda89b86fd223e70bf122d29b0a8fa3
A4005,11.464,f22efe0588d1353f8ebcb3ab9896c45abdba492f87ef9bbada3ec337318e1990
A4006,10.0,40e955aa84a29010d7cc63ec528beb78de57afbb818643913df568f35701db58
A4007,11.0,70fae7c0edfdaa29c302c0a0f432561ecd1ef168169e9aa3e2084f2f7e61faf1
A4008,10.0,161a5e1924ecabd2a997e4c145695e3200bc7841db91ecc952c8f6462f908d74
A4009,11.0,47c1f58564192bc33821dda9c28115d1adcdce13de14b8da5a647e8c12d988c1
A4010,17.352,5d97068cbafd2bb6bb88098c8e3b83ad75d59a6596058fc1c9e56dd7be11680d
A4011,10.0,9386e81df23632ddea2b7f378f8ae82090aa19804dab7d4f9b330c5fa0bab277
A4012,16.0,83f252ff29ee8cdfb9ac46ed015a8be47761ff41cac1731e94db94923b59e07c
A4013,11.474,f91daabf9662c44425994fab0d74e6da8500b668296fb965be6fc6cf666aad05
A4014,10.0,4cf0835601a9571dae1373a2087bca24522732408306ad1ddeaa4cbab14e416c
A4015,20.0,0845de3f8fa08ce74947c45250fc5d8e191a1afd1c97572b4184c5961aab8be4
A4016,60.0,7f8bc8bf4b6330bfdbe126d6c21d51a6378ac157a26519bee2ac953538a7e4c1
A4017,12.994,de73af70fa0a097004ac6bde5e6403bcc4610dfde372d182ba6e437c71c65257
A4018,10.0,b3009ecedbab86c5baf91225087cf6e69b7ebbcd3243d1bd9510938b0058f012
A4019,15.0,069a74007646603a172d0605093e407d1eaf34a905ab6132ea52a82d6a437d42
A4020,10.0,d759ac780097f04d6ff964d0a6d78e801e83f5002be92f6019ab1e65f2d38879
A4021,11.94,a73edd94bf62c808886b4f72bc187e26ae3f55de8f7036a3e0e468d2474a82b2
A4022,14.0,e17f89c937d92da6c1fcbe578e5d0f1c78b34e1118b0c66da357651c6b0bee57
A4023,11.258,89260385dc28825678384e7f5c646c2c01a3c2dadc5c5c9fa6df8279e840fb94
A4024,14.0,a9cf092f2386714662ac59b64a09360db4cd8a7f5a31f30d5a17e4dd60f24b27
A4025,10.454,5bf0f6012c3f2e8400a59d76b713e8a26182184e2a202b84f7092698d80f100a
A4026,11.454,edd3ad863fbe7683d0a40e1cba6e9e179cae69a3a06e3cba59d8108679dd0dde
A4027,10.0,2992199172d95044592d0dc822e025b17175d37d735407e0eaca148d070e5ca4
A4028,10.0,fa1e5b45f74e146ed561302f6f839c5318061dfc7c94bd3d92e735e781179b57
A4029,11.0,ee60c5792c51bfaec70fc3ee06307c1bacaa7d03f479093e35e60e8c8598f71b
A4030,17.118,1b97caf6d19b0abc783fe973e6747397c52f35559fddfcaa0c09d221d829a8a1
A4031,18.0,e5479946dc394d9f6bb027280bf59087086c80f2db6d6dda17dd5b614af539a9
A4032,12.0,e70b6b9dc03183cf7a72b1d49ed6a53131125c4b2e5c487b413b5fa6e9cdb444
A4033,14.752,839e0f2d76300641c711be5b0741899d273524e6255d3c44e555ac504d0df8aa
A4034,10.0,6ae3cadc61fcea0c4b006f8336de6df8bcaa8e44b136fc7fee9d66f30c1e8f0c
A4035,14.0,16028e3d4085729bba411ea66cc7ca3ef8cdbd39031fd6299cd05a89320afe1d
A4036,32.258,22fae2e6b098c0e565cca26922fffec51240b0a075f5e2d78a77a976fa46b9f4
A4037,10.0,cf51c9ff71609018c9944cb76240bb745634ac8f5fe3fe25228bdf8e6758b909
A4038,20.0,671aa99828c54f0f43632b74de47429499a0cc94cb12a08abfc9b2361bdeb256
A4039,21.0,b3c71fc7d18b18b051875ba55984b57f96e6dccc1511ccc95afd745aed613d11
A4040,18.024,c888da62c02999cb1880f22150be0c33f50df098d9865f1bd750c315a003cbd4
A4041,12.0,6af9f0bb228180c44567e06f3db4bb80bde8d5cfb03bd5f3eb28f333cd90bd4d
A4042,10.0,086c734d88352db1d2f7267f613beca10d599e0a6e501678b03c178a260bc383
A4043,10.0,575f7e1568d7128cb758917dc2311fab48d2251658b550d3ee2975d7a2902f7e
A4044,30.0,a711127d244a49e300fe7c32bf76afe46be53f09094037113d25903958d03e84
A4045,18.242,5d18eda45706a702b71788fc02448cfa0695bcf6fc30d8363701692f9cb2857a
A4046,13.784,dbb346515a5a8537bfbafb83312a22eaef3a7f985d98942748846ce6eece199d
A4047,14.482,ce3f2594bfce9886771f2b59c352b0d412f04ab87944126853a90c905dc427c5
A4048,10.622,abf5ff65ffc69405cd3915af62448626704dbaa77dc56b81637fdfdcf65511a8
A4049,15.0,d53250b243d83197dbbdb2432103c6db7a9fcde6938a38d1fbb418f2ef860a24
A4050,10.0,fe664bd6e1e152c7b33dc327d1498df0d241b7c0694a52f7b64205fcbe59cace
A4051,10.0,431bc4ca966d5b8ca02a1944fb71668743e3ebcbe4c6de6cf4b487bd203d0034
A4052,25.0,074702c38363ebb0e46240cc019695a8c19d6f92499b3e01e9b5d587444edd2c
A4053,10.0,b09075379d97f110edb3f44f1bd19c2fe7de7a5e5a269e42e8f99a26217632a6
A4054,11.946,eae7cd15e1ecdd18f761967b08950335e3a62ce60e2203cf84f8740b85297f89
A4055,11.0,c6065b822d9ec485c8ccc7c2fd1aaedc6ac2f4ffdc93de9ee03fe09a78c68209
A4056,35.624,cb0ca302ea8a020d56f72a447904c70cb2162e8d9680ef8f2afb1abb824d3ff1
A4057,36.822,52d5f802c9dc441032263c72cc0b3744b0d4f794baa32435f6b126031779d792
A4058,10.0,deadba8b6f678f49b025b5637d0cb0dab263448a0e860991f261f35888657398
A4059,15.456,46fd289e3f0dc6062f4bb431baa0e75e84220a1732bcac0f93ca4dbe49c308b3
A4060,10.0,012149e2a0f2a1dded58f4a200025d451bd85f289692ad8cf2fc318b6cedaf95
A4061,16.154,f2d37ba5adb9a3fa6141218959565842dea242fa8ce11abc27277894a5ebe681
A4062,10.0,2777d85dd372bc2cf430032fffb658fd027995a3c99a39f8d6f0e9e9533de1d4
A4063,14.0,e62b17bff39e018d793d71f2f5c9d08ae209ac02eb23be18aa898a9428735814
A4064,12.764,ddf33ad8ca86c2a62fa5bcdd1464598c32f93e0d1513c409d55300766c1eb335
A4065,18.0,61ddc37ac2bad853b8bdc4a4861ba4cdbf36e315ebee1d3b2dddf24497cd2d1a
A4066,17.0,589934170bb4124d5190ff02b322b34b6f1a066ad3d29b2a186e49d08f62ebe1
A4067,13.0,0056d086508e1256d3b2c69cf9c4b352164ee3be9c146db532e7ff073603d199
A4068,10.0,713eb0e0f0d81602eb9891bb4cc091c196fc1cf70cb6adbb9454b680649c16bd
A4069,10.0,f630c94e5c89c8f77011247be915e0716b4ba0f61376b02a9dbeda7c5389a1c1
A4070,10.0,7caadf9d0b22eb65e1ef7735cbfd8d0bcde40cfb69fc8124fbd052f9d072fac2
A4071,11.0,33afa8f7fca43c8ff2f20e727953070f5a1d43416f400ac7962c0392ce2ea310
A4072,10.0,6ae82abadd61b717cad8236faa51221c988fe3868746cb8aae06c532a84e5b88
A4073,22.0,8731df6398192502bb7a5d463ad86ee48636cf29499cee24d8ef4c52fe4a9342
A4074,19.174,e93ad19eaa3e5736f92212717e18cb05fe8f21fb2e8dbff289458300e7c99efd
A4075,10.0,1e34c780a6afc7e236964e22af3a14d890cf67ff3c02cb706bf39ebc3fd1299f
A4076,10.294,a97a866830196be488481f91cf72aba9e53078005ebe0ff2b561687797fa1179
A4077,17.0,c148c02887d8fbb149a0ad19884309d98e14c1276fedcea2f18ba07cc23f8711
A4078,10.0,ef87bf15c526a14e257ac532a2ff5ac8374ed712b84b49eba5b61aaf1981a396
A4079,12.0,ad0ecad1aca993f5d246512d2e80aeef1616bdf19a576ebe4e23ac58f7ae361b
A4080,118.0,a545193bb0d099c8f6786342cea3eb1f4a42fc51e67c6ce2b8135db95751a750
A4081,20.0,d06d77153b17cb05ccb04cb982bbea9253d82ab3cbf75d9dba65fcf627909497
A4082,19.0,3f03e3916e4467dc00529a68fa15c022ad3df278a5b2bb3d537c8d430e52e61b
A4083,10.0,a2195c1f28c7c7e00bb1f49f50a6a25bd6f61ab0cdd1a4f7453e3477afc26b8f
A4084,11.962,c96117529e749454762d5197d609c180510b59c7a54bb733eec9d4961b544369
A4085,9.998,74a3dc6af36d9f51dc247ab6b3ca31e69a7d337ac267a0596ebc3c504ef9987b
A4086,10.552,158e03d75e17da6df0cc7ca42ff69b75e25f507b24e3f1d5c091ec09bed3ac12
A4087,12.0,e92f036e9466eb619fd8c9f0512d41ddd8e1eacc693014241d3a2e45ca18e733
A4088,10.0,371dd70ecc5e50e36529eb44696cd6300409505caa8e09ac81f72f09fa2cdcd4
A4089,12.07,29b4de44f86d252bc6c823fb19f362306734363d5d66f470efcef683d7908586
A4090,11.986,9f5cc389efbe01a56c0ab12ecc1096d7f85d72d518f387e36ec54b1682350217
A4091,10.0,5a66f582f0b8c7549fc23fdbdde8937c43233b46ed974ed019cc4f3eb60dca7e
A4092,32.032,3fd8c021da2aeaaad6676323e47497611a357436def3aaa17b3bf084b936535e
A4093,11.0,96cdcae3c3a180532bd23972352e5cb97dac361d6f2ee6e6d64f62301192e76b
A4094,10.0,c76859d168dfd8625e61a95319c21968b5aced4e0fcf2ec47bcf7f3e081d689e
A4095,10.0,75b83db13694658e30d4a78828bb8b25baaf4a7b36c16e814ca6262511e60d6e
A4096,15.0,76a8dabe6798af32b37100401f728141d47c43b451024deafd22a81ad22271f1
A4097,10.0,668fb26001ef53cd9d7a1ac9d533c2163865c27678d53bc674b17356a1786671
A4098,26.0,3e3cf9ae2aec0531643d2d0a7599ca5c27d50a09b063ab910cb3b0637742d539
A4099,16.0,bb259329895bef8297b9cbe3ee60fe513ac9c8ec1f1846f34c14997e49bed23f
A4100,10.0,a94a8c0fdc8bf555d342744fe3e084205a141d165a447b48e90b8aa7999c293a
A4101,15.0,62e6bfd61d033fb42dd11581dd4d609626b716fd66b505dfbe83517eccab761d
A4102,10.0,fdfcb30ba8711024d2f7215f19dea91372978b3ba4d775d09b86cb08083854ea
A4103,18.0,286f087f57d2cb2910f25da51fb5532552294f1c0539cc4445ed1d4fec04623d
A4104,46.152,ba9e14cd52c00aa2d38e95ac858d3375f103101b07315d08ab780a3d5c3ae601
A4105,11.0,a544c6a12c5bd1fb4727afe6ea09abf6d5ba716926a9decbbb8feebb4adbd405
A4106,11.998,aa773fbec5605a48d808034c4d1ab783ab24eda6f2012efa9eb25b1a189f2b9d
A4107,10.0,87b803c0d65da37125b8f20440d6dac7d3a03c7986cbabf646f8403e81b199ea
A4108,19.0,608df4b0b06775329e2ecdd796318a9de4be919ff1c959e4d30371d8d45e900c
A4109,10.0,e56ab5ccff45bb02dee8deb2b9bec856049bcbff0a76a592bdcd8b829e45156d
A4110,15.0,8f35a230e7e351554bdfff327177b93f53754993c3f03a0452dff48342ead29e
A4111,31.702,7fdd59c1cd1fcdfa0fa3a73176c2eb9fa2ac2a4094d938dedf7cc935a900f02a
A4112,10.0,bd220e9c4870be8e34174d6429ae0608135020e6197ee99bbf13372955427b0d
A4113,10.0,6bd51d0c2dd8f9d1235753f783911515326e91d31652d26d852b3669b1252218
A4114,16.0,8a571c74fc0dc3f520166bfa8e1dfb61f835a45f5be137fbe02e95f2ad40dfff
A4115,14.098,aad5673e01c72656a5f1db21cdf0b0d074357756520162ef4fb8f6a3edabd7d6
A4116,11.626,06097202532b1000fd5d71e5e876941279fa39f235b00c57ac81141a17501e84
A4117,12.244,64571d1503982e4d649e9d9e3e49c5dd3f2809c1d2d6c9d4b6c793fce2e02f26
A4118,20.0,808648d84e44a19a507f4c480e0a48a37abb73168e3c76dde4029833b4445222
A4119,45.53,2de1ab8b3b71de28192de6c80717105b7b56e6f3dbea2bbabc7611e7958cd2aa
A4120,21.0,a2ac02d712e66baebe3c45249995d9c6e8613b9009512ee582d1ae3d2e299f5c
A4121,11.0,d6c38470114289f2f841d5f850e60784e14756ac3d4ffe26b3ae1aefbc250631
A4122,10.0,3db19914ba5e98e39e32927a2840958bf3deedc4b511e2346d2c88378d66f669
A4123,10.0,4e3e2d9bfdbd09cce33cc11c8862918793bab03ee056cfeb9f2626e5f07073c1
A4124,24.0,4aa7620973cfd2b49115b8ceb59bb14a227a8a8ce8f2d0394cede06675c7b3bf
A4125,10.0,15c0787b4040a210006a4d4048e76f615c96fe17fe1c6bcf79676536b19bee47
A4126,16.0,736b8f7d33b9d2919922eb988f673c6d6e7a5635150d29733c8405e669905067
A4127,18.204,2b8c45e566fcf224edcdb1c8b50ba982d937db871ccc92a80bb522e46887fddc
A4128,30.0,a6198ef73e5feb2bb2978626d6bd864c433b9ba6ed8f8420afa5dc80ef9ee4cf
A4129,10.0,603f2fbd3076bb7e1c2b676176f1d2f51cd4e351ededca099f047ce6480490e7
A4130,10.746,ace3b70b0e6bcd5b5523cabececf4020b5005f5594ff9f63ba185c82d6b9c4a8
A4131,12.0,83163ee10265b162182cfa0c1554e674ba8141956955b9cfc27f2861ad8b2e2e
A4132,26.0,62efaf9ba57eaa5c0e0b594b6875903f79c33afea6dff4df1438245f876cb4cf
A4133,144.0,fbb796f1b5d9006109dda455c0a5b981559d927af7e01559c79676b6ed25bdef
A4134,13.0,7a01b1d9126af5cba92d2c09e7f1e3ff9ba63d80c5307214e4133ba7c4b8c67b
A4135,57.792,4bca1bd784f54cde78c003638c844dc125f2f7da5325f284b4dd056fc8590f9c
A4136,10.0,834a24fc6630c55f129ff4e39cabdbc59556c3db39d63c7ae9e121f09da41a1c
A4137,10.0,3c00a8c806a59a0eb56e55c4d283040b4c23c91db1241a30cf22c291273f1353
A4138,13.0,6ff2d9628f4fda92c88d103e14018c253e86ed68498dfed541f08ee9b7bd4402
A4139,10.0,b065ece361433bdb72ad3d37db989fc2cde883c87fc4f5519251855c290369ba
A4140,10.0,02e24a6eb76ac1536793bf673e0b8c52ce3b4205bbc4161c7bd746a3d3b81278
A4141,27.536,c9e1e1bb4ee4523580f7b58f5808822850bb326b71ad2eff61e1a5ea773a4ebd
A4142,10.0,095f39c620aff30db74204130fae502945d60af9a8970e453de5302c4049f485
A4143,12.692,5a384bed57fb34905c590b7a6e14b0d30832a13aaed7debed6eb140f4a750137
A4144,10.0,6d721b4d7410c96a2f45023393d3d54d26ae52fb22e19fdea6702b16ce07d3c5
A4145,12.024,06c7fc85774bb99787517a3257234ac17242bd499c0e597e25c14dc8b4ae23bd
A4146,10.0,e334010eaca159266ff45d760209c07876fa656082a884eceb5e97eacae833d9
A4147,11.0,6839bde5cdd4e57e540a7a4b2575af008ff89a30e5aad3c081ab40254f652c10
A4148,21.0,a5165f4748ff509bcd4dd5c07e31b6580bb63180ba568f9e408dc0e627d9df0c
A4149,10.0,e38a7d5746981c020fc868ccb419ba55ab337d5fcda2c93bed3ed96574853ddf
A4150,30.0,be2b7903b70883647621b1a6293340dafd1aeec18a96763343190f5d94fd4152
A4151,12.808,b6c6325d93088333735e057e4c6c7c30e7b5c9d13aa59d38503a22ce84cb0f25
A4152,10.0,6fe36af8827ba9aa587d82e7cb0313c27b5f968c86419cd879b1485b76ac94a7
A4153,10.0,e63708a8b0b5cca2c1dce9cc09984407c110f5e40364d9de971bad90f83f2156
A4154,10.0,369df8158586e67e91cc0512073b0ef998c2d8b140a169895eeb081b795b297e
A4155,11.0,d6828f0066b90a071a87120da93789e66989ada59a97b3d28897ab75df4d10af
A4156,11.0,5d074fadd077eac5f796dbb9ebfc713016666808f1852c9a887446d9f0145b52
A4157,44.282,2fc85147af08713b9cbfd7f933c3125b34cea0108e80707e8989a8ba08106dcc
A4158,13.0,3fc9438f473cc527977f4f6a2a8c3bea45940191bc8a4d2c129a7affd495c9ac
A4159,10.0,210ce96aa439c4dd69c1bcd27f18164e835112b39902a4f9ec84869e524c08f0
A4160,19.0,414723f9a62330c60b7c3a763d6ae8007d4e9d57677f3b13b42f76ae9eb14ad9
A4161,20.0,2bcdf1239c1ebcb60edc53722bce5ab322bfb80e2e65b7ff1934aecd7757ec4e
A4162,20.0,db3c294123061dc168b887deeaeddedbe49a8194f54ab4804ab863712aea3227
A4163,18.434,ffca076958c7bd2fdb9e613cf3f054ee226886b10c3b78be73caccb10af2fee5
A4164,19.0,ce53ba4f7f96cae0212e1794a293f1d179e388a7763a9deb8776672f1033d8cc
A4165,11.294,dae8a3c8e0bf7ba0829eacabea059272de45f7fbee1949019ba23b1eba99d5dd
A4166,14.0,cf1fc1744cc4736980163af02df542b872da718410ec6864989e7de273c06dab
A4167,15.0,85f2bf050f89e49f3cd8f9c0108802e063f3ea02cc4789c46a467ffb57d82b50
A4168,10.0,177abb0da9f59fd232b6c5e157107fa7630a8e557740448a4611a26e7ceda414
A4169,40.0,1f2a11ed832e462cb91676305254ad015f0c77ebc56dfa9fbea13ccff4c1bacb
A4170,61.0,4e32c19706f4f07b25570bbc4890012488276f3a0e01e47b5892731db86f38f9
A4171,10.0,3f7da8d9ae60bae23790dc8da8f88d815d78d9adf1854b6509f79f321c25b21a
A4172,10.0,cf4d9afead6189587b40e502149125f32eff628d8f1d6778366b3d140af31996
A4173,11.53,c810db3bc9fc0f54980522e374fefe40f1f94839e43f4c60cc0b72343f9e7969
A4174,10.0,a58d77ab2fdaee3dca65ab163e4214872345dcd734f6ce2e844d7dabd132d237
A4175,10.0,b2fd5edc507def8e78c13cda3928963bde13faf27925f9d568fe24725b47e406
A4176,10.0,bf0cac3435742234f4710141284224acf9ed50ab048bc991a220f8d0a15fc4c2
A4177,10.0,cbbc75e858cd6bece5e0ac75e3511c6968cedce9329d88887a633130fda0b620
A4178,10.0,4a1ea6bfe4fde56f91ce121d4cdfdba6ac71ed73f5c90e4b0e7e84edea085f9a
A4179,10.0,fecd4a88e530cf541ff9e00cbd1b486b1b1764e95603b7c864d08615d085c4e1
A4180,10.0,be40bc3b2cc974109daa8ddbf2fd6e2caa376b840bfb6882485fe56944ade7c5
A4181,10.0,eb5866a61496f6072b2d3708e2cf4c437f7b242dc1cb1d0040c3f20a35ca9aa2
A4182,10.0,206fe9282dc61053c25e84b21cc0266c071d57c1d58c1455862cb6172d2bf268
A4183,33.0,1a21b9eead85340828a61332de6fed375bb3b05364fd98b400f7a54a84ab03a3
A4184,10.0,1add4237a1ae31a0ef37d37688c47c99d5592b23badb3717d7e8d9510efd69e1
A4185,15.0,f8dd6f90a2ddf0cd6adf7c63ed28546ff575183b3873a056b69b488ac44012f3
A4186,10.0,916f33568fe9fb387d703396c3af578b61980e2b1edba18e267fa5c31fc38bf4
A4187,12.384,fbc40c35ef33e8ad56f4ced11af30a37469e9f6c62061feae2bed5e41605afed
A4188,15.0,05e2a85e41d194e4457ef7e873feea9cfdf7684efffbac7614ef8d2c7602e74c
A4189,10.0,9c62dc59cc576bf2e5c439a90df338d16375e6ed391af5a8b1ae9d78afbabdae
A4190,14.0,3f0df6e4b414ba2e12e7885135c44682c5f33f858a2b1eecd54cc2a8c5eff6b3
A4191,10.894,b5341133f0952ef965acb4c92d560d9d47035f5830868c3ca1c2e779bc334a01
A4192,10.0,cfe2b55f4fd1cfc294629122a1d7899a5c1f6263fdc6849a124201915614b4a8
A4193,10.0,791e537f4e3406b95f087cb894102d2a5530b1907e4824590b752d6dc16681b5
A4194,10.0,b435c6fca9f16293846f7b62d451af03c696ffdec6b7cbdebc2676ff20704825
A4195,19.0,affe8bc0c49eac604088ac0a812310dcb1b4ae98154268bc1d4051568447d506
A4196,25.0,01c738b1ea4f3429b6b89018cccafa696d4e9acb255aa42f2456a3364d48832d
A4197,10.0,098d8466d8e275da5620f1a3b0eb7129f45c0ddefd6374ab6eae627893152c8d
A4198,10.0,f45ee7202843267e4271bb3261b2f7a57f7b69a447a97bc283d4eb118980d535
A4199,10.0,4aaf65b986dc7604773b932dbdf76af1f62de90cf22313be07a169f1bea443a7
A4200,10.0,098dd8bd7e2514a93cc598e1519e788d0ae71a0c0d2a39a7e24bb91d39523e89
A4201,11.0,2a378a6718cbb85b5eee36ce9fdc48f787bd0e0504959e3060285798ef89250f
A4202,11.0,82a7d6764857286d8cf3b3317eb3c5e4b0c15926a90b5870f3aff4be49b29e00
A4203,21.0,edac624dc84cc0fad7a4929853867cfb89d1c6ed2a44534ef8cf8c6e06c59b4f
A4204,12.844,c1b0766fa67a3892a3212575e1a4763fefbbfb3c634bbfbd59373302e0cdf4d6
A4205,19.0,ab5f85e8b940f30dbe098201c5fcf81436444a984fcf9402b11780fd53531734
A4206,15.0,92a335859a7e4a0c705f1f3f18dbdb7305151ccdd91713c0a8061e7f36e346da
A4207,10.0,4765eedf14c75e8acd8e90477b14870ea543ec0575bfee7e017dd014069a4a21
A4208,10.0,fdc7d83360a2e028427d76b7330f05a1088344e98ba3f37e1de6c335421fcdd0
A4209,15.0,c7f00dcd1ae813b86980f1181f36a889b072ceddf43db6d8554f51803a44ef02
A4210,21.0,28284181207000eb8f7628b318f79c2a1acdc9272d1440d713ee68280603e465
A4211,10.0,85e7bb6bb618a31c205695e96ddd06ae0f29fa53fd0403909d7cc3a2040635c7
A4212,15.0,0282903c4cf4a7ff87fade4a87dbb406c62088d8318797bdf4fc400887942c53
A4213,14.0,ecbd4945cc6458c1d8ed687da12ff6c281512b1114f3245272b9e8e6a9a9e699
A4214,16.0,5c5d9feb105adb1f561fe98a07bed26dfc0cf1e70ed9169c67ba44dffeb1362d
A4215,24.0,801f45fb7de11c67df65f6765cbb04a3e6842f63b21186e6ff0244889312b72e
A4216,52.222,9fc705b198ebc9224361f4684d7c9562c9935f52e63c63bf46448d4371ab86ad
A4217,26.016,87239471180befbdba71e08abd6f32260bb8aa3c3be26c6acbbaf9f461702636
A4218,43.0,882807f8f4c0a55ba731db7a016df3eb216290ce9a1ed1d1d669e33f9d20afa3
A4219,10.0,e3acb575cc8f046a4e5999dcee294cb0d710950e99e6965f130f5be62f3f267b
A4220,23.98,ac460fe525318703ee89da4a4f2c15997896f71aeafa0ecefd3902234b3a78e7
A4221,15.106,4ca6b714b1814c4bb67a01224a97b2fff52d420f22ff957d2200bbcb5b69f765
A4222,10.402,c0e6521b176b5e845496e45df514298848d185b99c3b518139fd9addb2d53aeb
A4223,10.0,b5d584416f4e852e7c1f26e2c95679c09af2ff96771d8948edc6470a49a4a0fa
A4224,11.614,3be3951220ed7aa6528df3b83975a8df3a644509b3ea3959b1eaf50b384c1e8b
A4225,10.0,ddd4c65d91524646efcb2186fabeae782d0a2d747a3ab2387c324692e153c6a1
A4226,10.0,bbbe99dd3d142ed261a4ff8721df45735c6024a50f5ff565afed7d84f2aec9af
A4227,10.0,d1e3c6cfab2ad57b2ac23512ce2bfcd1b3292452c41a2075e46e6f389739f9f5
A4228,10.0,ecf33c98afa602d40d7861c6dbfab928b082273e3c5b154f0e8129611709a7a2
A4229,9.0,c9aa3cccd7960ffe152cd1fb9732ddd1626bc947c71868eb365183eeb22aabc4
A4230,13.0,f029cf4945770342512038ae0ef68d5b8368d36231c191f0bc8cf26cefe91277
A4231,14.0,82b6d25f819e6cc3f3c46f4a54f6c625a2dfc68e2c4c6376e337f63206a4a9c7
A4232,13.894,d044af99103bedecbedb13751b8fac1d26fb98edf9c5e0ddf3e1970ad484e386
A4233,15.0,6545abe324feef233d8babd49773be50c6607aa8eb85042842a0b3071ede7a1d
A4234,10.0,32a42c7552261b508ff090196b2b5e40b493b4682579bab720ef77feeeef3a47
A4235,13.0,fc8d53f3518798f252165b1998a7296c9790ec416933a18348f08795fd866d34
A4236,10.0,e8011f9f408e8cee667f2f04302c2f0ba886c498efce8a8c7872c65a66ed9711
A4237,10.0,eba8032981d416ad7060f3f92c957d6a1b8aca9fa7281142c8fa1d822f7dbd9e
A4238,11.0,a5577ed7d772184f3bd9d41704a6ab5c241c751ee130128ae8ed8300c2f7b07c
A4239,10.0,2662a2fdbe98a018d0ebe8d0c070cd984a77372f829ba4029cf44c0d2f643f4a
A4240,11.19,991a5fa3c5ae4071f73cac7af45846394a4dac9bbecb7e5c23f99c60e57702b6
A4241,13.0,ae80aec0d239d55c14469cabf6dd43df18f284f0e5a19167cf44a8b009825d0c
A4242,15.0,3cd3f36ecffeb0e98d4325a1b9493e0d3d92b8f37c263ed9d75c7123af007b38
A4243,11.0,b13e26b1de20146ce43d5aa3ed265255f90c6136537e351d3fcbbc0516968839
A4244,11.93,856d62c993667ac1578568ca6689c959629b1e576626847f358e965cd57b2052
A4245,38.0,dc90fed707a0abef3bf650e173945de7296105c9eb8bb5a434b6567f1831c0eb
A4246,24.0,2102f025cf1471082e82b82b34c26e42e1ad6aa1a24371f3e5f286c3a78b6f14
A4247,43.0,41a51cbbed08a583254879f6c810530eebafd19f1722c458cc527c941b924339
A4248,12.0,c4318e145471289f757a5b6f0e3ac94cc816ac8f2ba255efb11c1a6aa8f13096
A4249,32.03,356d40360650389013a8d16c97aa27272287a046e9a602068dbfde1131557665
A4250,14.0,cc035a200e25338329b5d0fd0d26dc8800984cba83e58dd3755106e014950356
A4251,16.0,b6f473211a19ee88dccc8935c598be7859c3828f2a187233e2952f6e516137a0
A4252,12.0,f45f454b0dcea3f15ed242badce70f6b6eeead84cff668c869e029585d25b4dc
A4253,21.0,f7536325316cb01e544b90f00d1727cf2484e4c8c196e0084fc49f1d732362c8
A4254,13.0,af5a59c1ba4d7eafa9ce2439aee8c17f5d05961182baf2e4889d25bcfdb46cbd
A4255,10.0,b96231037db456626c6234777e67ecabeebe1cad8e8b079f834d8073fcd61536
A4256,14.0,435cbdabf7066880cf3fc1f190a8db66db6564866891e78ce197c16b16abfd8d
A4257,10.0,3b1b8220b01dcf2b6181d1b38cae5088fed4aec86f3cbf47a839c223744998a3
A4258,20.0,4d4b735d439f48189d12c72ce321db58d162db8d8daf596a61781b9a2029bf2d
A4259,10.0,1e6f5ec46d684a3ea0af823a31f820d86880ddc7a6542fa75ca08e1f14e67247
A4260,10.914,9859dc62ea188ceb069ca773979044dcad26882f400f7075d54c81677b978739
A4261,10.0,d4a612f4509f485d4cd31ce6b99e397034f3f3d05155473e87ff6fbc559cebeb
A4262,15.0,ffb49451a28aec28e6998cb9c56ee8fc298e6ee0ee99cd8ac4b66374e8d35077
A4263,45.0,f8d09b27cb28a96876b7eb7225d77f7ef291a350c9d177f2ec208bef9db74457
A4264,10.426,370856ce7488815136386e7de2d6dcdddc7292998249b6bf17c615419cbcc202
A4265,10.0,39a28b5aceb01052194eeadb7924d21b1d1ab1b9b0c60b881b6672096bfcd008
A4266,10.0,b2d0c4209fdd6c41c7bd41198d1a4c1ff8506c869b9439310fa7eefacf5173d5
A4267,35.0,ba80d7e42af0e251243e3ee7525433a122f2c096a207e97e719e849ae9bb001d
A4268,10.0,27ace586c9bf06bbeafab2c79ac734287ce691ad2b71053bfd204057e7fe3335
A4269,10.0,0b463a5c240e3daac72375f185933d1863b173a79166a8d3c21fc90afab15f8b
A4270,15.0,7b5f3df2fc2457bebb94d8b27d3451af284df8135b76022f1d6f5af63f96071d
A4271,15.444,4afe61ed51401067dab58bbec07b8201857fb0d27a70035058e47e3124b88516
A4272,36.0,0f0d3d1afb41badcba4c6745ab10fa60d755cda7814e8bdf331ec0641a0b8ebb
A4273,34.0,2aae5f2361e046708cc7a8d746e6aaa3ed206104f7a71b24875361c5b926afca
A4274,10.808,59b6afdce7326cb0524887347db54fc38b35d54a9698c83e34a1b834071e9c5d
A4275,10.0,b6458e4483043f9c296b57bcf75d9b799508d9d70762043e9c049135801a49b6
A4276,10.0,4fa4e18764d11abbdd5e086fc1a652cc4e10dfd2ace57ed02ffe7e68490d2560
A4277,20.0,7ee2bd0e9602cb20d31bf3f4d8de506afce66ea4568211467a24f6184a0eaddf
A4278,20.0,2402229f8b0024d18b249ffa67ce86f713c389ad2a6a258eb864184d80ca6b64
A4279,22.0,785d762d35cd0ad24a4a485498dca719104a67ab0562904f6f5c397f3542fb05
A4280,12.576,7754c301faf8c869b97b9f33df7a8f18de677ef5a0748587305d8b9fa3730e34
A4281,22.0,536d69d9b7de739c3ad758c68e61f06170cbf780b02aae3a3d2f7e27823b8168
A4282,10.0,941b4278df2bc13e6c79139bd66c22cd06eddf8d6768e97fc1c534f8db6339c8
A4283,10.0,0e4159604e68180e698f6019d150f2f394117169d3a60b56bf937e8fcf274aa7
A4284,10.0,c2efbe4ae4467227b723e99500e79a97f8d8a94b4785a69efdea79c3af9b4761
A4285,10.0,19f8282c718c43ec72308646bf23563162a1450b8726dd93fa69ce5c7caa0c8f
A4286,38.98,db265d727e6cbf3697f85e8a3577b2596d4757e288489f1fc4665e41bf599aab
A4287,13.0,c509e3e6666986037324f48d448ee4330b1c2e6fa72cdeec62726547ab2665a9
A4288,10.0,b2b2eb7b7a2a893558d11268afecfee2a132a8cb96998764625343c2e579bd7e
A4289,11.594,209026beffd06368a27db861dc1c2dd51b160f19d11cbc6242d373a00005a633
A4290,10.0,162e3769ff961627aa3748e55d4ed50c4c51af1bbe24d129270e25b71d0bf160
A4291,10.0,b6acc7252d00d5077c86a9d8572ed1746ea1543a9379a3ce382743b17bf305a2
A4292,12.146,a06e80b3c4fd8b48d827a6716f722a3205a1a33979b003abd410f15960e73ef4
A4293,28.372,1ab7654b0f22a3e1a71c04af6f1682e9c042b51616e45dbc4449061c15d2acd3
A4294,10.0,00de4728a7951ee326d0ceade309a34230086e7e15f1277302d2991416413449
A4295,13.0,b5f8035e94f05bcae35b261f2d1c3edf9175b2265b09a916317b68eda8a0ba1e
A4296,15.544,14e100f9246665d2378c1214d6413f9f4f55374a7379411eee8afb06863a414d
A4297,23.588,a62db0812eb3bce46e5e63480b58a62d29604ab85c001ef5146413688e0440c3
A4298,46.898,e75821555aa00a77d817ae53195841f831fb24572d0918e56c3e031aa1dad55d
A4299,10.0,eea38e7d4a6c6f2c6dcf4257ac6552a6d8fba1be15c1445b1b7c1a053d98f5b6
A4300,14.0,cf1b823acc1ba902a606538f034ef5060a19f0e52c643505c30622b106d52793
A4301,10.0,6792e27f13854289a1efe802cd7e5ffe3b0d2b325de9f6078d3510cb39fb785d
A4302,10.0,3fd997fb8d6416a5fea6fd69bca70f3015e95442c393982824484ec063eab59a
A4303,10.0,70388759a44371beb17f91d46661f8c225eb335d5c85251a8664df4d7bbf8914
A4304,10.0,73878bb4466f81328aef578f90a38c2425049dbfab6dc0fe18fd88b7695c3378
A4305,10.0,af1e8a508ca0e9937835d6301bada0e37d814ca70480cc428681677e9a6e534f
A4306,10.0,3df319e0385952916b6bc5b51a97bcd7253617b5eb81434f8e5456a7880a4690
A4307,60.0,421b299d80bd74e08ceffe0eb8bb69c5f07bba0adcc1c5515b8b22ea742e8b22
A4308,15.232,0192586e3b10cfe6c9804e72f6e8920dbbd6eb0c1b7800ff7897b140703196b3
A4309,12.17,b2b5e4fe542b80cc859a92a65e315f9784e57779384312dbbba17adb6c25acf9
A4310,27.608,3e17451f33e3f256737590ebf00e720b51f54b2ab454ad768c1efb84c0b32017
A4311,10.0,7a508c1bb6ac9735eaa603c97f6251e5c09cb31979b75a2704712df8b830d617
A4312,10.0,c41839ee84682d47a2d0cb69aa6de03604adc28817a8706acab0d3e2ac95ad67
A4313,27.0,9bcb39fba4ca40bb76f0f5e90a2e72f5e0ac8b580035d0c3b2faebe6b22dde72
A4314,11.0,d301aa787533fe6b6be4d1fa7f28fcd565ef5118e323b94760934e7575850779
A4315,39.662,c57088eef83aa18529be3025713947e6a4fb01a412b416e48f2046fbe3c6842f
A4316,10.0,8e90ab22b12a4364da240bc3f4bd6b0e3e7ae581b9429e79cd34a425fddcbf07
A4317,10.0,d6399d48162789280e91df56af7633b2647b6b77f59c7eeff439d249450a51f5
A4318,43.436,894c39be44dcc78a885ae9f062223587eba14137b9da6bf246abf25fa667c1b6
A4319,10.0,c2c7ef77b63955bae2d20aa93c37068fae771a3f081e3f73d3c7e6de2a25e3a9
A4320,10.0,d19fde7990927c9298500920ca9a54893ecf5d2a4d2812884d69db668da3703d
A4321,10.36,ca87b568b9d05a5a971b71da131981ced64e491a918c49facb1f94fd948132c5
A4322,22.104,50dd47737738e86d8192bc21a76ba94945d0b89e7c29139d1c116b179e6e0dcc
A4323,28.0,a499299cfa14537ba274b3e89a0229aabc16bf2d33dee8366fd5174cb4b8ee55
A4324,29.474,e2745e77638b908a99ab222c0f120c423227a43f51c08366d9d5e184fad748f9
A4325,10.0,c5164b53b6f6a81f302e82b6d98764207f7d660d7385ddf1a6e7608d27a81bbd
A4326,11.332,ee2d251fceb7f4a8de8d0fd181ca39698e5d017ba53427fb301bc4ce5ea1ca95
A4327,10.0,815a4c711e1a4ba0dd341814466782b4dff04246137929d6aa566c67bd6303ac
A4328,10.0,b602fd3f128f21a9bd98659fc7445e44e39e03548b6d899d310538911219c872
A4329,10.974,ab2259bfcbac8392d7fd6c1ba57c047e0d22bda17133d32578fa0e375d9904bb
A4330,10.452,c6e6b39d631e50459dc3c7073b5eb4c8da5a95d24772b9ea41de21decb6258d5
A4331,10.0,b005d46dbaaca50bb8177e1255fd03ec72f1a26931bf7f7b411965c8eccefa17
A4332,10.0,08a520b4e1efc358fc088b2f11e2d8207306e7a2f083e327eacac23256c4e6a6
A4333,10.0,c4b04ab3ea243f38ce81fae282a3148fc2fd1a9f9912fca158ab187a7d4aa220
A4334,15.0,da89900345b3460174420c945ce166b345e7376d9a8b6dcab52adc2a18be8e1c
A4335,12.0,046c365c2db43c21fcbacda219c2f1e7fcd6fdb1de0597d66b0a716d76f12bb1
A4336,11.434,757e3acca497cf963cbd40ee081beb6757554dad8b3529f9480f6eabebfa471d
A4337,11.266,12938032df2e9734b6c1667712b2a78f258c2f0e3e259871264ad7adf1748a43
A4338,45.884,cae755b9454173a6052833fab82d3e55b1bf119eeb7bc0a82b7b23da20ae0ac0
A4339,10.0,283e362ea7a23f691a73623fe996f8dbf802d562737e842b024cf07d5eb1cc50
A4340,10.0,3d665ad3c087f52b917eef18b15b89aac1108ee18007776dffab58dbf462c5e8
A4341,17.554,70dfab19aed6be368d8770526312fc8b68a5923a945d7e44f241019d65891017
A4342,53.48,5cfc3b088ea2681d69a5d254b0d3042a72ee572acebfe44468bdd75adcf05c18
A4343,10.0,d53a845c54a5ab4ab22851a79ee73603421cc12caaf0c55ffc80000159a35aac
A4344,11.0,8b0c83b8a2c4c887fb2ca6350a23702900506ad083558e864a3157fbcd57eb97
A4345,14.0,f6bcb55c2beaec20703b7a8c3ba8b81712b83d5f4a9fa800e373113d6f21bf55
A4346,21.0,61291853bd4565ca87ca50dcab0ae804e3b6da903a62c6f51dce6ef4de2b2560
A4347,10.0,27f881057ca3276ec76a7205ecb565295997e04553d4779709f4fb1eeb4d1b14
A4348,10.0,4842ce118aab8d85013d0f389aa01b1ca1d341d6a217a94743a5c25a1bc7e75f
A4349,10.0,1b7d6c662f238f24ffa3f77550e40385530bff7fc92b6780ef436a7c965f244a
A4350,10.0,5133fd992121adfe2a02de68129583efde53abcf0b47c450b41faad88b9596c1
A4351,15.0,44dfdc4f2f3a989a1cc4e7c800165b7383063142f442a595fb828f63759bc019
A4352,23.576,df1390c23a8c1bc387a916cccdc0786b0f447a14e6bcb67cc91eb9c86c13780b
A4353,36.0,9a81628a41718355f23235d8d4cfcb9da7883cc06bbe767cbd9d149c2548b449
A4354,32.0,0f27a10d2d4bcfdbfd709d6d07e44446ed34397e19e2ddcb92bd93131a20f19d
A4355,10.0,c971a6bc2e1924286fe997bde876d20d28bc6350cb258e501e8fce1aa0498d74
A4356,22.0,2655e836e08149c4e53c6947b4c7bed5d424a762cf3b0a0edc0d4c11c0361d8e
A4357,10.0,9dda89d3df42fb5edfd8b4662180d0e65699207f171dc1473db49fe029c828d6
A4358,10.0,d3c389cfcfea0d03c7d0a5701c8756c818563a18390b148e830cf532c8139ad6
A4359,15.64,b6d4ecd1d1cfb413b362c5e7eb14842f354815866f35233535440729dd3c7d0c
A4360,13.888,efef6fa5c0ce83453b26633e5af3c256aeb5dd6912b469322923f67cb0553928
A4361,10.0,ad7fe4b2bb6340b9890e4a34f0cf4b148284592b1af864f65c6e933e820c5608
A4362,14.0,9a729e5e37326e64fc6c68eec8c819a66b2f849c3688718f199187be3e8a95bd
A4363,13.0,bb8c5136b81be68b16fb1470fbbe28c268c6b1d12a39789b78f3506d4bd12ecc
A4364,10.0,867c762a842f6442293bf8c5adbc09818e04d0846f189d49e635720f7e5678c6
A4365,16.0,71c73b2236d968e1f28b02d35d9eac398233f010200f7946753f66e0c011453e
A4366,32.67,8ea9402333c366cb57babf47e14838be80d0f4f87a81ef505d1fe7f07c5cfbf9
A4367,10.0,3ed8b513ea1680f82bb67111df4644033508ecee562a06a3170048d626636de2
A4368,10.86,77947bd0014363ffc5b3bc8e3580649934e361a5ffc782d64bd32fd7d009b4a1
A4369,14.554,0bab17d1f1bc99df9d34c46c273ccaf91deb21ae8a570c578ffc54c65c038bca
A4370,13.0,1b3af805de5685f2c201d092263718c14430b7e11a314885c3a3382ef7872a47
A4371,11.0,72ddd3adf8be799662222ae356ce2706f0dcc21c41bb2fb1a02afa80ba87c6d1
A4372,10.0,46711fd5b521b2e9e68b4393a457778bbf7e65d73e2c95df1efba9bbf4ff2254
A4373,10.0,cc2328f341e9fe77480ed015e20b017054a726792ad4d81ecba84133dac49cce
A4374,19.288,883ed37a37d86ede9f204b2ada698bc3d67d63861762b8f2ee97c25b949672e1
A4375,16.594,b25994e1b733eec1c91ce87bcdb6001087821302f173b887bea95dc27f127fab
A4376,14.0,f4fc6224826178c4babe3d31541ab4ac961ea0eeb1301652ce27fa8a820eadef
A4377,41.512,14bf7b6769bcca18ef8cb81bc89e136c76702f4a8a71acefb6e77bcb997193b0
A4378,13.0,8c1a274e4ef9409d6aa48ef37bf57b0f8d8b11f09698aca03fc26b601eb039f4
A4379,10.192,e8be0d761080acd6cb2894b9c7b45ecaefee355147484714f670e2113bb41c70
A4380,33.12,d4ff8184c89497cf9599baf7e0c9402cdcf780d51d3f1cc0bbe639ac38f6d793
A4381,16.0,f454d95a5b0c1b250f4f2e7a04e0054bd1afa77500d4d84d4c0c0b42f5362bd4
A4382,11.822,86a87b228ca6cd2ba23f7516ea65d789a195340e51ef3ef44a9090997ac88ee7
A4383,10.0,ad8d3488212afa9a25274bffab5db530a977baa053b35e61434f1046feb0d0a0
A4384,12.0,574ce8e24b8ac97b10314e7122ad88a646b541c62dcf02e6650fa728459650bc
A4385,27.0,9e83f83bbf9a0c6f88fd7744045952afe6085a89073c4cbb512fdaa8c31574e0
A4386,10.0,13897ad0581a9c56ccca6eb5003fdb244e87fe3b0d2119bda4753af72df39b33
A4387,10.0,550f94ce0f2cddc76863c1828f8f2465daf83159ac3e2d57582bc0cb56dd639d
A4388,10.0,ecd767c052c8f240ec682eeb0837f425ce1f620890a584ace34c401da36556e3
A4389,33.0,7149806f63e825fb2c786a1a0abb78baceb499326e65e5b02747af3d465ecc61
A4390,10.234,f1c3646f3af190f8e21e1b1148d6412b78f8808b232a412daca07fecb64c3af7
A4391,14.206,27f43fedd8c2c6cefca839442efddeed98bfa0a882161f079b51674106e3b9f3
A4392,11.288,951f50a0889ab45c8d58c4abbc0888e4f3545939843e1f84366e45174b58f3d2
A4393,10.0,8b0793133df28f3c68dbde65ac12ca5df45bd6af1cb475d2a0988870e3b6a64c
A4394,10.0,8d8072075c1e16b00e1596dee0990f10173ad94b2b973950de8452c32fa36659
A4395,10.0,993098a7d90a12605830695e27d017776911e34f3e0720486371530278938dcd
A4396,14.0,1b8339b291c552a4092961cfd3f11eeeb921479d842b4d312d7fd62b257970f8
A4397,13.208,2c20a5fc7639f0a3c7e3a8e07ce2798c7b85fa7a735d5c0d125b67059c888fc2
A4398,10.0,49f02a3ef85a55b79cfcae7e97d7356dc4f797b4d84fa74e7b7ae7a056cbb33b
A4399,10.0,1e753f711b96caf78ace280eed82aa1908348a5b4603929cd65e691e8a606e4b
A4400,10.0,68069e2bc36cb3aff56f3bd7a9c31ce35ce5a3244c8d6e9fdcaea3be913628eb
A4401,15.0,79ff527345c1c03623c1ff7c697f88c06a1f2361132f77e552de07be4257d039
A4402,10.0,4f3b7ff7e0102b7f628e6e4edb091325146cf0320a275b557be201bdf996a0fb
A4403,21.0,badd6f2d6d6a6fb20a9e7a5869b6b54cef053a9e0167d1e0e04b08a9f00a1705
A4404,41.986,bedb51a2970dbb005560c0b9c15c3a593e5b0336c5be620ffb772d7549605448
A4405,10.554,4be35ce52f5f2b99cba2ed9ce214947894509eeeec83d51963492af338e01859
A4406,11.466,170c24128ebf3b6cc0e11e64c061a621039022b79e6f04fdb2af2f1b615f6a40
A4407,10.0,1ceda62bc26a8d2e45ebdce98d6330d1d221980055dbd2d0f0be87941f821859
A4408,19.0,e1fbe586af4e3c2bdeb12f1030cc273025f0bb05fb9df004859a58a5306791cf
A4409,23.0,78758d4df7fb97fd7fdad6bcd39a67893afd0fadd72e155d62d43e7e99b51bb8
A4410,10.0,68a27d91c1ee4fd505b0ec45f51adfe8a172328c5dc63279fb17bbb660ff5369
A4411,15.774,8845c719c678dd9ff6f60944e78663de02a75686986c9c4d30627dd28f83c9c9
A4412,24.0,7df156555c200d78e4a02c2aadaf3503cafa91fcc756c8267c3244878be6e8c3
A4413,10.89,33b734dc23f40805c750249e7b9abc829b74ac476e6ecf01c5a81a4531a953e7
A4414,19.812,fec1145b5f0f1a127e570fb104a2c56be688b0e125a4a92622294b88f3914b3b
A4415,16.872,207c408d4199faee677d28315547d369409d2800546dbd02ef247e70399b1d9b
A4416,21.534,5cfe09029a670c08e80f96888fd106676faba81bcd5e74abb2ba7c4f3069716d
A4417,10.0,ce8160dae1389184a10d75aca9d2dbd9acb4c946d90606ee400183e0e8c1eac9
A4418,10.0,ed7dc92594c8f911667c780839e56931712079d356b86c9fe7fe2c7ce1608fb0
A4419,19.0,c6d07d02f1f7f2304c5dee51a2e4364a814ff01dcd65dd76b6c2e487bc204ce7
A4420,12.346,3c0de9f268ed267816c898227ac3d681f7ee6b3b752602f1b4aceb1ff29d407e
A4421,20.0,16f9e0315a408f9ddc5d193ea338ca8abcd014e61b784f3412f85e7ff63c822f
A4422,29.994,17703db0f5ea63504cddfdccb6cc54fcc98d8f3dcfb1e36893295ebc5a2240ed
A4423,10.0,3e6b86c250d0c05cf4cc88a04054fc3245b9bede14bd832440095505bcf90d3e
A4424,11.0,210f9501973ad32df04b550fdf9f989032ce87dc2bcb63e76a05f98b01b4c975
A4425,10.0,f512be4c1fe2ca1e242e09e1a70b1060aa90dc91b197008456762147b5fe1321
A4426,14.256,81e31fb9b1d7e39fe012b3a9f48daab258f515c5eb91cc3eb6bb0459bb28bf0d
A4427,11.0,67eee8011e5bdb413c1cd37300beaaf203890f70b8593ff290e1529b4cb88ca1
A4428,10.0,c1cf57ebf11a05517064385493afe80acada1f1c5c34c9574ddbf20a4542b888
A4429,10.0,82f3609281b12089b1ae4b2a584c9a1f5721e556c8b6bbc140cf8ced85f8411a
A4430,11.928,6646758337342a44d225e63128594aaabadbf7122be5d8e357c35189a64be888
A4431,11.0,2713a54a69f77691b48ff2cfc0200d36e9d6c4955a0750ab5dc1c500bf57c21b
A4432,13.404,6e968a9d88a8e7f7d85036012d1787d874866a19e3388d8790bef9886cb143ea
A4433,16.0,d12e5427625e70b3e1b272c5ab818eea7db81605531d90e5cbc64ff013be1917
A4434,16.0,cd36985c0acb0a9b2c69948b5df8ab69acf6e3576ad161845b382a7eaeb2ca32
A4435,11.0,6c30bc50e4101de16e1b345dfcae61b7ecc9e369544b7b5df3e3a252e323e7bb
A4436,16.312,bce983dfa918f0b00278fd02f3524a41e6199d2492d34303c28f69244fe2e48c
A4437,10.0,6610316ec3bc3f3ae3d915d813a215bf6dbf1b9cf08d322b6c9abeac1bb7c6ce
A4438,11.55,60e4f99f90b8ab7ee683b4bbffab10f97020dd687d010fdcc8d8cf4b70ee24ce
A4439,10.0,2ce1029733a163ac07ac379a854da9fc4ca37ffb45e3cc5af6e9365b923ccea8
A4440,10.0,1baa7088a9b603e0ed708dd20e94c4de59d677e604cadafe1ac3539c08dfc321
A4441,13.0,3eee2630172697ed096b5d9d3bbdc522f1e52f94da33c552cb15527d2d9168eb
A4442,11.15,8f4be1c9213877f3879e0a18ecfe1b74aea721997e9fa3580b2f441ce58e5a09
A4443,12.034,458748c76925074676c03277555fb8ca63b6e136b4aa7fd766a75ae18bb5b730
A4444,13.0,f43b60d2ea99d5b6fbecb8fa8950afb4d7afde6a0a03c48087507adc2212971b
A4445,13.0,bd3c8cf1f6e77a43f78ab9c6799839a41849e9611b1672295297119a88c650cd
A4446,12.786,35f551b051a7bfc67a29fdbf3b10214c6fdccef3ac211c51a38425d935bf22aa
A4447,10.0,eeeebbf34e9a5f28fa85a6fdc6803bdfa2e6b506b28333762ecaed2461530326
A4448,10.0,153be71bbc0710e0402e82ac8b8da1d4cc65dfc85517ed09f03a9a98a28368f4
A4449,42.97,ce2ae17622afde3d746e85ba9dba1047ab24fe68e45e7e87f1cb90a69056e6a3
A4450,43.312,1ce3edce76585deccbee339fc109d8a3dc79cc4fad93b524b39e867050e49b0e
A4451,10.0,871f84336cb4160f729878a82bd1b315ca515e0804dac8859be9aee7ba8ee61b
A4452,12.716,b859a7921432f14dd88f017974e3d7becd68b3e4e09328f4aa3bae704473d8ae
A4453,11.0,a7db95c9aeace021b3700e671086d6c062bcd15ada97ed926aa98eaf6c86bcda
A4454,16.0,41ac5ce19e4e8ee40438b23be34ec1d4cbea7fb0d83ba024580200a0e818ab36
A4455,10.0,02936bc4ae0f6fa7983b81d747aefd40d421266847d007c66919f18af02dda00
A4456,31.698,876760c9d6e0fa7f842375025e38551d3fadd46ab2efe98b3b4cc26153fdc8c8
A4457,10.0,3f7baaead60b7ab18afc4edca838ece38e240a4c315918f41b0baae92e48d798
A4458,11.0,131c2328d0c36d460a52bbb79cae014683230940a6e3c0af670af3844fab0e8c
A4459,10.0,5d4dc5e5951378cfbf46abfc5ae9813c4c3914262d5d45c22213df012e9f5ac6
A4460,13.63,2313e2eab6ebebcd63b96c03ca719174581807b22c347fb1d28d9f2ca1d219d0
A4461,10.0,21ebadcb8acb838272fd537595b5f69a52d7a6a7cd80c7696861ad4a55da6dc8
A4462,13.0,0d2a7ac1b04f0f14cfd7de13e2fe9b8e8beb86244b26bc441f70a1288958fd6f
A4463,11.166,81555f78d5c41d959fa23ffe0b7adfc46f279695e066ac6dea3d6817e824f894
A4464,21.768,7fd886f4106c9428b1dfef42468f121e5effe1e3270142648d4cb1fe3db554d4
A4465,10.0,c0847bce8eadcfc6edbd6f062e8e64e638c2e1069ea82637b23f70276a4306d4
A4466,16.754,44fe5845c95e0ad6d0829606a6721b810ed170c35f84ad82079131aee905e8b5
A4467,10.0,3cbff0f714824719463f7823b623ad12d24c426648a0b678f0c060e338df80a1
A4468,20.0,548af340e7b76c272dbe307833bc11483b30101e197844e12ee5c659a2a723a8
A4469,10.0,453f755b5438a7ad8f2f9ad6eff453435a9895fe685a1518e41b07551b366381
A4470,10.0,1e543fbd065935af6936c0879b9dd5f87fc70e7a4f3b98319593ed932be9f40d
A4471,10.0,ec9763bc3774aac2de58da9afac94b5dfca5577a978124a01102f31e6f037a83
A4472,10.0,1046f3f5545b4d9be911acfc8ae2c4c5f1f2af07ee4c772a7d4187fcf426b71e
A4473,11.0,780578c0985f8f2d2c09433083e2e4ba4dcc1e701a8ace746ef36e765df4bf02
A4474,18.0,fb6dfabcd7007cb6c9144ee6ac229397d133904c4a6b4af951ccdbc95bfe8817
A4475,19.41,c65ee41ad270217530af52cbef9a6eb2abca8e8035f2674b35e66b04498a8fd0
A4476,10.0,d06bf003d0748b3ffc2ed764080e61977b912afdf769934450104979b2d39b55
A4477,20.0,34b7a8ab35eb3183bb9fbf97120d131332667c7c0d17af71fe95fb4f7a0792ba
A4478,10.0,4e59a9024eccf24ad06ecb10fdf531e86c91e22679f281ef781c512c7fa13e79
A4479,10.0,686e000f977ec0a6868b8b9f86245baff103f715d8a7c67c6b5591979113c3fc
A4480,49.0,6b237d26fa410d2682f35f305e1a5e2c16af98b9bfdeec4bfad8e87e4bf44d8b
A4481,27.692,21040502bc6382b66015b5ac35d254c7831f5e1edbd8ec4425f0f6376c0cf611
A4482,10.502,a99333e43c06c413ed8537a293e923553d8f8515ae540434d89d1d2b614a7d0c
A4483,16.778,75b71db903494f9961b8b4fbc269c043a844fae526f97edc887982a23444a72c
A4484,10.0,8f62b6a24d267b28533f7f5b6759b7e3ad138c497f2add36f4b0204193c4a73c
A4485,10.0,ac548420bdb8e5305e15cfce4bbd1ca365414df604847a1823db6d4aaff70430
A4486,11.73,777b67404476cb96aac7d8418074c030b331398c3e1b3a7df29715c4588dc081
A4487,27.0,9991619470072e49de8e828b6420ee2aefa39174b5b20d90a2341131187c9348
A4488,10.0,6716b9eda3509c4a77e228ebbe546aa3076073edb3d1faded3395eca953c2277
A4489,31.248,fd33b0cc0b3c3040dce7a225eaa8308e62d7dc50485e9d54e2d4349581bf2385
A4490,10.0,87cd5bca90a7a6b6a19f8a91c651a93155e07645fcf0b85a5a2d3a81e89aec51
A4491,14.0,fceab6756eed8814b58769d4837ac433a984778c3789a8a7add1d7ef5646bbca
A4492,31.0,9286e902d87a2ba1643603e70bdc3d247e809e226b22b1d5d3e16e8fdcc21bf0
A4493,10.0,a0508d46cca94b5a22b7993531b72027a2889e6229f8e4b343a92777ba602758
A4494,13.462,c74bf0eb9ec42ff403f9054b064c41b6e3ef40030e3f9131fa330848d8adc42d
A4495,10.0,5917df60d5ec34cb853da1ac1c1c00614524c74e39a9fd16ac0a010027ebb5f7
A4496,10.0,c64c018ddc6b91841238ca5629c964ce04487f83a9ce1db65ac87f2b78b39380
A4497,17.0,86473dc20ab1f1bb39aec14af85ac1f2f7ba451dc7d9c09a0a8f3697639e2c28
A4498,10.0,444335031cd787d1bf39ca2c737a2d6639a10ebca2a89974865543b9b46f9861
A4499,48.0,bd8ce2c8e7a89f75a9393867e35da66457448e4c25cc6c02754f51df871c1a67
A4500,18.0,0a8e0b6bd19adf4081836f9fb2cbe74eeb32c6762b2569ac512f1d95518f3908
A4501,10.0,f69716ed3bf21fd380a9020b2400c8a43bf7d9833dfa61b2475899b4961b181a
A4502,17.97,c5918d78fac6b329cb96ef7247419796437402d6d16a0184fdff16dbfe5a40e1
A4503,31.314,5d159e9ea163b7564d176ccc59867eb61a37e3cc4aef15e127d16206852d2eb6
A4504,15.0,a40706699ab76b8f22363eabd3e1272765d48456ff11d4a324c8b0f9bcc66c30
A4505,25.0,beb4ca58297c448c8551395156bc5a2ba9e7ea7c56823511a65d84901b44976b
A4506,10.0,e223f8eb357081ed68b88d5a636865c8ebec24c5d2a6d26d692ff5209ba97f7c
A4507,10.0,3f4a00790a9ad50c075ccfea5a60fc4ef085f14951a53e3b8d0620ab0ca61c03
A4508,14.3,acfefaa7ebf6e716613db3fba26558c2cc49d12918d1a648ff25f2e96be50598
A4509,10.0,da03cbba8c79ad419f493e0ce688a0cf9a7ecbe4c52440878ac6cf74489e6652
A4510,11.0,ef594169250776ec761ad2302adffeace7e6af60e8e2bf85fe817f89e9c21c2f
A4511,10.0,0dceccabe42207235585380680380fcb7ef1feea49043b4e81d026ac6e770bf8
A4512,57.992,331ab1cba1af7806509c733ec754bda255a51e8dcc7196b8aa9a42fdb4c266e3
A4513,11.086,89cd8cd5e24257f59e42eca5bd0f91d7c212f81c0ff4767c87dffbe28a45c47c
A4514,14.994,7fe8944d34f5ee702fe929238c0b2846b93bbe248a9ff6c1a8a7ec8292b6cd61
A4515,12.536,810c8f93d908db7972d62c9416550f48fb6b4de57fcc0a304425aba94005f8b1
A4516,12.098,b3c8187ebebe89b0b75b7ae63130ef1aaf44db9c5baed821dae2a2f1f608df4e
A4517,10.0,7460c150c884924af0729750ee58651734a9167eed5fb40ab34aa1ef07c2ea03
A4518,10.0,fae71b7bd5bca8c6ab516b86d944da8d02014f553c1611c9fb7754018a763624
A4519,11.932,b4f6f9afafb3abd609aeffe42e360047fa053be9e09e507b0ec47ee44529a16c
A4520,25.0,d6b67456fae15a219a755678bfe7d24850c1e4134fcf571bd8432e19d720a618
A4521,35.0,2f8d53bc02847901bde48b896d41fd862cdda2c87dbad8303bc484902698189c
A4522,15.0,b26f8171bc6d3bdfe0e1a0d0a66c3c9f555e6cd263c1970e38fa72e9ae38b685
A4523,28.218,f58c87d768cd27becd1827b5b8b1105453ad045e7e3dcd01f63bba2181b73d3a
A4524,10.0,f4d87e58f0d1b29176d472b769be8704b1f577d1d55b773768bb28b75318ee69
A4525,10.0,adeb8724c167d67151cdecbf39e642dcdca15c039beea38caf0234194da09aa0
A4526,15.0,1acb4d06b6594a2c7238200c0d3d86cad05c2bfffd781551b2a05eb7600c2824
A4527,10.0,d5332493d16cf7e84d8f49daf1b2bdb3d828a7681875131b1b97c96bf2024a77
A4528,28.0,cf94b0c821b2a584ec8ee7461c0cefbd48211e097592ba3f8ed4ab55f75f4033
A4529,10.0,b4fe967c108fe73cf7de5e7d762205bd894c67786a7c7e29526a02a360647e9c
A4530,15.0,dcd0304346fe5f374eb04e6cf1f9503a21a2b5db5f2d4aae2623ce7fa7e0bdde
A4531,12.178,3626b5ca45f0850d700816422ba8c99e3e3e3add8b6afd7f519a2827fa4694c2
A4532,10.0,65d4ca4bb0a0698b24062a9a36906a1934ed01f6c071c6ed76005911541959a5
A4533,32.0,d85a7c2678e5ef00e712e436082980b44029502d4f923cdcfd7924630d0c1913
A4534,10.0,ac518ed665db4ea9c1d4f705f5dd2917e00d8d4a1137c9d99e854a3d3b258fb8
A4535,11.454,bf772fbfc672a8942b175ebcad9286f60cab39ce44627b3347ac9261b1126cf5
A4536,32.0,6dffd148077411a21debf0bd52cb12bc30efcf6936e00aab83db306512c9df22
A4537,10.0,f6cac43561f35bb6b8f6223ff97b135866d0d7665fbdfeacced6274938b3406a
A4538,14.044,7449ff28f2ab9add2149c7afab1173620a8850f564d6ebb7123e6e7c93646c36
A4539,10.0,b03275625a11121ac234fde28506249d6c971ca41593fd1cd4a05f8be5e7c0a3
A4540,10.0,a8f480d2e29908999657d7c76b58f5bdd79aa15c7bdbe92cd25a76e9b1ef7256
A4541,10.0,cd7fb59c3f62b2ccb68d24d598b0a42b8d3a182e6c011ecea36cc6d7f9d9619d
A4542,10.0,7f23c46730c9d1e141c16a3667e722143fd2773ecc64914302b8d8092d602a15
A4543,10.0,5ad4a3421473523b4928cf99d524f01f66b4a9c80c30676dbf6dbbccfdc1a20c
A4544,10.0,f8daf9ca75654ebdfa2502d0a24cec9e18a8f874fabc0de35e5ef8ae3e5b96e4
A4545,10.0,69844c0461bb20e35cd0ffa380eec5ed7708f518e878fb35dd72f857eda7ebce
A4546,16.214,e13ed71723c5bb0d82463cebfe6085a01d114aa2b4217af14fe72938e5f45b2a
A4547,11.09,e6d415921ebc11839c7c063fb228aff62fb0a683cc5e9602ff0ccde510ad6f94
A4548,15.0,16f6022e5816695957b1d1dba0a7902f155657166f49060c07836593f3927047
A4549,39.0,2ed7f4f262e6b5518fa2f812e1466bc75953f9a21c6506ac0d536099bdeecbd3
A4550,40.328,30bb942c9afb38508d88378771691eda9e3151ce485f9a4223195268ec459dd6
A4551,11.0,66c9936f200122aa30b9ec94ec0af9b8a7af70552fd4fde01a3b91c76b72a319
A4552,39.0,0a1bfc94914b2248cda07a4829b85597268d6119eb19d3f39016c305e5e0a8db
A4553,10.834,6c3185ed1d62a6b5d3473a58501c3b80d7aa2b54f7ac1ea1850246fd5387cd8e
A4554,19.0,ad792152604d51172ceaf97fc37dfbea914a309860803d4858939d4cc008374e
A4555,11.09,41f0ead3592e09d2296e7fcc7ec1aa81af15c77528a769b2e99c1eadbb85b3dc
A4556,10.0,226587c259e13a9833077f1e5ae4a9bd1329f75fa8f5da5db11f90203a418a9a
A4557,10.0,31dace0f24678a926e5c7584a2ee5afa00dde71fc69465ef75ab781001c1c83c
A4558,13.0,f5168fd4e164273d9882455cf1fb47566cf82d9378f9cdb2f27828d25f39760f
A4559,10.0,5889f9be2874df982d3d867845e54d59b60c1b17e8147cdaa293b4846701b8d1
A4560,56.322,bacf39d02b772fb3a02ab5b830ef61c4a969eb13e8049e79e83aa29fb7dae985
A4561,22.0,74044cda42d26861c9ce668bd105acb7fe92254a55ec91c10c931ff481689bcc
A4562,13.0,f7df4eb732a62603f96fa7d5bb2b4e7a5dbc2cbe0c0b7d2a74c5f9fceae707a9
A4563,10.0,cf4b71bec751952491de8456f4e20ecb0bd3e5d5986bc4fddd7692d1fe68e1a6
A4564,10.0,87118b71f3d6b5d1c82192a516a80f3dab573faf060de77de869648d3bac6c79
A4565,10.0,6e61cce847255ce98f991af9ac25035db1fc6923407825ca268c0fb25478dac0
A4566,12.434,9c500792574efd0d2654380c6e7dee4715e32bd00a24a3f3006cdf5067a74944
A4567,10.0,606e6180430de6e6a3d73ccdde4db7d60f49543c938304c6bf6e09c4bd553d77
A4568,13.852,70239769388a5f3a5016353ea56c17947c0367aeaaffe6ea2bde380f667c2281
A4569,14.792,1dd999380ba4cf6ab660e0d278b7bc4d13ee54b4b47411b9164a760f1701dfb3
A4570,14.0,136160177a2646da9cccdb3524140be49225b018dd576918495aa69df1db18aa
A4571,21.0,481cd1efaf3ba90d22b24975b942896f963b7cd2be1c06af2f83fccbf3e7f3b5
A4572,10.0,8db2aa50a773b375797d4a3aeae47b92817745b5920ce05ebaa622b27872a742
A4573,10.0,8060905653b68f67102b200e738c15b3a751bd123eceb7563f37527b8da39d1b
A4574,10.0,96c5532acd0ef420cb8d2c16e760e6e37447d40b68e5117820d42844f24efa11
A4575,10.0,b2d284f0d1ba2577409c8bee9d4357912e068e714c35949a0b84dfd467fb5b5b
A4576,10.0,16815edc52c533482dbe08fe3e265ca5e0e69297a6297b269786d18918df4552
A4577,21.0,9cc798d9868cd52815cc1fc1d855d064c1eb8e583dd715c7836cf1fb224bc2ad
A4578,10.0,8d9ead9c110b24f8b833503ddea42268373ff745a302a46ca107c3615e37ef37
A4579,10.0,7dd72735df8f17ad46656b25e19e3fd11c27f52c74ff025492ffacfa61f01026
A4580,30.0,1162ce04533e7f158021bff0bbdd69454c3be732fbe2475de4b1ff68bd6af4c2
A4581,10.0,2ce11a35da6e0bc208bba8bc8b0f1c3e2ca0228f1fb9e7455d70656eac9dfca8
A4582,10.0,61eb469e339ecbc512664d7fadb7ee4fb9130da7877eeb53ce78f4a7af2f580e
A4583,12.076,37504004ca7b761727fdb7224e39afd174887a29dc72c42f4244e968a4dd65c4
A4584,10.0,c79a44fc40d7eaab021ac49a65e688041c1939836592c32115eb07345725aa20
A4585,14.654,871c2eb3f0686b826924cfd90dcb883aee5c353cd96a244246e5714eaf0663d1
A4586,10.0,e1b8c6aae96e3fbfd467d617f81a5bdd6020ad7030f26e1ac8ad320ed8e8db80
A4587,19.0,c0d62c940fad25eeb8e75ffa534f04c720b8fc7e422acc21e944a6f9ccf4ac9a
A4588,16.534,79b8d8ac684ed4539c4c76f152a59890541fad2020a7f9cb808dfed1efec6254
A4589,10.89,8718be7bb0f5ca4d455e90b89f7a0123c51ab9a87a7421726565331290622f2d
A4590,12.53,f46448fec468c35a122ce83eaa623481b61afe740a92cc5578cbc5dea06fdedb
A4591,10.0,ff7e5c03359f8e417f2143e8a767cfad6fb04b1cb57c3bc084ccdbf862eb657f
A4592,10.0,3996483bd52b049b6334f7ae1a0ccaa971a35580a95a2b7a67f29632c2860672
A4593,10.974,58a0b0c48e867f72df3bbfb7bf60f7ca3dc1d69ebbe39a85de1ea6e1707fff5f
A4594,23.0,07c1bcb12e3aa28b311242b047cd5297826c89a390fc8bef0458cf55ba89a3fd
A4595,10.0,4a550266425bda6457c92b876c7e278c06f81a508a1fedf779a20c5dc4246c3c
A4596,12.976,93c2bc10ef533dee2276fba8f4a132ee9a1b35bd40f474073e012fb56217fca8
A4597,16.0,f45fb34db2681e4353c570315b4093a5a5e1d356def755b0acabed8c8a0d8cc2
A4598,10.0,0165cd257507707ca1176093b38284afe8a4e026da40e69f1bf3b91e32c8c8fe
A4599,28.0,92b0ab6b522ced9e6a19e419817d9149fba1f730cc697c84c983f80e044b4d8f
A4600,10.0,346a8c8eac5884913b54f6616e6f6ebf1f74c8038bea43355819156964668a02
A4601,12.0,ebd60ed6715efe2960adb47ab997978e14db0c10e7fec315fac7753628299e41
A4602,10.0,3634d9a8bb489e3f801c64d4e77d252cf11cee0dcaf838221c78b412c3b9b3d6
A4603,10.0,f59fe482575191c585bf807e741cf87cd857f9bd942bdc8d73e8786b985460ef
A4604,14.0,c6f95842ead6353174832698d632fb90242765ac5678b9216c6734fd5efd1cc3
A4605,13.0,47b1983bb4a292d45d6b130963c9563d4d79a408d069b3e314ce127e0ffdd2ab
A4606,12.21,d33f210cc2c814e085e8fd8830e051f3438c62e61ed21ffb118cf035bd7593ae
A4607,13.434,b5510450c55284184f4fc72531884a31dd49b2690d1f210e0eaca46a44794768
A4608,10.0,ccea39817a7ad285997e52fb7523c8269bdd67a16f203e19c5f44c7cfadc431b
A4609,13.054,5e2df1de9acf4874b5eb5c49bc662b6abfaede6bd3ba4f0a78a5cff4309cae17
A4610,10.0,8282f9f96314dd7bcafea77951c244c318d33b2e3b3cb68ca5ec112f243a8b2a
A4611,10.0,3da8f5f0e21085d88ac9038dfe11cb0ea9dba5facb19b505f87653108e3caf25
A4612,10.0,f48a8e85d8e7ee88252b761f2943da6d9bd27fa3f8e4acfba4d88462554c3a54
A4613,10.516,9e53324632f5e26c03e5a7ce2443dd0601aa05463f0018a963899f0ea381c90c
A4614,10.0,9f4866e74c75901a737fd997e70bf81691ed36b7b4b0e8e02145fa0964e16e8b
A4615,25.0,8f5d4b9dbc62b67d84389f4e1221758172cbbbc39314dc7393f0048553cba386
A4616,18.0,06b739a7d5eb54526edc2f585a3b26f2839dbe4f619e87846ed17a98fc589349
A4617,10.0,b657ddc0086d339a4cf4cabf7544a57fff16be64b93717b3374802f46247ad92
A4618,20.0,9bf425724696cc425b04d3956c541482e9848c2f0c853334d58e5f413a8a75e6
A4619,40.0,88868cd525380bef891db9dc8ab44fd0dcdd9adf1d40dfadf963e5852235eac2
A4620,12.114,0bfe2a54a5491b51c14f61c1618bd93fe0257694a64ea985af0ba333950bf127
A4621,10.0,26a8fb202b2e749008915d55c8b4cf5a2f2f9bea687367e37581d9dcb2595e6f
A4622,10.0,b6fbd2dc26d1476d80369f3044234662d91a227397fa8711a34e3115a851c4e9
A4623,27.0,f6405b488bf24cc14c93021f97de1e58e1d52ca2481f606bfcfcac55eb05779d
A4624,14.0,ed1e63aef1c27e96b47a461be7bd05783b1205046ae71f8d5ea5b75c15bf15a3
A4625,31.0,884a9168431ad9fa16f58f24490d933044d78eea8bb1b43034c2047f25a73f23
A4626,11.334,96c4b234faed16ea6d49642e086eb52596d0188812586ad08d9078f619ccedd9
A4627,13.854,251b1115eef876d8db9a2a6e61f7e31b27e43f097ebc4fc7f66aead7ad3663f9
A4628,12.0,b4a18bd107c5f6f9ebbcdf2e8cae3d905e4819695d0b8cd3d0553d0d533e6885
A4629,10.0,aac8713f073c77a45e1d25ccfc2e92809388340e3bfbbcbaf7353bc930ae6cea
A4630,12.0,534f9dd3ed36ebfe5a5465e8a5c0f0e689601395cdbd32e078c8411c3588c1a1
A4631,10.0,37d001f17638d89d6b1f5866bd47300fd727de2b17cd4e98d311ed42c6aee256
A4632,10.0,4e0e7ce0f1350f2fff31c833451652060fabe9a347b0d553ee24db1f362379dc
A4633,13.25,1d6b1d5f8f9152e90629770640c2ed509e99ece365769239fe568023c973c463
A4634,10.976,652bdbb0324a9e431848432c06ee946cbd289c333bcb479fc7d7997980b44941
A4635,10.0,71e8f3dccbfa95a3b6553d5dcad59b1fdb13544476bdf260097c33635189da10
A4636,10.0,797e4da1bb637096cd0b234a654e6d300ec2ec72c58d63e7fc92fe868df012b5
A4637,10.0,1d97f8c56a01002d2402f9416e0a6b9b4526869071e6d9532bc4cd41b3a6e4b8
A4638,10.0,b189d9e4476f25f30f0fe8bed9b6d4580ab96b9cc7da896ed07496e9b6263b9f
A4639,16.992,8226039e3e23d6527bf7237615f9369bfb29cfc10fa52cda095b040bb05b0c47
A4640,19.722,7465feb2fb7d6ad768d8f041b7ce231eba576d00a3fd58d1bb936934dd04c3d4
A4641,11.874,72af6f0a2dbad3646f4d02f0253c944b0e341b7120585a4d2052b59392b14cbc
A4642,11.0,aa87b740c8bae8c9a58676a69c7e20aa397184be1bffc9ce026fead50b99c06e
A4643,17.0,13e8c37c7781f79e054ab8ae1338452e4f217c48af427f72d4e2b1b1c346d214
A4644,10.0,182707441057440cdfc730400cbe027d07bd8df34d215ec4690f0355d6be9478
A4645,10.0,e7a71d188bc7c7c2e984cb867aacee49cdaea6d7dd92ea5a474718063b73f7a8
A4646,10.0,11e81c0c5acdc0f2f5567e902ce1ee5928b5616a79765b9d7ff810068919ba71
A4647,27.862,97e0fed4c97f57001e29577ecbf447b36e9ceaedae63842823bfc928b0d05225
A4648,10.0,7f0a57180ed0654b0c49943d4c56d1731256fe1325c18fda18049bb8d42683fb
A4649,10.0,1f307ca72a78b609381317c5e74161b19387cf6e6faf438a60da918fdcd91603
A4650,11.0,8eae1203558b6dd3beaf9ed24ce77afa266b4d3c8482dc56f89b8afba225363d
A4651,11.514,7387c61c492948b0cb69671418e9ebd871d7e8fc459387cdbfb2cd44b8fcc0b3
A4652,74.0,f031e0f62a16d1a1c182a0c5d3492bfc6fec993d829f4644398da997cbcbbd69
A4653,10.0,2bbf37a3dbbb47330159f0631c2824979577ee3192ec2070080a105b96809c74
A4654,56.548,da6ec13f3ead46b2d06691ee1241afba62c2a571116c689c4ffe7869632afe54
A4655,13.0,5f467bfb730968dc168bb915b8bdb3154341fb46fff36562f5d3729a49726ec2
A4656,10.0,f51d071eb66b4fbd182994dcf4210e39b0f2b2c0b01edd2dabc94edd615d83bb
A4657,19.0,85b2b82774d1a1ae7b64b7588f66a1920d6e973ddbb2b85bad7b454677529dac
A4658,11.226,a2afe2f0d96092294540079b2e3b54530932e28b5b5d8249c8e1c03b00b7dac9
A4659,19.0,e11395c93adb961162d37ddb673120b46c8309dafd843938c02993abcbc1c90f
A4660,14.0,5c19c9111e5ca652f44b5fdadc94c8f00df0d38f12262856534c2972aac6772e
A4661,20.576,f6dc92354ddf56f4fc0ec8ea28653955127ef944e299ffc3aec28e251aea8c77
A4662,12.984,695fd21e1ebad12bf932a41e557a25c2c71f280a019f5bd79c2f46c0581a941d
A4663,10.0,63ba853b52722a883819a1cac627e72b92dea2d10791e45e26dc6f3aef4e5617
A4664,19.0,d2f3180fe7e431dd4580253f5326e78ef551a09c7cfbddbe0c18b6977b41b932
A4665,20.0,7e601e3456136ff03b7d0d4b78fc004631831d7dfe338d4320c9a0203923756d
A4666,10.0,0067a6d1ac3436fea9230e939724c967da218f4a469ff87df832adccb9b09665
A4667,41.0,998383bd1bfb90e32757f9e9204584774426e988f9e9a349a32fe77b9bb293d3
A4668,31.0,093e80062e87bfd6cc871c18c3b81e5af598d6ae0816cbf7838e4b31cda36167
A4669,12.842,0fc7297a1bf8ee3ca147305d43f3a746a8fdd105ad295acd055c1c0ee66b1047
A4670,43.0,98702b57bdc7e5cb6d5621fee7760f2111d938ee89204e5bb56dc1873aa04d42
A4671,11.47,afad305daf34032c1b5b26b0575aef74ebacbf80dc95321b282c0d0d89cbfa8f
A4672,43.992,2038bde7dad293f440800d3072229fdba130b3a7389db8117be77a28081cd8c1
A4673,16.16,b4f58429a63eca0f6365b157165b837efe6395a00cd7003eb8c2ef9edcca1b0a
A4674,11.722,88abd1fe4dc7dd11a037b810456b6d6e46f9d1d9bf36e31e373178830dfbeff0
A4675,10.0,99f6d068c796611a04c6f01cec51b470e5e8a8a7c23d4683394dce52a965ef63
A4676,12.0,5525f4b421820b07bb884a169a5b786e76427000f2f25c08db27d05534a1e26c
A4677,15.324,88a8375a653bb06b7de2f92cb396b7c77737818afecbecd00752b3d7f1a46964
A4678,15.0,4596913d47657b3c77238b3e0d2cdddae864a7ea40df17b026229c248681f584
A4679,10.0,0e61b16ce791f5bea8048510f6f97a58a77841bd21599cf98704ecf4f4746e2b
A4680,10.0,8e188320b6069309044655919ce68a1170a4345cb5809fc487196c119159c245
A4681,30.268,c77d2b839a8eda81e0a1c856060a7f81bb0cb9edfcdba079c602511b89c0501d
A4682,23.0,29b4a2799aacfe7490cb698b77740c19acb9be27831336b81129ff60c5990f56
A4683,37.0,c9bd28881f800b764805915ae7f10dc8a6683889ae184c5acd248492fb0832cc
A4684,15.0,e8f09127d5b0f690e6cb5e8f8fae11a2f602366ab1076d4fa749dab288b8acdd
A4685,59.0,cb57449b64df65366579c51afe72a91880801bfa9a4fcce146157ac3315e756d
A4686,11.0,9dce5e3f3a5ff15d76f9906b21d3dc51527afbaf12186412bcb0f780a797186e
A4687,10.0,b6d08f10308b89846f7e4a9048b45817aecd6edce906b02cd5a404524cdcfeea
A4688,14.0,82d6dad8629d724a8addd56399f86e69d55e7b68c321e62c57031b51720977ee
A4689,11.0,4e7e33583ce9184c20845f01e4e5ec0d698cd89068c195920b722be33d707975
A4690,31.99,6d0261ffdc2e6cb8a9e52d91d6d8af6e6eda42921b6c813eb2ee790a74de75a6
A4691,16.752,c2e671546a7ddf658f28d541e605521e44b03ba773e0674a0503161388601ec9
A4692,10.0,041a32a306c497dc13a3e7286a52568b66e46ef7bbf5eac2b7573fb84271e8fb
A4693,13.144,beafb881a7ff273ec6b4b04044f885eecbfbd838a631597cdd6a80ae70e0b8b6
A4694,16.0,a616252f2e1af13130e699e1aa8137769a27dd373602b30ad5a9e5daefe14ffb
A4695,23.0,014955f852e995541ed09cecdedd01bb7b460ba67867eef2b3f4246c244d429e
A4696,10.0,491676fbf229aaa29a66c5223de5c5aa32c6092700cc5a270fb654f1c1430501
A4697,16.0,e1f6ffb3ec381f434c347f21cda19e41498a84ec8b8f9ef665ea53a2eacc953d
A4698,43.988,410e0fbd9d0483d669acf77a1385b4a1999e72600ac90747f42b67a99fd9a84c
A4699,10.0,a0216b2236acab3630b71dbf03308f3458db1f5ea9a0c5ed3bd0a607a2296ee0
A4700,13.01,0d4236fca1b471b5801365319755f29b9f7c8be097f73aa528af8e3c1ba758af
A4701,13.054,4affbd9ba544a002c8568bb4b7253fa249bde74f2d3bb0bbe0eb96d3d95457f0
A4702,10.0,80d3e59f282f89b213bc122f38f79a50037dca02b5cb34d4aeb03374b19eb0d8
A4703,11.0,146ae79975e04c9dd31d4dbefc1d7ac8ae8a9d2676d76c365257290c3ff5293c
A4704,10.0,ad9bc4063474904d555d1597833d693ca50430add9ab7e2301df15f778127891
A4705,15.682,e76c4564828fc93d26f95d2601192e59c83dc0b5c1b943f54268606eab032a92
A4706,19.436,4f3a942c6367c63baf34afebe87e2ab047682f1e5efd5861cd019ef0e88de874
A4707,10.0,8992297078f297bace6a1e493883844dab03405ad3550d8de4f02e4d403cabeb
A4708,42.86,871e1af9b02269c6584e6fcd09895269e7ca25f9adfeaf0913292f4da2c022aa
A4709,10.0,e37ce2bd784fe3771d848cd73fedf9e2f81e401730baf976da3816d24b681376
A4710,28.0,51e8bf60ad554cba695e4b5571669d6f25dd86c08fdadf88c5bc53795528622d
A4711,14.932,c596b2304f2159c9a33f598a2bfd9def12aec386d90483c4b50fcd8157fb389c
A4712,10.0,894846ec2ec13ed1a4143a6c577adda0542bad1ada0a72b7e216068d168578ef
A4713,10.0,a6c72535a50e040e8c67400b6346fb9668861009b1c8df7ce537646f6782689b
A4714,11.0,49863f2eb433d1ab368dd84dee67776f61c38930ee96fbfc07b8d48336c2c662
A4715,10.0,e410945094feff0aaa674d53ec42b26b66adc49b12f71def01dacc5942fae3c7
A4716,28.67,e3b0e02156768e14ba70830c619166964348e8c6b0da38b43e5e02ce616a0dc2
A4717,32.0,72731d699ee851cf6641132b49412c3236f873424902a5bb35963bd278fd93d7
A4718,10.0,cad2db2153b8def805b8d78e96b1789fff6429ede3a74caa55d8567b8e82e588
A4719,10.0,76e0636d93aac15317bfa56e0390f5dbba428913d9e73d33d6709bc6481f40f9
A4720,11.0,6a929bfe27f133ecbf5ec9e899f893de16c1a9608b01b68a682740b9c17b82e6
A4721,10.0,2a77953d93d04f80c914274d8806791e1dc7cae116728834605e9ced799b8a65
A4722,10.0,d402b957b43f019f92166fa741e3947427def925a7ee3470d6347636fe3bce78
A4723,10.0,e6f48f294b49ed87a78bf37122df85ef734f570ca3d7a88bd6386c2ec9fa5999
A4724,12.998,01339822dd3e1c9e341e83795f9d96d1cfbfe89561942f5cb292d8073e82dc04
A4725,10.0,4f144658c919503bf78b604f9e6a0be206e3f7fb0fccca44ed04219002271bd5
A4726,14.35,4c83e4c5356adadf3b0e4e1fae4dc37eb230ef5291453f81f69fb09e86abaf33
A4727,40.0,c328d0ef614575a570b2f2f2418f408cf87b402d92923ad73f91aef8a8ca9291
A4728,15.0,05bc182f784eda47bb2ab4893776a82cb9e3b4aaf5e545809de94c78d604fdf0
A4729,10.0,e1e6dff62eb05866a77f99e6c2a6db814b5343bfc88acf2fceb37b91113d4b87
A4730,10.0,2bf732af7f67d8082b806a588cc025eb6e91ca7fc42ee36aaa62f5ca21e4ea8b
A4731,13.0,caacbb7713b8a8abf1576ff7d7e90d8b63738b24227b0c3bcd9a7a2303cac3f0
A4732,10.0,556e427573728d5046780f0274b839eebf1623f6292f4bde5b99e24761ac51e7
A4733,10.0,119547e92b0da45d8f5cd26e70ac55799727e5d8e57b861199eb4fc6f2559dbd
A4734,12.0,14e25ee208255cab07bf5eb38369b0a319d8a776f259af752e088545def2bf98
A4735,23.0,e4370c24359ca6403953d3faa661e3a1a685c21911b40fb17785244e0c118c4b
A4736,17.0,deed52d237d383d007f4e2325e7e4fa63213911d000826ee9fc820205893c9c9
A4737,10.0,5765487b8a0774cfe99b12cdb430f391570ba924326dbd362c9a92c32900b2f0
A4738,60.0,a5390a8da66d5325a67c16ca1f25575480071b473e13e70e26e898b838f10259
A4739,44.268,1c532b8a5ec9b9b9d2338ac042fdeb84d00a4c698a052229c80e628228e0a791
A4740,10.0,187bf1884e9fae6231d3970523957fab853506e2514925458da9751bd0da60f4
A4741,10.0,0d21a64a0232d22eabc51d0f963792fec0f1d946ec3ec2c7e0a680667914ee3c
A4742,14.0,d82b9b1e3b00090bea8a7f026271032096c85bb4da1eb33e522748688daeabb4
A4743,13.0,c6f55f83c307558c343ca9cd7f866b87cd0114912cebddebbd3adbecadd4b6c9
A4744,10.0,51de41b50b147624ecefdba989d05b64ce30571ff14c77ff9a18a241f9679fe4
A4745,10.0,d691d7333a9b303e793d2e4e6bb03c9c6bea26eb1a1ee172ad81c82b3fd490ab
A4746,10.0,7dcac1e3382484fc98e6d4089e2f82b4e4669789d7d4feb53a1f1d701793c928
A4747,20.922,12377c2bdbdda7c20f196c5f420e014f28d29fd2cfdb77c8190c0a34f432c389
A4748,25.0,6ca91d5125349726438985096ac11924cce12c7b80ce39f53659429b02d0e537
A4749,13.25,2285b299ed98459e7804918c4de66a66d1885a42ba91a1caa30f9b9a03ead456
A4750,10.0,57ce112155259d19f7bf5a591a026d6eaf1e4925d2eb3f99c0994c422d25fd46
A4751,10.0,f07ff9e2d7878bb1e5a39579fab0b85e46e2e393270912c76677ef7a591d6cd6
A4752,18.0,86aca77aa0bb90bd2ff749cc7084a8a34bd277c3db6955efffc849c10e696367
A4753,15.0,a79b666ebd8c0c246e1152a19108915f97cf93b8c00c1fff426efbac86bfcf5d
A4754,13.0,8fff5bc27d7d6e5cff98bef43ce13ae58a79b73aa869c41befefb6bd4450341d
A4755,12.214,fc6a5f4bb54fa9bb3ae84544fa286a3d321eec83eee53da123ec45c5a0591a95
A4756,41.186,32dce3b3b0a3875b7ae5960f30dd9a680d8a775dc40bd2d964981b1b25658cb1
A4757,14.87,17d8a2c2aecfa28bb64ada097fdf1917a126d469cbbc789ce2543cbd03aa59af
A4758,20.0,5f1b01b9f1e66d963467f7f9d4cfd0ef392808dd4ce76b65951494d2d29fb8d5
A4759,10.65,535f3b2e8afd58ba399e4a0c9b9fff3b8f61c0e4691851be29c3a7304509539f
A4760,26.0,344759b6fac39e5e879e96e2de056887d0480476252090ff83d89996214617dd
A4761,27.724,84dde88040f0738758df92100894d31c42b80811834342b37db3f261e349cea2
A4762,17.414,6c37477a713a2a8489a65c1c8da0e58f93e341dc51b4b0706b1b65aa81c1da0f
A4763,15.0,f5821682647a7dcde4cc52da348b2af071fb26779dd10434857da49b0a872ff2
A4764,16.0,42f76df4a1f062762c84467c2877647a8ad98ae8526d65dc5d80df3c02d4cc6b
A4765,25.0,34dc9e7560906c5b59902f2c4f1c02775eb04820b1d94c0c06893b4012955533
A4766,10.0,4670e63528accb24f26fb11e6bb288edb0d83e887337990c794776178b551273
A4767,14.014,1e18b54df65fecafde8f2edc6802295bbbd1d7407a6e13d2cd2eccdb31ae9e5d
A4768,19.0,8f60d7b47a8e2d554d4cb5b0b7a7be66235c0ae271a2e97f3cc5a923daa7153a
A4769,19.0,4436974a841f2ebdb6e51a9536916c5ed3a8fa57491e686c81f925e8b6b30d71
A4770,12.674,dee57af81a0baab7b28cd21939435f8c1ef3efd985fcb7d42222d848562b6577
A4771,27.494,c69176dd5267ce6cf859339f116a02237aed0dd9c765c85fce295b654b3fb894
A4772,10.0,a450aababd96d03ddf8348e56e64da4aa4031588e78d5d33890e2d266805cedb
A4773,10.0,bd7aaa2e7aa8045a63d5dc348f11ac05f8f3a0f643e693ece28d27282561410a
A4774,10.818,f02e4e3cbd38e5ff8fe1fdbbf00a688cbe8f98354b0af59fbe09fc21cf8558c5
A4775,15.0,09138ca61656a6add36fb5791efef52be3e8096af0d5989f52db305ac2c66cb9
A4776,10.0,bb5b6b75467fd94fd67efec77e2d82ab3cc716762a64aa340c215f9c920daddb
A4777,15.372,f4474a45a6c6700864aec895ce374e1508adab61fdef33576c1fec804e09bed0
A4778,10.0,7dbb6803b84b4ed24142156e563d53ead2f111b76e823fc62d01305416d4861a
A4779,12.0,1956d380607688e65c6043b048b6b4815b08d9104924a9b465a13e48530c54ba
A4780,10.642,694e96ac76b907739195926b609c804ef1d105250a60795662ef332a05728a98
A4781,10.0,4c988b895a8586250542578a03eaa789a1565337c4c8a8d2f6d33320cca60fe1
A4782,48.228,cc625fea7538dce1a277ea6566761417aac3ad8c0667cce7bd6e3f26a13ac4a8
A4783,18.0,eb4669054093a8103d2e78cbbbc67bf3f6f0c56ad7b427b386f56ad22f5bfd9e
A4784,20.0,1442ad405beb54183eb17bc9a0b77934f35f8ca905615f2eb5e1bfc75867e5c0
A4785,17.0,81faf13bef9cd9150590867396d45eeacf4d9d49384c4711a7b4c932d609e4cb
A4786,48.512,db274249167c073696e74a61c90397ac6abdb2ac054a4bfce799f3e01e652a43
A4787,138.0,b09895fbb454807b96792b4a90990d59ab6817ff477e6a7b26f08e37d17c611e
A4788,24.0,6372abdc57be581a380504b03b10980c8415ea47bca70cd028fb5dc1408e2fba
A4789,12.182,170af2ce0bbd134e8f69515f5ee4d25fe5b162679723093d9850577e22ba4758
A4790,60.0,0b31c5463ba385b95e3ccd22161edb92a7cfb30b24603a6c350ba0d897ec3c7c
A4791,10.0,d26d7cb1664ff72b4b05e83602b75b461cd39911e7ffbbef903b1ce1de2912ae
A4792,19.0,7ea2ca4801042289ed95be63b4b19eb394b424e61e50cf1d7c93b35cb110f697
A4793,10.0,6dca366ed387f158ab92e8cc814f8ad9f41b0f071342a6fe7ee2ed494ccc5769
A4794,34.0,35f5e5cd8ebd1c1aab9de9af41af417dd2fa6fe4f9f37afe87fa26b4fb81b59b
A4795,22.0,dbb18a73705710abc3569b7df69e34d965614f988c42d216e26c755b74ed8161
A4796,10.0,0934aa1ebcfb59f44d4d4b7d043ba72abafa817a00e13ebe7bbff5bb7e041ac6
A4797,10.0,7fd3106445a4f84c1da52ee764ccfb627fe9f066b671d52623b4fdf026f1e9b1
A4798,31.0,0b96e157b343875f6dd0847155755107bfc449bb92bd9c8feefbfafe05ca573b
A4799,10.0,3cb7b9ed278972b8480d8afa7f4c0eafbf68f2ff5d5a4873300a8f1006d824e7
A4800,12.386,6086691af6fc60a32ffbd8b412e2ee3c669566903dd7573b776098b488d0c9d2
A4801,17.014,38edb278a4d8b013b2260cd29680e7a4f59a9cd7c72272c448f0572937e515b7
A4802,30.548,a90205a14a46863810e66fb18bf16747d6ad367d5d119875785d8eed8667a922
A4803,19.012,a59e957c3aeb36063e2fc687e6f5b224937be480937193bb73dff638e45cb423
A4804,10.0,6308a9d124045d972ec4ee5fae4cf9c9d0918734b79e14743a35324ece963358
A4805,21.0,cb52b5ec01ea1445cd2fbc19e7b0bbfa4873593c405fb739b70fc4aa37bb94ed
A4806,10.0,c184dc428ee07edf621f23a31b9295f35baae3329c89470505d4a2ae602eda3a
A4807,10.0,772e1b752901f2eea8195f327f2ed5866c10c286f7413a9f518b7ae4d84df2f7
A4808,13.0,b2bf095d892f7b571be773c88c0ad0b664111269615cb508a422796370df8098
A4809,10.0,5b6e31c12edba9134419427866b3c5fd5e3dd21eda2dd690d1d77afb1f838892
A4810,10.0,6132331499e3ee47c9accef677cbb6e720837b0f0dc69f26443e2db1f8a5b4ed
A4811,15.0,9e736a3a5ad5aaf4b21462c281a172a29773a2a547160d982ecc398f032567e4
A4812,11.346,bbdd56cdeb9483f9770d2dfb705068fd6b8f5595a20722b2f39edd59c0663c09
A4813,11.296,cb3c2abec1041c03776156e3ccba0b242f4b7200a74bc0bfd512e05029368e0b
A4814,23.0,23b759e4f3037f6155fce95ec6aec5f96dbff4cb1dcda4c13a99f01445e7dd4c
A4815,23.0,e5bec13b80806e33a164d3f1aa32d2c70f1b5ed9bee6f137a97fade782afb0f6
A4816,14.0,04542e0c288f700b5f8f51fc8781d7fb92a6d9c4a8419dd720dec3945a8288e6
A4817,10.0,aca4fa89af322ea8b8e328eb5f674044dc4340e44718d515f49de2414eb0ff64
A4818,10.0,9149e26390f2521ce6a63b685fe975759a3558d6e3332ab6dce5a9d2f741e3cc
A4819,12.746,6c8a34264586604265d8d1bc2ce29f0a4bffceadef0092b7b2be443b58f198c0
A4820,35.062,aba5811c18484b58a796532eaa52f9e1209ed19a02548c69c85e488b625bd22f
A4821,10.0,6abe8036e829aa2164650046400c7b65d0ae38d6ac7792b424d10cf6a1b3aaab
A4822,10.844,020f50d8880a9e2e28a9b5cd2a3c0c93e2f5329119166d39945d1771ce0bdfd4
A4823,39.0,3b286e6c94fb98592d0c681960cc1a2e559e31cb08ac9cd98134664f20470ca3
A4824,21.0,9b5537931a918b281d52ed70726198307681596bab69cdfceb83943ea8291759
A4825,10.0,3d7f700fada924872f39bc0ff05e693cdf7abd880add098b5de5956a30ec4954
A4826,10.542,447d8f856473cc5c692637e98606bb5ccc9e47cdf8de5a07be52c66ac1d166bd
A4827,10.0,6840197d793ec01ba027fb7198a659c69af29ddecba9f3c0e6b0858725119fad
A4828,15.0,a5e3de2059bdde05d2a62e995e1d48a3e5e12d078ab53029d8cfa0009c68e6a9
A4829,10.0,4340db514a110a04137759d93a0837a5c293f96f9917c1e827d42332189da5be
A4830,10.0,c703ad4f522a49a1760fd7136f4afe83c6b944fc8cb4e28ce43eeb07618e8586
A4831,11.0,36becea6153fd8f65a07f68fd73f4938a6e64dcf10b3f2278be9d23a807e1ea8
A4832,23.0,3832c8a7e0d7a06683668faf1d094993422a18879f2d6acbb07c22ae8db0d6b7
A4833,12.0,ce19d8da6f7dc585c3491995e1882dc69cc4ac3cb59ac9b17cde362d7edc643a
A4834,20.0,bc7ecec99d98b0d75955f29de5f5ea76495a562e26a2d43709c6ef085c0160ee
A4835,37.908,b9524658809e9352df0bea5f70da32a146d5b019acff9ea3d34a212d5e8958e7
A4836,15.0,9e9bbf3ae7394fc86316271cf94b73ae51889c189e6f7f5ddadd5f52551e1105
A4837,10.0,5847b27dd650f2c35ba372290e8105c02e65f11b2aa95faf46ec69815ebbf4ab
A4838,10.0,799a6e476b0b7c0b867091e99cfa8f25830609fde7956f81ecdc31679b57240d
A4839,10.0,370637cc145e0560bc3f248c0faee637673e10a02d9168f2d0dde778d7dcd216
A4840,14.052,5c5b0c91dfcf4725ce2ef40651131cd212febdd59228dca4b4381a2e464a85c8
A4841,98.0,2cb3c9d1194a28aec68d8025dcdef1837bc1d4a97ad5e68aa1ae1840be468ffe
A4842,10.0,eae9c1c8437aaca86cbd445c9da972cdbb88bdf0ac54ec661d0a987aa07a9eb9
A4843,21.0,18cf9e01c2a6d68d338eb5ba0ce4f033959dbc81ceeb2a49800b25ea7b348264
A4844,21.128,b5d44414e0e094ab4b17b1124bf159f80ffb1eec2bb5843e9b512534671c84c7
A4845,10.0,f7288a7390a4ab75f507b991cd45b5603a199324cb32ae62615e5aa462d3796e
A4846,10.0,304adca5d6d4b699b3ff8e0e7f17ad2f961d143f3e42cb881d5f6c9c4eb0bb62
A4847,24.0,351fcb243918983489fe3dab177e2f1bf45d2295a55c5c99117eca5cfb464bd3
A4848,38.0,6b7060e07ba51a43defe3cd7515736bcd616d42a9e140e639df8e73effb159e1
A4849,11.374,58faf02ef32f38daae447575a17b40c97a98132c35c661101374b3fa049ab4a9
A4850,24.174,2547324a9d81aaf4878b14516c8bec92be997355b03d2423408f679f0c358498
A4851,10.0,57ffde1c3fbfc62728d4fc29e27ff9802e1219a454e9d8b3a28b793499268155
A4852,31.342,c4251758801a3be4acd4ffd748768aab9ce6601bd72369e614320ae5a6b09101
A4853,10.0,35a3b23564bc01df76a067f6a9de018520e4a5c0f51ac6fe176ab4c8188a7bcb
A4854,11.706,3f9513146abfbdeb8c25726c363128ef85c4b9d1bf042d9a709534d42567bd27
A4855,15.0,bc15414b71e044cab647422fb58d91316827d742e048f99e6d7b0d3b001bd25b
A4856,25.15,6d8c85ce3f15de7556bc70b7fe5b893ce818a14d02578a5dadf5cbdadcda4ff4
A4857,10.0,3b193b4729b478268472781f6ea9e6273695d15ddd575f6360796cce5d900d28
A4858,11.0,6c0b968706583995ac5e783aa1ccd908c1f0ee77583b2679d0bf912766f0181b
A4859,26.794,76a78a6e8e4e291fb7823198b16eaabbcfbf7389399549b377eeb97cf817a194
A4860,18.468,9250e2dc6982945c6e8ce78dff7ec7f01be746a3c8c6f147df46ceeaa5fcd860
A4861,16.0,47e983442429f51719809c06ef86741ec6b6f31dd6fcfe07e521a890fa2ae312
A4862,29.0,566f2137532b7e9a76c765e8fd36780b728b1a55b9e773e1dee89193e09be157
A4863,13.0,712b5e93cddce41cbfe96939ff4ccd60aeec51b0ba15775495a0ba895548c6c6
A4864,10.0,7b1dbe1d035dca259a55f78e488bccf9b9be2da7f40e401415276b00da1fb613
A4865,13.0,da3c38d0fd34042afe6ed1698b323460581c245e5aee777675bd126bc36a90b6
A4866,11.306,cf923f5f2ff68d92611fa0204871578e57daf0ca1a2794a16fbc53a2ef71c9a6
A4867,35.036,354e1283652169ded93f77299c861388f59650772446c21d3f3f44e1acd08bfe
A4868,11.09,14c90d544d527c6c353ec981ebe0a070d36ec1cd84dc0787505dcd3d1d44b92f
A4869,10.0,b20b4838a2e774c786d96ca2b858bc1f48eeea51d03f30c4b39baa9a6cf860bf
A4870,13.0,e7f842345f75a3e95da0cb83228fd67b9e30095ac51d749b5f5e4cae5711341c
A4871,10.0,4190ec1eebf4a51cbc0f691ac9091012cc8f0c4698a77bce7e979485825578c7
A4872,10.674,7a01e3d93861ce3ad510ef27456e181148239daf4a7e08fa9f4c95d4aa044ba3
A4873,14.0,99a2f13d027af495b85a700ce3fad9f0e776785d5d1857c8b2f0eda152d2db89
A4874,10.0,19483f5f6544639d2e7ceb8d75553b96f5d80241613601ad5b116bc0e5d070d2
A4875,31.01,68b5e57b42ff9adb15803b087732142f1ed07263a8744d78f3078084bc02c608
A4876,12.212,1074210e2b6dd555ad86180e0fee73ca3b1a1ea54b9da0fc03d855cad784c868
A4877,14.0,c16abfe40c48d317a8b940748e1f30d6b29672cd9690efdcf208669ae6566c47
A4878,10.0,3216cc47a1030b4bf9c6005139c02dba6dbb132cac91bb8362c3a585ccefe627
A4879,10.0,71a5e01a2498faeaeeb116a39240b6b770618703328a4c3e18397750beffad32
A4880,10.0,853976a45a1b544640b4c4d6df7d583e266c4d4bee0fa513f841be1defb53fd4
A4881,10.0,f036a9bf4ba59f4092704b4a46ad2904263e15ea98518e56ad759e9457bc97e7
A4882,10.0,4786c521d00ff82f84cb84bcbfa78c75061c8397af09ac2a9d5d12da983bd951
A4883,14.332,856cef262b1bf2fba7cd9142fa1b9f4585dac11bd8485a9ea839b9daf73047ab
A4884,35.76,53d83d2681fa5621d6a6cdb1deb48da8397c4ec9852f91a21a102cf0d73091be
A4885,15.826,6804b71c593d2714e6ffe642412c25e5f12db067cb7266bd5022064a3b515ba8
A4886,11.516,2228532aef08035a80bc70eca33507ec9ced58e91afc1c5546a37ca0ae9a5f99
A4887,13.232,7cf54fcad50df59152f42597d1a09a709844c3eb4054df3d39ea6952cacc2077
A4888,35.0,89686d56967b5b216665f6401329248d256e0dea7e9784e5ffeb31b9a928bed9
A4889,13.0,73f58756ab283abe2f5876da6546c44a1073f2496a1401351c0f48920f6b726d
A4890,10.0,d852bba5038c3e426cd8637e370520d295b20bba7aa356b2ca3247a4dde7dd09
A4891,10.0,d4b61e161fd4a55d94ab405f2f66e46acbc5e78fe48439499014374bfa405265
A4892,10.0,c8fcc8fa1bcc85993c6c72681bb77111d0585b8395069bd671b2259c8fd95de5
A4893,10.0,eb5121333bbf32d18ad7caa4595738a027ee0f66626412433ac1530d61bbc0fe
A4894,10.0,4103fa4e63b0b98f1e812fb39cedc2664c9c21f04a3802f2ab8d0803972c06b7
A4895,10.0,49095ed96c1595815edd3691ca9ab7ec80db5e753fa7a38e18f91317f683577f
A4896,12.0,91eb9acca5ea3f16171776e35201556a391d5dbe8dca362921b70328cea70b82
A4897,14.666,9b6ca6bfd372e021ed8f00d463b4777df7f04559515611ac9ea2dd36b2a52090
A4898,10.0,5198d372dc3ec7262c39b52252d113c9e8ebc42d84e75e364a15844b9eb82836
A4899,10.0,1c6cef137659f8bacca555849d91c77b67af7017803c352b50f178e05caa1788
A4900,10.0,42b25b632d4184f55cf9a1cd9762b4d509f0e5159b69a4a7841edd1b285040f7
A4901,10.0,af7153b5833e89f063f48464a010a69c45c72c1913920113c68e7c88c2396359
A4902,10.0,84a6ad7dd5ddc3efe9df24f0368462a99c215971928ed0099738155284d5332e
A4903,30.0,4ea7dcaca93afdc2ded4b54996dd7ec3c48fa2cac3ce86c5cf4f8ff6777f9201
A4904,12.0,5279bf4fb5da6b3bdb20c868af38ddd3bfa362eb87ad402a133eca9a81d66f17
A4905,13.544,c6b220b0f41ef4718fbdb11745bb0e18eee01360b5a2b9c20aee638ba2217b65
A4906,10.434,433da45017bf54bb8c31d22cbed4d33d6b744bfc362e2051c6dba781f8058764
A4907,15.682,951de1fd1005fbd5ae4c61db56aaad6878fd3f8d43ba34d375fd06217fb70ad4
A4908,10.0,3dac277dc82e835205e87f9e2044141684c46109f29b4d6d2cff3a3f93ff718a
A4909,13.532,c1ff8c893c7cb5ecbb76c623af41275363d0d5202fb35e3ba84600e8a9a69d59
A4910,15.0,3af52e6aea7b6b56407b775332f2eedc606e7ef9076f7b3497bb9010126adb6e
A4911,25.0,7e8275c3aeb8381d597d3e2bd4c2f1015689ff714941297e94065ee6a963eb44
A4912,21.0,ce09a944bcd39663bc965ce5eae9e759aa4ac924e45678fb9a7e3de01fad1dd8
A4913,10.0,ea7ec408c0d4389ab24115bedfff2fb3d1c12d050e4f79ec72c927ad8b108b4c
A4914,14.0,03460e879632dd138cc2ab8b966609b796c8e46cc488362ee824f7cd7db29909
A4915,10.0,cf79d1f47a3464170a801378f588267840b8eeecaf9719c1afecdccc95addcb6
A4916,13.384,2ce669974097f2e2bdadd05fff9a0e774e05914a6b3b05f5d93b49f4696db64d
A4917,38.46,35505f63d93b9d3ec11f24124eeced67b1db038cb902b2b0f47306d38a065b62
A4918,10.438,5501dfc48612254cac2039bf4479111ffe21229b1b971977275c61e7ce98c4f4
A4919,28.0,c5e8b4d5039d6f02eb242dd0937e091bbf1066047b8b04d15f9192e9f12450ee
A4920,14.054,cd815cb7d446563c82f74c7529aad81d59c0ca154acf0888f1707e2470b78500
A4921,11.0,8e805ef89c2e026329a9e7557c598c7f3dbb1229f04d221d72ee1f198ca7a3b9
A4922,10.0,e8649d1cc19d7c486d9206ad72901ccc62ba5966ebcf2e5d6583471c940dcca6
A4923,28.642,8d4fc710f994381f7270ae6d82689e35cfeebd2f6a5b24ddbe97758a0f637dd3
A4924,12.0,e1a95fb7317e38a11c41d164dc75545a23e465a2a239521e4595bab6e923a821
A4925,10.0,05085f7f523f0a2ca2a60a161c686018ee3bca9d695a627eb0ec80130579cf8b
A4926,15.0,f1f35dd31ea6d0a5349c10188ca9afd97e22ae6f74fa4bb688431cf41af0c0c8
A4927,10.0,39e6e2f677950097870bb612c91ed6c15c63892057d2e4dcebad8aadc6744c4f
A4928,10.0,61db5557a605810167f81c73d5ae805503391384c1e88d3c45ed48596961f851
A4929,10.0,4acf93fc1974854903a92a046b3d684d3af5ee3be97ee692df91f0eee4b4c95d
A4930,17.0,16486e92266c18b339a87a9d77bc7ca73ec9e42a7d9ace5e85c38cd53b65d3d6
A4931,13.0,1948e51d6924f270b1954d89fb5d5e82701f5d6d941c3d9ffaba689495269b1a
A4932,18.41,2e92587c28c675344575d22d78a8e45943698779a2fe653e9287a975afb39617
A4933,13.0,5a3e1d8383250710aceb97bc2650e2fc2210c7858f090274e0015d8d5da9f3c7
A4934,11.204,0e05decf73a492fbd413a2ce84a4f8e6e677164eb7c2603f0887465b0c625ede
A4935,30.0,37fde986981635aacd3973c722bdfd663ae850b5d3d622cdc25b83a77e863892
A4936,11.452,0c3504aba59f7b2d503dced4eceed8fd7d460a528513e5ef57f2d0b69d9cc7b6
A4937,22.0,ec334c32e6038db497ec4424a3259f8091d82bc85de43f7306006dfdc8ba7414
A4938,10.0,ffc34f0c8634273bfbb3a8f1f007a2208d8372081eb99b551beae8525d5df210
A4939,31.892,8d3622baa68bdec55039a088ef88d0949b6046444c771de94215cbc3b4918812
A4940,12.0,310345abfe9f27524b75f24dc694b07a60312f7fd64c5474bcf0fdabd6f2ede7
A4941,19.07,219bbdd2f128378924a2215934c77fc9349bb19977a1434bbdb36125b88cf4ba
A4942,25.0,45952d1dac8331c233b5d7ee1407dba91f1c01ddbdb333ee38b47447116cefa0
A4943,17.0,bebe0941d59689251b5bdbdc0afd59613167fcda70f1e3c97d5c0c503a6532a2
A4944,31.0,fe6c6b2d5bc22001a839b4d3f8f01ab1881adb8e3afd47c584a122b1b901f065
A4945,10.968,82e18813589b6c9791ae85db6ad416187e241484a6a7c6aea42492a12f141de8
A4946,15.0,51bcb3151a21d4758046722ab436a19b8eb81b5a31da86fbb8ac7f0fe17135c5
A4947,10.0,8b3416e659316d58fdb5ea2f6265c5e32a5cb6d1aaec089b4fa8c0c951edb63b
A4948,10.0,74287e57cac4b62346fe8106175fb29a2d549434b8075bb8a0b61c29ba7b697e
A4949,60.0,5b6b40675cb4733f9cece7376544bb663460c00b6802f4dbfa18973176a9eb76
A4950,10.0,7b82cb578cac9e1fe627bd09d5347cdc64480944ef9b213e6fe7e5da606f051a
A4951,15.422,44deb8aad7f5cec34b6744ec553286e1a63452aa52430dbcad22cd5dda0659cd
A4952,33.24,d4f2e6897fd216bc5fdcb79ac454b17806924ed5389464bb74f630feb7fc1d6f
A4953,12.0,3795385167325ff37f174c16c8981085a0161d567c198f5c6fa621233accefdf
A4954,18.0,8e206c4c9691dcfadcc46b1787fc9c3e4c868b801e78ff4ca4b3221775b7f8c3
A4955,10.0,6ca5c750b75e33c161b53291247aa507ef781eebae4477ddcc0ed35c22f0f3ed
A4956,10.922,50f22e3d4f3e06477e6b9566719ffc5ec9667c1976ba25fecefb4e3e5e22f03c
A4957,10.0,e587837a8a61518053f865861c36f8e047c574e5c714f71b0cfaf345b03300db
A4958,15.0,68ca2ef4b027d8724400ba9a72de533d056dbe4bd80374906eba0aef89cbf752
A4959,10.0,2f926740b0d8c656ec1d33be2f425ad8f3810e4d4364057b49ffc952319891ae
A4960,10.0,f1a7f739cd19b4e09a88aba939ce03bb68f84db9eb9ddd81f428f33eeb60fa3e
A4961,10.0,1aa6dad472b3b16aff152fe0760866b729e87d70ab5b0f477b3e86c51f810348
A4962,17.822,a89fdb90aee8fc1fb245c2dbfeae86bf8c398775568285a3ca836337456f1a0e
A4963,10.0,f6d82e745bfd6ad10f0515511ad14f0bb111bac9173d825835f629d261d57549
A4964,31.0,30a95233885d27faf32a82f74499a107c44e7198706c37a8721eaa1df0324818
A4965,36.322,c9ef5bfc9c436c0a24d429eb5d6fa3653fceea7ea5e5881948eda865d3414080
A4966,11.0,75696f1a6f2f3d5ef82030c1ad603d30a6af1f63b7f0040ba6e3accfe99404e5
A4967,20.0,443b15a0f39ab671c79bd6aa8727c4cec40263337a6838d2168dd30f3431481b
A4968,10.0,822d818f2da61d1cb5f35f435f587b2919d590d40eae4cebadf092e038b0fbf2
A4969,14.876,70069693b0eb97a1bf587bd331f2d823f935f2fdd73f4d9aab0a09c7db1ec595
A4970,16.354,dc94f29fcff7ca926207499d33edef730811728c4c88b8a13149259551fa74fe
A4971,10.0,842340698ff514f84863ae0f5c4a0483b1a3274f3b0760852f78463a20b7ac5c
A4972,39.106,d7d4579ce5db28763aa07cff6f0ded2cf646b10e566ea5ebea69b7b6a57bb0b6
A4973,11.0,9043b8a84e772c516a92e7d5977a2063a511b78c0d4116f0c64980249a3147e4
A4974,13.0,1804e63ad5b881a815ea122c520f787261f4cfb2307376cddd0060f4af1f36a1
A4975,11.684,4205fe91d5eee4fc4ba2402821a0c7e421f602129eecc992c476c0ea9b176774
A4976,10.0,9348af083ab290d4dcb2ec65784fc7b0d1768baddc76bde0463f2cbe8f3e675a
A4977,33.656,192a13f5de5fbb6cf56acb1e38db210f7b8e32bc44930d4e20927c8e5853277f
A4978,15.0,2e3d9374f6d49f2d2e7dc41bc3f493877bb4c2a2eb95287bff68063c64a205ad
A4979,10.0,a93b35ec87decd8d8b5fafd466e8676afa57614f90696ffc5d1b9842093e8ed0
A4980,17.0,059c9aa8bb5d074ddb7b40c9c7b33fda665804b27718169e539c58255f08547a
A4981,24.756,d3cbb55f63f61668bf663b1aeb6fd61ee5691de86a5a13ad663f54ab54f59dec
A4982,38.47,4d322e96b8536dfc44815a0be8b1d37dbc1e63026454d177921db62b21b6b472
A4983,13.452,79fd7ffad07743d770586e7210661173d49541bc37281fb39649b9c089549626
A4984,28.184,30d257979410ca146474fd76f50b5202a4f38ea493c582e7460928d89e657b40
A4985,12.0,b903f4da701cfa901108c2e63f20f319f226b4c031e7e234df3b3be8e9b8d296
A4986,10.0,d560fdf6fcf3edadddf1ec2be5dfe10b3470e78d590faf184a80690ac865fd06
A4987,19.0,dd7f0f66c9345cc23f997d3b0480e87e28c5b6aa7810d98285aa56b3bbfe94ce
A4988,10.0,7c3a4a45e0d796633f8bfecc96d8d76fc46550ca0592355c27f6c0477737f585
A4989,11.648,a7e112bc142c5764e33c131b66d084abb8288e5ec02c2f6ddbb4eb33ddfe235e
A4990,17.0,c65897f36acbf422f454296caa8b04462c75a22c9ffe888f6d4297a955b8c35f
A4991,10.0,0b47b5ab3150057780572e90e70c3780f77140d799981e3a8e826529ed9abbb5
A4992,35.0,56508dfccb11bb26d987c95307365569f2f091a1f12254fa376966c545b60657
A4993,11.0,8213d01a6a555f1ed235df41e03f531c90db89ea75e053fe4b5d72e90094db5a
A4994,10.0,cd03a02cf2f8655781d9b7bc8c0fd9769a8fd94d1b40027440725052e9e336ea
A4995,10.0,3894abb85a6e10688905939736f96b36155bd9f7b26b5dd7262c1928ca981b70
A4996,42.338,b6fd220694074bd2e255ea5459a022b82250c1d5e58ffb2281af3b19c27f07e4
A4997,10.0,e6121d4342bcf5193a30d3bc1925cfe8d5cae770bb4c59606c902d7238ffb1d8
A4998,10.0,d6e3d4eb021ad35f9806f1aa23909ea91157181856eb132e25189f6e9d2baffe
A4999,12.0,c9b0e16f3a475e8fd83bdaf5e2818603d33edab7b0cb97a2b1f1d66abd9f25b6
A5000,10.0,f5f5b9d7b5bbea3db987dc4f6f80a97044909be23fbc6ab27399beaf8ec219f5
A5001,10.87,5c3b3d87428d28f1a1a505daeea3f9dfdfdc6e144b9614d6d97631f295dfdf2b
A5002,11.0,9c2ed3f189a64b45941d5e479dada43c896c7ade089b33f5433c9912d5f3caa4
A5003,12.174,a55d7c1d87f7d45a41013ff5ab8f92ae6e1a0b1ea7298dc724cba9c102cc72ac
A5004,33.686,3adf9a3a9c97acade73dfefaff2af84e984b393d9ebd0acd7428f135139c24e0
A5005,10.0,5606d201987481133fce6258855b075f5f3a5460398b312b19381005beb486bb
A5006,10.0,ccbdee3e615ad2335d151567d1c35ee5ff01bc0c176d5cda654c4e5f1a2674c8
A5007,12.0,a9cf626994edaec992afae89ba589e8249ed260e612c8bf6b182b563a9db3b0e
A5008,10.0,93ed66916857beac0dd29635ddf5c0c67e3a02d7cf9bc3191a3511f64e63aa43
A5009,11.174,7e500e93cc40566115efe583ab6e628fa73a9ae13b56a91e9c6c3ce3defc7f86
A5010,18.0,fc08799c7f2234aca4fae959acfd2068564ae2f09a1a527e337cf885379b1ccf
A5011,10.0,9cc713e4e3876d3f9138b97370eaa73d077e1626323589bb9d68258586c073b5
A5012,15.0,1897ae770ee0911f1830817b68d1dfa7f389d93aad93745cead5fc741a1569a8
A5013,10.0,ec002301776da695a8840b3c4fe2415a54ceb828e83e413a13e4bbe45fffb1dc
A5014,10.0,d7fc8b57820be3cac33b83709654bdfd57a2ebdc681524fea083422e9f0e02bf
A5015,19.536,23a5dba1091edbb06647259cb62adc0bade4df8c8969228a7f5b006e812ed960
A5016,20.0,4ee51cd5967242a128be845d92b7a1d289bec5ba9a029b17c555324cf980027f
A5017,11.436,567dfcd2c0793ea66496ea0d07603d19ac0f1b4de77e421d04c4bfaa1220864b
A5018,11.334,f6bc154cd60d3d8d861c2ca01d88de57e10a6fba0c157053054bfd7b9ac1bd13
A5019,15.0,8041bf1ff749f2a92a4a968117ad3edf58a2d64fe908682b35280928d916bc26
A5020,10.0,a5471c4cb7d26e4e56b42d21994942d681dd66b1554fc8ad69026624baa509bc
A5021,10.0,9782a58d35fc317003e6882e9d605ae5758292afdb60cb7196d1872fa5fc65d8
A5022,21.554,203543b31f42bd673fb3e0cabe41b72cfb1651d6c0b2345228b676379992c73c
A5023,10.0,1b88c9c8cf45ab7e5d1311079eaa37fca7fb2c4dbe6813745854252ae3c74f35
A5024,10.234,539f4f3cd45f40f6ffb224e838f93bbfb044c420f898e5d12cabcb1bc2487b66
A5025,11.148,5ed4d7e05693664db87ff13e3607aab507a3d785ead00623ebd5f42f99282685
A5026,14.374,35a70bc8b8d6b77b653381ddc1ec3509f4caa11f7346444ae500f88006f54156
A5027,10.0,b7d42c3d9d080b5aca7e4604539969a9176232cf86a8489b4ec03176b90dd84e
A5028,10.0,b50b0b818b518e7114a244697878051fec69bcaf1b522eb077bd3286567b9970
A5029,10.0,6b419f78f71f61ef334313118c0dfc50ebaa32830f58faeffc52f87c2c462d61
A5030,21.952,26a02fda4f8ad7ff51fb62eb5bca96847b30d7b051851bd2afbed63fc0f7f891
A5031,10.0,2cbbadcbffcdc12074a8a883e71e041354e695d3804c1f130383fcedb67e0208
A5032,10.0,2bf4d7a6b662906b7be948fe2cae3931bd3da2f1e2ea8d767deccfc0c3d76e2d
A5033,16.0,3aa9d9cee9d0d527b329768ccf4715fde152d03de027eb3f5a4e5828ab590c7c
A5034,10.0,a939c194748f2c9fb0fe376ec9a30c374eb64cebbde203904cf058232b985593
A5035,10.0,f14bd5a7434d975f6d21c61f0fc710002ccfe933ba4b4603ac89d6e7cc74fe69
A5036,10.504,725f11a245058424fc84a26014ce6553dcbd033252c482057ba554fec96db445
A5037,41.78,241a31b9cb8e0d4b6529c570d6f30d3241357be8e131a0abc98cb51419f59a63
A5038,10.0,fa905801c78beceb2b153e463d7449b59ddd44707720114036be8a0360f9f416
A5039,33.0,75fb6697251035cc4754a554ba3b68616742ac435edfbfb912b4f0a354fb0148
A5040,10.0,be6c79e4a2d6555d0cc43e5f733e86a8a3abafd34e79a9d1011381c14c3a2d54
A5041,10.0,08baa56a828c6a165bf4f126390d326bff266660dc1dfada6965291eea0f0ca5
A5042,41.254,94bc8741b248b1387ca4b055a4ad9e6aa70a69e75b6a16d75e5b303d6fc34262
A5043,10.428,16ea26b6f54681062839197ebc7a8eba483fa7b74ea003a4b1fced7b165a8fc0
A5044,19.0,3a4a4bc58665d6391110d7cb6a99153dfc65cf0d3f30bfc9965cc9cf9e2d34c7
A5045,18.0,04791f416480df6e226abbf0370cd9ff507ccd669364e8701cfd1cbd546fb8bc
A5046,10.0,73b7fe75e3501de1673c29f335408cb2cf83069d3fb6f8614cf2da3442dee6e9
A5047,11.912,081b8802f3637d67ca729d6cfe30a23836fbe1ac6f896f8c83761ea394286cd7
A5048,12.526,e8b4e5f67c654ff11779769ff8438739f8fffbad7dc4886f2411fbc138e1a262
A5049,10.0,2c73f5fe5a47543caabb2daa33fa63cc049d9d922aa2e16136ea31fcb7caa147
A5050,12.044,c28ecf5968b77587161906af7cd7c744101088b63448c047bc4c63bfa7224caa
A5051,24.63,5afb00d88ac559a6d994b5da8af637ad705c295c802cc0fa6e95be2c4ccb4a3a
A5052,11.082,551b42b826917f1a62a6771ed0b69f72a9a7c4f37e1db59a67317e2560d13931
A5053,10.722,bb7fd14dcef0563a2264a963248fd6011ec46b138bb0df010f52d109faf2abea
A5054,12.0,2c744d036cc3b275ccbc354dac10d783d34505274a1a4de31afbff18ee54e036
A5055,27.0,76b176dfbf6e64b6b8ec0b4f561aae0a3f47f9f6d14c375f94ba74e257796743
A5056,11.0,82cc3d93d7263bb110c5a05d8d8e46d960b09ae7b37d5fb8e23dd64671222d9d
A5057,10.0,002720cb81ec5ef8ca881f1f26c0f31dc2c54b0fe59ded927135b294d5542ee2
A5058,11.842,6384b4aeb0005d65700153ce85d38bcfc67339b27212d93f487c1574550c05e6
A5059,10.0,c8b9e71f28debe72bc81f36e8dc08dad3a987d62eefca44b5ffbce3d1cec1936
A5060,13.998,0e00694c4f869366dd5019b10c454b703884a8086bc84270417f03355afdbba7
A5061,11.156,a24564e5681c9ac709da54d38dd47ec516d05227937f3a79bb05966a2ca57d37
A5062,10.0,235e92f29b2a2ffa494739256908bdaa88aadd24e61f35c4535dd3b87c8949dc
A5063,10.0,d16c298216702f9a76f4b4f606a657d8c121a0cf073da52caf87e1942fd05f9c
A5064,10.0,ad3aa906e75b9ac2a5c95f256d26aa7bbd6bc75d6946980c7d1877f8984c867b
A5065,19.01,6d649ce629833d82f93b671d4da3eb7db22a30ab9c3a513b46003f7da1bb8a93
A5066,40.694,ad14a3c750dc5da06752cb138cd6e65d2471044617ba234746f02a2e5a8342c8
A5067,10.0,10f4a2ae5192ac572e28e2f348604887e8c4666423200657f769ab4a8ae5bdfa
A5068,11.0,ba9eacd18ff8dcac68eb43a4ad9a74c932e63f984feb2a3aaf60019cec5dea99
A5069,38.83,1789502a1bea6a93c95cf39476a16741048a87e10791fdf14f1ae9b40f889368
A5070,16.0,aa9895cdcfa3da280f4077f3dbff5359d6c21678e42f52819af9b56a924292f0
A5071,10.0,3a99b7aafbab5357bfd5034150f1cbcc3ce911c1e8d0f91fe93e3947bcc0b97e
A5072,10.0,c87d3b1c153cefd5fe9501de5a90c22bb35f8de28ff0102ee5335c64daa87182
A5073,15.0,3c0ce95fb32da0e77d9774656501611e633faaf0d46fa99c63d9698a77662171
A5074,17.36,f3fc41f2f7f7f19b0b4f60c0399240f719e3ed270f1951ce81a21d8ee81b6624
A5075,10.0,ca4eac7eec26d86e0509be190f0107a188a0385c4f6cd3fde51c292f26062e19
A5076,14.882,ed71cd2a02b65ef5a444eee036d5178d0036163f10552e0f94f8e49b89dae31c
A5077,13.0,559300df1df8ac2b0c6de1e78e4a0f3f93350cdb9aac71a048b0c5af2e46ec78
A5078,13.0,67f1c1ce50b9f342bb3cb94717c49cfddd9864756a47f5954be9e1f15fc5fd01
A5079,10.212,fb0be7f81a1c667730f6a23616b8a31242f156d5526160a1329414d13bf67ba9
A5080,10.954,d089cb0b9c4bb30215c45d4d26c5665be1d7196876c25cd2188a4f368d626754
A5081,10.0,b79a28aa83abefda1442fedac1122c4f398a5faa86b8a70e5d31e7172885d569
A5082,16.796,e04ee293624a715c1142c7377af11135744f54286853cad301fcbf513ee8aebb
A5083,23.0,a87a36cfec81da1d4728e6e727c9d2bf243f9d3268e93fa28f7618b206619c18
A5084,20.0,d611cd23fbf35258b3c4dbab74b7eeb8cb990f6f7401d3bd0788f258b017f807
A5085,11.0,6ca859426f0b795551a39b044d1b12a04d8863edf2333c4f1b29b32feb00b3e8
A5086,10.0,4e2d21df081552b4f7150d1e2b3d49767b5bbe5b05a723f667882671d092404f
A5087,23.0,ecce3411b737cae98b6ff49a84989a9881543826cd632433982268ed0b77571d
A5088,10.0,c67f73f4594cfe289be5a80d1d7bc3b2809e0f858daec800def845fcfc85b72d
A5089,25.0,785b94e6da7cc366cbf1fc74e1e5e8d165710fa0eea2749f9e88311ad6ad7813
A5090,13.0,7130828e37e885a1b03fb97d32b2b1dfb8df4005be532bc32fa46e019b07f2e6
A5091,20.0,52ecc70b69e6824ad0c1d4c884da1211868618d41275a6e285dbc0ded807d15f
A5092,10.0,0d1e3d5c2ec08a6b56b192d260781cdf6c6b41aa824271ed6ff547cc610d0066
A5093,10.0,ac03f5991ce97829fe4db06f5627435e1a7a6b8dcefb41fc7aeee80dd4f7ea70
A5094,60.0,7eafb0c17007a17b6f75453cbaebf34a53852b5c2255ac869a6d062088c7fdd7
A5095,10.0,56a0f44b9aec62e4b1696d42181d62c44553514a09cb5b6bea815efedfc34482
A5096,10.0,c28bb672723f9881fad14f232335e6462a581b1a8be92840b1291d5909503fd9
A5097,15.93,6163db3ac2caaa17a30b5fd8fc446e9fa784263d78d375c934f2de1732f3465e
A5098,32.964,b25bfe1dff96c9c7ff632896615ad135eecaed5b37bd1dfaac8d58b5b28c00c2
A5099,10.0,cff804aff5708868c01294e48a01b0e67f6d3762556a8afe6be8c172209d27bf
A5100,10.0,b59423cbdffbf1929968e36906ca9ce6025250c853f55bed5cdc5624a96e1382
A5101,10.0,197dcf059e188ed9ec98a2f859469d64d1d3331f4fc63b14d44b423e3c8ac2d7
A5102,16.0,fb4cec29385edd511e7b58e91f4a31bdaf8b0c49c341d35135a1166cd61c2c9f
A5103,10.0,af1b071bd455bca5aeaf92ae3254dbe74b10ef20fdc8c608e9218bde229fd43f
A5104,10.0,e43342d92b6c2cc2a3f8601fff38d8f7740a4f5658ebf66aef688bff6525f8d0
A5105,17.0,2e9090a626fdfb3bcce22b82f4a24f1235794db310b64ef6227c929514c40056
A5106,14.432,66e12b3f37c13264ab3199096eacfd6135d9e71c4c88deb54b926d7c3b7b6c7b
A5107,12.0,f077ccb295569ab71fa26f9d7dd330a2f3b2a44566358efe589887a4ab129d0a
A5108,10.0,f75700f793c5ced355089675c5756800cbc3bb2af7fb796259238babf71fb372
A5109,11.576,890e9339c2603387dc60512a3c3f897d4c05017ab3c728a2fd62ad288c7997b3
A5110,10.0,f31684ff24e93d0e2ec7ee27b9648c1c4cf877c984a554da0ef8dc6b9137cde4
A5111,10.0,4e64b8248b6bf0056f7cd6e538c0ec8dbf76e7824c79856fc5127f1e9da134dd
A5112,10.0,067f220385abbd1faa6d550a0f5da183089318b668e549b86388c1aa1366ee2f
A5113,10.0,dded20028f29960ba4fdf2b2d827dec3b6d9625975a2b2b08b18fcd147888e8b
A5114,12.0,494ee199aa25d19dafc35ea6dfb4b76ceda47d23c0e786c890a726d0bf58b245
A5115,10.0,7c3c9f859ea9d849249886eb6d469e11dfd85ad7fb626f9a5439e051663574e7
A5116,10.0,daaca2b954ae624b3439d1309cde94807e125be259e97035ebab8073c0f3467b
A5117,16.272,34259a10d3a23f3212739f8c45c39e355ba1a494ff3a67a05f5ebf69384bc6b3
A5118,10.0,1dc6948e45d9058c70a595443ea0d807fa15a67605094d4cba72155c015abf02
A5119,60.0,2af4c666b018b124bdd81a61c97548b624f9132fe4f77556823f4dfef27f2ecb
A5120,10.0,104b78e25d48517d34cd777c0af2a7cd311abcd66311205ac413822cfcd86339
A5121,12.382,34c801ce86407b3ced18f0b87744581a1091a24112f88103e617130689f85316
A5122,25.0,68ba0d57932c8ee30d8fe1a3d7791eda112204e70a9222d2d98617abaf39dec0
A5123,10.0,1fb621b059e37ddd93cf0ccd2d23d47c17a15bfe7ebf416ab5d198eafec164a2
A5124,26.176,8591df6512c3e071b5c9f84ab4dbe95dca247a6839de3f97153295bb97296b04
A5125,10.0,2cd15813b9f6a5d3cc31a7998205f82911f479848604c3f56b7d18de29f3f898
A5126,10.0,ef0af520827b07e4eed2845cfb299fbb393df7ca88b13c3031521b16f1dd4e3f
A5127,23.0,8ffe0481ec951791c20ddaad79329097c7e6a2bdae06d0ad6cd834022d7f4e29
A5128,21.0,e3da2d1f65742c6bdc4caa7709c77585b5f8349987236ca813a96998601b22b9
A5129,36.0,79e3ba7906711d451615306ff5a4d78217ae73e26868b39f7fcb0e8af3062c48
A5130,22.862,f36240d451d85d566e3cd7acf7c3687c787366914f952c756a82dba2de38743f
A5131,13.0,c3e35d8d6bcf416d1954689f725bc4d3956cd38cf75bb171a26f5c93c1b271f1
A5132,13.0,04bf83b21a814348f48d996f5a947606ed693823ced14d273122d96d1e9d4242
A5133,10.0,9bfdcdb0a6cbc7c4698522bb76ec3a11123fbd544eed2087e94411e85f92c6da
A5134,11.0,66075ec84dfb0845ed3af700460947a674a5e7249cb3093ce44bc06cd45700e5
A5135,10.0,164197ac06fa1a88012ff5d1bc02f81bdffa4a3934df0816c2251a9b268984eb
A5136,10.0,818d3f902f8ecd1b2ba9cae797e68376d89dd5d4aa02c0adc071956e12a1c4fc
A5137,12.0,2183e5fbb176d822a49a982d30f42133c18a4b806d4f9ef30b334552c78c686b
A5138,31.424,b6c2086c7a28a7ded7f0e5ab45594497f45877a164f2c2a4b94c03639012b936
A5139,10.0,76bb71d5c5fecec77ad0136f91ccf2ce07fed193dd203daf1088bd2a16dad1e4
A5140,12.016,daa793a2a826c5a2900dd21ff44fee4a90aaa696cf3d57086b4a3110acf9b2e9
A5141,19.342,c04fec794cdbf9ef47ba2976031e7e634ad12ef4fa12acd75c25eef0910baced
A5142,10.0,c13a49c640a19aa93a987b532403041cc8020062c27eb450b243596e20d48318
A5143,15.712,8934b7aa057e26a5139297c216e44ecbb2dc35dd2f28db19eb065f93ea9ab5fd
A5144,11.998,7008f8eabc67e3fb4d9f53396f104cfddf8de2b45881f6468815e27b0874acb3
A5145,26.0,e1a07b49b332ebbbf9a22f8568162f596c4d344c56747e4514f081512b8067b3
A5146,10.0,1244ea39ca6ed826f7f4734063a2d1e57cb21f34649c9e647cd3024a6360b76b
A5147,10.0,4f9d752935bb04b3fbed1cbf7c8ddad09e12a056b056418d1d6153a54ff69b3f
A5148,12.0,63c3f6bcd2e737b8d1bc22423cf74bea2529f2cadda9edd44cb47db542ddf1a8
A5149,15.0,854a3be1ea06117becb6ae9f5079d8b9ba99a7467b4347b1d69ebba781798493
A5150,10.692,ba22c22edaf3d1eb09e2e386c76d427a46f24b5c36dbb7eecc4d48a41ea80629
A5151,10.0,1db07b7daf724c10a7876448bb312b9ccbc43ee13c086144edab7f49f3c4e587
A5152,10.0,a513be594bd986b498be4b3e0b02416a162a5e52d1bb780b7c1b833138447b00
A5153,13.336,c28b4a6613b06566955696e4cb0488ccb72167dd6db815aab1089b3c7c8d7644
A5154,11.632,a4b4ee035df1f4423b06b8be32b8263c811a079a0f0eee3c476db088d34536f9
A5155,10.0,517cba8675004a23c5a91b6187b848da392374ef5bf2de16af242a389f7c167a
A5156,17.0,02b83053c38161172adc0c4e344e9cf4f26136cb43dee96b7ac824131fed8a55
A5157,15.286,7c2c4c57836525851e0229f172c1d06c0e928fd0dda7423f478174be004cd1c4
A5158,16.63,2133918e57a8adc59b2a9048ee3e63716888d46a430d19d220ea2115052e3c31
A5159,19.0,0bbd01b97ba4e9f7cdf113204560fc0ff1732d78886ef3d0e8141bdc5c6b07e5
A5160,10.0,098fef412e054297725f9a9a4735452ef670d4c1f177c47fbb39f239f15e1ef2
A5161,19.0,6a5d72df202f6e5b0bb5885b8d35b347bd90351fce87e9dafdad1382600efb7b
A5162,15.0,9d25fb1b620354826fcbf18076c3723417ec24c0a97aa658e21883f33c4d2aed
A5163,33.0,f00f4f49b5daaa38c3caed1282990d7f64d1e97cd8bb7b9b0181b88bf9e5bde7
A5164,40.234,7ae69cf854d5f22633b6eb2eff61cf2651103282c0bcc0ab1139982d6794fa4e
A5165,21.574,36bfc809eef3255688a3bedb5f34ad0a6da0e8157576f10bb9dbfb95ebd46798
A5166,11.0,f66b2b4dc27957851021f9b5f19275a63b2e6b9890baaba73571560be349075d
A5167,11.632,70dacff0e057f0d8856d97a8b3c58d8fd38b81dd3ed9af45b2bda069c584471c
A5168,10.0,e0fb655a8b5b259b1baf048190ad567c29f59ee4918c2db0830224a4228a9209
A5169,38.858,26a579f0fb06c9812851cc9a072e801c1619e95f558df2ce25e6c5843cdc0b46
A5170,20.0,c9b60b53ba216b25630cd7cb5598cb48df421f6d6ffda4cc278982c29b41f5a7
A5171,10.0,6146e243b3f75411ff240fb7adaa1027ba797f85f1b73e797b11a6ce6de26a47
A5172,12.0,8b230fbe2a27d755d744edbeed4a262f4bf2583f02b595f2651c61fef392f950
A5173,11.0,e8313f0de774b65d70e8effbb39956b17123fa4dff5a944b5d6af1ee849a575d
A5174,12.924,5da48c34d80b5812e5f7e7f3629e9f212a8cfd67958a56a6c1ca9e9178b68133
A5175,20.0,184bba5d8130889b433806cf5b149d0d461050d86412f5cd1b48f1dd27aef0fb
A5176,12.0,e2fbd02972acb87c455e79da9844b094d4cba95a65773fbd165bf8048b878060
A5177,41.712,e0bf703761ba70560569746f18f1c4619682258c54c232f7c67cfeb36e2fe0a0
A5178,12.0,633da8ab4a034b91d2dbc6385f9257c22dbf10e4df90573faaf8f736968d72c8
A5179,10.0,83a71780df8b40389d01b89cf2a65602b4c0cba0f982267ff9ab8e2210ddc003
A5180,10.0,9fb882d9a5983db350b209ea3e3d1730545ebb54043aa68b76e06e5b19e3622d
A5181,10.0,1813919ee2107a342e649492cade645cb1350b58f20cf43828f9d3a808a7edc5
A5182,23.0,6ccc0c7ccf9d8b62029599895cb12ba90b7e8fd26345ac29a5758d0ef04e8a55
A5183,37.0,1abde2500841641b05dbdc82d298908193ec6bf4ffe6a6c8e1ebab77326c5c06
A5184,46.0,1e00887800219c79111164da590ae2e60ee9025ce0a0c4ea640e383b1e05756d
A5185,15.0,93c4f418f844e55bdd39e1f73317f414b8624e6c1d2c6767d79e41386fe02dd5
A5186,10.0,c2021537d0e28ef93d43c6ee02ed926b96574b315b5ca87e18d8c936c5b886f3
A5187,10.0,6974d4eae19a30d989dfbbfd2ef58951be91ca230a6e46053a0f9966f64534b1
A5188,10.0,6b3ee062e73ac3b2622c0611058c24cfe420f449a9994d7407972b2902be1504
A5189,66.0,476edaba7dbb729356a7294024b8cb1ada4fb03e95db58383e16de63c592da13
A5190,26.856,75c2b0c5e45059d300801dea75bf485c9a1710518bd479391a538f43c340b15c
A5191,12.528,73807eecfb1fc08e96a49d03290789ac5c7d68339550717a0f8c9cd61184b678
A5192,11.13,bc1362413814b08d2c56506da582daae8e2ae0727b7e05369dc0372dc1428385
A5193,12.0,8b531e38a5e3149d60d1a2c6d866cd2268a29c7d0991a1670cd631082b1d74ec
A5194,11.0,7cf9eae5986cd847692a2fd8ffc240b69f694778e7ccb4803eb6a17ab3f633ba
A5195,20.0,9c66253c18e1e9ffd1014a8def162f83de8c484332c99074f06a4fbfdd19a521
A5196,10.0,a09ffd0249ba5ed8c1d771c2965c549ff8f5139e5f6eb4102321a86bad04a9fc
A5197,10.0,8e013a92c5f6b67a7ad715a88924a3cc6bc0a3a29cf27416a5ac64ab93429121
A5198,14.422,2a7286756d3321cdfa26faf6ba7a723e285e7ff4288b3c53e8e6b6f45a604e3e
A5199,17.506,78a7b2bad29a50dd948f2cd6b04458b15bee94e68b29a93d4b86bf0ca2333777
A5200,15.0,d61c243c57831dacd35f9d58f4ecb208f240d13ca6543e7ee5e5b16086db6a13
A5201,22.0,c9306f70a673d9486970d53042a8c257efa529b9fde0837499f006bc787cf126
A5202,37.0,38c5e1baecb7e453ec8226b7a69c8474be6a9c851016fb8cf11ff145b5322177
A5203,10.0,a71877bd1239babedd98af15156e14bc0a779966f38b8a4070d3916987558e92
A5204,10.0,6dfa12cd47e0e63da795495e491789e7ccc3b88fe7262ad7e6a6e033270e873b
A5205,10.0,28a6ef7d8b17d446b33d7303d85c7ba3975ac80b9bedc54888a9de3f81ad864e
A5206,12.256,fac5443f505cd9555a687f027945ba3a728c0f86e78c3ba73393cd4d58a9cb91
A5207,28.162,5ebf797a443c28ba4423468c4c1a3c48b883b649953c1fae77ef71b5424a9466
A5208,10.0,15480abcebf06fc3204fbfddf9278bdddaaa9232f943eddd76f46d44f41675fd
A5209,12.346,b672c49a3c0540bce2d8bc2de6e50029ac8c3e5e264b0f05d650c9f6a7c8f24c
A5210,10.0,9722da06679eb24d58bec0b340fa8826b99be800f63326c5e0160f34002b908a
A5211,10.0,f6259ff25433178ee48c91ef8ba4d8c3a9edd4bab8a4c44885f60ae075cbe4b8
A5212,11.576,c9b54b4774c1fc550ec1ecd95e2e53d8a0d63fb320939ce6ae853c67c76dd1ae
A5213,16.0,c72dd75a0ef139c2ae5267ee8c8eec8edbb8332bf19b1cd792af793cae276124
A5214,10.0,c5ddb9535dae03a41adfdcfc05d34f354820821605390f7fb6d6356beb985ed7
A5215,20.0,7f7aec0607c1cebdff5fdcf80442296a3d12d9e544b91e0c80a971dd8d807444
A5216,11.734,9e6322b64b9202b71531a318b4d0d8379785c26c13f87008a4be91d1ec0b8382
A5217,14.0,eef9095d6d6e8528424a37836f5c4c4031583f6f5c12339541a5ed236475ffcd
A5218,10.0,a6b616fa0b8d4497e62ce6bab457816a61ca2247402a3579272c93f4c3d831f4
A5219,31.586,b40db4780ad60843b74d756f1d8c1adae7c63b8f39cd9afbf7ae72f69d762f42
A5220,15.0,c95c75056221d567ac9f5af69ef5ae1604f29ab8c818ee86aa84956e58247254
A5221,10.0,916827c21031769887d5624a0b6701551774bf2ddb6980dfc40a24706481d847
A5222,12.106,62362da1859e337bf8e6bb27d2602e360a09ca610dabd4f69ca25cfdca042fb4
A5223,20.0,b6c8cfe34bf72e2c5daaff9f668dcd1c09e9ef83cc777211d086e3a3b2a46e39
A5224,10.0,5c6a9a2c85973710b30d330065683257f86be9f50dfbaa5dc654766fbe4eb444
A5225,10.0,4d97800f16ac915f2c934f638a9cd41ffcec3d2eebc97f8aea0249c7621ad5c2
A5226,13.0,0d2975e5e1e89f911c397e89a42f895330324f9cb364229e21c61a5055be3dce
A5227,10.516,46b09ad60cc299176860965f1df19233259083b09bed47780e816951a28a5aaf
A5228,34.0,6a7c0787fc8f02ac1f0f31ff9502887d74fcafb769d2b52d97976be26fb5c30f
A5229,10.0,3364721ba602e9e287ea7dd2e65eda1963d1d4bc77112c823e21a68f1f3f96ab
A5230,10.0,fe9e7bfa53711b28e801ebbc3a19df80f5ec4ffc1897a98ff9222863b5d95e58
A5231,12.0,3e10d7ed451b1f768acb11ce8d56fd5432b9957e961923c109e87b49936265f7
A5232,10.0,eee14988682b505e8614a2d581253c9753b36fb80191c5687695e06d2741bcaf
A5233,10.0,09a69b8ddb88b8f9f88a34166b0273b176020334ccf55c8a30e517a78aadf177
A5234,14.0,0e00f30770415ab3d0b63f8d35bd1539a9d1eb86811d9588f16a03639db69ca0
A5235,10.976,d5649bbf2575afbe30878c91fc73a418ef39266c36c5f08f6a0fb32814416a36
A5236,15.858,7e505477becee6178a3c1741f75e67ed8c8e2e79625836370cb93e5fead7e8ac
A5237,10.0,f70efd74456909b346413518879baa5bd316a1e0074bb8b12d07ce8ee795afc8
A5238,11.0,8854072f455c6d1f0abf81b36608769edbe7bc893a4af38560a6de57a8a3a6e8
A5239,20.0,f1f107e89778a7913ef3be339b9f984dff33156be7be53153d2c1ed2552adc21
A5240,10.0,492daf14b077faaee849fef0d8a4d1161b6e87186d439e8d6e2a4f512a01b77b
A5241,10.0,131bc31bee0c36baa74666fbcebe698fba30d64eecd5bac53a790e48672e4c5f
A5242,10.0,0e7aaad7a2458ca45ce85bf92005dd5340a2d1b25c4028b642793fe6a975f48b
A5243,10.748,a2dda6bbbe314f4a771c0f80ee5864d5ae5531c9d60ae59ac1c07c0c88d66f44
A5244,10.0,43e70be8a39ab8025a7f42ecc114bbfb51ea3030536e8f5e70d25eec1fc36cb2
A5245,10.0,1309de10a38a32df5d081024a79a47ee6a624bd6484373bbdb8a08d0dcfb3051
A5246,10.0,d50263c0042928f97f662b1042e11e416234448b560c70ab7ded5fc95cd10104
A5247,10.0,1d97880f74b056840d907d52681c255b180eb0ad7bcfc1b7d3308145165154d2
A5248,12.0,9a77dc6b4fe124d8652686f9836f0a90060c1b501c10b301b4a277485e972f40
A5249,19.0,359215ee02dfee81e6d5c1d1fd138cdcda4e31f5bba2a22bc50d2a81b845360d
A5250,10.0,d0b0becad3a336d95a593c1a13fbffd32beda58155d2d0e2215ecf036d60609c
A5251,21.96,cfacfa826ec43a6514fb990413f18b2f95119d51e98e3074bbbeb832e1f31591
A5252,12.0,d9b8d45fd792358d83a07dab003699c6a15892795c9f1f8c0f02dc9bb1b64add
A5253,33.174,d250b8dbd6b5c552ee853629b226978ac1eee162e73f2d8f08eb8b1e563efe28
A5254,36.0,085e40e4c539a38b2f43f924fd7b074efe224d503ee6c088939e9458424435bf
A5255,11.0,65014c8167cc908aade1cf8781066306419e4edbd62c96ee5168c62c8b240925
A5256,11.976,cfbcb28c4f9b8f9dd4bba58961bb87675f0be05b9018889770e17df497beddc8
A5257,10.0,3760b80b7fb9cc719222ebd25c927fa304a97d1060e8ae348949fa7591559ce2
A5258,13.0,baa096ed165fd1602e7e6f081607caea901a64170e89dad7564edb26fd92587a
A5259,10.0,b39e82a789a57cd5999e74b81b9f31efde4ec0a55f565c84e676f7da17408369
A5260,10.0,b2c6aada2f3e0d21ebb1a7f05331ad8cb0b4a7bf69d027d7dfceb4bef4abf6e8
A5261,18.996,bfbae57bdbc7c6954c009b10d77df06e682770278f7871257a2ddb7efbbc8a61
A5262,10.0,8b7f27f0f79177a3267784fb5e394417fefb1234ad0a411d89b192fedaa16921
A5263,10.0,4351d10b0d5c8c08f81e6b318cc7f164d0810b82a99e4cf229244cd5f1cb979f
A5264,10.0,e1d1ac8ca899550942e45b1465d1ac27363ee06bd6d287aba9792f85f502a339
A5265,14.358,ef63440d1353c4f9ac13c9bdf6ab67aff97f8d8d363a712643e1a072f252936f
A5266,31.32,6ed29363b7a8fc17925d38f35e668bba6424d4ec28a26ca6830f91efa0ea7642
A5267,10.0,19a2e87d2696bb71e865b3c287b42cc371c94e443c3acb54e614431e45554667
A5268,16.0,14c9b78ab6411eb83e1fb57812ee95aab59df6f260df28c6dce7dd0a4e01222e
A5269,11.0,d819bd6b09cd45f3014328e9073a1e965578f0bb49bec8e07bc53dec9817d06b
A5270,11.0,0c661e4b9ec9de605747bea25cb85c64bc00bdca2f6f3c86babfb537d77ab33d
A5271,10.0,fc0d75882ef8676b26ac1cede57756cf9345ec472d3379cbbea7ef091fbb4ec5
A5272,33.0,1a1542a13a282338abb018003a6ebd19726b24920fe527b9b5c61b17fb725861
A5273,31.0,0ff2fa0f911582ee28498485ec5bed3c0309d4d9c6249dca5d40bdfef201b2a6
A5274,16.0,d27155073043dd49e4c85fd8955845cee761018be1b66aa84eed682bfbfdcea6
A5275,10.0,34aba2c52b5825337706ad89c7ec6ab6f0581b052721388f15a9620729269aa1
A5276,16.194,dff8c74d901e4130f93f1dfbd574a8173c20f9bfa1fb6b4091bab383e20c981c
A5277,6.0,5d0e50c8ed23598667932bccc8e163e7adc22940a210d6da2f84455d48153c97
A5278,10.0,476f03d11435cff1f3a1df603d53d7a01b0c68fe2f7af7160cddeef53ca35899
A5279,23.0,d648c8824c929895d949f348bb1a3b9844ae1a4e165c6d4d44a4962ab0875669
A5280,16.35,16ffa0dd0e5a57d3dd6863c551e2767852d9b1e9eef427c3219adea5a94115f8
A5281,11.33,1b62dfeb5d23329dc40273568feba61017d220d277fdd56f540bba42d49ef3e1
A5282,10.0,d9275f800f0843d1b6915d8f8f14a6c6efe2e1f488963bb24cc127c6a675a735
A5283,23.0,c402a99ad4d3c5e9645a2377a56f117b3d655992d2ca476b37b1d34a68a0d597
A5284,10.0,87ac119b036c2f3f9e9f2c5c23919f0219522238cabbdd712effd68307dc92b9
A5285,42.316,bb70760ae5b203245229cb7dba04d397a86713d0b2493e0bc71f3d273cc94db1
A5286,21.0,d69352eaad6fa8d62e47175c5a02aeec684e933267aa35540ce582e7812cf7f6
A5287,10.0,3b286403b3911d3a452d1685815746386c9b5befc0eb85460e9fb648e765f21e
A5288,15.0,95b1d8901ec2db524eef3d2fef5580360efc5036b23127f8fe4a28684d632b93
A5289,13.0,ee1f4b3ac2d2d3c2e1d74baa9e0221d9787a7c563121562f69f521bbb272fe32
A5290,16.0,e2f027bf6fc87e78bb5b4a6fc6f422f21c965da7e1e7cd64a6a1f9323861cc16
A5291,10.0,5d9d36ca73e86dabf0bd4855f527bbed98dd1992e5fcf2a7dc423514b720e8ec
A5292,31.0,6191f06b9ba771c3dd3a844810250248ab725f24d6126f96297be62a5cd3d779
A5293,10.0,417dc97d9870508767fc6e030eb92d878a13cfc5aff817c6a537aa0398ad51aa
A5294,26.0,d095a445bdf1304b137c46199f5b9f995044c024dcd6e551c4942e9360dc66aa
A5295,10.0,b446c2e7bd2d55e2cd04536d3aaf099d02efef301382e3ba5d06cd7538183cf8
A5296,12.0,b731aacccec3d7f9c95c97c2253d9468beda5d1fa8c9cc4de2152039eaf49770
A5297,15.0,01766326dbd277956efbfd6ff21838667ab8e211a05e9eb92e36f4c6b80afe38
A5298,14.71,4de1d6cd7bad06f23a0464d4ba8dd6ee2811838a6b9da2e8e672a033f9423cc2
A5299,10.0,564d092f9b266fad16aba34c773e51de7cda363efc0093ca65ef77bfcfc2f8c8
A5300,12.0,5ab8a3e188f044ab96082288c3de3b52dace87786cbc8b8d52d27ad79a90bb12
A5301,13.354,ef184ae15190a66ba53636d788c5608a01445b2248f5b610e80e0a8a75419f09
A5302,11.394,2a7170457255092085c7915e0d52160fd7681db2d43c7616d6e3f3e2b2fe9cc2
A5303,10.0,c540dbc5588268bae871f76f9b554cb87fbbc6b2d65124179674a11dbe877457
A5304,10.0,7f3cd59f1f5ff7abd3c34e20b0bd69592fc1dbc53e2199ff97151732c65b451c
A5305,12.314,a639a95fc3ce80d67612244059922a3a2437666cb62f94f34f662bd34861c54f
A5306,14.0,e0872207f30a4bbf57c682b4c1975d048a393ef3bebc7b23559665afbad0978d
A5307,12.0,bde82d779934459db38040ddb07a1e47f1cb0af9faa7278c07051ee25e12e6a4
A5308,10.0,50c5e1271d970b9cce4f1fdba68047b68b9b4c976dd589b7e2539aef370c888a
A5309,25.846,cc0fce73fc3de49e27c2ad9ab3cf98847de76e106af379bf15ad42d502f070c7
A5310,11.944,6ca101ba3e69645874071907e1cfb1bee07b9fd5b4bbdb89f02e4daf3c97242e
A5311,21.0,68ac83e477e9d5378786c7488ac6b5f4ae2881fe50f35c92da145cbe22ac7869
A5312,10.0,bad4d71496855c31c9ed747bcb1c84b8d5f27f42427e3845c462260dd50f4243
A5313,12.228,d239eec3f4f0152ddf8884697bf4e58ef63787521deed7b8e37c0e88f8a4bd35
A5314,12.032,b79981652c8f0ca811a3c5bce645d9d5db90df5e2bc557b45e04520e7c8b4f8d
A5315,10.0,bf7179a3ed8cbc8b65bf366ff53585e66297ee0c30eb3611a1a1a29794a3130f
A5316,12.424,17d79e629aa8f9bf0e18795ba402ca6284396af6f05807a868cb771abb479a52
A5317,19.722,ae5ef3756af3531ce8782acfb347eb014809a5695a1174fb3b424933e1888826
A5318,10.0,ed4de4ccc7e9e589b4438a89497de73b312230ba44e26c3270f3883fa434e80a
A5319,15.0,93898be84d5b8c6c50dec50e78d863c558d1b4ecf867d0fccf0f77fb31687fae
A5320,27.0,3546fdb862663c838716fe73b4e2ef14506105720195898ab127c9ea24a31ed8
A5321,11.0,0f7858c12a6d92d08a1bdaba6c243ff278216b460be0e89aeb417c9db1880093
A5322,11.0,6a0c39a0650097349e5ceced86ac00a7f47b6fb2b049e2ddc8e7e0e8c2c9c71f
A5323,10.0,4bef3e877c5b7197263535f5214705e8cc898f7ef5fde786bb82adc9cc431594
A5324,10.0,310744150dc902b0922f4533961a65ff8cc8a7308ff1c8b0d484d834dd655c9d
A5325,31.66,3de4187df2a8aad53b8a8da66873152c2f5db29229ff90e1fc7b5fcef5e0f56c
A5326,10.0,3e572305b14b0f26c6d12342968c4284d4b63a341f6ce79339bdb86f80002a8f
A5327,12.0,2911570545af6ca8d1829b1e848e574c49c0688e8e5bde367acf7ea54f145322
A5328,22.0,0fb5b9996cefd50a3d4c966831cb557c81c30599252c3d6655fedba7eeae00e8
A5329,18.0,52aaa584189e9baa06e96d3a46bb14453ac01a989759903e5220c527f38eddc3
A5330,10.354,d82ac472fa2732f7367beb3c2f62467fa0cce1536d35b7957ac4c92a64dafd78
A5331,47.0,a10d14040114cfaa8e4ceb8bdc8e84ce76272203bd28b17c4840480c5794e113
A5332,11.554,bec5dec4dfca2a81e2ac746b3b1edcd0ff253cc4b006c77d67259bb5a457c6a4
A5333,11.432,5960aa4b9a7dcc6de9d7de7433663d55672eea3ae15521551c82763d67760c43
A5334,10.0,7df2f4f950de5fa1dc86336bbd31ab7df702f14766cae09385da579420fdd905
A5335,10.0,dd045376ebf8bc879c52e9ab915b25576fddf6243ce820a48a6e0b7a93a091bb
A5336,10.904,0490be5e2204c83798d774cc818d8a29844f802daa6ed062239de68af5152e08
A5337,10.0,5f22d2afbedb44297bb1e907935dd1a0ee34858d52bf67a4489caf51894122b5
A5338,14.928,00f3dfe96b7a7550acc3131755421392ff2bd8345800c5b34ca0b30edfe6f147
A5339,10.0,15d8c918bb3822a6b55776bd31c0452d1be14f7de1bb2fa9bf2842113299ab79
A5340,12.876,63c6342c3b961d1db0b1aaf90d61c1242c18e12f024689d599c4014f2c0b7095
A5341,10.0,5ed148a8c83021e0046f03af45f3b7cc8ac65d30a5d2b0b7b48d8c1641634221
A5342,25.0,95d9ee0cd66a1c7aba63002ead91269b5a9b5d5f6e9b9ffd6c5e210058814046
A5343,28.0,56a48f473b323a4441ab3497bbdfb3a7de0328c1b018f9414326874b3ddb1733
A5344,16.206,34535cd05777fcad443026d489a7dfb7182dafe7282eb6c7a5bd5ed0a8d374bb
A5345,16.628,de2cb5f4b7e5805bf9c51228d9cb79c775d699391c392da0bfd494aa97a0a62d
A5346,10.0,cf98da4c218c2c22e0aca6c42063853aec783f3b13be8e976968b18feafe6243
A5347,44.0,b5f2977ef3d4239b566080f707da0526dde8eca6a32245952f07ef2fd8bede10
A5348,10.0,4f5fe812c801f3733cec6e05ca16c3fcdc56bdfa7f233f1a8da84368ca480314
A5349,14.716,6ae11e09d05b8a3105f09c68bf0b514314e43148ef88891a6dee443ca5d2ec2d
A5350,10.0,0cc67828520c59512e3eb73f8823afc7ea5223701522e655140ebef10492ab71
A5351,27.0,23345af5a55960a305eeb7332ca8c10ca71ac8352aa3cc44009ffe4a0cac511a
A5352,15.0,c0e3776918c22f9fb77934b96536dafa85f2bf520d41a245e980295ba0578f97
A5353,17.612,d17029e4a9e2dadcd28c1a2748a4f402055e915f159d7ae4601e2ae8a736f888
A5354,15.0,27593bc18b44060a13aae260f0405743dff1b5256ecc130263a84f46384ba1ca
A5355,33.0,1ac4c3f3aa70577e83e8ccadbe47e6ea39389c8f79f120ebdd7d1aa56d852393
A5356,41.58,b032e783104707765d2b7d47770725c638664cdecbb30e14d879215b167e3af0
A5357,54.002,3802ae1d9f03a59c5732512277397a9b27817de4df3346ac9f5bac1b6e8e16d1
A5358,11.854,fabb31f31638e6d2a5051acb8f8c8856d0c67f0d16279db2d8e248ba6e6c46ce
A5359,10.0,57365c19651a5dd6b1b16aa6df383e7ca72867fc7f7269b218cd9f3acd013c8f
A5360,10.944,d5c06a6d00220f71f28562875980a306e0aaeb55d716c7050b0486025d3b9f25
A5361,13.0,7a5862b14eb6c5b3085ab07b37378acdc0a182fb0f06f1fa77148ceac3fd0f22
A5362,18.0,f58614b6f2ac8c4e81bdf954007909793b991f8c09ff189d34fa7a9a5f5aa865
A5363,34.114,ef1ed89488f3d586f88e8bfa8cdf65077c89ef5d1ab6a36cd720bcede8c844c7
A5364,10.78,f677f9a35bf492b2ba3bb457c009483830900cd2e3e4a0733549574932ccb716
A5365,15.062,c57e622e670b0e14cc3d61b13291d235760bcfc4387ffcf9ddcec35355af9259
A5366,17.0,364bb8a5ec29a69814f9a0658a17e53f731ce843cf93fd0187f82970884cb05c
A5367,10.0,f80ab8d0c64ca58166949a7e37c3d763a32bce55903e9e8c86c06af1a6a53ff7
A5368,43.0,0a74721cb246aa573f965d9389ea52c84f5f4e22e9c30fcc7bda7d4e51d19ee1
A5369,11.0,c95259cb26018bb3251e0c3a872b60cf5a75ff36236e70b6319719b59e0d3436
A5370,16.0,3fc3f1e39e265f37c231e181d46312a350f178cc47343824bbaa490960372b5e
A5371,17.39,15f74271727ae7584ea5310e924a9c0cf3278fae5815d9b37ba6a7aa079a548d
A5372,25.0,d6b4ee93bbfe684c9f0304f9f4a61e660cce3595e4431f6b305fceb0e56f77c2
A5373,29.154,81c789adf3a0d730cd9493afce4bee4a7c71f0af4dab3fd0efdb42e18112280d
A5374,10.0,f73f03be182026d1dced0c7d264af10a64c91ad730769cee0dc3fa62007a85a0
A5375,14.598,66b281d764bf4da8860de16ff4c856709bbd974fbf89c617e3b83437cc78fd0b
A5376,10.0,18fd4cb542d7a0541357a74a05df238ca28f4ea6a1baaee9d5524b6f3a73c77d
A5377,19.122,e5c021bdce5c0beaa77a9475b7b57efdd4d6d4bf724abac5336a0ce4ad5f4a51
A5378,10.0,8443dd89de3ae303ce945fd571516514ba39b4d7fed9e23d5b62fe84d977f09c
A5379,15.798,13318118863706cde308ea6f2e0410903f0b3c2732d50f3cf0f517b943268115
A5380,13.056,a4ac3f0fdc90810bd27dca024a018d2bca91a6e859cb435b6c7c40c931b42416
A5381,18.76,f7d839d656b015aef7705936dfc6a511ec3deb9734b0a58eb5f83355c415b470
A5382,17.0,99b24cc028c7481cc7ba402246809b93c279f5efb2a47d4fcdeee6f41a2ca018
A5383,19.0,f6ed43bac772e39d76876115422245a0a3211b7ef683d550291990adfd9eacc6
A5384,10.0,28dfcc90b3625b8f935cd071c848c6f8fcf21885714ffa43b2d752a09ce1b684
A5385,10.0,b5bff97d76443e49991effcd5059e614effb4266e5822fc7e271e0efb00a4daa
A5386,18.0,34368195c9d867b8be956e9b2aefa71fbf626484dc3652a50716a86a1b63fb66
A5387,15.0,0cd5cbc34cd061790de7f0bd152dc44682af4f110ec19f6d1d00f0acd0999b6b
A5388,11.0,852d5c67e43a31b5c5c558189f5f9fde14c652c12c9e36c6b52443b398818fa5
A5389,16.0,aab7cb7be54527822b3f9c1ad5b23e8de563f3275521e37017418cf2c515fd85
A5390,11.928,1e1227bcc3674d4216b54d292a9adaa631b91181953f64dd991549dec06a49ed
A5391,10.0,ada623fbd348c26c6153c9a1cda8853f85e205094ffc2860793f038c3591aab5
A5392,19.0,5993bd08f827b5f15fa24ca5e76a948c82f8f36241e9a42bad24b5d0829337a8
A5393,14.024,0038f6164360b2c9499e8ddce6b75d551cdd54944b1db16baa425d9fc8a1900a
A5394,14.408,e92aa11f33d1d4fd952167da1b9058a946e6e929f72650248922f4dad7806f62
A5395,10.444,c0d82ff1edde416b7438b115314e055858cd7fe171fd8dda1db02ff5b5ee82d8
A5396,12.0,55d1a2ab537b58748f4c3bf85a28522a48bce6d7dd9951a0c0a275d6bd844d08
A5397,10.0,2222ec6087e68b0639d7b35346254d9334b139ec27aacff0f482935538013a9f
A5398,10.0,ef081bc83e8d9ba3aa2824968c1112ce9627923f0e01fbe40212fc35799043b4
A5399,14.0,5ea608798f3f4d569982d41d7330ebba376fc5e41afa5d47441b90b031504754
A5400,14.574,520219203cff4361b8d2539c46c5c1e490da0bb9d96439d5cb201df5d23fc050
A5401,10.0,fbed62c5946dd67903f48ebd74fc49c0f6dce37b17466e882005df83ed776d5c
A5402,12.894,89f826654fe8f338fad542e43c6ac1ebf9bb203251c3a2d7db1230e06fe077d8
A5403,11.174,f78e2265ea3635280e405737cbcab841ad0fbffd43b5158338ea22fa8b0269d0
A5404,10.0,d68564aef01660ff2c44005993aedaca65643c6e952af6fdb06eb1eca64caf14
A5405,13.0,29afb29780c6cb629dabfb29d03f1d23c2a02035b19e099a58ae1a2100452fe8
A5406,10.0,79b49a8cf30e12a470b4dd6675efb900dfa6760cbba8dcea461f997f2b0eaaed
A5407,11.256,60ab5ba02d9e9d5ff1972312032bd29dac3635a79ba0d2da049fa7e11e623548
A5408,10.0,8f231634a30cd6338f6ebcd8b29f5b29b8a270722fa88795c419d141ec356a7a
A5409,11.224,d82038d296e3736c21ac7a37dddb062afba6da91e3f0333453341ebe737aa2fc
A5410,10.674,eb73c206468fcf10a3904cf06ec2cb810326ca7f644cd0ccb452907a9ce027e2
A5411,10.0,ec23d6aa79b7ebef592801bbfe39a339406f0e48d57bf5a3829ad9f723b8e8e9
A5412,60.0,1f0c9e24af6906b6d99a7c49018e6b07c735ed3c3451bdf626ac8525f5cf1104
A5413,10.0,f2639a41c45b1409256998f5815571743a3dcf20fd59e2a1844ef99f5f7301fd
A5414,11.67,a86516d4671522fac4c87eb33829015df90c597a0b30acfc1694310f89c4f332
A5415,10.0,cfa2b3ef468a3bee4669c4e684356b4b8c87f84c526c73e47e274d68427ce597
A5416,10.0,4516eeb63b39d81064a571878e561709c22cf3e65acb08fc4a782fe91198f754
A5417,21.0,b9cb3f693c407c6269a58ab5a11035b7b4f6a691e74097182e8d986cfe18f58c
A5418,20.0,49d986a8d70eadd1a7b2353a6c552b697fd1a6e3dc258293fd0cd9818efabb4d
A5419,33.0,21f3ca321a95a9114a088d702906f23f8fd0a10335cc2110b5dd48edacbf9321
A5420,10.0,e394a1e94fc256445e30eb6ffc535ee1dcd06dd2e38778484f98e4aa337621a9
A5421,10.0,07e5faa812a28522fceb00cdd6d0a6b5985d688746942f5039c9f587ac1ac525
A5422,20.0,84c559687888a6c0cc3fb951e1deb9fdc9f762490c292d891070cff66163bf07
A5423,10.0,22e4632f1dd30aa6e3a0c2792b01148a016598f197a3455e8a117777f956167f
A5424,21.388,fc3567dd99b973a0dfdc3abde31855b3c0b60007a986af8ee5df27af4ac54056
A5425,10.0,8ad7617dd35fae2e0da50f20e3838563cfd4b276f12673001b763e835df4bc2f
A5426,37.0,6c1ed88f453b7c03e23e8a4a91c74356caa380f1aeed26c089c3ecb0bf9f3419
A5427,25.0,268de2e3ceb6cb42db85009d5b302b0560cc3cc3b8c6ffb600bcb95b1cbe0ad4
A5428,14.0,10e572855ba9acbc32b0c3f945cd8b9de298f2fda31a1dd3cf1edd6116a4fa89
A5429,13.0,5ce2e7af36ef540b6df2473e9d3ea3550e33dee9d9957994498be61fc04167ab
A5430,11.0,fddc808fd5c87f9ab02b74af5e80ba45628946b7503d67e4a5aaf261821faf45
A5431,11.0,76abed0ff147fdfc0487a517012ef3b700b0dbb50ca4f6cc132f264cccbc6104
A5432,10.0,dfd908098319d67a12333cca46e990a452e9120aeb26af59dfdbf7e387d6cc19
A5433,10.0,b2b1ad48d1e5fa6959e9c43a51eade538705ec030e58428db75eeec86ce4eb06
A5434,10.0,dcbaf5bfcbf0acab79340006ae0e539e9e5aa37a4e0c02989513e592eb77a50b
A5435,10.0,a7c0a9e2be4b6efbbe32153bc2e8a0ed8cc402441874a98bca0596d2ca47f815
A5436,10.0,88b98cf8b457732c842026af021cb4441243928f0d8b5745cccd738ff2aaa0cd
A5437,13.0,336df5963a312a34f2c91c0a85939ad37e16ffb4208f876028e059d67e3bffbc
A5438,10.0,c25d0af73fc75f41e3eb1b7c8572b5249c0e7d78d00a1e7a2f5c7fc591cdb217
A5439,10.996,3a1fe42b672b8424d6d53b6260a18745ed8601b539b8ae08f267fe996524141f
A5440,49.0,2a8dc426580396d6371100dbe84fa072c938013ff76d164c435695fdcffa9a75
A5441,11.998,741a2b7531f0722ad8dfc694f77d1de360fe9dd0de202b7add6513a3cdc16cf9
A5442,34.0,f8d92f65f98baecd4a9d3423b6dac09a0a8ba719f017091146fb63d0ff44e6f6
A5443,10.0,169caebadea46bc198f67dc421b2d6afc328ddd6a61d6cb5844e7424c4b1d1fd
A5444,14.0,30a9b24c5b27a7677833df46fa36feca9d3eee25f774d190ded7f7c27d3273f0
A5445,10.0,0a7c02b23eeec528bcfa9b92fb97fc3bf47b97e7642cce764d4f3ccb9162af44
A5446,11.0,64a8f31c98ed4aa572896cf86ebe73f25f690c4dbbefb710d12734a033fbd3d5
A5447,19.992,5a27c788d6dacfcbe4d26cf303377a951297af9bcacd9c12747b654944a7d6ea
A5448,13.0,18305d1c12c7782d43c30da060dee3d6182c3d66f13abc38a1d2e00abdd08822
A5449,12.0,6fd2cc42c39322243c3f78ca0b1dc4538d747efb67f4f861bded313302b4fef3
A5450,10.0,1eae084870f2b903e2fc2e1ae0cce54676c606c0845c2684d076d4fb976be16f
A5451,10.0,f404217c06bbf841bdbab44985cdbeda79044f863eccc979d8a40d963d36000b
A5452,10.0,e36f5cbc571cbf79c6ff1ea398107dc355b45ec1869ca629bc33af34b2eee053
A5453,11.422,46efa359a8b08ef037b896a1b2275166a154873d1daefeed87ac233886ab8206
A5454,10.0,819201c29dedb49f3f061ce36c72260025be50827ff9586d95626f3a99191d9e
A5455,18.53,5c294f3dad728c62b61032a629c81f619802ecd0643d95655848a49161f40605
A5456,11.988,202d728618ac62cef63b662d500e4e56844791758d11bd625efb7022bba9f222
A5457,28.602,aba3258ef76b085d9767ea500642c79561560dd11dd3ef15cc74f715e39b9000
A5458,10.0,1e7ebb1166dafbfb7a647150c69fdebc8576ab12e343154db7993fcd8be58130
A5459,12.0,be0dd7b994964d8835a612ff4bfb2aa4e29d83d8094d44d051a7c22990b128ce
A5460,12.19,d895cd594ba8fd6ff599e976ab8f2a1aa76cda88591678212544ae4f4e556823
A5461,10.0,a327e6b52842b1ea056a941f83d881fba6bae827ca5fedafe4080c6b329cda93
A5462,10.0,c85cdfd9a12335584e88b90af85a3199f6087b4deae8146e82f75a07e97a946a
A5463,12.0,ab3628f8eae3a6f5f1fc94fd97d4995383a9a2a10d93fd86d5b5b610b8bc25e1
A5464,54.156,9894b9e3c18ad4044ed6660c8aec6bb9eae03f4437046499c662e146fe6a9d8b
A5465,15.0,2c39ae35792ce88c685ef782f6eab8773ecf7541b21c166e34091e47f8225ce5
A5466,10.0,139d723dcd316ecff82bb0d3961963fd898a60297e64366aab93e7f39dde48d2
A5467,19.0,9144e1bafcf8ef3075518b22e2ce5d90d2376bc87fc2d0b35520818ebb26bebd
A5468,27.398,0775d47e236de6cb5f456a2b6970bc9c8478e5dfa9c5d821fdd7c8e4575e8d40
A5469,18.0,e8e21a49a9e4976e70e9c198449bd23041c79ad2a437897a63267c75224a1d68
A5470,10.0,7a55a6baac330b8f0d2c5cb86da8bf08e8a172a205c00234749a34806df34f85
A5471,36.522,c6a355ba63607dbe4932fada5754e91bc3dbf07416107bb1628920b202c15340
A5472,11.386,5fef95c549b66166af838613c98309a05723a1b649efb263947b999eb7154ec8
A5473,15.504,e86c929a995fba629f6a0907bfda9cef4953f52d270431fe9be139e1ea49ab14
A5474,21.0,257388007a624fae12b443e54a103f09fb5845e2c362b7b1e2316be7c1f7c317
A5475,11.532,31feec3e989618b372142605da6f1c5945748249466ae1490e55fffa4949247e
A5476,21.126,8df8df1b00a83534a5a8a7710ca5f740ccf02b3ae6bfd50c6df03c10c08dcbe1
A5477,40.0,843c26a72d398d176064bf76ce22b6d0164b4d9fa20b6011b2872f3eec191ddb
A5478,10.0,4badd511fb313b02fba1ed5165de76faf5459b262f16c6c45b497a9df9b9eee8
A5479,12.488,9fc5a28086f5ca04b47a5a6488f3d299bccd8f6be83aba61e629065086596124
A5480,29.0,47b475d3655582471ebc519709109b590f9bb38c7d74792577e956ce207d6a79
A5481,25.0,72131df73a40b2709223a1aa9ab81a9b3ea91aaf35ef1faef87fad60b5eb15f1
A5482,15.0,2760782540f1a47390cf3655b364c1b74a2c8b6fc4458ddc5b52f5e46bda8b23
A5483,10.0,3d9da771d57630a79da7016d43b8a8545d8d328a59a66ef51cadc80dedce94eb
A5484,11.0,92b4a69564e06964bd22ca5dcad695764c76ed4242e30723bce62dbc3757ae84
A5485,19.0,dc50ed8a1a04f347cebbbd725df860cde184ed67cd70a35a0f8c96cb4ca767bc
A5486,17.0,5ef5f54e4d5adc401a0e9e01b01985f86237dc6f549154ec0e5bd35c04cc2b3e
A5487,11.034,c4d36a81a355ec022394bde4aa4abd977e2b01eeb0a35d77343d549ec93adb37
A5488,48.0,01e146cfac1531332957fadc6f207961a1dbdec4b238b8f2992c4f58c4ff6cf5
A5489,10.0,2f1f7f4891b43b9d9400e0893332896e124e195ee410ec3e1ba42347ea6d2d72
A5490,12.608,b9142127d37b756a4f94c99e2ab1a1d7009ba99d53f65fb9383ac8de219466da
A5491,10.0,4af95e4500f21253454caf25d12cb9ee48ee2f194ee273205d7e2d239827f23c
A5492,15.0,324c2f6bc1af0b89f38102d079b2cf03190ff5f562f8aab2901de587bc02b1bf
A5493,10.0,8324b0d3a99150ff68698e8531f1958be3ccda7444513ba58ea6f1e3904dd9e7
A5494,12.442,8817e4eb8005939622a2133b23bcba77111b2b92c11833b30b379446ee409e35
A5495,10.0,be5fe11be05eddf44740dd8869b1ed0c3990f0500c2dd287f8d04e1958662576
A5496,10.0,b7bf3b95607f881baed4b74b38dd8b508de10d66d93d318333497085645e511b
A5497,10.0,1a939583d98d9d868b6ec7c0dd1c527cdd8d324035cc774916c6bb750394c05b
A5498,29.82,c8bfba30b169f75e297d2ac7063085be8d684084a3b2f6525e3a0b9c5a83a0ab
A5499,22.0,ce77f561d384a68edd0a42b9d10b6a9f5ea27350b4f3c883fb8733dcbadeebff
A5500,16.0,d4955e940f811c86c54e9fe56b337ece6fdf491db95d69a5a5bb54912807bf2d
A5501,23.0,0b6956565bdeb5ae98e4d6ae4ef1361095e2a727d3746cc1c54376b094913657
A5502,33.0,41c0b3beff865f27fe078bf143730671a2bb4ff8b21cc99203577c791f79f8a9
A5503,15.0,633d1d34f6bf01ce155bc9304d57fd7737fa64a591f73d2bdffc23e654f80bca
A5504,10.0,2e083c0b51793d43daff9cc4f8a148ef50f56bb6bafd366f60af5d02d22fdc74
A5505,11.252,d9af07c816f263d6c804904ce0811ed662349879f3914ac4373ae403570121d6
A5506,13.554,8e403713610f0993abe92589e7dfa529ea7153c188bddeb25b36f8bcef4d004f
A5507,12.494,4b4958723a9abf67d3decb05476ba0f8cf13d03f6c7e92a87785db2f2cc5108e
A5508,10.0,d3d179921401697acb12ba8e99fb4edad6e7e7d0aeb2bd9f298b5097a8fd4cc4
A5509,13.426,694462250cb2ea4f3c4406940cc74dc3258e8e7360dda70fc6d486cacc8f72e2
A5510,14.0,4bc4720d11d86f19648706bb86eb654188d7d699c9aa905f67078c8730627799
A5511,10.0,3ff5593ba82e52e3da1bcd3637eef4f4ae6c65d4da65d0c631c1ddf5772b6d20
A5512,29.0,e49281127b5752607ea517e9f8c9465ea4956940dbd40861b6b7b613c77a8557
A5513,21.0,5797abe304f66c3d169fe2803537c4d8d1e3a35047792e9e515339f7c6ed00cf
A5514,12.49,f93001b8d0be337a0fcc66c1a66ec152f5c493ca57aa68c16f19c5511c744cd2
A5515,10.0,19898bfb4728c5a377bd8c92e9f5cf3a39dcadb1c4e1cd235dc8bc63196512ff
A5516,20.0,487295c562b1fe0f62abba39401a379c40f15374593b1f00ec48ec3a515cbd62
A5517,11.508,032f3aa3b0373e4e04f238ff58ed558f1081c9609cfb425b4239df51bcf3e63a
A5518,28.0,af819dbdf1417ab0690ed4344c1fa7950acff0ce99edcd1b8674302972f3fd05
A5519,27.0,7a99a428651066add9b00e62ecb6ae185219335eb420fac635579cce1ab249d9
A5520,10.0,08608fa6cd8c92ac25cb1cd16cc0d4a708f44d2412014a36c143077bea71d963
A5521,11.0,b29877c6680a2fe7f419864b4a70c410c457bb0d0394e4a569bc668e3cc67465
A5522,20.0,a9bf6f768916b4ab71840b20ba72dcd45b64643b07974034b9a3799ec0899dcc
A5523,10.0,0d9e08017918e54c32ef44f9000de29fca5411ae2ed3c73ee5565a26924e5b85
A5524,9.998,2ddd319c515aea7fe547a34f685ac0529825537eca4ae71596cab77616ef1c65
A5525,12.944,8913d0f7b06e1cc25df8554ec8425c636126040ed8edccd03c9e101c9de25949
A5526,10.0,1a955ccb318d81b17c9ae31aabca1dddc00e7891adc73730486f184cdd5f0146
A5527,10.0,3e5506dd96f751ea4677725b437c763a8fb0fb19c96e85723aa52794d23db498
A5528,16.652,f5a2b3e1fa4b5760d57a8f4d0c7cfab7072722b62bdf201967ddf5870a74485f
A5529,10.0,235352c13e3ff80d630c1b8c2ad376f9e25ebf1d2fa47930d973ae733e1abc09
A5530,13.01,7392c83426411bea348957ec02b403b3204586a6b29aaaebbb665105d8f9872c
A5531,17.0,78a2a524dbe960276149b8947fc8d4d10d6a9199751a86ca29a5645624e87673
A5532,15.0,f12c6b125bf62a9a341c2f2569742e148de7932f8f1cb395d962b70a63265908
A5533,12.0,5d44df5bf2b5e86327d822c57bf80469b1bf9989ad60dfd22aacdee5dce888fe
A5534,10.0,07cb384de32692ddf3342f1c45f3a191d58085a502136a82d98eed734830f4a4
A5535,10.0,baeaffcfc99ca1e943415a47e4a026be8bb70af364224ff1f26b1c502902ae5e
A5536,22.0,4bc40aba3e0a5c361522a324082ee6cdf428ced6a85587541e700d8035349708
A5537,12.0,23ee50236ea465d7298c1a88b57929f918c6cb3027269c3f2a05f4dd8f10dea1
A5538,10.0,a216ac70e76e9f065fd0f52efeabd72d5965c721b31b502687dcb1c1d4531fa1
A5539,13.0,4a44d3b9b8b53155725873da73b1c86cc3e2fb9e13467eed4e1432c2bb84e0aa
A5540,13.0,21f046b11768170f7f9e47245bf157742e9971f13548c84d80dcec6266c9929d
A5541,19.0,c48247cae597d071e407fe349ea32f6efa802676505c2b29332110c0465bb1c9
A5542,11.13,8c09ccb4903cc23cf44a4145445d731864218412610523211960cc78c7074eb9
A5543,37.486,3a140f0a6e6947ae490c9c036f50b395452ab62faaa7259abf21632b437efeec
A5544,17.0,fe99ce0cea95caa323cc12c3705fd57e6b8d8c8c1b9569168ecd9a888a5beb53
A5545,12.0,6a6966268dcd3251af520347729d88123f7434153c27131508eef6c7136da8ed
A5546,16.57,d1b93000944e8431b131205c2cbd080a7c91fb0749a84d1b6e6298e29c0cafdb
A5547,15.0,41bbad9513774502791df870aa159b99b05bf2a25b5fc20e0e62f6703ac4e180
A5548,10.0,c051a05f37878a357dd109030023917a11550d4eacb9f05b82e8b2a61d493097
A5549,22.0,93bf65af07bb4368d0f7c2c5569be55c0a754d80fcecad4c74f498e91e229aa0
A5550,62.0,8ab6087d18c61f61f264bef991a6131a540db250c02a32f2ca46ba6fb703509b
A5551,29.08,600e7c4ef4a4f21b2a4a3ec4454714971c0ecf5e4e5315a3a070f91920320611
A5552,10.0,d31560540c731bffe82d8fc6eaeeb58095d81cba2fb2d8b429bcbfc764001420
A5553,10.0,90d5774cbd976a11d7a685373d8bbd17a8034fc39d7714580d75dd4fef137bd0
A5554,23.0,a282e180d67ffbc55e4f87c98eef16902b968aeb828957570eb2dd0a7e860f02
A5555,14.594,fad5836e39a0afe4002a070cdb13da99517fbaa016f15c9b36e76536f917c8c6
A5556,10.0,0474f4dea1d5907c2d5aaf81af142ae7154756f59cd8aa026406e90557d06fb8
A5557,10.0,ca42663c32da04b332243451702f1c9c202ca955b822814bc4c836c793215fde
A5558,10.376,fb26196a40ab955417c07a77fb2c10442d17d43ced03e4492e05bcac02534c3a
A5559,10.0,1a00573fdf82faa813e272cac94808130154305774e0ee94566f60a3e5d224da
A5560,10.0,883acc4289243076860fd7ab06b70403355dc62fc1a42e692f769269181b702d
A5561,10.0,9b05c62c0e061340514244a03e648a4d6db001ba552dca317c766d108c69d6b7
A5562,10.0,7fc6d42e9635c3b6fc1e76b9910fa0ad50101d5adf503a8e93dc0eb044a77720
A5563,22.0,7dd10d2e7ab726e91844cb7852ae8e49a8f230aec85f56264af9f53b7dde45a9
A5564,18.0,6ca42eb8c99fe9ed8b843f2fd6b5e118bfa825509a9da0efa1b7c30879e71f7f
A5565,12.026,68d3b10bc7a18c7c1ddff2d4b8e170ecd7cf2b199cb6a87eb69538b3442e8cf0
A5566,10.0,aea1dd32e895d07f0891bf5fdca984bb1ba67de7035db5e195d26391235c8df8
A5567,10.0,660e7e07c898aa8d8bab8b59c79089e31c7de6ddb2e9a492c139974633cd6728
A5568,10.0,51a8a7da98ef0993e7b2da3b212cae587807bcd3c765ea9799e59484dcaa4313
A5569,10.0,0936e601af81e953ca6003dae16f120e68af8b20d8301340d4757bfbac10c846
A5570,10.0,95086918b6475736935772efd890986ec23d2c8309ff88d90de16280b5076e6d
A5571,11.0,6e0c6170d162b75ceccfea7c6bcadc454eea0d69defb1e0e8ae2f659954aea4b
A5572,11.0,68659849d0fda649c80736905e9d70da36ebfe681ab6db62241957bbf80be1a4
A5573,10.0,66ea20aa947ac483339837fe5b3a4a10f752e44ddaea426020d46e1a2e0cf9bb
A5574,10.0,f55f60590951511c88f05dd14abaf79cdef31d073eddbaa8c901e0e2ddda47b9
A5575,23.0,1793628398710da94a7f41e4757e634c2136077b4447cddb894eb7d1c0c289fd
A5576,20.0,a6db1cc5c705d44919cca9411e598e3b8734dbb2b377f908913c904749738833
A5577,14.172,917fa9cf22da6719a386a4511ba24e3eba80844402765e890c5361ebbd2602dd
A5578,10.0,5db4be79de18afb270a55762394986edbce2912a6da648a51a43f1e447605f98
A5579,10.0,6a18fd64658a023e340ffe2fc5d2a94b6f04f69cee8d43fa432431f78aa717ab
A5580,10.0,e91f8dfce7e0ad5458681423e62625a88693b318704cd262ee4c10b29c6d89d4
A5581,32.0,08eac44cb1e5a814a44210f6a3d9871efaccf0335c853d2b65daaac1a43eb15d
A5582,14.0,8551623a34dfdec667bd39602970dc98ebd50bc011fb77aba5e6e2407c99ff05
A5583,11.372,08e79ecd40f08c684e66bdbe875596ba8a2012597f671e4b1c4032196e400f8a
A5584,16.0,3a1c6e6f1daf12fc2157e79b10da2da3c6f6e1be1e428d2ed7286f735ebb1a8a
A5585,10.0,2f1b90349534499a1e33e1450f2be90b8c8ddd7121ba33e993e6c9ceb826acf4
A5586,10.0,bbcfa6bb4f13b72b18d44ad5c3c8548dde98d4d90068e2213ea2d95699b1d4f7
A5587,10.0,6968f8977383887f6fb71377013c05e6a84ba6299ada2d4529c3ed4845ff9963
A5588,11.752,9cfbcd5e548528a9e4de82795d1fdaa7f4d3d969f929cfff769bbbc4ce2420f1
A5589,20.0,0e943d311f383f57f6a3a86120ee0643e8863591ccd0b4c75f83b9860b1182bb
A5590,10.0,c125680c0088af41bc6355fae3d138f2fa55622c443be31ab0717533fa39a039
A5591,19.0,b6ffe95520dc7b097a796a54b3080de72f4bcccd14afddca17c57c4513f1a249
A5592,10.0,d3cf169831ee9807dac15a5c38dce6041f386f4d1a16e529f20d9deeecef862d
A5593,10.0,d047e8bdfe6aa9789ed820488ac008e7aaa39e596adc2d5febb12e789ae7b551
A5594,23.228,68f6f8b9b409b5dac69652317d8bc186b38479bfb67c62a02baf9734b4f02599
A5595,11.0,0ed9a3b5d6e0999a81d49046a264c03ea6af34ed54b0bd4b168074ba50d4ffed
A5596,13.0,1791e87184528b991e54ab2143686aa4f993c91202d2e6bbde533c8396e8121c
A5597,10.984,b6d1a1931a0c2bdcc969beafe571c5baabd69e1f8f2485984986fd0ac4ba05d5
A5598,10.0,aab85ad9ebde1ae2da065e7124d3e124d946ba29e2d7091226b2f9b6e80db9ed
A5599,28.796,14b1af5cb668f3c011c461f073d77deb405b0e2dd38c7cdf8b433975f79fd4f1
A5600,23.0,0dd55987ce6d317104ee9c8800258eea379fed8058be92cb76bb2d5e5f81b1bd
A5601,38.232,c12d3084b843cb92f82a2cedf03524d6a76e4c4689358862647dee5aeca8720c
A5602,10.0,b1e31f4207b33e6766fdda893d96305eb0ad3f17682036712b16ecb2afa53a3a
A5603,10.0,2caa44063240c47dae9997ef5e552903ec579e881da0248b111548926765b0ff
A5604,11.674,1351956f5a38b52755898fec4209f7498c2dc761708051c68f1ec83caea2a93b
A5605,10.0,8889c726e41d6a36e26625c3e933bb38c6792f54a90eaf59ee02f5613b4e1588
A5606,10.0,b81d381bae1dc06e7cc88b0d3e0bf6f4e4954582b96b1862cc6e18a172605721
A5607,11.0,6ca1fef9fcec09f37a4d9e3e6d48b07c9493dfed2ce03f60662964dc8d12daa8
A5608,14.0,101593f9b3ae5d24985e0cd6ec15819c634242e3bc26bcc2ae3a647bb6650c60
A5609,10.0,fea2465006e6b32f0e730a9cf5a9b89785d330294d76e72299d698f9e4911d4c
A5610,11.088,034efb17ce9d03dc8352b848cc4170b440095b239877b5ba92e26a215cc559ca
A5611,10.0,3c13ea0b3cc60b7827845bddb5d3e3c19c25473da1baa2c14a59b98563be4169
A5612,10.0,9368f74ef12abd5ab2c35f0effa774b10a1771144122dce004a6f366964cc2a6
A5613,20.0,197a67a0775b7c3206eb32eb800145d88f1c132c399acf278696395df8349268
A5614,13.0,40e1c0fdf54e32cd7207036db827e9dd9b88d070b5f482dbd0a6a2934ac88745
A5615,13.024,76bc54ef570c3ea3b611c0f8f7413a6542549e7acc2a97b05631a580855fb766
A5616,10.0,d5591b2fe10948772e6215af786917b0a4375b410e02f8334e96f7be1d6cc73b
A5617,11.064,09ca467bd38a6c28051851905936bc77fa947c891020db69422f8e3801a9bbe0
A5618,74.0,17aad4416a71d5b6b32c46912a2793b0bd148f449b552ca9ebe15f5c8a5d9716
A5619,14.878,20d3f74b2150512cb0daac4dfab82204ff38f2ba9a1e2c63823f0cad9bcfe468
A5620,10.0,70d3e6ac6a1cf1a5814ea191505c4d3d9af22b569cf1f37b65d5bab5805da390
A5621,10.0,7df313a8065ef394f8c46e7283c224175132b46c5f4aced78ee532dfeb903f1f
A5622,10.0,56c57c28ce8c4c51ea82daf735101e4fa3e0bf6902512f9ab006b5610187838f
A5623,10.0,e4d4c62c8d3675ce0007596227cbcae55305c8bbb019c054f1ea7103542a8f41
A5624,17.0,96fbe6db752a2d19525df5a6ccbd0d386aa42733ea508df1d710814236e60624
A5625,15.514,d9b4626e9f0dc701773b191fafd95168ccf7bb9143f2aa77829c98dd9ac00163
A5626,11.0,269a2945ea1a640d3ce28157cd070aa5e7822b3e647e1a4ed6852d9af246952f
A5627,15.674,31cbcbb2bd6dcc214a0722c9e5256c6ac6785b4e15524789a33796a0625cbffa
A5628,18.0,937efa01f50162a7adaf4bbcccf306bb2826c6b32df4cba338ff11d571bf7f6b
A5629,20.0,3f01e8494a4eff29341000b444d7a3f1dffe3efec9bb63e008ad6470da3063c6
A5630,10.0,d0f9a41af9ba1ab835412b2db54b51977b15aaebd2082ebb7f5df211a7d90b5c
A5631,10.0,4b9d98f2fdc2a74294297df5ae9b90f3b822c1e4670dcf37874c73599fb989ca
A5632,12.0,b507de6c39cfd4c19f5b7c36a846e9c45c3466ba479f15f165ee0d134fbf4e94
A5633,15.456,a85946c13ab41f44c0de06a7652b618b59281f746b3c4880e208227e928c74c9
A5634,27.0,ae3032e4dd0b1ee304de558d5baf113dd0fb8ff2f9bf854543406a586e5d71ec
A5635,10.0,0dbada70abaf805f7671c0d91961823d37643e7767fbba4c19957ddfd0099496
A5636,10.0,445fea1f1a3e9f8b2b69307e1f913d5995391d4bc25e76b2608ee8e33dda932a
A5637,10.0,2ef68f60a7730f1435dbeab1270755f2c555b2b8e113ed16c800dd743ccdbe1d
A5638,31.146,f641f3b28e6f7ae89379c9de4d45c0a26d1dd7cca4199ab2510873f7cd81a921
A5639,10.0,868870a5a6976a8027d9f2d1bc775990630076f1b951888e06c4534f2890e8a6
A5640,33.0,e807769496eb85d54048fb7c3b26f860cefcb61a4297f571a1e3d362eb7be948
A5641,10.0,9eeb1bdf990f29277a634ef10b2966c1a13530f1927289a87c74b272cdf496cd
A5642,60.0,5b2d3c796ac727e664b559c4f7998c78eb6e7c9209bcac0ee1438ecdb77a78a8
A5643,10.0,a35d94f03f45e0fa707e63950000b5d928e5fbaed7fda526f601e798f9148561
A5644,10.0,c5959b5d8b2b4320d62adf131016d27133d080f00532a9f5f7640c9d068989bd
A5645,10.0,9458324f596e131520105916f30c88c6607a7f811e50813e9d699cd026d1d83a
A5646,18.0,9fb78e9e9ef7ce8499d38ab5a9399f5e23f8fbf645b67b43bd882c9c45080008
A5647,12.846,e96239ce21816c82843b7bb6e7abebe7e3163990bd7b3c082a6c0c2251548797
A5648,10.0,804ec5a54f262d0a6308c79824b31a0ab236ed7ee8e015ebd1eb7eec3012a3f6
A5649,12.0,56b5150aa6684509f0b337d6f9ae6b259dae9a3f78520afba664352425c77433
A5650,20.0,a0dc35d6db80844d2c9025edffaee7b2a92e4acf229186c6887519f138365dea
A5651,13.0,b9069ff19176f73e9bf2acba3c1ddd8a386d3b6da2a21c7f48c9cd4f97b68d82
A5652,20.62,17072ece593efde24202f0b876ebf46a3eddc7e95fe409751161c75f50f4404e
A5653,19.528,3116228e279d654660cd194737f0771f278b35361c4ccbc58bd309cd537d59f3
A5654,26.452,202f8648fd25b21f7715c657f1ac8c40db24a372bcccd59d6fe244059ac8ca8e
A5655,14.0,6ae22bb43cd1145679686ff6bb1ef01a0fba86ee80f546fca763967c00a45a8a
A5656,10.0,01196640048d3d65684c4961475ecf716005a4eddbd9743a8454d4b92387bb15
A5657,21.0,2e6997e668bc186b772e3b0a4f1463101c8711bb6cb1392434df7fd67a6e0821
A5658,10.0,e53558cc68adee6c01adcc9ce0a51ae5f23436dec2ea81a56ac9f5a61187c86e
A5659,20.0,9754c6e66266bf2595e5b48d420990bb3095a699c254d250ab256ffa791d044d
A5660,32.648,5b03fbe527682526cd8767ef4d3e8647a8bfefe02dc726d8e97bda568ecded9e
A5661,12.608,aa99b1339d012db02c01d0c4a3c5b9bbb3e41ccc75931b23f81933fd9552edcc
A5662,32.0,56c8bb5e481e5599cd18ce70152899c8d434a224a48ab22bfaa8adb520ba2e34
A5663,10.0,626add0e956253d9d134615985830286482781d6d0905408d23a9d550d65a12b
A5664,11.802,0a41a11d515412507d86b25d1c026fac76751964d75d4f7deb241000e24ef613
A5665,10.0,21853ac902cc8826ba6c31db43e5de5f085d848442e875ee5a3a0e2db7d58c68
A5666,11.0,4d0e4603453cbbb94b24f69978afeccb6279d55c39e6da2bb75b0740dbb35771
A5667,17.0,4af99aa287047046297c24e39fd3a84e755d9ca4e017066c1c5564d1a6ee1e16
A5668,10.0,9a9b2258b7272505179d89e3f459be53cd5c14049d35cadf44a8f1fab73634e3
A5669,10.0,e0ab9d58a3feb1e44a2a2e533339e36fd687d0a27f5e410d5e4ace7246aeb0ac
A5670,10.0,a7ffb9e464f6170abb811eb6489ee2f0700e04e3c1880b8eae11a413ce688cf5
A5671,13.0,94ffcd2c35aa12911ce4a4fb00c593f00db882cf40b6a5a71f04bdac926f22d5
A5672,27.248,92b9068d386f88c2aad314d5d89acb40ab69417a3f46c4290002f854ac86559c
A5673,12.0,e7a96706510a75519c7ea1aad2026de3075142cccdc3cc407daf49f8e881e20f
A5674,22.0,b286544b0eddf820106a292a5adebdbeb618f7207a263dce81e364659b0dcdbe
A5675,12.0,c73dc687f7fc055bd9860a8bd7754c48c8a93de2b4ea8495cf6aae2223bc7445
A5676,12.27,f8735b64cea30525e73fe17499439c76a280b56f02a2838f7b5f0b3d4f0ab51d
A5677,19.086,5b979fce02cc4b107c4c9968dd27ee65c373d42f55825cb48487d7076442812b
A5678,12.466,95bdad6d99a82d16fb766e9b69ad4b1714fca6c2ef7dff09c5ba49b125e29eeb
A5679,15.696,c00279d376825ba04c53ab25f16306b38c4244732a10caf775a60be8faba491e
A5680,10.0,5a60178f2dc4de579b3c85868b0f366fbc182d49bd12c1ba7f06028b78f47950
A5681,33.0,c663839e8f260faf6dca53063ce1f415ac5f72aabdcd2d19adbb049c9c62db12
A5682,21.0,e8c1e4e0829377c691fbf10ec9be6c2430a2c087c633101a50eda314c94b0852
A5683,10.0,256520b1668864415266016b174ece1934d85a891c3e2e0d0cec42c06a36c818
A5684,24.0,d2ea6b1f6c7f5e7463c838748158eefcdc861952f12eb488e52cf4d64df1c977
A5685,15.0,d30927a21802f222ed6378cd0f6259f18fe016e9a2c2830b5dad256c9da5c857
A5686,11.854,149c336fc2b708ab51d52e801b4373b8b89863cb5906d06ada66fb48d04b3134
A5687,10.0,4e1edfc1606dc7e895c6e0738df376e7441c8679ce37f41c8f5371f08a93cc46
A5688,10.0,208c001094d957468183c75d9bc82ee7df19a72127eeb99a27cc8a740f4261a2
A5689,11.504,5ad669677cb945c40659d4470ec1fb17e878f8eb42bd9b77b24be8cf5f47d058
A5690,10.0,45c03a7a4ea2d9b58d9f4d04295d5a5c30335c4455a80e94b42c38cd2d3005d3
A5691,19.164,7f1d48b03628e8ce7f33d5936283ce6bf7722428c302f4257a376e3a1452a524
A5692,33.0,8778febd98d0b59021d3038b805bb03f479210737d4e421f8e120da07de59bb4
A5693,10.0,259685e94ebedf4da81138267b23ea2db1e8657b71d4b295a3d99ee8919a5824
A5694,10.0,bee8545f439061edaeaf5b0c632a9702bf87c750ee85a64893697cbcf13f9e23
A5695,20.0,3161ea9bbd35d9cb01765c68c2a24152dc9e7596107a818bdcc9a6ccea6c651a
A5696,14.248,21e5404d3723bbb7838263ab75b4cc813484b6502aa7a70e04b91b2a85b904ca
A5697,16.0,ca6c0f3d77b188fc8907fc55ae24f1ca413477336803fb2cccf0f978fa870e3c
A5698,15.37,02a495ac640b1150dfbc0509a17f5f4b9b96e33e01796ae4798914f84557ea8e
A5699,12.998,318bb37b47513f5cf15a6a95da99e7db8eaa7f6e8be266862f5fdc2d93b34fd8
A5700,11.45,841d4f4de7080218da8d4337219697c5b5cc550c30c50122c53479dca545a2f7
A5701,15.0,be24fd15a88d1b52669fcef62fc255b98c7532ae072d5c47451f9da0647f2718
A5702,10.0,4a2e7118c713afa1eff37377f6cf49a4e145c7fa7958f8efc9f234135a75ef8f
A5703,10.0,4d2e402e0eaddf731be412384c3916403b6bd4b4fe7b0e8ddb2c621ec33a714c
A5704,17.0,33882411f3842261d2cefa1eb6b5dc3e5eb690bbb984698bebd8933682bcc419
A5705,60.0,f82beffbe84cb918bc19594fa4262029e2c1d7de4d43878f7ae3d25df80ad529
A5706,10.0,85e77d72803fab133d736b518fa3423a69afb312d638edd925b88f81b1dc1c51
A5707,14.796,f3c94b48ef2d3890888cdba428ce4ce685072d23f9903511fea1ec2eb8958504
A5708,11.714,fa44faa5f28ddc419996726178b760869e8f25c1c835875e7835ad992fbd4f4d
A5709,10.0,a00199d96900b588de2de4083a49eb13f3537b99de1a07e2f2d5197dce3ed236
A5710,20.0,f7b9579872b5174de63ba3e9601a8f6ed4ac2e054efbae17d4ac3c979ecee1f9
A5711,12.0,ebe5357c7de767be83d1de42646fa418168bfddb94c3b1a9f151648d81305ce1
A5712,15.0,7741bb07f7d950c9eb59d07e817d855e7de78f48d8e2cc324e2180d05edf2901
A5713,15.0,8817c17157bf5e9ff200767286e2b242417ae59fecbafce135e6e4bcfe57de5c
A5714,10.0,43061c8a50e352562be4fc015cf897b3845aedd6ff32361c150ef7e236863480
A5715,12.146,74a464753d5738867599bd5877833a1e238fe4e6e93c6aa8415664eec8c41b04
A5716,10.0,ff86ef0abee11c2e0c9755835e8c8b8159f6365f26d2c3b7470b578b9e6defac
A5717,10.0,6ff3206f040c437fa8d5ffa70a68dc31cff39c569eed22d96078c64735cfa4f7
A5718,16.0,6d326bb994ec85e243110533db41b65af7e2ffd6bddc0f2498b783f0df553a83
A5719,10.0,d9fc9c565ecb1ce45f2d6b7a4945c831b992d9ea29665adc5e41214a9cd6d867
A5720,12.0,5ef0840c60f4517592d1a8cd7dd392792b510ed469cbf4909688a95288e18ab0
A5721,20.0,ea3c5218e3ce2c573ea0e8b985a5e381603f58b4967075dcf017bb9c44100a84
A5722,10.0,e9b6a5fcc9b67ef0b1dc239b40e170de54bfa1431781f66942e9dee9b373457d
A5723,10.0,9abd19a6c8c2e1b28010a5010e0a6b0f0a532ff92f996bf9a7c6492cee5e031b
A5724,10.0,2ecdcb2484b8bdee2cb241db7807113d46ee5452eff228e7fbcd6d00ddcf566f
A5725,10.0,784a6d2b9425215612cbc2b8212ea50df152b26dda883299647c5c88abab0415
A5726,15.02,2b0ae70beee4ab10a5e3ee64da0e5300bf741a809aabcc8cfee9da9623344522
A5727,12.0,04f935ba620d84ce7ca5b56ed105741cd5cb9eda9387bafd6a11baf12424e791
A5728,15.0,88d0d41e20eb3486dde427b023609d0ee82294258524c3f44c717300df1ddb9c
A5729,24.0,2b5c0b6e1a48701204c3bae9d5850b2f5c7a7910ea2b503584467bc4e37bce44
A5730,21.0,40cd169239847d2a4591f5c9eb3f9a30632a588fd74b960c548ae537fc5154bf
A5731,10.0,54fc8f686884aae26b2f9c00bf1f49ba7c7d7a2d41c73600ad65576aeb17dab4
A5732,12.0,c04fc6f6a64fdb5ca56d2d80744353f2e3cc66a26977b9ef4c626d8a9e97edd2
A5733,41.0,140d079e041c0f303fbd586e07e98551df7ab9a08d4f1068dae8ad1258edcb4d
A5734,46.0,ef20ccf1a74b23184508901647221e1adc9931d1ff0b9bdb0b0a2bd29e54eb26
A5735,20.0,f5128bc571fc79049cd34d124cfed86603085e37b40d87c8113f86355a2937f2
A5736,10.0,ee11496b7c8f71023379387d9b969a5c0bf1b2ff4d0881a609e83150cae8557a
A5737,10.0,6edc220ff0c8f79c6d072903eb26273e46e245d1843ad9845cfc5fa977c1c758
A5738,11.134,c1be62c5dd572f0d2ac629c6d1cc78a546dbc2e62f8c1861fe40eba470d05c96
A5739,14.0,1d547d45a9d2924af31a6f5226f372b7241980fec3d933b67819ea1f1e7279f3
A5740,10.0,38e2d13531370355b3beec85910f5f80f4b2b4d4f418d370973e13db818fb765
A5741,12.0,6f5a2aba32ad9232f19f82ec4eba5c0a9922714cc7f873bbc32d9ed58639b306
A5742,18.0,678877c6616d3c70096bcaa6eef077d778b005c49ced09630a6fc9e6321564a6
A5743,20.0,ae5dff78f8f348a6c99328fa9579afde0851741d2e7b051af081a63a183762d7
A5744,10.0,1007506f59c04df0d6fa419400a015a18ce58989ca343a3c60208f66ef0377d6
A5745,12.0,758c35a5b7c7d5173f80e8f32f55dca894513bb6309a2dad66b89598a029c21a
A5746,11.0,5f9bbedf043abc5535b377f09726301d0107c28c1d231fedabe4818f469ed7cc
A5747,32.18,853ebd0518aad6c9f50a8c6aba127df3cc3b4a0bedc7a655defce29d465c59ca
A5748,15.0,6c5aa8609eee693af212423fae56797707880dad362a13cc6238d4dc49919cb8
A5749,10.996,86bfc05561a81e7dd2fcf2b25dcc561fb736caf4e3b03eca5a31165051ecb9ce
A5750,21.0,c50ff73c062de236d7fac0b3026f607714c846fff2bb68b14a9880cf7b637d26
A5751,19.0,7b8cf289b1187f1c8d8267ea49e3de3eb8247f4fa80eba33366550c25f842518
A5752,10.0,ae51e360126f92e04f2a095758355bd041ba5cb99e398ceb0f7666becec634af
A5753,35.146,d67039ddac9751b4c8aef4eba0fc42a77fe1452a4c522255094603bb0587e660
A5754,12.452,bbded9d6bf372710f54256424e0365ed7bc888d734ca95fd98287ae86e7bbf18
A5755,11.0,7b1b66c44758e3ff7281a9426aa94ae048df4828e9606e61eab555a278845fbd
A5756,29.0,9b4dd73ef89eda0deacb61ee545acdb8c207e72750a350a19aedbb8b944d9bb7
A5757,16.0,96926c9a4c61cbc0d3c520ce30245ebdc0f9bd43df96b90d836c7307123c0b2c
A5758,14.176,d39b34e5b9b2739fa1567976cd8c5a079bd8533cbebc03228e9d71ceb0e5e9e8
A5759,14.252,1507ce850f3191600876704be2e9191d84549cfaf90a1e329a8755992ffbdfef
A5760,12.0,44783303f89aadd1d6d2d8b9e295763c8f7436cbbc2ace142c89937553c827b9
A5761,10.0,da6f8cbf4d8fcf5a6629203f3f79563526421f31eaedaf205d21574e95ddc6e7
A5762,20.0,6af1d0e083201c77aeec0a4f8a3ac7b0991c3d31b253496498291696180c866b
A5763,18.0,a646814ac71a6405cfe96efe6ce2c882e64e10a30135f033ee19c3be752a8e88
A5764,10.0,b4f16f0e8046bbcf1e1a73ec7f8aac311ff507b24e1e01a17c82a1480d2e42df
A5765,10.0,c70b62fc2a3cdab9f52979355ce6f40f444e6b7c9ba2786bf825d932e70def6b
A5766,34.0,5181960407d8a237afbf03413ceba38a78d7053cd5265fdc19bc489839d11ba8
A5767,10.0,efd1cf8c7165819a1d9e687c600b56a8d53bb8601a8c261366df2bc94469c2f5
A5768,16.61,23e20646ffad62c617eb6516186afa857084c6b79d0bbcd34222879300f3e656
A5769,14.0,d9188ad101acce96d54a681a393600787cedb134f8854fbcae39fee7dfb807b5
A5770,10.0,8f035fbc2614fd1234e2a3fca740e777a4cbb62853eb53a02bfd28d56fbaee54
A5771,10.0,6fd95ff6e095c4d353040394f5aac5b8904b27d7432bc12fcddd313849b399c9
A5772,20.0,20399e0f2f410cf21d0f2781eb72d441492237146b934a6c8dae545bddeb93de
A5773,10.0,f8c39a16bba3c5f4d622951fb50dac7efb42edea337016cc5db173a1234ef2cd
A5774,10.0,88f36243b53a18214608b62d1f524564627e391328afa486f0d0d4342aa4fd1d
A5775,20.0,3bdf6500bda3bcf19feec68a6cc37a8ca9516108cb5563a26175f6074bf4afb6
A5776,17.0,34c08cec0b2f7aa1d83722a077b172cec48b49f3c043273a5347df472b399ed8
A5777,12.0,834895b67b9a230e01aba296c84d1eb92c6e8173c279f93aaa94a2aa52070367
A5778,10.0,0e853325b64bcb20bb35cef103eab932085868a87bc0f1adc8e28d26c1fac93e
A5779,10.0,8f67fa19c95985813d7529d282feeabd6f7ddc0366e94b0d9f8369d7791333c8
A5780,18.0,30ae67e87eba92f1267dab13c3b8684e2361b71f46a5cef3f5f758bae2d6f9c9
A5781,16.256,c33fc9961524707faa2f005c0805c5f64a4ec2f02a1e72d8883a7c4904f30fb3
A5782,15.332,bd392594c474d812281f6796724d8d5333af7caaf9a968ba1ba6dee27d3df276
A5783,22.0,0858521e5c8a7d43952f880d177ceead9561dbc850a051f088e30e241da96504
A5784,10.0,7b807e40d36d0c9216eb942b60ece27580a943f1af7df11f0b7b180578a625ba
A5785,16.0,1d7236c9021169e2d3df74c354a1bb61849e8b02c394a9d7bc6cba4b8d3c39cb
A5786,11.0,5961960cfec6b673e7ed7127069d47d7055348afcea9381baed035b5221d1cd6
A5787,13.0,e14b39a8d74d83ca01ca7fec9e0b833a78a62b9736e4904708c51fe9556e16ab
A5788,17.054,865222c6ce611a3345939c1fa75a1fead7b21a8f6fe803849da748d8e3f613e7
A5789,21.0,9a0319cbeece59ce31bc9fd00458b0a7ffd9b3a5f3218d977d70f29b2964b912
A5790,10.0,91b789aa2d714e0366b87741a7303f687db05f56ec799cb60b32dc371f178a66
A5791,12.0,47f83ddb901592d804dc8ebb6a01b0d13d60f97fe506fefc13106d622382bda3
A5792,10.65,884f86a548092be39bd3c5d37ea7c75e6cf86a54eff0c52850ceb8990bba21f6
A5793,32.134,9e38161e6be5b412e96326b1a283fb98d66028fa7505dee7402082b8949c272b
A5794,10.0,f3e6e879d5ed4069570e440909741d92a685e3cb44d7d4f73198009a42b8e0ba
A5795,10.0,c971859897c26f47bfb8f305d026cdc0ef2f70b801f0457c188ca52c6403e84e
A5796,32.008,68fd7f57558e738e64390c1ee8659e863ea0b6a143c8025ac885fc332d8c5ff4
A5797,15.0,7059b72dcc19e8db79533af8e126ccd1f622d72c9deb946f3de88e79b5d77d83
A5798,10.0,43d33fa8434c259c28c9d4ed9d343838cc23a9004f2ac5e40b41725e752d1bdf
A5799,10.0,315b80b3dc424971318e5e3c1b63b204bea4189267279c599f8b94f4c2da4b83
A5800,12.0,f98da20f3e04b9b6ea47438f5b59681052d56a29e230b1b5a372b8dd9ad0bbde
A5801,10.0,a56188f53eadd1b651a069ce0dc05f21989068e192aaf3e5937e59290579ecdf
A5802,28.474,2627115d5f73baf2e2b1c2f550f4750f82d2e0b48c7675e5b11192db362bb7d5
A5803,10.0,ddb399d39d61e33d21ad615fa6c1c2d651779a4976f8623eb1d9a8cc73fcf441
A5804,10.0,0104b0a89717682a150d4122beba1d39885227249258cc12c3b6f6a479189155
A5805,11.0,911aac17b1cd31fdcbe7dbfb3cfa9fb2db34bfd10552f58cdc163c75b40876e8
A5806,10.0,06fd0e232b7e162a4a9cf26bd1212f5aad536b761962abbde15dd0c23337ed06
A5807,12.276,426fa68e1a0e40e86683397a5fcafb97d22bb80cf0fef0808a625c8f3590e44f
A5808,11.662,e7d6fbe21a85ab3d25f9dcf63ec40f9eb79806c97ad30755b489cd4357dc145b
A5809,10.0,fa967b1385eae104b0471fec6377a6b72fda997efd927976d7bf09ed22d5f099
A5810,12.0,a67c80fce7ae04a5d83503e40c4744130d46a4608d82935342882481eedc3873
A5811,13.858,bb7d30f782fcc2d8419017d70c1981802633e54dadef77143ded0ec8d8d5682d
A5812,10.0,210bbc1b65b1b136f5523a5fdfb3b6d84f801cbc6f2a0f5e8c7d576c38eb28c9
A5813,10.0,bc1c2f7f89b9f0f39b40acceff4599ced2a34ef4ef9255346abb14c17f2a35ef
A5814,16.334,95ce297a8e83ed0ede962b53f23748b8f96961124978692645624b7500b32295
A5815,10.0,df5cd9dee4b351cd0ce6199d9b8d9ffc77761873c5a2043759bedf84bdb19573
A5816,15.23,04b7c2c52818a5726d0d7c3a6b3a69838f3db19788fc2ca051f5985960a66816
A5817,11.0,c0cdc8d7731b05ad64b2ff54c28fd7c79b94317ac736db1e046140e804f5c25b
A5818,23.796,ffb73278a41b865dd9488b9069e94d7e529ee71935ab80510820a93139ee17a3
A5819,15.0,6a852e2c32ca0d36580f791b387f15dd1c55f67d1b7988de953e189304b1696a
A5820,34.198,1725561ef7e01e76f49dde3f1efbb4fb6a535e8ebe6a056f9d42586d4459f6c1
A5821,16.0,ef9f66ba63ed62de9c8513f02a83f28107c73d3e8066518c6d034bb26e3bc503
A5822,10.0,bfb627e4774b12850d0d16fdb10f9c1db73cb882ddd38c6b1a8efa3b9b58970c
A5823,20.0,cac11558fcc4359bfc579d6cd9491a7b40ccfa2b893c10b0c1581c4a1f1a89a6
A5824,24.0,0fc45d43f9762c08c1c72d6d435f5f8b1488748e95089fba28cc3c13046c1f32
A5825,12.154,87463e8a5519872a0f2a3f80631a27a53a786ad6c378a9b17921a74420f4bd0a
A5826,17.012,a22bb6555babd7b5b8472f3ffdd734de19281a9dc1240884f8f33f8511de5d94
A5827,10.0,3cc3c704787a996c346814238b26bf339f92b35425a392c9be4eb9741f50375f
A5828,85.0,25d57fae1578603780ea37dda3001bcf82649cb65df4696fba377a182e07cf2c
A5829,13.932,1f46c982adf790e34067a97933b0a81c842d37b65e460e116712a43fa02828af
A5830,10.0,61959bb2d4b415365ec46b0898220b9057e2f882e2f849404eca436a093f6a9a
A5831,10.0,a33949923373db4d8b48726ec83430de5db6694830ba61d98d451ea92267d778
A5832,12.972,30e45539895d21c7d3b27ba04193e71bb19decfac1eed099131c7cebd7945e79
A5833,14.0,b5324de88a4bc926147ef23978d6f3f6f3eb8d96bca93f2b5e73724262a56157
A5834,10.0,d52ca0f755d8d88499ef7fb914e14ceffbb384aec4ea07d0d20ac293d54e4a5f
A5835,10.0,71b053e4e4a460e7c3a77980ba8bff2ae73dfc467a37028d04200b0e3642ca4e
A5836,10.0,2da22918a0edab60b1a19e988da4b226b2eb953d694aa9fe236391d82849b2af
A5837,10.0,3003918304dcc0db48a2292f29132fa61d2470bf038ab0d82991e129d75665f8
A5838,31.75,2d7e42b253456b845783bce33a542e91ec2febfd71ea7502ba548475ebbf20bf
A5839,32.14,0c83f6e50ddc8faf16c7b069931a9859237374431f08ef6b4e08ea7b9d4b3bcd
A5840,11.0,455ab3dda6c27257ca0789817e390fbbe4b0d4906ce90d16b3622bc91229666a
A5841,68.0,330786e90b45da72869d0023b2992985e6a57b9ccb7163d700af3b9c340302c5
A5842,15.0,bd1b1fb9c9d7da695ed93647553f112d4d1f52899efe1339d5ea292e49866c84
A5843,12.0,3a349dd66621e7ffb13fab68ca7428c2c4e8f53beaa12ed2930977bd1ace72a0
A5844,15.0,383c563b97d99c2e8b6fa0b210e3bb6dbf65a8c6f072feabe213c3b4a1a4470f
A5845,13.306,21e0c38543ae5bbc098906d95475eb7f0f0c8c736b09dc228ee7c8282ba5e959
A5846,20.0,cc03c955d65ec7770225cbfe147e82b7aa2212a471d9ef00306f4320b35c12c8
A5847,12.998,596ba1b2a3971aed3d9f73b6c538936f7f9cc52f802b27400fd86058a6106cd9
A5848,10.0,2376649a7708668647ff29d905bb58989e1e38384c416ec4251e4e33e54ca54d
A5849,23.576,6b36042f816a720b57de45128c8522c77f3b3f10ea445ad395f82fffebdafada
A5850,19.274,3ea176be67bc7bb422cc40c6e9b880582eca303fcb6bdc02d8ffb34a93406908
A5851,11.994,b5e4afbc59c02b77183450fdbaf49f69b645036dab9ced6fa1043f34f340525e
A5852,12.924,47b661b7f5dbff39f00759e7f58a799cf29f6c6ea8bf9671b81e27e722c26337
A5853,13.754,a9300378c6aaf7f4f1db2186598a7298ed401d5550fa5445da291b4fa3cab8af
A5854,17.0,9547e78dd8349a98bbb3c54e4bbbf4f0f46b10666777bcc8c44366d67e2a61ad
A5855,14.0,7affa5334c6b48034910e2bf99e25c99aeb6ac27a3542610605dd5b6bc2360f7
A5856,10.0,b25ed2fd3b9a4dc0ebe620e8d8159f79723a1da6d0e0d0bad9f46c27c704bb97
A5857,10.0,8637242f16811f1ee0a2fff91f2c128e731333052a8563261a280eda7b749c60
A5858,36.262,ca668b135ca5420bf9a359c3d12c87dde87d2becdeae0e5b4792aa79bc2464f8
A5859,15.0,797c743d023d006bcf1a82caedbd43e7dd4b23d9e004d2ac9b25622aba47b679
A5860,10.0,d536ec24cc7ff8b690b4ff3d6181aa27b24e5aa6e25f930c41d4b1b50a0580c4
A5861,16.0,02edaa91b7ac836ff933a25c10bf82118cf42e24d2f41759711de5a592a7708a
A5862,15.472,26b889aa5a358d89282320e73724550cc79e589a929938295e9f34596266817c
A5863,43.14,db3c2386c4ee755c3a264bfb2a7a61263334908164c5adbbde97978e5428881a
A5864,13.21,ab896f02bb509082496d49dd81f5743c302078acf67cadeabd6be56f71ba626f
A5865,60.0,7e98d0179edf4bd903d4178bd2da2c8dfd8f380c41cec97b2a89bd697a261f3c
A5866,10.0,3ae50e2bbb7d1273220ad59a8f0fb9e2b91024ec7af89b53cb249bbb21277030
A5867,12.0,ffe0c0f3bf7408c18690421b0fe8faf4294ca7f878698f038ef3aa2cf523b797
A5868,11.524,4f8abd1085a364149a021d452d8a95d7e2c176a88b6ea5c1449521298ace97e7
A5869,10.0,f5e39f25a2853e1a135eb791c095b1509e6c81cafc03b60410321e8e3e3f236d
A5870,10.0,e38e7a39f4e65dc2e4d239d6b56edd7675fe25c04c3e48d0de4775094f4774c4
A5871,12.622,f70b43393b2d5ed616d3674037d77a67e8af05ee62b2df37e4b7f8f5eb6100f5
A5872,17.0,f254be982a222badc0ce9b0901dbcd7ac6d8031cc3fa1124eab2d037e8e3f3c4
A5873,10.0,4e743fbd535b7079876617f8ba21c8b3bcb9d1a0f34e30ea31cad851bc8ce371
A5874,10.0,2bcfb63c99c2ebad5036477af1c9f677d63205e8fa08c8e18361c50ae174d884
A5875,48.0,c3aef208825cdd730254285a1e8a550127a6ffe6d173fb1746e5b2bb82249719
A5876,10.146,01e847be4f0858e0861202de8cc3296acc4f4cf7a7498cb26212be0c0a1a2c44
A5877,16.0,f73ce28d249e8cff6f018818f65cc7c05522c7080dfc08cd0b4ab1f2df85c66a
A5878,44.49,11df691edcd2b4bd2ba00f5cece5617eb008ea00307e41b866040d0aaf321165
A5879,35.524,585579369f46fe5142922a829dd72feb5b8a7139a2efec49c80033aaeacb9dfb
A5880,28.592,df5525f0688390179b9f526685bb618b3c33b7ee7c6345259884d451b42a10c6
A5881,13.0,394af10839fb79ae31e1619fc461ea34dfe5598b5c03fdeee860bd5dbf9de879
A5882,10.0,aa39db2b951ef758dfe195c3e67f4487c5dad21f7ed4f7d5519fcad733c6b18f
A5883,26.0,dadcfac529425c0ec72e4cb59f28279ea021b1eca2994720ad8781df8742e515
A5884,23.0,e2778a4ddffa8e7d0fbb7f63da22708303ee7df8de285e1860cc23f16d059089
A5885,10.0,d19c441eaac590406e8f1c071d9d93db48d96ef1fa965e590bcb64a3ad7ca6a1
A5886,13.0,bfeaab4383d6d3672b33505c9566fc1b1044be91abaef21121ba0c4e32d682fc
A5887,22.0,65aa7d1bb438c19710bacb5e7e8d5c026b8c5829fb53c4f5e00dc42c3505968c
A5888,10.0,f685088d28b1eb516e7668dbd9cd8e28f8acaa6ededa54c45b696a9eb5be729b
A5889,13.186,85d48fe237d110749c22844a19eb807ca9c5c5e703a683cfdc41ae6505f88da3
A5890,10.0,d7b0af310461ae30b99039b81e01ab1ff4d1b684622a7bc8f592fa28528d98d6
A5891,10.0,b8c944108d2d5c36510a492a640bdccf26c099bc1c046c6a282f1cbd13a4c7f9
A5892,11.992,2eaab67c3f3e6ff295ab011ae201faaa39487038d617d1eb5403dec2a25ba55c
A5893,10.0,100fbce21675a66c2cc52e7c89c9a538e2b7a593763b4d245fc586df79ec09d1
A5894,10.0,999944f805e5752701b104f400137cbf2847bdc0a6c7a3924015dfcc70f62cfc
A5895,10.0,6bdacbfe7cee946b29865b2075383c9f1f6ac3c47889bab90a85b19c269e8937
A5896,12.514,3c24baabb0bc1f84c72503c42984cecba7364f81bea0d647718697d0f03ef128
A5897,10.0,1bda159671489c69ee773e17b4ecd907a3cb6eb4cd807670b2baec4dddfd1245
A5898,13.0,5df01ec333a938630f2092fa11bedec69364dc053db4a252bd5b707855228e65
A5899,10.0,4e023f3f0b1b08c5d5cc2159f40ee986e9d52fdb15651cc72fa451e735a000e0
A5900,13.0,2f328c6de597d6271ce730a7e21e2440bb1162121a955c2195ef3cdf8baea989
A5901,28.0,05b1a2142e594445fc8163d3c8e32405dba71439d1aaad9c24433daea9a8263a
A5902,17.116,a36fb4244437f3d4ad7582ac6c34329c892caa398e32c8d0ec320e9bf7298a4a
A5903,10.0,6d556e08bfa2dff1a017d17f6faee16e463c7f9a13b5bae7d446275b2a709dab
A5904,10.0,c62c36355c82ecbc3bf07ba46b5365cd5495385ed22ab4e5d06fdc999cc9ae06
A5905,17.0,fe1066564d878ce67a92ec033b84f934b2866509daeb3b9e21d3880c29df90fb
A5906,10.0,e5878fbb1cf7203c6f5272216c09ef3aa506ccab949dcc23cce196928ef35284
A5907,11.998,f990657c69d3fc781c2561428d2704207e2a2137814e16ca9462a87eb896cda9
A5908,10.0,8e3d34cc2e344b010d3fe5a07138b24e68cda825af18ecf2db9117af45771bcb
A5909,10.0,8a57431a6ec9c002fb61f96789159caf0602df74bbda5cc57e15facf24dc0746
A5910,10.0,a02274eed5334c75882c6824746b5bb11a5e001b57ae8d2958823936eb0e9735
A5911,40.0,7d6ee3e2dae7a599dfcf09beba6c84321d9e8076953197187078b0cb5e6fd441
A5912,21.0,7f794db4af550fe8b6eb71c7e2927f408872c9222083d2f9b2046076cd02218c
A5913,10.0,63ae7c97bd4cf79ae012cbe71d66750a70b825b1a00bec40b5c0b319492f467c
A5914,31.692,b63a558f142e793c3050c477bb1827bb685d274903d11977889d48838e5e04f1
A5915,10.0,efd00482d2b7be0d14845174de8e7cc135de20efbaccbf8c9354ba817a7d8fca
A5916,15.0,77bdae17f12cbd568a7d3f0e1bc2a8bc9fdaabf56df1fa0ba0ff72fc8234e935
A5917,33.0,2e9353dbb1115a1adbd9da6877a8f27aef8fb9d60e204f3963d8f0e7472befdd
A5918,10.0,1b43df87958dc2c0c7e13a91dc709f58db8d3ee44c822cff55f1929effd0382f
A5919,13.0,f84c23f887c8609bd2b455f60b27ec9690207ff4635a88e7c4b625eba4854a92
A5920,11.964,8530e49ffe6f63548652249d56839d4715b966014436fc3893ba292c706fe66d
A5921,11.0,0d1457e4f970c2730066185109716104f7abadd0a5de290de675586bdd1b2919
A5922,30.842,caae35c64fdc9ae9aa1465460bc78f789e9d36f0ece8e065a8c635da189c4d3c
A5923,10.968,4bec82fcc44b323919b27e3c6dd8301e01d0f04bff9f10b0852d56bdd176dba7
A5924,10.0,2f0a536c6d80629413ee310d7d77b0cbd9cd969c7cc03197e1c5baf26ba53d07
A5925,11.784,8827cec68181ea6c654101b5967ffce5cb7084b3afe4159d6f2f24e5675f44a8
A5926,10.434,f583e54d6c3988535ddef8d35c688dea874cb9ce67e65641174d7614b987b185
A5927,14.312,08c5d1d06e98485c43aa6756668664e54f118551f18a55b722b996d401cfa26b
A5928,17.778,2d2cb0f58d55cd37ed89a15fe79b083fe3ae3363d0e2be7f8a073fb98a1d2413
A5929,11.0,7f27b0b1cc7974a6188e3aea55d6f85842f52769ad4f7e5b95dfa29b9bf83800
A5930,21.0,c77442f06249a77cbc87bca1327210f36d01663816ffa5956d0c0750dd88103e
A5931,10.0,92c259f4cdff3ebb240ec33d0154fa8bb348152c81970fbce96924dc71828439
A5932,13.234,eb9240b6e9ba039cdaa2cdd763572217165d3fdbc60499f8d33cf64f05bdd5e8
A5933,10.0,856e8790063649254d67bb21bb33a96c1ab247cf0f9f3316da655fe9251871b6
A5934,15.0,999970db2026b327bc6375e387c6d75a3b324128276f2fdd2283b11a119335aa
A5935,14.0,788e34f70e809ddb7b725ff09ed693fd01d2cdeb033ac27af79fc5d078176249
A5936,14.0,821a4572afda97929fcfd886d10d1fc4c6debfb0b398b368f79b1f664e066883
A5937,11.0,1dd3e714723a5d6394857f1a520e77d4aa5651c45ef7e275aa60b849fcf4e71c
A5938,10.0,b7e4d19d34e47c0d2fcbfa08cd5279ea93f2a8e44b02322a56c470674199718e
A5939,10.0,56158ca41aed9a1813b907d98a946f2b00e1e0859c22edd9eabbaad8fcc46a4c
A5940,35.756,afc2b5c692f382251632731e780e578bf71ecb06aed317254a6190b7d56b2674
A5941,10.0,d2a119ebb2039686f7bac0bd5845660fa3564d71b86c81a0fc36361c2c4cce2b
A5942,10.0,06168cde96ae2a13b4ea22305fe666d51e2c6cfd009990263e7e7a7650696ba4
A5943,14.792,46790004de61399ee3f210440f2d779304c27b8eaea709bad5cadc8fcf1e728e
A5944,20.0,a914c69f7efebc7870d7640e20308be5e8820cb4d7abc3d9eb803a742284a791
A5945,51.84,98fe63e5f30c6cea9d974f75fde08a1459f468d35037f0f87f08d3e8f59c6e4b
A5946,21.0,8242d2f1ec45882a42b27a64b4a055befcce5101c8ba7ac8677bc7cc1adab37e
A5947,31.0,023631fabe952574fdb068459e8bd81c63284fd1e7533df97ddc85640b8b701d
A5948,11.392,a229841b52813949d5cafedb33b4737295c8b9a1981494a93f7e777519a9eedd
A5949,25.0,e1583cea39cffcff1364f6a3f4370f72be379f52aa0d71d57c85d1d81f5a6ebd
A5950,10.0,54ae1524e1f5a57cd0e04470aa225fb2254ff7be2f8ae573fa750c9f4e3887a8
A5951,27.0,318795547bd4dec1195b62de91a788564e3b61ecf96e5233ee8dff7cfce01511
A5952,17.506,7589e0cfe81c7f4d13348128826d36397274944b3b8e3bd46e3e1988e7ab3bca
A5953,14.0,304ecb1eed0822c08073f1687b2612799aa8aa0a5d507e8604cd89edc5673934
A5954,11.626,dc0f98e1cc3f3a44915d5ea246beeeaa944418d6414b329acdef46a635313301
A5955,10.0,bfb8e77004258f89372415a2b073b856e5ef22e120927abe370d0d97334bb1c3
A5956,13.0,117b29e331f02f39a2d148a7c232c0972c0df933414f9d0336d16759cbbc9f58
A5957,11.0,f55f471da827c226ccdb69157e35b849302d3bc633f36acf277f37d2ee90bcf6
A5958,20.0,88d50514cb5cf398849a4a3bc5c0ed09287eb7e16cf57901a2aebad807d84ee1
A5959,15.0,8d18366883b4473786bb2267f888db3eeb6c717ffd784e204e66f900e6d31256
A5960,19.0,ae0d280a7651e383e78ad861bc58235f354952b805083e406d6c751fca1d833d
A5961,10.0,b663a948b81e0148b3c6674af07b5f9733fd60dcfb28d5fe11a5dd1767cc65f1
A5962,10.0,e09b62c354ca81b995ad5e1ec68975745551b21e23c40f9cfc1af70c3994f99a
A5963,22.0,4e89df8f14c191ec444e4f801ce33ab0b268f69010ad0aa27f07a15461bc930e
A5964,10.0,6da4fa8ba57718603a03714a73af8e93841e364e02da7c63fcb5cb4ea3b73b9e
A5965,12.0,2f575af6448d086c91221d8cfac851a460a8c0dfd75fb3cc644a83d2703a2fa8
A5966,10.0,29b24e2ef77bc575f9765fe08b21d6be6ac546adf709ad3b8eb852872d6e3d53
A5967,10.0,a2940d9c32e488b14e1c9c1ea4b333cc7774ed6ffc535035fc102ae16e571158
A5968,10.0,39d460ef4a186ab68f4bedb2027e34fc5aff40c5522653b833f207d03740dfee
A5969,10.0,899094b31ffe4d338a96c655dbe31de37cfd4018c7be5c9e560336a20a2be7f6
A5970,10.0,4801925f07157bf8805221e7bee7e48984158210a3c9071dac280a0404f7352d
A5971,13.614,18897d1faf69428e954618954ef0af372ec602834fd74d36aa7974956f28e9a2
A5972,16.17,1d3b2d06b768770569dd765625d6c3e9e1949853035a4207489d00b799c709d9
A5973,10.0,aeeb9ff0c5ff99d5ae231250786bc834e9bd71193bb858e2247e8cfcb81488a8
A5974,13.0,5bf31f14bf71119ce8c264863981fb5cef70666f6e8dba6df4230abb3a4f19d9
A5975,11.0,c1688ff7ab44e3df2042aef9497a00c68c31dc275c27e2c2bf0b121d74891640
A5976,21.0,c5f22777e97aa637468559f07e2e57d086357f5a8b56f9a51be14c91b76e0f34
A5977,11.23,b9376d2ccb7718e08f92cf40329bf2d25479b1947bba9213bd91c33088c1f8a6
A5978,11.0,e793281255b26218c19fee94e920f68780e1664cec7a400eb0126bfff0941d08
A5979,23.0,bc083f131b923cd9090d5985b06ee9fa20f2fe959825c811386ef6a00a22db0c
A5980,18.712,1ccda5c4f8e1a5a9fd528cee6482f8fe7c823399620f380bc565cda9b0e4f115
A5981,13.0,3508c288a8e3ad8fa1441951426e733b1e6fe848990a3162465b10b6f73864ec
A5982,10.0,b229e7de9ab1dab3e567d41319bcc8c920e27e57100e0044d852f3f795d98a10
A5983,10.0,9413cabb7be98874fcd7beff290692eba160a066eadf1b0fd3f0742f1c43790b
A5984,12.0,bae856a93bc96ca98efb4f633cc6067cbca11439967161f60aeadad8255e2ac1
A5985,52.296,4cf8aa69d8a8dbb1139e353b0f88897d0c41ef469a64f81e88752aa49e99e955
A5986,12.0,7fd635d868f546350f759912ef407fd7eb150d3312f93550db0dab48ba542608
A5987,21.0,f579468b11d09c8381597adc16a046a9dca02a6c15e2e497e2613753f1f8bd76
A5988,10.0,8b2403e2f582f526a1f24acb1010f1c27c7f6b661b5629a3029a599dd3a96cec
A5989,10.0,0404c26306ef01eb2ed49378e7e147bc08e62afa831a40c893205f3e12201101
A5990,16.516,489a583996cdb0b9390200576e171c0952f9d3466a71357b2ef40d6eedc62483
A5991,21.0,c77d1797ffa6cf1592d7a8cc23216d8057cb271d3346e17af36b10493005e576
A5992,10.0,4412502702ad46cb634ff620fb5bc06d539200bacd2862a08ce5f3d0c9495717
A5993,12.0,93808aaf3e88e643dc1b9fda318829dad76fbc68355acadbce6972d00b90e80a
A5994,34.0,226c6c96a22fec2c11067dda63df60cc052c1d29cfa79061bdfb2c3a12cd10b9
A5995,17.0,0ae2aa5973dfb7488f1d55cb45c5fabf8409d27fd589ec8607136091eca95b8e
A5996,11.248,586dc7b12d4136ede9cda1ae71476b32124d6679765cc0526da3594a828358e4
A5997,19.622,444af549e5aaafff9cd516537523e4cd42627af6240f63f042404c4ac0df91fe
A5998,10.0,d55909667b1ab2987c6194bb58d20ba6b4b30935e3678755cf9d1ae193024a4f
A5999,20.0,515874269ca32eb9050435f0bfa159cfe6a39b597a605b18113a5f445fda5d1f
A6000,25.0,788bb8359f82cc63927ea655947f556a3281dad4fb08aacb251ba2d11282cac8
A6001,17.0,f5f54b7f8202a7696a10df2a61cf1e80be900c95a92c10524f063d9e2dbcbd30
A6002,25.0,17aff1f2bdb492901e22e7263f31172c8c1f565464ce6d5b4b187c212d9fac4d
A6003,10.0,92e4fc61f57af74f40c445860b7e3d341d3f8af3d4b10452451524b814b78c73
A6004,19.0,2ebe8b7dfeb8b96a4decfeab4747339ed3d42b5a80180900ddccba9c03557e81
A6005,13.0,7dc205f5c561614242aa6f3260a0121ebb1f5a14fa171bf1e55baf81ddae3c21
A6006,10.0,b04d20f595134d93165f5aec99b7e9f7a8ec70d4772bd653ba5c15b587c5b739
A6007,46.65,51058a375530113b7baf7ccb90f891896b29b90dd1f34a3a2c7beff957cdf3d6
A6008,10.0,7d043a8c0df7ed26b9492c32efa95ae802650ec6f05135b208c45fad20cc3d89
A6009,10.392,d7b4d8b5a66caee81aa064591cfe6197f58f254a1a31bd3858d4d77038e48b86
A6010,11.396,7ff21995106ac2b2f298c8e0f7f2838c89f0bc4828589979c3ecb35bfe700239
A6011,10.0,bc589330647c35cab3f5ad20e5b8668ac469dff4357566f6ac5533fef0c1641e
A6012,22.366,35d170cf60a352d6abea58430857e6fdd810030316166ca6c73c2da330cedfa3
A6013,20.0,942878b2b5656d8deb923612b5a0cca06e39d1e0a13d3eba0520556e9c270624
A6014,21.0,1c4872761150db8485e6ee863f284115f05d016da6a9d306ba4e7104a70d7eb6
A6015,41.28,dd6ebd606f095d0df4b89a0560a4342eb968a335b2d9c744d44d2effc67a0f98
A6016,10.0,427c5ab2f8384681fbb11eac52fff9d12ebff33077acfb19dc05d114944170e1
A6017,21.0,2d190327074007a851c903fab9632131023a2b5c6b1937826921439cf52d6e5a
A6018,12.34,ab1cf57c62217a0c8f3230f63e003a543788edc2afba4be476ca2d7f7017e05e
A6019,20.0,4e2fe070d7cb190e4606277f612ee282a84430bc3539edf01ace7155dae8bba1
A6020,20.0,8e232d253390b43b96f8b2631b7a04e553778a8ac5f04de9bc1beb2d8c4f5d39
A6021,20.0,034f47e334e7f7ece900ffc5bba09ae8ff6b883f25ea28a57b9cb1a6c72855b2
A6022,14.0,77c40839b2b3f8c9a0dfe9737a3e7ae3fb13fffce7a27a6ec8848fd433b2a866
A6023,11.926,87ae2e4fbfcd0a6d7f462e852cac544b2657ca812861dd4a9428a7be42f06404
A6024,20.0,48b8c5b146c80df23ee1f2f2ef78cf9ce329519fb96fd9fc3ff229c68fc8946d
A6025,11.0,791dc880c7be9f4e7d5931b903663c0240f38f191bf582cda9b169049d62b362
A6026,11.0,4d7da430d0c11ef9f67630c2e29526419a7bc8c20cefc42ca9ac584201e49c7e
A6027,16.492,92fceb633b0c7b2145abf1de817f03ae600a28d6f1d26050a6131c46899b5091
A6028,11.146,1df79073ed32984c7d70e82d6f7ac25a43d0b509568ba99160d5a4cb62a60c98
A6029,10.0,9b4c6329ac4ea461d5290688e89ba9c66bf7643f7af2723d4e37847929c4d9cd
A6030,14.0,9e6b739822303de442c5a6153f17bb12c961fa540bf22ce99713cff3415c4aa9
A6031,11.378,a79e2e70bd1212a4f234488dab1af242c17ed8877590bb15e70d76764228077e
A6032,10.0,da353408b0c6cf97f3009aed70df031006b6ac7c9c369b6be1b33947d2839ba1
A6033,13.0,44507712967804dd52c2799078867c9c1f2be6b318bd9e5d2502088b7a48348d
A6034,12.0,4ac3885d85564dcd1f92dc112b47fcac8de627f7245e0a600da852337b4b0dc1
A6035,19.0,db330be6e7b29d38cb37a0342a866f73c2378ec1cf292d881ab2f05bc14c40ac
A6036,10.0,059422e4a2f14981cad2b9fcd5ba0143d7e3ba426ee554dea50b582643ef4986
A6037,18.0,9bf0ab25f8f73133425aae91b57866e28021f6bd4f3399665bedb262a90f59a6
A6038,15.0,8f860989c9957554c458d69238fbb2b3c949e7a3008fe08b3daa3b21d8c32bed
A6039,14.0,9c54a913d7ffc36506fdc31ccf23510918e2ee87dad0af85ba32de3b9c6e9c62
A6040,14.914,d357af327760006489402cd9e56b20be74b8fcd9859da1ff71f7787d7790680a
A6041,14.604,5ca1a48995297d654ca22e04ae6f0416ec2809f669bfeb7a6b4c733537d790c9
A6042,10.0,d14fe773b601d79d902e5ac4fa37373cf9855d717d3b4f1efdaaf6ec5669eee2
A6043,13.0,645909f94211cc3acbb87eda12ca2d27bd8df6c9c96e387f1281ca182f7ad228
A6044,10.0,efd67f1e4527bffb7958ee04d48dac1ae5451ed7419a3348606ad42e5643feb4
A6045,31.0,627634743dbc403207d5d7f04014f06fa4731fcb440e2a9b030018303b2d98df
A6046,14.0,895f8b43c8380d277c4ffb0e334ccfd5a28ba45b975ffa0d41fd1ccde28dcbf9
A6047,11.0,47fb4443c2153b7ac2777fc00e49d0f313452ebfc2caecaeec8f01abff1addaf
A6048,13.614,907f70d8d14b4a4998890b5b91a808c11770e046c2bc3b257c0cc436ec3beb50
A6049,10.0,6bf55dde6765e4e971ffc86cade06b289168a8cb5d6039b596cdc7351f678e5a
A6050,10.754,bc1eb68327efde5334dab5bb1caf8374b15d24e518afe6b736cf2896e765652e
A6051,10.0,640ceccc8dda80489482ed3b0d725a5675de411d8fea96a98e9af66922ef30ce
A6052,34.656,42adf8304c5de729d3a4e71d2b875cf4de471d3381d4ecf37d426c8a532323e2
A6053,60.0,cdfcd801acee1398b42a2c1e65ca3301e7954c60e86b710d234316edd232f7c6
A6054,16.438,63e924a343747557af89d47dcc80ad1be7546e14b12874974ae89aa58481cafa
A6055,15.152,259f1e3066d23b4a567a83dd2473df4b770586f91bb2661250e495062a400ad0
A6056,10.0,a591ef1c7aabfc0a63f154127807fd1fc9023e3d5551d66e4067b9edc5808916
A6057,10.0,8bfab58c5c63c250d64be78943af96deb7b58ad4f42fd8e1014657a38e4aa751
A6058,20.0,ec7fa4b3736942f52b82ab48f6af1b7ca63526b2f30c9adb1358fac0534f3bf9
A6059,11.972,ef97e4098e8e66faa2ae5bcd8c3ae04a712c87a2830b468be896edba9b367588
A6060,10.0,457dabd44bda9d019524a407e8bc41c7c43108f38cd3668cc83dba6270cedad2
A6061,10.0,3f98d7e7ac6a5f118d663f4f69b6ed2c1b74cda2aa09eaaaeee8bca27c4976b5
A6062,11.0,3839ad30f220533555c749cad494599c8902a64822f92df8243f64c1bf515d15
A6063,10.0,3d5486d22de2401e3d58a89a5b08433ccf939a6ae55f8fc11e9988a0d50ea748
A6064,10.0,b41b66283394ebcce479580ee05d3fa15a74c1e587278c92af3e9f8440c211b4
A6065,16.57,9775fe74166477cb42124a10872750a4244ba4bbf5eabe7d3c91eda7fa34a3ee
A6066,17.0,1fb9b4cf38afd758037644f4b6bcea382f09258f7556e62a24c29a93888e09a6
A6067,19.0,9e9bb6ecf7565d011ead5a727fa607cd50d93600b14e0ee44ffe838a8d20218f
A6068,10.0,c0bbf5d791d7738ecf3fcf6b718b2021edb5187e19aabb604d7654898abcaf1c
A6069,10.0,defe34eafe042b9dda00c89e5d492ed4fe19bea1d0bad14cdec22e007101c845
A6070,28.474,449c6f5abba7d39822bc13acf19ddc8791131d0d6323f13fc907d0a07e58ab4f
A6071,40.306,74f76eefbc592b8c0f3ee533ad4371d1ce40bb58e20d614c510a596730a29b56
A6072,11.0,d710e01a1eeb7242bb36fe78faa62f66085780cf0cb1f2d6d66b0b5dfd2c02c6
A6073,10.0,c996f2799f27064bc8672373405323a33015b2c41425f2e4d009aa98c93155f5
A6074,10.786,0beea0f941f09511b0f3a30666cfc6af5e860aca39c7fb678ed5b92d239a3b4d
A6075,10.89,c99571bb851d7b414f6b9fa58fdf77d56c86b6fcbe8449b13a3dfd1ad97bf29b
A6076,10.0,76856496061f0870bc3dc3989ca8834fe10e0cefbbd8d0d1ff6324b6e09dd302
A6077,16.82,d62c6b87c84560e72f96e35656b9c2d73b3ed470b73a27a8f4a212805ebc714f
A6078,26.0,a201dd52575428f200f548aef7a964fbc3bd1e055e2636f486c717998f4510fa
A6079,10.774,9b8af90bb568c68229fc84bf05d2bf87413f253113f1e66879fcfadf6bac99a1
A6080,34.0,216bb6079919df335e606c01b0ea8eed06c4b5eb2010026c73b932e6df1fcd5c
A6081,11.186,66bb46a853ecb47fe00c725d1846f33bfa73c7fc36673842914500cdddf0f10f
A6082,11.0,7b871582a07ad27b5c9be855f83d14731f4c9b4054d96ba3a61e37c0bcd03529
A6083,10.0,6d5bebdab3563c7e9ffe570f96fe66bab7b313f68cca1321fa497efccffd31f2
A6084,27.926,297342297754c67595caa4263127354d3637ac3a7e39f86366f11edc4d8a1f93
A6085,11.23,d30c02b75b9c0f466c3e770eac5bf940bc721f15e409d51846e34235cb8f4d45
A6086,10.0,2985ebfc55ad0247e64e13be6feecde8cce07105c021d49a831f4268ec932f49
A6087,10.0,7dea94acd59551c7ecdc08f00c351124cfa7bd10eca2efeedeac0702e43833d3
A6088,10.566,f66cd47456b03937e0007f828be3ca54ff506254939c12e23d4b673f0969bc60
A6089,10.0,637a5fa9f7f27e5673e506bcf3e1d18ab2f75d4da216f6d26f45061f0a7ba2c6
A6090,10.414,587ff15fc0abce01a2d3629cca6c0dec1be30e66ac9250e76b8dd37018f48a84
A6091,14.0,d1d52a57e48dd254f58158910397724c65d7a57833b4d1f7b06b91fded175e23
A6092,10.0,371cc0f42426e7958e390d52f8ad9e01857ebffb9366aa3d91b5dccae1c14788
A6093,20.0,46c719b7630002f527d598c525201ff067a91989015427c8a7aff45dc6129f00
A6094,14.562,298cd1ef9e9e752081be75be63f20fcf7781ae11ae962f62f3a06c80107d2d56
A6095,19.0,359062ab6d05176e493f5790f757f886878aac98eebb61124245557404cd8a6e
A6096,16.0,bb828da0e2a169510b2a887e589690b409821fa1d7f33f53f19fa9c45fa2db88
A6097,10.0,0469d14839b14cb3de348669ac37f1a196e4522a7d711cad2df72a816927a0f1
A6098,14.0,b756418c472cbabca4db447310ba46564d52ae42f465f3c481efb4f5f7627398
A6099,41.08,ef74dfc46abf7d8437a100e71ec935a0040393a2f499ca5c942b38dde8dada86
A6100,17.0,62ac66cb7a770a0c2751cef3e1bbf2df2b66c7c7c51ec82f6adfa354374f33c3
A6101,31.0,975b731e93e480977f73557fbb940aa0e75730db49dc7b6d2d90380023fae951
A6102,15.0,bece3c2e521127875bfc075116a9b4843a5fee173bfc593789779803360eff70
A6103,10.0,a3ff2ba0abb66115e58ec7356129e062153c49c5fc4b858fe52e9567c84d3d05
A6104,36.24,774e18893898c6f3f603f5c3e99f4434eb4d84e36ce58655a6a045a294191b40
A6105,10.0,cad8575448a97f92127bd2d86d1a06e86e8d3f0233cf3eb732c4df24079c1b3e
A6106,10.0,6c67cd6a75eafc51b9dc825e5c5a9dd0a904893e91c61a4b01b73da20a674002
A6107,14.0,327f25202cd222e966dd3ae623fe9c9f6d9a952a6fdb54696137798cc978e145
A6108,10.0,806a09b7ee703df086a99362db4a2cc4ab2d49c3f62029a497331a7947c88084
A6109,10.422,ed2aedf61304803cd3d1dc30c78b2d99ceccf57d5bb817b68cd9ad9f961387d5
A6110,18.0,33d7254545712f6628bbaa410e61a1130bd85cc93e57b659a932eec270fb2945
A6111,12.0,97da7be5ab496fb8e837ad12a0c03be070e1771cc166b09de582b75731ea7c5c
A6112,10.0,d032bf5911ffd29e55ae7918ed6d1e7522e3cbbf7790f82846d215c87454aa61
A6113,25.846,0b08525dafa24bb779d79b6679175322eda127a90ad0b1d3ee14821f8f6fab76
A6114,10.0,5589cbcf0df19e43b13368132f79d15b4b93b245955b644b7423322d8d3c8a27
A6115,10.0,79795b18b31d0298e73d372b0322f2fa7008c2e50b7d9cca2a8575a98c866f98
A6116,16.0,1ac38c199cb24e2ce80c5243051ff25e65963c28a59bd0a770428a5e5fe106e2
A6117,13.0,0cba9d95e6bca74f444ab4b5f4dc17a37b925181115e3bbaaf844a06568657f2
A6118,15.0,6f5b28fe447610ca3293cc92eb62e098b4d45b2d813d9132a9d67fbebcb9ae7c
A6119,37.0,65d942d82d6f01d7b93ee81588dbfe5ca48304cc13242f60a0ee6772d87247f9
A6120,60.0,e38c75d39374481e1fd2b4c306098b11c2aa715495cad414d499d46ac3a931bd
A6121,10.0,c1e3da22d2a89422b216f1522863b685be88b7149ddc414fbc9b51e73d8e33df
A6122,14.0,aa542930f53736f7ae29b45bd3e86f428b3b121acd5e5ce281a04b18f35bcbf2
A6123,20.0,a9f8e7bd6eecfed037c536b9c1751e4674d40b7fa34ce6c0b6ac5f67c0d4e434
A6124,23.0,797b624124b122fed6dea9393775b3e62cf2dfa8e3d33fe7b891793f00332dac
A6125,10.0,ec7f270360d9a4b9c10c44828406da1f3a248586bbd477388df93ee328ec703b
A6126,10.0,9f410cd9b739d93f1451368b54a5e44bfae2ee9d2e467a2d284539f353409a8f
A6127,10.0,b6558ff645fe9f002aabfe092eb7343a2f9ab96ce1c610822c3cb9fbe0032703
A6128,51.854,83c7b5e6cdf95b77f7938d6909d0aa7871599279339a2e0c27062d5c51ea9453
A6129,21.0,4565d82350b5d44f88602800fa0be592ffcb8c906347d4f8d2a3525951410fed
A6130,23.0,f27f0b87a5dbb02717487966956f1c665d425756782cbc2f8c09c736505d7fdf
A6131,10.0,46b7e02da5a33ef669638323c148d80d3db82012d831c5759e2090d7908bb653
A6132,14.0,d3898e497d744cfe6ed7b00a7fcb451ed2be042959bdd36b8ae8f4ab63de3225
A6133,15.342,335a49c5ba8856f6fc88fbcf5b68527433c153c18e43338c35d8912756015bdd
A6134,21.0,66a943b71bf875d0f04242d84c8bae4bd52ea74caca8eded1cd37a24a41e9858
A6135,13.73,9b1890e4063e5d85065b8f24227e8cb7aec605c219c517465628e813b3d8904d
A6136,10.0,7f2e61dfa944ffa75bd3a04fa9344152d86e930de2bb1bfa8e2faa62ac10ab7b
A6137,16.0,d00028f466dc21f74e1cd1693095f3f13001fb941824154b8efb5fd57d6e5996
A6138,10.0,679f454007f0e8fb5b6e26869647e657ecfd9dc3705eaf4ca2a00dae4673bfdd
A6139,10.0,b2d5504d6f725306059245a225e808cb2a3c8f8a8299c5a03bd7db042369717b
A6140,19.0,0adc0c9fc46f8e066a3a1a09a78b75541ba607652cefc31f7add121337bd053c
A6141,20.0,1a34aa40c4cef645233f315f2cc89fe115cd539d769c22e1091ae8071a47abd7
A6142,14.812,bf08bedef43461f1f2f8954927c995a898aa8389436b1bc15e540130afa24227
A6143,18.628,1256a6286c67bc469c96995b8fcf138e75523aadb359b58736be4f6cdb452f00
A6144,19.0,2780c3dc289d1ed802bbb05197177ae660c687ec67e9202dac64b7bc48d41ce1
A6145,14.0,e3acf65cf2fda98ef12dfa145dcf869fa48f507340a9020f44082c3bb721361c
A6146,10.0,5d0c2b8ffb431571fe5c67eba122e69e78e024442dd48a98369b7bc22aee8a46
A6147,10.0,685caa87bfa7bae5f618d1b6981bac0f360d53f5ed0a6f42c0f041f7d0d206cb
A6148,10.0,49062d43a945ed802e47b60564c2d315c96d140d7f1ca4193c04a8f5632d41a3
A6149,10.0,00e569c4e84b9adb2e175e96dbb6b54f3058620c1c05c3dd06fbad282d29c12f
A6150,20.0,d2e13464c3cafadd5d108a71b67c92209e33e82fbdb78587d69cd06753040147
A6151,14.372,a28d3f189c3d8b727de105cdf0c6d778f8e3b7eb698b761dfe45b0347338170d
A6152,10.0,4eacb5e9a949bc016119c1a2ac26f55350bfe0cc16bd05ee87ee1fd51eba7233
A6153,27.0,83d0a906984dfa36d2c0a956a1b60625f453b7708ed6aa9a8013455244725aa4
A6154,10.0,1d7f8476e82892d71d85f467da446d5f68b6ef861d03ed24dbf60fa8da866181
A6155,13.084,7b56655d2171354c187a4832de02f15ff9b54b423296dc034420a1600e4de687
A6156,10.614,8bbc6b2ef7dde3a0beacf4e512d298104e7689048c13d592fe4f3c0230d2d528
A6157,11.0,e7f814e92485b9e02c7792513509cad374a9a279eb546d96e4f174b80ee44035
A6158,14.8,c890f00ccaee47b1e6b9d14d7610fb16b6e3950f1a23520ac7284eca4222a4fd
A6159,10.0,5c3e0dbdbaad989780d51678fc435d77a5d9007248bd3a10853fbf9bdfc510be
A6160,16.122,9a3d75e439d06d7b2217b2c1bbbd518eb82c678a68ecd99ee125de1e481d1366
A6161,21.96,5798898564367bda275e5421a5578cb50a7103ee51eacf7877d571af75a87d1a
A6162,12.0,7f3e5d7bf3b59af4997da80f18ec6e32898b8b5a579d475d8f942a894d6b931e
A6163,14.952,6ba268423533de29758c745ec377a86a748ebb09a98ce0c06572a9e771332822
A6164,11.0,e00d4045b42928721648a6b4b5782fff10d67dfaac4f621c66e367f80724153b
A6165,12.0,1612a54c2aa16a1e37c845ffd973eae2f4ca51dbe7899ec1f77816f5b1ef77c8
A6166,15.31,a8750d9d70be2d43adce4599cf1f1a9ac5ea3a4ee9f05cf9027a57617ee0aaf1
A6167,15.776,714817d16986ee4fe07150fb4d9a10c458349d55cc635b5496619f68c51751dc
A6168,12.214,f8b5031f92ab0b404117b3f2a24c60b91fe00dcc02936e15eb389403a70ce378
A6169,14.066,2067b0c25ba4af1f3a6ab8c33c5972e27764d7bbed4170df99f3bb68fd1c3800
A6170,13.562,556a90e6dcc864fa9ba4d8e09bfd3afdd72de8e9bb6cd8358c04e9a1b1d11545
A6171,15.0,7ae24c931b4f856874051bc37cf3ceeafbb57c312f2b58de8fb8c460335d2353
A6172,11.0,6f51525b6f7d9afb2b8252201278f0e5ed4aa173bffee0d6a4def39dce1ca0c4
A6173,30.074,0648f9737d78af9732454fdbfd52fa4bb56f6807d75854bb4976b304116092df
A6174,15.332,3cd31ce2a17c339a0a4b3da9729cfa4a8521528309b0124d9b32b7b39b584c09
A6175,15.0,17a404da5b36c6a8a8403d3226fe0a6fb6730068ad548afdc313864df884c266
A6176,11.012,0c797668a92607a3c9e0ad4a7f7df867d5bba2dc6d8aad79fdf05cbcfe345dcd
A6177,11.0,308f23e986978692a26179e32f2a3a7a3d88218c002ba29762d2830b9a546db4
A6178,11.094,44b8ea29e0a9fbcb393844fa4e1acf835ee64caa25d239af9a2182fc9a1f4b5b
A6179,10.0,7e7bb3d2af00625a5aaa82612e597576c4aacb2a851f891ae5e21e7165f7121d
A6180,20.0,c90e784fa8b8b31216b4e72e361e7c7c7ebf5a2e6bbb5d41edf0bfb1ebe4966b
A6181,60.0,932a2747812e0cb9475262d1f1e52bc4e0078f7c964105937ffaabd861cc4b4f
A6182,11.046,dbcef5c3e2db3cae955e7f3ee3ffdc8d1d6e2795179c8b60d67dfcaa67240a6e
A6183,24.0,a982d8b91b033a9ef988382a2379cec3e37bdb834179efd25df0f1cffce446ae
A6184,10.0,d01b9d88917259eebaaf7609239c52108512a699ecab4b7e616a22c5b437f725
A6185,10.0,d9c90e37e8f5130c6771b93bab43e7c9b7fbe2581a22e169611ceebd652a4de4
A6186,10.0,d0919b64f3e9c8cdefda2b489c69b7eb1e05f4f38a9ae23ac41cdc075f9e1038
A6187,20.0,f87b3208c5c7842bec9719cedcbdb7ce4aac957dfd803bf47c12056dbf7378fc
A6188,15.0,ed47b8e7d3c282475ea5dfd78d12e797b826512e421a58897815be0dfbd3daca
A6189,10.688,b3c4c8e25f843fee7851767c71cea48ddf349b876a860c91f111fafca100f2cd
A6190,10.0,0caef06fddc94c019a988d9763416495e3ff3507708b2d314258d6f46e9911fd
A6191,10.0,87c120ead0b44ce0b5f4e44f6a297b9a7cf5240a260ae8f7bc6425f7e93838b3
A6192,17.0,3aab760194650f256c6726ab84e22e4a43505d3c9e7f154b022ac9f0d2a8af6b
A6193,10.0,fa3f91039a2f63f648487b8089811a9d940f75c74dad1aca27a00f0d4016e9db
A6194,10.0,2d74e506b8b03fb28bb2fac50bedcfb313fefd4cf8b6b95616049708e768b845
A6195,10.0,5190e37c4418f53f553a44af183c3dde51ba384103fb790d841013cd22b96f95
A6196,16.0,dfc8a999a9e904d0c69c6b438e943150ec1b5fa327abb8b7294fd4cc202a3ae1
A6197,11.0,8db9a51f578311dc620fa40ce8b9ca8f06ed3e7f401ed4fb8a0a3666d119aee9
A6198,16.89,f24a84ef40d95027fc178aa46d7aad4792779cc0d7e3877e9c9b62a2ee356108
A6199,13.0,36d571bb656b1843a4adfab564bdb53fd21a0db72e409e3f933f67f17bdf7dd2
A6200,11.0,ba04ac4535adfef0793ed6c070edc6e7d549ef63ef0e855c9cf948e8d5739a14
A6201,15.234,70ca616f780418fd69c9bfd58221f7ba109f059ccdb8db9bdfdc87064af99323
A6202,29.478,9c8ed39f718450df89d6447a56d30d995da767b8e0d92c76ff516c6ae71df8e1
A6203,16.472,bc810977dc618596cb5dc0bbd4983678a469df5a25a122f1e06e3f7d19ce1ca9
A6204,10.0,7b53a6b25d5ca3c3e6fa966caa34459908bd1c4477f27d9e45fc2f408a446716
A6205,10.0,f7c679538ce0a2a6e127b1d32ef7fd28f33bd607e39212a70edb121480019b36
A6206,11.104,3323901bbd07e9ffd1aefb05763d42dd64f66c63ddf413a1140afbd89b7189fd
A6207,13.334,5e1d9ae19b3f136b33ee037cc3af6f557d861816933da7da0e2f89e3dd764e88
A6208,14.0,59209185ad3fe5bac4a04d0adf3a9f2ebd97fc5b6be8ef659e5e88d7f85694e7
A6209,11.886,1bd6750ee1d8c0c10e45d12271bec8f3d117e7ad124c376542414f8dea839f4d
A6210,10.0,b05a102839f2494df4a755babe702059bdc73453ceb4a0da9c667a5305084487
A6211,10.0,c125e05e4f70a24b4449340c6b0020e6a6e6a3cafcb6d716b999670156249c1a
A6212,10.0,275f38b1715d9480265a13618fa7bf6e47916c246482e550682dbf0ac3014619
A6213,10.0,9a865ba51318f843b35e4c11800618f6b6474978cdac2cdca5bde3583c171a59
A6214,17.0,89ceb42cada9ebbf2952959b933aad1513cbd047a10d8d8370a63ffdb0f14e34
A6215,14.0,1d6199848973be73c35c095ed95e806b396a84686ab114efc2e334fbf051d29e
A6216,50.0,03339cb89dd0e51021d673591a2dc85cd8eb5ac698281781c0d5f29d7c5a31f2
A6217,19.744,bff2d029ddaae53bb1276d2b284eeeb7611b5a98da6520163ba70c2dbd2154c9
A6218,28.67,77b99597c72b9605d3509f4ca4be38ecc490615df3aafa9e34c5de756af91e9d
A6219,15.64,549bd24643ca40b2d8b5ef85748354206ee4f21b79547c006aede65b16f1c91e
A6220,18.0,b888eb2bd873291a5bf73819062a75ca80245699b2f64e3b3756002f653efd43
A6221,12.764,db9d6b96243f1d592b72939f8896e068f687565960a0e0ddcd7a0c2769d2360a
A6222,10.0,820e916ee443633f1b38d48132ba6af900fdfcf17a08646579eeded94fe90f68
A6223,10.0,01f5729c194a2ee316d10542c08963b64ea97797845013f2b35df79f0874f609
A6224,24.0,a21dd61f362705782d27ff4e2bc6b649244d691dd2ad051de834b60ce240a7c3
A6225,10.0,22fbbbd09237cb81e13e36a5622118a9ced0faf8580af5fd50cd3ddcb998fa81
A6226,10.0,3c7843af021b9aed7f72c3f38ddddc9c7d0c844ef594eb3ae5ff4b85b8c0f668
A6227,10.0,1c904f743d6182d69367c5cb82dda1480a27cb406f037d2c2d1fb27aad6b3ec8
A6228,10.0,7aac4e5cd7c26c8b03aa9745d66fb87b79b5920a3bdf0899c63c3cfaeed6ceb4
A6229,16.0,754e61497e9c26e090a1475b4014eb93775a433e2c97e20e24bff8e9f9732e3d
A6230,101.0,fbbbcfa519df219e9c5103ccccde2d92b956bc08ca87dde23d9f878ef2ca529c
A6231,10.0,836db8c30ac05b3c833b335053c6d7beb9da9a4223ed83067f98aa6f03bd2788
A6232,10.0,632ff584df9c041c50bbc21f8d1f27f2a73122c5a65171f8421ae2dee00bd319
A6233,15.0,b81fa3fa287bcc5b3d5d3bd4e3248419421356c15365c4a262c65cec509609d2
A6234,16.0,71a68b8a421cd8a4bf6e5728d355ce32a11eb615c71d852c10c9f4cb6bb866d8
A6235,13.0,9e348c3df3b103800bd68d1b4a7c9d69c8c061cd438a55e2b2b7e232ffecff1e
A6236,14.0,5f629eaa58273e4e4e49bf4ebe812ec0856c0b95f70bde66e168c0af50535d37
A6237,21.788,a49816d0e3ac0ae160bc37eb05f27bc10d7088870829f20e5e44649c0890e19f
A6238,39.05,4633ae018cce723cb0f903542c1c3a40a423ad5348f9bc0965de3218162c972b
A6239,22.0,abacae394c0916f3aa1e59334f991a95f72d76ce290507cae8800302c742c624
A6240,12.732,ce48aa579541cf2f90cdbff584e330cc04403164a8c33690031bd02994763658
A6241,20.0,cf6309c7c0cc5fdf572dd9cf17dca17ad56ce12e058e08e81880f59888e6c293
A6242,11.176,3b3a3412d9c4d1fa0ad8e8445a484bded756b2bc67038c14acccf1fd707b3cc6
A6243,13.388,03206b4819a3314ae859fdd3cdbe112cb8488e3acbc988e1e4a3f9620d99c5b1
A6244,10.0,ed93cfa99667de83b070a7459a268bd61cf4309f6b253004fd6f9beabb2cb768
A6245,14.0,093b86f45e7788e696edf620d3944a8b0df45a99eff99aa861efa39ec42998c8
A6246,10.0,8be72e782a160f4f7025bf0e6806507325e57fd36bfb9b1c6277f1e198068815
A6247,10.0,6d39c5ca5b3f8efd312cd6abaaddc56b1798c0abec3e30078a50dfefc91e20d3
A6248,10.0,7042adbf3573301725068b4847b1a4ca063e3015d75add750b3f9de684fd467a
A6249,11.0,69924dd33479fac6a1f47fb35134b355c3b6246c1e7b8c539c10aee45d4d2746
A6250,35.0,38ce71dd4d7ee4df9341f27b9e569d0d9d9890c9084a466eab646967296d7e77
A6251,14.0,c7be94f11e714a25897af6935357270d0d189b6f4c307deb550319bedfb43455
A6252,10.0,9262cffbee229c619277c20276f901699e60b11d6a47e5e003510b23939fd6e3
A6253,15.0,4120d28e7d6bd27170e4e6634c96686ab9f5548b8739f990eb7c305a7bd929b0
A6254,10.0,6e51e7ca05fe3ad578236e343f864e2d22f72f70b28b3b8c5fcad64dee19af8c
A6255,14.726,a3d7c61cdf47a4027992665eac1fe339859ca6c60bc97ba3a760f6568ba1b111
A6256,10.0,241e0cea50063cdc29663c82f4163a0dba683f5a7adfecfefd612d72231c4b54
A6257,10.0,e20f95c20eb62a2fd72352ff30199a7d3ba41ed182ab7d7e271f9089e83be502
A6258,14.0,cfed7224ebc9867294adb9cb988227f7c7096c40351cf31d85896dde883365b0
A6259,14.512,25f9179438d7d3059864cac8153406e4f098feacc9b42cdc75aac89498032839
A6260,15.0,acaa25482608c7c6a551b8a07274fddbdfb1326b763e4430a59f8c396cc8f134
A6261,13.228,fca9a8cd370cf43e8097a6f45cb0172287bb02e59c36afbe8ce9cea87c372c63
A6262,11.774,b76e8427819fd6ef707eefd3e17f4f49b2b8117fb41964535fdac388259dd665
A6263,44.0,4faa5e783878ab178a62db3939507b4580430635acd4fdb8ac456b0e739405b7
A6264,10.0,77acfb7563b43277cb4fe94b716dcce9b0e40a5dd3c526d8a385f6299f3df5e6
A6265,20.0,1d5d42ded8adaf82686c51977377e858e9cc5cbf6be8ca0f496d020e0d12ad2d
A6266,16.0,8ff5f97675b1a089abc168188808c9363a80503969eabd4587f431366e394809
A6267,10.0,4a44dbc5004d566b45dfc4bf5dbc12764ff1864d471b92305964a6557769100c
A6268,20.0,caa7cac5348f113f296359c1b6623cc37ba11da5bd9587f5fd876dd3a2f42a57
A6269,13.032,9a5d0370fcbf95798009e10ca176c5d317b1a02f82abcf31e59d34064709fadb
A6270,10.0,86581f9abfbba361e711436f4e3eabd7c7765166f0439eb6706f01d60a6335fc
A6271,10.0,8aaa23d0bd7fddf80c46172b689194ea78a817b3fa498cd8d825d83817a05f13
A6272,27.0,7a57a9a5c5b43f366c726606bbc9128bb6ebe0a8b832417db9f49c183f51d292
A6273,11.0,2b85d36bc2a60403a0d039f2770598f2ded06b985c09e84ef292ddd695021375
A6274,13.0,18f5c1370ed8688fbb5ca94d3eab24d15525d3c29380580a6e1f7af3806d8d49
A6275,10.0,c6ed82c46e2d823dbdf2aed0b0de0617d7cecfea34fc869ef1fb54ee79d50cef
A6276,14.774,d85e28bc71a3354623447d3cba0d87d4521ee2dbb7a568ac4994ce297c0efb69
A6277,10.0,9b91f37b4a3d69fe342c65d547c57b58118eb97b220f1112996b4261e7e0e895
A6278,10.0,280bffa44df9e8f37ca77f50c6dda7b0c38a640d7ceb497b34a0ab0387ffa43b
A6279,11.0,3b21162828473261a5f8d1c68841c72a0ad729a6be6a49a3da5f303e539c06b2
A6280,10.922,d76802ddb5fe949b1340e1c8fcac836449cd8b205c900e0169589692c70f1a4c
A6281,10.0,097c6badaf1a8e52e749a227f240a0fd619b897d67920e1a926d06ef9d5bf905
A6282,17.0,6f32cd3515e1ea4b849dbfa42c065453927bad84c4fcc40ad1608a73884f6ceb
A6283,10.0,208747643fae00bfe3221ae4167c6441d76dc17e6d4996528cf72660baa5af43
A6284,12.0,6611c03cd3b38585d0799bee5dd20e0925b4aede141e347bd1139244a0ece737
A6285,20.0,883a21122b59601a5149e62706c58004fdb2b4252e2f632b4f0344a0b0b95f66
A6286,17.0,2c166ce88a40f3bd314d06ccdc57a44a17281448d89382183487ca00a2391ff1
A6287,10.0,3a491c940ce18499963c52d9c62c44fcd665733ee878d541f37b04a7ab172d74
A6288,10.0,c2b62e1f496b983555909ccf4bb1c084cdb660f1998728075e44e1c4976ce880
A6289,10.0,b3efff24ef7d7d6bfc80dcf45d1cc1fc62bf79a0325b286ac617c000b42c653d
A6290,41.0,89209bd2f0bbc1ec57720bda06a1414f6f09803a07004e573d3210313b8ca213
A6291,12.106,7e6944c8220486ba1e1bd037c13acb442edd62f158db3d77706c7a915a9d4187
A6292,15.028,8c92186ce5f632a5a23103cdbada33ef07eb5859ef7b4c61ea8fb2b1610a9c58
A6293,10.0,04158e8de42a3c2966e9493f2e86cf1c89ed5e84345ce91918f0e3c3109e1c2c
A6294,10.0,c85efc3884a589cab19728314531446fad01a0222f3e7e4630518904c25f14a1
A6295,10.0,7375bb26938b2604670c1e6bd684f47a941526ddd5f38fbbda48c8a0ffabe108
A6296,10.0,319baf683e1dff68a0361ece948b2bffbfd4aba14c8f4a84ed5be62018138ef2
A6297,10.0,79761253c6b0b0a8d42a00d0ef23e0edba5bb5eaf335480cf09c3c830c0caea1
A6298,24.0,d4f84f3d6cca89c23f04661cc10234b67d8f5b1aeebb3b49e9dc33d4e2159aab
A6299,12.804,99f573cebee1fd7669dfcd7d9cbb162c97378b42f50a7fa408ee44b1527b1136
A6300,10.0,a5d410dcd3b54818487ffb60083c5ec23b614e676414caa4313d92b8f32c21a5
A6301,33.0,4984b6d76ea48350ff9b5f67b8d0c2c842515afc09682b34dc676cfe65e78e42
A6302,10.0,e6883528a9e2310df5f1c1a6e309e1a52248d8ffccb83e9e7b70ac1649e328f6
A6303,14.094,0460ac9d90f74286c46be2ac99f1d1ecc409aa7a1bb3c9f9c958d65a9013a2d3
A6304,13.0,71a171d4d66c2d59367f14ff982848c13660e943225db1e8517387971fb85e29
A6305,10.0,85ee83d1af30031da9de61b1b6edac88b8215050d00ed0fef08710b2660a81b2
A6306,53.924,b758da0d8dd45fdee450f6c3e0769f97e5e32445f6c58c15f4aba5dcce23707f
A6307,14.0,2d0648964c0d191bce03f5551468cf7901228f4ee636f212c2b6b01f877d0e61
A6308,11.0,de134135f4dbc4d8de750e6f9ae34fdb75e0d2bcbdb47645a15f86f7721da3a0
A6309,11.0,3fa4b7776faa6e1ad970635d4e3f29365ff5daac816bf861da7c4fb490404776
A6310,10.0,e741bb5ceb66da7daede2bbf75a83f9ef19e50e15e9458abbc9eba73554c36db
A6311,14.646,c4589dfa41f95de8f9185361a9228d015fa9c3db0ba94bf8c20f6c87c8fa55de
A6312,10.0,46dc64d090d1209dd9114b122d8d34f208c3cb5733b983582b1efe685c3041ce
A6313,27.0,658e7220f06cde13ade4d7b84cd1d9d57ad3018dda0ce43b03a2857f3cfdecae
A6314,15.0,e4728304db54798556470a512570f8f44e1a2e43351cd9ba999b67630c43dddd
A6315,10.0,13029369484569fba051b0620b129556bd034e7541f8d54fe180a102010a298a
A6316,10.0,30e3cea269cac5e7dff3b3a1d7dc96f44909bfc6c5af4fa01c19c571ad1c7b65
A6317,10.0,c8756656fcd41c9e113ecd4df9b936ea2f1002667fbcc68383447c9f3fe59b2b
A6318,10.0,62604c8fffb8eaf7c46bc5f576203cb28ac199101f49e4f3fc0761aaa4f0be32
A6319,17.242,437bd0e6ed0d5e986b6e67b6bb4ecf6857a78c2d9ae98f2f94fbeb4aab9e4612
A6320,14.474,882716b925d47ad87217ef19432fc003ecffc00b9fe2ee6ec7abcbd28ec7d2ef
A6321,12.502,c9abeef70e0bfbc8bf5a53739ad374f0932f5c9678497db3cfd4e494f32b0740
A6322,16.822,480e5b780c0e2b589872b7693d94af0c127a667cee22b392145aa5379f352474
A6323,24.0,f7276c16262645101db7a9aa30e9f46800cee24e09b0d0cf41138aa9f9803c40
A6324,15.0,1f4c9791c5f18e548d0549dc0c348488509b5b15312952465fd9aa140c7bed8a
A6325,15.0,bbb989ef2ae9b51615c67a826995fab8304f46720d73ab79acbc8cf3987991ea
A6326,10.0,0a7031bcb9021370aaed2ea634e624a4d79b46cdc2b8326e20027d8770a40662
A6327,10.0,feaf330842d611bd685c956a49039739c782e2067dd4bf09f1418a8f30b9e6ea
A6328,31.0,df8bd61b32d903b8009b283ae118a4dda0871ef40efead2499b46bf1caca0df8
A6329,10.0,029f0319f9422fb0810ed9316914905e2900c697edb634147e92c2cfbcb04edd
A6330,18.0,63a989eef226dc1152291a2c89670ab52805129c7c4ecc5fd2f73fafe2dd666d
A6331,11.0,3ff8b1b1fa4f0ea55a9e6120e491fd097dd946cff81172976a5222b7183d404c
A6332,10.0,60174d9df5088c7c821fae3e0e6cb2c9f3c5bf1025c972dd08bbcc57875680b5
A6333,11.0,b856fb1ec033fa093579915eab9ab9358b6074b485e7036fefa6dec0c7c642e0
A6334,14.234,d1626114c86e4a8f01b82fc975bc9c96944b5fcd07e912328ef803c23e4260f4
A6335,10.0,01899d637be694fcaff8c0e18345ba1ac33e5093cc54aed8eb806da4be9bb3b6
A6336,10.888,53fd5c4d975ca778360d2117f3ea0504a6ad06e3e8d56a233634ac9811e98aed
A6337,10.0,0fe77673aa7e47818f94728b2e0cec8688134dbf430a62118fffc5f8bc4fe84d
A6338,11.0,d59e9f3f635142c12a71f28043238f7cbee3d28800132f0c381e6050cdd85811
A6339,10.0,4613efd046d3437e6f231e76fbc87983510066ecc7465f812b4ee55b361f0ff7
A6340,10.0,2000630d5df2a19f137c7d1c348ea0d0e41c48980af2f0ef6285e0b6aa25fad1
A6341,50.212,1523ec1ac05fadb38b7a8f5b1db98f44e9288ba35c88239504866cf4438e6fa8
A6342,12.11,10928fdba4415fb37e66f24a39bd7a2e9d5c4154bec6823c373621191885ea54
A6343,13.0,f38ac44b2725aa059a6f316b9d5fa4ace2d243a61cb40b04965650a0c31f7fc6
A6344,11.0,ce0f289124a023df4956061e4e9c63616bd327ed031cbf7e9c37c24dedc24157
A6345,10.0,77bf307799e14481dee427601ef799e4adca3bde49aa0e5c08261e7408e5fc55
A6346,10.0,81a77cafc43e1e557630f2a6865f78b65473eab55e71fbef9ba29cbd860d347f
A6347,10.0,19e7d5319bf0b3ebde7f1be7e9d517f1076eb0f5e5f32d6f7280d48b61d109c7
A6348,11.63,b7e0ab95f1e89a74ac2a22f6d334772dfd36f693526b26fec4f86cfce97e1a09
A6349,19.0,541fce209756ae6e22e25a48e03687379a26b08ac2bc92afc8d0e381478612dd
A6350,11.364,d169df156b325c75b128881ec6fb309fa1b5dd9c6b78d755b7a3d6c12ca381ff
A6351,21.0,0f39606b5f562a2dbffdf94aa55caf74e2a891c4f58ed69a66f48db251c16071
A6352,14.0,f4447108b45f1b5c69fde725a31059a44397e07c91f0c41c500381818afd9017
A6353,10.0,f694076c7efd148644826db4411ba2e31ea3beec685a4a61782c72a12a8d0694
A6354,10.0,dd9061aa06b697c109737deeea7f27131d2e057c9a25dd9ef01b8e79d018b6f8
A6355,10.0,69bf3a932d6a04cbf01dd91713d400bfd85e2c80a2f9b391ba7cdbed3690bfcb
A6356,42.078,b9c8be290a885a9fb829033ac509ff713b66a28c45700da5bfe98d775e3d7d15
A6357,10.0,67dbee4adcb1ae2bb8d5e2b1f78988cc0cc4a48e413ba91f7156428765500742
A6358,10.0,1d6791c57b331e664a6b68eb49fd05da250f5131fc302b8cf0ba4d61d1569f14
A6359,10.0,0c0bbd8564976ffbf69b8b4a098d1ee437a5ecee8301fc2c289eb4fd54183230
A6360,10.0,93a0b7395e2a6e3fe9f756177b685122261509637517bebbf60b0bc70bce6c74
A6361,10.0,cff8024af1e6ef59e326e0119eff4498c85b663315b0406c099722a1d727ee20
A6362,10.0,915f6c9be127fb7ee2742007c6552cd0e20658ba83da78047da6bc86ea3560d6
A6363,10.0,cf1878d77c0b6d1fcbc80bfddd16a7a87dd2e121c771dd89fe4101a4cfee8bb2
A6364,22.0,3ad1a01102bfeec5eb9ff732ca0b1a43156c30c19a6147a36d5ac0e138973b0a
A6365,10.0,98c678d27d1e65af83a42b492da79c5fc0e7d8810a0e7c5fde7b4e98dc3ded3f
A6366,11.174,842e1aead5dd32f1b20339125f7fc2ef48528ca5678db03ccc3133270dc2b247
A6367,31.388,e12987fc0112af6beeb60f668022d20500fd6d133cdd89430102b0d662a16baa
A6368,10.0,fbddcb3cf262b8c0fc615336fc61dbec55fd40310f2ba14bab98ffe453b5c50b
A6369,10.0,8ccc57815dc01cd473157fc580cced7155ce3d76c82793c249388c2c28433684
A6370,34.418,63ece431f34b9ef8aa42e495f38adf6ccac2638841be52357515514ae4255062
A6371,10.0,f1fda8b9ae0d29dc99a68f8e8846109eca1e283d47cadc4ab5eb5f22b1972a77
A6372,10.0,2b085eb5aee150146e31d5ab93b6c7697bdcb27fc370729e41adee6c7f8b6ed2
A6373,10.0,fd3dfeadd1c946bf360a30e8c868bf2928d070afa1ee1f1952e3413472fa0ef4
A6374,10.0,dbf7d57f52e387982eaade227598d921657b7539a43b464f374eadec3542565f
A6375,10.0,798da0829548544095e61142edb8d1883ae22acf02e99e71ca461e8a14665cc1
A6376,12.574,0da4137dbccebcab1fdd224ce70b1f7fc152b2223241b2f8157df4a4c02d42b4
A6377,12.004,69b4c1290af31262d814282c2bad0399d423cbc32251e28ecb6ff0c587ede10a
A6378,17.706,6d438c2ea3e972f4f683ae17241f7491d92933c552f3d0559af53578907aba20
A6379,13.076,8adaaf749914d264fffb9ebdb7c0ede234d99b2ef713a8244ab02315694557f4
A6380,10.0,997f7085a8b8910dd7a19c4a15bf6befe87ba0033fe6993620d57b24ca215195
A6381,11.998,cb69bbdf05d11eb1087d4735e29d7839eabfd366099ba8a40230296cfe6109aa
A6382,10.0,65f5ffd452dfd8f5d3e123f66fa0b49e34ff1a78a09e1b5a9d179536f8d9b06e
A6383,11.0,853badfad006f1509300c5cedb7e3dc822b39fd2fe825079b58c2b624efc95f5
A6384,12.682,343eaea1208466f9674b3beba2c8b1c99db4790ef0836c2596468cef21669155
A6385,15.028,02f622ca2b6bbd069b24e352bc9a1d0e32cf8b64506d7f90f99171996c1e7004
A6386,10.0,7f07f365847ac9b2cd03b2c18b33ac8ec0ffca14dac95b06252125ebba290826
A6387,10.0,b765ace180e9ec7814944467c2ee46fb0f4e5a80194fae276ed10c091dc6bdaf
A6388,10.0,37f6c44b7836edef8a7dd01748136c15c039c7755465cf11296dde5333a8d66e
A6389,11.966,baa42e697c3dec36dfb51db5c5256bdcabf9a0610e2dd506d12c12af16ac5752
A6390,10.0,5bad6b4c816abb985d2d2523bc161d055b9bb9d46cf805953cd26ab71417acab
A6391,10.0,2b6d32cd2f2edd9cc39401034b14a747b6773801df3f519d8f6caea691050959
A6392,10.0,0a76a9cd4763162041529cf42f1e6e687b9295663048ca62e5c6c4d1629769b5
A6393,10.0,ba1714718182894ee4a3f989310c6710f49ab51878099a425d44187a9fbbeedc
A6394,10.0,cf8b2b7301ad08834238aa39bfa145969fc0b2de0341cd3b0423917c1a0642f9
A6395,21.0,26273b19e7e4c7d805732b9343a9423b926329de4aa5481a484f962a4198f41c
A6396,10.0,738697af5eeb52eba0d809bfa568900fd32ee85f59e55a39c9ce11ebfe882bb8
A6397,15.0,474efb8ac86e3287588effd9800d6c08da8d7460bff6dbd6e3262c2997597db4
A6398,10.0,0cb0c90363bb9845f840b920ba3254f68b6e9a901d56af69a5023a57d3fee268
A6399,10.0,5a43c1d2e4664e26005bd0556159540c17dd578780b4a531b6e7fe41add9596c
A6400,11.432,f02538d4bf68145e6f4a71dd444c0d9dccdee056d8f8a38b67735160f599ee62
A6401,11.508,91d5b3c383ac7871bf302fa7ddd882729ed21b2d825e9ed23de969a1996fdb0c
A6402,41.448,341eab379c21e4db8b794b0f8033bf3aaadb7f10f1c06c809c0bfbe6eee18e6e
A6403,10.0,e14a7d5d44664ca6bc62a9dc38160aa71e273b9c2a3b67942c44a33b193e4f1f
A6404,29.0,7ff38c4ee2b6f92e1a3ca18c137221da354550ea2a8165e3e0fb2cb7003169da
A6405,10.0,1775c0b0b3fa36aca73d725259ce39c19c655ec97d5c21cc9817994e36f0ce2c
A6406,10.414,cdfc9c64cb00fa820185ee15b458b5fcf0198e778a0ac8a4d770020765625670
A6407,13.752,57c198f47727f1a151eefe8bc71280ecf7ecfd549cb357eb961c93ec3a08ca02
A6408,18.0,6ddee29c3a7a5fe6d849640fff2512dc5d8df3c26bf7e5bb70d5791b2138ce17
A6409,10.0,8e6af09b406490e5ee423bb1cdf4b1ef86633fe87d3013ebdd503da305104d1c
A6410,10.0,d584886e9f95883af49a4941894c97e9c19dd9aff0ff6905f69402b6de11f57e
A6411,11.592,737a444cb32900d92307fb3b1dd40b0969a2c59f3a966163f661bf061b62ce2a
A6412,10.0,7b1e9511686ab9ce746629eb136ed456fe6008b27d3816b435398a96297e6b89
A6413,12.0,6fab83ed56ad0d2f5890c3ed2b68f52bd8761c1f2d2673f409bdf5254c254ddf
A6414,14.49,2e18f90019e96ef0c1e961e9ab817b24badb5c99a9dfa26a763da202dff5b787
A6415,10.0,9dee472c9d0166608066af4bc62068d5d3b76759951dc78afb89113addc4cbe5
A6416,10.0,670274b65245b65f87ce932ce36e56e74207ed699d642fddea47011ddb079abf
A6417,10.0,28a7766709070673ce3fb6e22f94a0635a7d750f051d97ac10e7c109742bacf7
A6418,11.008,d4fcb9bf11dafc701e9a6645abd6e3fa66a3f924436afa6434b95514eda73f1c
A6419,13.59,a2f94fdc2671eadf071c52fe0ae296ae3f805eb38ef24cd901d75a42cc7f06ec
A6420,35.446,b35d4a8a27427b30031c06c87e6f5adc2b3edf1f50fedc3b02e9ebe4118e4274
A6421,39.814,324172aa9bd1cbd4cb625c26579e55583c48848efee55ca20b08f33d36fadd1d
A6422,10.0,af404e4e11fc2e3d8efa015781086d431254799722f077fa1fe7ac2b77b810db
A6423,10.0,bf217a11b3ddf7333a7d39f7c56886b5318e75e55c8f5890964a33e01871f121
A6424,10.0,8899ad456e7e85d1d572845f033a58562003705bd0cf4a9459bc6f90a3edf2dd
A6425,10.0,227994121ae0b706814116af598ea1bcaecbd7a69a613c509a23e5059f82a5c0
A6426,12.0,074ff9439c3f4c40cc6ed12999046f30d0fb57c22cfb8bcb1e2b7442a0f8fad6
A6427,17.0,25bad68298adbba6319ed1f0f533a63cada6d255bbb1ff824286c057f17d09e3
A6428,11.0,8b5d0fcba23d52b835d4f2119c96d2f2580f1d2de41eee39b2bd1e041c8f1703
A6429,45.0,25de72ae3c59027b5313f2e945fea9b19768a7eaa2b88d563a675d1a234f870a
A6430,10.0,b84382ea0d7d636476184efe7836c52fdd35ddad2978776b24954b147b8e7a77
A6431,15.19,1fbdf71bbaf30b9366d4496438bec8b0edbdafe3d3f475553ce27f6258750269
A6432,10.0,936932c6f48abf33b26ca73139dd21130d6f1df006b689e48d7aab685b11b2be
A6433,39.0,d36bc030b532cb6808a745d4c597ea58c67191ae029f69088f804b00353a3109
A6434,14.0,3d99f72ac879c821e1afcc201f1016335465eb6bc73b62a2ba2c6dd3972b651e
A6435,10.0,1c01842941d2a6fec0c255ffe72fd0bca050a01873027c76935837990c468463
A6436,10.0,f1a2852ab415c70f079bff7ae1cc66896eaf170a670809d7c32f3f33ccaf3904
A6437,13.0,488994ce6735ae7030747457be2a50ab65a1e88aabd1049404628d99f614ab2f
A6438,11.756,b164aa45467c0059d4f2b1bbd530be02df7a4dd2712081977fed62d425184ae8
A6439,16.0,c24a0116d3f7e5dc8e7d3d173239832c07b573b00b5c4cc8194eb201c82fa259
A6440,22.0,8b85200c7e3739f964ae40505006a8ab494bdf456a9b3713361de5f2c29d0258
A6441,16.596,3dcfb65f79314ccff8720b5493065ca75d6290c789298daee081f743881f78d0
A6442,13.044,fac7dade095e585eb720379b65c4875ddb8e02d0dd9378100cb7a803b4361d4d
A6443,10.0,bd4498186c066637bd57fb5f255ebe4f5d03e2e0e8ff127a8c26ad7a1154adc8
A6444,13.0,701c74ee7ed8204ebb4d6fbf80b444b8c0135d9904aa5665c973776226dee5b3
A6445,16.0,ef0ef72980c8f0900bd5655979e850f486fc25fdf545048439edd70c8fd404dc
A6446,12.768,a5af203564abfd1ac0f7f0c372de0f50011204c3bcc7ee60dd57f8e93caf0015
A6447,13.0,6c228deb01599d8914cb965e132e672b3225ac10a484fd3c32a47c8a198a3021
A6448,12.0,0c09eda0dae19852f9e70a912c7d95570443b253acce380fab2ce4fc168fcb11
A6449,14.266,b2c7844c6232e5e25c8f5c052b6b34a52fb096a7ebc68b6652f0f74255bf6e51
A6450,19.0,bb54af3130d94d762aa1315eaf7adea8d1e40a90d7d8f06f12deb037e6f244fb
A6451,13.0,704f4c0bfd54f70f9c57a621d11dd85397ad716987e17a661f74d63cbc2bcd94
A6452,13.0,16619fb6d79252e21205599940766a5076a72b4430655b4e6a56d7bf222f11cf
A6453,17.0,8bbadff4d36567369e60c525748db35f8314cbb32a59ceaa887324c59cae282e
A6454,12.0,95a084757ebf32838680ad4ca2eea91298d5f12b110df837daf81f9e09a3d0bc
A6455,11.784,e303f2fae8096718082bd1644bcc1b0579f846e4ff4bb9459adcdb7fff6ee957
A6456,10.0,a618211ea7174e6fc76df277531caff9bbc8b4df72d46b14214ba7183efe2304
A6457,21.0,c81dfdaa3dac0df300e5e79a027d5770b2d4b3d13d9caa5bb91cf44c863c8a8b
A6458,11.494,dcea9efeab242263acbb895dd47bbdc21bad813e03ed58a1cd008a90aa68ee0a
A6459,10.0,044ef40daae706c15bc2ffca6698e3bb8c8e4f5656f661f90b655768f3b97115
A6460,11.606,3fc47dc91f93026b0ab7bac46a858fdf0490cb3c660deeace44ea181fab6ceac
A6461,11.118,838ac62b3d3421e444b04ce1a4a8585eb7826f807388a83079b1c4df4bb88ec9
A6462,10.714,648b3972984c6e3ccbb2525507ac251b1a54b9991704de61cb63193fd245cc10
A6463,10.0,743fbe35e15396baddf726dcc76d39e97f476e3b050a36608888ef13cd0c4f4b
A6464,19.0,22562c141f5bf13b802553911587cc4073fa29cde02bde4f1da9e20e3e595939
A6465,17.0,e076c821dd255b6b0091cc223e2c72881dfc58d969708e290f154c91257729f3
A6466,12.528,d4a01d83c9e939aaf3ee2eae6b8d7a4709bf128281f475cbb6e37db6aaddf1f5
A6467,13.0,b753a421f10d25212117d330df0631545e9222552ee8a57bf58dae14f1b3c08e
A6468,35.336,bea8c85db7360b782005a5e7bbfd5b29ebb89d1dd4cf3e9af76515f499fe85ed
A6469,10.0,edda65f58b3bfcc3892e5372a6d0be0a64518397ae5f3c19e831476c061652e3
A6470,10.0,2baeb3c5f035a290999f5c424c0f90e941c9c7f4e05581598b91481793fb57a3
A6471,20.0,29b734201572fe04c0d874690019d8cdaf82d622e1dc946910750c1477e24454
A6472,12.448,21a9a6f76c0f6e71ed615a3929e0a313cc52963727561e351ba28337c24968f9
A6473,20.0,77310763193f86323623425bf84667dd62f7ef0abc5bae83fe632c652cf18510
A6474,10.0,9d6b3d93d01489cf488a8ba564766a24720718975aaad97dc482e2e1a64877ab
A6475,10.0,71ff8e7ed8af035597c93d0b89d8114733a51f5f8a65f4d705c4ab91df7dc299
A6476,12.788,ef3e5c0627d90d5f74d5b46979c9b2761dacbaf155f1a3aa9bc8ce1494646236
A6477,12.0,c4ce062058a682e2905e183dcd498a8a73bf2fc40f1dbb7cbd1548b770cf1920
A6478,12.0,8ebb90629ae151c557b6e24b1addd8868f717b5ca9419525f32bcf903faf000b
A6479,10.0,17f17cfb6f329297aeeffd1f6b90a18573bcbe917e59eb2d4b33f0f2c500f631
A6480,44.21,869887d456b93009bdd10088de88ee2e60acf1b8fa647d182c44208cf79fd115
A6481,13.0,ef5a6dc1f2dcb1ba617eab90b17a3ac1e6ae16c1ac29c2083b283caef16794f9
A6482,10.0,c309ad2f82ad82c908a37d46b68dd7456d45b7ce8dbf648d295ef53c1f039c3b
A6483,10.0,1a96a2c2179574e243aeca2c9f59f9cb245c9c63d02b8d2b127b6b651821b084
A6484,45.146,deb9d2111019b1c2d4501a3081b3c015fd2285db83e04823bc5f8a8c2987440b
A6485,22.942,ff3a33c5439d2040c1694c49da65adb50de0f793349faa122ad16a15acac575f
A6486,18.0,ed97b6db2d45da9a83f468e24edafd33e5526f56f83b11c7a0cccfce6b75449e
A6487,10.0,466b15705781cff3fe45200381f2fbf180cc3b10acaaa286025552afd9982321
A6488,10.0,9befe3222e2a06bb292579a3ee5cc64af9a711111ab5217a95da2604d3ac0388
A6489,15.0,2640b072a8bce634739740ac22438070f21b80fc3c438945b05905c9b3c19229
A6490,10.0,1a4b6206ee1eea42c50a593d21293f8bf6c4bca2bff7b1c3c6498eab1ac2b22a
A6491,18.0,05c878153779d880d84c3b6f88b430ca9c175cbb9a62c3fab71404e23d7988db
A6492,10.252,a8deea2d5b700847c4a280bb6a24f2b32e0319a03bd73a9493e6f94ee8c9f24b
A6493,14.05,368046eb705ae6863f4fa76daeba20470fa6eb2572d6f14cffebcce872a6095d
A6494,10.0,ed87877d29339c492d110e4d5207ec9b6924dbd7e231a04ee6b6ea5864eccd2f
A6495,10.0,9fafb1ed579404c7220376e84f5137ef4b413f4a41cd41ae2eb46ea8109a3a14
A6496,10.0,ba0116ac04ad86a6081f0c26c447e4c80a634d8e88e8aa092f28cfa166f4fe26
A6497,10.0,9b17a920d3c71903f4c4552ed4cbf6ab637276eedc944e0e74129b028dddaead
A6498,16.774,45c28ff2b472e10deb809483ecaf7b3b6cbca6cfcf4b41ddb808b0c6f7af399b
A6499,12.036,61bf96e734c15ec2dcaa4a0dab49eb625b2f7b2419042e1e5eea0ece1b5dd45f
A6500,10.0,33f7473854295f18f65801a0a3f1fd9c18fbfe7aadb846f670b7d428b523de55
A6501,14.0,3e88a052a91c3677f1cd2467ffe818f167248e72ff3a427ac9b5c92f69e99ce6
A6502,19.932,2c2f95508e3e57fc395b6718eb86422ba5933a6d8b7853365110e99ca0c418d1
A6503,32.95,c0962a676b0cc07919ba4e9576a0f58aee39f48f01e881de67d9f7ece181a9ef
A6504,13.0,e249946cd18e33b1c751c126ac313c28cf5ee5a4a2212dc74a54937ec212f927
A6505,41.644,8c4dd27f42f67853bd743056a25adb381288550d639c99a90eb59d8737092613
A6506,10.0,9fc2d74ff14c36ecd49d657c22b996eafc76623201ef5bc989241177aae607b6
A6507,13.0,117b31da3156b4a69c1377205d2c580d39c85157a093a75053fcc290f062b7a3
A6508,10.0,ddc76859421e1e47c4f4b488bfe9a966b575b70e270f2f46192d8083cf9292d2
A6509,14.0,cdea7ccced093944da0680942795bce999ee463bae62f18979b516e9ea9da6fc
A6510,10.0,43cfd05c8a60c31353791016a65a6e08784fad171f055be7424dc707a05d2c94
A6511,18.0,fcf67b6ccd4881340447c1c329d041d1f5d302cee49b32c3871cd23867c35d0a
A6512,10.0,fa093cb2e7158d4ecfa4da52fb4d04b058cfc3db7c1dc7e79b5caa191b48b3be
A6513,11.678,863c34c36ea08f7dd42eec267d27ac82282cc7f41b2f6ca1370adfd10f896387
A6514,10.0,d3c4eef81400e227b5e7a99306581e7ce91d4c6adce248b1ca70e689ad396f71
A6515,21.0,334c8251002f1ca0db38526c0f79f14c45fb0ba4c23e179d46f94d1650b63c37
A6516,10.0,6796fcf7aeea68733bd602613f1fb6449f73d36c451b75385673c9ce20cd4c00
A6517,10.0,248f64c11e2f62dcb7dae84d60ac78d13bf0c787f3bf248e60446bc591552b85
A6518,12.0,b070378af6111e347c487047bb860d132f2477db3f7180cb69df27552f370d02
A6519,25.0,cb0b762df3febecf62df25102e55e95fa62d6cbf59872e23203a60b0a8dd795a
A6520,10.0,9bddb9fd7052dc80612908d6ea34e9b07fc59d602e87cb24e0584c8f117a05d6
A6521,10.0,4d181e208b346bb5b3269f1b57b6feac9d1a9ce96d04a0fb6daff089024035b8
A6522,18.0,e1f684b6e51572f097fb2047dddd6096bd50a271e00a35dae9ef1cfa99a1ff90
A6523,14.0,80b1fd0c33bd9ccf8bd04f767033688e776e825c9051a0d2c1a186f4334453ca
A6524,12.354,e94996cef6811d3a52b35107899e53c3813aae1366605cf53730c9ca42e112ce
A6525,15.234,a85bbd1369d6c259d68c7dac1a0a8c87a77e683be43b1510786ca40093977595
A6526,14.0,b366e45685389b60058cd3a1553096d7fe9e657cc9aad841d2d577c7f12a3bac
A6527,11.0,4bd078c8c495bc2beb98b71e45adf341c740f72d1fa6ce107646884c85c61f72
A6528,10.0,3abc412c291221c6a1dc34e45803a1ec871297651f077b8f6e7a71059d43d79f
A6529,17.57,2c9d99a67db21d2e6742752bfa1dd8e03a395104a74feace0803898f540785af
A6530,12.0,f8cfe928ccf3b954c90180d325bd0578786570844c5187b13fcfd101269884fe
A6531,21.0,551cefb52f76f066793c0888c2e57a78cb0004ef13a166bc8ca00ce4d1372531
A6532,15.0,d01a3fe5348e048381e9d801493fd3166e9e097a9fe2ff0e3fe70dc26bff9bef
A6533,14.172,f49790d6894095a781ed8616adf1d9825b36380cd2925fd0660376415a331252
A6534,10.0,8d45bf8750aa878d58c2ef4bcb34b3332e07eea6a06ae84bdb9ce0296ca0c55e
A6535,11.0,3ce9b092e1975e9ff3b8698961f4e910efeedf6aa31ef74ad106e630a003506b
A6536,10.0,26ac2e7333f0231d678a5da3898ad6afbabde1391eca4e18812e2d9580ecccf1
A6537,20.0,e2d183eacab0ae9c10bcbb3a232e117fe253f8c4d11f54f296d4e1d92e74b8fe
A6538,10.0,d8b5a7a26b762b6c00685c65ac0027fa74d2006ed53887c3da850bc1d551b2e1
A6539,10.0,bdd7d6e430d9c5c02d825c8199f8100b293e31674bed4d1374323a59fd2adf4e
A6540,10.0,246934b00f8738787d0526773330bd463f93b11e4b0233fa63dd5e90a31d1012
A6541,15.0,7c0435cc27c3e887ab44be950bc65fc911312de29bfc8186cd0fc136e44dffb5
A6542,20.0,d76151144aeec310d523efc85eb17c5a92eb6105e78cbc54d8c776f9d3ed2b4c
A6543,11.426,622eabb1ef1026a965fc05bf06aff549275e9f7dc08c3025340dd9d4b8dfa114
A6544,10.0,8a496e2d7e91d9205f87edd68589ccc32ebedd8dd2130a1a8ddbea565581ea6e
A6545,21.13,0e2157627008bfadf7791dd288f552bb6b6d3198ff38bbbfc629334f840dd0ef
A6546,10.0,2cf3bf9f651205a77f5ce4ade9987042aacfcf7ab74fa5014dc8fe457c6b1a52
A6547,12.194,870925247aff72b8936b8b3caa13002153e732dfb2ce70ea6f28c0ef5f5be62f
A6548,10.0,e637dfc39ccdc2682c8e3eee53b95d7ea2879ec8f7a324065d82ece2014ebe5c
A6549,13.0,295021975cc94c98e90b878633facd4ddf23f9096ec449d471267c97575c32e7
A6550,10.0,72c078d0fc71fb403523435fbf3b6d5db79231105395c9e411987749039a740f
A6551,15.302,fa9c2c5665f18cb5b703f38e81f50fb7c5c03e9f237cb6599731446393ef4f5b
A6552,17.0,5cd318bd76136dc776b0b30059a5e550acdbe1b3c41194fbb084f41f71953318
A6553,11.448,3dec708ae16b560f5cf905b6516a416a430c7447e5c5e251b89eb9d50a60f8e3
A6554,12.0,3ef13b28e37a91328fc680c02d24b98b1475de2ef1b837a3e667802a770abd43
A6555,20.0,22f703b7e111cf8408949b870a4ee6e5c1a871212758f36a6729dd04fa8b9d49
A6556,15.15,f22491f60b84b58fdc047fafded18d9366a7d4f297ac85ed16db31cafd062ba1
A6557,31.954,5c0f0ae1b137868c9f3a1a3fb210a5e25bbab93a5a25ab8606e8497c95f0a98d
A6558,51.856,96128e0431368e7f50aca5ba069eaff20cff36001a9991a3b21c3da0e5f90a41
A6559,17.0,4bc8b27d30dcfe3a34fa1161baeb7425b7f9575f0b76dce8e3d6e7dbaac20a15
A6560,34.142,a7863055a82cf040765207ef4c03cbfd4035a5f7ed6eb971c586f554c12d414a
A6561,14.0,d4b10ea0daeaf29cbccbe26162a387748b000d768ae3b6dc515449e4daf5452b
A6562,52.346,46099b97d0ad59f9b4e18e1f7e365dda365ef7b1dc01848ec6c2dd8b6477d93e
A6563,13.0,0ff7a1fb602f6180ddc1974211cfe8cb5666292e9f70973a29676a5e1ba62d37
A6564,30.0,ffd1755a3584774e79030ced8490793ff8294f49e1bdff9b2cf40b668dff65a8
A6565,12.0,f522c9a48788a8f8af15fb00ec2787ab7ba3b73eb18359aec266626b64965046
A6566,10.0,3e8d954bac5caac675cf54758eb63124dff2a0cab11a2ac606bbf76bc37d0a4e
A6567,10.0,9f4cf2c637ded17f99aacc8a28d80cb2e96dc33ee50277d659135ee9669e002c
A6568,10.0,3e85130ebd02a5ed338df2cc87a27d8ceca830b31e1883dae0fc86a9682cdba1
A6569,12.916,dca71454da9d3b896317cf181955fc486f0ee0b3b3c06405322230ecbd8be6b5
A6570,10.0,706d1b7e54a4d2f048bd472cbb34760e3fe813d37cee976228d4da41af68c2fa
A6571,14.0,6f75dfc80fc840aa591769ab5c25361878afb118e0ae56b9f3ebfe39b231157d
A6572,10.65,13d00d5104f4b0bceb3561fdd6a3bd0d608355b7b026813b000527ed66051f5e
A6573,10.0,a99e1773d6492b6ca36e1b7b709cbca4d1c06f93685121e1651647c994b345b2
A6574,10.854,5257f5c3f42360679722cd2c9728b526b0de3b9e347e19661d3e6dac8f9c59b5
A6575,15.114,70432adad2c0cf35abdbbf385bf1cfd59f396fecb156757c14e1f5be2eea5cef
A6576,15.0,b6abbc19f51aa9b3155df7de9475832a4b51311a101475173efb1e350162637c
A6577,10.0,4d75ac04b41cc46ee230c816748af461cf9f7ce26abef20b14dcefaf557b10a5
A6578,10.0,6875dc2207e51a1230083f1cc47d39614b32b6c276e665d3bf6cc54f7b43d5d7
A6579,10.566,4ccb5c0e26179c69770ec7294077bcfc146a5891fd666451685738ec014e6be3
A6580,15.0,a203270c8f86bf57b5abd52de15856a85db8f06cd37c19ba8503d223371b46f4
A6581,10.0,03633053b32483b4bef774aa1218af17fd956744928839ae5707d52a8423c57c
A6582,18.0,6b1e62810bdfa29bddabfef8fe8ee78fc7b55ead5a7cab50793d87a544032fea
A6583,34.892,53c164faa5703988ec14ca89c4126f6332e2c3b0288b99e90ebf207cc176d063
A6584,16.996,a51d3b5da0cc6c54dd9fc7de7e3f3ca8c94624e493dafc079b8dafe4abdeeac5
A6585,10.0,5101c0c5b12105933d875b965946dd62863ca036fba13c4533e5814f1c456901
A6586,10.0,7834431b4ca18b54b22682fbccdd4840481f69fcdc44f99c72e1b3ebfd036b8b
A6587,21.0,40fcb156ac7fec8730a7abfe1236e18ad5120e00faa7f5568ac6b9f9eff40289
A6588,10.0,cab57a0e72212a3cfd0159b77ded5da440a17d842a7540995a981e5ef3c03be1
A6589,11.97,0202060a34ee76d21ae1592ce32a0c10362eb7a72ad288696deb6a9793ad39b4
A6590,10.0,b6c6de462f7591975c63f09bc5b470403349d49ee00ad5d75140a9bf6a59ae3e
A6591,20.0,952308e6de54a35f63c01a78aad610d5a5a9c8a34859438a8da4ddd8282450e1
A6592,13.0,8a1697e56d4db8fac4e5e415c97b9ae6baf8263e8fbbc73c786e332ff48bea64
A6593,13.41,472db13c0c77017666cf24c7649a1d85f450706fdc1866d89ca312c3463fdc97
A6594,10.0,b4dfbecb38d2168f2a1b606946b8578a02b4c6c9fa8142382054368059b8203e
A6595,11.244,e6b5bdff60bbf77268ded209a4888053f02d9d9eae3337fa4925c034683cf451
A6596,19.0,4734238cccbb98051a13643346eaf79c0c1a84ab842207c06a6d2a516a352581
A6597,11.0,e28c45b35941d727a553c8cb651ca470866d049f1c036d30816abe2daf5fe2f5
A6598,10.0,f8a1df66e6ab4a1e92746858a2b8d3946bd0eb360b55ec25b7dc59cb3905b52f
A6599,36.0,b82cd46440ebf287349f933049f80b91a1a641d01ff367dd065eea6a53f4a2c0
A6600,34.036,dcee62aa5531c47d055d589fe747baebf3d81fe62530d1f61944a00b6939be0f
A6601,10.0,0ed02210e81fe25aa9d3fb433ad2aa473be0fdea21d1fc0c585950a54ce91629
A6602,16.018,8ce627ba11142fde1662d7431c2c194ef3f54f2011b321cdd7fec778ca96c282
A6603,10.0,886045c522442be5976e1e0783384486d7c592b0903c3c2d3ff27c4e35c78c56
A6604,10.0,857d7601226911f2830a6133449f96615374e527b6458c5acd453ba89dade116
A6605,12.492,dbf3a7bc70f75ec494439640636770de1b489b40c5e54a492ecb9a3c38ee3764
A6606,15.0,4f00e288e1ecad29709b69da093b604ee4f2ead9cc19db7e55db4d0028851705
A6607,19.808,e0e94f0fae57c5d98844fe3ac3d1cf0c33cbec685b651aa412a15c9e063133d0
A6608,10.0,b5def23ddd4e66ec250aab49f07294134dd1dfe8b4aa1ac1fc9209a0d141a797
A6609,10.0,e76079b3b4ac8ff352fa5425008c91232a27d61a3c8051528bea68bbbfc90db7
A6610,10.0,34ea33e966cca7ca7a388092c74384ad5cb7b9d5bf4e55160906bcde419744e1
A6611,10.0,445ab3ce3f2a7d8eb6467af976fbb2e062126eb5d305a39f9ee77590f34d8101
A6612,23.0,17e6fdbc1ba67e3e6643857bb7d2efa5b5437d350d77786ccbcb52c7dbdfc5ab
A6613,12.0,bd74db76267d6f3e32064a750f7c371828f2b9bf91dc1bc2ec8533145d8ea02b
A6614,20.0,b0260877cb8c00e6b966b0b67541957813f3ff6d485d83132b27611f6b3277a2
A6615,11.108,8a4dbf9db9258eafa61606d771004ad35ac44a821e80b69de50cd3637c810bab
A6616,11.746,ad851cbcc8b517c5143e0dd4bcddb0c8ec9f5280a6bba94cf0bed487a120263a
A6617,11.0,c0b8765af7171999d1ec87330068690c9cbcb9a50026c6058517643bb7542f65
A6618,12.342,3cb440811ed8402deb739eefc630aeac84eb8d6dc60ed767e9c2684b58be1ca5
A6619,10.0,8c2f306e24964373719a0f170b79fa7fbe15a37635c58e66b7809d2d47206503
A6620,19.0,9d532715265e3374a391feff16144ffb240fb6b5e441e44601d641b4f61ad7ca
A6621,13.0,b14e5921a1ead08b8a04b925cd0e912b4611dc901a36cc6f08440cafa86c06c2
A6622,10.0,443e273fe1af0057bc226d104217def47c43e05169605a569c3d8e046987490e
A6623,17.0,e383961fff3e2de60576d8178c24ad9516c5aa888f5cbe9aac9fc2d7adb0ec1d
A6624,13.0,ba233ee6f306d73bcb5c04ee4ec0a4a6106f57c976679becabe4817fab984b94
A6625,12.642,607e236377e7ff0aa82eb78f91e2eff27e145450ec617ecde8bba8b6ca587bb2
A6626,11.29,2e884ba77facfa4b96a24f28dd8c620704d32eef2d281c4f8c819f12af736074
A6627,13.794,83b3a443361ccb018bfd6e77c1058bc4cfd0f48b975093eaf7041f01ec15b096
A6628,10.0,b8210252e7f57f8ac0b8e0ece9d7defdd15b36b33772f490070b65713ea063dd
A6629,16.0,37940c08e08d447d450c99d4f70c22bd3ef06fdeb4e47e06113d1fd570da6db7
A6630,10.0,3688c6ef9dd1b89df9ab8d4570d270ec2310c8ba6d627e65ed2ee7e04f01fb45
A6631,13.842,34ce696f0dbd1c00d9a6584a50cd2ea03499d72c44bf8e2d5737c9d2a4b8d09b
A6632,35.108,9f57db7c79794147e3d30b0a06cebf6843929c2b4fc13408865dce2d1adc16d2
A6633,39.028,8fc50854378bc0d42787d05a81ac5923031219d798fc2ce1a40411b27db2fdfc
A6634,10.0,7ae9df86b31cab06af3f41bdb992cb2ed178fe947e29b2e70e9c6825b16158cf
A6635,13.998,6ea354eefab34b41edcb2013bc488a7e5298db4b42612779f8bfcb0778c0f8a3
A6636,19.0,b9a116667cc72525598dfbae789a70c502fbdf9f5ac8658c67dadc32efda2752
A6637,10.0,313ba0a830b9b5c48f1aae1bc624746fad98c121a2f4192fbb9b855e76762df8
A6638,20.0,f1a655ee907de9fa163e93862c409639979f03419b048218b64aa25a446cd800
A6639,11.0,9819359af6afa1e29da729b68e872f2eba531fda7129718091af158b5275924d
A6640,14.0,accae4d65800727b59a7a249f347e3328428618e44cf83b446aca261152fb860
A6641,19.95,aa10b2ffeeae261c0f3c9488397ef2edb236bf4081eb78c54557fb65106b6479
A6642,11.0,d4ed84769f5d7fcd507fbd356de8442b1ec12e1db299fb1f865b00097d1e2fe1
A6643,15.0,13e2359c88037b91ce580832246ded6622540bfed1eccabc34cad7b027b3614b
A6644,10.0,bc118623ac0b60ac5c07d584364819c3d0a2f6431d074d981b850f15e9cb1aea
A6645,10.0,195f5cacaf3678aff909be8bbb62e756863174b49a2011db76a02012443359f5
A6646,10.0,87883e862667da8997013e9ecd58c921a5436f60b4638e9a122fdc43edda5e6d
A6647,18.0,5eca804285528470ab18ceeded6fd84d97d7e2902494e04744fd61343abcb1f5
A6648,11.0,d29bc18ec3ddfc5c89b946b3aa7a58e1c6116a09dd7ea62dc641491850ecfd35
A6649,12.746,b8e66b76bb67b2fef20592cf2db2d5771816256c87ff41979491e2dd9ef343c6
A6650,10.0,b361bd0984839796ce511df6151ac189c4ab2471fd6add362d5d98f1ab4a16da
A6651,10.0,536da9fefbe8835db30e41c24b495a44b4b70f48c6fad9102a338a7581d7d19f
A6652,10.0,4fb34bb53cc19c4f7ecec091776ea43fa3a92c5a3afd26994cba103cefce0d8f
A6653,13.608,a4625f9f91e4ba68854bd394c55db57c3005ef1326d3df52781d75b411121229
A6654,15.55,be49724c9b62b2105a2fe89752beba418ffa3b1d14379dc69a7611f49529a0e6
A6655,10.508,c0ea8f76f016c71aa4d2eecdd244c150c398d8cddef03a6882dfb96a8fc35e4d
A6656,10.0,bbfdc1b76d35be43102bf4f066a918d28a34ba50f9373c31572571e6ee8662ce
A6657,10.0,a564ef6ccce68b578fad8d6235b142da8bcbde15642bed424959533172b93d68
A6658,10.0,e8964ea1749adf3d6a491a92984844a282a7f8e8862cc50cb89b5bb4b9fdab7d
A6659,34.592,9aa715c32ad0b74bfe60506d61f65c56cf113f37d7f27b7d0738bdef62be5811
A6660,23.0,3536f8dc19106fc37a5b6e922bf7b7169a49bb71e42fe4cbf917d9d8ff4faa12
A6661,20.0,d1deff0eeedfd7750ec22f555a70bbe192db5a95f5cfc62b6e62025dfa8e878c
A6662,18.0,b06074c36dbf24e46ddc298fe0cbedfc2cf5926e79fb72e0e7c4df2134e48b82
A6663,10.834,12c335e6db1edcff70865e30165daea46a70d7ab2f26a0692eaed78d1623faf2
A6664,20.0,e4657842c3f67231b040f3417c44a4715c2d3e2170deb60a8599893a35758546
A6665,10.0,e99ed5d0b148f5aed1fcd9bf739cd8a4fbb470e17204f22d02080bf1b3eae61a
A6666,10.0,af703bdf1e85c366d9b25ca9fb74317e283aa8d76b6e9cd25cc3b808d833396e
A6667,15.654,755ef6a353fc039551b4df959ceba0f0e6f3e5892ed9279b6c71f077ccd4447d
A6668,13.0,945037c45e0a1fe6a7627585409735624301426183963ce6b5d91c6fbc223aec
A6669,10.0,f3aca2479d47743b5c44d7c302f2f8ecf8e6090c53f4a115185d7fa28bc3a73c
A6670,10.0,279b853c03b30afcbee16905bcd493086d579566ba3f66b28f79e89b30f34b2a
A6671,30.0,443da52572b7965ba25c57c2ad0efb4434c0194527c04002710d1ba7bbd4ecc2
A6672,14.0,71cb034adc6ae417aa2d289c927756b0d27af049c5eae7219bf0ddb76e3903be
A6673,16.0,5b2fc169fc54603f00f9ffbd31bb06e1bd51190a84ac5f969512e0f3b188009c
A6674,10.0,a147c0f9c16c95899d22bdcfe0270710889170de1e45efae4cc7eb68a38f4f81
A6675,10.0,c97dee435aa00df7d6eecce4626f5336a2a3a1ace0a0a5cee89bc8ddb59e26de
A6676,13.0,b393a9053067d0dd982047688feae548dbd9dbb4e6de1fbb548cf4dce4619f31
A6677,10.0,8f5609a80e693b0425e3553ac21c13e67da98eb0f8f1d0df2c8262a46ace0232
A6678,26.0,fac2fcc837bee4b8faec48ed708e59718ef1358a44c2d3271fc6d36be30017b3
A6679,10.0,4de05bde19a4ebdb2998772694e0021551a86bc0b4ab2342890ddad5e567619a
A6680,11.184,9f766d94b412371dde275e63bd69480b4107f15de090c11b6fdbe9faa05bf8c0
A6681,10.0,6c3a0a37323b95fba1ced9dcce616799110d96d58000276ec28e8cae8c2f3efc
A6682,20.0,1ea33fb82f5f5b38235b7b9582b1da4756599fcb6b7f3a013632e92b7bfebdbd
A6683,11.796,0821449cc92ba56210329856f613bc8eeb37836ac16dd517fcbaa43fcd17b1c9
A6684,10.0,36ab56bb44ba87f549c6860a183d2c420bed5ceaec835a60e9ea5ce13c03fe89
A6685,10.0,2e76315d0ac05bee413182c6c56c60fae6371d14abb4906162201265146a0784
A6686,11.796,e640f46479bf1d71a803ad1c66f27fbabbe05512ec126d8bce35368c31230479
A6687,11.28,6b8f601b25e0d435737f849eaec42e269486475b16df7dc325af8f5cfacb6056
A6688,10.0,65eeb3bab36a6e3f07effd707862224dc78c34ab6ca66570932e37bf51041258
A6689,12.774,129264a1291fcc0f67eb7d415413b8367cc29a0ea07505539c33486659527d2d
A6690,10.0,906721c9327b00c457dfc1842f274e78d094bd022c2f391445d9bb59c94fe648
A6691,25.0,55eea3265aed690e39c18eec5174d50da79685511fc9ca0fe43e0a9c69d8e800
A6692,20.0,d750bf042c849eb34e30b3b4b9b26b76687b3f955ef63ac174721f668e19f541
A6693,10.0,63e054a031de2f1896fad0ea58dedd35259a1ec2026e80e5a696d6f47d4c5129
A6694,10.0,f514f4e6d82b913c384b084197184de53329cde550636b04e6bb1ab5e89d8e90
A6695,26.69,a272cbb42e325e4d56b32560a5650b1421a1640a36c36bbddcce62ea184f3b14
A6696,73.0,297a7f038df447d399bae9f04e8d57ca8d12327711dcc35f6a41e790c1834c40
A6697,12.0,c90a9ac86162a9a65aa29676c41c609f0a865cdf6bfe184bfed8c6bd584c48c8
A6698,10.0,c569fe75e71e7d0f614e6cfe08b273ba17f652f0e28bd57c6c15429840e5e843
A6699,12.0,dd441cce7dd344363c3d8f6432a2209881f9f1b2b2ecd7cca9c41cd080671666
A6700,13.13,a6fc8f140667a9637f184acb1238bc2b4f979b225dfbf8ee24eb2cb955651f41
A6701,10.0,054d83a9234bada85804cad42520a97563f50da650a165a5078288b2273d2a3f
A6702,31.848,c6f0feb5efbbb8960821bc9a5f2f22c1978875cccd341b9cd0aef7f01dca91ed
A6703,10.0,1260a341004c09c6bb986e8ccffd42e57d85593372e452d606fce08fb7b86dcb
A6704,10.0,2693029b976ba30e836f9e89f56a72e1a2b56ca81b96d0b38b79d8e1e2484f7c
A6705,15.264,afb5836f5eea2193e4c258bc96f704639e362021e07f92e1c87e57b9338ce892
A6706,10.0,4660357798f2ed654b2630c29ec95332c6285d96233aa85e1424cecabac7c031
A6707,15.0,0c2a45bb92139dd9ef88f3e4d03228dbf6bddf57ba47b356ca2c8923b3bdda61
A6708,13.544,d69e72d89c5a6639c9b9e809bb2c27f4dea7a428969eb3c94447f10d6500af70
A6709,10.0,581e68c5a0766f9f224c3baf6cf52650c5d42eb75c98777fa006dca5adb60786
A6710,13.0,84d68471ab361974d19eb88d3bdb15a634a84d1840ea78921415338323dd69b1
A6711,10.0,77a85a043257d91b44599a0a1f8dd97a558b7815e40d00e2d074e5073b7df529
A6712,11.0,8a41c5a44bb5686715c9a50de4402f44d339f331905bf3ce66419514555feab7
A6713,10.0,843bc60621507e6d2760d2ba60b95102e8e366f0315ae6f1ab0d25eacc5dbd8d
A6714,11.642,1a3a30bbe26df66d7714ae1ab0dd9b629b60fba21eb3852aaf4b2ce18b367fd0
A6715,12.09,933ebe42b7b56845e8a05eebf97c78a9bad2b62bf853812eb14250e73c22f5bf
A6716,41.0,22662bea07fc802389f81c7be6141a57679b3c73db352f6097f898754a3fa6cb
A6717,12.902,b09dbf1ac206eab4dd30ea1a3da430a6a768eef9bb11e2aa3b1d0a7f725494e5
A6718,14.0,7db80721aba98722e8d8b5318280c20a829a5774b71da7281954294a03a58109
A6719,13.522,d8c02ca3d2752ddf71aceeb91fec99eaa93558d0336cc377efc0522d6c55a57c
A6720,11.926,85b55b02754c5159604c76632c889f478735d04db5375f869108d44b9b24ded4
A6721,10.0,d9433cc02a8ac9622d90f08b2f26d1ac19493c586b07ce8091d7dd7471b3b394
A6722,18.854,9707388be33bef632a98db312b164417ea55e34f9e502c40512a2a8741f9b2a9
A6723,13.0,1a730a4ce0989af56b9f46175f0cfe1431cbe4c8168d6e70e233c89617a77288
A6724,10.0,ce484a22720db0d83ee41a35f9f1be58038ba0d8f26cc5ed1f69d2e80feec030
A6725,10.0,1ea35cfb320005ebd90fce5181fdd7b7d0950d5643f2590d9cb4baa1be90803f
A6726,10.0,43d3aace4c6199ba11cec70ede32d1f7a8e7a996e7556a64c978330b68450d30
A6727,20.0,c49950c35386f0a68a30d7b987af5bbf70c6a60120b7f97a2aa336bcee093f3d
A6728,10.0,c915bfbbdc274cc149fca30e6351659b32faae60a0f2b681cf023076cfa7ff14
A6729,11.354,9897dc7077b83695c522895964d0b941ea96b0ec2ec9a417330a7d89136debf7
A6730,11.588,e6ac8e69ff7734a9088b06ff89e195cfaf285dfd8f11ba07b19b4e6879b72019
A6731,10.0,9c9ce388eca0769323c26b84b19e6b83b17414c52b5e07c0c9638582c2130b0c
A6732,21.032,3d58c7d6432408aaeefc12e7c6b43404afe70dd355a243483c5941d16cdd7355
A6733,10.0,86983f7ad979a712f3108100045df8a6bdea4766945466818528d59464b3b5c5
A6734,26.0,d43a8742677deedb76ef8d3ef79ec81cd2ceebde956e7b570871f0a13646b9ea
A6735,13.0,e982d2b27032fb60e2a2cfa2cf82a930989527bb5ae13ca6df1bfc6c36d40921
A6736,24.46,04b1cd69734baf96479548d42e776d358c6ef14d00c2e6c55134ceca0791aa40
A6737,11.492,9be7bdd084c6d2ccef35cce42193f3803cdb33feeb5c74d90150a6d6b66b55c9
A6738,38.442,ee35510c7f85ced3eeabac2e2b4554cc4aca973ed06a92f11707045f9e117c56
A6739,17.708,af6d4a5e1ff615825c02eddab24b27d21762cfc9c5c8262c508ebdaba877ef9f
A6740,10.0,71d912b73faf05af97f38b508b1dcf198ccddbf2b8ff0830fd249e5aa7fa8c0e
A6741,12.0,04b8a9bd6601a2a8823214453efa52cab36e0b2902c5fd48493ae84aba689bbf
A6742,10.0,c3d0f4ad889240ade57b778e5d65dd8c81ebb3e5de0250aac23c5597bc235bed
A6743,16.0,e1375768161bd4c2d3d2e6782a663ec501200ca15269bb619a3dd5f2c2d37191
A6744,13.93,0702d056c648a06eb6e51cf06c6d4bb53a83c63e1238e41eed433d7ec3f8ea37
A6745,13.556,9077cdf46f7a7d0416d013c9c02e3beb93250d31446564f4b6b3b0eba20c9746
A6746,15.0,65c6a270cc91868016fd3f1dbfdfcad72a065e12f179c4250288a457bc222a7d
A6747,10.85,abb50562dcf7bdddb68239632e6efeeff6a3067d827a274644e5f1e70a6ff7b5
A6748,15.494,c36ab64b63f98d3b189bf5d30a340872998b307499777b178488ab1dbf22a84d
A6749,12.794,66e5f55ce4e86ec9be9636a7f6a084763303cb8c42143ce20dd9a21fcdc22e27
A6750,11.074,b52cf20890207ee83427d279bffddea19fbbde732e94e5450f1d078ad9b5bf23
A6751,52.872,f30b278d064c15536f7abdd0062b04d878ef925c8831724476d5454b4db642f8
A6752,15.0,2b4f43d7d26a4dbb7ee04add1fa5507329517604506c5552c6e4021d1c43ba19
A6753,24.0,9158d9eff356659a85a33372f5a1a838eb812c6a006e96024897703616cc8644
A6754,16.0,911a3b2adf3254c467624cd6899a5e94108eb241028ed234f4b5cdba27f6725c
A6755,14.0,abc2473df5360dccfd24371ea0fc8385c7649dfb26eb1e0267484e5f5ee29f36
A6756,10.0,b47bc328ef2111416569917f4447ac16a813b2d66466e40d451f24825c6d8dfd
A6757,10.0,bfd444ded43cbe905377e85d014d0f8ed68f3b45da4e375c8a655c1d97172637
A6758,18.804,290e632668d4ec4cca4412afeca0e68b24e60902a604065006634666e7b9b840
A6759,10.0,249c2d417eef32c840e50f1da5344884c388f3b028c7d0045fa4ee2c21c373a1
A6760,10.828,b436842661cc4fb37466da3eecc94e3af272d3ca91e8e5d429d54b188654ba45
A6761,10.0,eafbd7d4f396dc21e75db5d1ba6147da34770941a5a44f59d155dd277c98fa2b
A6762,11.852,2c224c10d29c3176c29d093b8904711a6f861ceab322987f755cc508a6be8d73
A6763,10.0,ae7bd1b946969264319bf69528898a9b5ec012714cf6efcf4ed3b1e30e552c12
A6764,13.0,8f192526613558bc505f3f6b1dfdb612bc471b744e3e1f44bd4f099718550cf0
A6765,34.348,793c98d4384a96305ee0f58c45cb4ca07d7addb92f1cbd3c35f615f97be9d164
A6766,10.0,4acd7d49f6233df0f54143b618adc1f953945cf80997ccff7d51e74103496ac0
A6767,12.122,380e4e5bedeaffa2857bc8e1d68c4202e579ac965b9f977221105c82e9275c94
A6768,10.0,6dbec88c33847d1af4395d835b30f0ba527f33d807191d1bf24afffd28e3ef9c
A6769,22.0,642bafaa3883d62c74bc1f93b7528ff025bf6584f26f2dc51d3c0fc3f1c9c374
A6770,12.0,b535d67158f0bc915a7d5c347f757a486ec98678fccbdf0e9b47ac87d59a3795
A6771,28.0,33df92c4b374487ec7856e43aedd0849578aa009d5aadd0ebcb2addf5f1769ce
A6772,21.0,b71ed6dbb011bae9e7fc83805a6ab76320306178d14dea3f9fc76cb8ad49b3f3
A6773,10.0,c0b8bf412e17ba6255625114142894ae82dc5dc59b278266c7ee0f7f2b45cbc0
A6774,10.0,10043ee4c8a919b42d421189351bfccd60c065cf0661f9d3e94992b88c859aa2
A6775,10.556,aff90c5f7a0264c2cee9d27f9644d3e7e781c95d6afd4d839b09359785bba5fe
A6776,12.954,89c326b1a883ccf4bff2b54194c201b0b6b601caa10b1cc9f92e463baa189441
A6777,10.998,25087ec5874ad386173d8a92d84da6e7435c8b1e96c3f4c924bdd7e811ae7f65
A6778,31.0,01eed5eff72f70a17f5b542dabe5cdd3315cad15156f4aa95e933bb78fe84bbc
A6779,11.168,2333aa5a948fb2d2f9bf1fe2c9d486cbfe07b555575301c675d9eb64aae8a429
A6780,10.0,0bff8976753bca9cd62b9f5e0da8d562b5a0b87d51a08c16bcfdd1e472d34eaa
A6781,15.0,d716f78c2d9b9e5a613f5208c4f3d01741d0a245e7f6fbab370d27fb6efc9e72
A6782,10.0,5782d5dac4ff6f898c3a7622d939ecc20f2d5e4aa5b9c0135b5abd33daa1ca1f
A6783,10.0,51fee5c140c54eb396f323b221a41eb6a68c630d986c89885649c546868d08bf
A6784,16.608,b35cb751feb03195e630af4f0901e7ed3b4e8bf630f1f9389af91ca735750b00
A6785,10.0,828941342cab994d15545a47a4cee914213f4284026d35f85bbfd58dea2c0c57
A6786,10.374,a40ba86216e108c9bd02c1b23886a0fc4fcaf4c83a5d058539c8717e60c50924
A6787,10.612,6ee68363855b4a78b4ffc58585f118ca616e3e0af0a716a12409d7aa607e7955
A6788,15.296,942ea4404a19393b746d5b1beffb374d4989d3e463fc982c1b4a9f2c6f036c4b
A6789,20.0,2efdd0d070058ed7c83d773646e56094f9bfd0e70c372d6531ff105a45e73f2b
A6790,16.0,5242cec49c546bdf91daf449ae808aa9d2be89cbb614f1c8e19da46ef845cb8b
A6791,10.0,503f34831ea555403bf694d79e990620495e8c45e8ece75106d5db37bb6b9369
A6792,12.0,09b2ef4abe224897b868aa95217d20edd74b858e5d5bac06e8b5bdce2daca81a
A6793,10.0,acac3831d767e4603fc9e341b6c04e449e65b5723f951097bfdadb44990bf814
A6794,13.0,ff20ecafbdfc5ee0ed3bf5e6701a953c6e0d68fe227f5b16e0dd0e5479d62c74
A6795,46.0,2e68bf091643df173eaff47905e1bd1f25b93b5da70728876fa85ad96ed38491
A6796,10.492,73e29773237438fc5e80f34c9cd250775762fa842575c0bef1fa8c3df03c103c
A6797,11.814,5804dd37fb3f939ff688b56164ed62f87814945311402a36eed46bf612bafdea
A6798,10.0,cae13b554a9d6a2861a2275c36245a936f2749efeca35dc644dc4d1b34c19a7d
A6799,35.0,83753a1a203f5243b6c135e78f4399a4a53e2c6d973f784af01335087a2e1fb6
A6800,13.0,1a0678700b2dccb128074a334671bcf435ca564522bc17a734ea84f2c7e6aa33
A6801,31.122,31b6aecfb3a48bf5800a7195534dafce8ca65033268ceccb2ef0521367a421a1
A6802,12.342,e05f5d871e0c8e597cd3ba01e7649cf2b64746f2ad48977d283fd5e3f0034c56
A6803,10.0,822620274b4c4d2047d209c1d5a51532d73213b82662f37bf3bed20aae69878d
A6804,10.0,5958017c1efea60e6f0b22e035afcd273463a34c1cebda712077990ea1e2d221
A6805,38.0,fe53d1b6f77555630a8beebabe0be5db90104385fcb0a0fa12bd4debb84d74bc
A6806,18.0,de214e1653d733f0e5e486e0536576baba9c3f1a6cbae5b222da01c147dd4ee6
A6807,17.0,f20d278ca4b1d38099734e86dcac17625f8c51be9bfa8966d639fe4922b7534f
A6808,33.526,f25a2e89520c8d8fbab35e7d28d87abb93ff4ef8b2073aba2f7336481d2c3b51
A6809,16.0,eac76bc14fa61a31485eb9656304a3552729b6b141b8539d4218d8ad5fc3fc1d
A6810,25.0,905e43ffb1bae7869be380be1c5b0379771a42c6d34a9f5f30dc254786450748
A6811,11.948,47e512dabf6e1d5a8925a5a2951fa4be5dfad78f838a95359d6e39596587e1ca
A6812,10.0,8c09cb4f8715d1b2226bc1855bce521dee2724d3270cb9f706b1e43d8d55cff3
A6813,18.0,73c1b62088a3f369d8587e8de6c5f0ac76e7369a69f2999201f4748884edaab0
A6814,11.942,1c4b94bb136fef778be5b07b0ed56b8d2164ac8c182dc65ce59ce4a4597078f8
A6815,39.0,f7a64e1912991046925055e7a26428bf1581e5ffb3a6e6bec192ae8762cb127a
A6816,31.0,468a5c9701b324ccf98e0279b16265bc39eeb41bf89cbbeb994f781a0e0e9d1d
A6817,14.998,ecbbbd1cf8dfed9f811a077daf5bc4bb40b0d080ce1e61f53c19bbdf359310ac
A6818,10.0,2f238a31a21160a95974d12f37267b919e467fcf531239eff5d7b687afd1e5de
A6819,24.0,a0ed32d9e30d3e8c7b9b47ce45fe69332dcf9a024c0d17a9a98bcd53c8b46b0a
A6820,10.0,32e8d46452c9da10d03ededcf7f967a41d5e177418d38709a9050ec29625dc95
A6821,15.0,a4835d9ed41e93e9d4a03e46a9b8b811a8ca2a4a237cf13af7fef2565250aa2a
A6822,10.0,3494163cc8f4bef0dbc4b4c2808e1e1938dc3bb5818c4aac1d3a9756fc390b57
A6823,21.0,0fa4181f7ca7b887d130b1f89bf65b60003021d0bade2d16cde046efeb19c590
A6824,10.0,50ed1439f14bdea8ddc215e4449421b82c3595a13c6becb35d7cee10ebb24e5b
A6825,29.0,2bab9077e459f34169b5a6e353219d2492d6767d1187c52c8ea9d7393bd22a40
A6826,13.232,c68822bf246388a1af0e9bf94187152c9eeed11de7a9d00f6a1b567b7ce06ae2
A6827,10.0,d6cfc72d6bc5a77fc4b2bf7f7cee14b0267b0ef646dd1a250938094e98fd9ae3
A6828,31.0,b01e6632822effe227eb034fdc19d85f5516812ab9dd42b139b2abb59d35bac6
A6829,10.0,06e6635182bc841f7548240e95c97f721a22237710fd8e4f2f35511cf74f3b8d
A6830,10.0,b9a902e21378c3ffc9e2a040b45ec35a2737f0524b5bb849b22c658a8dc543d0
A6831,46.736,5ba81f94798bd14ef0e4fc1a14118751e9bb1fb4d446c0166bba8276f905ec9c
A6832,53.576,d15fc62624114c401c23db5d199cef1a5958f7676e10f3b5d55bb23da9258671
A6833,10.0,a939b77c8b5c5a4c4e31e6191c730508f7911076a6875f78f5043875425a73cc
A6834,29.708,7c158f990424c4ef580b1d8208111823a269ad5545474799a66b3fefcb4bad96
A6835,10.0,22f4031146208f560607ac6a3b0a04caee7e39a77e713a8da94300c3fae2380e
A6836,21.0,1d36f552cf3801895a2f5dd4379c35f1bf9083f152a65a84f7b6112b95e490df
A6837,10.0,a5b727b6058b13b8047e74817b939c8a569bc82c3644f8292f7e760925198036
A6838,10.0,1d8226f12c98ce4c4e46d92f767168cb2874981939eea5fd6b4dfc44f9b483ba
A6839,10.0,b15fc04459a2c5fb38d2005737a5844d3c7c6e4740f361faf90be24778f939d1
A6840,10.0,f9b5cd1095788cd1f7165d28a72b7819cdded838a3fd54c706b39797b7efe0b0
A6841,14.0,1d79b0287050cb08c57d90cc3110910a99b977d76c94d698e129240330b5574b
A6842,33.008,969cd5f491fa9d2e109154b4e67c6d43602029698ae776ca5eaadd4dbc2bd346
A6843,11.0,2fac6a3da7bf307b4fa934ef76ce88cda3ad8975d71229f470007deed7079483
A6844,11.116,aa29163e5f6d73e82e2d93021b97c75cf122144e74b5b3cd7054f9c3f3a2ed79
A6845,11.0,40d3917c30311f94aa4cbceaf4d3966a76f8638b92a9bf3ece8c248fa9a83fd3
A6846,10.0,dd920355180a9fd7b8af7135fdb5dfabe1c0718518787bdaf07eddd76b49a9b8
A6847,10.0,e470b41a3738f9886e0ccca99eb376c34adfd7efa8097683311596afd348784d
A6848,10.0,bd67e3820989a3cfe43c7486e8f7cac22e05b38d0cbb66235586fdded1a5a767
A6849,10.0,05ece198e93a02e800d927184db8746fd70286611fe5b64412be13bfcbb24cc0
A6850,71.0,0898ffdd33d2cff4aee075e9be6ce07be098d036395a73f98ee029cc0da3d1cd
A6851,10.0,5836b77f2dab356a4c28d857a22c78cdc8e093c074bea4a0c0ed42dfb4c0b8d7
A6852,11.368,d0dd70da3489db3150626e67522ac029689aa14ab7b16505f961be040334b2a8
A6853,10.0,4da10e6466f098b10c88afbabd04d62a3817fa1d20f9b7dd0e3583b42e9dd722
A6854,11.004,21a67a87b2962a841967847a3d5e889f9fb9748e5f9eefa994cfb8b38ee829cb
A6855,11.142,aefe1e586fb31fdaddcc1350cf2538e673e51eab82365cec9d3ac4a3c9feb69a
A6856,12.0,e29e4f02696cc90f0bd19e02f67a5f235c2149d4e2e736ebfdd9959244a40df6
A6857,43.9,10abb53ae518afce1454eb720e2051fe6f04d81569dc4860e6f2fa2cc5e106bc
A6858,12.0,3d9b41029723cf417c3afba2f9ac58e43c47979d37796460ea8d9af6ba5de1e0
A6859,52.186,c086c8af0347df120962c6e6159e03643d81d4098fff0d2b45775d032dbdb155
A6860,26.0,6b642010e5ffb940c3369c94dc267c7f902267802733e35f3cfbd9c4138344fa
A6861,10.0,593d994482cdc82d6026ddc3ddab2f354038d8679145961c158223b7cde3e69d
A6862,10.0,2e920ecf6d45e3740fd6f99e2e42fe478b058b1638294e3507e357e6e2b3554b
A6863,10.0,ba82c6b2c1de91d49c120b6e58eae40c0e070af3d7f4e5ad9173c00105688ceb
A6864,10.0,3b3099d9685ad6784fa5ff5d65c8da332cb151d314d74cb8c8760ff46ce54183
A6865,10.0,79bd1c8734abd5ea3059d4dbec9a8269d9d2205f42bbdb93984d8d812e419521
A6866,11.0,da6c3c8acc8833f481d1c650efd37b57da33afcb67a97e6199d81c4ecbdb4177
A6867,11.0,4051c841e68291c1c0a11f42f269ab86e2c3a12d9b488d3c386df3ae9ecc90f0
A6868,11.998,9f0d4219956a016939d4538a9e7d53a4a065f0cb850f9307e9ce8e12b88bb45b
A6869,10.0,39547291ada4247f51a5838d891bd0399f7cfc546e1d02d3b8890f29df3323ff
A6870,10.0,ea1d4d6bae40ca7a0a7db381228309e29e595ad8e26abcc545ce9e31f4b27c7b
A6871,10.0,80c0f0c221f8ec7b044aad43a532fae4b81f7a0164e8063fce1c15141da9c74d
A6872,10.0,f48b60f379974bdc002a677079a628c9a58596b09fa028d479538d6f5e02cc45
A6873,14.0,987f7066f006c70929e4d2558d644b1bd3d2b35f4b959a169f26cc3a8b81e046
A6874,16.0,ef1255ea348809fd14b7d847f818b9762fa426f7bfdda2ffdfbcd1bcdf073166
A6875,53.062,939a16c6dffe278a63b0f1c4fb36fe9a4de899ed5bdacb8341c576c7ef6dbbfa
A6876,14.0,9d343211f16e0ab02dcd4ade467dfd3685f605e2745c504a77be2bee58f1bc4e
A6877,36.976,828972cfde735f5bc53bc9116a7b982f6f5c6f13e4e77f330990360c137a7379
