p1_dataset,p1_split,record_id,published_pretraining_split
cpsc2018_mc,train,A0657,train
cpsc2018_mc,train,A2029,train
cpsc2018_mc,train,A3424,train
cpsc2018_mc,train,A0438,train
cpsc2018_mc,train,A4896,train
cpsc2018_mc,train,A5529,train
cpsc2018_mc,train,A2139,train
cpsc2018_mc,train,A3091,train
cpsc2018_mc,train,A5108,train
cpsc2018_mc,train,A3323,valid
cpsc2018_mc,train,A4379,valid
cpsc2018_mc,train,A6368,train
cpsc2018_mc,train,A1175,train
cpsc2018_mc,train,A3676,train
cpsc2018_mc,train,A0268,test
cpsc2018_mc,train,A1326,test
cpsc2018_mc,train,A0782,train
cpsc2018_mc,train,A0293,train
cpsc2018_mc,train,A4820,train
cpsc2018_mc,train,A0687,train
cpsc2018_mc,train,A3170,train
cpsc2018_mc,train,A5116,train
cpsc2018_mc,train,A5653,train
cpsc2018_mc,train,A1922,train
cpsc2018_mc,train,A2891,train
cpsc2018_mc,train,A6817,train
cpsc2018_mc,train,A1780,train
cpsc2018_mc,train,A1712,train
cpsc2018_mc,train,A6694,train
cpsc2018_mc,train,A6522,train
cpsc2018_mc,train,A6410,train
cpsc2018_mc,train,A2908,train
cpsc2018_mc,train,A0633,train
cpsc2018_mc,train,A1673,train
cpsc2018_mc,train,A3955,train
cpsc2018_mc,train,A3242,train
cpsc2018_mc,train,A5964,train
cpsc2018_mc,train,A4885,valid
cpsc2018_mc,train,A5945,valid
cpsc2018_mc,train,A2233,train
cpsc2018_mc,train,A5169,train
cpsc2018_mc,train,A6624,train
cpsc2018_mc,train,A5840,train
cpsc2018_mc,train,A1504,train
cpsc2018_mc,train,A1697,test
cpsc2018_mc,train,A0091,train
cpsc2018_mc,train,A4372,train
cpsc2018_mc,train,A2728,valid
cpsc2018_mc,train,A5447,test
cpsc2018_mc,train,A3004,train
cpsc2018_mc,train,A3782,train
cpsc2018_mc,train,A3343,train
cpsc2018_mc,train,A2045,train
cpsc2018_mc,train,A4261,train
cpsc2018_mc,train,A3629,train
cpsc2018_mc,train,A2502,train
cpsc2018_mc,train,A0554,test
cpsc2018_mc,train,A0152,train
cpsc2018_mc,train,A3390,train
cpsc2018_mc,train,A5251,train
cpsc2018_mc,train,A1656,train
cpsc2018_mc,train,A3931,train
cpsc2018_mc,train,A4806,train
cpsc2018_mc,train,A0381,train
cpsc2018_mc,train,A2494,train
cpsc2018_mc,train,A3054,train
cpsc2018_mc,train,A2195,train
cpsc2018_mc,train,A1788,train
cpsc2018_mc,train,A4175,train
cpsc2018_mc,train,A3503,train
cpsc2018_mc,train,A5711,train
cpsc2018_mc,train,A3294,train
cpsc2018_mc,train,A1905,train
cpsc2018_mc,train,A4240,valid
cpsc2018_mc,train,A4946,train
cpsc2018_mc,train,A4678,train
cpsc2018_mc,train,A6792,train
cpsc2018_mc,train,A5221,train
cpsc2018_mc,train,A1988,test
cpsc2018_mc,train,A1161,train
cpsc2018_mc,train,A0386,train
cpsc2018_mc,train,A6845,train
cpsc2018_mc,train,A3670,train
cpsc2018_mc,train,A2872,train
cpsc2018_mc,train,A2591,train
cpsc2018_mc,train,A3539,train
cpsc2018_mc,train,A0596,train
cpsc2018_mc,train,A2578,train
cpsc2018_mc,train,A6195,train
cpsc2018_mc,train,A2845,train
cpsc2018_mc,train,A1812,train
cpsc2018_mc,train,A1458,train
cpsc2018_mc,train,A4453,train
cpsc2018_mc,train,A2143,valid
cpsc2018_mc,train,A3393,test
cpsc2018_mc,train,A6365,train
cpsc2018_mc,train,A4623,test
cpsc2018_mc,train,A2448,test
cpsc2018_mc,train,A1923,test
cpsc2018_mc,train,A1921,test
cpsc2018_mc,train,A1667,train
cpsc2018_mc,train,A2414,train
cpsc2018_mc,train,A0224,test
cpsc2018_mc,train,A6200,train
cpsc2018_mc,train,A6640,train
cpsc2018_mc,train,A0549,train
cpsc2018_mc,train,A2849,train
cpsc2018_mc,train,A1275,train
cpsc2018_mc,train,A3891,train
cpsc2018_mc,train,A4026,train
cpsc2018_mc,train,A1005,train
cpsc2018_mc,train,A0822,train
cpsc2018_mc,train,A1909,train
cpsc2018_mc,train,A3471,train
cpsc2018_mc,train,A5925,train
cpsc2018_mc,train,A1568,valid
cpsc2018_mc,train,A6420,train
cpsc2018_mc,train,A1723,train
cpsc2018_mc,train,A4084,test
cpsc2018_mc,train,A3659,train
cpsc2018_mc,train,A3886,valid
cpsc2018_mc,train,A3911,train
cpsc2018_mc,train,A3245,train
cpsc2018_mc,train,A4234,train
cpsc2018_mc,train,A3076,train
cpsc2018_mc,train,A4555,train
cpsc2018_mc,train,A2922,train
cpsc2018_mc,train,A6621,train
cpsc2018_mc,train,A0842,train
cpsc2018_mc,train,A3359,train
cpsc2018_mc,train,A5054,train
cpsc2018_mc,train,A5340,train
cpsc2018_mc,train,A1114,train
cpsc2018_mc,train,A2866,train
cpsc2018_mc,train,A2686,test
cpsc2018_mc,train,A6483,train
cpsc2018_mc,train,A4639,valid
cpsc2018_mc,train,A6485,train
cpsc2018_mc,train,A5009,train
cpsc2018_mc,train,A0180,train
cpsc2018_mc,train,A3631,train
cpsc2018_mc,train,A6675,train
cpsc2018_mc,train,A1221,train
cpsc2018_mc,train,A4428,train
cpsc2018_mc,train,A1954,train
cpsc2018_mc,train,A1798,unlisted
cpsc2018_mc,train,A6426,train
cpsc2018_mc,train,A3840,train
cpsc2018_mc,train,A5815,valid
cpsc2018_mc,train,A5659,valid
cpsc2018_mc,train,A4671,train
cpsc2018_mc,train,A6757,train
cpsc2018_mc,train,A6538,train
cpsc2018_mc,train,A6474,train
cpsc2018_mc,train,A5417,train
cpsc2018_mc,train,A6130,train
cpsc2018_mc,train,A3317,train
cpsc2018_mc,train,A4303,test
cpsc2018_mc,train,A6108,train
cpsc2018_mc,train,A3462,test
cpsc2018_mc,train,A5762,train
cpsc2018_mc,train,A0262,train
cpsc2018_mc,train,A1311,train
cpsc2018_mc,train,A4095,valid
cpsc2018_mc,train,A0430,valid
cpsc2018_mc,train,A3758,train
cpsc2018_mc,train,A1323,train
cpsc2018_mc,train,A2231,valid
cpsc2018_mc,train,A1824,train
cpsc2018_mc,train,A0043,train
cpsc2018_mc,train,A0090,train
cpsc2018_mc,train,A0191,test
cpsc2018_mc,train,A5652,train
cpsc2018_mc,train,A3069,train
cpsc2018_mc,train,A4051,train
cpsc2018_mc,train,A0259,train
cpsc2018_mc,train,A6005,test
cpsc2018_mc,train,A6506,test
cpsc2018_mc,train,A6519,train
cpsc2018_mc,train,A1290,train
cpsc2018_mc,train,A6177,valid
cpsc2018_mc,train,A3378,train
cpsc2018_mc,train,A4788,train
cpsc2018_mc,train,A4333,train
cpsc2018_mc,train,A5564,train
cpsc2018_mc,train,A4253,valid
cpsc2018_mc,train,A0234,train
cpsc2018_mc,train,A2716,train
cpsc2018_mc,train,A3548,test
cpsc2018_mc,train,A4829,test
cpsc2018_mc,train,A2296,train
cpsc2018_mc,train,A5805,train
cpsc2018_mc,train,A6209,train
cpsc2018_mc,train,A5666,train
cpsc2018_mc,train,A5534,train
cpsc2018_mc,train,A1695,test
cpsc2018_mc,train,A2505,test
cpsc2018_mc,train,A6334,train
cpsc2018_mc,train,A5837,train
cpsc2018_mc,train,A3113,train
cpsc2018_mc,train,A2014,train
cpsc2018_mc,train,A3730,train
cpsc2018_mc,train,A0683,train
cpsc2018_mc,train,A3750,train
cpsc2018_mc,train,A6708,train
cpsc2018_mc,train,A3204,train
cpsc2018_mc,train,A2791,train
cpsc2018_mc,train,A2524,train
cpsc2018_mc,train,A6057,train
cpsc2018_mc,train,A4475,train
cpsc2018_mc,train,A0834,train
cpsc2018_mc,train,A5501,train
cpsc2018_mc,train,A5219,train
cpsc2018_mc,train,A6790,train
cpsc2018_mc,train,A3618,train
cpsc2018_mc,train,A5372,train
cpsc2018_mc,train,A6060,train
cpsc2018_mc,train,A2699,train
cpsc2018_mc,train,A1328,train
cpsc2018_mc,train,A3387,train
cpsc2018_mc,train,A2695,train
cpsc2018_mc,train,A0327,train
cpsc2018_mc,train,A2061,train
cpsc2018_mc,train,A4239,train
cpsc2018_mc,train,A0107,train
cpsc2018_mc,train,A5455,train
cpsc2018_mc,train,A0028,train
cpsc2018_mc,train,A1399,valid
cpsc2018_mc,train,A0778,train
cpsc2018_mc,train,A4862,train
cpsc2018_mc,train,A0893,train
cpsc2018_mc,train,A5859,train
cpsc2018_mc,train,A3772,valid
cpsc2018_mc,train,A3141,train
cpsc2018_mc,train,A0350,train
cpsc2018_mc,train,A5125,test
cpsc2018_mc,train,A6091,valid
cpsc2018_mc,train,A2299,train
cpsc2018_mc,train,A5252,train
cpsc2018_mc,train,A4480,train
cpsc2018_mc,train,A6830,train
cpsc2018_mc,train,A6101,train
cpsc2018_mc,train,A4259,test
cpsc2018_mc,train,A3843,train
cpsc2018_mc,train,A1204,train
cpsc2018_mc,train,A5422,train
cpsc2018_mc,train,A6445,train
cpsc2018_mc,train,A5890,train
cpsc2018_mc,train,A0868,valid
cpsc2018_mc,train,A1724,train
cpsc2018_mc,train,A2917,train
cpsc2018_mc,train,A6009,train
cpsc2018_mc,train,A0956,train
cpsc2018_mc,train,A5766,train
cpsc2018_mc,train,A3416,valid
cpsc2018_mc,train,A1594,train
cpsc2018_mc,train,A5609,train
cpsc2018_mc,train,A0512,test
cpsc2018_mc,train,A4719,train
cpsc2018_mc,train,A2358,valid
cpsc2018_mc,train,A0356,test
cpsc2018_mc,train,A5817,train
cpsc2018_mc,train,A3133,valid
cpsc2018_mc,train,A5190,valid
cpsc2018_mc,train,A2920,train
cpsc2018_mc,train,A4403,test
cpsc2018_mc,train,A6527,train
cpsc2018_mc,train,A4697,train
cpsc2018_mc,train,A4386,train
cpsc2018_mc,train,A4429,train
cpsc2018_mc,train,A5972,train
cpsc2018_mc,train,A0588,train
cpsc2018_mc,train,A0017,train
cpsc2018_mc,train,A3757,train
cpsc2018_mc,train,A2569,test
cpsc2018_mc,train,A6765,train
cpsc2018_mc,train,A4913,train
cpsc2018_mc,train,A3794,test
cpsc2018_mc,train,A1546,train
cpsc2018_mc,train,A4767,train
cpsc2018_mc,train,A2842,train
cpsc2018_mc,train,A1531,test
cpsc2018_mc,train,A3831,train
cpsc2018_mc,train,A5084,train
cpsc2018_mc,train,A6292,train
cpsc2018_mc,train,A3073,train
cpsc2018_mc,train,A6473,train
cpsc2018_mc,train,A2777,train
cpsc2018_mc,train,A2736,train
cpsc2018_mc,train,A1635,train
cpsc2018_mc,train,A0295,train
cpsc2018_mc,train,A4269,train
cpsc2018_mc,train,A5934,train
cpsc2018_mc,train,A4630,train
cpsc2018_mc,train,A1434,train
cpsc2018_mc,train,A5041,test
cpsc2018_mc,train,A5344,test
cpsc2018_mc,train,A5516,test
cpsc2018_mc,train,A5450,train
cpsc2018_mc,train,A3488,train
cpsc2018_mc,train,A2782,train
cpsc2018_mc,train,A6758,train
cpsc2018_mc,train,A0620,train
cpsc2018_mc,train,A2268,train
cpsc2018_mc,train,A3152,train
cpsc2018_mc,train,A6430,test
cpsc2018_mc,train,A5504,train
cpsc2018_mc,train,A5546,valid
cpsc2018_mc,train,A0095,train
cpsc2018_mc,train,A1903,train
cpsc2018_mc,train,A2312,train
cpsc2018_mc,train,A4539,train
cpsc2018_mc,train,A6768,train
cpsc2018_mc,train,A4756,train
cpsc2018_mc,train,A3661,train
cpsc2018_mc,train,A4127,train
cpsc2018_mc,train,A2164,train
cpsc2018_mc,train,A5209,valid
cpsc2018_mc,train,A1769,train
cpsc2018_mc,train,A6869,train
cpsc2018_mc,train,A6450,train
cpsc2018_mc,train,A0211,train
cpsc2018_mc,train,A0805,train
cpsc2018_mc,train,A2483,train
cpsc2018_mc,train,A6443,train
cpsc2018_mc,train,A6468,train
cpsc2018_mc,train,A3697,train
cpsc2018_mc,train,A2611,train
cpsc2018_mc,train,A5398,train
cpsc2018_mc,train,A3718,train
cpsc2018_mc,train,A6133,train
cpsc2018_mc,train,A1386,train
cpsc2018_mc,train,A5561,train
cpsc2018_mc,train,A1352,train
cpsc2018_mc,train,A4529,train
cpsc2018_mc,train,A3398,train
cpsc2018_mc,train,A5289,valid
cpsc2018_mc,train,A0615,train
cpsc2018_mc,train,A4840,train
cpsc2018_mc,train,A3838,train
cpsc2018_mc,train,A3128,train
cpsc2018_mc,train,A2323,test
cpsc2018_mc,train,A5109,train
cpsc2018_mc,train,A0257,train
cpsc2018_mc,train,A4260,train
cpsc2018_mc,train,A1130,train
cpsc2018_mc,train,A1195,test
cpsc2018_mc,train,A5891,train
cpsc2018_mc,train,A4530,train
cpsc2018_mc,train,A2388,valid
cpsc2018_mc,train,A4341,train
cpsc2018_mc,train,A0584,train
cpsc2018_mc,train,A3028,train
cpsc2018_mc,train,A1164,train
cpsc2018_mc,train,A1106,train
cpsc2018_mc,train,A1474,train
cpsc2018_mc,train,A6114,train
cpsc2018_mc,train,A2851,train
cpsc2018_mc,train,A5551,train
cpsc2018_mc,train,A5673,train
cpsc2018_mc,train,A4304,train
cpsc2018_mc,train,A1087,train
cpsc2018_mc,train,A0284,train
cpsc2018_mc,train,A0474,valid
cpsc2018_mc,train,A5311,train
cpsc2018_mc,train,A0020,test
cpsc2018_mc,train,A2839,train
cpsc2018_mc,train,A0249,train
cpsc2018_mc,train,A3255,train
cpsc2018_mc,train,A1879,train
cpsc2018_mc,train,A0074,train
cpsc2018_mc,train,A1210,train
cpsc2018_mc,train,A5739,test
cpsc2018_mc,train,A0181,train
cpsc2018_mc,train,A6741,train
cpsc2018_mc,train,A1624,train
cpsc2018_mc,train,A0415,train
cpsc2018_mc,train,A1882,test
cpsc2018_mc,train,A5290,train
cpsc2018_mc,train,A4141,train
cpsc2018_mc,train,A1484,valid
cpsc2018_mc,train,A1517,test
cpsc2018_mc,train,A0775,train
cpsc2018_mc,train,A2003,valid
cpsc2018_mc,train,A1253,train
cpsc2018_mc,train,A2256,train
cpsc2018_mc,train,A3538,train
cpsc2018_mc,train,A1907,train
cpsc2018_mc,train,A1135,train
cpsc2018_mc,train,A5392,train
cpsc2018_mc,train,A3693,train
cpsc2018_mc,train,A0037,train
cpsc2018_mc,train,A3265,valid
cpsc2018_mc,train,A5020,train
cpsc2018_mc,train,A2655,train
cpsc2018_mc,train,A1646,train
cpsc2018_mc,train,A4568,train
cpsc2018_mc,train,A4761,train
cpsc2018_mc,train,A6211,train
cpsc2018_mc,train,A0686,train
cpsc2018_mc,train,A1870,train
cpsc2018_mc,train,A0201,train
cpsc2018_mc,train,A5524,train
cpsc2018_mc,train,A2049,train
cpsc2018_mc,train,A0517,test
cpsc2018_mc,train,A0244,train
cpsc2018_mc,train,A6871,train
cpsc2018_mc,train,A4149,train
cpsc2018_mc,train,A2342,train
cpsc2018_mc,train,A5161,train
cpsc2018_mc,train,A1541,train
cpsc2018_mc,train,A3321,valid
cpsc2018_mc,train,A1782,train
cpsc2018_mc,train,A3855,train
cpsc2018_mc,train,A5134,valid
cpsc2018_mc,train,A5588,train
cpsc2018_mc,train,A3016,train
cpsc2018_mc,train,A5360,train
cpsc2018_mc,train,A5280,train
cpsc2018_mc,train,A5632,train
cpsc2018_mc,train,A0192,train
cpsc2018_mc,train,A1292,train
cpsc2018_mc,train,A1665,train
cpsc2018_mc,train,A4799,train
cpsc2018_mc,train,A0513,train
cpsc2018_mc,train,A3154,train
cpsc2018_mc,train,A3226,train
cpsc2018_mc,train,A0351,train
cpsc2018_mc,train,A1509,train
cpsc2018_mc,train,A4548,train
cpsc2018_mc,train,A1706,train
cpsc2018_mc,train,A6780,train
cpsc2018_mc,train,A2580,train
cpsc2018_mc,train,A5794,train
cpsc2018_mc,train,A3201,valid
cpsc2018_mc,train,A0737,train
cpsc2018_mc,train,A3788,train
cpsc2018_mc,train,A4250,train
cpsc2018_mc,train,A1583,train
cpsc2018_mc,train,A4329,train
cpsc2018_mc,train,A1025,train
cpsc2018_mc,train,A1657,test
cpsc2018_mc,train,A2111,train
cpsc2018_mc,train,A6560,valid
cpsc2018_mc,train,A5919,train
cpsc2018_mc,train,A5715,train
cpsc2018_mc,train,A0509,train
cpsc2018_mc,train,A3489,train
cpsc2018_mc,train,A6805,train
cpsc2018_mc,train,A3439,train
cpsc2018_mc,train,A2844,train
cpsc2018_mc,train,A2786,train
cpsc2018_mc,train,A5049,train
cpsc2018_mc,train,A3187,test
cpsc2018_mc,train,A0521,train
cpsc2018_mc,train,A1158,train
cpsc2018_mc,train,A0749,train
cpsc2018_mc,train,A4409,train
cpsc2018_mc,train,A4367,train
cpsc2018_mc,train,A2077,train
cpsc2018_mc,train,A4867,train
cpsc2018_mc,train,A3169,train
cpsc2018_mc,train,A1072,train
cpsc2018_mc,train,A2391,valid
cpsc2018_mc,train,A0480,train
cpsc2018_mc,train,A2712,train
cpsc2018_mc,train,A6380,train
cpsc2018_mc,train,A1108,train
cpsc2018_mc,train,A0537,train
cpsc2018_mc,train,A3598,train
cpsc2018_mc,train,A2501,train
cpsc2018_mc,train,A3959,train
cpsc2018_mc,train,A0289,train
cpsc2018_mc,train,A1194,train
cpsc2018_mc,train,A2785,train
cpsc2018_mc,train,A0585,train
cpsc2018_mc,train,A1968,train
cpsc2018_mc,train,A2052,train
cpsc2018_mc,train,A2083,train
cpsc2018_mc,train,A0100,train
cpsc2018_mc,train,A4612,train
cpsc2018_mc,train,A0413,train
cpsc2018_mc,train,A4889,train
cpsc2018_mc,train,A5744,train
cpsc2018_mc,train,A0340,valid
cpsc2018_mc,train,A0054,valid
cpsc2018_mc,train,A3325,test
cpsc2018_mc,train,A6040,train
cpsc2018_mc,train,A0059,test
cpsc2018_mc,train,A6574,train
cpsc2018_mc,train,A4393,train
cpsc2018_mc,train,A1152,train
cpsc2018_mc,train,A6764,train
cpsc2018_mc,train,A5532,train
cpsc2018_mc,train,A5008,train
cpsc2018_mc,train,A4875,valid
cpsc2018_mc,train,A0355,train
cpsc2018_mc,train,A5465,test
cpsc2018_mc,train,A3120,train
cpsc2018_mc,train,A2252,train
cpsc2018_mc,train,A5675,train
cpsc2018_mc,train,A3591,valid
cpsc2018_mc,train,A4690,train
cpsc2018_mc,train,A5256,valid
cpsc2018_mc,train,A5402,train
cpsc2018_mc,train,A3389,train
cpsc2018_mc,train,A2149,train
cpsc2018_mc,train,A4299,train
cpsc2018_mc,train,A6590,train
cpsc2018_mc,train,A1140,valid
cpsc2018_mc,train,A3516,test
cpsc2018_mc,train,A0467,train
cpsc2018_mc,train,A5138,train
cpsc2018_mc,train,A4906,train
cpsc2018_mc,train,A5431,train
cpsc2018_mc,train,A0823,train
cpsc2018_mc,train,A0448,train
cpsc2018_mc,train,A0048,train
cpsc2018_mc,train,A3199,train
cpsc2018_mc,train,A3278,train
cpsc2018_mc,train,A2955,train
cpsc2018_mc,train,A0881,valid
cpsc2018_mc,train,A0662,train
cpsc2018_mc,train,A0022,train
cpsc2018_mc,train,A1279,test
cpsc2018_mc,train,A6599,train
cpsc2018_mc,train,A4651,train
cpsc2018_mc,train,A1682,train
cpsc2018_mc,train,A0225,test
cpsc2018_mc,train,A4790,train
cpsc2018_mc,train,A1642,train
cpsc2018_mc,train,A1162,train
cpsc2018_mc,train,A2152,test
cpsc2018_mc,train,A1914,train
cpsc2018_mc,train,A6855,train
cpsc2018_mc,train,A0785,train
cpsc2018_mc,train,A4509,test
cpsc2018_mc,train,A5782,train
cpsc2018_mc,train,A0116,train
cpsc2018_mc,train,A5836,test
cpsc2018_mc,train,A5928,train
cpsc2018_mc,train,A5541,train
cpsc2018_mc,train,A6679,valid
cpsc2018_mc,train,A1784,train
cpsc2018_mc,train,A3436,train
cpsc2018_mc,train,A4244,valid
cpsc2018_mc,train,A5684,test
cpsc2018_mc,train,A6083,valid
cpsc2018_mc,train,A2564,train
cpsc2018_mc,train,A5981,train
cpsc2018_mc,train,A1306,train
cpsc2018_mc,train,A3958,train
cpsc2018_mc,train,A1173,test
cpsc2018_mc,train,A6711,train
cpsc2018_mc,train,A2952,valid
cpsc2018_mc,train,A1316,test
cpsc2018_mc,train,A1972,train
cpsc2018_mc,train,A2890,valid
cpsc2018_mc,train,A1945,train
cpsc2018_mc,train,A6465,train
cpsc2018_mc,train,A4177,train
cpsc2018_mc,train,A1575,train
cpsc2018_mc,train,A3060,train
cpsc2018_mc,train,A3616,train
cpsc2018_mc,train,A0446,train
cpsc2018_mc,train,A6044,train
cpsc2018_mc,train,A0357,train
cpsc2018_mc,train,A6631,train
cpsc2018_mc,train,A4271,train
cpsc2018_mc,train,A3253,train
cpsc2018_mc,train,A5591,train
cpsc2018_mc,train,A2553,train
cpsc2018_mc,train,A1961,train
cpsc2018_mc,train,A6826,train
cpsc2018_mc,train,A2416,valid
cpsc2018_mc,train,A3684,train
cpsc2018_mc,train,A0765,train
cpsc2018_mc,train,A2300,test
cpsc2018_mc,train,A1490,valid
cpsc2018_mc,train,A0408,test
cpsc2018_mc,train,A4187,train
cpsc2018_mc,train,A4088,train
cpsc2018_mc,train,A1242,test
cpsc2018_mc,train,A2347,train
cpsc2018_mc,train,A3603,train
cpsc2018_mc,train,A3664,train
cpsc2018_mc,train,A4653,test
cpsc2018_mc,train,A4183,train
cpsc2018_mc,train,A2987,train
cpsc2018_mc,train,A6534,train
cpsc2018_mc,train,A1117,test
cpsc2018_mc,train,A4616,train
cpsc2018_mc,train,A6491,train
cpsc2018_mc,train,A1313,train
cpsc2018_mc,train,A4997,train
cpsc2018_mc,train,A4124,train
cpsc2018_mc,train,A2234,train
cpsc2018_mc,train,A1742,test
cpsc2018_mc,train,A5986,train
cpsc2018_mc,train,A1871,train
cpsc2018_mc,train,A4397,train
cpsc2018_mc,train,A4878,train
cpsc2018_mc,train,A0833,train
cpsc2018_mc,train,A5790,train
cpsc2018_mc,train,A0482,test
cpsc2018_mc,train,A4025,train
cpsc2018_mc,train,A1918,train
cpsc2018_mc,train,A6821,test
cpsc2018_mc,train,A3230,train
cpsc2018_mc,train,A4190,train
cpsc2018_mc,train,A1731,valid
cpsc2018_mc,train,A6355,train
cpsc2018_mc,train,A4089,train
cpsc2018_mc,train,A6866,valid
cpsc2018_mc,train,A1452,train
cpsc2018_mc,train,A0309,train
cpsc2018_mc,train,A2588,train
cpsc2018_mc,train,A6633,train
cpsc2018_mc,train,A5724,train
cpsc2018_mc,train,A3754,train
cpsc2018_mc,train,A5939,train
cpsc2018_mc,train,A3422,train
cpsc2018_mc,train,A4800,train
cpsc2018_mc,train,A0875,train
cpsc2018_mc,train,A3513,valid
cpsc2018_mc,train,A2384,train
cpsc2018_mc,train,A2455,train
cpsc2018_mc,train,A4306,train
cpsc2018_mc,train,A1951,test
cpsc2018_mc,train,A2132,test
cpsc2018_mc,train,A0634,train
cpsc2018_mc,train,A4015,train
cpsc2018_mc,train,A4449,train
cpsc2018_mc,train,A2226,train
cpsc2018_mc,train,A5965,train
cpsc2018_mc,train,A1915,train
cpsc2018_mc,train,A5999,test
cpsc2018_mc,train,A4310,valid
cpsc2018_mc,train,A1287,test
cpsc2018_mc,train,A1896,train
cpsc2018_mc,train,A0353,train
cpsc2018_mc,train,A6205,train
cpsc2018_mc,train,A1230,train
cpsc2018_mc,train,A3233,train
cpsc2018_mc,train,A5323,train
cpsc2018_mc,train,A2669,train
cpsc2018_mc,train,A3334,train
cpsc2018_mc,train,A5970,train
cpsc2018_mc,train,A5449,train
cpsc2018_mc,train,A4202,train
cpsc2018_mc,train,A5186,train
cpsc2018_mc,train,A2159,train
cpsc2018_mc,train,A3657,train
cpsc2018_mc,train,A0275,train
cpsc2018_mc,train,A0461,train
cpsc2018_mc,train,A2172,train
cpsc2018_mc,train,A0606,valid
cpsc2018_mc,train,A0410,train
cpsc2018_mc,train,A2385,train
cpsc2018_mc,train,A0887,train
cpsc2018_mc,train,A5740,train
cpsc2018_mc,train,A3724,train
cpsc2018_mc,train,A4356,valid
cpsc2018_mc,train,A2351,train
cpsc2018_mc,train,A0830,train
cpsc2018_mc,train,A3752,train
cpsc2018_mc,train,A0894,train
cpsc2018_mc,train,A0206,train
cpsc2018_mc,train,A2843,train
cpsc2018_mc,train,A5770,train
cpsc2018_mc,train,A2864,valid
cpsc2018_mc,train,A2238,train
cpsc2018_mc,train,A2209,train
cpsc2018_mc,train,A3418,train
cpsc2018_mc,train,A2868,train
cpsc2018_mc,train,A1716,train
cpsc2018_mc,train,A2586,train
cpsc2018_mc,train,A0580,train
cpsc2018_mc,train,A2950,valid
cpsc2018_mc,train,A0747,train
cpsc2018_mc,train,A6372,valid
cpsc2018_mc,train,A6737,train
cpsc2018_mc,train,A5950,train
cpsc2018_mc,train,A3915,train
cpsc2018_mc,train,A5786,train
cpsc2018_mc,train,A3650,train
cpsc2018_mc,train,A2290,train
cpsc2018_mc,train,A1707,train
cpsc2018_mc,train,A4173,valid
cpsc2018_mc,train,A5695,train
cpsc2018_mc,train,A6309,valid
cpsc2018_mc,train,A6227,train
cpsc2018_mc,train,A3126,train
cpsc2018_mc,train,A2838,valid
cpsc2018_mc,train,A3742,train
cpsc2018_mc,train,A1341,train
cpsc2018_mc,train,A2019,train
cpsc2018_mc,train,A2657,train
cpsc2018_mc,train,A4178,train
cpsc2018_mc,train,A0018,valid
cpsc2018_mc,train,A6218,valid
cpsc2018_mc,train,A4092,train
cpsc2018_mc,train,A6734,train
cpsc2018_mc,train,A4874,train
cpsc2018_mc,train,A6361,train
cpsc2018_mc,train,A5310,train
cpsc2018_mc,train,A1833,train
cpsc2018_mc,train,A1497,test
cpsc2018_mc,train,A1523,valid
cpsc2018_mc,train,A6189,train
cpsc2018_mc,train,A5778,train
cpsc2018_mc,train,A3395,train
cpsc2018_mc,train,A0811,train
cpsc2018_mc,train,A5133,train
cpsc2018_mc,train,A5777,train
cpsc2018_mc,train,A4905,valid
cpsc2018_mc,train,A5712,train
cpsc2018_mc,train,A3836,train
cpsc2018_mc,train,A5698,train
cpsc2018_mc,train,A6297,train
cpsc2018_mc,train,A2206,train
cpsc2018_mc,train,A5685,train
cpsc2018_mc,train,A0843,train
cpsc2018_mc,train,A1353,train
cpsc2018_mc,train,A5160,train
cpsc2018_mc,train,A2365,test
cpsc2018_mc,train,A3980,train
cpsc2018_mc,train,A0741,train
cpsc2018_mc,train,A0643,train
cpsc2018_mc,train,A2704,train
cpsc2018_mc,train,A4275,train
cpsc2018_mc,train,A4780,train
cpsc2018_mc,train,A0989,train
cpsc2018_mc,train,A3155,train
cpsc2018_mc,train,A0010,train
cpsc2018_mc,train,A4301,train
cpsc2018_mc,train,A3823,train
cpsc2018_mc,train,A4204,train
cpsc2018_mc,train,A4742,train
cpsc2018_mc,train,A1654,train
cpsc2018_mc,train,A5850,train
cpsc2018_mc,train,A0601,train
cpsc2018_mc,train,A0818,train
cpsc2018_mc,train,A2637,train
cpsc2018_mc,train,A0759,test
cpsc2018_mc,train,A5600,train
cpsc2018_mc,train,A2859,train
cpsc2018_mc,train,A0468,train
cpsc2018_mc,train,A2783,train
cpsc2018_mc,train,A0039,train
cpsc2018_mc,train,A2745,train
cpsc2018_mc,train,A0053,train
cpsc2018_mc,train,A5259,train
cpsc2018_mc,train,A1674,train
cpsc2018_mc,train,A5834,train
cpsc2018_mc,train,A6221,valid
cpsc2018_mc,train,A1318,train
cpsc2018_mc,train,A5425,train
cpsc2018_mc,train,A6496,train
cpsc2018_mc,train,A6557,train
cpsc2018_mc,train,A1749,valid
cpsc2018_mc,train,A4843,train
cpsc2018_mc,train,A0072,train
cpsc2018_mc,train,A2178,test
cpsc2018_mc,train,A2432,train
cpsc2018_mc,train,A3207,valid
cpsc2018_mc,train,A4294,train
cpsc2018_mc,train,A3626,train
cpsc2018_mc,train,A0256,test
cpsc2018_mc,train,A4817,train
cpsc2018_mc,train,A1304,train
cpsc2018_mc,train,A1500,train
cpsc2018_mc,train,A3158,train
cpsc2018_mc,train,A0203,train
cpsc2018_mc,train,A4318,test
cpsc2018_mc,train,A4460,train
cpsc2018_mc,train,A1356,train
cpsc2018_mc,train,A3681,train
cpsc2018_mc,train,A2658,train
cpsc2018_mc,train,A5854,train
cpsc2018_mc,train,A1305,train
cpsc2018_mc,train,A1077,train
cpsc2018_mc,train,A2944,train
cpsc2018_mc,train,A3651,train
cpsc2018_mc,train,A4968,train
cpsc2018_mc,train,A5889,train
cpsc2018_mc,train,A5988,train
cpsc2018_mc,train,A3733,train
cpsc2018_mc,train,A6014,train
cpsc2018_mc,train,A3352,train
cpsc2018_mc,train,A1409,valid
cpsc2018_mc,train,A6145,train
cpsc2018_mc,train,A5175,valid
cpsc2018_mc,train,A1212,train
cpsc2018_mc,train,A6673,train
cpsc2018_mc,train,A6585,train
cpsc2018_mc,train,A1151,train
cpsc2018_mc,train,A5057,train
cpsc2018_mc,train,A2161,train
cpsc2018_mc,train,A0518,train
cpsc2018_mc,train,A6588,train
cpsc2018_mc,train,A2493,train
cpsc2018_mc,train,A4352,train
cpsc2018_mc,train,A3656,train
cpsc2018_mc,train,A1224,valid
cpsc2018_mc,train,A0328,train
cpsc2018_mc,train,A0335,train
cpsc2018_mc,train,A3878,train
cpsc2018_mc,train,A3546,train
cpsc2018_mc,train,A2184,train
cpsc2018_mc,train,A3814,train
cpsc2018_mc,train,A2463,train
cpsc2018_mc,train,A0718,unlisted
cpsc2018_mc,train,A4611,train
cpsc2018_mc,train,A3589,train
cpsc2018_mc,train,A5338,train
cpsc2018_mc,train,A4929,train
cpsc2018_mc,train,A0270,train
cpsc2018_mc,train,A0864,train
cpsc2018_mc,train,A4162,train
cpsc2018_mc,train,A1844,train
cpsc2018_mc,train,A4594,test
cpsc2018_mc,train,A6559,train
cpsc2018_mc,train,A0287,train
cpsc2018_mc,train,A2837,train
cpsc2018_mc,train,A3379,train
cpsc2018_mc,train,A6671,valid
cpsc2018_mc,train,A1802,train
cpsc2018_mc,train,A6785,train
cpsc2018_mc,train,A3564,train
cpsc2018_mc,train,A3632,valid
cpsc2018_mc,train,A5483,train
cpsc2018_mc,train,A6296,train
cpsc2018_mc,train,A6548,valid
cpsc2018_mc,train,A3311,train
cpsc2018_mc,train,A5241,test
cpsc2018_mc,train,A1464,test
cpsc2018_mc,train,A1936,train
cpsc2018_mc,train,A4344,valid
cpsc2018_mc,train,A0365,train
cpsc2018_mc,train,A2446,train
cpsc2018_mc,train,A6530,train
cpsc2018_mc,train,A3098,test
cpsc2018_mc,train,A6489,train
cpsc2018_mc,train,A4994,train
cpsc2018_mc,train,A4263,train
cpsc2018_mc,train,A4163,train
cpsc2018_mc,train,A4459,valid
cpsc2018_mc,train,A0642,train
cpsc2018_mc,train,A5475,train
cpsc2018_mc,train,A2096,train
cpsc2018_mc,train,A4159,train
cpsc2018_mc,train,A0277,train
cpsc2018_mc,train,A1066,train
cpsc2018_mc,train,A3532,test
cpsc2018_mc,train,A6011,test
cpsc2018_mc,train,A3907,train
cpsc2018_mc,train,A5857,train
cpsc2018_mc,train,A5369,train
cpsc2018_mc,train,A6046,train
cpsc2018_mc,train,A2515,train
cpsc2018_mc,train,A1894,train
cpsc2018_mc,train,A6160,valid
cpsc2018_mc,train,A2670,train
cpsc2018_mc,train,A4391,train
cpsc2018_mc,train,A3874,train
cpsc2018_mc,train,A2732,valid
cpsc2018_mc,train,A4638,train
cpsc2018_mc,train,A6432,train
cpsc2018_mc,train,A6122,test
cpsc2018_mc,train,A2756,test
cpsc2018_mc,train,A6080,train
cpsc2018_mc,train,A0656,train
cpsc2018_mc,train,A2317,valid
cpsc2018_mc,train,A0347,train
cpsc2018_mc,train,A1480,test
cpsc2018_mc,train,A3672,train
cpsc2018_mc,train,A1555,test
cpsc2018_mc,train,A3450,train
cpsc2018_mc,train,A2437,train
cpsc2018_mc,train,A6556,test
cpsc2018_mc,train,A0173,train
cpsc2018_mc,train,A4328,train
cpsc2018_mc,train,A1777,test
cpsc2018_mc,train,A0321,valid
cpsc2018_mc,train,A0496,train
cpsc2018_mc,train,A2624,train
cpsc2018_mc,train,A1217,train
cpsc2018_mc,train,A5714,train
cpsc2018_mc,train,A0890,test
cpsc2018_mc,train,A2507,valid
cpsc2018_mc,train,A2903,train
cpsc2018_mc,train,A6179,train
cpsc2018_mc,train,A5448,train
cpsc2018_mc,train,A4554,train
cpsc2018_mc,train,A0892,test
cpsc2018_mc,train,A4226,train
cpsc2018_mc,train,A3533,test
cpsc2018_mc,train,A0918,train
cpsc2018_mc,train,A6854,train
cpsc2018_mc,train,A1193,valid
cpsc2018_mc,train,A5285,train
cpsc2018_mc,train,A4370,train
cpsc2018_mc,train,A2450,train
cpsc2018_mc,train,A3593,train
cpsc2018_mc,train,A5193,train
cpsc2018_mc,train,A6379,train
cpsc2018_mc,train,A4325,train
cpsc2018_mc,train,A1375,train
cpsc2018_mc,train,A2887,train
cpsc2018_mc,train,A1330,train
cpsc2018_mc,train,A6657,train
cpsc2018_mc,train,A6799,test
cpsc2018_mc,train,A2769,train
cpsc2018_mc,train,A4043,test
cpsc2018_mc,train,A1145,train
cpsc2018_mc,train,A3909,train
cpsc2018_mc,train,A5826,train
cpsc2018_mc,train,A4987,train
cpsc2018_mc,train,A1560,test
cpsc2018_mc,train,A2071,train
cpsc2018_mc,train,A3574,train
cpsc2018_mc,train,A0384,train
cpsc2018_mc,train,A5658,train
cpsc2018_mc,train,A4174,train
cpsc2018_mc,train,A4390,train
cpsc2018_mc,train,A0418,train
cpsc2018_mc,train,A1344,train
cpsc2018_mc,train,A2327,train
cpsc2018_mc,train,A4347,train
cpsc2018_mc,train,A0464,train
cpsc2018_mc,train,A4645,train
cpsc2018_mc,train,A3605,train
cpsc2018_mc,train,A0222,train
cpsc2018_mc,train,A0976,train
cpsc2018_mc,train,A3184,train
cpsc2018_mc,train,A5314,train
cpsc2018_mc,train,A5348,train
cpsc2018_mc,train,A6685,train
cpsc2018_mc,train,A5519,train
cpsc2018_mc,train,A0142,train
cpsc2018_mc,train,A0117,valid
cpsc2018_mc,train,A3987,train
cpsc2018_mc,train,A5491,train
cpsc2018_mc,train,A0551,test
cpsc2018_mc,train,A2705,train
cpsc2018_mc,train,A3042,train
cpsc2018_mc,train,A5862,train
cpsc2018_mc,train,A0531,valid
cpsc2018_mc,train,A1472,train
cpsc2018_mc,train,A4284,train
cpsc2018_mc,train,A3410,train
cpsc2018_mc,train,A3507,train
cpsc2018_mc,train,A5727,train
cpsc2018_mc,train,A0155,train
cpsc2018_mc,train,A4107,train
cpsc2018_mc,train,A5388,test
cpsc2018_mc,train,A5413,train
cpsc2018_mc,train,A2997,train
cpsc2018_mc,train,A4576,test
cpsc2018_mc,train,A6632,train
cpsc2018_mc,train,A3088,train
cpsc2018_mc,train,A1820,train
cpsc2018_mc,train,A1155,train
cpsc2018_mc,train,A6642,test
cpsc2018_mc,train,A6001,train
cpsc2018_mc,train,A1522,train
cpsc2018_mc,train,A4981,train
cpsc2018_mc,train,A2636,train
cpsc2018_mc,train,A5741,train
cpsc2018_mc,train,A0889,train
cpsc2018_mc,train,A3326,train
cpsc2018_mc,train,A2479,train
cpsc2018_mc,train,A4156,train
cpsc2018_mc,train,A0973,test
cpsc2018_mc,train,A1035,train
cpsc2018_mc,train,A2795,train
cpsc2018_mc,train,A5508,train
cpsc2018_mc,train,A5171,train
cpsc2018_mc,train,A3805,train
cpsc2018_mc,train,A2933,train
cpsc2018_mc,train,A4388,train
cpsc2018_mc,train,A0880,train
cpsc2018_mc,train,A0390,train
cpsc2018_mc,train,A2452,test
cpsc2018_mc,train,A4063,train
cpsc2018_mc,train,A3746,train
cpsc2018_mc,train,A2615,test
cpsc2018_mc,train,A0168,train
cpsc2018_mc,train,A0417,train
cpsc2018_mc,train,A2348,train
cpsc2018_mc,train,A1270,train
cpsc2018_mc,train,A1875,train
cpsc2018_mc,train,A3998,train
cpsc2018_mc,train,A0139,train
cpsc2018_mc,train,A1549,train
cpsc2018_mc,train,A5543,valid
cpsc2018_mc,train,A0670,test
cpsc2018_mc,train,A6475,train
cpsc2018_mc,train,A5514,train
cpsc2018_mc,train,A6480,train
cpsc2018_mc,train,A1397,valid
cpsc2018_mc,train,A0458,valid
cpsc2018_mc,train,A4566,train
cpsc2018_mc,train,A5861,train
cpsc2018_mc,train,A2718,train
cpsc2018_mc,train,A1778,train
cpsc2018_mc,train,A6687,train
cpsc2018_mc,train,A3057,valid
cpsc2018_mc,train,A6838,train
cpsc2018_mc,train,A0608,train
cpsc2018_mc,train,A2093,train
cpsc2018_mc,train,A6692,test
cpsc2018_mc,train,A4686,valid
cpsc2018_mc,train,A1719,train
cpsc2018_mc,train,A4118,train
cpsc2018_mc,train,A0278,valid
cpsc2018_mc,train,A6449,test
cpsc2018_mc,train,A1404,train
cpsc2018_mc,train,A6627,train
cpsc2018_mc,train,A6279,train
cpsc2018_mc,train,A0490,train
cpsc2018_mc,train,A6658,valid
cpsc2018_mc,train,A5374,train
cpsc2018_mc,train,A2489,train
cpsc2018_mc,train,A5075,test
cpsc2018_mc,train,A2726,train
cpsc2018_mc,train,A6541,train
cpsc2018_mc,train,A1556,valid
cpsc2018_mc,train,A3627,train
cpsc2018_mc,train,A4114,test
cpsc2018_mc,train,A3691,train
cpsc2018_mc,train,A6062,train
cpsc2018_mc,train,A0453,train
cpsc2018_mc,train,A3662,train
cpsc2018_mc,train,A0717,train
cpsc2018_mc,train,A1441,valid
cpsc2018_mc,train,A1570,train
cpsc2018_mc,train,A5059,train
cpsc2018_mc,train,A5867,train
cpsc2018_mc,train,A2308,train
cpsc2018_mc,train,A0647,train
cpsc2018_mc,train,A4895,train
cpsc2018_mc,train,A6872,train
cpsc2018_mc,train,A2663,train
cpsc2018_mc,train,A3936,train
cpsc2018_mc,train,A3348,test
cpsc2018_mc,train,A3332,train
cpsc2018_mc,train,A0771,train
cpsc2018_mc,train,A2648,train
cpsc2018_mc,train,A4945,train
cpsc2018_mc,train,A6073,train
cpsc2018_mc,train,A2360,train
cpsc2018_mc,train,A1773,train
cpsc2018_mc,train,A1672,train
cpsc2018_mc,train,A1466,train
cpsc2018_mc,train,A6043,train
cpsc2018_mc,train,A0126,train
cpsc2018_mc,train,A6294,train
cpsc2018_mc,train,A2733,valid
cpsc2018_mc,train,A5467,train
cpsc2018_mc,train,A3665,train
cpsc2018_mc,train,A4506,train
cpsc2018_mc,train,A2065,train
cpsc2018_mc,train,A4066,train
cpsc2018_mc,train,A1659,train
cpsc2018_mc,train,A2481,train
cpsc2018_mc,train,A3259,train
cpsc2018_mc,train,A3081,train
cpsc2018_mc,train,A4045,test
cpsc2018_mc,train,A3770,train
cpsc2018_mc,train,A6064,train
cpsc2018_mc,train,A4437,train
cpsc2018_mc,train,A6819,train
cpsc2018_mc,train,A0122,test
cpsc2018_mc,train,A0035,train
cpsc2018_mc,train,A2889,train
cpsc2018_mc,train,A3083,train
cpsc2018_mc,train,A0829,valid
cpsc2018_mc,train,A0641,train
cpsc2018_mc,train,A5917,valid
cpsc2018_mc,train,A4517,train
cpsc2018_mc,train,A5636,valid
cpsc2018_mc,train,A5713,train
cpsc2018_mc,train,A5349,train
cpsc2018_mc,train,A6535,test
cpsc2018_mc,train,A2949,train
cpsc2018_mc,train,A2521,valid
cpsc2018_mc,train,A6625,train
cpsc2018_mc,train,A6732,train
cpsc2018_mc,train,A4814,train
cpsc2018_mc,train,A6357,train
cpsc2018_mc,train,A1842,train
cpsc2018_mc,train,A1324,train
cpsc2018_mc,train,A5943,train
cpsc2018_mc,train,A3704,train
cpsc2018_mc,train,A6181,train
cpsc2018_mc,train,A1368,train
cpsc2018_mc,train,A1489,train
cpsc2018_mc,train,A0102,train
cpsc2018_mc,train,A1358,train
cpsc2018_mc,train,A6039,train
cpsc2018_mc,train,A0685,train
cpsc2018_mc,train,A0078,test
cpsc2018_mc,train,A0985,train
cpsc2018_mc,train,A6288,test
cpsc2018_mc,train,A5213,valid
cpsc2018_mc,train,A4339,train
cpsc2018_mc,train,A4523,train
cpsc2018_mc,train,A2741,train
cpsc2018_mc,train,A1051,train
cpsc2018_mc,train,A0971,test
cpsc2018_mc,train,A5263,train
cpsc2018_mc,train,A0324,train
cpsc2018_mc,train,A4522,train
cpsc2018_mc,train,A0488,train
cpsc2018_mc,train,A6228,test
cpsc2018_mc,train,A3989,train
cpsc2018_mc,train,A3898,train
cpsc2018_mc,train,A4468,train
cpsc2018_mc,train,A3663,test
cpsc2018_mc,train,A4794,train
cpsc2018_mc,train,A0404,train
cpsc2018_mc,train,A3342,train
cpsc2018_mc,train,A2115,train
cpsc2018_mc,train,A1347,train
cpsc2018_mc,train,A6302,train
cpsc2018_mc,train,A6723,test
cpsc2018_mc,train,A5202,valid
cpsc2018_mc,train,A6874,train
cpsc2018_mc,train,A2594,train
cpsc2018_mc,train,A4103,train
cpsc2018_mc,train,A2555,train
cpsc2018_mc,train,A2410,train
cpsc2018_mc,train,A6733,valid
cpsc2018_mc,train,A0175,train
cpsc2018_mc,train,A1146,train
cpsc2018_mc,train,A1013,train
cpsc2018_mc,train,A5634,test
cpsc2018_mc,train,A6006,train
cpsc2018_mc,train,A2947,train
cpsc2018_mc,train,A4420,valid
cpsc2018_mc,train,A2951,train
cpsc2018_mc,train,A2285,train
cpsc2018_mc,train,A2693,train
cpsc2018_mc,train,A0824,train
cpsc2018_mc,train,A1645,train
cpsc2018_mc,train,A2349,test
cpsc2018_mc,train,A2638,train
cpsc2018_mc,train,A5176,train
cpsc2018_mc,train,A2980,train
cpsc2018_mc,train,A5700,train
cpsc2018_mc,train,A6665,train
cpsc2018_mc,train,A4964,train
cpsc2018_mc,train,A2311,train
cpsc2018_mc,train,A0516,valid
cpsc2018_mc,train,A5182,train
cpsc2018_mc,train,A5336,test
cpsc2018_mc,train,A1781,train
cpsc2018_mc,train,A4458,train
cpsc2018_mc,train,A6498,train
cpsc2018_mc,train,A3272,train
cpsc2018_mc,train,A0992,train
cpsc2018_mc,train,A4139,train
cpsc2018_mc,train,A0281,train
cpsc2018_mc,train,A3747,valid
cpsc2018_mc,train,A2537,train
cpsc2018_mc,train,A1252,train
cpsc2018_mc,train,A2880,train
cpsc2018_mc,train,A1354,train
cpsc2018_mc,train,A0066,train
cpsc2018_mc,train,A6244,train
cpsc2018_mc,train,A0323,test
cpsc2018_mc,train,A1268,train
cpsc2018_mc,train,A6521,train
cpsc2018_mc,train,A1496,train
cpsc2018_mc,train,A1300,train
cpsc2018_mc,train,A6138,train
cpsc2018_mc,train,A5017,train
cpsc2018_mc,train,A4677,train
cpsc2018_mc,train,A1377,train
cpsc2018_mc,train,A2665,train
cpsc2018_mc,train,A1206,train
cpsc2018_mc,train,A3554,train
cpsc2018_mc,train,A1302,train
cpsc2018_mc,train,A3703,train
cpsc2018_mc,train,A3193,valid
cpsc2018_mc,train,A3991,test
cpsc2018_mc,train,A1465,train
cpsc2018_mc,train,A6464,train
cpsc2018_mc,train,A1728,train
cpsc2018_mc,train,A6012,valid
cpsc2018_mc,train,A4033,train
cpsc2018_mc,train,A0672,train
cpsc2018_mc,train,A4036,train
cpsc2018_mc,train,A2525,train
cpsc2018_mc,train,A6249,train
cpsc2018_mc,train,A3531,train
cpsc2018_mc,train,A6198,train
cpsc2018_mc,train,A0553,train
cpsc2018_mc,train,A1986,test
cpsc2018_mc,train,A0302,train
cpsc2018_mc,train,A3751,train
cpsc2018_mc,train,A5394,train
cpsc2018_mc,train,A4935,train
cpsc2018_mc,train,A2419,train
cpsc2018_mc,train,A5746,train
cpsc2018_mc,train,A0121,train
cpsc2018_mc,train,A4685,train
cpsc2018_mc,train,A4752,valid
cpsc2018_mc,train,A1056,train
cpsc2018_mc,train,A6703,train
cpsc2018_mc,train,A4238,train
cpsc2018_mc,train,A2163,train
cpsc2018_mc,train,A1990,train
cpsc2018_mc,train,A5909,train
cpsc2018_mc,train,A3849,train
cpsc2018_mc,train,A1137,train
cpsc2018_mc,train,A2244,valid
cpsc2018_mc,train,A4229,train
cpsc2018_mc,train,A0456,train
cpsc2018_mc,train,A1606,train
cpsc2018_mc,train,A3820,train
cpsc2018_mc,train,A3756,train
cpsc2018_mc,train,A0619,train
cpsc2018_mc,train,A0523,train
cpsc2018_mc,train,A5077,train
cpsc2018_mc,train,A1335,train
cpsc2018_mc,train,A5203,train
cpsc2018_mc,train,A0166,train
cpsc2018_mc,train,A1603,valid
cpsc2018_mc,train,A3928,train
cpsc2018_mc,train,A5761,train
cpsc2018_mc,train,A4883,train
cpsc2018_mc,train,A0663,train
cpsc2018_mc,train,A1325,valid
cpsc2018_mc,train,A4602,train
cpsc2018_mc,train,A2945,test
cpsc2018_mc,train,A1507,test
cpsc2018_mc,train,A0543,train
cpsc2018_mc,train,A3809,test
cpsc2018_mc,train,A2162,train
cpsc2018_mc,train,A4046,train
cpsc2018_mc,train,A2856,train
cpsc2018_mc,train,A0795,train
cpsc2018_mc,train,A1432,test
cpsc2018_mc,train,A1138,train
cpsc2018_mc,train,A3690,train
cpsc2018_mc,train,A5619,train
cpsc2018_mc,train,A4769,valid
cpsc2018_mc,train,A4848,train
cpsc2018_mc,train,A6278,train
cpsc2018_mc,train,A5126,test
cpsc2018_mc,train,A5538,train
cpsc2018_mc,train,A6469,train
cpsc2018_mc,train,A6148,train
cpsc2018_mc,train,A5839,train
cpsc2018_mc,train,A5163,train
cpsc2018_mc,train,A5938,train
cpsc2018_mc,train,A0368,test
cpsc2018_mc,train,A6027,train
cpsc2018_mc,train,A5731,valid
cpsc2018_mc,train,A3041,test
cpsc2018_mc,train,A5518,train
cpsc2018_mc,train,A5912,train
cpsc2018_mc,train,A2759,train
cpsc2018_mc,train,A1791,train
cpsc2018_mc,train,A4734,test
cpsc2018_mc,train,A3127,train
cpsc2018_mc,train,A0798,train
cpsc2018_mc,train,A0844,test
cpsc2018_mc,train,A0317,train
cpsc2018_mc,train,A3276,test
cpsc2018_mc,train,A0339,train
cpsc2018_mc,train,A3426,train
cpsc2018_mc,train,A6152,train
cpsc2018_mc,train,A2140,test
cpsc2018_mc,train,A5594,train
cpsc2018_mc,train,A6230,train
cpsc2018_mc,train,A3483,train
cpsc2018_mc,train,A1800,train
cpsc2018_mc,train,A4813,valid
cpsc2018_mc,train,A5829,train
cpsc2018_mc,train,A1940,train
cpsc2018_mc,train,A0080,train
cpsc2018_mc,train,A2057,train
cpsc2018_mc,train,A0783,valid
cpsc2018_mc,train,A4442,train
cpsc2018_mc,train,A1133,train
cpsc2018_mc,train,A2047,train
cpsc2018_mc,train,A3447,train
cpsc2018_mc,train,A5878,valid
cpsc2018_mc,train,A0812,train
cpsc2018_mc,train,A4930,train
cpsc2018_mc,train,A1838,train
cpsc2018_mc,train,A2935,train
cpsc2018_mc,train,A2380,train
cpsc2018_mc,train,A6384,train
cpsc2018_mc,train,A2781,train
cpsc2018_mc,train,A3051,train
cpsc2018_mc,train,A2241,train
cpsc2018_mc,train,A5992,train
cpsc2018_mc,train,A1215,train
cpsc2018_mc,train,A4762,train
cpsc2018_mc,train,A5332,train
cpsc2018_mc,train,A3529,train
cpsc2018_mc,train,A6428,train
cpsc2018_mc,train,A4589,train
cpsc2018_mc,train,A1088,train
cpsc2018_mc,train,A4865,train
cpsc2018_mc,train,A3810,valid
cpsc2018_mc,train,A6359,train
cpsc2018_mc,train,A4214,test
cpsc2018_mc,train,A6863,train
cpsc2018_mc,train,A6056,train
cpsc2018_mc,train,A0376,valid
cpsc2018_mc,train,A3391,train
cpsc2018_mc,train,A1009,train
cpsc2018_mc,train,A2085,train
cpsc2018_mc,train,A0056,train
cpsc2018_mc,train,A2846,train
cpsc2018_mc,train,A5961,train
cpsc2018_mc,train,A0486,valid
cpsc2018_mc,train,A2264,train
cpsc2018_mc,train,A5553,train
cpsc2018_mc,train,A6610,train
cpsc2018_mc,train,A5732,train
cpsc2018_mc,train,A6601,train
cpsc2018_mc,train,A4847,train
cpsc2018_mc,train,A3617,train
cpsc2018_mc,train,A2743,train
cpsc2018_mc,train,A2293,test
cpsc2018_mc,train,A1917,train
cpsc2018_mc,train,A6312,train
cpsc2018_mc,train,A1171,train
cpsc2018_mc,train,A0934,train
cpsc2018_mc,train,A6600,test
cpsc2018_mc,train,A3988,train
cpsc2018_mc,train,A1431,train
cpsc2018_mc,train,A4467,test
cpsc2018_mc,train,A6203,train
cpsc2018_mc,train,A6427,valid
cpsc2018_mc,train,A4894,train
cpsc2018_mc,train,A3093,train
cpsc2018_mc,train,A1235,test
cpsc2018_mc,train,A1519,train
cpsc2018_mc,train,A0856,valid
cpsc2018_mc,train,A6505,test
cpsc2018_mc,train,A0209,valid
cpsc2018_mc,train,A5452,train
cpsc2018_mc,train,A4693,train
cpsc2018_mc,train,A1576,train
cpsc2018_mc,train,A6455,train
cpsc2018_mc,train,A0809,train
cpsc2018_mc,train,A3761,train
cpsc2018_mc,train,A3178,train
cpsc2018_mc,train,A1298,train
cpsc2018_mc,train,A1638,train
cpsc2018_mc,train,A4528,train
cpsc2018_mc,train,A2449,train
cpsc2018_mc,train,A4314,train
cpsc2018_mc,train,A0530,train
cpsc2018_mc,train,A3813,train
cpsc2018_mc,train,A0495,test
cpsc2018_mc,train,A3354,valid
cpsc2018_mc,train,A1906,valid
cpsc2018_mc,train,A3357,train
cpsc2018_mc,train,A5266,valid
cpsc2018_mc,train,A0036,train
cpsc2018_mc,train,A0870,train
cpsc2018_mc,train,A1701,valid
cpsc2018_mc,train,A1698,train
cpsc2018_mc,train,A5789,test
cpsc2018_mc,train,A4421,train
cpsc2018_mc,train,A1232,train
cpsc2018_mc,train,A0115,valid
cpsc2018_mc,train,A4680,unlisted
cpsc2018_mc,train,A2841,valid
cpsc2018_mc,train,A3785,train
cpsc2018_mc,train,A6159,test
cpsc2018_mc,train,A4191,test
cpsc2018_mc,train,A4662,train
cpsc2018_mc,train,A4492,train
cpsc2018_mc,train,A5308,train
cpsc2018_mc,train,A0951,valid
cpsc2018_mc,train,A4936,train
cpsc2018_mc,train,A0999,train
cpsc2018_mc,train,A3145,test
cpsc2018_mc,train,A0125,train
cpsc2018_mc,train,A5678,train
cpsc2018_mc,train,A1763,train
cpsc2018_mc,train,A5773,train
cpsc2018_mc,train,A1631,train
cpsc2018_mc,train,A3319,test
cpsc2018_mc,train,A3678,train
cpsc2018_mc,train,A3262,train
cpsc2018_mc,train,A4222,train
cpsc2018_mc,train,A6719,train
cpsc2018_mc,train,A1027,test
cpsc2018_mc,train,A3547,train
cpsc2018_mc,train,A3431,train
cpsc2018_mc,train,A2986,train
cpsc2018_mc,train,A5977,train
cpsc2018_mc,train,A1569,train
cpsc2018_mc,train,A2472,valid
cpsc2018_mc,train,A6463,train
cpsc2018_mc,train,A4702,train
cpsc2018_mc,train,A1214,train
cpsc2018_mc,train,A1244,train
cpsc2018_mc,train,A6578,train
cpsc2018_mc,train,A4687,train
cpsc2018_mc,train,A4893,train
cpsc2018_mc,train,A0891,valid
cpsc2018_mc,train,A2451,train
cpsc2018_mc,train,A2916,train
cpsc2018_mc,train,A6655,train
cpsc2018_mc,train,A5624,train
cpsc2018_mc,train,A6775,valid
cpsc2018_mc,train,A4811,train
cpsc2018_mc,train,A1859,train
cpsc2018_mc,train,A5264,train
cpsc2018_mc,train,A6479,train
cpsc2018_mc,train,A2765,train
cpsc2018_mc,train,A6762,valid
cpsc2018_mc,train,A1935,train
cpsc2018_mc,train,A2737,train
cpsc2018_mc,train,A6459,test
cpsc2018_mc,train,A2114,train
cpsc2018_mc,train,A2063,train
cpsc2018_mc,train,A5932,train
cpsc2018_mc,train,A5094,test
cpsc2018_mc,train,A4120,train
cpsc2018_mc,train,A4902,train
cpsc2018_mc,train,A6346,train
cpsc2018_mc,train,A4024,train
cpsc2018_mc,train,A5493,train
cpsc2018_mc,train,A1336,train
cpsc2018_mc,train,A6744,train
cpsc2018_mc,train,A3419,train
cpsc2018_mc,train,A4430,train
cpsc2018_mc,train,A2105,train
cpsc2018_mc,train,A1837,valid
cpsc2018_mc,train,A5275,train
cpsc2018_mc,train,A6837,unlisted
cpsc2018_mc,train,A0567,train
cpsc2018_mc,train,A0912,train
cpsc2018_mc,train,A6537,train
cpsc2018_mc,train,A4427,train
cpsc2018_mc,train,A0481,train
cpsc2018_mc,train,A0688,valid
cpsc2018_mc,train,A2170,train
cpsc2018_mc,train,A3347,train
cpsc2018_mc,train,A1024,train
cpsc2018_mc,train,A6347,valid
cpsc2018_mc,train,A0326,train
cpsc2018_mc,train,A1167,train
cpsc2018_mc,train,A3429,train
cpsc2018_mc,train,A3544,train
cpsc2018_mc,train,A1303,train
cpsc2018_mc,train,A3893,train
cpsc2018_mc,train,A2621,train
cpsc2018_mc,train,A4047,train
cpsc2018_mc,train,A1048,train
cpsc2018_mc,train,A5469,train
cpsc2018_mc,train,A2763,train
cpsc2018_mc,train,A0015,train
cpsc2018_mc,train,A1240,train
cpsc2018_mc,train,A6017,valid
cpsc2018_mc,train,A3077,train
cpsc2018_mc,train,A6162,train
cpsc2018_mc,train,A0705,valid
cpsc2018_mc,train,A1721,train
cpsc2018_mc,train,A2533,train
cpsc2018_mc,train,A1925,train
cpsc2018_mc,train,A3215,train
cpsc2018_mc,train,A1462,train
cpsc2018_mc,train,A5352,train
cpsc2018_mc,train,A3999,train
cpsc2018_mc,train,A6287,test
cpsc2018_mc,train,A5387,train
cpsc2018_mc,train,A4184,train
cpsc2018_mc,train,A4087,train
cpsc2018_mc,train,A4644,train
cpsc2018_mc,train,A4380,train
cpsc2018_mc,train,A3182,train
cpsc2018_mc,train,A0716,train
cpsc2018_mc,train,A0471,test
cpsc2018_mc,train,A2025,train
cpsc2018_mc,train,A2079,train
cpsc2018_mc,train,A4027,test
cpsc2018_mc,train,A6753,train
cpsc2018_mc,train,A1841,train
cpsc2018_mc,train,A2386,train
cpsc2018_mc,train,A5525,train
cpsc2018_mc,train,A0924,train
cpsc2018_mc,train,A1207,train
cpsc2018_mc,train,A3791,test
cpsc2018_mc,train,A4998,train
cpsc2018_mc,train,A1740,train
cpsc2018_mc,train,A2958,train
cpsc2018_mc,train,A4754,train
cpsc2018_mc,train,A0945,train
cpsc2018_mc,train,A2775,train
cpsc2018_mc,train,A1600,train
cpsc2018_mc,train,A3306,train
cpsc2018_mc,train,A5253,train
cpsc2018_mc,train,A3584,train
cpsc2018_mc,train,A6626,train
cpsc2018_mc,train,A2112,train
cpsc2018_mc,train,A2400,train
cpsc2018_mc,train,A0761,train
cpsc2018_mc,train,A3175,test
cpsc2018_mc,train,A3530,train
cpsc2018_mc,train,A0214,train
cpsc2018_mc,train,A0318,train
cpsc2018_mc,train,A6649,train
cpsc2018_mc,train,A2371,test
cpsc2018_mc,train,A0193,train
cpsc2018_mc,train,A3287,train
cpsc2018_mc,train,A3383,train
cpsc2018_mc,train,A4402,train
cpsc2018_mc,train,A1483,train
cpsc2018_mc,train,A3638,valid
cpsc2018_mc,train,A2817,train
cpsc2018_mc,train,A3064,train
cpsc2018_mc,train,A2548,valid
cpsc2018_mc,train,A2962,valid
cpsc2018_mc,train,A3577,train
cpsc2018_mc,train,A0236,train
cpsc2018_mc,train,A4798,valid
cpsc2018_mc,train,A3448,train
cpsc2018_mc,train,A5941,train
cpsc2018_mc,train,A3875,train
cpsc2018_mc,train,A0082,train
cpsc2018_mc,train,A2395,test
cpsc2018_mc,train,A6293,test
cpsc2018_mc,train,A3496,train
cpsc2018_mc,train,A4772,train
cpsc2018_mc,train,A3140,test
cpsc2018_mc,train,A4518,train
cpsc2018_mc,train,A1963,train
cpsc2018_mc,train,A3951,train
cpsc2018_mc,train,A6414,train
cpsc2018_mc,train,A3258,train
cpsc2018_mc,train,A1364,train
cpsc2018_mc,train,A4119,train
cpsc2018_mc,train,A2059,train
cpsc2018_mc,train,A5736,train
cpsc2018_mc,train,A3327,train
cpsc2018_mc,train,A6726,valid
cpsc2018_mc,train,A1527,train
cpsc2018_mc,train,A4272,train
cpsc2018_mc,train,A6051,train
cpsc2018_mc,train,A0131,train
cpsc2018_mc,train,A5830,train
cpsc2018_mc,train,A2571,train
cpsc2018_mc,train,A1589,train
cpsc2018_mc,train,A5022,train
cpsc2018_mc,train,A6257,train
cpsc2018_mc,train,A5765,train
cpsc2018_mc,train,A3543,train
cpsc2018_mc,train,A2275,train
cpsc2018_mc,train,A0555,train
cpsc2018_mc,train,A5237,train
cpsc2018_mc,train,A3445,train
cpsc2018_mc,train,A4740,train
cpsc2018_mc,train,A4967,valid
cpsc2018_mc,train,A2936,train
cpsc2018_mc,train,A6217,train
cpsc2018_mc,train,A4233,train
cpsc2018_mc,train,A0282,train
cpsc2018_mc,train,A6724,train
cpsc2018_mc,train,A0385,valid
cpsc2018_mc,train,A6648,train
cpsc2018_mc,train,A5498,valid
cpsc2018_mc,train,A4068,train
cpsc2018_mc,train,A0500,train
cpsc2018_mc,train,A3816,train
cpsc2018_mc,train,A0524,train
cpsc2018_mc,train,A1237,train
cpsc2018_mc,train,A0879,train
cpsc2018_mc,train,A4828,train
cpsc2018_mc,train,A0330,train
cpsc2018_mc,train,A3441,train
cpsc2018_mc,train,A0032,test
cpsc2018_mc,train,A6118,train
cpsc2018_mc,train,A6079,train
cpsc2018_mc,train,A4892,train
cpsc2018_mc,train,A6303,train
cpsc2018_mc,train,A2354,valid
cpsc2018_mc,train,A1424,valid
cpsc2018_mc,train,A1418,train
cpsc2018_mc,train,A0258,train
cpsc2018_mc,train,A5428,train
cpsc2018_mc,train,A5045,test
cpsc2018_mc,train,A5882,test
cpsc2018_mc,train,A4961,train
cpsc2018_mc,train,A4297,train
cpsc2018_mc,train,A5911,test
cpsc2018_mc,train,A5407,train
cpsc2018_mc,train,A2435,train
cpsc2018_mc,train,A2806,train
cpsc2018_mc,train,A3500,train
cpsc2018_mc,train,A6725,train
cpsc2018_mc,train,A4487,test
cpsc2018_mc,train,A0665,valid
cpsc2018_mc,train,A3795,train
cpsc2018_mc,train,A5235,train
cpsc2018_mc,train,A6873,train
cpsc2018_mc,train,A5866,valid
cpsc2018_mc,train,A3667,train
cpsc2018_mc,train,A5562,train
cpsc2018_mc,train,A6760,train
cpsc2018_mc,train,A4796,train
cpsc2018_mc,train,A3972,train
cpsc2018_mc,train,A0229,train
cpsc2018_mc,train,A0371,train
cpsc2018_mc,train,A4354,train
cpsc2018_mc,train,A0923,train
cpsc2018_mc,train,A4989,train
cpsc2018_mc,train,A2778,train
cpsc2018_mc,train,A0424,train
cpsc2018_mc,train,A1828,train
cpsc2018_mc,train,A5212,test
cpsc2018_mc,train,A3498,train
cpsc2018_mc,train,A5170,train
cpsc2018_mc,train,A1774,train
cpsc2018_mc,train,A3045,train
cpsc2018_mc,train,A6126,test
cpsc2018_mc,train,A4751,test
cpsc2018_mc,train,A4044,test
cpsc2018_mc,train,A3604,train
cpsc2018_mc,train,A3839,train
cpsc2018_mc,train,A2694,train
cpsc2018_mc,train,A3523,train
cpsc2018_mc,train,A3868,valid
cpsc2018_mc,train,A5470,train
cpsc2018_mc,train,A0743,train
cpsc2018_mc,train,A3903,train
cpsc2018_mc,train,A2024,train
cpsc2018_mc,train,A3949,test
cpsc2018_mc,train,A0070,test
cpsc2018_mc,train,A1950,train
cpsc2018_mc,train,A4345,train
cpsc2018_mc,train,A5968,train
cpsc2018_mc,train,A2374,train
cpsc2018_mc,train,A3067,train
cpsc2018_mc,train,A0871,train
cpsc2018_mc,train,A6713,train
cpsc2018_mc,train,A3835,train
cpsc2018_mc,train,A6229,train
cpsc2018_mc,train,A3729,test
cpsc2018_mc,train,A5510,train
cpsc2018_mc,train,A5544,train
cpsc2018_mc,train,A1506,train
cpsc2018_mc,train,A6836,train
cpsc2018_mc,train,A5033,train
cpsc2018_mc,train,A3122,train
cpsc2018_mc,train,A4640,valid
cpsc2018_mc,train,A3475,train
cpsc2018_mc,train,A0808,train
cpsc2018_mc,train,A2084,train
cpsc2018_mc,train,A4418,train
cpsc2018_mc,train,A5214,train
cpsc2018_mc,train,A1396,train
cpsc2018_mc,train,A5833,train
cpsc2018_mc,train,A2339,train
cpsc2018_mc,train,A4500,train
cpsc2018_mc,train,A1705,train
cpsc2018_mc,train,A0577,train
cpsc2018_mc,train,A5602,train
cpsc2018_mc,train,A3368,train
cpsc2018_mc,train,A2008,train
cpsc2018_mc,train,A1620,train
cpsc2018_mc,train,A4809,train
cpsc2018_mc,train,A2913,train
cpsc2018_mc,train,A2328,train
cpsc2018_mc,train,A5868,valid
cpsc2018_mc,train,A4438,train
cpsc2018_mc,train,A3000,train
cpsc2018_mc,train,A0885,train
cpsc2018_mc,train,A0946,train
cpsc2018_mc,train,A1762,train
cpsc2018_mc,train,A4071,train
cpsc2018_mc,train,A2915,train
cpsc2018_mc,train,A3304,train
cpsc2018_mc,train,A1573,train
cpsc2018_mc,train,A5366,test
cpsc2018_mc,train,A1617,train
cpsc2018_mc,train,A2015,train
cpsc2018_mc,train,A0247,train
cpsc2018_mc,train,A2109,train
cpsc2018_mc,train,A1425,train
cpsc2018_mc,train,A1238,train
cpsc2018_mc,train,A0639,train
cpsc2018_mc,train,A3776,train
cpsc2018_mc,train,A1726,train
cpsc2018_mc,train,A0051,train
cpsc2018_mc,train,A6770,valid
cpsc2018_mc,train,A2088,train
cpsc2018_mc,train,A4022,valid
cpsc2018_mc,train,A3144,train
cpsc2018_mc,train,A4672,test
cpsc2018_mc,train,A5463,train
cpsc2018_mc,train,A3649,train
cpsc2018_mc,train,A1604,train
cpsc2018_mc,train,A2701,test
cpsc2018_mc,train,A4381,train
cpsc2018_mc,train,A6019,train
cpsc2018_mc,train,A1357,train
cpsc2018_mc,train,A3353,train
cpsc2018_mc,train,A2316,train
cpsc2018_mc,train,A1189,train
cpsc2018_mc,train,A0792,train
cpsc2018_mc,train,A6526,train
cpsc2018_mc,train,A5568,test
cpsc2018_mc,train,A1663,train
cpsc2018_mc,train,A3209,train
cpsc2018_mc,train,A0735,train
cpsc2018_mc,train,A0382,train
cpsc2018_mc,train,A5644,train
cpsc2018_mc,train,A2549,valid
cpsc2018_mc,train,A5499,train
cpsc2018_mc,train,A6134,valid
cpsc2018_mc,train,A0993,train
cpsc2018_mc,train,A1394,train
cpsc2018_mc,train,A5026,valid
cpsc2018_mc,train,A0110,train
cpsc2018_mc,train,A2656,test
cpsc2018_mc,train,A3198,train
cpsc2018_mc,train,A2882,train
cpsc2018_mc,train,A0928,test
cpsc2018_mc,train,A1758,valid
cpsc2018_mc,train,A5044,train
cpsc2018_mc,train,A2304,train
cpsc2018_mc,train,A3246,train
cpsc2018_mc,train,A5704,train
cpsc2018_mc,train,A5696,train
cpsc2018_mc,train,A3452,train
cpsc2018_mc,train,A2060,train
cpsc2018_mc,train,A3316,valid
cpsc2018_mc,train,A6865,train
cpsc2018_mc,train,A0354,train
cpsc2018_mc,train,A4985,train
cpsc2018_mc,train,A4145,train
cpsc2018_mc,train,A3765,train
cpsc2018_mc,train,A0366,train
cpsc2018_mc,train,A3177,train
cpsc2018_mc,train,A0364,train
cpsc2018_mc,train,A0917,train
cpsc2018_mc,train,A3050,train
cpsc2018_mc,train,A5025,train
cpsc2018_mc,train,A2717,train
cpsc2018_mc,train,A5801,train
cpsc2018_mc,train,A2609,train
cpsc2018_mc,train,A0806,valid
cpsc2018_mc,train,A3095,test
cpsc2018_mc,train,A0322,train
cpsc2018_mc,train,A0210,valid
cpsc2018_mc,train,A5416,train
cpsc2018_mc,train,A4978,train
cpsc2018_mc,train,A3992,train
cpsc2018_mc,train,A0583,train
cpsc2018_mc,train,A1843,train
cpsc2018_mc,train,A2773,train
cpsc2018_mc,train,A4102,train
cpsc2018_mc,train,A4999,train
cpsc2018_mc,train,A6353,train
cpsc2018_mc,train,A3902,train
cpsc2018_mc,train,A0720,train
cpsc2018_mc,train,A1390,train
cpsc2018_mc,train,A3011,train
cpsc2018_mc,train,A6034,train
cpsc2018_mc,train,A2989,train
cpsc2018_mc,train,A4231,test
cpsc2018_mc,train,A3121,train
cpsc2018_mc,train,A0994,train
cpsc2018_mc,train,A0470,train
cpsc2018_mc,train,A4730,train
cpsc2018_mc,train,A6406,train
cpsc2018_mc,train,A5382,train
cpsc2018_mc,train,A1587,train
cpsc2018_mc,train,A6223,train
cpsc2018_mc,train,A1355,test
cpsc2018_mc,train,A4826,train
cpsc2018_mc,train,A6620,train
cpsc2018_mc,train,A4689,train
cpsc2018_mc,train,A5145,train
cpsc2018_mc,train,A2074,valid
cpsc2018_mc,train,A2121,valid
cpsc2018_mc,train,A4028,test
cpsc2018_mc,train,A4888,train
cpsc2018_mc,train,A3408,train
cpsc2018_mc,train,A6482,train
cpsc2018_mc,train,A2959,train
cpsc2018_mc,train,A3046,train
cpsc2018_mc,train,A4907,train
cpsc2018_mc,train,A3743,valid
cpsc2018_mc,train,A6603,train
cpsc2018_mc,train,A3213,train
cpsc2018_mc,train,A5683,train
cpsc2018_mc,train,A3943,train
cpsc2018_mc,train,A1822,test
cpsc2018_mc,train,A4593,train
cpsc2018_mc,train,A2779,train
cpsc2018_mc,train,A1559,train
cpsc2018_mc,train,A1971,test
cpsc2018_mc,train,A4972,train
cpsc2018_mc,train,A3653,train
cpsc2018_mc,train,A3027,train
cpsc2018_mc,train,A5515,train
cpsc2018_mc,train,A2382,train
cpsc2018_mc,train,A2711,train
cpsc2018_mc,train,A0218,train
cpsc2018_mc,train,A2332,valid
cpsc2018_mc,train,A1250,train
cpsc2018_mc,train,A5898,train
cpsc2018_mc,train,A3798,train
cpsc2018_mc,train,A2320,train
cpsc2018_mc,train,A3225,test
cpsc2018_mc,train,A0336,train
cpsc2018_mc,train,A2000,train
cpsc2018_mc,train,A4180,train
cpsc2018_mc,train,A1429,valid
cpsc2018_mc,train,A0079,train
cpsc2018_mc,train,A4353,train
cpsc2018_mc,train,A1445,train
cpsc2018_mc,train,A3333,train
cpsc2018_mc,train,A3576,train
cpsc2018_mc,train,A3216,train
cpsc2018_mc,train,A5173,train
cpsc2018_mc,train,A1485,train
cpsc2018_mc,train,A0914,train
cpsc2018_mc,train,A3921,train
cpsc2018_mc,train,A1608,train
cpsc2018_mc,train,A2330,train
cpsc2018_mc,train,A3877,train
cpsc2018_mc,train,A0267,test
cpsc2018_mc,train,A0106,train
cpsc2018_mc,train,A2653,test
cpsc2018_mc,train,A2055,train
cpsc2018_mc,train,A2998,train
cpsc2018_mc,train,A2819,test
cpsc2018_mc,train,A3129,train
cpsc2018_mc,train,A4932,valid
cpsc2018_mc,train,A4744,train
cpsc2018_mc,train,A1113,train
cpsc2018_mc,train,A2456,train
cpsc2018_mc,train,A5389,train
cpsc2018_mc,train,A5596,train
cpsc2018_mc,train,A2579,train
cpsc2018_mc,train,A1662,train
cpsc2018_mc,train,A1062,train
cpsc2018_mc,train,A5187,train
cpsc2018_mc,train,A4789,train
cpsc2018_mc,train,A5229,train
cpsc2018_mc,train,A1694,train
cpsc2018_mc,train,A5799,train
cpsc2018_mc,train,A5062,train
cpsc2018_mc,train,A4963,train
cpsc2018_mc,train,A0449,train
cpsc2018_mc,train,A1554,train
cpsc2018_mc,train,A2805,train
cpsc2018_mc,train,A6602,valid
cpsc2018_mc,train,A3243,train
cpsc2018_mc,train,A2082,train
cpsc2018_mc,train,A5877,train
cpsc2018_mc,train,A5537,train
cpsc2018_mc,train,A1878,train
cpsc2018_mc,train,A3414,train
cpsc2018_mc,train,A1147,train
cpsc2018_mc,train,A3268,train
cpsc2018_mc,train,A3706,test
cpsc2018_mc,train,A2862,train
cpsc2018_mc,train,A4392,train
cpsc2018_mc,train,A1031,train
cpsc2018_mc,train,A6269,train
cpsc2018_mc,train,A5111,train
cpsc2018_mc,train,A6816,train
cpsc2018_mc,train,A0694,train
cpsc2018_mc,train,A2503,test
cpsc2018_mc,train,A0545,valid
cpsc2018_mc,train,A1041,train
cpsc2018_mc,train,A0455,train
cpsc2018_mc,train,A6055,test
cpsc2018_mc,train,A3918,train
cpsc2018_mc,train,A6839,train
cpsc2018_mc,train,A4319,train
cpsc2018_mc,train,A3596,train
cpsc2018_mc,train,A0835,train
cpsc2018_mc,train,A4179,train
cpsc2018_mc,train,A6351,train
cpsc2018_mc,train,A1154,train
cpsc2018_mc,train,A2661,valid
cpsc2018_mc,train,A5521,valid
cpsc2018_mc,train,A3716,train
cpsc2018_mc,train,A2970,train
cpsc2018_mc,train,A0654,train
cpsc2018_mc,train,A5404,test
cpsc2018_mc,train,A4597,train
cpsc2018_mc,train,A3111,train
cpsc2018_mc,train,A1186,train
cpsc2018_mc,train,A1817,test
cpsc2018_mc,train,A4281,train
cpsc2018_mc,train,A4366,train
cpsc2018_mc,train,A5346,train
cpsc2018_mc,train,A3858,valid
cpsc2018_mc,train,A0715,test
cpsc2018_mc,train,A6219,train
cpsc2018_mc,train,A1876,train
cpsc2018_mc,train,A5297,train
cpsc2018_mc,train,A5512,train
cpsc2018_mc,train,A6544,train
cpsc2018_mc,train,A3652,train
cpsc2018_mc,train,A5064,train
cpsc2018_mc,train,A2538,train
cpsc2018_mc,train,A2988,train
cpsc2018_mc,train,A3937,train
cpsc2018_mc,train,A0085,train
cpsc2018_mc,train,A6267,train
cpsc2018_mc,train,A4312,train
cpsc2018_mc,train,A3517,valid
cpsc2018_mc,train,A5792,train
cpsc2018_mc,train,A4854,train
cpsc2018_mc,train,A2370,train
cpsc2018_mc,train,A2331,train
cpsc2018_mc,train,A3403,valid
cpsc2018_mc,train,A6358,train
cpsc2018_mc,train,A0124,train
cpsc2018_mc,train,A1122,train
cpsc2018_mc,train,A1142,train
cpsc2018_mc,train,A3910,train
cpsc2018_mc,train,A0911,train
cpsc2018_mc,train,A3249,valid
cpsc2018_mc,train,A3038,train
cpsc2018_mc,train,A0111,train
cpsc2018_mc,train,A4338,valid
cpsc2018_mc,train,A5269,train
cpsc2018_mc,train,A5586,train
cpsc2018_mc,train,A1533,train
cpsc2018_mc,train,A1331,test
cpsc2018_mc,train,A0682,train
cpsc2018_mc,train,A6250,valid
cpsc2018_mc,train,A1561,train
cpsc2018_mc,train,A5808,train
cpsc2018_mc,train,A0621,train
cpsc2018_mc,train,A0595,train
cpsc2018_mc,train,A2022,test
cpsc2018_mc,train,A1479,train
cpsc2018_mc,train,A2589,train
cpsc2018_mc,train,A6800,train
cpsc2018_mc,train,A2069,train
cpsc2018_mc,train,A0060,valid
cpsc2018_mc,train,A5511,train
cpsc2018_mc,train,A5785,train
cpsc2018_mc,train,A4919,train
cpsc2018_mc,train,A4842,train
cpsc2018_mc,train,A4216,train
cpsc2018_mc,train,A1720,train
cpsc2018_mc,train,A0821,train
cpsc2018_mc,train,A4933,train
cpsc2018_mc,train,A5442,train
cpsc2018_mc,train,A1619,train
cpsc2018_mc,train,A2406,train
cpsc2018_mc,train,A0221,train
cpsc2018_mc,train,A2719,test
cpsc2018_mc,train,A5458,train
cpsc2018_mc,train,A4519,train
cpsc2018_mc,train,A0884,train
cpsc2018_mc,train,A1786,train
cpsc2018_mc,train,A3900,train
cpsc2018_mc,train,A4782,train
cpsc2018_mc,train,A0680,train
cpsc2018_mc,train,A6154,train
cpsc2018_mc,train,A5185,valid
cpsc2018_mc,train,A5189,train
cpsc2018_mc,train,A4709,valid
cpsc2018_mc,train,A3283,train
cpsc2018_mc,train,A5149,train
cpsc2018_mc,train,A0707,train
cpsc2018_mc,train,A6077,train
cpsc2018_mc,train,A5148,valid
cpsc2018_mc,train,A2307,train
cpsc2018_mc,train,A1179,train
cpsc2018_mc,train,A4759,train
cpsc2018_mc,train,A5517,train
cpsc2018_mc,train,A0138,train
cpsc2018_mc,train,A1958,train
cpsc2018_mc,train,A6389,train
cpsc2018_mc,train,A2960,test
cpsc2018_mc,train,A4727,train
cpsc2018_mc,train,A5523,train
cpsc2018_mc,train,A6686,train
cpsc2018_mc,train,A1363,train
cpsc2018_mc,train,A6651,train
cpsc2018_mc,train,A2046,test
cpsc2018_mc,train,A4148,train
cpsc2018_mc,train,A2814,train
cpsc2018_mc,train,A4077,train
cpsc2018_mc,train,A4683,train
cpsc2018_mc,train,A0154,valid
cpsc2018_mc,train,A5439,train
cpsc2018_mc,train,A3105,train
cpsc2018_mc,train,A3458,train
cpsc2018_mc,train,A2928,train
cpsc2018_mc,train,A4803,train
cpsc2018_mc,train,A1897,train
cpsc2018_mc,train,A2973,train
cpsc2018_mc,train,A0560,train
cpsc2018_mc,train,A6857,train
cpsc2018_mc,train,A0071,train
cpsc2018_mc,train,A5893,train
cpsc2018_mc,train,A1715,train
cpsc2018_mc,train,A4508,train
cpsc2018_mc,train,A5983,valid
cpsc2018_mc,train,A6332,train
cpsc2018_mc,train,A3153,train
cpsc2018_mc,train,A5800,train
cpsc2018_mc,train,A3694,valid
cpsc2018_mc,train,A2520,train
cpsc2018_mc,train,A0745,train
cpsc2018_mc,train,A4411,train
cpsc2018_mc,train,A1343,train
cpsc2018_mc,train,A0140,train
cpsc2018_mc,train,A3173,train
cpsc2018_mc,train,A1756,train
cpsc2018_mc,train,A4681,train
cpsc2018_mc,train,A4160,valid
cpsc2018_mc,train,A5960,train
cpsc2018_mc,train,A1342,train
cpsc2018_mc,train,A0623,train
cpsc2018_mc,train,A2062,test
cpsc2018_mc,train,A2836,train
cpsc2018_mc,train,A0600,test
cpsc2018_mc,train,A1893,valid
cpsc2018_mc,train,A0955,train
cpsc2018_mc,train,A5201,valid
cpsc2018_mc,train,A3777,train
cpsc2018_mc,train,A1540,train
cpsc2018_mc,train,A5998,train
cpsc2018_mc,train,A3834,train
cpsc2018_mc,train,A2896,train
cpsc2018_mc,train,A2498,train
cpsc2018_mc,train,A5414,train
cpsc2018_mc,train,A1216,train
cpsc2018_mc,train,A0794,train
cpsc2018_mc,train,A0535,train
cpsc2018_mc,train,A3449,valid
cpsc2018_mc,train,A0758,train
cpsc2018_mc,train,A4768,train
cpsc2018_mc,train,A0660,train
cpsc2018_mc,train,A5993,train
cpsc2018_mc,train,A6360,train
cpsc2018_mc,train,A3906,train
cpsc2018_mc,train,A4851,train
cpsc2018_mc,train,A1317,train
cpsc2018_mc,train,A0304,train
cpsc2018_mc,train,A3412,train
cpsc2018_mc,train,A1508,valid
cpsc2018_mc,train,A2534,train
cpsc2018_mc,train,A1688,train
cpsc2018_mc,train,A2853,train
cpsc2018_mc,train,A5595,train
cpsc2018_mc,train,A3610,train
cpsc2018_mc,train,A5966,train
cpsc2018_mc,train,A2757,train
cpsc2018_mc,train,A6486,train
cpsc2018_mc,train,A3609,train
cpsc2018_mc,train,A1049,train
cpsc2018_mc,train,A5406,train
cpsc2018_mc,train,A4181,unlisted
cpsc2018_mc,train,A4461,train
cpsc2018_mc,train,A0077,train
cpsc2018_mc,train,A5024,train
cpsc2018_mc,train,A5583,train
cpsc2018_mc,train,A1761,train
cpsc2018_mc,train,A2852,train
cpsc2018_mc,train,A3585,valid
cpsc2018_mc,train,A4363,train
cpsc2018_mc,train,A1661,train
cpsc2018_mc,train,A5578,train
cpsc2018_mc,train,A0174,test
cpsc2018_mc,train,A5643,valid
cpsc2018_mc,train,A6264,test
cpsc2018_mc,train,A3139,train
cpsc2018_mc,train,A2776,train
cpsc2018_mc,train,A0948,train
cpsc2018_mc,train,A5681,train
cpsc2018_mc,train,A5371,train
cpsc2018_mc,train,A3172,train
cpsc2018_mc,train,A0403,train
cpsc2018_mc,train,A1582,train
cpsc2018_mc,train,A1960,train
cpsc2018_mc,train,A3864,train
cpsc2018_mc,train,A2001,train
cpsc2018_mc,train,A4243,train
cpsc2018_mc,train,A0927,valid
cpsc2018_mc,train,A1319,train
cpsc2018_mc,train,A0199,test
cpsc2018_mc,train,A5645,train
cpsc2018_mc,train,A2306,train
cpsc2018_mc,train,A2554,valid
cpsc2018_mc,train,A4704,train
cpsc2018_mc,train,A5091,test
cpsc2018_mc,train,A1143,valid
cpsc2018_mc,train,A6120,test
cpsc2018_mc,train,A0332,train
cpsc2018_mc,train,A1625,valid
cpsc2018_mc,train,A0314,train
cpsc2018_mc,train,A3941,train
cpsc2018_mc,train,A3484,train
cpsc2018_mc,train,A5454,train
cpsc2018_mc,train,A1996,train
cpsc2018_mc,train,A1408,train
cpsc2018_mc,train,A5978,test
cpsc2018_mc,train,A4034,valid
cpsc2018_mc,train,A3134,train
cpsc2018_mc,train,A2214,train
cpsc2018_mc,train,A5637,train
cpsc2018_mc,train,A2812,valid
cpsc2018_mc,train,A6262,valid
cpsc2018_mc,train,A4320,train
cpsc2018_mc,train,A0114,train
cpsc2018_mc,train,A3550,valid
cpsc2018_mc,train,A0820,train
cpsc2018_mc,train,A6364,test
cpsc2018_mc,train,A0525,train
cpsc2018_mc,train,A4954,train
cpsc2018_mc,train,A6684,test
cpsc2018_mc,train,A4900,train
cpsc2018_mc,train,A1285,valid
cpsc2018_mc,train,A1588,train
cpsc2018_mc,train,A5174,valid
cpsc2018_mc,train,A0439,train
cpsc2018_mc,train,A1053,test
cpsc2018_mc,train,A2280,test
cpsc2018_mc,train,A4791,train
cpsc2018_mc,train,A0732,test
cpsc2018_mc,train,A0246,train
cpsc2018_mc,train,A2160,train
cpsc2018_mc,train,A2602,test
cpsc2018_mc,train,A4810,train
cpsc2018_mc,train,A6093,train
cpsc2018_mc,train,A6546,train
cpsc2018_mc,train,A4588,train
cpsc2018_mc,train,A5086,test
cpsc2018_mc,train,A2361,valid
cpsc2018_mc,train,A0857,valid
cpsc2018_mc,train,A4881,train
cpsc2018_mc,train,A4502,train
cpsc2018_mc,train,A4218,train
cpsc2018_mc,train,A1649,train
cpsc2018_mc,train,A5929,valid
cpsc2018_mc,train,A2469,train
cpsc2018_mc,train,A2399,train
cpsc2018_mc,train,A5142,train
cpsc2018_mc,train,A3443,train
cpsc2018_mc,train,A0566,train
cpsc2018_mc,train,A3114,valid
cpsc2018_mc,train,A3895,train
cpsc2018_mc,train,A5984,train
cpsc2018_mc,train,A6048,train
cpsc2018_mc,train,A3189,train
cpsc2018_mc,train,A0624,test
cpsc2018_mc,train,A0397,train
cpsc2018_mc,train,A2797,train
cpsc2018_mc,train,A0838,train
cpsc2018_mc,train,A3084,test
cpsc2018_mc,train,A4510,train
cpsc2018_mc,train,A6320,train
cpsc2018_mc,train,A0240,test
cpsc2018_mc,train,A3288,train
cpsc2018_mc,train,A3699,train
cpsc2018_mc,train,A2574,valid
cpsc2018_mc,train,A5558,train
cpsc2018_mc,train,A0799,train
cpsc2018_mc,train,A5260,test
cpsc2018_mc,train,A0058,train
cpsc2018_mc,train,A5385,train
cpsc2018_mc,train,A0983,valid
cpsc2018_mc,train,A6693,train
cpsc2018_mc,train,A4723,valid
cpsc2018_mc,train,A0565,train
cpsc2018_mc,train,A2590,train
cpsc2018_mc,train,A0163,train
cpsc2018_mc,train,A2593,train
cpsc2018_mc,train,A2923,train
cpsc2018_mc,train,A4545,train
cpsc2018_mc,train,A0506,train
cpsc2018_mc,train,A5328,train
cpsc2018_mc,train,A3708,train
cpsc2018_mc,train,A0652,train
cpsc2018_mc,train,A0493,valid
cpsc2018_mc,train,A6618,train
cpsc2018_mc,train,A3037,train
cpsc2018_mc,train,A0344,train
cpsc2018_mc,train,A4619,train
cpsc2018_mc,train,A6488,test
cpsc2018_mc,train,A0494,valid
cpsc2018_mc,train,A6476,test
cpsc2018_mc,train,A0986,valid
cpsc2018_mc,train,A3420,train
cpsc2018_mc,train,A6750,train
cpsc2018_mc,train,A5505,train
cpsc2018_mc,train,A6439,test
cpsc2018_mc,train,A1111,train
cpsc2018_mc,train,A4499,train
cpsc2018_mc,train,A1630,train
cpsc2018_mc,train,A6186,train
cpsc2018_mc,train,A5733,test
cpsc2018_mc,train,A5796,train
cpsc2018_mc,train,A6736,train
cpsc2018_mc,train,A5466,train
cpsc2018_mc,train,A3360,train
cpsc2018_mc,train,A6018,train
cpsc2018_mc,train,A1430,train
cpsc2018_mc,train,A6061,train
cpsc2018_mc,train,A5752,train
cpsc2018_mc,train,A2098,test
cpsc2018_mc,train,A4496,test
cpsc2018_mc,train,A4753,train
cpsc2018_mc,train,A0405,train
cpsc2018_mc,train,A2135,train
cpsc2018_mc,train,A1277,test
cpsc2018_mc,train,A4195,train
cpsc2018_mc,train,A2969,train
cpsc2018_mc,train,A6769,train
cpsc2018_mc,train,A0217,train
cpsc2018_mc,train,A5967,train
cpsc2018_mc,train,A5001,valid
cpsc2018_mc,train,A0198,train
cpsc2018_mc,train,A6510,valid
cpsc2018_mc,train,A5013,valid
cpsc2018_mc,train,A4546,train
cpsc2018_mc,train,A2707,train
cpsc2018_mc,train,A6577,train
cpsc2018_mc,train,A6695,valid
cpsc2018_mc,train,A3647,train
cpsc2018_mc,train,A3065,train
cpsc2018_mc,train,A1293,train
cpsc2018_mc,train,A5353,valid
cpsc2018_mc,train,A2539,train
cpsc2018_mc,train,A5122,train
cpsc2018_mc,train,A1832,train
cpsc2018_mc,train,A0556,train
cpsc2018_mc,train,A0190,train
cpsc2018_mc,train,A5456,train
cpsc2018_mc,train,A4707,train
cpsc2018_mc,train,A6436,train
cpsc2018_mc,train,A6717,train
cpsc2018_mc,train,A0118,train
cpsc2018_mc,train,A4073,test
cpsc2018_mc,train,A3825,valid
cpsc2018_mc,train,A3256,train
cpsc2018_mc,train,A1932,train
cpsc2018_mc,train,A6136,train
cpsc2018_mc,train,A3252,train
cpsc2018_mc,train,A1829,train
cpsc2018_mc,train,A0176,train
cpsc2018_mc,train,A3112,train
cpsc2018_mc,train,A1745,train
cpsc2018_mc,train,A4262,test
cpsc2018_mc,train,A3078,train
cpsc2018_mc,train,A5038,train
cpsc2018_mc,train,A2541,train
cpsc2018_mc,train,A2431,test
cpsc2018_mc,train,A3179,train
cpsc2018_mc,train,A5843,train
cpsc2018_mc,train,A2005,train
cpsc2018_mc,train,A5367,train
cpsc2018_mc,train,A3740,valid
cpsc2018_mc,train,A0341,train
cpsc2018_mc,train,A6242,train
cpsc2018_mc,train,A2932,train
cpsc2018_mc,train,A3090,train
cpsc2018_mc,train,A0541,test
cpsc2018_mc,train,A0231,train
cpsc2018_mc,train,A1585,train
cpsc2018_mc,train,A1260,train
cpsc2018_mc,train,A0960,train
cpsc2018_mc,train,A0337,train
cpsc2018_mc,train,A2036,train
cpsc2018_mc,train,A5669,train
cpsc2018_mc,train,A2190,train
cpsc2018_mc,train,A4977,train
cpsc2018_mc,train,A1696,valid
cpsc2018_mc,train,A0929,train
cpsc2018_mc,train,A2189,train
cpsc2018_mc,train,A3570,train
cpsc2018_mc,train,A6121,test
cpsc2018_mc,train,A3052,test
cpsc2018_mc,train,A5982,train
cpsc2018_mc,train,A1700,test
cpsc2018_mc,train,A0237,test
cpsc2018_mc,train,A2155,train
cpsc2018_mc,train,A4455,train
cpsc2018_mc,train,A4395,train
cpsc2018_mc,train,A6543,train
cpsc2018_mc,train,A1494,train
cpsc2018_mc,train,A3819,train
cpsc2018_mc,train,A5258,train
cpsc2018_mc,train,A0746,train
cpsc2018_mc,train,A0205,train
cpsc2018_mc,train,A4540,train
cpsc2018_mc,train,A2684,train
cpsc2018_mc,train,A6504,train
cpsc2018_mc,train,A0308,train
cpsc2018_mc,train,A0320,train
cpsc2018_mc,train,A5231,train
cpsc2018_mc,train,A1105,train
cpsc2018_mc,train,A2459,train
cpsc2018_mc,train,A4610,train
cpsc2018_mc,train,A6260,train
cpsc2018_mc,train,A4834,train
cpsc2018_mc,train,A5509,train
cpsc2018_mc,train,A0300,train
cpsc2018_mc,train,A4357,test
cpsc2018_mc,train,A5610,train
cpsc2018_mc,train,A2700,train
cpsc2018_mc,train,A5339,valid
cpsc2018_mc,train,A0127,train
cpsc2018_mc,train,A1539,test
cpsc2018_mc,train,A0248,train
cpsc2018_mc,train,A3860,train
cpsc2018_mc,train,A0094,train
cpsc2018_mc,train,A4105,valid
cpsc2018_mc,train,A5749,test
cpsc2018_mc,train,A0504,train
cpsc2018_mc,train,A6042,train
cpsc2018_mc,train,A0604,train
cpsc2018_mc,train,A3677,train
cpsc2018_mc,train,A5931,train
cpsc2018_mc,train,A3851,train
cpsc2018_mc,train,A4384,train
cpsc2018_mc,train,A3315,valid
cpsc2018_mc,train,A2570,test
cpsc2018_mc,train,A2362,train
cpsc2018_mc,train,A3444,train
cpsc2018_mc,train,A6377,train
cpsc2018_mc,train,A0713,train
cpsc2018_mc,train,A0780,train
cpsc2018_mc,train,A4516,train
cpsc2018_mc,train,A5354,train
cpsc2018_mc,train,A4649,train
cpsc2018_mc,train,A1574,train
cpsc2018_mc,train,A1348,train
cpsc2018_mc,train,A5245,valid
cpsc2018_mc,train,A2118,train
cpsc2018_mc,train,A4001,train
cpsc2018_mc,train,A3221,train
cpsc2018_mc,train,A0346,train
cpsc2018_mc,train,A3274,train
cpsc2018_mc,train,A1577,train
cpsc2018_mc,train,A3183,train
cpsc2018_mc,train,A3527,train
cpsc2018_mc,train,A3388,train
cpsc2018_mc,train,A5820,train
cpsc2018_mc,train,A5362,train
cpsc2018_mc,train,A5051,train
cpsc2018_mc,train,A5023,train
cpsc2018_mc,train,A6876,train
cpsc2018_mc,train,A3040,train
cpsc2018_mc,train,A0750,train
cpsc2018_mc,train,A5027,valid
cpsc2018_mc,train,A5194,valid
cpsc2018_mc,train,A4583,train
cpsc2018_mc,train,A3454,train
cpsc2018_mc,train,A0358,train
cpsc2018_mc,train,A5748,train
cpsc2018_mc,train,A6316,unlisted
cpsc2018_mc,train,A4484,train
cpsc2018_mc,train,A5951,train
cpsc2018_mc,train,A2813,train
cpsc2018_mc,train,A4664,valid
cpsc2018_mc,train,A4578,train
cpsc2018_mc,train,A1849,valid
cpsc2018_mc,train,A0383,valid
cpsc2018_mc,train,A1794,test
cpsc2018_mc,train,A5565,train
cpsc2018_mc,train,A2971,valid
cpsc2018_mc,train,A0963,train
cpsc2018_mc,train,A3557,valid
cpsc2018_mc,train,A4725,train
cpsc2018_mc,train,A2826,train
cpsc2018_mc,train,A2441,train
cpsc2018_mc,train,A5393,train
cpsc2018_mc,train,A2336,train
cpsc2018_mc,train,A2895,train
cpsc2018_mc,train,A0096,train
cpsc2018_mc,train,A3376,train
cpsc2018_mc,train,A2066,train
cpsc2018_mc,train,A5429,train
cpsc2018_mc,train,A6289,train
cpsc2018_mc,train,A0540,train
cpsc2018_mc,train,A5135,test
cpsc2018_mc,train,A3722,test
cpsc2018_mc,train,A6875,train
cpsc2018_mc,train,A1407,train
cpsc2018_mc,train,A4850,valid
cpsc2018_mc,train,A6539,train
cpsc2018_mc,train,A5682,valid
cpsc2018_mc,train,A0677,train
cpsc2018_mc,train,A5881,train
cpsc2018_mc,train,A3161,train
cpsc2018_mc,train,A3149,valid
cpsc2018_mc,train,A6222,train
cpsc2018_mc,train,A2690,train
cpsc2018_mc,train,A3660,train
cpsc2018_mc,train,A1562,train
cpsc2018_mc,train,A2422,train
cpsc2018_mc,train,A5287,train
cpsc2018_mc,train,A5131,valid
cpsc2018_mc,train,A0961,valid
cpsc2018_mc,train,A2603,valid
cpsc2018_mc,train,A2212,train
cpsc2018_mc,train,A3108,test
cpsc2018_mc,train,A4746,train
cpsc2018_mc,train,A0392,test
cpsc2018_mc,train,A1291,train
cpsc2018_mc,train,A5220,valid
cpsc2018_mc,train,A2900,train
cpsc2018_mc,train,A6783,test
cpsc2018_mc,train,A2081,train
cpsc2018_mc,train,A0636,train
cpsc2018_mc,train,A5322,train
cpsc2018_mc,train,A6676,train
cpsc2018_mc,train,A1867,train
cpsc2018_mc,train,A0952,test
cpsc2018_mc,train,A5620,train
cpsc2018_mc,train,A6109,train
cpsc2018_mc,train,A2627,valid
cpsc2018_mc,train,A2625,train
cpsc2018_mc,train,A5556,unlisted
cpsc2018_mc,train,A5324,train
cpsc2018_mc,train,A1239,train
cpsc2018_mc,train,A1703,train
cpsc2018_mc,train,A4042,train
cpsc2018_mc,train,A5288,train
cpsc2018_mc,train,A6870,train
cpsc2018_mc,train,A4819,test
cpsc2018_mc,train,A4100,train
cpsc2018_mc,train,A5605,train
cpsc2018_mc,train,A6075,train
cpsc2018_mc,train,A3238,train
cpsc2018_mc,train,A6092,train
cpsc2018_mc,train,A6771,train
cpsc2018_mc,train,A6366,valid
cpsc2018_mc,train,A6563,valid
cpsc2018_mc,train,A4844,train
cpsc2018_mc,train,A3587,valid
cpsc2018_mc,train,A6245,train
cpsc2018_mc,train,A6598,train
cpsc2018_mc,train,A2263,train
cpsc2018_mc,train,A1957,train
cpsc2018_mc,train,A3904,train
cpsc2018_mc,train,A4923,valid
cpsc2018_mc,train,A1755,train
cpsc2018_mc,train,A1899,train
cpsc2018_mc,train,A6749,test
cpsc2018_mc,train,A4660,valid
cpsc2018_mc,train,A0536,valid
cpsc2018_mc,train,A5781,test
cpsc2018_mc,train,A1118,train
cpsc2018_mc,train,A5267,train
cpsc2018_mc,train,A5688,train
cpsc2018_mc,train,A2550,train
cpsc2018_mc,train,A1566,train
cpsc2018_mc,train,A0030,test
cpsc2018_mc,train,A2660,train
cpsc2018_mc,train,A1236,valid
cpsc2018_mc,train,A3655,train
cpsc2018_mc,train,A1714,train
cpsc2018_mc,train,A6329,train
cpsc2018_mc,train,A5137,test
cpsc2018_mc,train,A0476,train
cpsc2018_mc,train,A3514,train
cpsc2018_mc,train,A3366,train
cpsc2018_mc,train,A6623,train
cpsc2018_mc,train,A3559,train
cpsc2018_mc,train,A5436,train
cpsc2018_mc,train,A3920,train
cpsc2018_mc,train,A5810,test
cpsc2018_mc,train,A3620,train
cpsc2018_mc,train,A6612,train
cpsc2018_mc,train,A1223,train
cpsc2018_mc,train,A3802,train
cpsc2018_mc,train,A4758,test
cpsc2018_mc,train,A5099,train
cpsc2018_mc,train,A4765,valid
cpsc2018_mc,train,A0220,train
cpsc2018_mc,train,A0674,train
cpsc2018_mc,train,A0706,valid
cpsc2018_mc,train,A4931,train
cpsc2018_mc,train,A2942,train
cpsc2018_mc,train,A5811,train
cpsc2018_mc,train,A0362,train
cpsc2018_mc,train,A4230,train
cpsc2018_mc,train,A4473,train
cpsc2018_mc,train,A3726,train
cpsc2018_mc,train,A6615,train
cpsc2018_mc,train,A0528,train
cpsc2018_mc,train,A2672,train
cpsc2018_mc,train,A0793,test
cpsc2018_mc,train,A3493,train
cpsc2018_mc,train,A2271,train
cpsc2018_mc,train,A5947,train
cpsc2018_mc,train,A0038,train
cpsc2018_mc,train,A0728,valid
cpsc2018_mc,train,A5410,train
cpsc2018_mc,train,A4855,train
cpsc2018_mc,train,A1596,train
cpsc2018_mc,train,A5103,valid
cpsc2018_mc,train,A5178,train
cpsc2018_mc,train,A6709,valid
cpsc2018_mc,train,A1881,train
cpsc2018_mc,train,A6812,train
cpsc2018_mc,train,A4023,train
cpsc2018_mc,train,A3490,test
cpsc2018_mc,train,A4246,test
cpsc2018_mc,train,A2508,train
cpsc2018_mc,train,A1550,train
cpsc2018_mc,train,A3995,test
cpsc2018_mc,train,A2710,test
cpsc2018_mc,train,A0194,train
cpsc2018_mc,train,A0591,train
cpsc2018_mc,train,A3760,valid
cpsc2018_mc,train,A5151,train
cpsc2018_mc,train,A2966,train
cpsc2018_mc,train,A6429,train
cpsc2018_mc,train,A0739,train
cpsc2018_mc,train,A5246,train
cpsc2018_mc,train,A6487,train
cpsc2018_mc,train,A1998,test
cpsc2018_mc,train,A6084,train
cpsc2018_mc,train,A2313,train
cpsc2018_mc,train,A3739,train
cpsc2018_mc,train,A5791,train
cpsc2018_mc,train,A2314,train
cpsc2018_mc,train,A5824,train
cpsc2018_mc,train,A5377,train
cpsc2018_mc,train,A1710,train
cpsc2018_mc,train,A3566,valid
cpsc2018_mc,train,A2870,train
cpsc2018_mc,train,A0391,train
cpsc2018_mc,train,A3137,train
cpsc2018_mc,train,A5527,valid
cpsc2018_mc,train,A6363,train
cpsc2018_mc,train,A2796,train
cpsc2018_mc,train,A6087,train
cpsc2018_mc,train,A4887,train
cpsc2018_mc,train,A2619,train
cpsc2018_mc,train,A1166,train
cpsc2018_mc,train,A2562,train
cpsc2018_mc,train,A4256,train
cpsc2018_mc,train,A4334,train
cpsc2018_mc,train,A1931,test
cpsc2018_mc,train,A6735,train
cpsc2018_mc,train,A1953,train
cpsc2018_mc,train,A1327,train
cpsc2018_mc,train,A2067,train
cpsc2018_mc,train,A2224,train
cpsc2018_mc,train,A2211,train
cpsc2018_mc,train,A5576,train
cpsc2018_mc,train,A1637,train
cpsc2018_mc,train,A0360,train
cpsc2018_mc,train,A0711,train
cpsc2018_mc,train,A6391,train
cpsc2018_mc,train,A1247,train
cpsc2018_mc,train,A6096,train
cpsc2018_mc,train,A3555,train
cpsc2018_mc,train,A3296,train
cpsc2018_mc,train,A3404,test
cpsc2018_mc,train,A4991,train
cpsc2018_mc,train,A5758,train
cpsc2018_mc,train,A1395,train
cpsc2018_mc,train,A6190,train
cpsc2018_mc,train,A5331,train
cpsc2018_mc,train,A3235,train
cpsc2018_mc,train,A1681,valid
cpsc2018_mc,train,A1526,train
cpsc2018_mc,train,A5916,train
cpsc2018_mc,train,A1136,train
cpsc2018_mc,train,A5003,train
cpsc2018_mc,train,A5921,train
cpsc2018_mc,train,A3707,train
cpsc2018_mc,train,A1010,train
cpsc2018_mc,train,A4658,train
cpsc2018_mc,train,A1848,train
cpsc2018_mc,train,A1924,train
cpsc2018_mc,train,A5692,train
cpsc2018_mc,train,A1913,train
cpsc2018_mc,train,A1797,train
cpsc2018_mc,train,A5680,train
cpsc2018_mc,train,A0472,train
cpsc2018_mc,train,A1991,train
cpsc2018_mc,train,A4224,valid
cpsc2018_mc,train,A3218,train
cpsc2018_mc,train,A4067,train
cpsc2018_mc,train,A4166,test
cpsc2018_mc,train,A4132,train
cpsc2018_mc,train,A2445,valid
cpsc2018_mc,train,A3882,train
cpsc2018_mc,train,A3863,test
cpsc2018_mc,train,A6132,train
cpsc2018_mc,train,A4362,train
cpsc2018_mc,train,A5257,valid
cpsc2018_mc,train,A6104,train
cpsc2018_mc,train,A3971,train
cpsc2018_mc,train,A2198,test
cpsc2018_mc,train,A5940,train
cpsc2018_mc,train,A2447,train
cpsc2018_mc,train,A1228,test
cpsc2018_mc,train,A5667,train
cpsc2018_mc,train,A0900,train
cpsc2018_mc,train,A4679,train
cpsc2018_mc,train,A4988,train
cpsc2018_mc,train,A1873,train
cpsc2018_mc,train,A5326,train
cpsc2018_mc,train,A0157,train
cpsc2018_mc,train,A5699,valid
cpsc2018_mc,train,A4507,train
cpsc2018_mc,train,A6095,valid
cpsc2018_mc,train,A1310,train
cpsc2018_mc,train,A4106,train
cpsc2018_mc,train,A0984,train
cpsc2018_mc,train,A3191,valid
cpsc2018_mc,train,A2691,train
cpsc2018_mc,train,A6253,train
cpsc2018_mc,train,A3924,train
cpsc2018_mc,train,A0899,train
cpsc2018_mc,train,A1234,train
cpsc2018_mc,train,A4082,train
cpsc2018_mc,train,A2582,valid
cpsc2018_mc,train,A5065,train
cpsc2018_mc,train,A4497,train
cpsc2018_mc,train,A1400,train
cpsc2018_mc,train,A1102,train
cpsc2018_mc,train,A5622,train
cpsc2018_mc,train,A1916,train
cpsc2018_mc,train,A6589,train
cpsc2018_mc,train,A0389,train
cpsc2018_mc,train,A5240,test
cpsc2018_mc,train,A2965,train
cpsc2018_mc,train,A4812,train
cpsc2018_mc,train,A1647,train
cpsc2018_mc,train,A4596,train
cpsc2018_mc,train,A1361,train
cpsc2018_mc,train,A3680,train
cpsc2018_mc,train,A6059,train
cpsc2018_mc,train,A6513,valid
cpsc2018_mc,train,A6440,train
cpsc2018_mc,train,A0061,test
cpsc2018_mc,train,A4975,train
cpsc2018_mc,train,A3491,train
cpsc2018_mc,train,A0183,train
cpsc2018_mc,train,A4627,train
cpsc2018_mc,train,A5329,train
cpsc2018_mc,train,A1752,test
cpsc2018_mc,train,A1634,train
cpsc2018_mc,train,A1621,train
cpsc2018_mc,train,A6628,train
cpsc2018_mc,train,A3330,train
cpsc2018_mc,train,A5130,train
cpsc2018_mc,train,A2291,train
cpsc2018_mc,train,A4126,train
cpsc2018_mc,train,A6779,train
cpsc2018_mc,train,A6611,test
cpsc2018_mc,train,A0479,train
cpsc2018_mc,train,A3666,train
cpsc2018_mc,train,A4657,train
cpsc2018_mc,train,A1751,train
cpsc2018_mc,train,A5056,valid
cpsc2018_mc,train,A1753,train
cpsc2018_mc,train,A3883,train
cpsc2018_mc,train,A1081,train
cpsc2018_mc,train,A1371,train
cpsc2018_mc,train,A2583,valid
cpsc2018_mc,train,A2981,train
cpsc2018_mc,train,A4590,train
cpsc2018_mc,train,A6825,train
cpsc2018_mc,train,A6706,train
cpsc2018_mc,train,A2454,train
cpsc2018_mc,train,A3032,train
cpsc2018_mc,train,A1655,test
cpsc2018_mc,train,A0492,valid
cpsc2018_mc,train,A2614,train
cpsc2018_mc,train,A4021,train
cpsc2018_mc,train,A2675,valid
cpsc2018_mc,train,A6446,train
cpsc2018_mc,train,A6586,train
cpsc2018_mc,train,A1713,valid
cpsc2018_mc,train,A6097,train
cpsc2018_mc,train,A1272,train
cpsc2018_mc,train,A4471,train
cpsc2018_mc,train,A2305,train
cpsc2018_mc,train,A1456,train
cpsc2018_mc,train,A2223,train
cpsc2018_mc,train,A4406,train
cpsc2018_mc,train,A6255,train
cpsc2018_mc,train,A4553,valid
cpsc2018_mc,train,A1529,train
cpsc2018_mc,train,A3879,train
cpsc2018_mc,train,A0451,test
cpsc2018_mc,train,A1045,train
cpsc2018_mc,train,A0883,train
cpsc2018_mc,train,A6742,train
cpsc2018_mc,train,A5598,train
cpsc2018_mc,train,A0286,train
cpsc2018_mc,train,A6752,train
cpsc2018_mc,train,A2458,train
cpsc2018_mc,train,A0710,valid
cpsc2018_mc,train,A1948,train
cpsc2018_mc,train,A4700,train
cpsc2018_mc,train,A3217,train
cpsc2018_mc,train,A3579,train
cpsc2018_mc,train,A3160,train
cpsc2018_mc,train,A0029,train
cpsc2018_mc,train,A1208,train
cpsc2018_mc,train,A4739,train
cpsc2018_mc,train,A2976,train
cpsc2018_mc,train,A3164,test
cpsc2018_mc,train,A0128,train
cpsc2018_mc,train,A2547,test
cpsc2018_mc,train,A3320,test
cpsc2018_mc,train,A0065,train
cpsc2018_mc,train,A1451,valid
cpsc2018_mc,train,A0764,train
cpsc2018_mc,train,A4996,train
cpsc2018_mc,train,A1360,train
cpsc2018_mc,train,A2203,train
cpsc2018_mc,train,A0306,train
cpsc2018_mc,train,A5753,train
cpsc2018_mc,train,A5233,train
cpsc2018_mc,train,A2016,train
cpsc2018_mc,train,A0748,train
cpsc2018_mc,train,A3753,train
cpsc2018_mc,train,A4960,train
cpsc2018_mc,train,A3430,train
cpsc2018_mc,train,A1262,train
cpsc2018_mc,train,A5271,train
cpsc2018_mc,train,A4142,train
cpsc2018_mc,train,A3611,train
cpsc2018_mc,train,A4093,test
cpsc2018_mc,train,A5539,valid
cpsc2018_mc,train,A1491,valid
cpsc2018_mc,train,A3070,train
cpsc2018_mc,train,A6698,train
cpsc2018_mc,train,A4618,test
cpsc2018_mc,train,A2632,train
cpsc2018_mc,train,A0133,train
cpsc2018_mc,train,A4779,test
cpsc2018_mc,train,A6841,train
cpsc2018_mc,train,A3887,train
cpsc2018_mc,train,A3136,train
cpsc2018_mc,train,A3888,train
cpsc2018_mc,train,A6032,train
cpsc2018_mc,train,A3519,train
cpsc2018_mc,train,A5717,train
cpsc2018_mc,train,A5649,train
cpsc2018_mc,train,A0092,train
cpsc2018_mc,train,A2171,train
cpsc2018_mc,train,A1890,valid
cpsc2018_mc,train,A4290,train
cpsc2018_mc,train,A3344,train
cpsc2018_mc,train,A6050,train
cpsc2018_mc,train,A2144,train
cpsc2018_mc,train,A5079,valid
cpsc2018_mc,train,A3551,train
cpsc2018_mc,train,A4808,train
cpsc2018_mc,train,A1776,test
cpsc2018_mc,train,A3872,valid
cpsc2018_mc,train,A6216,train
cpsc2018_mc,train,A5842,train
cpsc2018_mc,train,A6722,train
cpsc2018_mc,train,A6071,train
cpsc2018_mc,train,A3600,train
cpsc2018_mc,train,A0729,train
cpsc2018_mc,train,A2413,train
cpsc2018_mc,train,A4463,train
cpsc2018_mc,train,A5846,train
cpsc2018_mc,train,A1129,train
cpsc2018_mc,train,A0611,train
cpsc2018_mc,train,A4524,test
cpsc2018_mc,train,A4061,train
cpsc2018_mc,train,A1339,train
cpsc2018_mc,train,A3433,train
cpsc2018_mc,train,A5876,train
cpsc2018_mc,train,A1669,test
cpsc2018_mc,train,A4537,train
cpsc2018_mc,train,A4412,train
cpsc2018_mc,train,A4673,test
cpsc2018_mc,train,A6681,train
cpsc2018_mc,train,A0296,valid
cpsc2018_mc,train,A3228,train
cpsc2018_mc,train,A5444,train
cpsc2018_mc,train,A2324,train
cpsc2018_mc,train,A4348,test
cpsc2018_mc,train,A2101,test
cpsc2018_mc,train,A4718,train
cpsc2018_mc,train,A5863,train
cpsc2018_mc,train,A0719,train
cpsc2018_mc,train,A6090,train
cpsc2018_mc,train,A4845,train
cpsc2018_mc,train,A4278,train
cpsc2018_mc,train,A1110,train
cpsc2018_mc,train,A3844,valid
cpsc2018_mc,train,A3100,train
cpsc2018_mc,train,A1966,train
cpsc2018_mc,train,A1370,train
cpsc2018_mc,train,A5722,valid
cpsc2018_mc,train,A3602,train
cpsc2018_mc,train,A6201,train
cpsc2018_mc,train,A5577,train
cpsc2018_mc,train,A6788,train
cpsc2018_mc,train,A2404,train
cpsc2018_mc,train,A6418,train
cpsc2018_mc,train,A1006,train
cpsc2018_mc,train,A6457,train
cpsc2018_mc,train,A1442,train
cpsc2018_mc,train,A6421,train
cpsc2018_mc,train,A1795,train
cpsc2018_mc,train,A1684,train
cpsc2018_mc,train,A0919,train
cpsc2018_mc,train,A0394,train
cpsc2018_mc,train,A0161,train
cpsc2018_mc,train,A0331,train
cpsc2018_mc,train,A1718,train
cpsc2018_mc,train,A1115,train
cpsc2018_mc,train,A0419,train
cpsc2018_mc,train,A5555,test
cpsc2018_mc,train,A0840,train
cpsc2018_mc,train,A4323,train
cpsc2018_mc,train,A5312,train
cpsc2018_mc,train,A4012,train
cpsc2018_mc,train,A5557,train
cpsc2018_mc,train,A4713,train
cpsc2018_mc,train,A1551,train
cpsc2018_mc,train,A3476,train
cpsc2018_mc,train,A6116,train
cpsc2018_mc,train,A3003,train
cpsc2018_mc,train,A2127,train
cpsc2018_mc,train,A3837,train
cpsc2018_mc,train,A4743,valid
cpsc2018_mc,train,A6085,valid
cpsc2018_mc,train,A5872,test
cpsc2018_mc,train,A4778,train
cpsc2018_mc,train,A4564,train
cpsc2018_mc,train,A2967,train
cpsc2018_mc,train,A3305,train
cpsc2018_mc,train,A0067,train
cpsc2018_mc,train,A0086,train
cpsc2018_mc,train,A0877,test
cpsc2018_mc,train,A2667,train
cpsc2018_mc,train,A4203,train
cpsc2018_mc,train,A6518,train
cpsc2018_mc,train,A0866,train
cpsc2018_mc,train,A3470,valid
cpsc2018_mc,train,A6700,train
cpsc2018_mc,train,A5754,train
cpsc2018_mc,train,A2440,valid
cpsc2018_mc,train,A3336,train
cpsc2018_mc,train,A6067,train
cpsc2018_mc,train,A4196,train
cpsc2018_mc,train,A3292,train
cpsc2018_mc,train,A5359,train
cpsc2018_mc,train,A5305,train
cpsc2018_mc,train,A1008,test
cpsc2018_mc,train,A2390,train
cpsc2018_mc,train,A4213,train
cpsc2018_mc,train,A2544,train
cpsc2018_mc,train,A6442,train
cpsc2018_mc,train,A1392,train
cpsc2018_mc,train,A2753,train
cpsc2018_mc,train,A5179,valid
cpsc2018_mc,train,A5827,train
cpsc2018_mc,train,A1308,train
cpsc2018_mc,train,A5198,train
cpsc2018_mc,train,A5613,valid
cpsc2018_mc,train,A0485,train
cpsc2018_mc,train,A1548,train
cpsc2018_mc,train,A6415,train
cpsc2018_mc,train,A3641,test
cpsc2018_mc,train,A4313,valid
cpsc2018_mc,train,A6558,valid
cpsc2018_mc,train,A1170,train
cpsc2018_mc,train,A3205,train
cpsc2018_mc,train,A5268,train
cpsc2018_mc,train,A6663,test
cpsc2018_mc,train,A1564,test
cpsc2018_mc,train,A2618,valid
cpsc2018_mc,train,A4846,train
cpsc2018_mc,train,A4766,train
cpsc2018_mc,train,A3335,train
cpsc2018_mc,train,A4383,train
cpsc2018_mc,train,A4807,train
cpsc2018_mc,train,A1660,train
cpsc2018_mc,train,A3728,train
cpsc2018_mc,train,A5309,train
cpsc2018_mc,train,A2219,train
cpsc2018_mc,train,A6458,train
cpsc2018_mc,train,A3919,train
cpsc2018_mc,train,A3423,train
cpsc2018_mc,train,A5542,test
cpsc2018_mc,train,A5191,train
cpsc2018_mc,train,A4143,train
cpsc2018_mc,train,A0008,train
cpsc2018_mc,train,A2744,valid
cpsc2018_mc,train,A0744,train
cpsc2018_mc,train,A2141,train
cpsc2018_mc,train,A4448,test
cpsc2018_mc,train,A6324,valid
cpsc2018_mc,train,A3975,train
cpsc2018_mc,train,A5274,train
cpsc2018_mc,train,A4498,train
cpsc2018_mc,train,A2877,valid
cpsc2018_mc,train,A5028,train
cpsc2018_mc,train,A6319,test
cpsc2018_mc,train,A1182,train
cpsc2018_mc,train,A3192,train
cpsc2018_mc,train,A4466,train
cpsc2018_mc,train,A2466,train
cpsc2018_mc,train,A1627,test
cpsc2018_mc,train,A5097,train
cpsc2018_mc,train,A2080,valid
cpsc2018_mc,train,A6666,train
cpsc2018_mc,train,A2230,train
cpsc2018_mc,train,A5409,train
cpsc2018_mc,train,A4884,train
cpsc2018_mc,train,A2938,train
cpsc2018_mc,train,A2722,train
cpsc2018_mc,train,A3299,train
cpsc2018_mc,train,A1254,train
cpsc2018_mc,train,A1613,valid
cpsc2018_mc,train,A6021,train
cpsc2018_mc,train,A6241,train
cpsc2018_mc,train,A3954,train
cpsc2018_mc,train,A3894,train
cpsc2018_mc,train,A6376,train
cpsc2018_mc,train,A0057,train
cpsc2018_mc,train,A0630,train
cpsc2018_mc,train,A1369,test
cpsc2018_mc,train,A5227,train
cpsc2018_mc,train,A6669,valid
cpsc2018_mc,train,A6174,train
cpsc2018_mc,train,A2513,train
cpsc2018_mc,train,A4643,train
cpsc2018_mc,train,A0297,valid
cpsc2018_mc,train,A1226,valid
cpsc2018_mc,train,A2540,train
cpsc2018_mc,train,A5408,train
cpsc2018_mc,train,A2133,train
cpsc2018_mc,train,A0423,test
cpsc2018_mc,train,A1877,train
cpsc2018_mc,train,A1796,train
cpsc2018_mc,train,A3826,train
cpsc2018_mc,train,A2996,train
cpsc2018_mc,train,A4326,train
cpsc2018_mc,train,A6015,train
cpsc2018_mc,train,A1725,valid
cpsc2018_mc,train,A3047,train
cpsc2018_mc,train,A4288,train
cpsc2018_mc,train,A0235,valid
cpsc2018_mc,train,A1007,train
cpsc2018_mc,train,A1426,train
cpsc2018_mc,train,A5188,train
cpsc2018_mc,train,A2054,train
cpsc2018_mc,train,A2027,train
cpsc2018_mc,train,A2755,train
cpsc2018_mc,train,A5623,train
cpsc2018_mc,train,A4574,train
cpsc2018_mc,train,A1063,train
cpsc2018_mc,train,A1976,train
cpsc2018_mc,train,A2301,train
cpsc2018_mc,train,A2984,train
cpsc2018_mc,train,A0363,train
cpsc2018_mc,train,A3986,train
cpsc2018_mc,train,A4974,train
cpsc2018_mc,train,A6155,train
cpsc2018_mc,train,A2713,train
cpsc2018_mc,train,A1955,train
cpsc2018_mc,train,A4816,train
cpsc2018_mc,train,A6745,train
cpsc2018_mc,train,A5085,test
cpsc2018_mc,train,A5625,valid
cpsc2018_mc,train,A5579,train
cpsc2018_mc,train,A6336,train
cpsc2018_mc,train,A4503,test
cpsc2018_mc,train,A3195,train
cpsc2018_mc,train,A5533,test
cpsc2018_mc,train,A1886,train
cpsc2018_mc,train,A5248,train
cpsc2018_mc,train,A2734,train
cpsc2018_mc,train,A1513,train
cpsc2018_mc,train,A0197,train
cpsc2018_mc,train,A0947,test
cpsc2018_mc,train,A5058,train
cpsc2018_mc,train,A6263,train
cpsc2018_mc,train,A5995,train
cpsc2018_mc,train,A5641,train
cpsc2018_mc,train,A2150,train
cpsc2018_mc,train,A6637,train
cpsc2018_mc,train,A4007,train
cpsc2018_mc,train,A2246,train
cpsc2018_mc,train,A5390,train
cpsc2018_mc,train,A6146,train
cpsc2018_mc,train,A6325,train
cpsc2018_mc,train,A0021,train
cpsc2018_mc,train,A0001,train
cpsc2018_mc,train,A2392,train
cpsc2018_mc,train,A1503,train
cpsc2018_mc,train,A6712,train
cpsc2018_mc,train,A5944,train
cpsc2018_mc,train,A3119,train
cpsc2018_mc,train,A3774,train
cpsc2018_mc,train,A0433,valid
cpsc2018_mc,train,A5165,train
cpsc2018_mc,train,A3993,train
cpsc2018_mc,train,A5438,train
cpsc2018_mc,train,A1995,valid
cpsc2018_mc,train,A4327,train
cpsc2018_mc,train,A4979,test
cpsc2018_mc,train,A0898,train
cpsc2018_mc,train,A1734,train
cpsc2018_mc,train,A4750,valid
cpsc2018_mc,train,A1983,train
cpsc2018_mc,train,A2511,valid
cpsc2018_mc,train,A4481,train
cpsc2018_mc,train,A6423,train
cpsc2018_mc,train,A4587,train
cpsc2018_mc,train,A5195,train
cpsc2018_mc,train,A4267,train
cpsc2018_mc,train,A5935,train
cpsc2018_mc,train,A5423,train
cpsc2018_mc,train,A4129,train
cpsc2018_mc,train,A4890,test
cpsc2018_mc,train,A5697,train
cpsc2018_mc,train,A4864,train
cpsc2018_mc,train,A4918,train
cpsc2018_mc,train,A0607,train
cpsc2018_mc,train,A1288,valid
cpsc2018_mc,train,A1345,train
cpsc2018_mc,train,A3745,train
cpsc2018_mc,train,A1468,train
cpsc2018_mc,train,A5000,train
cpsc2018_mc,train,A4003,test
cpsc2018_mc,train,A0770,train
cpsc2018_mc,train,A2982,train
cpsc2018_mc,train,A4910,train
cpsc2018_mc,train,A2033,train
cpsc2018_mc,train,A5042,valid
cpsc2018_mc,train,A3085,train
cpsc2018_mc,train,A1607,train
cpsc2018_mc,train,A5755,train
cpsc2018_mc,train,A3545,unlisted
cpsc2018_mc,train,A6339,train
cpsc2018_mc,train,A0957,train
cpsc2018_mc,train,A5255,train
cpsc2018_mc,train,A1814,train
cpsc2018_mc,train,A2356,train
cpsc2018_mc,train,A4636,train
cpsc2018_mc,train,A4121,valid
cpsc2018_mc,train,A1648,valid
cpsc2018_mc,train,A4629,train
cpsc2018_mc,train,A0804,train
cpsc2018_mc,train,A4552,train
cpsc2018_mc,train,A4188,train
cpsc2018_mc,train,A2893,test
cpsc2018_mc,train,A2134,train
cpsc2018_mc,train,A3759,test
cpsc2018_mc,train,A1233,train
cpsc2018_mc,train,A6098,train
cpsc2018_mc,train,A6143,train
cpsc2018_mc,train,A3307,train
cpsc2018_mc,train,A2643,train
cpsc2018_mc,train,A1315,valid
cpsc2018_mc,train,A2213,train
cpsc2018_mc,train,A0219,train
cpsc2018_mc,train,A1675,train
cpsc2018_mc,train,A5497,train
cpsc2018_mc,train,A0635,train
cpsc2018_mc,train,A2338,train
cpsc2018_mc,train,A1579,valid
cpsc2018_mc,train,A0851,train
cpsc2018_mc,train,A4289,train
cpsc2018_mc,train,A2644,train
cpsc2018_mc,train,A6809,train
cpsc2018_mc,train,A2031,train
cpsc2018_mc,train,A0151,train
cpsc2018_mc,train,A0202,train
cpsc2018_mc,train,A6137,train
cpsc2018_mc,train,A1994,train
cpsc2018_mc,train,A4274,train
cpsc2018_mc,train,A2847,train
cpsc2018_mc,train,A4869,train
cpsc2018_mc,train,A6035,test
cpsc2018_mc,train,A2930,train
cpsc2018_mc,train,A5774,train
cpsc2018_mc,train,A2286,train
cpsc2018_mc,train,A0721,train
cpsc2018_mc,train,A2087,train
cpsc2018_mc,train,A5886,train
cpsc2018_mc,train,A2876,train
cpsc2018_mc,train,A2444,train
cpsc2018_mc,train,A6508,train
cpsc2018_mc,train,A2626,train
cpsc2018_mc,train,A1599,train
cpsc2018_mc,train,A0374,test
cpsc2018_mc,train,A4317,train
cpsc2018_mc,train,A2787,train
cpsc2018_mc,train,A0801,valid
cpsc2018_mc,train,A5412,valid
cpsc2018_mc,train,A1085,train
cpsc2018_mc,train,A3451,train
cpsc2018_mc,train,A5832,test
cpsc2018_mc,train,A2123,train
cpsc2018_mc,train,A4423,train
cpsc2018_mc,train,A6701,train
cpsc2018_mc,train,A6604,train
cpsc2018_mc,train,A1437,train
cpsc2018_mc,train,A4776,train
cpsc2018_mc,train,A6310,train
cpsc2018_mc,train,A0723,train
cpsc2018_mc,train,A1973,train
cpsc2018_mc,train,A4774,valid
cpsc2018_mc,train,A4608,train
cpsc2018_mc,train,A0539,train
cpsc2018_mc,train,A3725,train
cpsc2018_mc,train,A4818,train
cpsc2018_mc,train,A6851,train
cpsc2018_mc,train,A6388,valid
cpsc2018_mc,train,A6326,test
cpsc2018_mc,train,A6572,train
cpsc2018_mc,train,A1205,test
cpsc2018_mc,train,A6584,train
cpsc2018_mc,train,A5679,train
cpsc2018_mc,train,A0763,train
cpsc2018_mc,train,A1415,train
cpsc2018_mc,train,A4837,train
cpsc2018_mc,train,A1789,train
cpsc2018_mc,train,A2828,train
cpsc2018_mc,train,A4792,train
cpsc2018_mc,train,A4642,train
cpsc2018_mc,train,A0076,train
cpsc2018_mc,train,A4373,train
cpsc2018_mc,train,A6613,train
cpsc2018_mc,train,A2499,train
cpsc2018_mc,train,A4825,train
cpsc2018_mc,train,A3749,test
cpsc2018_mc,train,A5415,train
cpsc2018_mc,train,A0903,train
cpsc2018_mc,train,A1359,train
cpsc2018_mc,train,A1850,train
cpsc2018_mc,train,A6425,test
cpsc2018_mc,train,A3163,train
cpsc2018_mc,train,A6026,train
cpsc2018_mc,train,A2612,train
cpsc2018_mc,train,A4924,train
cpsc2018_mc,train,A4571,train
cpsc2018_mc,train,A2772,valid
cpsc2018_mc,train,A5333,train
cpsc2018_mc,train,A3005,train
cpsc2018_mc,train,A6124,train
cpsc2018_mc,train,A5851,test
cpsc2018_mc,train,A5080,train
cpsc2018_mc,train,A1269,train
cpsc2018_mc,train,A0434,valid
cpsc2018_mc,train,A6331,train
cpsc2018_mc,train,A4031,train
cpsc2018_mc,train,A0867,train
cpsc2018_mc,train,A5892,train
cpsc2018_mc,train,A4585,valid
cpsc2018_mc,train,A1547,test
cpsc2018_mc,train,A1830,train
cpsc2018_mc,train,A3981,train
cpsc2018_mc,train,A4982,valid
cpsc2018_mc,train,A5629,train
cpsc2018_mc,train,A2443,train
cpsc2018_mc,train,A1090,valid
cpsc2018_mc,train,A2572,train
cpsc2018_mc,train,A1435,train
cpsc2018_mc,train,A4361,test
cpsc2018_mc,train,A4527,train
cpsc2018_mc,train,A5114,train
cpsc2018_mc,train,A0093,train
cpsc2018_mc,train,A3711,valid
cpsc2018_mc,train,A5721,train
cpsc2018_mc,train,A5376,test
cpsc2018_mc,train,A4600,train
cpsc2018_mc,train,A5411,train
cpsc2018_mc,train,A3884,train
cpsc2018_mc,train,A3202,test
cpsc2018_mc,train,A0465,train
cpsc2018_mc,train,A6820,valid
cpsc2018_mc,train,A2095,train
cpsc2018_mc,train,A6235,valid
cpsc2018_mc,train,A1692,train
cpsc2018_mc,train,A4863,train
cpsc2018_mc,train,A1727,train
cpsc2018_mc,train,A5083,train
cpsc2018_mc,train,A3036,train
cpsc2018_mc,train,A0925,train
cpsc2018_mc,train,A0548,test
cpsc2018_mc,train,A5396,train
cpsc2018_mc,train,A0165,train
cpsc2018_mc,train,A5677,train
cpsc2018_mc,train,A2875,train
cpsc2018_mc,train,A4198,test
cpsc2018_mc,train,A1525,train
cpsc2018_mc,train,A5507,train
cpsc2018_mc,train,A6746,valid
cpsc2018_mc,train,A2496,test
cpsc2018_mc,train,A3640,train
cpsc2018_mc,train,A1263,train
cpsc2018_mc,train,A2487,train
cpsc2018_mc,train,A6699,train
cpsc2018_mc,train,A1970,train
cpsc2018_mc,train,A4351,train
cpsc2018_mc,train,A0603,train
cpsc2018_mc,train,A0502,train
cpsc2018_mc,train,A2227,train
cpsc2018_mc,train,A1052,train
cpsc2018_mc,train,A6013,test
cpsc2018_mc,train,A3735,valid
cpsc2018_mc,train,A0582,train
cpsc2018_mc,train,A4549,valid
cpsc2018_mc,train,A2012,train
cpsc2018_mc,train,A4705,train
cpsc2018_mc,train,A6069,test
cpsc2018_mc,train,A5474,train
cpsc2018_mc,train,A4032,train
cpsc2018_mc,train,A1765,train
cpsc2018_mc,train,A2461,train
cpsc2018_mc,train,A0702,valid
cpsc2018_mc,train,A6639,train
cpsc2018_mc,train,A1075,train
cpsc2018_mc,train,A5807,train
cpsc2018_mc,train,A4443,train
cpsc2018_mc,train,A1857,train
cpsc2018_mc,train,A2475,test
cpsc2018_mc,train,A5560,test
cpsc2018_mc,train,A6141,train
cpsc2018_mc,train,A5608,train
cpsc2018_mc,train,A0179,train
cpsc2018_mc,train,A2529,train
cpsc2018_mc,train,A4219,train
cpsc2018_mc,train,A4650,train
cpsc2018_mc,train,A1209,train
cpsc2018_mc,train,A5627,train
cpsc2018_mc,train,A2557,train
cpsc2018_mc,train,A3241,train
cpsc2018_mc,train,A5812,train
cpsc2018_mc,train,A0319,train
cpsc2018_mc,train,A1030,train
cpsc2018_mc,train,A3208,train
cpsc2018_mc,train,A4295,train
cpsc2018_mc,train,A5335,train
cpsc2018_mc,train,A3181,test
cpsc2018_mc,train,A4035,train
cpsc2018_mc,train,A3848,valid
cpsc2018_mc,train,A3586,train
cpsc2018_mc,train,A6240,valid
cpsc2018_mc,train,A3309,train
cpsc2018_mc,train,A5901,train
cpsc2018_mc,train,A4346,train
cpsc2018_mc,train,A6781,train
cpsc2018_mc,train,A1046,valid
cpsc2018_mc,train,A2597,test
cpsc2018_mc,train,A5464,train
cpsc2018_mc,train,A5936,unlisted
cpsc2018_mc,train,A6413,train
cpsc2018_mc,train,A1874,valid
cpsc2018_mc,train,A6472,test
cpsc2018_mc,train,A4737,train
cpsc2018_mc,train,A6795,train
cpsc2018_mc,train,A5018,train
cpsc2018_mc,train,A4835,train
cpsc2018_mc,train,A1096,valid
cpsc2018_mc,train,A2004,train
cpsc2018_mc,train,A3932,valid
cpsc2018_mc,train,A4849,train
cpsc2018_mc,train,A6566,train
cpsc2018_mc,train,A1092,valid
cpsc2018_mc,train,A4225,train
cpsc2018_mc,train,A6417,train
cpsc2018_mc,train,A6256,train
cpsc2018_mc,train,A4633,train
cpsc2018_mc,train,A4915,train
cpsc2018_mc,train,A4186,valid
cpsc2018_mc,train,A1626,train
cpsc2018_mc,train,A5215,train
cpsc2018_mc,train,A6290,train
cpsc2018_mc,train,A5590,valid
cpsc2018_mc,train,A1609,test
cpsc2018_mc,train,A1544,train
cpsc2018_mc,train,A0294,test
cpsc2018_mc,train,A3034,train
cpsc2018_mc,train,A6305,test
cpsc2018_mc,train,A2974,train
cpsc2018_mc,train,A5032,train
cpsc2018_mc,train,A1029,train
cpsc2018_mc,train,A4827,train
cpsc2018_mc,train,A6447,train
cpsc2018_mc,train,A2649,train
cpsc2018_mc,train,A2396,train
cpsc2018_mc,train,A6049,test
cpsc2018_mc,train,A0276,train
cpsc2018_mc,train,A1757,train
cpsc2018_mc,train,A1938,train
cpsc2018_mc,train,A6691,train
cpsc2018_mc,train,A4625,train
cpsc2018_mc,train,A1022,train
cpsc2018_mc,train,A4504,train
cpsc2018_mc,train,A5078,train
cpsc2018_mc,train,A0298,train
cpsc2018_mc,train,A0734,train
cpsc2018_mc,train,A4567,train
cpsc2018_mc,train,A2102,train
cpsc2018_mc,train,A5472,train
cpsc2018_mc,train,A6761,train
cpsc2018_mc,train,A1278,valid
cpsc2018_mc,train,A6308,train
cpsc2018_mc,train,A6718,train
cpsc2018_mc,train,A6616,test
cpsc2018_mc,train,A5158,train
cpsc2018_mc,train,A2978,train
cpsc2018_mc,train,A2858,train
cpsc2018_mc,train,A5813,train
cpsc2018_mc,train,A1962,train
cpsc2018_mc,train,A2664,valid
cpsc2018_mc,train,A3322,train
cpsc2018_mc,train,A6462,train
cpsc2018_mc,train,A2542,train
cpsc2018_mc,train,A3685,valid
cpsc2018_mc,train,A0753,train
cpsc2018_mc,train,A2108,train
cpsc2018_mc,train,A6471,train
cpsc2018_mc,train,A0671,test
cpsc2018_mc,train,A3384,train
cpsc2018_mc,train,A4070,train
cpsc2018_mc,train,A3535,train
cpsc2018_mc,train,A2497,train
cpsc2018_mc,train,A6596,train
cpsc2018_mc,train,A2794,test
cpsc2018_mc,train,A0046,train
cpsc2018_mc,train,A2089,train
cpsc2018_mc,train,A1819,train
cpsc2018_mc,train,A6662,train
cpsc2018_mc,train,A0288,train
cpsc2018_mc,train,A3224,train
cpsc2018_mc,train,A2688,train
cpsc2018_mc,train,A0933,test
cpsc2018_mc,train,A3115,train
cpsc2018_mc,train,A5035,train
cpsc2018_mc,train,A3683,train
cpsc2018_mc,train,A5828,train
cpsc2018_mc,train,A4738,train
cpsc2018_mc,train,A4358,train
cpsc2018_mc,train,A1366,train
cpsc2018_mc,train,A4176,train
cpsc2018_mc,train,A2165,train
cpsc2018_mc,train,A0612,train
cpsc2018_mc,train,A1002,train
cpsc2018_mc,train,A2886,train
cpsc2018_mc,train,A3463,train
cpsc2018_mc,train,A0529,test
cpsc2018_mc,train,A2433,train
cpsc2018_mc,train,A1463,valid
cpsc2018_mc,train,A3984,train
cpsc2018_mc,train,A2820,train
cpsc2018_mc,train,A0009,train
cpsc2018_mc,train,A2551,train
cpsc2018_mc,train,A5822,train
cpsc2018_mc,train,A5015,train
cpsc2018_mc,train,A4939,valid
cpsc2018_mc,train,A6038,valid
cpsc2018_mc,train,A1602,train
cpsc2018_mc,train,A1332,train
cpsc2018_mc,train,A2679,test
cpsc2018_mc,train,A2925,test
cpsc2018_mc,train,A1997,train
cpsc2018_mc,train,A3009,train
cpsc2018_mc,train,A0853,valid
cpsc2018_mc,train,A2504,train
cpsc2018_mc,train,A1123,train
cpsc2018_mc,train,A5926,train
cpsc2018_mc,train,A3499,train
cpsc2018_mc,train,A4147,train
cpsc2018_mc,train,A2193,train
cpsc2018_mc,train,A1414,train
cpsc2018_mc,train,A1965,train
cpsc2018_mc,train,A4866,valid
cpsc2018_mc,train,A0489,train
cpsc2018_mc,train,A0975,train
cpsc2018_mc,train,A4666,test
cpsc2018_mc,train,A6127,train
cpsc2018_mc,train,A3010,train
cpsc2018_mc,train,A3358,train
cpsc2018_mc,train,A0861,test
cpsc2018_mc,train,A2929,train
cpsc2018_mc,train,A6682,train
cpsc2018_mc,train,A1927,train
cpsc2018_mc,train,A2341,test
cpsc2018_mc,train,A4398,valid
cpsc2018_mc,train,A3080,train
cpsc2018_mc,train,A2676,train
cpsc2018_mc,train,A6714,train
cpsc2018_mc,train,A5930,train
cpsc2018_mc,train,A0978,train
cpsc2018_mc,train,A5502,train
cpsc2018_mc,train,A1211,train
cpsc2018_mc,train,A4971,valid
cpsc2018_mc,train,A4722,train
cpsc2018_mc,train,A0581,train
cpsc2018_mc,train,A4300,test
cpsc2018_mc,train,A2692,train
cpsc2018_mc,train,A5572,train
cpsc2018_mc,train,A5052,train
cpsc2018_mc,train,A2878,train
cpsc2018_mc,train,A5630,train
cpsc2018_mc,train,A2523,train
cpsc2018_mc,train,A1904,train
cpsc2018_mc,train,A0669,train
cpsc2018_mc,train,A0627,test
cpsc2018_mc,train,A4514,train
cpsc2018_mc,train,A1460,train
cpsc2018_mc,train,A0375,train
cpsc2018_mc,train,A0644,train
cpsc2018_mc,train,A5604,train
cpsc2018_mc,train,A0699,train
cpsc2018_mc,train,A0477,train
cpsc2018_mc,train,A2094,valid
cpsc2018_mc,train,A3552,train
cpsc2018_mc,train,A0112,train
cpsc2018_mc,train,A6514,train
cpsc2018_mc,train,A4096,test
cpsc2018_mc,train,A5384,train
cpsc2018_mc,train,A6551,valid
cpsc2018_mc,train,A2282,train
cpsc2018_mc,train,A1699,train
cpsc2018_mc,train,A3833,train
cpsc2018_mc,train,A4731,valid
cpsc2018_mc,train,A5471,train
cpsc2018_mc,train,A3970,test
cpsc2018_mc,train,A1678,train
cpsc2018_mc,train,A1073,train
cpsc2018_mc,train,A6047,train
cpsc2018_mc,train,A0578,valid
cpsc2018_mc,train,A0200,train
cpsc2018_mc,train,A2725,train
cpsc2018_mc,train,A5180,train
cpsc2018_mc,train,A5143,train
cpsc2018_mc,train,A3310,train
cpsc2018_mc,train,A6199,test
cpsc2018_mc,train,A3773,train
cpsc2018_mc,train,A0629,valid
cpsc2018_mc,train,A3899,train
cpsc2018_mc,train,A0650,valid
cpsc2018_mc,train,A6408,train
cpsc2018_mc,train,A3375,train
cpsc2018_mc,train,A6185,train
cpsc2018_mc,train,A2620,valid
cpsc2018_mc,train,A3377,train
cpsc2018_mc,train,A6452,test
cpsc2018_mc,train,A4956,train
cpsc2018_mc,train,A4376,train
cpsc2018_mc,train,A5295,test
cpsc2018_mc,train,A2430,train
cpsc2018_mc,train,A4350,train
cpsc2018_mc,train,A2750,valid
cpsc2018_mc,train,A4604,train
cpsc2018_mc,train,A0420,valid
cpsc2018_mc,train,A0938,test
cpsc2018_mc,train,A2070,train
cpsc2018_mc,train,A0407,train
cpsc2018_mc,train,A5922,test
cpsc2018_mc,train,A6031,train
cpsc2018_mc,train,A6323,test
cpsc2018_mc,train,A5933,train
cpsc2018_mc,train,A6827,train
cpsc2018_mc,train,A1227,train
cpsc2018_mc,train,A4359,train
cpsc2018_mc,train,A2606,valid
cpsc2018_mc,train,A5526,train
cpsc2018_mc,train,A1481,train
cpsc2018_mc,train,A2408,train
cpsc2018_mc,train,A6304,valid
cpsc2018_mc,train,A6193,train
cpsc2018_mc,train,A3935,train
cpsc2018_mc,train,A2473,train
cpsc2018_mc,train,A4714,train
cpsc2018_mc,train,A6664,train
cpsc2018_mc,train,A1301,train
cpsc2018_mc,train,A3615,train
cpsc2018_mc,train,A4470,train
cpsc2018_mc,train,A2205,valid
cpsc2018_mc,train,A1571,train
cpsc2018_mc,train,A2968,train
cpsc2018_mc,train,A6165,train
cpsc2018_mc,train,A3965,test
cpsc2018_mc,train,A4478,train
cpsc2018_mc,train,A6634,train
cpsc2018_mc,train,A1616,train
cpsc2018_mc,train,A0968,train
cpsc2018_mc,train,A2532,train
cpsc2018_mc,train,A2919,train
cpsc2018_mc,train,A6652,train
cpsc2018_mc,train,A5956,test
cpsc2018_mc,train,A1384,train
cpsc2018_mc,train,A3973,train
cpsc2018_mc,train,A0926,train
cpsc2018_mc,train,A4836,train
cpsc2018_mc,train,A0638,train
cpsc2018_mc,train,A0230,train
cpsc2018_mc,train,A1810,test
cpsc2018_mc,train,A2222,train
cpsc2018_mc,train,A3592,valid
cpsc2018_mc,train,A3956,train
cpsc2018_mc,train,A1003,valid
cpsc2018_mc,train,A0692,test
cpsc2018_mc,train,A4853,train
cpsc2018_mc,train,A5082,train
cpsc2018_mc,train,A2173,train
cpsc2018_mc,train,A0186,train
cpsc2018_mc,train,A4926,train
cpsc2018_mc,train,A5996,test
cpsc2018_mc,train,A6173,train
cpsc2018_mc,train,A4206,train
cpsc2018_mc,train,A0676,train
cpsc2018_mc,train,A0969,train
cpsc2018_mc,train,A1581,train
cpsc2018_mc,train,A3279,train
cpsc2018_mc,train,A4745,valid
cpsc2018_mc,train,A0599,valid
cpsc2018_mc,train,A5061,train
cpsc2018_mc,train,A6246,train
cpsc2018_mc,train,A6766,train
cpsc2018_mc,train,A4039,test
cpsc2018_mc,train,A3786,valid
cpsc2018_mc,train,A6251,train
cpsc2018_mc,train,A4200,train
cpsc2018_mc,train,A5603,train
cpsc2018_mc,train,A3151,train
cpsc2018_mc,train,A2048,valid
cpsc2018_mc,train,A2939,train
cpsc2018_mc,train,A3731,train
cpsc2018_mc,train,A6307,train
cpsc2018_mc,train,A0703,train
cpsc2018_mc,train,A4535,train
cpsc2018_mc,train,A1121,train
cpsc2018_mc,train,A3712,train
cpsc2018_mc,train,A6720,test
cpsc2018_mc,train,A0700,train
cpsc2018_mc,train,A6759,train
cpsc2018_mc,train,A5616,train
cpsc2018_mc,train,A5162,valid
cpsc2018_mc,train,A2543,train
cpsc2018_mc,train,A4771,train
cpsc2018_mc,train,A3467,valid
cpsc2018_mc,train,A4691,train
cpsc2018_mc,train,A2309,train
cpsc2018_mc,train,A4205,train
cpsc2018_mc,train,A2154,train
cpsc2018_mc,train,A1520,train
cpsc2018_mc,train,A6594,train
cpsc2018_mc,train,A1019,train
cpsc2018_mc,train,A6282,valid
cpsc2018_mc,train,A0598,train
cpsc2018_mc,train,A1601,valid
cpsc2018_mc,train,A3094,valid
cpsc2018_mc,train,A2881,train
cpsc2018_mc,train,A2091,train
cpsc2018_mc,train,A3044,train
cpsc2018_mc,train,A2237,test
cpsc2018_mc,train,A2536,train
cpsc2018_mc,train,A2076,train
cpsc2018_mc,train,A1811,test
cpsc2018_mc,train,A1080,train
cpsc2018_mc,train,A6608,valid
cpsc2018_mc,train,A2310,train
cpsc2018_mc,train,A5975,test
cpsc2018_mc,train,A6497,train
cpsc2018_mc,train,A6172,train
cpsc2018_mc,train,A6829,valid
cpsc2018_mc,train,A0920,test
cpsc2018_mc,train,A3827,train
cpsc2018_mc,train,A0659,train
cpsc2018_mc,train,A2402,train
cpsc2018_mc,train,A5468,train
cpsc2018_mc,train,A4210,train
cpsc2018_mc,train,A5905,train
cpsc2018_mc,train,A1744,valid
cpsc2018_mc,train,A6161,train
cpsc2018_mc,train,A4293,train
cpsc2018_mc,train,A2217,train
cpsc2018_mc,train,A1188,train
cpsc2018_mc,train,A1956,train
cpsc2018_mc,train,A6607,train
cpsc2018_mc,train,A1420,train
cpsc2018_mc,train,A5716,train
cpsc2018_mc,train,A6330,train
cpsc2018_mc,train,A6533,train
cpsc2018_mc,train,A2020,train
cpsc2018_mc,train,A5814,train
cpsc2018_mc,train,A1132,train
cpsc2018_mc,train,A1078,test
cpsc2018_mc,train,A1470,test
cpsc2018_mc,train,A3985,train
cpsc2018_mc,train,A0520,valid
cpsc2018_mc,train,A3101,train
cpsc2018_mc,train,A5152,train
cpsc2018_mc,train,A1821,train
cpsc2018_mc,train,A6383,train
cpsc2018_mc,train,A5871,train
cpsc2018_mc,train,A2788,train
cpsc2018_mc,train,A4419,train
cpsc2018_mc,train,A5115,test
cpsc2018_mc,train,A5043,train
cpsc2018_mc,train,A1521,train
cpsc2018_mc,train,A0815,valid
cpsc2018_mc,train,A5281,train
cpsc2018_mc,train,A6298,train
cpsc2018_mc,train,A0959,train
cpsc2018_mc,train,A3280,train
cpsc2018_mc,train,A1266,train
cpsc2018_mc,train,A1109,train
cpsc2018_mc,train,A1482,test
cpsc2018_mc,train,A0593,train
cpsc2018_mc,train,A1219,train
cpsc2018_mc,train,A1256,train
cpsc2018_mc,train,A6670,train
cpsc2018_mc,train,A5906,train
cpsc2018_mc,train,A2488,train
cpsc2018_mc,train,A5549,train
cpsc2018_mc,train,A3737,train
cpsc2018_mc,train,A3267,valid
cpsc2018_mc,train,A0068,train
cpsc2018_mc,train,A3599,train
cpsc2018_mc,train,A2428,valid
cpsc2018_mc,train,A2136,train
cpsc2018_mc,train,A4368,train
cpsc2018_mc,train,A6791,train
cpsc2018_mc,train,A4440,valid
cpsc2018_mc,train,A3106,train
cpsc2018_mc,train,A5957,valid
cpsc2018_mc,train,A4090,train
cpsc2018_mc,train,A1198,train
cpsc2018_mc,train,A5192,train
cpsc2018_mc,train,A6306,train
cpsc2018_mc,train,A3952,train
cpsc2018_mc,train,A4886,train
cpsc2018_mc,train,A4446,train
cpsc2018_mc,train,A5844,test
cpsc2018_mc,train,A2904,valid
cpsc2018_mc,train,A5503,train
cpsc2018_mc,train,A4221,test
cpsc2018_mc,train,A4075,valid
cpsc2018_mc,train,A1044,train
cpsc2018_mc,train,A1200,train
cpsc2018_mc,train,A0213,train
cpsc2018_mc,train,A5200,test
cpsc2018_mc,train,A4729,train
cpsc2018_mc,train,A2298,train
cpsc2018_mc,train,A2477,test
cpsc2018_mc,train,A5164,train
cpsc2018_mc,train,A6729,train
cpsc2018_mc,train,A2232,train
cpsc2018_mc,train,A6392,train
cpsc2018_mc,train,A1650,train
cpsc2018_mc,train,A6028,test
cpsc2018_mc,train,A4659,valid
cpsc2018_mc,train,A0255,valid
cpsc2018_mc,train,A1125,train
cpsc2018_mc,train,A2850,train
cpsc2018_mc,train,A2124,train
cpsc2018_mc,train,A5597,train
cpsc2018_mc,train,A6549,train
cpsc2018_mc,train,A1553,train
cpsc2018_mc,train,A2397,train
cpsc2018_mc,train,A0767,train
cpsc2018_mc,train,A1248,train
cpsc2018_mc,train,A3623,test
cpsc2018_mc,train,A1213,train
cpsc2018_mc,train,A4706,test
cpsc2018_mc,train,A1959,train
cpsc2018_mc,train,A2909,train
cpsc2018_mc,train,A3405,train
cpsc2018_mc,train,A5853,train
cpsc2018_mc,train,A5462,train
cpsc2018_mc,train,A3846,train
cpsc2018_mc,train,A1827,train
cpsc2018_mc,train,A1150,train
cpsc2018_mc,train,A5725,train
cpsc2018_mc,train,A2486,train
cpsc2018_mc,train,A5391,train
cpsc2018_mc,train,A6823,valid
cpsc2018_mc,train,A0345,train
cpsc2018_mc,train,A2926,train
cpsc2018_mc,train,A2512,train
cpsc2018_mc,train,A6793,train
cpsc2018_mc,train,A5150,train
cpsc2018_mc,train,A2811,train
cpsc2018_mc,train,A1565,train
cpsc2018_mc,train,A1149,train
cpsc2018_mc,train,A2376,train
cpsc2018_mc,train,A3291,train
cpsc2018_mc,train,A3456,train
cpsc2018_mc,train,A5710,train
cpsc2018_mc,train,A1934,test
cpsc2018_mc,train,A6661,train
cpsc2018_mc,train,A6555,train
cpsc2018_mc,train,A1578,train
cpsc2018_mc,train,A4343,train
cpsc2018_mc,train,A2780,train
cpsc2018_mc,train,A4287,train
cpsc2018_mc,train,A0967,valid
cpsc2018_mc,train,A5076,valid
cpsc2018_mc,train,A5628,train
cpsc2018_mc,train,A1664,train
cpsc2018_mc,train,A6448,train
cpsc2018_mc,train,A2116,train
cpsc2018_mc,train,A0491,train
cpsc2018_mc,train,A4138,train
cpsc2018_mc,train,A4283,test
cpsc2018_mc,train,A6831,train
cpsc2018_mc,train,A4349,train
cpsc2018_mc,train,A4030,train
cpsc2018_mc,train,A4113,test
cpsc2018_mc,train,A3597,train
cpsc2018_mc,train,A0398,train
cpsc2018_mc,train,A2401,train
cpsc2018_mc,train,A1258,train
cpsc2018_mc,train,A5535,train
cpsc2018_mc,train,A3534,valid
cpsc2018_mc,train,A3790,train
cpsc2018_mc,train,A2372,train
cpsc2018_mc,train,A2013,valid
cpsc2018_mc,train,A1168,train
cpsc2018_mc,train,A2714,train
cpsc2018_mc,train,A0027,train
cpsc2018_mc,train,A2279,test
cpsc2018_mc,train,A1823,train
cpsc2018_mc,train,A6281,train
cpsc2018_mc,train,A6565,train
cpsc2018_mc,train,A3029,train
cpsc2018_mc,train,A5584,train
cpsc2018_mc,train,A2723,train
cpsc2018_mc,train,A4144,test
cpsc2018_mc,train,A2566,train
cpsc2018_mc,train,A0503,valid
cpsc2018_mc,train,A1185,train
cpsc2018_mc,train,A0098,valid
cpsc2018_mc,train,A1580,test
cpsc2018_mc,train,A4474,train
cpsc2018_mc,train,A4059,train
cpsc2018_mc,train,A5055,train
cpsc2018_mc,train,A0313,train
cpsc2018_mc,train,A2740,train
cpsc2018_mc,train,A0505,test
cpsc2018_mc,train,A0238,train
cpsc2018_mc,train,A2855,train
cpsc2018_mc,train,A4235,train
cpsc2018_mc,train,A3896,test
cpsc2018_mc,train,A3206,train
cpsc2018_mc,train,A2848,train
cpsc2018_mc,train,A1515,test
cpsc2018_mc,train,A0263,train
cpsc2018_mc,train,A6516,train
cpsc2018_mc,train,A0655,train
cpsc2018_mc,train,A6072,train
cpsc2018_mc,train,A2478,train
cpsc2018_mc,train,A5581,train
cpsc2018_mc,train,A2514,test
cpsc2018_mc,train,A0726,train
cpsc2018_mc,train,A6824,train
cpsc2018_mc,train,A2517,train
cpsc2018_mc,train,A3779,train
cpsc2018_mc,train,A6481,test
cpsc2018_mc,train,A6728,train
cpsc2018_mc,train,A6677,test
cpsc2018_mc,train,A4408,train
cpsc2018_mc,train,A6271,train
cpsc2018_mc,train,A3824,train
cpsc2018_mc,train,A4266,train
cpsc2018_mc,train,A3967,train
cpsc2018_mc,train,A3298,train
cpsc2018_mc,train,A6113,train
cpsc2018_mc,train,A0859,train
cpsc2018_mc,train,A2807,train
cpsc2018_mc,train,A5106,train
cpsc2018_mc,train,A4942,test
cpsc2018_mc,train,A5139,train
cpsc2018_mc,train,A5021,test
cpsc2018_mc,train,A6231,train
cpsc2018_mc,train,A5654,test
cpsc2018_mc,train,A6644,train
cpsc2018_mc,train,A0751,test
cpsc2018_mc,train,A6024,train
cpsc2018_mc,train,A4227,train
cpsc2018_mc,train,A3582,train
cpsc2018_mc,train,A1926,train
cpsc2018_mc,train,A2207,train
cpsc2018_mc,train,A5316,train
cpsc2018_mc,train,A3130,train
cpsc2018_mc,train,A4081,train
cpsc2018_mc,train,A3341,test
cpsc2018_mc,train,A2389,train
cpsc2018_mc,train,A4505,train
cpsc2018_mc,train,A2037,train
cpsc2018_mc,train,A0532,train
cpsc2018_mc,train,A1863,train
cpsc2018_mc,train,A2453,valid
cpsc2018_mc,train,A3829,train
cpsc2018_mc,train,A5989,train
cpsc2018_mc,train,A2561,train
cpsc2018_mc,train,A0862,train
cpsc2018_mc,train,A0570,train
cpsc2018_mc,train,A0571,train
cpsc2018_mc,train,A4648,train
cpsc2018_mc,train,A3240,test
cpsc2018_mc,train,A5368,train
cpsc2018_mc,train,A6441,train
cpsc2018_mc,train,A2647,train
cpsc2018_mc,train,A2429,train
cpsc2018_mc,train,A5177,test
cpsc2018_mc,train,A0860,train
cpsc2018_mc,train,A6396,valid
cpsc2018_mc,train,A4973,train
cpsc2018_mc,train,A1670,train
cpsc2018_mc,train,A2072,valid
cpsc2018_mc,train,A0714,train
cpsc2018_mc,train,A5123,train
cpsc2018_mc,train,A2415,train
cpsc2018_mc,train,A1984,train
cpsc2018_mc,train,A0406,train
cpsc2018_mc,train,A6004,train
cpsc2018_mc,train,A6342,train
cpsc2018_mc,train,A0136,train
cpsc2018_mc,train,A0414,train
cpsc2018_mc,train,A0243,train
cpsc2018_mc,train,A2438,test
cpsc2018_mc,train,A6591,train
cpsc2018_mc,train,A1779,test
cpsc2018_mc,train,A3180,train
cpsc2018_mc,train,A4914,valid
cpsc2018_mc,train,A6166,train
cpsc2018_mc,train,A4005,train
cpsc2018_mc,train,A1070,train
cpsc2018_mc,train,A6184,valid
cpsc2018_mc,train,A2770,train
cpsc2018_mc,train,A6454,test
cpsc2018_mc,train,A5232,train
cpsc2018_mc,train,A5294,train
cpsc2018_mc,train,A0396,train
cpsc2018_mc,train,A4241,train
cpsc2018_mc,train,A4580,train
cpsc2018_mc,train,A1379,train
cpsc2018_mc,train,A3755,train
cpsc2018_mc,train,A4773,valid
cpsc2018_mc,train,A2666,test
cpsc2018_mc,train,A6394,train
cpsc2018_mc,train,A4078,train
cpsc2018_mc,train,A5803,train
cpsc2018_mc,train,A2403,train
cpsc2018_mc,train,A4634,train
cpsc2018_mc,train,A2834,train
cpsc2018_mc,train,A3771,train
cpsc2018_mc,train,A2247,train
cpsc2018_mc,train,A5841,train
cpsc2018_mc,train,A0852,train
cpsc2018_mc,train,A1421,train
cpsc2018_mc,train,A6315,train
cpsc2018_mc,train,A3923,train
cpsc2018_mc,train,A6509,train
cpsc2018_mc,train,A2854,valid
cpsc2018_mc,train,A6280,train
cpsc2018_mc,train,A1563,train
cpsc2018_mc,train,A1367,train
cpsc2018_mc,train,A0435,train
cpsc2018_mc,train,A0478,train
cpsc2018_mc,train,A1847,train
cpsc2018_mc,train,A3643,train
cpsc2018_mc,train,A0402,train
cpsc2018_mc,train,A4476,train
cpsc2018_mc,train,A0260,valid
cpsc2018_mc,train,A5849,train
cpsc2018_mc,train,A0171,test
cpsc2018_mc,train,A6037,train
cpsc2018_mc,train,A3402,train
cpsc2018_mc,train,A5421,unlisted
cpsc2018_mc,train,A3913,train
cpsc2018_mc,train,A0445,train
cpsc2018_mc,train,A6348,train
cpsc2018_mc,train,A4076,train
cpsc2018_mc,train,A3811,train
cpsc2018_mc,train,A2303,test
cpsc2018_mc,train,A0097,test
cpsc2018_mc,train,A3938,train
cpsc2018_mc,train,A3612,train
cpsc2018_mc,train,A0930,valid
cpsc2018_mc,train,A1144,train
cpsc2018_mc,train,A4451,train
cpsc2018_mc,train,A5342,train
cpsc2018_mc,train,A4556,train
cpsc2018_mc,train,A3295,train
cpsc2018_mc,train,A4980,train
cpsc2018_mc,train,A2902,train
cpsc2018_mc,train,A5236,train
cpsc2018_mc,train,A4515,train
cpsc2018_mc,train,A0942,valid
cpsc2018_mc,train,A3312,train
cpsc2018_mc,train,A0089,valid
cpsc2018_mc,train,A3301,test
cpsc2018_mc,train,A2474,train
cpsc2018_mc,train,A6739,valid
cpsc2018_mc,train,A6274,train
cpsc2018_mc,train,A6318,train
cpsc2018_mc,train,A0836,train
cpsc2018_mc,train,A4703,train
cpsc2018_mc,train,A3701,train
cpsc2018_mc,train,A0869,train
cpsc2018_mc,train,A2510,train
cpsc2018_mc,train,A6561,train
cpsc2018_mc,train,A5528,train
cpsc2018_mc,train,A4857,train
cpsc2018_mc,train,A5706,train
cpsc2018_mc,train,A5473,train
cpsc2018_mc,train,A4004,train
cpsc2018_mc,train,A6656,train
cpsc2018_mc,train,A4494,train
cpsc2018_mc,train,A2394,train
cpsc2018_mc,train,A0466,train
cpsc2018_mc,train,A0429,train
cpsc2018_mc,train,A5127,train
cpsc2018_mc,train,A6493,valid
cpsc2018_mc,train,A2462,train
cpsc2018_mc,train,A0119,train
cpsc2018_mc,train,A2953,train
cpsc2018_mc,train,A6284,valid
cpsc2018_mc,train,A4360,train
cpsc2018_mc,train,A2281,train
cpsc2018_mc,train,A4624,train
cpsc2018_mc,train,A3850,train
cpsc2018_mc,train,A2146,valid
cpsc2018_mc,train,A1611,train
cpsc2018_mc,train,A4943,train
cpsc2018_mc,train,A1949,train
cpsc2018_mc,train,A3642,valid
cpsc2018_mc,train,A0819,train
cpsc2018_mc,train,A6847,train
cpsc2018_mc,train,A4237,train
cpsc2018_mc,train,A6583,train
cpsc2018_mc,train,A1750,train
cpsc2018_mc,train,A5318,valid
cpsc2018_mc,train,A1908,train
cpsc2018_mc,train,A6550,train
cpsc2018_mc,train,A4726,test
cpsc2018_mc,train,A6528,train
cpsc2018_mc,train,A0208,train
cpsc2018_mc,train,A1974,test
cpsc2018_mc,train,A2600,train
cpsc2018_mc,train,A2138,train
cpsc2018_mc,train,A0772,test
cpsc2018_mc,train,A2696,train
cpsc2018_mc,train,A6477,train
cpsc2018_mc,train,A0542,train
cpsc2018_mc,train,A6846,train
cpsc2018_mc,train,A0507,train
cpsc2018_mc,train,A0187,valid
cpsc2018_mc,train,A6291,train
cpsc2018_mc,train,A0196,train
cpsc2018_mc,train,A2229,train
cpsc2018_mc,train,A6593,valid
cpsc2018_mc,train,A4155,train
cpsc2018_mc,train,A6119,valid
cpsc2018_mc,train,A2803,train
cpsc2018_mc,train,A6815,train
cpsc2018_mc,train,A2215,train
cpsc2018_mc,train,A2490,train
cpsc2018_mc,train,A3397,test
cpsc2018_mc,train,A2325,train
cpsc2018_mc,train,A0996,train
cpsc2018_mc,train,A1598,train
cpsc2018_mc,train,A2104,train
cpsc2018_mc,train,A4305,train
cpsc2018_mc,train,A3901,valid
cpsc2018_mc,train,A2979,train
cpsc2018_mc,train,A5378,train
cpsc2018_mc,train,A4037,train
cpsc2018_mc,train,A0817,valid
cpsc2018_mc,train,A2527,train
cpsc2018_mc,train,A2706,train
cpsc2018_mc,train,A4199,train
cpsc2018_mc,train,A4435,train
cpsc2018_mc,train,A5612,train
cpsc2018_mc,train,A1338,valid
cpsc2018_mc,train,A0557,train
cpsc2018_mc,train,A4101,train
cpsc2018_mc,train,A5701,test
cpsc2018_mc,train,A4432,test
cpsc2018_mc,train,A1944,train
cpsc2018_mc,train,A6226,train
cpsc2018_mc,train,A1711,train
cpsc2018_mc,train,A3338,train
cpsc2018_mc,train,A5181,train
cpsc2018_mc,train,A2424,train
cpsc2018_mc,train,A2833,train
cpsc2018_mc,train,A4526,train
cpsc2018_mc,train,A2254,train
cpsc2018_mc,train,A0847,train
cpsc2018_mc,train,A6702,train
cpsc2018_mc,train,A4167,valid
cpsc2018_mc,train,A4083,train
cpsc2018_mc,train,A1666,train
cpsc2018_mc,train,A3453,train
cpsc2018_mc,train,A4152,train
cpsc2018_mc,train,A6688,train
cpsc2018_mc,train,A0463,train
cpsc2018_mc,train,A0141,train
cpsc2018_mc,train,A5709,train
cpsc2018_mc,train,A6683,train
cpsc2018_mc,train,A3635,train
cpsc2018_mc,train,A0902,train
cpsc2018_mc,train,A1552,test
cpsc2018_mc,train,A1530,train
cpsc2018_mc,train,A2364,test
cpsc2018_mc,train,A5783,valid
cpsc2018_mc,train,A1737,train
cpsc2018_mc,train,A1806,train
cpsc2018_mc,train,A1978,train
cpsc2018_mc,train,A3675,train
cpsc2018_mc,train,A6614,train
cpsc2018_mc,train,A6117,train
cpsc2018_mc,train,A0436,train
cpsc2018_mc,train,A3473,train
cpsc2018_mc,train,A2546,valid
cpsc2018_mc,train,A0977,train
cpsc2018_mc,train,A3926,train
cpsc2018_mc,train,A6835,valid
cpsc2018_mc,train,A1309,test
cpsc2018_mc,train,A1498,test
cpsc2018_mc,train,A5924,train
cpsc2018_mc,train,A6252,valid
cpsc2018_mc,train,A4668,test
cpsc2018_mc,train,A2346,train
cpsc2018_mc,train,A1093,train
cpsc2018_mc,train,A0499,train
cpsc2018_mc,train,A1643,train
cpsc2018_mc,train,A1199,test
cpsc2018_mc,train,A2148,valid
cpsc2018_mc,train,A5915,train
cpsc2018_mc,train,A0755,train
cpsc2018_mc,train,A5432,valid
cpsc2018_mc,train,A2682,train
cpsc2018_mc,train,A0704,valid
cpsc2018_mc,train,A2641,train
cpsc2018_mc,train,A3118,train
cpsc2018_mc,train,A2151,train
cpsc2018_mc,train,A3897,train
cpsc2018_mc,train,A4575,train
cpsc2018_mc,train,A3371,train
cpsc2018_mc,train,A4591,unlisted
cpsc2018_mc,train,A5146,train
cpsc2018_mc,train,A2992,train
cpsc2018_mc,train,A1203,train
cpsc2018_mc,train,A5096,train
cpsc2018_mc,train,A6552,test
cpsc2018_mc,train,A4897,train
cpsc2018_mc,train,A2075,train
cpsc2018_mc,train,A5168,train
cpsc2018_mc,train,A0426,valid
cpsc2018_mc,train,A2752,test
cpsc2018_mc,train,A2038,train
cpsc2018_mc,train,A3345,train
cpsc2018_mc,train,A4692,train
cpsc2018_mc,train,A3969,train
cpsc2018_mc,train,A0931,train
cpsc2018_mc,train,A0594,train
cpsc2018_mc,train,A4109,train
cpsc2018_mc,train,A0104,test
cpsc2018_mc,train,A4060,train
cpsc2018_mc,train,A6467,train
cpsc2018_mc,train,A4277,train
cpsc2018_mc,train,A4582,train
cpsc2018_mc,train,A2179,train
cpsc2018_mc,train,A3583,train
cpsc2018_mc,train,A5875,train
cpsc2018_mc,train,A3472,train
cpsc2018_mc,train,A5617,train
cpsc2018_mc,train,A4699,valid
cpsc2018_mc,train,A3269,test
cpsc2018_mc,train,A2789,train
cpsc2018_mc,train,A1163,valid
cpsc2018_mc,train,A2158,train
cpsc2018_mc,train,A2790,valid
cpsc2018_mc,train,A5048,train
cpsc2018_mc,train,A0266,train
cpsc2018_mc,train,A1257,train
cpsc2018_mc,train,A5686,train
cpsc2018_mc,train,A5074,test
cpsc2018_mc,train,A5155,train
cpsc2018_mc,train,A3284,train
cpsc2018_mc,train,A4621,train
cpsc2018_mc,train,A4330,train
cpsc2018_mc,train,A3457,valid
cpsc2018_mc,train,A6129,train
cpsc2018_mc,train,A4495,train
cpsc2018_mc,train,A5904,train
cpsc2018_mc,train,A3568,train
cpsc2018_mc,train,A2009,train
cpsc2018_mc,train,A0651,test
cpsc2018_mc,train,A3007,train
cpsc2018_mc,train,A0614,train
cpsc2018_mc,train,A5386,train
cpsc2018_mc,train,A0273,train
cpsc2018_mc,train,A4741,train
cpsc2018_mc,train,A0443,train
cpsc2018_mc,train,A1593,train
cpsc2018_mc,train,A0291,valid
cpsc2018_mc,train,A6266,valid
cpsc2018_mc,train,A1864,train
cpsc2018_mc,train,A1902,train
cpsc2018_mc,train,A2754,train
cpsc2018_mc,train,A4601,test
cpsc2018_mc,train,A0372,train
cpsc2018_mc,train,A4775,train
cpsc2018_mc,train,A1764,test
cpsc2018_mc,train,A4110,train
cpsc2018_mc,train,A6808,train
cpsc2018_mc,train,A3074,train
cpsc2018_mc,train,A1685,train
cpsc2018_mc,train,A5120,train
cpsc2018_mc,train,A6099,train
cpsc2018_mc,train,A6373,train
cpsc2018_mc,train,A1946,train
cpsc2018_mc,train,A4457,test
cpsc2018_mc,train,A5433,valid
cpsc2018_mc,train,A5566,test
cpsc2018_mc,train,A6431,train
cpsc2018_mc,train,A0400,train
cpsc2018_mc,train,A6801,train
cpsc2018_mc,train,A6180,train
cpsc2018_mc,train,A5481,train
cpsc2018_mc,train,A6350,train
cpsc2018_mc,train,A2829,test
cpsc2018_mc,train,A4783,train
cpsc2018_mc,train,A6299,test
cpsc2018_mc,train,A3396,train
cpsc2018_mc,train,A6328,train
cpsc2018_mc,train,A2315,train
cpsc2018_mc,train,A0693,train
cpsc2018_mc,train,A2751,test
cpsc2018_mc,train,A2946,test
cpsc2018_mc,train,A4966,train
cpsc2018_mc,train,A5307,train
cpsc2018_mc,train,A4860,train
cpsc2018_mc,train,A2575,train
cpsc2018_mc,train,A5265,train
cpsc2018_mc,train,A3990,train
cpsc2018_mc,train,A4291,train
cpsc2018_mc,train,A4646,test
cpsc2018_mc,train,A1652,train
cpsc2018_mc,train,A2652,train
cpsc2018_mc,train,A4280,train
cpsc2018_mc,train,A1365,train
cpsc2018_mc,train,A2941,train
cpsc2018_mc,train,A3110,train
cpsc2018_mc,train,A6277,test
cpsc2018_mc,train,A5460,valid
cpsc2018_mc,train,A4581,train
cpsc2018_mc,train,A5121,train
cpsc2018_mc,train,A3374,train
cpsc2018_mc,train,A5874,train
cpsc2018_mc,train,A6802,train
cpsc2018_mc,train,A1912,train
cpsc2018_mc,train,A3116,train
cpsc2018_mc,train,A4695,valid
cpsc2018_mc,train,A2731,train
cpsc2018_mc,train,A2831,train
cpsc2018_mc,train,A6635,valid
cpsc2018_mc,train,A5313,train
cpsc2018_mc,train,A0779,train
cpsc2018_mc,train,A3356,train
cpsc2018_mc,train,A6397,train
cpsc2018_mc,train,A5243,train
cpsc2018_mc,train,A0081,test
cpsc2018_mc,train,A6435,train
cpsc2018_mc,train,A1320,train
cpsc2018_mc,train,A2869,train
cpsc2018_mc,train,A1249,valid
cpsc2018_mc,train,A1374,train
cpsc2018_mc,train,A6157,train
cpsc2018_mc,train,A5671,valid
cpsc2018_mc,train,A3696,train
cpsc2018_mc,train,A4425,train
cpsc2018_mc,train,A1739,valid
cpsc2018_mc,train,A4315,train
cpsc2018_mc,train,A4115,valid
cpsc2018_mc,train,A1488,train
cpsc2018_mc,train,A6856,test
cpsc2018_mc,train,A0483,test
cpsc2018_mc,train,A1220,train
cpsc2018_mc,train,A2912,train
cpsc2018_mc,train,A4824,train
cpsc2018_mc,train,A0712,train
cpsc2018_mc,train,A1708,train
cpsc2018_mc,train,A5222,test
cpsc2018_mc,train,A6386,valid
cpsc2018_mc,train,A3146,train
cpsc2018_mc,train,A3862,test
cpsc2018_mc,train,A4934,test
cpsc2018_mc,train,A0691,train
cpsc2018_mc,train,A1382,train
cpsc2018_mc,train,A4684,train
cpsc2018_mc,train,A0527,train
cpsc2018_mc,train,A1746,train
cpsc2018_mc,train,A1614,train
cpsc2018_mc,train,A3349,train
cpsc2018_mc,train,A5283,test
cpsc2018_mc,train,A3614,train
cpsc2018_mc,train,A4065,train
cpsc2018_mc,train,A4572,train
cpsc2018_mc,train,A4822,train
cpsc2018_mc,train,A3563,train
cpsc2018_mc,train,A1191,train
cpsc2018_mc,train,A2906,train
cpsc2018_mc,train,A1831,train
cpsc2018_mc,train,A2678,train
cpsc2018_mc,train,A6524,test
cpsc2018_mc,train,A3413,train
cpsc2018_mc,train,A4389,train
cpsc2018_mc,train,A6151,train
cpsc2018_mc,train,A6529,train
cpsc2018_mc,train,A4871,train
cpsc2018_mc,train,A5451,valid
cpsc2018_mc,train,A1557,train
cpsc2018_mc,train,A2030,train
cpsc2018_mc,train,A1981,train
cpsc2018_mc,train,A4369,train
cpsc2018_mc,train,A1629,train
cpsc2018_mc,train,A0041,train
cpsc2018_mc,train,A0487,train
cpsc2018_mc,train,A2604,train
cpsc2018_mc,train,A4029,train
cpsc2018_mc,train,A3510,train
cpsc2018_mc,train,A1423,train
cpsc2018_mc,train,A5218,train
cpsc2018_mc,train,A3763,test
cpsc2018_mc,train,A2353,train
cpsc2018_mc,train,A2911,train
cpsc2018_mc,train,A4433,train
cpsc2018_mc,train,A6643,train
cpsc2018_mc,train,A1855,valid
cpsc2018_mc,train,A4990,train
cpsc2018_mc,train,A1868,train
cpsc2018_mc,train,A5063,train
cpsc2018_mc,train,A5476,train
cpsc2018_mc,train,A4008,train
cpsc2018_mc,train,A0409,train
cpsc2018_mc,train,A5276,train
cpsc2018_mc,train,A0164,train
cpsc2018_mc,train,A6409,train
cpsc2018_mc,train,A5896,train
cpsc2018_mc,train,A0788,valid
cpsc2018_mc,train,A3520,train
cpsc2018_mc,train,A6070,train
cpsc2018_mc,train,A4793,train
cpsc2018_mc,train,A0444,valid
cpsc2018_mc,train,A0023,train
cpsc2018_mc,train,A1116,test
cpsc2018_mc,train,A2662,train
cpsc2018_mc,train,A2809,train
cpsc2018_mc,train,A2639,train
cpsc2018_mc,train,A5522,train
cpsc2018_mc,train,A0049,train
cpsc2018_mc,train,A3123,test
cpsc2018_mc,train,A3717,train
cpsc2018_mc,train,A3331,train
cpsc2018_mc,train,A3710,train
cpsc2018_mc,train,A0014,train
cpsc2018_mc,train,A1307,train
cpsc2018_mc,train,A2145,train
cpsc2018_mc,train,A2761,train
cpsc2018_mc,train,A3159,valid
cpsc2018_mc,train,A4270,train
cpsc2018_mc,train,A1139,train
cpsc2018_mc,train,A4252,train
cpsc2018_mc,train,A3297,train
cpsc2018_mc,train,A1069,train
cpsc2018_mc,train,A3186,train
cpsc2018_mc,train,A3324,train
cpsc2018_mc,train,A3682,train
cpsc2018_mc,train,A4838,train
cpsc2018_mc,train,A0810,train
cpsc2018_mc,train,A1591,train
cpsc2018_mc,train,A3171,train
cpsc2018_mc,train,A4399,train
cpsc2018_mc,train,A1014,train
cpsc2018_mc,train,A5735,train
cpsc2018_mc,train,A4511,train
cpsc2018_mc,train,A6636,valid
cpsc2018_mc,train,A5373,train
cpsc2018_mc,train,A3061,train
cpsc2018_mc,train,A1792,train
cpsc2018_mc,train,A5453,train
cpsc2018_mc,train,A0904,train
cpsc2018_mc,train,A1514,train
cpsc2018_mc,train,A4097,train
cpsc2018_mc,train,A6502,train
cpsc2018_mc,train,A0936,train
cpsc2018_mc,train,A1112,train
cpsc2018_mc,train,A5110,train
cpsc2018_mc,train,A4541,valid
cpsc2018_mc,train,A1805,valid
cpsc2018_mc,train,A1839,train
cpsc2018_mc,train,A3504,test
cpsc2018_mc,train,A5226,train
cpsc2018_mc,train,A1492,train
cpsc2018_mc,train,A5370,train
cpsc2018_mc,train,A3569,train
cpsc2018_mc,train,A4815,train
cpsc2018_mc,train,A5795,train
cpsc2018_mc,train,A3571,test
cpsc2018_mc,train,A5618,train
cpsc2018_mc,train,A0773,train
cpsc2018_mc,train,A6238,test
cpsc2018_mc,train,A3633,train
cpsc2018_mc,train,A4049,train
cpsc2018_mc,train,A2659,train
cpsc2018_mc,train,A1471,train
cpsc2018_mc,train,A6403,train
cpsc2018_mc,train,A5647,train
cpsc2018_mc,train,A5742,valid
cpsc2018_mc,train,A1097,train
cpsc2018_mc,train,A6236,train
cpsc2018_mc,train,A5913,train
cpsc2018_mc,train,A5693,train
cpsc2018_mc,train,A4469,train
cpsc2018_mc,train,A3841,train
cpsc2018_mc,train,A2730,train
cpsc2018_mc,train,A4279,train
cpsc2018_mc,train,A1329,valid
cpsc2018_mc,train,A4609,train
cpsc2018_mc,train,A1680,train
cpsc2018_mc,train,A1982,train
cpsc2018_mc,train,A1126,train
cpsc2018_mc,train,A0148,valid
cpsc2018_mc,train,A1511,test
cpsc2018_mc,train,A5284,train
cpsc2018_mc,train,A0987,train
cpsc2018_mc,train,A3082,train
cpsc2018_mc,train,A5772,train
cpsc2018_mc,train,A6553,train
cpsc2018_mc,train,A5894,train
cpsc2018_mc,train,A3588,valid
cpsc2018_mc,train,A1340,train
cpsc2018_mc,train,A4273,train
cpsc2018_mc,train,A6169,train
cpsc2018_mc,val,A4486,train
cpsc2018_mc,val,A5879,test
cpsc2018_mc,val,A1372,train
cpsc2018_mc,val,A2522,train
cpsc2018_mc,val,A3026,train
cpsc2018_mc,val,A0305,train
cpsc2018_mc,val,A1148,train
cpsc2018_mc,val,A1362,train
cpsc2018_mc,val,A1120,train
cpsc2018_mc,val,A4228,train
cpsc2018_mc,val,A2792,test
cpsc2018_mc,val,A4728,train
cpsc2018_mc,val,A1176,train
cpsc2018_mc,val,A5100,train
cpsc2018_mc,val,A0312,test
cpsc2018_mc,val,A1156,train
cpsc2018_mc,val,A1459,train
cpsc2018_mc,val,A1076,test
cpsc2018_mc,val,A2628,test
cpsc2018_mc,val,A5488,valid
cpsc2018_mc,val,A2137,train
cpsc2018_mc,val,A6094,train
cpsc2018_mc,val,A1411,train
cpsc2018_mc,val,A0679,train
cpsc2018_mc,val,A4984,valid
cpsc2018_mc,val,A1919,test
cpsc2018_mc,val,A1538,train
cpsc2018_mc,val,A5593,train
cpsc2018_mc,val,A1741,train
cpsc2018_mc,val,A1825,train
cpsc2018_mc,val,A3929,test
cpsc2018_mc,val,A2595,train
cpsc2018_mc,val,A2434,train
cpsc2018_mc,val,A6834,train
cpsc2018_mc,val,A3509,train
cpsc2018_mc,val,A3526,test
cpsc2018_mc,val,A1448,train
cpsc2018_mc,val,A0632,valid
cpsc2018_mc,val,A2605,valid
cpsc2018_mc,val,A1417,valid
cpsc2018_mc,val,A5589,train
cpsc2018_mc,val,A5689,train
cpsc2018_mc,val,A2196,train
cpsc2018_mc,val,A2914,train
cpsc2018_mc,val,A0299,train
cpsc2018_mc,val,A0690,train
cpsc2018_mc,val,A5092,train
cpsc2018_mc,val,A3394,train
cpsc2018_mc,val,A3822,train
cpsc2018_mc,val,A6003,train
cpsc2018_mc,val,A4839,train
cpsc2018_mc,val,A4441,test
cpsc2018_mc,val,A2257,train
cpsc2018_mc,val,A4797,train
cpsc2018_mc,val,A5976,train
cpsc2018_mc,val,A2326,train
cpsc2018_mc,val,A0033,train
cpsc2018_mc,val,A2250,train
cpsc2018_mc,val,A4340,valid
cpsc2018_mc,val,A6214,valid
cpsc2018_mc,val,A3553,test
cpsc2018_mc,val,A4211,train
cpsc2018_mc,val,A0149,train
cpsc2018_mc,val,A5095,train
cpsc2018_mc,val,A6754,train
cpsc2018_mc,val,A0016,train
cpsc2018_mc,val,A5895,train
cpsc2018_mc,val,A1687,valid
cpsc2018_mc,val,A2610,train
cpsc2018_mc,val,A3363,train
cpsc2018_mc,val,A4422,train
cpsc2018_mc,val,A2581,train
cpsc2018_mc,val,A0411,test
cpsc2018_mc,val,A5002,train
cpsc2018_mc,val,A6672,test
cpsc2018_mc,val,A1043,valid
cpsc2018_mc,val,A6587,train
cpsc2018_mc,val,A2363,train
cpsc2018_mc,val,A3957,test
cpsc2018_mc,val,A6239,train
cpsc2018_mc,val,A5780,valid
cpsc2018_mc,val,A3994,test
cpsc2018_mc,val,A0579,train
cpsc2018_mc,val,A4099,train
cpsc2018_mc,val,A1405,train
cpsc2018_mc,val,A4716,train
cpsc2018_mc,val,A1542,train
cpsc2018_mc,val,A4426,train
cpsc2018_mc,val,A4833,train
cpsc2018_mc,val,A1980,train
cpsc2018_mc,val,A3285,train
cpsc2018_mc,val,A1592,valid
cpsc2018_mc,val,A6832,train
cpsc2018_mc,val,A6705,train
cpsc2018_mc,val,A4208,train
cpsc2018_mc,val,A1410,train
cpsc2018_mc,val,A1888,train
cpsc2018_mc,val,A1060,train
cpsc2018_mc,val,A6041,valid
cpsc2018_mc,val,A5496,train
cpsc2018_mc,val,A6078,valid
cpsc2018_mc,val,A0441,train
cpsc2018_mc,val,A2284,train
cpsc2018_mc,val,A6536,train
cpsc2018_mc,val,A2176,train
cpsc2018_mc,val,A0182,valid
cpsc2018_mc,val,A4296,train
cpsc2018_mc,val,A0998,train
cpsc2018_mc,val,A0387,train
cpsc2018_mc,val,A4557,train
cpsc2018_mc,val,A0832,train
cpsc2018_mc,val,A3277,test
cpsc2018_mc,val,A6843,train
cpsc2018_mc,val,A3220,train
cpsc2018_mc,val,A0343,valid
cpsc2018_mc,val,A0725,train
cpsc2018_mc,val,A2191,train
cpsc2018_mc,val,A4041,train
cpsc2018_mc,val,A0338,train
cpsc2018_mc,val,A2576,train
cpsc2018_mc,val,A2601,train
cpsc2018_mc,val,A4086,train
cpsc2018_mc,val,A4201,train
cpsc2018_mc,val,A2122,train
cpsc2018_mc,val,A3775,train
cpsc2018_mc,val,A0825,train
cpsc2018_mc,val,A4011,train
cpsc2018_mc,val,A4993,train
cpsc2018_mc,val,A1402,train
cpsc2018_mc,val,A5216,train
cpsc2018_mc,val,A6076,train
cpsc2018_mc,val,A3961,train
cpsc2018_mc,val,A2350,train
cpsc2018_mc,val,A4536,train
cpsc2018_mc,val,A0563,test
cpsc2018_mc,val,A6144,train
cpsc2018_mc,val,A0447,train
cpsc2018_mc,val,A5129,train
cpsc2018_mc,val,A6848,valid
cpsc2018_mc,val,A6798,train
cpsc2018_mc,val,A5959,train
cpsc2018_mc,val,A0233,train
cpsc2018_mc,val,A0501,train
cpsc2018_mc,val,A2265,train
cpsc2018_mc,val,A2683,train
cpsc2018_mc,val,A0280,test
cpsc2018_mc,val,A5869,train
cpsc2018_mc,val,A1229,train
cpsc2018_mc,val,A5574,train
cpsc2018_mc,val,A1889,train
cpsc2018_mc,val,A4321,train
cpsc2018_mc,val,A0789,train
cpsc2018_mc,val,A0605,train
cpsc2018_mc,val,A1590,train
cpsc2018_mc,val,A2500,train
cpsc2018_mc,val,A3465,train
cpsc2018_mc,val,A6570,test
cpsc2018_mc,val,A2119,train
cpsc2018_mc,val,A0695,train
cpsc2018_mc,val,A0348,train
cpsc2018_mc,val,A6716,train
cpsc2018_mc,val,A0469,train
cpsc2018_mc,val,A5101,train
cpsc2018_mc,val,A0120,train
cpsc2018_mc,val,A3350,valid
cpsc2018_mc,val,A4670,train
cpsc2018_mc,val,A2387,valid
cpsc2018_mc,val,A1885,train
cpsc2018_mc,val,A0101,train
cpsc2018_mc,val,A2465,test
cpsc2018_mc,val,A3505,train
cpsc2018_mc,val,A5132,train
cpsc2018_mc,val,A2147,train
cpsc2018_mc,val,A4464,train
cpsc2018_mc,val,A3142,train
cpsc2018_mc,val,A0002,train
cpsc2018_mc,val,A4777,train
cpsc2018_mc,val,A1038,train
cpsc2018_mc,val,A5884,train
cpsc2018_mc,val,A3002,train
cpsc2018_mc,val,A0649,valid
cpsc2018_mc,val,A5154,test
cpsc2018_mc,val,A3237,train
cpsc2018_mc,val,A2702,train
cpsc2018_mc,val,A1738,valid
cpsc2018_mc,val,A5738,train
cpsc2018_mc,val,A0239,train
cpsc2018_mc,val,A0858,train
cpsc2018_mc,val,A3854,train
cpsc2018_mc,val,A6778,test
cpsc2018_mc,val,A2253,train
cpsc2018_mc,val,A6234,test
cpsc2018_mc,val,A1729,train
cpsc2018_mc,val,A0189,train
cpsc2018_mc,val,A3927,train
cpsc2018_mc,val,A5261,train
cpsc2018_mc,val,A6542,train
cpsc2018_mc,val,A2221,train
cpsc2018_mc,val,A0303,train
cpsc2018_mc,val,A4264,train
cpsc2018_mc,val,A4595,train
cpsc2018_mc,val,A5489,train
cpsc2018_mc,val,A4182,test
cpsc2018_mc,val,A0431,train
cpsc2018_mc,val,A0640,train
cpsc2018_mc,val,A6853,train
cpsc2018_mc,val,A6378,train
cpsc2018_mc,val,A6581,train
cpsc2018_mc,val,A0569,train
cpsc2018_mc,val,A1943,train
cpsc2018_mc,val,A2064,train
cpsc2018_mc,val,A4378,train
cpsc2018_mc,val,A3688,train
cpsc2018_mc,val,A2482,train
cpsc2018_mc,val,A3562,train
cpsc2018_mc,val,A0576,train
cpsc2018_mc,val,A3250,train
cpsc2018_mc,val,A4927,train
cpsc2018_mc,val,A4308,valid
cpsc2018_mc,val,A0760,train
cpsc2018_mc,val,A6507,train
cpsc2018_mc,val,A4891,train
cpsc2018_mc,val,A4006,train
cpsc2018_mc,val,A1165,train
cpsc2018_mc,val,A0648,valid
cpsc2018_mc,val,A0568,train
cpsc2018_mc,val,A3727,train
cpsc2018_mc,val,A4055,train
cpsc2018_mc,val,A5664,train
cpsc2018_mc,val,A1772,train
cpsc2018_mc,val,A3979,train
cpsc2018_mc,val,A6567,train
cpsc2018_mc,val,A1992,train
cpsc2018_mc,val,A0872,train
cpsc2018_mc,val,A0873,test
cpsc2018_mc,val,A5897,train
cpsc2018_mc,val,A2042,valid
cpsc2018_mc,val,A2180,train
cpsc2018_mc,val,A3572,train
cpsc2018_mc,val,A3964,train
cpsc2018_mc,val,A1036,train
cpsc2018_mc,val,A4375,train
cpsc2018_mc,val,A6387,train
cpsc2018_mc,val,A4607,train
cpsc2018_mc,val,A4444,train
cpsc2018_mc,val,A4543,train
cpsc2018_mc,val,A1100,train
cpsc2018_mc,val,A5599,train
cpsc2018_mc,val,A3808,train
cpsc2018_mc,val,A6276,train
cpsc2018_mc,val,A4172,train
cpsc2018_mc,val,A5767,train
cpsc2018_mc,val,A3407,train
cpsc2018_mc,val,A3477,train
cpsc2018_mc,val,A3536,test
cpsc2018_mc,val,A6131,train
cpsc2018_mc,val,A1218,train
cpsc2018_mc,val,A5708,train
cpsc2018_mc,val,A3138,train
cpsc2018_mc,val,A0982,train
cpsc2018_mc,val,A6786,test
cpsc2018_mc,val,A6025,train
cpsc2018_mc,val,A0564,train
cpsc2018_mc,val,A6344,train
cpsc2018_mc,val,A1605,train
cpsc2018_mc,val,A3912,train
cpsc2018_mc,val,A3976,valid
cpsc2018_mc,val,A2766,train
cpsc2018_mc,val,A3303,train
cpsc2018_mc,val,A4416,train
cpsc2018_mc,val,A6520,train
cpsc2018_mc,val,A1004,train
cpsc2018_mc,val,A0034,test
cpsc2018_mc,val,A2767,train
cpsc2018_mc,val,A2681,valid
cpsc2018_mc,val,A0841,train
cpsc2018_mc,val,A4136,train
cpsc2018_mc,val,A0315,train
cpsc2018_mc,val,A0752,train
cpsc2018_mc,val,A2596,train
cpsc2018_mc,val,A5530,train
cpsc2018_mc,val,A5907,valid
cpsc2018_mc,val,A0026,train
cpsc2018_mc,val,A3039,train
cpsc2018_mc,val,A0981,train
cpsc2018_mc,val,A1015,train
cpsc2018_mc,val,A1153,train
cpsc2018_mc,val,A1401,train
cpsc2018_mc,val,A5046,train
cpsc2018_mc,val,A5953,valid
cpsc2018_mc,val,A0307,train
cpsc2018_mc,val,A2297,train
cpsc2018_mc,val,A1378,train
cpsc2018_mc,val,A2629,train
cpsc2018_mc,val,A0628,valid
cpsc2018_mc,val,A1586,train
cpsc2018_mc,val,A4311,train
cpsc2018_mc,val,A1380,train
cpsc2018_mc,val,A3885,test
cpsc2018_mc,val,A2774,test
cpsc2018_mc,val,A1119,train
cpsc2018_mc,val,A5005,train
cpsc2018_mc,val,A5958,train
cpsc2018_mc,val,A2276,train
cpsc2018_mc,val,A5430,train
cpsc2018_mc,val,A1865,test
cpsc2018_mc,val,A5937,train
cpsc2018_mc,val,A2186,train
cpsc2018_mc,val,A0325,test
cpsc2018_mc,val,A1709,train
cpsc2018_mc,val,A2220,train
cpsc2018_mc,val,A0646,train
cpsc2018_mc,val,A3673,valid
cpsc2018_mc,val,A2654,test
cpsc2018_mc,val,A2344,train
cpsc2018_mc,val,A4414,train
cpsc2018_mc,val,A4128,train
cpsc2018_mc,val,A3867,train
cpsc2018_mc,val,A3001,train
cpsc2018_mc,val,A4983,valid
cpsc2018_mc,val,A6259,train
cpsc2018_mc,val,A6265,train
cpsc2018_mc,val,A0609,train
cpsc2018_mc,val,A2724,test
cpsc2018_mc,val,A4125,train
cpsc2018_mc,val,A4721,train
cpsc2018_mc,val,A6103,train
cpsc2018_mc,val,A1892,train
cpsc2018_mc,val,A2873,train
cpsc2018_mc,val,A5737,train
cpsc2018_mc,val,A1880,valid
cpsc2018_mc,val,A2355,train
cpsc2018_mc,val,A3578,test
cpsc2018_mc,val,A2630,train
cpsc2018_mc,val,A4748,valid
cpsc2018_mc,val,A1422,train
cpsc2018_mc,val,A6438,train
cpsc2018_mc,val,A6139,train
cpsc2018_mc,val,A4342,train
cpsc2018_mc,val,A5197,train
cpsc2018_mc,val,A1754,train
cpsc2018_mc,val,A6088,train
cpsc2018_mc,val,A2379,train
cpsc2018_mc,val,A2645,train
cpsc2018_mc,val,A0349,train
cpsc2018_mc,val,A6168,test
cpsc2018_mc,val,A3428,train
cpsc2018_mc,val,A5495,valid
cpsc2018_mc,val,A4456,train
cpsc2018_mc,val,A0876,train
cpsc2018_mc,val,A3329,unlisted
cpsc2018_mc,val,A1887,train
cpsc2018_mc,val,A3734,train
cpsc2018_mc,val,A0042,train
cpsc2018_mc,val,A5012,train
cpsc2018_mc,val,A1011,train
cpsc2018_mc,val,A4385,train
cpsc2018_mc,val,A4560,train
cpsc2018_mc,val,A1082,train
cpsc2018_mc,val,A1094,train
cpsc2018_mc,val,A5606,train
cpsc2018_mc,val,A1567,train
cpsc2018_mc,val,A1722,train
cpsc2018_mc,val,A4562,train
cpsc2018_mc,val,A5484,train
cpsc2018_mc,val,A4698,train
cpsc2018_mc,val,A1501,test
cpsc2018_mc,val,A6523,train
cpsc2018_mc,val,A1099,train
cpsc2018_mc,val,A2964,test
cpsc2018_mc,val,A1808,train
cpsc2018_mc,val,A1427,valid
cpsc2018_mc,val,A4062,valid
cpsc2018_mc,val,A1528,valid
cpsc2018_mc,val,A2131,train
cpsc2018_mc,val,A5159,train
cpsc2018_mc,val,A5784,train
cpsc2018_mc,val,A3485,train
cpsc2018_mc,val,A2240,train
cpsc2018_mc,val,A0988,train
cpsc2018_mc,val,A4490,valid
cpsc2018_mc,val,A4688,train
cpsc2018_mc,val,A0003,train
cpsc2018_mc,val,A2322,train
cpsc2018_mc,val,A0935,test
cpsc2018_mc,val,A3023,train
cpsc2018_mc,val,A2721,train
cpsc2018_mc,val,A2107,valid
cpsc2018_mc,val,A1759,train
cpsc2018_mc,val,A2106,train
cpsc2018_mc,val,A6478,train
cpsc2018_mc,val,A3022,train
cpsc2018_mc,val,A0800,train
cpsc2018_mc,val,A0062,train
cpsc2018_mc,val,A1979,train
cpsc2018_mc,val,A4248,train
cpsc2018_mc,val,A2818,train
cpsc2018_mc,val,A3089,train
cpsc2018_mc,val,A1039,train
cpsc2018_mc,val,A5668,train
cpsc2018_mc,val,A0907,train
cpsc2018_mc,val,A4760,train
cpsc2018_mc,val,A3748,train
cpsc2018_mc,val,A1537,train
cpsc2018_mc,val,A3925,train
cpsc2018_mc,val,A0979,valid
cpsc2018_mc,val,A2056,train
cpsc2018_mc,val,A0013,train
cpsc2018_mc,val,A3762,train
cpsc2018_mc,val,A1615,train
cpsc2018_mc,val,A0888,valid
cpsc2018_mc,val,A5405,train
cpsc2018_mc,val,A4489,train
cpsc2018_mc,val,A2321,train
cpsc2018_mc,val,A6111,train
cpsc2018_mc,val,A6814,train
cpsc2018_mc,val,A2457,valid
cpsc2018_mc,val,A1071,train
cpsc2018_mc,val,A4950,train
cpsc2018_mc,val,A2907,test
cpsc2018_mc,val,A0774,valid
cpsc2018_mc,val,A0473,train
cpsc2018_mc,val,A4830,train
cpsc2018_mc,val,A0169,train
cpsc2018_mc,val,A2243,train
cpsc2018_mc,val,A5769,train
cpsc2018_mc,val,A1295,train
cpsc2018_mc,val,A3859,train
cpsc2018_mc,val,A2261,train
cpsc2018_mc,val,A4151,unlisted
cpsc2018_mc,val,A2897,train
cpsc2018_mc,val,A4940,test
cpsc2018_mc,val,A4882,train
cpsc2018_mc,val,A5478,train
cpsc2018_mc,val,A5327,train
cpsc2018_mc,val,A4802,train
cpsc2018_mc,val,A2677,train
cpsc2018_mc,val,A1398,train
cpsc2018_mc,val,A1952,valid
cpsc2018_mc,val,A3870,test
cpsc2018_mc,val,A0301,valid
cpsc2018_mc,val,A5286,test
cpsc2018_mc,val,A0274,test
cpsc2018_mc,val,A6674,train
cpsc2018_mc,val,A5037,test
cpsc2018_mc,val,A2242,train
cpsc2018_mc,val,A5434,train
cpsc2018_mc,val,A0895,train
cpsc2018_mc,val,A4207,train
cpsc2018_mc,val,A5580,train
cpsc2018_mc,val,A1987,train
cpsc2018_mc,val,A4787,test
cpsc2018_mc,val,A2715,train
cpsc2018_mc,val,A0597,train
cpsc2018_mc,val,A3580,train
cpsc2018_mc,val,A0814,train
cpsc2018_mc,val,A0342,train
cpsc2018_mc,val,A3880,train
cpsc2018_mc,val,A1255,train
cpsc2018_mc,val,A6774,train
cpsc2018_mc,val,A4538,train
cpsc2018_mc,val,A3056,train
cpsc2018_mc,val,A1018,test
cpsc2018_mc,val,A3953,train
cpsc2018_mc,val,A4371,train
cpsc2018_mc,val,A0044,train
cpsc2018_mc,val,A4908,train
cpsc2018_mc,val,A4712,train
cpsc2018_mc,val,A3290,train
cpsc2018_mc,val,A6858,train
cpsc2018_mc,val,A2948,valid
cpsc2018_mc,val,A3561,test
cpsc2018_mc,val,A1312,train
cpsc2018_mc,val,A0673,train
cpsc2018_mc,val,A6755,train
cpsc2018_mc,val,A1618,train
cpsc2018_mc,val,A4953,train
cpsc2018_mc,val,A3351,valid
cpsc2018_mc,val,A1037,train
cpsc2018_mc,val,A2671,train
cpsc2018_mc,val,A6202,train
cpsc2018_mc,val,A5567,train
cpsc2018_mc,val,A5321,train
cpsc2018_mc,val,A0909,train
cpsc2018_mc,val,A1683,train
cpsc2018_mc,val,A3231,train
cpsc2018_mc,val,A4661,valid
cpsc2018_mc,val,A0689,train
cpsc2018_mc,val,A4877,train
cpsc2018_mc,val,A4257,train
cpsc2018_mc,val,A0427,train
cpsc2018_mc,val,A4785,train
cpsc2018_mc,val,A6707,test
cpsc2018_mc,val,A4404,train
cpsc2018_mc,val,A0437,train
cpsc2018_mc,val,A5301,train
cpsc2018_mc,val,A3705,test
cpsc2018_mc,val,A0055,train
cpsc2018_mc,val,A6597,test
cpsc2018_mc,val,A6777,train
cpsc2018_mc,val,A4016,train
cpsc2018_mc,val,A4112,train
cpsc2018_mc,val,A6678,train
cpsc2018_mc,val,A2673,train
cpsc2018_mc,val,A1928,test
cpsc2018_mc,val,A6647,train
cpsc2018_mc,val,A6248,train
cpsc2018_mc,val,A4483,train
cpsc2018_mc,val,A0370,train
cpsc2018_mc,val,A0242,train
cpsc2018_mc,val,A4038,train
cpsc2018_mc,val,A1486,valid
cpsc2018_mc,val,A6531,train
cpsc2018_mc,val,A4302,train
cpsc2018_mc,val,A4013,train
cpsc2018_mc,val,A0361,train
cpsc2018_mc,val,A3313,valid
cpsc2018_mc,val,A6571,train
cpsc2018_mc,val,A3432,test
cpsc2018_mc,val,A6650,train
cpsc2018_mc,val,A2563,test
cpsc2018_mc,val,A4626,train
cpsc2018_mc,val,A3908,test
cpsc2018_mc,val,A1610,train
cpsc2018_mc,val,A0195,train
cpsc2018_mc,val,A4632,train
cpsc2018_mc,val,A5756,train
cpsc2018_mc,val,A3930,train
cpsc2018_mc,val,A4655,test
cpsc2018_mc,val,A5601,train
cpsc2018_mc,val,A5661,train
cpsc2018_mc,val,A1042,valid
cpsc2018_mc,val,A0069,train
cpsc2018_mc,val,A1373,train
cpsc2018_mc,val,A5743,train
cpsc2018_mc,val,A2333,train
cpsc2018_mc,val,A1686,valid
cpsc2018_mc,val,A0177,train
cpsc2018_mc,val,A0526,train
cpsc2018_mc,val,A4909,train
cpsc2018_mc,val,A4331,test
cpsc2018_mc,val,A1942,train
cpsc2018_mc,val,A0827,train
cpsc2018_mc,val,A1967,valid
cpsc2018_mc,val,A4957,test
cpsc2018_mc,val,A5355,train
cpsc2018_mc,val,A2993,test
cpsc2018_mc,val,A5554,train
cpsc2018_mc,val,A4622,train
cpsc2018_mc,val,A1478,train
cpsc2018_mc,val,A6115,train
cpsc2018_mc,val,A3148,train
cpsc2018_mc,val,A0212,train
cpsc2018_mc,val,A1261,train
cpsc2018_mc,val,A2270,train
cpsc2018_mc,val,A6398,train
cpsc2018_mc,val,A0172,train
cpsc2018_mc,val,A4551,train
cpsc2018_mc,val,A5397,valid
cpsc2018_mc,val,A3709,train
cpsc2018_mc,val,A5282,train
cpsc2018_mc,val,A3162,test
cpsc2018_mc,val,A4170,train
cpsc2018_mc,val,A1534,train
cpsc2018_mc,val,A6756,train
cpsc2018_mc,val,A5687,train
cpsc2018_mc,val,A4002,train
cpsc2018_mc,val,A6183,train
cpsc2018_mc,val,A5291,train
cpsc2018_mc,val,A3337,test
cpsc2018_mc,val,A3275,train
cpsc2018_mc,val,A5974,test
cpsc2018_mc,val,A1884,valid
cpsc2018_mc,val,A3257,train
cpsc2018_mc,val,A0497,train
cpsc2018_mc,val,A4696,train
cpsc2018_mc,val,A5325,train
cpsc2018_mc,val,A5825,train
cpsc2018_mc,val,A2287,train
cpsc2018_mc,val,A4472,train
cpsc2018_mc,val,A5585,valid
cpsc2018_mc,val,A1790,train
cpsc2018_mc,val,A5167,train
cpsc2018_mc,val,A6022,train
cpsc2018_mc,val,A0047,train
cpsc2018_mc,val,A2302,train
cpsc2018_mc,val,A4336,train
cpsc2018_mc,val,A2393,valid
cpsc2018_mc,val,A0083,train
cpsc2018_mc,val,A5500,valid
cpsc2018_mc,val,A6784,train
cpsc2018_mc,val,A2937,train
cpsc2018_mc,val,A3511,train
cpsc2018_mc,val,A2289,train
cpsc2018_mc,val,A0484,train
cpsc2018_mc,val,A2262,test
cpsc2018_mc,val,A2804,train
cpsc2018_mc,val,A1440,valid
cpsc2018_mc,val,A3778,train
cpsc2018_mc,val,A1443,train
cpsc2018_mc,val,A0265,train
cpsc2018_mc,val,A5726,test
cpsc2018_mc,val,A2867,train
cpsc2018_mc,val,A5093,train
cpsc2018_mc,val,A2840,train
cpsc2018_mc,val,A3621,valid
cpsc2018_mc,val,A3518,valid
cpsc2018_mc,val,A4365,train
cpsc2018_mc,val,A3055,valid
cpsc2018_mc,val,A5330,train
cpsc2018_mc,val,A4652,train
cpsc2018_mc,val,A2319,train
cpsc2018_mc,val,A2961,train
cpsc2018_mc,val,A3048,train
cpsc2018_mc,val,A5172,train
cpsc2018_mc,val,A1535,train
cpsc2018_mc,val,A6456,train
cpsc2018_mc,val,A6220,test
cpsc2018_mc,val,A1416,train
cpsc2018_mc,val,A6743,train
cpsc2018_mc,val,A1717,train
cpsc2018_mc,val,A6215,test
cpsc2018_mc,val,A3524,train
cpsc2018_mc,val,A5031,train
cpsc2018_mc,val,A5296,train
cpsc2018_mc,val,A6451,train
cpsc2018_mc,val,A5341,train
cpsc2018_mc,val,A3960,train
cpsc2018_mc,val,A2113,train
cpsc2018_mc,val,A0562,train
cpsc2018_mc,val,A4605,train
cpsc2018_mc,val,A1449,train
cpsc2018_mc,val,A1012,train
cpsc2018_mc,val,A3807,train
cpsc2018_mc,val,A4079,train
cpsc2018_mc,val,A4674,train
cpsc2018_mc,val,A3479,test
cpsc2018_mc,val,A2417,test
cpsc2018_mc,val,A0854,train
cpsc2018_mc,val,A4872,train
cpsc2018_mc,val,A1047,train
cpsc2018_mc,val,A0905,valid
cpsc2018_mc,val,A5520,valid
cpsc2018_mc,val,A4711,test
cpsc2018_mc,val,A0188,train
cpsc2018_mc,val,A5010,train
cpsc2018_mc,val,A4396,train
cpsc2018_mc,val,A2801,train
cpsc2018_mc,val,A6564,train
cpsc2018_mc,val,A1453,test
cpsc2018_mc,val,A6247,train
cpsc2018_mc,val,A5728,train
cpsc2018_mc,val,A6382,test
cpsc2018_mc,val,A3644,train
cpsc2018_mc,val,A3654,train
cpsc2018_mc,val,A0359,train
cpsc2018_mc,val,A2748,train
cpsc2018_mc,val,A6444,train
cpsc2018_mc,val,A4852,train
cpsc2018_mc,val,A0915,train
cpsc2018_mc,val,A3392,valid
cpsc2018_mc,val,A3818,train
cpsc2018_mc,val,A6023,train
cpsc2018_mc,val,A0063,train
cpsc2018_mc,val,A4485,train
cpsc2018_mc,val,A3806,valid
cpsc2018_mc,val,A2092,train
cpsc2018_mc,val,A1636,train
cpsc2018_mc,val,A5380,train
cpsc2018_mc,val,A5403,train
cpsc2018_mc,val,A4577,train
cpsc2018_mc,val,A3679,train
cpsc2018_mc,val,A5437,train
cpsc2018_mc,val,A1050,train
cpsc2018_mc,val,A3636,train
cpsc2018_mc,val,A2378,valid
cpsc2018_mc,val,A6772,train
cpsc2018_mc,val,A3370,train
cpsc2018_mc,val,A0848,train
cpsc2018_mc,val,A6466,train
cpsc2018_mc,val,A3852,train
cpsc2018_mc,val,A0316,train
cpsc2018_mc,val,A6794,train
cpsc2018_mc,val,A4986,test
cpsc2018_mc,val,A6178,train
cpsc2018_mc,val,A2573,train
cpsc2018_mc,val,A2999,train
cpsc2018_mc,val,A2292,train
cpsc2018_mc,val,A3736,unlisted
cpsc2018_mc,val,A0796,train
cpsc2018_mc,val,A1055,test
cpsc2018_mc,val,A5990,train
cpsc2018_mc,val,A2492,train
cpsc2018_mc,val,A1101,train
cpsc2018_mc,val,A3549,train
cpsc2018_mc,val,A1939,train
cpsc2018_mc,val,A5640,train
cpsc2018_mc,val,A4868,train
cpsc2018_mc,val,A1901,test
cpsc2018_mc,val,A0373,train
cpsc2018_mc,val,A4085,train
cpsc2018_mc,val,A4676,valid
cpsc2018_mc,val,A0754,train
cpsc2018_mc,val,A3780,train
cpsc2018_mc,val,A5457,train
cpsc2018_mc,val,A1074,train
cpsc2018_mc,val,A6494,test
cpsc2018_mc,val,A2425,train
cpsc2018_mc,val,A2995,train
cpsc2018_mc,val,A5247,train
cpsc2018_mc,val,A6052,train
cpsc2018_mc,val,A6286,train
cpsc2018_mc,val,A3934,test
cpsc2018_mc,val,A5300,valid
cpsc2018_mc,val,A2192,train
cpsc2018_mc,val,A4547,train
cpsc2018_mc,val,A5250,train
cpsc2018_mc,val,A5635,train
cpsc2018_mc,val,A6007,train
cpsc2018_mc,val,A5485,train
cpsc2018_mc,val,A6517,train
cpsc2018_mc,val,A5550,train
cpsc2018_mc,val,A3966,train
cpsc2018_mc,val,A6270,train
cpsc2018_mc,val,A6844,train
cpsc2018_mc,val,A5665,test
cpsc2018_mc,val,A0422,train
cpsc2018_mc,val,A5997,train
cpsc2018_mc,val,A6273,valid
cpsc2018_mc,val,A0586,train
cpsc2018_mc,val,A6416,train
cpsc2018_mc,val,A5548,train
cpsc2018_mc,val,A4641,train
cpsc2018_mc,val,A3866,train
cpsc2018_mc,val,A0227,valid
cpsc2018_mc,val,A1477,train
cpsc2018_mc,val,A3861,train
cpsc2018_mc,val,A2990,train
cpsc2018_mc,val,A5547,train
cpsc2018_mc,val,A5144,train
cpsc2018_mc,val,A4439,train
cpsc2018_mc,val,A2041,train
cpsc2018_mc,val,A6140,train
cpsc2018_mc,val,A3168,train
cpsc2018_mc,val,A3339,train
cpsc2018_mc,val,A1337,train
cpsc2018_mc,val,A1815,valid
cpsc2018_mc,val,A3764,train
cpsc2018_mc,val,A3832,train
cpsc2018_mc,val,A3157,valid
cpsc2018_mc,val,A1975,train
cpsc2018_mc,val,A4193,test
cpsc2018_mc,val,A3714,train
cpsc2018_mc,val,A3713,train
cpsc2018_mc,val,A3892,test
cpsc2018_mc,val,A6767,train
cpsc2018_mc,val,A5631,train
cpsc2018_mc,val,A3804,valid
cpsc2018_mc,val,A0661,train
cpsc2018_mc,val,A3369,train
cpsc2018_mc,val,A5979,train
cpsc2018_mc,val,A0145,train
cpsc2018_mc,val,A4282,train
cpsc2018_mc,val,A3236,train
cpsc2018_mc,val,A4898,valid
cpsc2018_mc,val,A3890,test
cpsc2018_mc,val,A3014,train
cpsc2018_mc,val,A0910,train
cpsc2018_mc,val,A1807,train
cpsc2018_mc,val,A1095,test
cpsc2018_mc,val,A3622,train
cpsc2018_mc,val,A6833,train
cpsc2018_mc,val,A2407,valid
cpsc2018_mc,val,A6697,train
cpsc2018_mc,val,A2697,train
cpsc2018_mc,val,A0399,train
cpsc2018_mc,val,A2592,test
cpsc2018_mc,val,A0379,train
cpsc2018_mc,val,A0896,train
cpsc2018_mc,val,A5304,train
cpsc2018_mc,val,A3541,train
cpsc2018_mc,val,A6381,test
cpsc2018_mc,val,A6592,train
cpsc2018_mc,val,A3669,train
cpsc2018_mc,val,A4531,train
cpsc2018_mc,val,A2329,train
cpsc2018_mc,val,A2018,train
cpsc2018_mc,val,A0874,train
cpsc2018_mc,val,A6803,train
cpsc2018_mc,val,A2956,train
cpsc2018_mc,val,A0109,valid
cpsc2018_mc,val,A4654,train
cpsc2018_mc,val,A4146,train
cpsc2018_mc,val,A3188,train
cpsc2018_mc,val,A2617,train
cpsc2018_mc,val,A5694,train
cpsc2018_mc,val,A6089,train
cpsc2018_mc,val,A3567,train
cpsc2018_mc,val,A6123,train
cpsc2018_mc,val,A3147,train
cpsc2018_mc,val,A3212,train
cpsc2018_mc,val,A2053,train
cpsc2018_mc,val,A5088,train
cpsc2018_mc,val,A2044,train
cpsc2018_mc,val,A2921,train
cpsc2018_mc,val,A2467,train
cpsc2018_mc,val,A2577,train
cpsc2018_mc,val,A1054,train
cpsc2018_mc,val,A3381,valid
cpsc2018_mc,val,A1243,train
cpsc2018_mc,val,A2865,train
cpsc2018_mc,val,A2426,train
cpsc2018_mc,val,A0460,train
cpsc2018_mc,val,A1020,train
cpsc2018_mc,val,A1389,train
cpsc2018_mc,val,A0522,train
cpsc2018_mc,val,A2245,valid
cpsc2018_mc,val,A1333,test
cpsc2018_mc,val,A2899,train
cpsc2018_mc,val,A6617,train
cpsc2018_mc,val,A2169,train
cpsc2018_mc,val,A3427,valid
cpsc2018_mc,val,A4436,train
cpsc2018_mc,val,A2368,train
cpsc2018_mc,val,A4069,train
cpsc2018_mc,val,A5427,train
cpsc2018_mc,val,A2200,train
cpsc2018_mc,val,A4452,train
cpsc2018_mc,val,A6747,train
cpsc2018_mc,val,A3367,train
cpsc2018_mc,val,A1381,train
cpsc2018_mc,val,A2411,train
cpsc2018_mc,val,A2994,valid
cpsc2018_mc,val,A1104,train
cpsc2018_mc,val,A2409,test
cpsc2018_mc,val,A5153,train
cpsc2018_mc,val,A5670,test
cpsc2018_mc,val,A4153,test
cpsc2018_mc,val,A3963,train
cpsc2018_mc,val,A5196,train
cpsc2018_mc,val,A1461,train
cpsc2018_mc,val,A2051,train
cpsc2018_mc,val,A2585,train
cpsc2018_mc,val,A2703,test
cpsc2018_mc,val,A2352,train
cpsc2018_mc,val,A1183,valid
cpsc2018_mc,val,A6818,train
cpsc2018_mc,val,A4656,test
cpsc2018_mc,val,A2894,train
cpsc2018_mc,val,A0087,valid
cpsc2018_mc,val,A3197,test
cpsc2018_mc,val,A5319,valid
cpsc2018_mc,val,A1457,train
cpsc2018_mc,val,A6000,test
cpsc2018_mc,val,A0964,train
cpsc2018_mc,val,A4254,train
cpsc2018_mc,val,A6580,train
cpsc2018_mc,val,A3270,train
cpsc2018_mc,val,A3738,train
cpsc2018_mc,val,A2827,train
cpsc2018_mc,val,A6738,train
cpsc2018_mc,val,A2910,train
cpsc2018_mc,val,A3889,train
cpsc2018_mc,val,A0412,valid
cpsc2018_mc,val,A2100,train
cpsc2018_mc,val,A4876,train
cpsc2018_mc,val,A5948,train
cpsc2018_mc,val,A6010,train
cpsc2018_mc,val,A4445,train
cpsc2018_mc,val,A1767,train
cpsc2018_mc,val,A1241,train
cpsc2018_mc,val,A4058,train
cpsc2018_mc,val,A3847,train
cpsc2018_mc,val,A6690,train
cpsc2018_mc,val,A3263,unlisted
cpsc2018_mc,val,A2197,train
cpsc2018_mc,val,A6813,train
cpsc2018_mc,val,A5973,valid
cpsc2018_mc,val,A2622,train
cpsc2018_mc,val,A1487,test
cpsc2018_mc,val,A0352,train
cpsc2018_mc,val,A1787,valid
cpsc2018_mc,val,A4098,train
cpsc2018_mc,val,A2272,train
cpsc2018_mc,val,A2442,train
cpsc2018_mc,val,A1845,train
cpsc2018_mc,val,A0290,train
cpsc2018_mc,val,A6068,train
cpsc2018_mc,val,A2249,train
cpsc2018_mc,val,A5279,train
cpsc2018_mc,val,A0997,train
cpsc2018_mc,val,A4131,train
cpsc2018_mc,val,A2235,train
cpsc2018_mc,val,A4663,test
cpsc2018_mc,val,A2110,train
cpsc2018_mc,val,A2011,train
cpsc2018_mc,val,A1735,train
cpsc2018_mc,val,A4861,train
cpsc2018_mc,val,A5239,train
cpsc2018_mc,val,A6030,test
cpsc2018_mc,val,A5136,train
cpsc2018_mc,val,A4637,train
cpsc2018_mc,val,A5107,test
cpsc2018_mc,val,A0253,train
cpsc2018_mc,val,A0797,train
cpsc2018_mc,val,A6213,train
cpsc2018_mc,val,A1267,train
cpsc2018_mc,val,A3049,unlisted
cpsc2018_mc,val,A0932,train
cpsc2018_mc,val,A4724,train
cpsc2018_mc,val,A5559,train
cpsc2018_mc,val,A2815,train
cpsc2018_mc,val,A3229,train
cpsc2018_mc,val,A0135,valid
cpsc2018_mc,val,A0708,train
cpsc2018_mc,val,A0004,train
cpsc2018_mc,val,A4598,test
cpsc2018_mc,val,A0511,train
cpsc2018_mc,val,A0007,train
cpsc2018_mc,val,A1017,test
cpsc2018_mc,val,A2863,train
cpsc2018_mc,val,A4763,train
cpsc2018_mc,val,A1181,train
cpsc2018_mc,val,A2857,train
cpsc2018_mc,val,A0272,train
cpsc2018_mc,val,A5980,train
cpsc2018_mc,val,A1289,train
cpsc2018_mc,val,A3166,train
cpsc2018_mc,val,A4122,train
cpsc2018_mc,val,A2646,train
cpsc2018_mc,val,A3876,test
cpsc2018_mc,val,A3769,train
cpsc2018_mc,val,A2830,train
cpsc2018_mc,test,A1768,train
cpsc2018_mc,test,A6629,train
cpsc2018_mc,test,A2565,train
cpsc2018_mc,test,A2991,train
cpsc2018_mc,test,A6036,train
cpsc2018_mc,test,A1454,train
cpsc2018_mc,test,A3803,train
cpsc2018_mc,test,A4209,train
cpsc2018_mc,test,A6395,train
cpsc2018_mc,test,A2607,valid
cpsc2018_mc,test,A2174,train
cpsc2018_mc,test,A3873,valid
cpsc2018_mc,test,A1941,train
cpsc2018_mc,test,A3025,train
cpsc2018_mc,test,A6405,train
cpsc2018_mc,test,A2727,train
cpsc2018_mc,test,A4424,train
cpsc2018_mc,test,A5204,train
cpsc2018_mc,test,A1651,train
cpsc2018_mc,test,A4635,valid
cpsc2018_mc,test,A2375,test
cpsc2018_mc,test,A1299,train
cpsc2018_mc,test,A6206,train
cpsc2018_mc,test,A0261,train
cpsc2018_mc,test,A0075,train
cpsc2018_mc,test,A1766,train
cpsc2018_mc,test,A3624,valid
cpsc2018_mc,test,A3962,train
cpsc2018_mc,test,A5113,train
cpsc2018_mc,test,A0143,train
cpsc2018_mc,test,A1433,test
cpsc2018_mc,test,A2175,train
cpsc2018_mc,test,A6207,train
cpsc2018_mc,test,A6158,train
cpsc2018_mc,test,A2288,test
cpsc2018_mc,test,A5047,train
cpsc2018_mc,test,A6495,test
cpsc2018_mc,test,A3399,train
cpsc2018_mc,test,A5962,train
cpsc2018_mc,test,A3689,test
cpsc2018_mc,test,A6135,train
cpsc2018_mc,test,A3086,train
cpsc2018_mc,test,A1016,valid
cpsc2018_mc,test,A1816,train
cpsc2018_mc,test,A5646,train
cpsc2018_mc,test,A5650,train
cpsc2018_mc,test,A5492,train
cpsc2018_mc,test,A5098,train
cpsc2018_mc,test,A0401,valid
cpsc2018_mc,test,A3628,train
cpsc2018_mc,test,A2340,train
cpsc2018_mc,test,A4550,train
cpsc2018_mc,test,A5034,train
cpsc2018_mc,test,A0575,train
cpsc2018_mc,test,A5320,train
cpsc2018_mc,test,A0064,train
cpsc2018_mc,test,A0701,train
cpsc2018_mc,test,A0334,train
cpsc2018_mc,test,A3053,train
cpsc2018_mc,test,A1413,train
cpsc2018_mc,test,A5207,test
cpsc2018_mc,test,A2266,train
cpsc2018_mc,test,A5674,train
cpsc2018_mc,test,A4879,train
cpsc2018_mc,test,A4019,train
cpsc2018_mc,test,A4570,train
cpsc2018_mc,test,A3174,train
cpsc2018_mc,test,A4631,train
cpsc2018_mc,test,A5705,train
cpsc2018_mc,test,A2518,train
cpsc2018_mc,test,A2491,train
cpsc2018_mc,test,A5779,train
cpsc2018_mc,test,A2530,train
cpsc2018_mc,test,A1933,train
cpsc2018_mc,test,A5730,train
cpsc2018_mc,test,A2167,train
cpsc2018_mc,test,A5969,train
cpsc2018_mc,test,A3434,train
cpsc2018_mc,test,A2642,train
cpsc2018_mc,test,A0573,train
cpsc2018_mc,test,A4309,train
cpsc2018_mc,test,A6411,train
cpsc2018_mc,test,A5183,train
cpsc2018_mc,test,A6063,train
cpsc2018_mc,test,A3440,train
cpsc2018_mc,test,A4584,train
cpsc2018_mc,test,A2168,test
cpsc2018_mc,test,A0736,train
cpsc2018_mc,test,A4617,train
cpsc2018_mc,test,A0730,train
cpsc2018_mc,test,A6237,train
cpsc2018_mc,test,A2078,train
cpsc2018_mc,test,A3607,test
cpsc2018_mc,test,A0311,train
cpsc2018_mc,test,A1895,test
cpsc2018_mc,test,A3251,train
cpsc2018_mc,test,A4903,train
cpsc2018_mc,test,A0995,train
cpsc2018_mc,test,A6668,train
cpsc2018_mc,test,A0839,test
cpsc2018_mc,test,A2097,train
cpsc2018_mc,test,A4462,train
cpsc2018_mc,test,A4223,train
cpsc2018_mc,test,A4565,train
cpsc2018_mc,test,A4217,train
cpsc2018_mc,test,A4736,train
cpsc2018_mc,test,A2860,valid
cpsc2018_mc,test,A4592,valid
cpsc2018_mc,test,A3340,valid
cpsc2018_mc,test,A3942,train
cpsc2018_mc,test,A3125,train
cpsc2018_mc,test,A3828,test
cpsc2018_mc,test,A0160,train
cpsc2018_mc,test,A5400,train
cpsc2018_mc,test,A2398,train
cpsc2018_mc,test,A2343,train
cpsc2018_mc,test,A3508,train
cpsc2018_mc,test,A5356,train
cpsc2018_mc,test,A5118,train
cpsc2018_mc,test,A5638,train
cpsc2018_mc,test,A5991,train
cpsc2018_mc,test,A4694,train
cpsc2018_mc,test,A4784,train
cpsc2018_mc,test,A1476,train
cpsc2018_mc,test,A2225,train
cpsc2018_mc,test,A5004,train
cpsc2018_mc,test,A2738,train
cpsc2018_mc,test,A1505,train
cpsc2018_mc,test,A1473,train
cpsc2018_mc,test,A6776,valid
cpsc2018_mc,test,A2367,train
cpsc2018_mc,test,A4992,train
cpsc2018_mc,test,A2337,train
cpsc2018_mc,test,A5156,train
cpsc2018_mc,test,A4394,test
cpsc2018_mc,test,A1385,train
cpsc2018_mc,test,A3619,train
cpsc2018_mc,test,A3720,train
cpsc2018_mc,test,A3107,train
cpsc2018_mc,test,A5205,train
cpsc2018_mc,test,A2035,train
cpsc2018_mc,test,A5364,train
cpsc2018_mc,test,A3346,train
cpsc2018_mc,test,A0425,valid
cpsc2018_mc,test,A0264,train
cpsc2018_mc,test,A1197,train
cpsc2018_mc,test,A2185,valid
cpsc2018_mc,test,A4804,train
cpsc2018_mc,test,A4374,valid
cpsc2018_mc,test,A0850,train
cpsc2018_mc,test,A2383,test
cpsc2018_mc,test,A4995,train
cpsc2018_mc,test,A0738,train
cpsc2018_mc,test,A0279,train
cpsc2018_mc,test,A1736,train
cpsc2018_mc,test,A3766,train
cpsc2018_mc,test,A2294,train
cpsc2018_mc,test,A2006,valid
cpsc2018_mc,test,A6362,train
cpsc2018_mc,test,A6579,train
cpsc2018_mc,test,A5006,train
cpsc2018_mc,test,A0790,test
cpsc2018_mc,test,A6125,train
cpsc2018_mc,test,A6419,train
cpsc2018_mc,test,A2259,train
cpsc2018_mc,test,A5804,train
cpsc2018_mc,test,A4606,train
cpsc2018_mc,test,A5306,valid
cpsc2018_mc,test,A3006,train
cpsc2018_mc,test,A6212,train
cpsc2018_mc,test,A1612,train
cpsc2018_mc,test,A1840,train
cpsc2018_mc,test,A3043,train
cpsc2018_mc,test,A2204,test
cpsc2018_mc,test,A5036,train
cpsc2018_mc,test,A5089,train
cpsc2018_mc,test,A0442,train
cpsc2018_mc,test,A0421,train
cpsc2018_mc,test,A6170,train
cpsc2018_mc,test,A2369,train
cpsc2018_mc,test,A1801,train
cpsc2018_mc,test,A6295,train
cpsc2018_mc,test,A5278,train
cpsc2018_mc,test,A4337,train
cpsc2018_mc,test,A5888,train
cpsc2018_mc,test,A4586,test
cpsc2018_mc,test,A5461,test
cpsc2018_mc,test,A5914,train
cpsc2018_mc,test,A0251,train
cpsc2018_mc,test,A2412,train
cpsc2018_mc,test,A3455,train
cpsc2018_mc,test,A4922,train
cpsc2018_mc,test,A2007,train
cpsc2018_mc,test,A6311,train
cpsc2018_mc,test,A5648,train
cpsc2018_mc,test,A5486,train
cpsc2018_mc,test,A0878,train
cpsc2018_mc,test,A3167,train
cpsc2018_mc,test,A0011,train
cpsc2018_mc,test,A2142,train
cpsc2018_mc,test,A2023,train
cpsc2018_mc,test,A5298,train
cpsc2018_mc,test,A0285,valid
cpsc2018_mc,test,A4941,train
cpsc2018_mc,test,A6192,test
cpsc2018_mc,test,A1743,train
cpsc2018_mc,test,A3261,train
cpsc2018_mc,test,A1023,train
cpsc2018_mc,test,A6086,train
cpsc2018_mc,test,A2768,train
cpsc2018_mc,test,A5540,train
cpsc2018_mc,test,A5870,train
cpsc2018_mc,test,A4168,train
cpsc2018_mc,test,A5334,train
cpsc2018_mc,test,A4563,train
cpsc2018_mc,test,A5477,test
cpsc2018_mc,test,A3068,train
cpsc2018_mc,test,A0590,test
cpsc2018_mc,test,A3031,train
cpsc2018_mc,test,A6176,test
cpsc2018_mc,test,A6402,train
cpsc2018_mc,test,A6033,train
cpsc2018_mc,test,A1271,train
cpsc2018_mc,test,A5651,valid
cpsc2018_mc,test,A4920,train
cpsc2018_mc,test,A0731,train
cpsc2018_mc,test,A3328,train
cpsc2018_mc,test,A0393,train
cpsc2018_mc,test,A5582,train
cpsc2018_mc,test,A3124,train
cpsc2018_mc,test,A3072,train
cpsc2018_mc,test,A1499,train
cpsc2018_mc,test,A5655,train
cpsc2018_mc,test,A0514,train
cpsc2018_mc,test,A2985,train
cpsc2018_mc,test,A3674,test
cpsc2018_mc,test,A4010,train
cpsc2018_mc,test,A1545,train
cpsc2018_mc,test,A3950,train
cpsc2018_mc,test,A6164,train
cpsc2018_mc,test,A5802,train
cpsc2018_mc,test,A3723,train
cpsc2018_mc,test,A1391,train
cpsc2018_mc,test,A3871,train
cpsc2018_mc,test,A1383,train
cpsc2018_mc,test,A5903,train
cpsc2018_mc,test,A6606,train
cpsc2018_mc,test,A4733,test
cpsc2018_mc,test,A3625,train
cpsc2018_mc,test,A3234,train
cpsc2018_mc,test,A4603,train
cpsc2018_mc,test,A5809,test
cpsc2018_mc,test,A5418,train
cpsc2018_mc,test,A2039,train
cpsc2018_mc,test,A6434,train
cpsc2018_mc,test,A6696,train
cpsc2018_mc,test,A2318,train
cpsc2018_mc,test,A0153,train
cpsc2018_mc,test,A5775,train
cpsc2018_mc,test,A5545,train
cpsc2018_mc,test,A1028,train
cpsc2018_mc,test,A0906,train
cpsc2018_mc,test,A6243,train
cpsc2018_mc,test,A1693,train
cpsc2018_mc,test,A1346,test
cpsc2018_mc,test,A0552,train
cpsc2018_mc,test,A4720,valid
cpsc2018_mc,test,A2199,train
cpsc2018_mc,test,A3385,train
cpsc2018_mc,test,A2156,test
cpsc2018_mc,test,A1532,train
cpsc2018_mc,test,A0990,train
cpsc2018_mc,test,A5435,train
cpsc2018_mc,test,A0498,valid
cpsc2018_mc,test,A6371,train
cpsc2018_mc,test,A4094,train
cpsc2018_mc,test,A6340,train
cpsc2018_mc,test,A5350,train
cpsc2018_mc,test,A5238,test
cpsc2018_mc,test,A4701,train
cpsc2018_mc,test,A3881,train
cpsc2018_mc,test,A4561,train
cpsc2018_mc,test,A3968,train
cpsc2018_mc,test,A0786,train
cpsc2018_mc,test,A4615,train
cpsc2018_mc,test,A2436,train
cpsc2018_mc,test,A5848,train
cpsc2018_mc,test,A3223,test
cpsc2018_mc,test,A1993,train
cpsc2018_mc,test,A3842,train
cpsc2018_mc,test,A3460,train
cpsc2018_mc,test,A2010,test
cpsc2018_mc,test,A1283,train
cpsc2018_mc,test,A1467,train
cpsc2018_mc,test,A4749,train
cpsc2018_mc,test,A0558,train
cpsc2018_mc,test,A1853,train
cpsc2018_mc,test,A0546,valid
cpsc2018_mc,test,A6232,train
cpsc2018_mc,test,A2043,train
cpsc2018_mc,test,A1536,test
cpsc2018_mc,test,A4104,train
cpsc2018_mc,test,A2635,train
cpsc2018_mc,test,A6112,train
cpsc2018_mc,test,A3575,train
cpsc2018_mc,test,A1702,valid
cpsc2018_mc,test,A1349,train
cpsc2018_mc,test,A2963,train
cpsc2018_mc,test,A3302,train
cpsc2018_mc,test,A6082,train
cpsc2018_mc,test,A1321,train
cpsc2018_mc,test,A5838,train
cpsc2018_mc,test,A1704,train
cpsc2018_mc,test,A3645,valid
cpsc2018_mc,test,A3668,test
cpsc2018_mc,test,A2802,train
cpsc2018_mc,test,A1057,valid
cpsc2018_mc,test,A5347,train
cpsc2018_mc,test,A4770,test
cpsc2018_mc,test,A0807,train
cpsc2018_mc,test,A6867,train
cpsc2018_mc,test,A1284,train
cpsc2018_mc,test,A6369,train
cpsc2018_mc,test,A3637,train
cpsc2018_mc,test,A3289,train
cpsc2018_mc,test,A5852,train
cpsc2018_mc,test,A5690,valid
cpsc2018_mc,test,A2373,train
cpsc2018_mc,test,A1180,valid
cpsc2018_mc,test,A2888,test
cpsc2018_mc,test,A1297,train
cpsc2018_mc,test,A3560,valid
cpsc2018_mc,test,A4009,valid
cpsc2018_mc,test,A6163,train
cpsc2018_mc,test,A3239,train
cpsc2018_mc,test,A4947,train
cpsc2018_mc,test,A3459,train
cpsc2018_mc,test,A5494,train
cpsc2018_mc,test,A0167,train
cpsc2018_mc,test,A6810,test
cpsc2018_mc,test,A3940,valid
cpsc2018_mc,test,A5459,train
cpsc2018_mc,test,A3071,test
cpsc2018_mc,test,A0791,valid
cpsc2018_mc,test,A2002,valid
cpsc2018_mc,test,A2762,train
cpsc2018_mc,test,A4801,train
cpsc2018_mc,test,A4599,train
cpsc2018_mc,test,A0432,train
cpsc2018_mc,test,A6645,train
cpsc2018_mc,test,A4948,train
cpsc2018_mc,test,A1512,test
cpsc2018_mc,test,A6261,train
cpsc2018_mc,test,A0653,train
cpsc2018_mc,test,A4364,train
cpsc2018_mc,test,A5954,train
cpsc2018_mc,test,A5482,train
cpsc2018_mc,test,A3214,train
cpsc2018_mc,test,A2567,train
cpsc2018_mc,test,A6225,train
cpsc2018_mc,test,A4158,train
cpsc2018_mc,test,A3793,train
cpsc2018_mc,test,A4255,valid
cpsc2018_mc,test,A4559,train
cpsc2018_mc,test,A6300,train
cpsc2018_mc,test,A2359,valid
cpsc2018_mc,test,A6335,train
cpsc2018_mc,test,A5592,train
cpsc2018_mc,test,A1733,train
cpsc2018_mc,test,A4501,train
cpsc2018_mc,test,A1246,train
cpsc2018_mc,test,A3075,train
cpsc2018_mc,test,A3273,train
cpsc2018_mc,test,A2764,train
cpsc2018_mc,test,A3821,train
cpsc2018_mc,test,A0740,train
cpsc2018_mc,test,A3099,valid
cpsc2018_mc,test,A3692,train
cpsc2018_mc,test,A0802,train
cpsc2018_mc,test,A0450,train
cpsc2018_mc,test,A3468,train
cpsc2018_mc,test,A1676,valid
cpsc2018_mc,test,A0908,train
cpsc2018_mc,test,A3608,train
cpsc2018_mc,test,A4387,test
cpsc2018_mc,test,A0675,train
cpsc2018_mc,test,A0132,train
cpsc2018_mc,test,A0457,train
cpsc2018_mc,test,A3382,train
cpsc2018_mc,test,A1793,test
cpsc2018_mc,test,A6807,train
cpsc2018_mc,test,A4614,train
cpsc2018_mc,test,A3194,train
cpsc2018_mc,test,A6422,train
cpsc2018_mc,test,A2295,train
cpsc2018_mc,test,A0831,train
cpsc2018_mc,test,A2810,train
cpsc2018_mc,test,A4382,train
cpsc2018_mc,test,A3719,test
cpsc2018_mc,test,A4532,train
cpsc2018_mc,test,A2698,train
cpsc2018_mc,test,A4821,train
cpsc2018_mc,test,A1184,train
cpsc2018_mc,test,A4324,train
cpsc2018_mc,test,A5831,train
cpsc2018_mc,test,A6107,train
cpsc2018_mc,test,A5949,train
cpsc2018_mc,test,A3857,valid
cpsc2018_mc,test,A3024,train
cpsc2018_mc,test,A5570,train
cpsc2018_mc,test,A4417,train
cpsc2018_mc,test,A1730,train
cpsc2018_mc,test,A2680,train
cpsc2018_mc,test,A4134,train
cpsc2018_mc,test,A6374,train
cpsc2018_mc,test,A1862,valid
cpsc2018_mc,test,A0937,test
cpsc2018_mc,test,A3905,train
cpsc2018_mc,test,A0991,train
cpsc2018_mc,test,A5060,train
cpsc2018_mc,test,A0367,train
cpsc2018_mc,test,A3132,train
cpsc2018_mc,test,A3401,train
cpsc2018_mc,test,A5087,train
cpsc2018_mc,test,A1493,train
cpsc2018_mc,test,A1127,train
cpsc2018_mc,test,A3109,train
cpsc2018_mc,test,A1799,train
cpsc2018_mc,test,A2747,train
cpsc2018_mc,test,A4116,train
cpsc2018_mc,test,A3590,train
cpsc2018_mc,test,A6367,train
cpsc2018_mc,test,A2283,train
cpsc2018_mc,test,A4899,train
cpsc2018_mc,test,A6715,train
cpsc2018_mc,test,A5971,train
cpsc2018_mc,test,A1803,train
cpsc2018_mc,test,A5128,train
cpsc2018_mc,test,A2735,train
cpsc2018_mc,test,A2495,train
cpsc2018_mc,test,A3264,train
cpsc2018_mc,test,A5873,train
cpsc2018_mc,test,A6501,train
cpsc2018_mc,test,A3372,train
cpsc2018_mc,test,A5571,train
cpsc2018_mc,test,A2357,train
cpsc2018_mc,test,A5626,train
cpsc2018_mc,test,A3435,train
cpsc2018_mc,test,A5718,test
cpsc2018_mc,test,A6492,valid
cpsc2018_mc,test,A4465,train
cpsc2018_mc,test,A3702,valid
cpsc2018_mc,test,A3030,train
cpsc2018_mc,test,A5611,train
cpsc2018_mc,test,A3865,train
cpsc2018_mc,test,A1852,test
cpsc2018_mc,test,A4682,train
cpsc2018_mc,test,A3469,test
cpsc2018_mc,test,A2528,train
cpsc2018_mc,test,A0637,train
cpsc2018_mc,test,A1622,train
cpsc2018_mc,test,A5293,train
cpsc2018_mc,test,A4491,train
cpsc2018_mc,test,A5855,valid
cpsc2018_mc,test,A3687,train
cpsc2018_mc,test,A5506,train
cpsc2018_mc,test,A5050,train
cpsc2018_mc,test,A4048,train
cpsc2018_mc,test,A0613,train
cpsc2018_mc,test,A5776,train
cpsc2018_mc,test,A5751,train
cpsc2018_mc,test,A3143,train
cpsc2018_mc,test,A0561,train
cpsc2018_mc,test,A5217,train
cpsc2018_mc,test,A1201,train
cpsc2018_mc,test,A1836,train
cpsc2018_mc,test,A1124,train
cpsc2018_mc,test,A2126,train
cpsc2018_mc,test,A1276,train
cpsc2018_mc,test,A3131,train
cpsc2018_mc,test,A0134,test
cpsc2018_mc,test,A0816,train
cpsc2018_mc,test,A6605,train
cpsc2018_mc,test,A5707,valid
cpsc2018_mc,test,A4053,train
cpsc2018_mc,test,A0913,train
cpsc2018_mc,test,A0137,train
cpsc2018_mc,test,A5242,train
cpsc2018_mc,test,A6568,valid
cpsc2018_mc,test,A6511,train
cpsc2018_mc,test,A6796,train
cpsc2018_mc,test,A0696,train
cpsc2018_mc,test,A4916,test
cpsc2018_mc,test,A4805,train
cpsc2018_mc,test,A4569,train
cpsc2018_mc,test,A1103,valid
cpsc2018_mc,test,A0970,train
cpsc2018_mc,test,A5375,train
cpsc2018_mc,test,A5864,train
cpsc2018_mc,test,A5760,train
cpsc2018_mc,test,A0006,train
cpsc2018_mc,test,A3361,train
cpsc2018_mc,test,A6275,train
cpsc2018_mc,test,A3442,valid
cpsc2018_mc,test,A2940,train
cpsc2018_mc,test,A2749,train
cpsc2018_mc,test,A5703,test
cpsc2018_mc,test,A4258,test
cpsc2018_mc,test,A5445,train
cpsc2018_mc,test,A5270,train
cpsc2018_mc,test,A1891,train
cpsc2018_mc,test,A1274,train
cpsc2018_mc,test,A3601,train
cpsc2018_mc,test,A0631,train
cpsc2018_mc,test,A4161,train
cpsc2018_mc,test,A4123,train
cpsc2018_mc,test,A4573,train
cpsc2018_mc,test,A0940,train
cpsc2018_mc,test,A2183,test
cpsc2018_mc,test,A3063,train
cpsc2018_mc,test,A5441,train
cpsc2018_mc,test,A5745,train
cpsc2018_mc,test,A1296,valid
cpsc2018_mc,test,A1079,train
cpsc2018_mc,test,A2983,train
cpsc2018_mc,test,A4951,valid
cpsc2018_mc,test,A4251,train
cpsc2018_mc,test,A2613,train
cpsc2018_mc,test,A4542,train
cpsc2018_mc,test,A5273,train
cpsc2018_mc,test,A4558,train
cpsc2018_mc,test,A3254,train
cpsc2018_mc,test,A6204,valid
cpsc2018_mc,test,A0574,train
cpsc2018_mc,test,A2709,train
cpsc2018_mc,test,A5531,train
cpsc2018_mc,test,A2026,train
cpsc2018_mc,test,A0587,train
cpsc2018_mc,test,A3097,valid
cpsc2018_mc,test,A6401,test
cpsc2018_mc,test,A6171,test
cpsc2018_mc,test,A4781,train
cpsc2018_mc,test,A3506,valid
cpsc2018_mc,test,A0865,train
cpsc2018_mc,test,A4477,test
cpsc2018_mc,test,A1558,train
cpsc2018_mc,test,A2800,train
cpsc2018_mc,test,A0178,valid
cpsc2018_mc,test,A3318,train
cpsc2018_mc,test,A1861,train
cpsc2018_mc,test,A3200,test
cpsc2018_mc,test,A6806,train
cpsc2018_mc,test,A5208,train
cpsc2018_mc,test,A4268,train
cpsc2018_mc,test,A3017,train
cpsc2018_mc,test,A2086,valid
cpsc2018_mc,test,A6008,valid
cpsc2018_mc,test,A0626,valid
cpsc2018_mc,test,A6460,valid
cpsc2018_mc,test,A1999,train
cpsc2018_mc,test,A2278,valid
cpsc2018_mc,test,A0147,train
cpsc2018_mc,test,A3741,train
cpsc2018_mc,test,A3671,test
cpsc2018_mc,test,A6850,train
cpsc2018_mc,test,A3281,train
cpsc2018_mc,test,A1091,test
cpsc2018_mc,test,A2535,train
cpsc2018_mc,test,A0216,train
cpsc2018_mc,test,A1265,train
cpsc2018_mc,test,A5607,train
cpsc2018_mc,test,A0769,train
cpsc2018_mc,test,A6569,train
cpsc2018_mc,test,A0664,train
cpsc2018_mc,test,A4710,valid
cpsc2018_mc,test,A0333,train
cpsc2018_mc,test,A3767,train
cpsc2018_mc,test,A6619,train
cpsc2018_mc,test,A1178,train
cpsc2018_mc,test,A6680,train
cpsc2018_mc,test,A2832,train
cpsc2018_mc,test,A6864,train
cpsc2018_mc,test,A1187,train
cpsc2018_mc,test,A2784,train
cpsc2018_mc,test,A2427,valid
cpsc2018_mc,test,A1376,test
cpsc2018_mc,test,A0019,train
cpsc2018_mc,test,A3437,train
cpsc2018_mc,test,A6852,train
cpsc2018_mc,test,A5124,train
cpsc2018_mc,test,A5244,train
cpsc2018_mc,test,A0897,train
cpsc2018_mc,test,A3380,train
cpsc2018_mc,test,A6575,train
cpsc2018_mc,test,A6175,train
cpsc2018_mc,test,A1065,train
cpsc2018_mc,test,A5401,train
cpsc2018_mc,test,A0254,train
cpsc2018_mc,test,A3700,train
cpsc2018_mc,test,A6503,train
cpsc2018_mc,test,A2742,train
cpsc2018_mc,test,A0617,train
cpsc2018_mc,test,A3787,valid
cpsc2018_mc,test,A1869,train
cpsc2018_mc,test,A1159,train
cpsc2018_mc,test,A3801,train
cpsc2018_mc,test,A5029,train
cpsc2018_mc,test,A1058,train
cpsc2018_mc,test,A6849,train
cpsc2018_mc,test,A3021,valid
cpsc2018_mc,test,A6748,train
cpsc2018_mc,test,A5223,train
cpsc2018_mc,test,A6622,train
cpsc2018_mc,test,A1351,train
cpsc2018_mc,test,A5793,test
cpsc2018_mc,test,A6081,valid
cpsc2018_mc,test,A1689,train
cpsc2018_mc,test,A4401,train
cpsc2018_mc,test,A6787,valid
cpsc2018_mc,test,A1438,train
cpsc2018_mc,test,A6730,train
cpsc2018_mc,test,A6283,test
cpsc2018_mc,test,A0184,train
cpsc2018_mc,test,A4488,train
cpsc2018_mc,test,A6400,train
cpsc2018_mc,test,A1061,valid
cpsc2018_mc,test,A4185,train
cpsc2018_mc,test,A3573,valid
cpsc2018_mc,test,A3165,train
cpsc2018_mc,test,A4171,train
cpsc2018_mc,test,A4880,train
cpsc2018_mc,test,A5487,test
cpsc2018_mc,test,A3266,train
cpsc2018_mc,test,A2420,train
cpsc2018_mc,test,A0113,valid
cpsc2018_mc,test,A6689,train
cpsc2018_mc,test,A2824,train
cpsc2018_mc,test,A3515,train
cpsc2018_mc,test,A0283,train
cpsc2018_mc,test,A4335,train
cpsc2018_mc,test,A4628,train
cpsc2018_mc,test,A1597,train
cpsc2018_mc,test,A6110,train
cpsc2018_mc,test,A1818,train
cpsc2018_mc,test,A5166,valid
cpsc2018_mc,test,A5211,train
cpsc2018_mc,test,A4405,train
cpsc2018_mc,test,A1872,train
cpsc2018_mc,test,A3525,train
cpsc2018_mc,test,A4955,train
cpsc2018_mc,test,A1280,valid
cpsc2018_mc,test,A2484,valid
cpsc2018_mc,test,A1856,train
cpsc2018_mc,test,A3501,train
cpsc2018_mc,test,A2267,train
cpsc2018_mc,test,A4512,train
cpsc2018_mc,test,A6710,test
cpsc2018_mc,test,A3425,train
cpsc2018_mc,test,A5011,train
cpsc2018_mc,test,A4108,train
cpsc2018_mc,test,A5987,valid
cpsc2018_mc,test,A2260,train
cpsc2018_mc,test,A5490,train
cpsc2018_mc,test,A4017,train
cpsc2018_mc,test,A6782,train
cpsc2018_mc,test,A0684,train
cpsc2018_mc,test,A6490,train
cpsc2018_mc,test,A0292,train
cpsc2018_mc,test,A6317,train
cpsc2018_mc,test,A3715,valid
cpsc2018_mc,test,A4482,train
cpsc2018_mc,test,A6105,valid
cpsc2018_mc,test,A1985,train
cpsc2018_mc,test,A5224,train
cpsc2018_mc,test,A6862,train
cpsc2018_mc,test,A2633,train
cpsc2018_mc,test,A6354,test
cpsc2018_mc,test,A2157,train
cpsc2018_mc,test,A3282,train
cpsc2018_mc,test,A0534,train
cpsc2018_mc,test,A2028,train
cpsc2018_mc,test,A1911,train
cpsc2018_mc,test,A3211,train
cpsc2018_mc,test,A3556,train
cpsc2018_mc,test,A0170,train
cpsc2018_mc,test,A6210,train
cpsc2018_mc,test,A2187,train
cpsc2018_mc,test,A1516,test
cpsc2018_mc,test,A3104,train
cpsc2018_mc,test,A0722,train
cpsc2018_mc,test,A1977,train
cpsc2018_mc,test,A2771,train
cpsc2018_mc,test,A3744,train
cpsc2018_mc,test,A4717,train
cpsc2018_mc,test,A1273,train
cpsc2018_mc,test,A3613,train
cpsc2018_mc,test,A0667,test
cpsc2018_mc,test,A3947,valid
cpsc2018_mc,test,A2125,valid
cpsc2018_mc,test,A0223,valid
cpsc2018_mc,test,A3232,train
cpsc2018_mc,test,A2568,train
cpsc2018_mc,test,A4832,train
cpsc2018_mc,test,A0846,train
cpsc2018_mc,test,A4952,train
cpsc2018_mc,test,A4647,train
cpsc2018_mc,test,A3595,train
cpsc2018_mc,test,A0228,train
cpsc2018_mc,test,A3869,train
cpsc2018_mc,test,A5443,train
cpsc2018_mc,test,A6106,valid
cpsc2018_mc,test,A1910,train
cpsc2018_mc,test,A6390,train
cpsc2018_mc,test,A3066,test
cpsc2018_mc,test,A1883,test
cpsc2018_mc,test,A5702,train
cpsc2018_mc,test,A5788,train
cpsc2018_mc,test,A6352,train
cpsc2018_mc,test,A3830,train
cpsc2018_mc,test,A6461,valid
cpsc2018_mc,test,A0941,train
cpsc2018_mc,test,A6268,train
cpsc2018_mc,test,A5225,train
cpsc2018_mc,test,A4520,train
cpsc2018_mc,test,A2377,train
cpsc2018_mc,test,A0768,train
cpsc2018_mc,test,A6804,train
cpsc2018_mc,test,A3308,valid
cpsc2018_mc,test,A4080,test
cpsc2018_mc,test,A1804,test
cpsc2018_mc,test,A3812,valid
cpsc2018_mc,test,A3946,train
cpsc2018_mc,test,A1428,train
cpsc2018_mc,test,A5141,test
cpsc2018_mc,test,A6194,valid
cpsc2018_mc,test,A2040,valid
cpsc2018_mc,test,A5771,train
cpsc2018_mc,test,A4154,train
cpsc2018_mc,test,A3648,valid
cpsc2018_mc,test,A6763,train
cpsc2018_mc,test,A6314,train
cpsc2018_mc,test,A4130,valid
cpsc2018_mc,test,A3800,train
cpsc2018_mc,test,A2202,train
cpsc2018_mc,test,A0727,train
cpsc2018_mc,test,A5272,train
cpsc2018_mc,test,A5908,train
cpsc2018_mc,test,A4137,train
cpsc2018_mc,test,A4858,train
cpsc2018_mc,test,A5234,train
cpsc2018_mc,test,A6100,train
cpsc2018_mc,test,A6150,train
cpsc2018_mc,test,A0781,train
cpsc2018_mc,test,A1419,valid
cpsc2018_mc,test,A6470,train
cpsc2018_mc,test,A5587,train
cpsc2018_mc,test,A2957,train
cpsc2018_mc,test,A4447,test
cpsc2018_mc,test,A1447,train
cpsc2018_mc,test,A6066,train
cpsc2018_mc,test,A6074,train
cpsc2018_mc,test,A2460,train
cpsc2018_mc,test,A3646,train
cpsc2018_mc,test,A6167,train
cpsc2018_mc,test,A2248,train
cpsc2018_mc,test,A1691,train
cpsc2018_mc,test,A1835,train
cpsc2018_mc,test,A6016,train
cpsc2018_mc,test,A6789,train
cpsc2018_mc,test,A6811,train
cpsc2018_mc,test,A4000,train
cpsc2018_mc,test,A6327,train
cpsc2018_mc,test,A5676,train
cpsc2018_mc,test,A5399,train
cpsc2018_mc,test,A2975,train
cpsc2018_mc,test,A3373,test
cpsc2018_mc,test,A1760,train
cpsc2018_mc,test,A3013,train
cpsc2018_mc,test,A2898,train
cpsc2018_mc,test,A6525,train
cpsc2018_mc,test,A3480,valid
cpsc2018_mc,test,A3658,train
cpsc2018_mc,test,A1898,train
cpsc2018_mc,test,A5823,train
cpsc2018_mc,test,A1177,train
cpsc2018_mc,test,A5117,valid
cpsc2018_mc,test,A3581,train
cpsc2018_mc,test,A1851,train
cpsc2018_mc,test,A1937,train
cpsc2018_mc,test,A6638,train
cpsc2018_mc,test,A4620,train
cpsc2018_mc,test,A5639,train
cpsc2018_mc,test,A0618,train
cpsc2018_mc,test,A3079,train
cpsc2018_mc,test,A0953,valid
cpsc2018_mc,test,A1641,train
cpsc2018_mc,test,A6595,train
cpsc2018_mc,test,A5660,train
cpsc2018_mc,test,A0232,valid
cpsc2018_mc,test,A4944,train
cpsc2018_mc,test,A0962,train
cpsc2018_mc,test,A4949,train
cpsc2018_mc,test,A0550,train
cpsc2018_mc,test,A1141,train
cpsc2018_mc,test,A4242,test
cpsc2018_mc,test,A2972,train
cpsc2018_mc,test,A6156,train
cpsc2018_mc,test,A5575,train
cpsc2018_mc,test,A1732,train
cpsc2018_mc,test,A3062,train
cpsc2018_mc,test,A6609,test
cpsc2018_mc,test,A3015,train
cpsc2018_mc,test,A0886,train
cpsc2018_mc,test,A6453,train
cpsc2018_mc,test,A4020,train
cpsc2018_mc,test,A2708,train
cpsc2018_mc,test,A5073,test
cpsc2018_mc,test,A3421,train
cpsc2018_mc,test,A5383,train
cpsc2018_mc,test,A6576,train
cpsc2018_mc,test,A0226,train
cpsc2018_mc,test,A3415,train
cpsc2018_mc,test,A2509,train
cpsc2018_mc,test,A3922,train
cpsc2018_mc,test,A6499,train
cpsc2018_mc,test,A4928,train
cpsc2018_mc,test,A4976,train
cpsc2018_mc,test,A6393,train
cpsc2018_mc,test,A0428,train
cpsc2018_mc,test,A6196,train
cpsc2018_mc,test,A5798,train
cpsc2018_mc,test,A1653,train
cpsc2018_mc,test,A2977,train
cpsc2018_mc,test,A2236,train
cpsc2018_mc,test,A5787,test
cpsc2018_mc,test,A6029,train
cpsc2018_mc,test,A2835,valid
cpsc2018_mc,test,A0073,train
cpsc2018_mc,test,A4292,train
cpsc2018_mc,test,A2274,valid
cpsc2018_mc,test,A5819,train
cpsc2018_mc,test,A0538,train
cpsc2018_mc,test,A0416,train
cpsc2018_mc,test,A5365,train
cpsc2018_mc,test,A4407,train
cpsc2018_mc,test,A5395,train
cpsc2018_mc,test,A1196,train
cpsc2018_mc,test,A0972,train
cpsc2018_mc,test,A0369,train
cpsc2018_mc,test,A1128,test
cpsc2018_mc,test,A1412,train
cpsc2018_mc,test,A4194,train
cpsc2018_mc,test,A5014,train
cpsc2018_mc,test,A3686,train
cpsc2018_mc,test,A5420,train
cpsc2018_mc,test,A1107,train
cpsc2018_mc,test,A2181,train
cpsc2018_mc,test,A4732,train
cpsc2018_mc,test,A0185,train
cpsc2018_mc,test,A6258,train
cpsc2018_mc,test,A5292,train
cpsc2018_mc,test,A1658,train
cpsc2018_mc,test,A4245,train
cpsc2018_mc,test,A5763,train
cpsc2018_mc,test,A2885,train
cpsc2018_mc,test,A3817,train
cpsc2018_mc,test,A1134,train
cpsc2018_mc,test,A3386,train
cpsc2018_mc,test,A4355,train
cpsc2018_mc,test,A1747,train
cpsc2018_mc,test,A2153,train
cpsc2018_mc,test,A3474,train
cpsc2018_mc,test,A0040,train
cpsc2018_mc,test,A4431,train
cpsc2018_mc,test,A0855,valid
cpsc2018_mc,test,A2823,train
cpsc2018_mc,test,A1633,train
cpsc2018_mc,test,A6054,train
cpsc2018_mc,test,A1510,train
cpsc2018_mc,test,A2883,train
cpsc2018_mc,test,A3117,train
cpsc2018_mc,test,A2251,train
cpsc2018_mc,test,A0271,valid
cpsc2018_mc,test,A2273,train
cpsc2018_mc,test,A2608,train
cpsc2018_mc,test,A0658,train
cpsc2018_mc,test,A2689,train
cpsc2018_mc,test,A5955,test
cpsc2018_mc,test,A3185,train
cpsc2018_mc,test,A6797,train
cpsc2018_mc,test,A0709,train
cpsc2018_mc,test,A4298,train
cpsc2018_mc,test,A3916,train
cpsc2018_mc,test,A3537,train
cpsc2018_mc,test,A1690,train
cpsc2018_mc,test,A1403,train
cpsc2018_mc,test,A2090,train
cpsc2018_mc,test,A5140,train
cpsc2018_mc,test,A3314,train
cpsc2018_mc,test,A3020,valid
cpsc2018_mc,test,A0215,train
cpsc2018_mc,test,A1989,train
cpsc2018_mc,test,A1084,train
cpsc2018_mc,test,A3033,train
cpsc2018_mc,test,A2258,valid
cpsc2018_mc,test,A2825,train
cpsc2018_mc,test,A1202,train
cpsc2018_mc,test,A0519,valid
cpsc2018_mc,test,A3203,train
cpsc2018_mc,test,A5343,train
cpsc2018_mc,test,A4544,train
cpsc2018_mc,test,A3732,train
cpsc2018_mc,test,A5019,train
cpsc2018_mc,test,A1314,valid
cpsc2018_mc,test,A5569,train
cpsc2018_mc,test,A5860,train
cpsc2018_mc,test,A2687,train
cpsc2018_mc,test,A6188,train
cpsc2018_mc,test,A2640,train
cpsc2018_mc,test,A0849,train
cpsc2018_mc,test,A1860,train
cpsc2018_mc,test,A0150,train
cpsc2018_mc,test,A3219,test
cpsc2018_mc,test,A3502,test
cpsc2018_mc,test,A3799,train
cpsc2018_mc,test,A6153,train
cpsc2018_mc,test,A4873,train
cpsc2018_mc,test,A5885,train
cpsc2018_mc,test,A0510,train
cpsc2018_mc,test,A6322,valid
cpsc2018_mc,test,A3406,train
cpsc2018_mc,test,A4164,test
cpsc2018_mc,test,A5723,train
cpsc2018_mc,test,A5764,train
cpsc2018_mc,test,A5952,test
cpsc2018_mc,test,A0950,train
cpsc2018,train,A0550,train
cpsc2018,train,A4697,train
cpsc2018,train,A2088,train
cpsc2018,train,A2022,test
cpsc2018,train,A0717,train
cpsc2018,train,A2377,train
cpsc2018,train,A3626,train
cpsc2018,train,A6784,train
cpsc2018,train,A3068,train
cpsc2018,train,A0415,train
cpsc2018,train,A4459,valid
cpsc2018,train,A2647,train
cpsc2018,train,A6355,train
cpsc2018,train,A4389,train
cpsc2018,train,A6706,train
cpsc2018,train,A4627,train
cpsc2018,train,A6009,train
cpsc2018,train,A2391,valid
cpsc2018,train,A3084,test
cpsc2018,train,A6609,test
cpsc2018,train,A0701,train
cpsc2018,train,A2757,train
cpsc2018,train,A6504,train
cpsc2018,train,A1080,train
cpsc2018,train,A1634,train
cpsc2018,train,A1301,train
cpsc2018,train,A1877,train
cpsc2018,train,A1093,train
cpsc2018,train,A0586,train
cpsc2018,train,A6551,valid
cpsc2018,train,A6485,train
cpsc2018,train,A2818,train
cpsc2018,train,A0648,valid
cpsc2018,train,A6258,train
cpsc2018,train,A0689,train
cpsc2018,train,A1224,valid
cpsc2018,train,A3280,train
cpsc2018,train,A1938,train
cpsc2018,train,A3128,train
cpsc2018,train,A5878,valid
cpsc2018,train,A5085,test
cpsc2018,train,A6528,train
cpsc2018,train,A6414,train
cpsc2018,train,A2855,train
cpsc2018,train,A6307,train
cpsc2018,train,A5613,valid
cpsc2018,train,A6838,train
cpsc2018,train,A0032,test
cpsc2018,train,A1660,train
cpsc2018,train,A1288,valid
cpsc2018,train,A4967,valid
cpsc2018,train,A0683,train
cpsc2018,train,A2626,train
cpsc2018,train,A1600,train
cpsc2018,train,A0707,train
cpsc2018,train,A6390,train
cpsc2018,train,A5320,train
cpsc2018,train,A4279,train
cpsc2018,train,A0495,test
cpsc2018,train,A4303,test
cpsc2018,train,A3399,train
cpsc2018,train,A0198,train
cpsc2018,train,A6501,train
cpsc2018,train,A3769,train
cpsc2018,train,A6487,train
cpsc2018,train,A2311,train
cpsc2018,train,A4541,valid
cpsc2018,train,A6621,train
cpsc2018,train,A1984,train
cpsc2018,train,A0408,test
cpsc2018,train,A5703,test
cpsc2018,train,A1612,train
cpsc2018,train,A4838,train
cpsc2018,train,A3266,train
cpsc2018,train,A0955,train
cpsc2018,train,A6559,train
cpsc2018,train,A6552,test
cpsc2018,train,A0278,valid
cpsc2018,train,A1723,train
cpsc2018,train,A2649,train
cpsc2018,train,A5531,train
cpsc2018,train,A5475,train
cpsc2018,train,A3617,train
cpsc2018,train,A4511,train
cpsc2018,train,A3679,train
cpsc2018,train,A3243,train
cpsc2018,train,A6215,test
cpsc2018,train,A5958,train
cpsc2018,train,A4113,test
cpsc2018,train,A0079,train
cpsc2018,train,A4341,train
cpsc2018,train,A0824,train
cpsc2018,train,A3137,train
cpsc2018,train,A3208,train
cpsc2018,train,A3498,train
cpsc2018,train,A2944,train
cpsc2018,train,A3340,valid
cpsc2018,train,A0285,valid
cpsc2018,train,A1148,train
cpsc2018,train,A0652,train
cpsc2018,train,A0702,valid
cpsc2018,train,A0543,train
cpsc2018,train,A3912,train
cpsc2018,train,A0994,train
cpsc2018,train,A0719,train
cpsc2018,train,A6093,train
cpsc2018,train,A3756,train
cpsc2018,train,A5502,train
cpsc2018,train,A2550,train
cpsc2018,train,A3183,train
cpsc2018,train,A0381,train
cpsc2018,train,A5791,train
cpsc2018,train,A2885,train
cpsc2018,train,A2676,train
cpsc2018,train,A0464,train
cpsc2018,train,A5135,test
cpsc2018,train,A3180,train
cpsc2018,train,A3659,train
cpsc2018,train,A2899,train
cpsc2018,train,A2436,train
cpsc2018,train,A2463,train
cpsc2018,train,A1315,valid
cpsc2018,train,A4035,train
cpsc2018,train,A0783,valid
cpsc2018,train,A2939,train
cpsc2018,train,A2511,valid
cpsc2018,train,A1629,train
cpsc2018,train,A3351,valid
cpsc2018,train,A0634,train
cpsc2018,train,A3791,test
cpsc2018,train,A1889,train
cpsc2018,train,A6569,train
cpsc2018,train,A0101,train
cpsc2018,train,A1016,valid
cpsc2018,train,A0100,train
cpsc2018,train,A2370,train
cpsc2018,train,A0125,train
cpsc2018,train,A3038,train
cpsc2018,train,A0553,train
cpsc2018,train,A1776,test
cpsc2018,train,A0363,train
cpsc2018,train,A0432,train
cpsc2018,train,A5955,test
cpsc2018,train,A1193,valid
cpsc2018,train,A0911,train
cpsc2018,train,A4252,train
cpsc2018,train,A3385,train
cpsc2018,train,A0143,train
cpsc2018,train,A1482,test
cpsc2018,train,A6724,train
cpsc2018,train,A0758,train
cpsc2018,train,A1933,train
cpsc2018,train,A2521,valid
cpsc2018,train,A0471,test
cpsc2018,train,A6862,train
cpsc2018,train,A6867,train
cpsc2018,train,A1247,train
cpsc2018,train,A2933,train
cpsc2018,train,A5683,train
cpsc2018,train,A2847,train
cpsc2018,train,A6568,valid
cpsc2018,train,A5396,train
cpsc2018,train,A0514,train
cpsc2018,train,A4861,train
cpsc2018,train,A3153,train
cpsc2018,train,A4895,train
cpsc2018,train,A2770,train
cpsc2018,train,A5929,valid
cpsc2018,train,A4129,train
cpsc2018,train,A2333,train
cpsc2018,train,A0984,train
cpsc2018,train,A4879,train
cpsc2018,train,A0449,train
cpsc2018,train,A2625,train
cpsc2018,train,A0557,train
cpsc2018,train,A4084,test
cpsc2018,train,A0152,train
cpsc2018,train,A4166,test
cpsc2018,train,A4271,train
cpsc2018,train,A5837,train
cpsc2018,train,A0305,train
cpsc2018,train,A4374,valid
cpsc2018,train,A0086,train
cpsc2018,train,A6126,test
cpsc2018,train,A4555,train
cpsc2018,train,A4361,test
cpsc2018,train,A5403,train
cpsc2018,train,A3739,train
cpsc2018,train,A1492,train
cpsc2018,train,A0995,train
cpsc2018,train,A0320,train
cpsc2018,train,A6428,train
cpsc2018,train,A4490,valid
cpsc2018,train,A3800,train
cpsc2018,train,A3504,test
cpsc2018,train,A0518,train
cpsc2018,train,A6217,train
cpsc2018,train,A0002,train
cpsc2018,train,A1852,test
cpsc2018,train,A2219,train
cpsc2018,train,A3063,train
cpsc2018,train,A3175,test
cpsc2018,train,A4345,train
cpsc2018,train,A2254,train
cpsc2018,train,A6017,valid
cpsc2018,train,A1062,train
cpsc2018,train,A6133,train
cpsc2018,train,A4351,train
cpsc2018,train,A5842,train
cpsc2018,train,A0060,valid
cpsc2018,train,A4424,train
cpsc2018,train,A5588,train
cpsc2018,train,A0026,train
cpsc2018,train,A0186,train
cpsc2018,train,A6417,train
cpsc2018,train,A5252,train
cpsc2018,train,A0979,valid
cpsc2018,train,A5616,train
cpsc2018,train,A0316,train
cpsc2018,train,A5511,train
cpsc2018,train,A2165,train
cpsc2018,train,A2661,valid
cpsc2018,train,A0393,train
cpsc2018,train,A1189,train
cpsc2018,train,A0962,train
cpsc2018,train,A6298,train
cpsc2018,train,A4719,train
cpsc2018,train,A6466,train
cpsc2018,train,A4302,train
cpsc2018,train,A5240,test
cpsc2018,train,A3376,train
cpsc2018,train,A3888,train
cpsc2018,train,A4228,train
cpsc2018,train,A4240,valid
cpsc2018,train,A5595,train
cpsc2018,train,A2014,train
cpsc2018,train,A4940,test
cpsc2018,train,A3456,train
cpsc2018,train,A6092,train
cpsc2018,train,A1327,train
cpsc2018,train,A0636,train
cpsc2018,train,A6618,train
cpsc2018,train,A0569,train
cpsc2018,train,A4171,train
cpsc2018,train,A5474,train
cpsc2018,train,A1993,train
cpsc2018,train,A3551,train
cpsc2018,train,A4146,train
cpsc2018,train,A4235,train
cpsc2018,train,A1325,valid
cpsc2018,train,A0371,train
cpsc2018,train,A3064,train
cpsc2018,train,A5714,train
cpsc2018,train,A0235,valid
cpsc2018,train,A4616,train
cpsc2018,train,A1887,train
cpsc2018,train,A2154,train
cpsc2018,train,A1983,train
cpsc2018,train,A0404,train
cpsc2018,train,A2574,valid
cpsc2018,train,A2718,train
cpsc2018,train,A1324,train
cpsc2018,train,A0864,train
cpsc2018,train,A1063,train
cpsc2018,train,A3869,train
cpsc2018,train,A1792,train
cpsc2018,train,A0528,train
cpsc2018,train,A1460,train
cpsc2018,train,A2654,test
cpsc2018,train,A6486,train
cpsc2018,train,A6223,train
cpsc2018,train,A6152,train
cpsc2018,train,A5960,train
cpsc2018,train,A2001,train
cpsc2018,train,A2341,test
cpsc2018,train,A1533,train
cpsc2018,train,A4463,train
cpsc2018,train,A5912,train
cpsc2018,train,A3879,train
cpsc2018,train,A1598,train
cpsc2018,train,A6393,train
cpsc2018,train,A4784,train
cpsc2018,train,A4086,train
cpsc2018,train,A1718,train
cpsc2018,train,A2197,train
cpsc2018,train,A1910,train
cpsc2018,train,A2004,train
cpsc2018,train,A0374,test
cpsc2018,train,A2079,train
cpsc2018,train,A5248,train
cpsc2018,train,A1030,train
cpsc2018,train,A2378,valid
cpsc2018,train,A3835,train
cpsc2018,train,A3899,train
cpsc2018,train,A5812,train
cpsc2018,train,A1106,train
cpsc2018,train,A2863,train
cpsc2018,train,A2041,train
cpsc2018,train,A2304,train
cpsc2018,train,A3350,valid
cpsc2018,train,A6535,test
cpsc2018,train,A6318,train
cpsc2018,train,A5694,train
cpsc2018,train,A1514,train
cpsc2018,train,A3139,train
cpsc2018,train,A5649,train
cpsc2018,train,A6456,train
cpsc2018,train,A5492,train
cpsc2018,train,A1589,train
cpsc2018,train,A1291,train
cpsc2018,train,A4264,train
cpsc2018,train,A0579,train
cpsc2018,train,A4932,valid
cpsc2018,train,A0420,valid
cpsc2018,train,A2913,train
cpsc2018,train,A0176,train
cpsc2018,train,A6347,valid
cpsc2018,train,A1052,train
cpsc2018,train,A3765,train
cpsc2018,train,A1252,train
cpsc2018,train,A3081,train
cpsc2018,train,A2615,test
cpsc2018,train,A0963,train
cpsc2018,train,A4781,train
cpsc2018,train,A0918,train
cpsc2018,train,A2072,valid
cpsc2018,train,A0043,train
cpsc2018,train,A3806,valid
cpsc2018,train,A4774,valid
cpsc2018,train,A5944,train
cpsc2018,train,A0985,train
cpsc2018,train,A4606,train
cpsc2018,train,A2207,train
cpsc2018,train,A4046,train
cpsc2018,train,A2716,train
cpsc2018,train,A5968,train
cpsc2018,train,A1734,train
cpsc2018,train,A0912,train
cpsc2018,train,A5159,train
cpsc2018,train,A0139,train
cpsc2018,train,A0909,train
cpsc2018,train,A1199,test
cpsc2018,train,A3020,valid
cpsc2018,train,A0059,test
cpsc2018,train,A5368,train
cpsc2018,train,A6269,train
cpsc2018,train,A4976,train
cpsc2018,train,A5155,train
cpsc2018,train,A6714,train
cpsc2018,train,A6769,train
cpsc2018,train,A6665,train
cpsc2018,train,A6387,train
cpsc2018,train,A0747,train
cpsc2018,train,A1164,train
cpsc2018,train,A2612,train
cpsc2018,train,A0357,train
cpsc2018,train,A0256,test
cpsc2018,train,A5674,train
cpsc2018,train,A1479,train
cpsc2018,train,A1512,test
cpsc2018,train,A6022,train
cpsc2018,train,A1103,valid
cpsc2018,train,A4600,train
cpsc2018,train,A2982,train
cpsc2018,train,A2394,train
cpsc2018,train,A5978,test
cpsc2018,train,A3414,train
cpsc2018,train,A4068,train
cpsc2018,train,A1708,train
cpsc2018,train,A4885,valid
cpsc2018,train,A1111,train
cpsc2018,train,A5190,valid
cpsc2018,train,A1567,train
cpsc2018,train,A0375,train
cpsc2018,train,A3932,valid
cpsc2018,train,A5634,test
cpsc2018,train,A5460,valid
cpsc2018,train,A2764,train
cpsc2018,train,A2482,train
cpsc2018,train,A4571,train
cpsc2018,train,A6001,train
cpsc2018,train,A1009,train
cpsc2018,train,A0163,train
cpsc2018,train,A5156,train
cpsc2018,train,A5534,train
cpsc2018,train,A5704,train
cpsc2018,train,A2997,train
cpsc2018,train,A4663,test
cpsc2018,train,A3098,test
cpsc2018,train,A3327,train
cpsc2018,train,A3371,train
cpsc2018,train,A5784,train
cpsc2018,train,A2484,valid
cpsc2018,train,A6488,test
cpsc2018,train,A0827,train
cpsc2018,train,A5666,train
cpsc2018,train,A3690,train
cpsc2018,train,A2223,train
cpsc2018,train,A3922,train
cpsc2018,train,A5004,train
cpsc2018,train,A6509,train
cpsc2018,train,A0934,train
cpsc2018,train,A6059,train
cpsc2018,train,A2703,test
cpsc2018,train,A3065,train
cpsc2018,train,A0290,train
cpsc2018,train,A4346,train
cpsc2018,train,A5154,test
cpsc2018,train,A1215,train
cpsc2018,train,A3387,train
cpsc2018,train,A3209,train
cpsc2018,train,A2029,train
cpsc2018,train,A5373,train
cpsc2018,train,A5115,test
cpsc2018,train,A3962,train
cpsc2018,train,A1695,test
cpsc2018,train,A6274,train
cpsc2018,train,A4682,train
cpsc2018,train,A2522,train
cpsc2018,train,A5827,train
cpsc2018,train,A0925,train
cpsc2018,train,A0376,valid
cpsc2018,train,A4041,train
cpsc2018,train,A3199,train
cpsc2018,train,A3468,train
cpsc2018,train,A3989,train
cpsc2018,train,A1958,train
cpsc2018,train,A4782,train
cpsc2018,train,A3685,valid
cpsc2018,train,A0392,test
cpsc2018,train,A4829,test
cpsc2018,train,A5017,train
cpsc2018,train,A2548,valid
cpsc2018,train,A1352,train
cpsc2018,train,A1047,train
cpsc2018,train,A5209,valid
cpsc2018,train,A1484,valid
cpsc2018,train,A4472,train
cpsc2018,train,A2583,valid
cpsc2018,train,A5130,train
cpsc2018,train,A6664,train
cpsc2018,train,A0879,train
cpsc2018,train,A5577,train
cpsc2018,train,A6698,train
cpsc2018,train,A1296,valid
cpsc2018,train,A0978,train
cpsc2018,train,A0344,train
cpsc2018,train,A3037,train
cpsc2018,train,A2426,train
cpsc2018,train,A5470,train
cpsc2018,train,A2205,valid
cpsc2018,train,A4839,train
cpsc2018,train,A5805,train
cpsc2018,train,A3881,train
cpsc2018,train,A6154,train
cpsc2018,train,A4703,train
cpsc2018,train,A6447,train
cpsc2018,train,A2344,train
cpsc2018,train,A2354,valid
cpsc2018,train,A0058,train
cpsc2018,train,A2372,train
cpsc2018,train,A1175,train
cpsc2018,train,A3970,test
cpsc2018,train,A2027,train
cpsc2018,train,A0370,train
cpsc2018,train,A6782,train
cpsc2018,train,A0644,train
cpsc2018,train,A0709,train
cpsc2018,train,A3973,train
cpsc2018,train,A2714,train
cpsc2018,train,A0609,train
cpsc2018,train,A1299,train
cpsc2018,train,A3321,valid
cpsc2018,train,A2850,train
cpsc2018,train,A6455,train
cpsc2018,train,A2643,train
cpsc2018,train,A3032,train
cpsc2018,train,A2390,train
cpsc2018,train,A3678,train
cpsc2018,train,A6263,train
cpsc2018,train,A4801,train
cpsc2018,train,A1627,test
cpsc2018,train,A0148,valid
cpsc2018,train,A3940,valid
cpsc2018,train,A0092,train
cpsc2018,train,A4964,train
cpsc2018,train,A3445,train
cpsc2018,train,A5689,train
cpsc2018,train,A5624,train
cpsc2018,train,A4176,train
cpsc2018,train,A2981,train
cpsc2018,train,A3267,valid
cpsc2018,train,A6819,train
cpsc2018,train,A5042,valid
cpsc2018,train,A0897,train
cpsc2018,train,A3818,train
cpsc2018,train,A2707,train
cpsc2018,train,A6712,train
cpsc2018,train,A1507,test
cpsc2018,train,A2046,test
cpsc2018,train,A1700,test
cpsc2018,train,A6046,train
cpsc2018,train,A3250,train
cpsc2018,train,A4245,train
cpsc2018,train,A1144,train
cpsc2018,train,A5137,test
cpsc2018,train,A6174,train
cpsc2018,train,A6557,train
cpsc2018,train,A4563,train
cpsc2018,train,A3814,train
cpsc2018,train,A3755,train
cpsc2018,train,A2919,train
cpsc2018,train,A1587,train
cpsc2018,train,A4827,train
cpsc2018,train,A4308,valid
cpsc2018,train,A4324,train
cpsc2018,train,A1714,train
cpsc2018,train,A4805,train
cpsc2018,train,A6334,train
cpsc2018,train,A5934,train
cpsc2018,train,A1790,train
cpsc2018,train,A6491,train
cpsc2018,train,A3107,train
cpsc2018,train,A2106,train
cpsc2018,train,A4951,valid
cpsc2018,train,A3167,train
cpsc2018,train,A5390,train
cpsc2018,train,A4998,train
cpsc2018,train,A6814,train
cpsc2018,train,A6643,train
cpsc2018,train,A1154,train
cpsc2018,train,A1423,train
cpsc2018,train,A2952,valid
cpsc2018,train,A1526,train
cpsc2018,train,A3767,train
cpsc2018,train,A6781,train
cpsc2018,train,A2613,train
cpsc2018,train,A1253,train
cpsc2018,train,A5999,test
cpsc2018,train,A0210,valid
cpsc2018,train,A5267,train
cpsc2018,train,A1233,train
cpsc2018,train,A0695,train
cpsc2018,train,A3758,train
cpsc2018,train,A3258,train
cpsc2018,train,A3088,train
cpsc2018,train,A6710,test
cpsc2018,train,A5273,train
cpsc2018,train,A2544,train
cpsc2018,train,A2565,train
cpsc2018,train,A5603,train
cpsc2018,train,A1297,train
cpsc2018,train,A1736,train
cpsc2018,train,A1773,train
cpsc2018,train,A2881,train
cpsc2018,train,A1481,train
cpsc2018,train,A2469,train
cpsc2018,train,A1220,train
cpsc2018,train,A0110,train
cpsc2018,train,A3925,train
cpsc2018,train,A3599,train
cpsc2018,train,A6134,valid
cpsc2018,train,A3595,train
cpsc2018,train,A1025,train
cpsc2018,train,A4145,train
cpsc2018,train,A6565,train
cpsc2018,train,A1158,train
cpsc2018,train,A4049,train
cpsc2018,train,A4289,train
cpsc2018,train,A5901,train
cpsc2018,train,A4803,train
cpsc2018,train,A5787,test
cpsc2018,train,A5438,train
cpsc2018,train,A0141,train
cpsc2018,train,A6040,train
cpsc2018,train,A3802,train
cpsc2018,train,A0973,test
cpsc2018,train,A4892,train
cpsc2018,train,A6588,train
cpsc2018,train,A0444,valid
cpsc2018,train,A3713,train
cpsc2018,train,A1216,train
cpsc2018,train,A0687,train
cpsc2018,train,A0502,train
cpsc2018,train,A3571,test
cpsc2018,train,A6402,train
cpsc2018,train,A2824,train
cpsc2018,train,A0217,train
cpsc2018,train,A4950,train
cpsc2018,train,A3696,train
cpsc2018,train,A1403,train
cpsc2018,train,A2852,train
cpsc2018,train,A1652,train
cpsc2018,train,A1035,train
cpsc2018,train,A3919,train
cpsc2018,train,A6177,valid
cpsc2018,train,A3140,test
cpsc2018,train,A4005,train
cpsc2018,train,A1649,train
cpsc2018,train,A1486,valid
cpsc2018,train,A3607,test
cpsc2018,train,A4746,train
cpsc2018,train,A2347,train
cpsc2018,train,A4933,train
cpsc2018,train,A0800,train
cpsc2018,train,A0279,train
cpsc2018,train,A4387,test
cpsc2018,train,A6288,test
cpsc2018,train,A3979,train
cpsc2018,train,A5545,train
cpsc2018,train,A0819,train
cpsc2018,train,A5387,train
cpsc2018,train,A0056,train
cpsc2018,train,A5746,train
cpsc2018,train,A0038,train
cpsc2018,train,A4375,train
cpsc2018,train,A2156,test
cpsc2018,train,A2261,train
cpsc2018,train,A0931,train
cpsc2018,train,A3394,train
cpsc2018,train,A1012,train
cpsc2018,train,A0077,train
cpsc2018,train,A0175,train
cpsc2018,train,A5637,train
cpsc2018,train,A3049,unlisted
cpsc2018,train,A3129,train
cpsc2018,train,A1206,train
cpsc2018,train,A0617,train
cpsc2018,train,A5508,train
cpsc2018,train,A2601,train
cpsc2018,train,A1699,train
cpsc2018,train,A6536,train
cpsc2018,train,A2324,train
cpsc2018,train,A1155,train
cpsc2018,train,A1842,train
cpsc2018,train,A5644,train
cpsc2018,train,A1732,train
cpsc2018,train,A5439,train
cpsc2018,train,A5504,train
cpsc2018,train,A4836,train
cpsc2018,train,A1928,test
cpsc2018,train,A4298,train
cpsc2018,train,A2280,test
cpsc2018,train,A1384,train
cpsc2018,train,A3849,train
cpsc2018,train,A4867,train
cpsc2018,train,A2841,valid
cpsc2018,train,A5715,train
cpsc2018,train,A3601,train
cpsc2018,train,A5122,train
cpsc2018,train,A2310,train
cpsc2018,train,A0478,train
cpsc2018,train,A1173,test
cpsc2018,train,A2947,train
cpsc2018,train,A4907,train
cpsc2018,train,A4551,train
cpsc2018,train,A2607,valid
cpsc2018,train,A5737,train
cpsc2018,train,A5183,train
cpsc2018,train,A6075,train
cpsc2018,train,A4714,train
cpsc2018,train,A5322,train
cpsc2018,train,A1667,train
cpsc2018,train,A3951,train
cpsc2018,train,A0588,train
cpsc2018,train,A1129,train
cpsc2018,train,A1136,train
cpsc2018,train,A3697,train
cpsc2018,train,A5452,train
cpsc2018,train,A2275,train
cpsc2018,train,A0772,test
cpsc2018,train,A2241,train
cpsc2018,train,A5208,train
cpsc2018,train,A6604,train
cpsc2018,train,A1419,valid
cpsc2018,train,A6161,train
cpsc2018,train,A5959,train
cpsc2018,train,A6227,train
cpsc2018,train,A3604,train
cpsc2018,train,A2350,train
cpsc2018,train,A2642,train
cpsc2018,train,A0359,train
cpsc2018,train,A5760,train
cpsc2018,train,A4799,train
cpsc2018,train,A1839,train
cpsc2018,train,A4257,train
cpsc2018,train,A5407,train
cpsc2018,train,A5449,train
cpsc2018,train,A6729,train
cpsc2018,train,A2158,train
cpsc2018,train,A3028,train
cpsc2018,train,A5133,train
cpsc2018,train,A0472,train
cpsc2018,train,A0823,train
cpsc2018,train,A4183,train
cpsc2018,train,A2491,train
cpsc2018,train,A5229,train
cpsc2018,train,A4888,train
cpsc2018,train,A6422,train
cpsc2018,train,A0773,train
cpsc2018,train,A3590,train
cpsc2018,train,A6472,test
cpsc2018,train,A2204,test
cpsc2018,train,A1073,train
cpsc2018,train,A6172,train
cpsc2018,train,A5465,test
cpsc2018,train,A1085,train
cpsc2018,train,A6331,train
cpsc2018,train,A0448,train
cpsc2018,train,A3109,train
cpsc2018,train,A6590,train
cpsc2018,train,A1418,train
cpsc2018,train,A0488,train
cpsc2018,train,A0818,train
cpsc2018,train,A2110,train
cpsc2018,train,A0599,valid
cpsc2018,train,A4565,train
cpsc2018,train,A2971,valid
cpsc2018,train,A4209,train
cpsc2018,train,A3735,valid
cpsc2018,train,A3761,train
cpsc2018,train,A0908,train
cpsc2018,train,A6415,train
cpsc2018,train,A2273,train
cpsc2018,train,A5398,train
cpsc2018,train,A1869,train
cpsc2018,train,A3089,train
cpsc2018,train,A5986,train
cpsc2018,train,A3861,train
cpsc2018,train,A0014,train
cpsc2018,train,A6021,train
cpsc2018,train,A2960,test
cpsc2018,train,A2383,test
cpsc2018,train,A0923,train
cpsc2018,train,A5304,train
cpsc2018,train,A2721,train
cpsc2018,train,A6284,valid
cpsc2018,train,A1902,train
cpsc2018,train,A0426,valid
cpsc2018,train,A3269,test
cpsc2018,train,A4557,train
cpsc2018,train,A0618,train
cpsc2018,train,A0498,valid
cpsc2018,train,A3615,train
cpsc2018,train,A6871,train
cpsc2018,train,A0190,train
cpsc2018,train,A3316,valid
cpsc2018,train,A5906,train
cpsc2018,train,A3402,train
cpsc2018,train,A1864,train
cpsc2018,train,A3625,train
cpsc2018,train,A3263,unlisted
cpsc2018,train,A6570,test
cpsc2018,train,A5950,train
cpsc2018,train,A3442,valid
cpsc2018,train,A6809,train
cpsc2018,train,A0203,train
cpsc2018,train,A5128,train
cpsc2018,train,A6680,train
cpsc2018,train,A1642,train
cpsc2018,train,A4948,train
cpsc2018,train,A4991,train
cpsc2018,train,A3723,train
cpsc2018,train,A5814,train
cpsc2018,train,A5645,train
cpsc2018,train,A1610,train
cpsc2018,train,A0484,train
cpsc2018,train,A2362,train
cpsc2018,train,A3238,train
cpsc2018,train,A1795,train
cpsc2018,train,A5286,test
cpsc2018,train,A4561,train
cpsc2018,train,A3855,train
cpsc2018,train,A2687,train
cpsc2018,train,A1728,train
cpsc2018,train,A6671,valid
cpsc2018,train,A4992,train
cpsc2018,train,A1752,test
cpsc2018,train,A4030,train
cpsc2018,train,A5559,train
cpsc2018,train,A3143,train
cpsc2018,train,A4154,train
cpsc2018,train,A3891,train
cpsc2018,train,A1017,test
cpsc2018,train,A6764,train
cpsc2018,train,A2131,train
cpsc2018,train,A6503,train
cpsc2018,train,A3133,valid
cpsc2018,train,A2645,train
cpsc2018,train,A2387,valid
cpsc2018,train,A6358,train
cpsc2018,train,A2317,valid
cpsc2018,train,A0453,train
cpsc2018,train,A0021,train
cpsc2018,train,A6677,test
cpsc2018,train,A0933,test
cpsc2018,train,A6291,train
cpsc2018,train,A6231,train
cpsc2018,train,A2515,train
cpsc2018,train,A3212,train
cpsc2018,train,A1606,train
cpsc2018,train,A6064,train
cpsc2018,train,A6352,train
cpsc2018,train,A3379,train
cpsc2018,train,A4230,train
cpsc2018,train,A5680,train
cpsc2018,train,A3903,train
cpsc2018,train,A1109,train
cpsc2018,train,A1409,valid
cpsc2018,train,A1292,train
cpsc2018,train,A5940,train
cpsc2018,train,A5422,train
cpsc2018,train,A4751,test
cpsc2018,train,A6047,train
cpsc2018,train,A6541,train
cpsc2018,train,A1123,train
cpsc2018,train,A2978,train
cpsc2018,train,A2659,train
cpsc2018,train,A1234,train
cpsc2018,train,A6715,train
cpsc2018,train,A6259,train
cpsc2018,train,A3435,train
cpsc2018,train,A4636,train
cpsc2018,train,A3430,train
cpsc2018,train,A2775,train
cpsc2018,train,A3503,train
cpsc2018,train,A0254,train
cpsc2018,train,A6290,train
cpsc2018,train,A4519,train
cpsc2018,train,A0476,train
cpsc2018,train,A1755,train
cpsc2018,train,A6682,train
cpsc2018,train,A0795,train
cpsc2018,train,A6203,train
cpsc2018,train,A6066,train
cpsc2018,train,A5261,train
cpsc2018,train,A3947,valid
cpsc2018,train,A3731,train
cpsc2018,train,A0564,train
cpsc2018,train,A6382,test
cpsc2018,train,A5268,train
cpsc2018,train,A6506,test
cpsc2018,train,A6543,train
cpsc2018,train,A6131,train
cpsc2018,train,A3924,train
cpsc2018,train,A5544,train
cpsc2018,train,A3171,train
cpsc2018,train,A5499,train
cpsc2018,train,A3217,train
cpsc2018,train,A6240,valid
cpsc2018,train,A5383,train
cpsc2018,train,A1008,test
cpsc2018,train,A1015,train
cpsc2018,train,A5114,train
cpsc2018,train,A6116,train
cpsc2018,train,A3779,train
cpsc2018,train,A6606,train
cpsc2018,train,A0849,train
cpsc2018,train,A6426,train
cpsc2018,train,A4593,train
cpsc2018,train,A5225,train
cpsc2018,train,A1857,train
cpsc2018,train,A5138,train
cpsc2018,train,A2193,train
cpsc2018,train,A3423,train
cpsc2018,train,A4570,train
cpsc2018,train,A0117,valid
cpsc2018,train,A3186,train
cpsc2018,train,A6250,valid
cpsc2018,train,A2459,train
cpsc2018,train,A6876,train
cpsc2018,train,A3470,valid
cpsc2018,train,A5443,train
cpsc2018,train,A5263,train
cpsc2018,train,A2246,train
cpsc2018,train,A1431,train
cpsc2018,train,A6468,train
cpsc2018,train,A1805,valid
cpsc2018,train,A1171,train
cpsc2018,train,A3650,train
cpsc2018,train,A4254,train
cpsc2018,train,A3043,train
cpsc2018,train,A5546,valid
cpsc2018,train,A4065,train
cpsc2018,train,A2030,train
cpsc2018,train,A5579,train
cpsc2018,train,A3646,train
cpsc2018,train,A6786,test
cpsc2018,train,A4464,train
cpsc2018,train,A6625,train
cpsc2018,train,A4147,train
cpsc2018,train,A3152,train
cpsc2018,train,A5578,train
cpsc2018,train,A6790,train
cpsc2018,train,A2312,train
cpsc2018,train,A0968,train
cpsc2018,train,A2230,train
cpsc2018,train,A0512,test
cpsc2018,train,A5084,train
cpsc2018,train,A2433,train
cpsc2018,train,A0213,train
cpsc2018,train,A5015,train
cpsc2018,train,A1684,train
cpsc2018,train,A5239,train
cpsc2018,train,A0348,train
cpsc2018,train,A0632,valid
cpsc2018,train,A2520,train
cpsc2018,train,A0545,valid
cpsc2018,train,A4331,test
cpsc2018,train,A5194,valid
cpsc2018,train,A3801,train
cpsc2018,train,A1654,train
cpsc2018,train,A1697,test
cpsc2018,train,A4946,train
cpsc2018,train,A5418,train
cpsc2018,train,A6300,train
cpsc2018,train,A3873,valid
cpsc2018,train,A2407,valid
cpsc2018,train,A3427,valid
cpsc2018,train,A5397,valid
cpsc2018,train,A2431,test
cpsc2018,train,A2260,train
cpsc2018,train,A4348,test
cpsc2018,train,A5555,test
cpsc2018,train,A1808,train
cpsc2018,train,A2233,train
cpsc2018,train,A5636,valid
cpsc2018,train,A1014,train
cpsc2018,train,A2175,train
cpsc2018,train,A3543,train
cpsc2018,train,A0332,train
cpsc2018,train,A1719,train
cpsc2018,train,A4548,train
cpsc2018,train,A3969,train
cpsc2018,train,A1480,test
cpsc2018,train,A4725,train
cpsc2018,train,A2249,train
cpsc2018,train,A0513,train
cpsc2018,train,A2406,train
cpsc2018,train,A6323,test
cpsc2018,train,A0525,train
cpsc2018,train,A0195,train
cpsc2018,train,A0690,train
cpsc2018,train,A3317,train
cpsc2018,train,A6549,train
cpsc2018,train,A3754,train
cpsc2018,train,A3886,valid
cpsc2018,train,A5161,train
cpsc2018,train,A0566,train
cpsc2018,train,A5832,test
cpsc2018,train,A4028,test
cpsc2018,train,A0419,train
cpsc2018,train,A4486,train
cpsc2018,train,A3569,train
cpsc2018,train,A4248,train
cpsc2018,train,A0383,valid
cpsc2018,train,A1780,train
cpsc2018,train,A1800,train
cpsc2018,train,A5364,train
cpsc2018,train,A3491,train
cpsc2018,train,A5854,train
cpsc2018,train,A0737,train
cpsc2018,train,A2569,test
cpsc2018,train,A2857,train
cpsc2018,train,A1615,train
cpsc2018,train,A5654,test
cpsc2018,train,A1442,train
cpsc2018,train,A1053,test
cpsc2018,train,A1720,train
cpsc2018,train,A4889,train
cpsc2018,train,A2298,train
cpsc2018,train,A6629,train
cpsc2018,train,A5607,train
cpsc2018,train,A1182,train
cpsc2018,train,A5980,train
cpsc2018,train,A1692,train
cpsc2018,train,A6222,train
cpsc2018,train,A6614,train
cpsc2018,train,A1607,train
cpsc2018,train,A5561,train
cpsc2018,train,A6595,train
cpsc2018,train,A6380,train
cpsc2018,train,A2080,valid
cpsc2018,train,A6245,train
cpsc2018,train,A2237,test
cpsc2018,train,A5216,train
cpsc2018,train,A2172,train
cpsc2018,train,A4854,train
cpsc2018,train,A2596,train
cpsc2018,train,A0530,train
cpsc2018,train,A1871,train
cpsc2018,train,A4584,train
cpsc2018,train,A4011,train
cpsc2018,train,A6772,train
cpsc2018,train,A6252,valid
cpsc2018,train,A1365,train
cpsc2018,train,A0763,train
cpsc2018,train,A0607,train
cpsc2018,train,A4350,train
cpsc2018,train,A5243,train
cpsc2018,train,A1424,valid
cpsc2018,train,A2976,train
cpsc2018,train,A2111,train
cpsc2018,train,A5629,train
cpsc2018,train,A1949,train
cpsc2018,train,A6400,train
cpsc2018,train,A5951,train
cpsc2018,train,A2975,train
cpsc2018,train,A1957,train
cpsc2018,train,A4656,test
cpsc2018,train,A1376,test
cpsc2018,train,A2395,test
cpsc2018,train,A0988,train
cpsc2018,train,A1339,train
cpsc2018,train,A2987,train
cpsc2018,train,A5897,train
cpsc2018,train,A5622,train
cpsc2018,train,A2733,valid
cpsc2018,train,A5964,train
cpsc2018,train,A1803,train
cpsc2018,train,A6031,train
cpsc2018,train,A1180,valid
cpsc2018,train,A4337,train
cpsc2018,train,A1735,train
cpsc2018,train,A2308,train
cpsc2018,train,A5799,train
cpsc2018,train,A0782,train
cpsc2018,train,A1329,valid
cpsc2018,train,A2293,test
cpsc2018,train,A4522,train
cpsc2018,train,A4281,train
cpsc2018,train,A0111,train
cpsc2018,train,A2785,train
cpsc2018,train,A3509,train
cpsc2018,train,A6130,train
cpsc2018,train,A5770,train
cpsc2018,train,A4214,test
cpsc2018,train,A5718,test
cpsc2018,train,A3753,train
cpsc2018,train,A5078,train
cpsc2018,train,A5253,train
cpsc2018,train,A4779,test
cpsc2018,train,A1204,train
cpsc2018,train,A1536,test
cpsc2018,train,A2282,train
cpsc2018,train,A0941,train
cpsc2018,train,A1413,train
cpsc2018,train,A4137,train
cpsc2018,train,A3745,train
cpsc2018,train,A2590,train
cpsc2018,train,A2373,train
cpsc2018,train,A2161,train
cpsc2018,train,A1349,train
cpsc2018,train,A2929,train
cpsc2018,train,A1187,train
cpsc2018,train,A6127,train
cpsc2018,train,A3432,test
cpsc2018,train,A2152,test
cpsc2018,train,A4560,train
cpsc2018,train,A2845,train
cpsc2018,train,A6304,valid
cpsc2018,train,A6846,train
cpsc2018,train,A3622,train
cpsc2018,train,A0982,train
cpsc2018,train,A1108,train
cpsc2018,train,A1276,train
cpsc2018,train,A2692,train
cpsc2018,train,A1417,valid
cpsc2018,train,A4866,valid
cpsc2018,train,A3665,train
cpsc2018,train,A4678,train
cpsc2018,train,A3702,valid
cpsc2018,train,A4043,test
cpsc2018,train,A1372,train
cpsc2018,train,A3085,train
cpsc2018,train,A1056,train
cpsc2018,train,A2706,train
cpsc2018,train,A5892,train
cpsc2018,train,A2644,train
cpsc2018,train,A5589,train
cpsc2018,train,A4452,train
cpsc2018,train,A4039,test
cpsc2018,train,A1838,train
cpsc2018,train,A4139,train
cpsc2018,train,A1150,train
cpsc2018,train,A4727,train
cpsc2018,train,A0093,train
cpsc2018,train,A1841,train
cpsc2018,train,A2309,train
cpsc2018,train,A1575,train
cpsc2018,train,A2869,train
cpsc2018,train,A3144,train
cpsc2018,train,A6335,train
cpsc2018,train,A5893,train
cpsc2018,train,A4732,train
cpsc2018,train,A4874,train
cpsc2018,train,A6327,train
cpsc2018,train,A6039,train
cpsc2018,train,A3157,valid
cpsc2018,train,A3047,train
cpsc2018,train,A2422,train
cpsc2018,train,A4905,valid
cpsc2018,train,A4902,train
cpsc2018,train,A6043,train
cpsc2018,train,A5631,train
cpsc2018,train,A0646,train
cpsc2018,train,A2902,train
cpsc2018,train,A2914,train
cpsc2018,train,A2064,train
cpsc2018,train,A3586,train
cpsc2018,train,A5609,train
cpsc2018,train,A2640,train
cpsc2018,train,A0770,train
cpsc2018,train,A4426,train
cpsc2018,train,A1405,train
cpsc2018,train,A2543,train
cpsc2018,train,A2804,train
cpsc2018,train,A1459,train
cpsc2018,train,A3259,train
cpsc2018,train,A3782,train
cpsc2018,train,A4168,train
cpsc2018,train,A3609,train
cpsc2018,train,A5473,train
cpsc2018,train,A3425,train
cpsc2018,train,A3759,test
cpsc2018,train,A1696,valid
cpsc2018,train,A6186,train
cpsc2018,train,A0287,train
cpsc2018,train,A1698,train
cpsc2018,train,A6602,valid
cpsc2018,train,A4671,train
cpsc2018,train,A1558,train
cpsc2018,train,A3228,train
cpsc2018,train,A3763,test
cpsc2018,train,A3537,train
cpsc2018,train,A5626,train
cpsc2018,train,A1340,train
cpsc2018,train,A0907,train
cpsc2018,train,A4984,valid
cpsc2018,train,A2792,test
cpsc2018,train,A2595,train
cpsc2018,train,A3017,train
cpsc2018,train,A6803,train
cpsc2018,train,A1082,train
cpsc2018,train,A0745,train
cpsc2018,train,A4543,train
cpsc2018,train,A5207,test
cpsc2018,train,A1685,train
cpsc2018,train,A3600,train
cpsc2018,train,A0663,train
cpsc2018,train,A5222,test
cpsc2018,train,A1447,train
cpsc2018,train,A3985,train
cpsc2018,train,A5754,train
cpsc2018,train,A3516,test
cpsc2018,train,A5077,train
cpsc2018,train,A0170,train
cpsc2018,train,A5091,test
cpsc2018,train,A2026,train
cpsc2018,train,A2071,train
cpsc2018,train,A1797,train
cpsc2018,train,A4037,train
cpsc2018,train,A5477,test
cpsc2018,train,A4275,train
cpsc2018,train,A3117,train
cpsc2018,train,A0635,train
cpsc2018,train,A4369,train
cpsc2018,train,A4811,train
cpsc2018,train,A1312,train
cpsc2018,train,A5652,train
cpsc2018,train,A1967,valid
cpsc2018,train,A3056,train
cpsc2018,train,A4009,valid
cpsc2018,train,A2369,train
cpsc2018,train,A2340,train
cpsc2018,train,A4808,train
cpsc2018,train,A4399,train
cpsc2018,train,A1757,train
cpsc2018,train,A6760,train
cpsc2018,train,A2155,train
cpsc2018,train,A3282,train
cpsc2018,train,A0033,train
cpsc2018,train,A4340,valid
cpsc2018,train,A2409,test
cpsc2018,train,A2966,train
cpsc2018,train,A6728,train
cpsc2018,train,A5679,train
cpsc2018,train,A5627,train
cpsc2018,train,A3764,train
cpsc2018,train,A4855,train
cpsc2018,train,A5149,train
cpsc2018,train,A3717,train
cpsc2018,train,A6038,valid
cpsc2018,train,A5724,train
cpsc2018,train,A3984,train
cpsc2018,train,A2170,train
cpsc2018,train,A0799,train
cpsc2018,train,A5874,train
cpsc2018,train,A4876,train
cpsc2018,train,A2945,test
cpsc2018,train,A3324,train
cpsc2018,train,A3476,train
cpsc2018,train,A3830,train
cpsc2018,train,A0751,test
cpsc2018,train,A2123,train
cpsc2018,train,A5036,train
cpsc2018,train,A4194,train
cpsc2018,train,A3251,train
cpsc2018,train,A2769,train
cpsc2018,train,A0221,train
cpsc2018,train,A2628,test
cpsc2018,train,A2454,train
cpsc2018,train,A3866,train
cpsc2018,train,A2571,train
cpsc2018,train,A0173,train
cpsc2018,train,A4787,test
cpsc2018,train,A1458,train
cpsc2018,train,A2183,test
cpsc2018,train,A0267,test
cpsc2018,train,A5472,train
cpsc2018,train,A4344,valid
cpsc2018,train,A1917,train
cpsc2018,train,A4806,train
cpsc2018,train,A0672,train
cpsc2018,train,A0851,train
cpsc2018,train,A0317,train
cpsc2018,train,A4407,train
cpsc2018,train,A5775,train
cpsc2018,train,A0947,test
cpsc2018,train,A1079,train
cpsc2018,train,A2591,train
cpsc2018,train,A3832,train
cpsc2018,train,A2592,test
cpsc2018,train,A5600,train
cpsc2018,train,A5049,train
cpsc2018,train,A3882,train
cpsc2018,train,A4765,valid
cpsc2018,train,A0598,train
cpsc2018,train,A1072,train
cpsc2018,train,A5148,valid
cpsc2018,train,A2635,train
cpsc2018,train,A1505,train
cpsc2018,train,A3231,train
cpsc2018,train,A6617,train
cpsc2018,train,A2794,test
cpsc2018,train,A3424,train
cpsc2018,train,A5073,test
cpsc2018,train,A4770,test
cpsc2018,train,A2284,train
cpsc2018,train,A0233,train
cpsc2018,train,A2206,train
cpsc2018,train,A6398,train
cpsc2018,train,A0614,train
cpsc2018,train,A3670,train
cpsc2018,train,A5399,train
cpsc2018,train,A2086,valid
cpsc2018,train,A4381,train
cpsc2018,train,A2890,valid
cpsc2018,train,A6095,valid
cpsc2018,train,A0330,train
cpsc2018,train,A0664,train
cpsc2018,train,A4467,test
cpsc2018,train,A5862,train
cpsc2018,train,A6703,train
cpsc2018,train,A4406,train
cpsc2018,train,A5145,train
cpsc2018,train,A3893,train
cpsc2018,train,A1238,train
cpsc2018,train,A4502,train
cpsc2018,train,A5913,train
cpsc2018,train,A6030,test
cpsc2018,train,A3499,train
cpsc2018,train,A2894,train
cpsc2018,train,A1802,train
cpsc2018,train,A3090,train
cpsc2018,train,A0584,train
cpsc2018,train,A1371,train
cpsc2018,train,A2232,train
cpsc2018,train,A0623,train
cpsc2018,train,A5087,train
cpsc2018,train,A0653,train
cpsc2018,train,A6344,train
cpsc2018,train,A4418,train
cpsc2018,train,A4099,train
cpsc2018,train,A5168,train
cpsc2018,train,A0128,train
cpsc2018,train,A5106,train
cpsc2018,train,A1914,train
cpsc2018,train,A3658,train
cpsc2018,train,A6450,train
cpsc2018,train,A5551,train
cpsc2018,train,A5859,train
cpsc2018,train,A0497,train
cpsc2018,train,A1095,test
cpsc2018,train,A6360,train
cpsc2018,train,A4843,train
cpsc2018,train,A6869,train
cpsc2018,train,A4226,train
cpsc2018,train,A2159,train
cpsc2018,train,A1782,train
cpsc2018,train,A3773,train
cpsc2018,train,A0838,train
cpsc2018,train,A3079,train
cpsc2018,train,A4832,train
cpsc2018,train,A4359,train
cpsc2018,train,A4842,train
cpsc2018,train,A6309,valid
cpsc2018,train,A1620,train
cpsc2018,train,A0194,train
cpsc2018,train,A4223,train
cpsc2018,train,A1862,valid
cpsc2018,train,A1954,train
cpsc2018,train,A4250,train
cpsc2018,train,A1149,train
cpsc2018,train,A2702,train
cpsc2018,train,A4550,train
cpsc2018,train,A1383,train
cpsc2018,train,A2715,train
cpsc2018,train,A0397,train
cpsc2018,train,A3382,train
cpsc2018,train,A5103,valid
cpsc2018,train,A2003,valid
cpsc2018,train,A3401,train
cpsc2018,train,A5550,train
cpsc2018,train,A3433,train
cpsc2018,train,A5528,train
cpsc2018,train,A2722,train
cpsc2018,train,A4749,train
cpsc2018,train,A1317,train
cpsc2018,train,A6211,train
cpsc2018,train,A0318,train
cpsc2018,train,A4094,train
cpsc2018,train,A5023,train
cpsc2018,train,A1593,train
cpsc2018,train,A4062,valid
cpsc2018,train,A3920,train
cpsc2018,train,A6271,train
cpsc2018,train,A0040,train
cpsc2018,train,A4073,test
cpsc2018,train,A0335,train
cpsc2018,train,A1851,train
cpsc2018,train,A1937,train
cpsc2018,train,A3529,train
cpsc2018,train,A2639,train
cpsc2018,train,A5175,valid
cpsc2018,train,A0987,train
cpsc2018,train,A6736,train
cpsc2018,train,A1626,train
cpsc2018,train,A1978,train
cpsc2018,train,A6815,train
cpsc2018,train,A4816,train
cpsc2018,train,A0685,train
cpsc2018,train,A1181,train
cpsc2018,train,A4576,test
cpsc2018,train,A3589,train
cpsc2018,train,A0667,test
cpsc2018,train,A0629,valid
cpsc2018,train,A1513,train
cpsc2018,train,A0674,train
cpsc2018,train,A5376,test
cpsc2018,train,A1616,train
cpsc2018,train,A3539,train
cpsc2018,train,A6490,train
cpsc2018,train,A3709,train
cpsc2018,train,A3837,train
cpsc2018,train,A1950,train
cpsc2018,train,A0174,test
cpsc2018,train,A5482,train
cpsc2018,train,A3155,train
cpsc2018,train,A5727,train
cpsc2018,train,A2089,train
cpsc2018,train,A0023,train
cpsc2018,train,A1876,train
cpsc2018,train,A1729,train
cpsc2018,train,A5933,train
cpsc2018,train,A1115,train
cpsc2018,train,A5557,train
cpsc2018,train,A0910,train
cpsc2018,train,A3451,train
cpsc2018,train,A2887,train
cpsc2018,train,A5188,train
cpsc2018,train,A3221,train
cpsc2018,train,A6788,train
cpsc2018,train,A4990,train
cpsc2018,train,A3500,train
cpsc2018,train,A0850,train
cpsc2018,train,A3850,train
cpsc2018,train,A5020,train
cpsc2018,train,A5675,train
cpsc2018,train,A3264,train
cpsc2018,train,A4053,train
cpsc2018,train,A6167,train
cpsc2018,train,A5454,train
cpsc2018,train,A3023,train
cpsc2018,train,A1185,train
cpsc2018,train,A0480,train
cpsc2018,train,A5001,valid
cpsc2018,train,A2358,valid
cpsc2018,train,A5970,train
cpsc2018,train,A0016,train
cpsc2018,train,A3629,train
cpsc2018,train,A0692,test
cpsc2018,train,A2866,train
cpsc2018,train,A0948,train
cpsc2018,train,A6210,train
cpsc2018,train,A0205,train
cpsc2018,train,A3405,train
cpsc2018,train,A0297,valid
cpsc2018,train,A0237,test
cpsc2018,train,A5467,train
cpsc2018,train,A6575,train
cpsc2018,train,A2547,test
cpsc2018,train,A4532,train
cpsc2018,train,A5976,train
cpsc2018,train,A3370,train
cpsc2018,train,A0229,train
cpsc2018,train,A3517,valid
cpsc2018,train,A3118,train
cpsc2018,train,A4915,train
cpsc2018,train,A6427,valid
cpsc2018,train,A6767,train
cpsc2018,train,A6542,train
cpsc2018,train,A4376,train
cpsc2018,train,A1463,valid
cpsc2018,train,A3531,train
cpsc2018,train,A4234,train
cpsc2018,train,A3715,valid
cpsc2018,train,A1279,test
cpsc2018,train,A6418,train
cpsc2018,train,A1907,train
cpsc2018,train,A5308,train
cpsc2018,train,A3367,train
cpsc2018,train,A4476,train
cpsc2018,train,A0456,train
cpsc2018,train,A1673,train
cpsc2018,train,A4936,train
cpsc2018,train,A4089,train
cpsc2018,train,A1717,train
cpsc2018,train,A6743,train
cpsc2018,train,A3640,train
cpsc2018,train,A4231,test
cpsc2018,train,A5251,train
cpsc2018,train,A6123,train
cpsc2018,train,A3706,test
cpsc2018,train,A6226,train
cpsc2018,train,A2898,train
cpsc2018,train,A0595,train
cpsc2018,train,A0145,train
cpsc2018,train,A4366,train
cpsc2018,train,A2339,train
cpsc2018,train,A0883,train
cpsc2018,train,A1255,train
cpsc2018,train,A3737,train
cpsc2018,train,A6746,valid
cpsc2018,train,A5266,valid
cpsc2018,train,A1090,valid
cpsc2018,train,A5026,valid
cpsc2018,train,A5113,train
cpsc2018,train,A6835,valid
cpsc2018,train,A6295,train
cpsc2018,train,A3616,train
cpsc2018,train,A2700,train
cpsc2018,train,A5712,train
cpsc2018,train,A4834,train
cpsc2018,train,A0438,train
cpsc2018,train,A1597,train
cpsc2018,train,A3733,train
cpsc2018,train,A1143,valid
cpsc2018,train,A6326,test
cpsc2018,train,A1931,test
cpsc2018,train,A0841,train
cpsc2018,train,A4229,train
cpsc2018,train,A6162,train
cpsc2018,train,A3562,train
cpsc2018,train,A0862,train
cpsc2018,train,A0424,train
cpsc2018,train,A2264,train
cpsc2018,train,A1278,valid
cpsc2018,train,A1124,train
cpsc2018,train,A4653,test
cpsc2018,train,A4693,train
cpsc2018,train,A0952,test
cpsc2018,train,A2332,valid
cpsc2018,train,A0442,train
cpsc2018,train,A1075,train
cpsc2018,train,A6844,train
cpsc2018,train,A6688,train
cpsc2018,train,A1702,valid
cpsc2018,train,A5725,train
cpsc2018,train,A2539,train
cpsc2018,train,A2538,train
cpsc2018,train,A4301,train
cpsc2018,train,A3305,train
cpsc2018,train,A5131,valid
cpsc2018,train,A3062,train
cpsc2018,train,A3211,train
cpsc2018,train,A0166,train
cpsc2018,train,A5462,train
cpsc2018,train,A6000,test
cpsc2018,train,A0036,train
cpsc2018,train,A3397,test
cpsc2018,train,A3747,valid
cpsc2018,train,A3816,train
cpsc2018,train,A3048,train
cpsc2018,train,A4569,train
cpsc2018,train,A6854,train
cpsc2018,train,A6277,test
cpsc2018,train,A4713,train
cpsc2018,train,A2095,train
cpsc2018,train,A6411,train
cpsc2018,train,A1891,train
cpsc2018,train,A2367,train
cpsc2018,train,A0331,train
cpsc2018,train,A5237,train
cpsc2018,train,A1895,test
cpsc2018,train,A6874,train
cpsc2018,train,A3987,train
cpsc2018,train,A3272,train
cpsc2018,train,A5695,train
cpsc2018,train,A6624,train
cpsc2018,train,A5824,train
cpsc2018,train,A4449,train
cpsc2018,train,A6140,train
cpsc2018,train,A3148,train
cpsc2018,train,A3262,train
cpsc2018,train,A6087,train
cpsc2018,train,A1010,train
cpsc2018,train,A4520,train
cpsc2018,train,A0154,valid
cpsc2018,train,A6691,train
cpsc2018,train,A2281,train
cpsc2018,train,A1948,train
cpsc2018,train,A3829,train
cpsc2018,train,A5092,train
cpsc2018,train,A6192,test
cpsc2018,train,A0848,train
cpsc2018,train,A2038,train
cpsc2018,train,A4193,test
cpsc2018,train,A5050,train
cpsc2018,train,A1561,train
cpsc2018,train,A4587,train
cpsc2018,train,A1494,train
cpsc2018,train,A5895,train
cpsc2018,train,A2780,train
cpsc2018,train,A0665,valid
cpsc2018,train,A0446,train
cpsc2018,train,A6847,train
cpsc2018,train,A5107,test
cpsc2018,train,A6826,train
cpsc2018,train,A3766,train
cpsc2018,train,A1893,valid
cpsc2018,train,A4277,train
cpsc2018,train,A1968,train
cpsc2018,train,A5181,train
cpsc2018,train,A5586,train
cpsc2018,train,A0407,train
cpsc2018,train,A5000,train
cpsc2018,train,A4687,train
cpsc2018,train,A2708,train
cpsc2018,train,A1058,train
cpsc2018,train,A1965,train
cpsc2018,train,A5971,train
cpsc2018,train,A0601,train
cpsc2018,train,A2126,train
cpsc2018,train,A6257,train
cpsc2018,train,A2663,train
cpsc2018,train,A6050,train
cpsc2018,train,A1232,train
cpsc2018,train,A3115,train
cpsc2018,train,A2142,train
cpsc2018,train,A3443,train
cpsc2018,train,A1260,train
cpsc2018,train,A6741,train
cpsc2018,train,A4173,valid
cpsc2018,train,A6865,train
cpsc2018,train,A2912,train
cpsc2018,train,A2168,test
cpsc2018,train,A1470,test
cpsc2018,train,A4152,train
cpsc2018,train,A1831,train
cpsc2018,train,A0991,train
cpsc2018,train,A3501,train
cpsc2018,train,A4790,train
cpsc2018,train,A3964,train
cpsc2018,train,A5187,train
cpsc2018,train,A6143,train
cpsc2018,train,A6138,train
cpsc2018,train,A4204,train
cpsc2018,train,A6136,train
cpsc2018,train,A5716,train
cpsc2018,train,A2667,train
cpsc2018,train,A0642,train
cpsc2018,train,A3354,valid
cpsc2018,train,A1272,train
cpsc2018,train,A2751,test
cpsc2018,train,A3505,train
cpsc2018,train,A6282,valid
cpsc2018,train,A6350,train
cpsc2018,train,A4993,train
cpsc2018,train,A3511,train
cpsc2018,train,A6845,train
cpsc2018,train,A3075,train
cpsc2018,train,A0945,train
cpsc2018,train,A1156,train
cpsc2018,train,A2278,valid
cpsc2018,train,A5195,train
cpsc2018,train,A5755,train
cpsc2018,train,A5442,train
cpsc2018,train,A0276,train
cpsc2018,train,A0013,train
cpsc2018,train,A6122,test
cpsc2018,train,A0932,train
cpsc2018,train,A6114,train
cpsc2018,train,A4688,train
cpsc2018,train,A6302,train
cpsc2018,train,A2963,train
cpsc2018,train,A1198,train
cpsc2018,train,A4694,train
cpsc2018,train,A6180,train
cpsc2018,train,A6156,train
cpsc2018,train,A6796,train
cpsc2018,train,A1229,train
cpsc2018,train,A0774,valid
cpsc2018,train,A0184,train
cpsc2018,train,A6735,train
cpsc2018,train,A5823,train
cpsc2018,train,A2505,test
cpsc2018,train,A3657,train
cpsc2018,train,A2763,train
cpsc2018,train,A4174,train
cpsc2018,train,A4365,train
cpsc2018,train,A3567,train
cpsc2018,train,A3453,train
cpsc2018,train,A3631,train
cpsc2018,train,A1520,train
cpsc2018,train,A5767,train
cpsc2018,train,A0769,train
cpsc2018,train,A4263,train
cpsc2018,train,A6571,train
cpsc2018,train,A5597,train
cpsc2018,train,A4974,train
cpsc2018,train,A2438,test
cpsc2018,train,A4378,train
cpsc2018,train,A4762,train
cpsc2018,train,A6507,train
cpsc2018,train,A6478,train
cpsc2018,train,A2891,train
cpsc2018,train,A5717,train
cpsc2018,train,A1002,train
cpsc2018,train,A1960,train
cpsc2018,train,A5871,train
cpsc2018,train,A2573,train
cpsc2018,train,A2725,train
cpsc2018,train,A5065,train
cpsc2018,train,A0067,train
cpsc2018,train,A2100,train
cpsc2018,train,A6368,train
cpsc2018,train,A2118,train
cpsc2018,train,A4404,train
cpsc2018,train,A6853,train
cpsc2018,train,A3078,train
cpsc2018,train,A2759,train
cpsc2018,train,A4029,train
cpsc2018,train,A0072,train
cpsc2018,train,A3226,train
cpsc2018,train,A4356,valid
cpsc2018,train,A0361,train
cpsc2018,train,A2925,test
cpsc2018,train,A1601,valid
cpsc2018,train,A3833,train
cpsc2018,train,A6198,train
cpsc2018,train,A3398,train
cpsc2018,train,A4527,train
cpsc2018,train,A1378,train
cpsc2018,train,A6084,train
cpsc2018,train,A5521,valid
cpsc2018,train,A3566,valid
cpsc2018,train,A2771,train
cpsc2018,train,A5401,train
cpsc2018,train,A2986,train
cpsc2018,train,A1249,valid
cpsc2018,train,A0713,train
cpsc2018,train,A4026,train
cpsc2018,train,A1921,test
cpsc2018,train,A2455,train
cpsc2018,train,A1678,train
cpsc2018,train,A0340,valid
cpsc2018,train,A3786,valid
cpsc2018,train,A4158,train
cpsc2018,train,A5382,train
cpsc2018,train,A0121,train
cpsc2018,train,A1818,train
cpsc2018,train,A5141,test
cpsc2018,train,A6623,train
cpsc2018,train,A4505,train
cpsc2018,train,A3460,train
cpsc2018,train,A2253,train
cpsc2018,train,A5731,valid
cpsc2018,train,A3343,train
cpsc2018,train,A4566,train
cpsc2018,train,A3971,train
cpsc2018,train,A2307,train
cpsc2018,train,A0106,train
cpsc2018,train,A5625,valid
cpsc2018,train,A0563,test
cpsc2018,train,A1097,train
cpsc2018,train,A1621,train
cpsc2018,train,A4649,train
cpsc2018,train,A0470,train
cpsc2018,train,A1762,train
cpsc2018,train,A3734,train
cpsc2018,train,A6872,train
cpsc2018,train,A5223,train
cpsc2018,train,A3013,train
cpsc2018,train,A5751,train
cpsc2018,train,A2709,train
cpsc2018,train,A5673,train
cpsc2018,train,A4187,train
cpsc2018,train,A3465,train
cpsc2018,train,A4710,valid
cpsc2018,train,A3496,train
cpsc2018,train,A5610,train
cpsc2018,train,A1659,train
cpsc2018,train,A6435,train
cpsc2018,train,A4296,train
cpsc2018,train,A6165,train
cpsc2018,train,A2336,train
cpsc2018,train,A5436,train
cpsc2018,train,A3760,valid
cpsc2018,train,A2862,train
cpsc2018,train,A4853,train
cpsc2018,train,A3808,train
cpsc2018,train,A4436,train
cpsc2018,train,A4686,valid
cpsc2018,train,A3044,train
cpsc2018,train,A4110,train
cpsc2018,train,A5701,test
cpsc2018,train,A4200,train
cpsc2018,train,A2493,train
cpsc2018,train,A2075,train
cpsc2018,train,A6675,train
cpsc2018,train,A4075,valid
cpsc2018,train,A0889,train
cpsc2018,train,A1257,train
cpsc2018,train,A2040,valid
cpsc2018,train,A1532,train
cpsc2018,train,A0960,train
cpsc2018,train,A3655,train
cpsc2018,train,A0639,train
cpsc2018,train,A0306,train
cpsc2018,train,A0706,valid
cpsc2018,train,A5954,train
cpsc2018,train,A5732,train
cpsc2018,train,A2496,test
cpsc2018,train,A3147,train
cpsc2018,train,A0004,train
cpsc2018,train,A3701,train
cpsc2018,train,A1241,train
cpsc2018,train,A5298,train
cpsc2018,train,A0736,train
cpsc2018,train,A4347,train
cpsc2018,train,A4956,train
cpsc2018,train,A1981,train
cpsc2018,train,A0576,train
cpsc2018,train,A0840,train
cpsc2018,train,A5412,valid
cpsc2018,train,A3177,train
cpsc2018,train,A0587,train
cpsc2018,train,A1515,test
cpsc2018,train,A6821,test
cpsc2018,train,A0526,train
cpsc2018,train,A6464,train
cpsc2018,train,A1044,train
cpsc2018,train,A5861,train
cpsc2018,train,A4219,train
cpsc2018,train,A1739,valid
cpsc2018,train,A4105,valid
cpsc2018,train,A4162,train
cpsc2018,train,A5829,train
cpsc2018,train,A6755,train
cpsc2018,train,A6777,train
cpsc2018,train,A2495,train
cpsc2018,train,A4980,train
cpsc2018,train,A0537,train
cpsc2018,train,A0917,train
cpsc2018,train,A1176,train
cpsc2018,train,A2551,train
cpsc2018,train,A1603,valid
cpsc2018,train,A0684,train
cpsc2018,train,A4143,train
cpsc2018,train,A1923,test
cpsc2018,train,A2429,train
cpsc2018,train,A3142,train
cpsc2018,train,A6681,train
cpsc2018,train,A0029,train
cpsc2018,train,A4588,train
cpsc2018,train,A1578,train
cpsc2018,train,A3080,train
cpsc2018,train,A6048,train
cpsc2018,train,A2113,train
cpsc2018,train,A4817,train
cpsc2018,train,A3330,train
cpsc2018,train,A5815,valid
cpsc2018,train,A3363,train
cpsc2018,train,A5584,train
cpsc2018,train,A0805,train
cpsc2018,train,A2114,train
cpsc2018,train,A0390,train
cpsc2018,train,A2122,train
cpsc2018,train,A4657,train
cpsc2018,train,A2563,test
cpsc2018,train,A5389,train
cpsc2018,train,A4102,train
cpsc2018,train,A2402,train
cpsc2018,train,A0403,train
cpsc2018,train,A1344,train
cpsc2018,train,A6502,train
cpsc2018,train,A2517,train
cpsc2018,train,A2529,train
cpsc2018,train,A6739,valid
cpsc2018,train,A5052,train
cpsc2018,train,A1330,train
cpsc2018,train,A3276,test
cpsc2018,train,A3182,train
cpsc2018,train,A0892,test
cpsc2018,train,A2145,train
cpsc2018,train,A2010,test
cpsc2018,train,A0833,train
cpsc2018,train,A4554,train
cpsc2018,train,A4968,train
cpsc2018,train,A1287,test
cpsc2018,train,A6266,valid
cpsc2018,train,A1586,train
cpsc2018,train,A1765,train
cpsc2018,train,A6080,train
cpsc2018,train,A1500,train
cpsc2018,train,A5093,train
cpsc2018,train,A0281,train
cpsc2018,train,A5635,train
cpsc2018,train,A1370,train
cpsc2018,train,A0727,train
cpsc2018,train,A3894,train
cpsc2018,train,A0871,train
cpsc2018,train,A5325,train
cpsc2018,train,A2385,train
cpsc2018,train,A4251,train
cpsc2018,train,A3930,train
cpsc2018,train,A6196,train
cpsc2018,train,A1542,train
cpsc2018,train,A2243,train
cpsc2018,train,A4512,train
cpsc2018,train,A5043,train
cpsc2018,train,A5967,train
cpsc2018,train,A3392,valid
cpsc2018,train,A6330,train
cpsc2018,train,A3457,valid
cpsc2018,train,A6539,train
cpsc2018,train,A5792,train
cpsc2018,train,A2389,train
cpsc2018,train,A1019,train
cpsc2018,train,A3391,train
cpsc2018,train,A2618,valid
cpsc2018,train,A4591,unlisted
cpsc2018,train,A6806,train
cpsc2018,train,A5421,unlisted
cpsc2018,train,A3265,valid
cpsc2018,train,A4460,train
cpsc2018,train,A2375,test
cpsc2018,train,A1437,train
cpsc2018,train,A6168,test
cpsc2018,train,A0735,train
cpsc2018,train,A0468,train
cpsc2018,train,A3507,train
cpsc2018,train,A2895,train
cpsc2018,train,A5783,valid
cpsc2018,train,A5437,train
cpsc2018,train,A6442,train
cpsc2018,train,A3995,test
cpsc2018,train,A3454,train
cpsc2018,train,A4724,train
cpsc2018,train,A6696,train
cpsc2018,train,A5795,train
cpsc2018,train,A1750,train
cpsc2018,train,A2302,train
cpsc2018,train,A4664,valid
cpsc2018,train,A0597,train
cpsc2018,train,A5158,train
cpsc2018,train,A1859,train
cpsc2018,train,A0196,train
cpsc2018,train,A3256,train
cpsc2018,train,A4935,train
cpsc2018,train,A0365,train
cpsc2018,train,A0208,train
cpsc2018,train,A4814,train
cpsc2018,train,A3289,train
cpsc2018,train,A6850,train
cpsc2018,train,A3955,train
cpsc2018,train,A5055,train
cpsc2018,train,A4596,train
cpsc2018,train,A4845,train
cpsc2018,train,A4692,train
cpsc2018,train,A4796,train
cpsc2018,train,A5171,train
cpsc2018,train,A5857,train
cpsc2018,train,A5916,train
cpsc2018,train,A4997,train
cpsc2018,train,A0643,train
cpsc2018,train,A1555,test
cpsc2018,train,A0147,train
cpsc2018,train,A3304,train
cpsc2018,train,A5211,train
cpsc2018,train,A5884,train
cpsc2018,train,A6612,train
cpsc2018,train,A1054,train
cpsc2018,train,A5101,train
cpsc2018,train,A3311,train
cpsc2018,train,A5866,valid
cpsc2018,train,A4047,train
cpsc2018,train,A3277,test
cpsc2018,train,A6789,train
cpsc2018,train,A3798,train
cpsc2018,train,A3236,train
cpsc2018,train,A2507,valid
cpsc2018,train,A5641,train
cpsc2018,train,A4451,train
cpsc2018,train,A5838,train
cpsc2018,train,A6236,train
cpsc2018,train,A5094,test
cpsc2018,train,A5220,valid
cpsc2018,train,A0904,train
cpsc2018,train,A1630,train
cpsc2018,train,A4597,train
cpsc2018,train,A5013,valid
cpsc2018,train,A4508,train
cpsc2018,train,A0192,train
cpsc2018,train,A2880,train
cpsc2018,train,A5501,train
cpsc2018,train,A1608,train
cpsc2018,train,A1725,valid
cpsc2018,train,A6363,train
cpsc2018,train,A6613,train
cpsc2018,train,A5741,train
cpsc2018,train,A3320,test
cpsc2018,train,A4709,valid
cpsc2018,train,A4822,train
cpsc2018,train,A5408,train
cpsc2018,train,A0315,train
cpsc2018,train,A4335,train
cpsc2018,train,A4718,train
cpsc2018,train,A4535,train
cpsc2018,train,A2843,train
cpsc2018,train,A1508,valid
cpsc2018,train,A1753,train
cpsc2018,train,A3736,unlisted
cpsc2018,train,A3001,train
cpsc2018,train,A3992,train
cpsc2018,train,A5244,train
cpsc2018,train,A4721,train
cpsc2018,train,A3467,valid
cpsc2018,train,A5445,train
cpsc2018,train,A5651,valid
cpsc2018,train,A1527,train
cpsc2018,train,A3254,train
cpsc2018,train,A6110,train
cpsc2018,train,A1975,train
cpsc2018,train,A3086,train
cpsc2018,train,A3689,test
cpsc2018,train,A1943,train
cpsc2018,train,A1004,train
cpsc2018,train,A4777,train
cpsc2018,train,A5410,train
cpsc2018,train,A5310,train
cpsc2018,train,A4330,train
cpsc2018,train,A0358,train
cpsc2018,train,A1592,valid
cpsc2018,train,A4952,train
cpsc2018,train,A2828,train
cpsc2018,train,A5294,train
cpsc2018,train,A0046,train
cpsc2018,train,A4564,train
cpsc2018,train,A4104,train
cpsc2018,train,A3592,valid
cpsc2018,train,A3524,train
cpsc2018,train,A1268,train
cpsc2018,train,A3040,train
cpsc2018,train,A2151,train
cpsc2018,train,A2518,train
cpsc2018,train,A3676,train
cpsc2018,train,A2245,valid
cpsc2018,train,A0061,test
cpsc2018,train,A4409,train
cpsc2018,train,A5461,test
cpsc2018,train,A2985,train
cpsc2018,train,A0075,train
cpsc2018,train,A4061,train
cpsc2018,train,A4370,train
cpsc2018,train,A6834,train
cpsc2018,train,A5991,train
cpsc2018,train,A4961,train
cpsc2018,train,A4417,train
cpsc2018,train,A4881,train
cpsc2018,train,A1323,train
cpsc2018,train,A2430,train
cpsc2018,train,A0054,valid
cpsc2018,train,A0983,valid
cpsc2018,train,A1449,train
cpsc2018,train,A5891,train
cpsc2018,train,A1077,train
cpsc2018,train,A2698,train
cpsc2018,train,A2802,train
cpsc2018,train,A5834,train
cpsc2018,train,A5735,train
cpsc2018,train,A2988,train
cpsc2018,train,A2809,train
cpsc2018,train,A0505,test
cpsc2018,train,A4292,train
cpsc2018,train,A1184,train
cpsc2018,train,A1126,train
cpsc2018,train,A5998,train
cpsc2018,train,A2641,train
cpsc2018,train,A2441,train
cpsc2018,train,A4115,valid
cpsc2018,train,A1576,train
cpsc2018,train,A1599,train
cpsc2018,train,A6098,train
cpsc2018,train,A3774,train
cpsc2018,train,A0112,train
cpsc2018,train,A1374,train
cpsc2018,train,A2527,train
cpsc2018,train,A5058,train
cpsc2018,train,A1283,train
cpsc2018,train,A2805,train
cpsc2018,train,A3003,train
cpsc2018,train,A6695,valid
cpsc2018,train,A6044,train
cpsc2018,train,A4702,train
cpsc2018,train,A5125,test
cpsc2018,train,A2019,train
cpsc2018,train,A6409,train
cpsc2018,train,A2672,train
cpsc2018,train,A1941,train
cpsc2018,train,A5846,train
cpsc2018,train,A2742,train
cpsc2018,train,A5529,train
cpsc2018,train,A6598,train
cpsc2018,train,A4868,train
cpsc2018,train,A5498,valid
cpsc2018,train,A5668,train
cpsc2018,train,A6316,unlisted
cpsc2018,train,A1534,train
cpsc2018,train,A6068,train
cpsc2018,train,A1611,train
cpsc2018,train,A4199,train
cpsc2018,train,A4517,train
cpsc2018,train,A1114,train
cpsc2018,train,A0164,train
cpsc2018,train,A2820,train
cpsc2018,train,A6627,train
cpsc2018,train,A1961,train
cpsc2018,train,A6851,train
cpsc2018,train,A1665,train
cpsc2018,train,A0714,train
cpsc2018,train,A4437,train
cpsc2018,train,A4328,train
cpsc2018,train,A2028,train
cpsc2018,train,A1759,train
cpsc2018,train,A1953,train
cpsc2018,train,A0387,train
cpsc2018,train,A0351,train
cpsc2018,train,A3303,train
cpsc2018,train,A0998,train
cpsc2018,train,A2833,train
cpsc2018,train,A2388,valid
cpsc2018,train,A2768,train
cpsc2018,train,A0711,train
cpsc2018,train,A3867,train
cpsc2018,train,A6101,train
cpsc2018,train,A4339,train
cpsc2018,train,A4024,train
cpsc2018,train,A0686,train
cpsc2018,train,A1777,test
cpsc2018,train,A2576,train
cpsc2018,train,A5355,train
cpsc2018,train,A4516,train
cpsc2018,train,A5380,train
cpsc2018,train,A3218,train
cpsc2018,train,A1672,train
cpsc2018,train,A1716,train
cpsc2018,train,A0107,train
cpsc2018,train,A4160,valid
cpsc2018,train,A6194,valid
cpsc2018,train,A4947,train
cpsc2018,train,A3677,train
cpsc2018,train,A6444,train
cpsc2018,train,A2125,valid
cpsc2018,train,A5139,train
cpsc2018,train,A3024,train
cpsc2018,train,A1655,test
cpsc2018,train,A6097,train
cpsc2018,train,A0621,train
cpsc2018,train,A6061,train
cpsc2018,train,A0951,valid
cpsc2018,train,A4496,test
cpsc2018,train,A1580,test
cpsc2018,train,A2045,train
cpsc2018,train,A2127,train
cpsc2018,train,A6416,train
cpsc2018,train,A4668,test
cpsc2018,train,A0710,valid
cpsc2018,train,A2990,train
cpsc2018,train,A3732,train
cpsc2018,train,A2337,train
cpsc2018,train,A0743,train
cpsc2018,train,A0312,test
cpsc2018,train,A5404,test
cpsc2018,train,A2380,train
cpsc2018,train,A1817,test
cpsc2018,train,A2081,train
cpsc2018,train,A5667,train
cpsc2018,train,A1440,valid
cpsc2018,train,A2157,train
cpsc2018,train,A5406,train
cpsc2018,train,A5785,train
cpsc2018,train,A6099,train
cpsc2018,train,A4066,train
cpsc2018,train,A6469,train
cpsc2018,train,A2582,valid
cpsc2018,train,A4300,test
cpsc2018,train,A0041,train
cpsc2018,train,A6453,train
cpsc2018,train,A5400,train
cpsc2018,train,A4766,train
cpsc2018,train,A5297,train
cpsc2018,train,A1880,valid
cpsc2018,train,A6188,train
cpsc2018,train,A2016,train
cpsc2018,train,A5764,train
cpsc2018,train,A6816,train
cpsc2018,train,A0858,train
cpsc2018,train,A6837,unlisted
cpsc2018,train,A5765,train
cpsc2018,train,A6163,train
cpsc2018,train,A4788,train
cpsc2018,train,A2012,train
cpsc2018,train,A6520,train
cpsc2018,train,A6709,valid
cpsc2018,train,A2876,train
cpsc2018,train,A4184,train
cpsc2018,train,A2011,train
cpsc2018,train,A1219,train
cpsc2018,train,A4017,train
cpsc2018,train,A6676,train
cpsc2018,train,A3579,train
cpsc2018,train,A4847,train
cpsc2018,train,A3870,test
cpsc2018,train,A3100,train
cpsc2018,train,A5377,train
cpsc2018,train,A2180,train
cpsc2018,train,A4175,train
cpsc2018,train,A5620,train
cpsc2018,train,A0260,valid
cpsc2018,train,A2909,train
cpsc2018,train,A0785,train
cpsc2018,train,A1766,train
cpsc2018,train,A3564,train
cpsc2018,train,A2119,train
cpsc2018,train,A0804,train
cpsc2018,train,A0753,train
cpsc2018,train,A4726,test
cpsc2018,train,A6585,train
cpsc2018,train,A1548,train
cpsc2018,train,A4730,train
cpsc2018,train,A0019,train
cpsc2018,train,A6249,train
cpsc2018,train,A4568,train
cpsc2018,train,A3972,train
cpsc2018,train,A1706,train
cpsc2018,train,A6351,train
cpsc2018,train,A0187,valid
cpsc2018,train,A0271,valid
cpsc2018,train,A5146,train
cpsc2018,train,A6678,train
cpsc2018,train,A4107,train
cpsc2018,train,A5509,train
cpsc2018,train,A4181,unlisted
cpsc2018,train,A4928,train
cpsc2018,train,A4036,train
cpsc2018,train,A3603,train
cpsc2018,train,A1121,train
cpsc2018,train,A4022,valid
cpsc2018,train,A2732,valid
cpsc2018,train,A2043,train
cpsc2018,train,A2401,train
cpsc2018,train,A0930,valid
cpsc2018,train,A1977,train
cpsc2018,train,A5051,train
cpsc2018,train,A1046,valid
cpsc2018,train,A4396,train
cpsc2018,train,A5984,train
cpsc2018,train,A3663,test
cpsc2018,train,A5089,train
cpsc2018,train,A3198,train
cpsc2018,train,A2581,train
cpsc2018,train,A3620,train
cpsc2018,train,A6381,test
cpsc2018,train,A4262,test
cpsc2018,train,A4660,valid
cpsc2018,train,A1756,train
cpsc2018,train,A4313,valid
cpsc2018,train,A6580,train
cpsc2018,train,A2670,train
cpsc2018,train,A5046,train
cpsc2018,train,A6578,train
cpsc2018,train,A4734,test
cpsc2018,train,A6012,valid
cpsc2018,train,A2257,train
cpsc2018,train,A4088,train
cpsc2018,val,A1336,train
cpsc2018,val,A2848,train
cpsc2018,val,A6611,test
cpsc2018,val,A4620,train
cpsc2018,val,A5655,train
cpsc2018,val,A3820,train
cpsc2018,val,A6775,valid
cpsc2018,val,A0274,test
cpsc2018,val,A0153,train
cpsc2018,val,A4429,train
cpsc2018,val,A1583,train
cpsc2018,val,A2842,train
cpsc2018,val,A4012,train
cpsc2018,val,A6776,valid
cpsc2018,val,A5713,train
cpsc2018,val,A2969,train
cpsc2018,val,A4019,train
cpsc2018,val,A2849,train
cpsc2018,val,A6591,train
cpsc2018,val,A5819,train
cpsc2018,val,A0839,test
cpsc2018,val,A4132,train
cpsc2018,val,A0721,train
cpsc2018,val,A5172,train
cpsc2018,val,A5300,valid
cpsc2018,val,A3484,train
cpsc2018,val,A2397,train
cpsc2018,val,A6495,test
cpsc2018,val,A4207,train
cpsc2018,val,A5193,train
cpsc2018,val,A5794,train
cpsc2018,val,A2896,train
cpsc2018,val,A0700,train
cpsc2018,val,A3513,valid
cpsc2018,val,A5630,train
cpsc2018,val,A4455,train
cpsc2018,val,A4791,train
cpsc2018,val,A3627,train
cpsc2018,val,A4205,train
cpsc2018,val,A0565,train
cpsc2018,val,A5433,valid
cpsc2018,val,A4402,train
cpsc2018,val,A1504,train
cpsc2018,val,A1936,train
cpsc2018,val,A4371,train
cpsc2018,val,A0283,train
cpsc2018,val,A4155,train
cpsc2018,val,A3961,train
cpsc2018,val,A3418,train
cpsc2018,val,A0699,train
cpsc2018,val,A1422,train
cpsc2018,val,A4624,train
cpsc2018,val,A5378,train
cpsc2018,val,A1201,train
cpsc2018,val,A4728,train
cpsc2018,val,A0220,train
cpsc2018,val,A1151,train
cpsc2018,val,A0482,test
cpsc2018,val,A1582,train
cpsc2018,val,A5594,train
cpsc2018,val,A5909,train
cpsc2018,val,A3112,train
cpsc2018,val,A5388,test
cpsc2018,val,A5516,test
cpsc2018,val,A3158,train
cpsc2018,val,A6206,train
cpsc2018,val,A1806,train
cpsc2018,val,A0412,valid
cpsc2018,val,A3179,train
cpsc2018,val,A2031,train
cpsc2018,val,A4364,train
cpsc2018,val,A3545,unlisted
cpsc2018,val,A0232,valid
cpsc2018,val,A1410,train
cpsc2018,val,A4045,test
cpsc2018,val,A0007,train
cpsc2018,val,A0149,train
cpsc2018,val,A3785,train
cpsc2018,val,A1024,train
cpsc2018,val,A0009,train
cpsc2018,val,A2664,valid
cpsc2018,val,A1972,train
cpsc2018,val,A0491,train
cpsc2018,val,A2297,train
cpsc2018,val,A0520,valid
cpsc2018,val,A5241,test
cpsc2018,val,A2486,train
cpsc2018,val,A5782,train
cpsc2018,val,A3307,train
cpsc2018,val,A3485,train
cpsc2018,val,A6397,train
cpsc2018,val,A5386,train
cpsc2018,val,A6508,train
cpsc2018,val,A4299,train
cpsc2018,val,A5989,train
cpsc2018,val,A4273,train
cpsc2018,val,A3795,train
cpsc2018,val,A2811,train
cpsc2018,val,A3333,train
cpsc2018,val,A1353,train
cpsc2018,val,A5353,valid
cpsc2018,val,A3241,train
cpsc2018,val,A0214,train
cpsc2018,val,A4910,train
cpsc2018,val,A5198,train
cpsc2018,val,A2503,test
cpsc2018,val,A6517,train
cpsc2018,val,A0501,train
cpsc2018,val,A0133,train
cpsc2018,val,A6220,test
cpsc2018,val,A4474,train
cpsc2018,val,A4743,valid
cpsc2018,val,A1159,train
cpsc2018,val,A0257,train
cpsc2018,val,A4615,train
cpsc2018,val,A2691,train
cpsc2018,val,A5705,train
cpsc2018,val,A4274,train
cpsc2018,val,A5664,train
cpsc2018,val,A5384,train
cpsc2018,val,A4480,train
cpsc2018,val,A1061,valid
cpsc2018,val,A3597,train
cpsc2018,val,A6146,train
cpsc2018,val,A5201,valid
cpsc2018,val,A6129,train
cpsc2018,val,A3828,test
cpsc2018,val,A1971,test
cpsc2018,val,A3582,train
cpsc2018,val,A2211,train
cpsc2018,val,A2224,train
cpsc2018,val,A1890,valid
cpsc2018,val,A2882,train
cpsc2018,val,A5108,train
cpsc2018,val,A0809,train
cpsc2018,val,A4589,train
cpsc2018,val,A0048,train
cpsc2018,val,A1041,train
cpsc2018,val,A1142,train
cpsc2018,val,A1585,train
cpsc2018,val,A0109,valid
cpsc2018,val,A1389,train
cpsc2018,val,A0659,train
cpsc2018,val,A5995,train
cpsc2018,val,A2730,train
cpsc2018,val,A6054,train
cpsc2018,val,A1360,train
cpsc2018,val,A4438,train
cpsc2018,val,A2748,train
cpsc2018,val,A2262,test
cpsc2018,val,A0731,train
cpsc2018,val,A0090,train
cpsc2018,val,A0206,train
cpsc2018,val,A2322,train
cpsc2018,val,A4944,train
cpsc2018,val,A4877,train
cpsc2018,val,A2457,valid
cpsc2018,val,A5497,train
cpsc2018,val,A4963,train
cpsc2018,val,A3975,train
cpsc2018,val,A3780,train
cpsc2018,val,A2371,test
cpsc2018,val,A4258,test
cpsc2018,val,A1137,train
cpsc2018,val,A4931,train
cpsc2018,val,A3094,valid
cpsc2018,val,A5992,train
cpsc2018,val,A1306,train
cpsc2018,val,A3232,train
cpsc2018,val,A5428,train
cpsc2018,val,A0120,train
cpsc2018,val,A6314,train
cpsc2018,val,A1462,train
cpsc2018,val,A0185,train
cpsc2018,val,A1451,valid
cpsc2018,val,A4087,train
cpsc2018,val,A0613,train
cpsc2018,val,A3716,train
cpsc2018,val,A0796,train
cpsc2018,val,A1932,train
cpsc2018,val,A4185,train
cpsc2018,val,A4306,train
cpsc2018,val,A5343,train
cpsc2018,val,A1635,train
cpsc2018,val,A4674,train
cpsc2018,val,A6028,test
cpsc2018,val,A0076,train
cpsc2018,val,A4705,train
cpsc2018,val,A0435,train
cpsc2018,val,A3205,train
cpsc2018,val,A4544,train
cpsc2018,val,A0140,train
cpsc2018,val,A4059,train
cpsc2018,val,A6592,train
cpsc2018,val,A4812,train
cpsc2018,val,A0282,train
cpsc2018,val,A1712,train
cpsc2018,val,A4720,valid
cpsc2018,val,A4594,test
cpsc2018,val,A1633,train
cpsc2018,val,A1168,train
cpsc2018,val,A2198,test
cpsc2018,val,A5802,train
cpsc2018,val,A0355,train
cpsc2018,val,A0531,valid
cpsc2018,val,A2875,train
cpsc2018,val,A4354,train
cpsc2018,val,A0989,train
cpsc2018,val,A2936,train
cpsc2018,val,A4651,train
cpsc2018,val,A2868,train
cpsc2018,val,A6685,train
cpsc2018,val,A4659,valid
cpsc2018,val,A0964,train
cpsc2018,val,A4586,test
cpsc2018,val,A1246,train
cpsc2018,val,A5503,train
cpsc2018,val,A6296,train
cpsc2018,val,A4007,train
cpsc2018,val,A1647,train
cpsc2018,val,A0868,valid
cpsc2018,val,A0504,train
cpsc2018,val,A5990,train
cpsc2018,val,A4291,train
cpsc2018,val,A0580,train
cpsc2018,val,A1657,test
cpsc2018,val,A4691,train
cpsc2018,val,A0975,train
cpsc2018,val,A1468,train
cpsc2018,val,A0534,train
cpsc2018,val,A4759,train
cpsc2018,val,A3422,train
cpsc2018,val,A4642,train
cpsc2018,val,A4503,test
cpsc2018,val,A5905,train
cpsc2018,val,A6294,train
cpsc2018,val,A0993,train
cpsc2018,val,A3189,train
cpsc2018,val,A1562,train
cpsc2018,val,A6069,test
cpsc2018,val,A6013,test
cpsc2018,val,A4421,train
cpsc2018,val,A4108,train
cpsc2018,val,A2501,train
cpsc2018,val,A0165,train
cpsc2018,val,A6762,valid
cpsc2018,val,A3169,train
cpsc2018,val,A4098,train
cpsc2018,val,A3619,train
cpsc2018,val,A4327,train
cpsc2018,val,A1043,valid
cpsc2018,val,A1122,train
cpsc2018,val,A0903,train
cpsc2018,val,A0857,valid
cpsc2018,val,A5602,train
cpsc2018,val,A4662,train
cpsc2018,val,A3553,test
cpsc2018,val,A6560,valid
cpsc2018,val,A1501,test
cpsc2018,val,A2653,test
cpsc2018,val,A0122,test
cpsc2018,val,A1825,train
cpsc2018,val,A6317,train
cpsc2018,val,A5693,train
cpsc2018,val,A2704,train
cpsc2018,val,A0481,train
cpsc2018,val,A4744,train
cpsc2018,val,A0836,train
cpsc2018,val,A3950,train
cpsc2018,val,A5828,train
cpsc2018,val,A6584,train
cpsc2018,val,A6807,train
cpsc2018,val,A6164,train
cpsc2018,val,A0017,train
cpsc2018,val,A4208,train
cpsc2018,val,A3981,train
cpsc2018,val,A1538,train
cpsc2018,val,A0551,test
cpsc2018,val,A3510,train
cpsc2018,val,A0869,train
cpsc2018,val,A3431,train
cpsc2018,val,A1979,train
cpsc2018,val,A4398,valid
cpsc2018,val,A5530,train
cpsc2018,val,A2620,valid
cpsc2018,val,A4213,train
cpsc2018,val,A1604,train
cpsc2018,val,A0073,train
cpsc2018,val,A1867,train
cpsc2018,val,A1165,train
cpsc2018,val,A5772,train
cpsc2018,val,A2967,train
cpsc2018,val,A2458,train
cpsc2018,val,A2225,train
cpsc2018,val,A0835,train
cpsc2018,val,A1456,train
cpsc2018,val,A0788,valid
cpsc2018,val,A2084,train
cpsc2018,val,A2921,train
cpsc2018,val,A2234,train
cpsc2018,val,A1029,train
cpsc2018,val,A3029,train
cpsc2018,val,A6026,train
cpsc2018,val,A3360,train
cpsc2018,val,A2696,train
cpsc2018,val,A4526,train
cpsc2018,val,A3377,train
cpsc2018,val,A5952,test
cpsc2018,val,A2675,valid
cpsc2018,val,A3674,test
cpsc2018,val,A2682,train
cpsc2018,val,A6391,train
cpsc2018,val,A0157,train
cpsc2018,val,A2509,train
cpsc2018,val,A1740,train
cpsc2018,val,A4015,train
cpsc2018,val,A4794,train
cpsc2018,val,A6042,train
cpsc2018,val,A4553,valid
cpsc2018,val,A0277,train
cpsc2018,val,A2446,train
cpsc2018,val,A2009,train
cpsc2018,val,A1985,train
cpsc2018,val,A1761,train
cpsc2018,val,A3315,valid
cpsc2018,val,A2602,test
cpsc2018,val,A1096,valid
cpsc2018,val,A6801,train
cpsc2018,val,A5182,train
cpsc2018,val,A4310,valid
cpsc2018,val,A5279,train
cpsc2018,val,A4237,train
cpsc2018,val,A2992,train
cpsc2018,val,A1924,train
cpsc2018,val,A1769,train
cpsc2018,val,A6699,train
cpsc2018,val,A5493,train
cpsc2018,val,A3649,train
cpsc2018,val,A5915,train
cpsc2018,val,A5875,train
cpsc2018,val,A5779,train
cpsc2018,val,A1421,train
cpsc2018,val,A0368,test
cpsc2018,val,A0071,train
cpsc2018,val,A6567,train
cpsc2018,val,A1557,train
cpsc2018,val,A0179,train
cpsc2018,val,A6780,train
cpsc2018,val,A2588,train
cpsc2018,val,A5686,train
cpsc2018,val,A6797,train
cpsc2018,val,A3960,train
cpsc2018,val,A2475,test
cpsc2018,val,A2860,valid
cpsc2018,val,A0469,train
cpsc2018,val,A1110,train
cpsc2018,val,A3644,train
cpsc2018,val,A1087,train
cpsc2018,val,A5696,train
cpsc2018,val,A4021,train
cpsc2018,val,A3011,train
cpsc2018,val,A3283,train
cpsc2018,val,A5166,valid
cpsc2018,val,A6253,train
cpsc2018,val,A4481,train
cpsc2018,val,A3332,train
cpsc2018,val,A2609,train
cpsc2018,val,A3074,train
cpsc2018,val,A4789,train
cpsc2018,val,A5790,train
cpsc2018,val,A3633,train
cpsc2018,val,A2570,test
cpsc2018,val,A3339,train
cpsc2018,val,A5526,train
cpsc2018,val,A2052,train
cpsc2018,val,A1618,train
cpsc2018,val,A0503,valid
cpsc2018,val,A1594,train
cpsc2018,val,A6863,train
cpsc2018,val,A2479,train
cpsc2018,val,A5914,train
cpsc2018,val,A5316,train
cpsc2018,val,A2594,train
cpsc2018,val,A2300,test
cpsc2018,val,A4670,train
cpsc2018,val,A2295,train
cpsc2018,val,A2499,train
cpsc2018,val,A3239,train
cpsc2018,val,A5687,train
cpsc2018,val,A1892,train
cpsc2018,val,A0301,valid
cpsc2018,val,A6744,train
cpsc2018,val,A1819,train
cpsc2018,val,A1566,train
cpsc2018,val,A6522,train
cpsc2018,val,A5451,valid
cpsc2018,val,A0573,train
cpsc2018,val,A0150,train
cpsc2018,val,A5431,train
cpsc2018,val,A0884,train
cpsc2018,val,A5850,train
cpsc2018,val,A4800,train
cpsc2018,val,A6429,train
cpsc2018,val,A0887,train
cpsc2018,val,A2956,train
cpsc2018,val,A5745,train
cpsc2018,val,A4112,train
cpsc2018,val,A1290,train
cpsc2018,val,A4559,train
cpsc2018,val,A2789,train
cpsc2018,val,A3946,train
cpsc2018,val,A1875,train
cpsc2018,val,A6687,train
cpsc2018,val,A5037,test
cpsc2018,val,A3358,train
cpsc2018,val,A0065,train
cpsc2018,val,A5807,train
cpsc2018,val,A4644,train
cpsc2018,val,A5872,test
cpsc2018,val,A2109,train
cpsc2018,val,A3413,train
cpsc2018,val,A2403,train
cpsc2018,val,A4828,train
cpsc2018,val,A5453,train
cpsc2018,val,A4095,valid
cpsc2018,val,A1472,train
cpsc2018,val,A1588,train
cpsc2018,val,A0913,train
cpsc2018,val,A3279,train
cpsc2018,val,A3588,valid
cpsc2018,val,A1764,test
cpsc2018,val,A1337,train
cpsc2018,val,A0222,train
cpsc2018,val,A0927,valid
cpsc2018,val,A3536,test
cpsc2018,val,A5763,train
cpsc2018,val,A6738,train
cpsc2018,val,A0177,train
cpsc2018,val,A4504,train
cpsc2018,val,A1624,train
cpsc2018,val,A5542,test
cpsc2018,val,A3548,test
cpsc2018,val,A0020,test
cpsc2018,val,A5314,train
cpsc2018,val,A0620,train
cpsc2018,val,A2301,train
cpsc2018,val,A2549,valid
cpsc2018,val,A3127,train
cpsc2018,val,A6434,train
cpsc2018,val,A6431,train
cpsc2018,val,A6225,train
cpsc2018,val,A3403,valid
cpsc2018,val,A5265,train
cpsc2018,val,A5932,train
cpsc2018,val,A3654,train
cpsc2018,val,A1823,train
cpsc2018,val,A4772,train
cpsc2018,val,A1926,train
cpsc2018,val,A1081,train
cpsc2018,val,A4981,train
cpsc2018,val,A3840,train
cpsc2018,val,A0729,train
cpsc2018,val,A1120,train
cpsc2018,val,A2911,train
cpsc2018,val,A2186,train
cpsc2018,val,A6449,test
cpsc2018,val,A6439,test
cpsc2018,val,A3839,train
cpsc2018,val,A5592,train
cpsc2018,val,A3851,train
cpsc2018,val,A4468,train
cpsc2018,val,A0786,train
cpsc2018,val,A6546,train
cpsc2018,val,A2839,train
cpsc2018,test,A3560,valid
cpsc2018,test,A1183,valid
cpsc2018,test,A5170,train
cpsc2018,test,A5405,train
cpsc2018,test,A5486,train
cpsc2018,test,A4883,train
cpsc2018,test,A2627,valid
cpsc2018,test,A6160,valid
cpsc2018,test,A2063,train
cpsc2018,test,A3822,train
cpsc2018,test,A4640,valid
cpsc2018,test,A2169,train
cpsc2018,test,A2348,train
cpsc2018,test,A6141,train
cpsc2018,test,A2150,train
cpsc2018,test,A3643,train
cpsc2018,test,A0322,train
cpsc2018,test,A6394,train
cpsc2018,test,A3192,train
cpsc2018,test,A1531,test
cpsc2018,test,A2600,train
cpsc2018,test,A1927,train
cpsc2018,test,A1066,train
cpsc2018,test,A1202,train
cpsc2018,test,A2449,train
cpsc2018,test,A2398,train
cpsc2018,test,A1112,train
cpsc2018,test,A1377,train
cpsc2018,test,A6377,train
cpsc2018,test,A3613,train
cpsc2018,test,A2176,train
cpsc2018,test,A4178,train
cpsc2018,test,A2467,train
cpsc2018,test,A6443,train
cpsc2018,test,A0231,train
cpsc2018,test,A1605,train
cpsc2018,test,A6348,train
cpsc2018,test,A4272,train
cpsc2018,test,A2325,train
cpsc2018,test,A3918,train
cpsc2018,test,A1774,train
cpsc2018,test,A0234,train
cpsc2018,test,A1427,valid
cpsc2018,test,A6280,train
cpsc2018,test,A6178,train
cpsc2018,test,A6719,train
cpsc2018,test,A1381,train
cpsc2018,test,A0825,train
cpsc2018,test,A0581,train
cpsc2018,test,A5867,train
cpsc2018,test,A0089,valid
cpsc2018,test,A2132,test
cpsc2018,test,A1881,train
cpsc2018,test,A1661,train
cpsc2018,test,A2611,train
cpsc2018,test,A2419,train
cpsc2018,test,A0008,train
cpsc2018,test,A3459,train
cpsc2018,test,A4994,train
cpsc2018,test,A6589,train
cpsc2018,test,A5429,train
cpsc2018,test,A2316,train
cpsc2018,test,A1789,train
cpsc2018,test,A1485,train
cpsc2018,test,A3707,train
cpsc2018,test,A5098,train
cpsc2018,test,A5685,train
cpsc2018,test,A5117,valid
cpsc2018,test,A4753,train
cpsc2018,test,A2462,train
cpsc2018,test,A1236,valid
cpsc2018,test,A0094,train
cpsc2018,test,A1827,train
cpsc2018,test,A4284,train
cpsc2018,test,A3949,test
cpsc2018,test,A1778,train
cpsc2018,test,A2392,train
cpsc2018,test,A2498,train
cpsc2018,test,A5481,train
cpsc2018,test,A4123,train
cpsc2018,test,A2092,train
cpsc2018,test,A5863,train
cpsc2018,test,A0890,test
cpsc2018,test,A5576,train
cpsc2018,test,A5132,train
cpsc2018,test,A0034,test
cpsc2018,test,A1491,valid
cpsc2018,test,A0064,train
cpsc2018,test,A6496,train
cpsc2018,test,A1141,train
cpsc2018,test,A5362,train
cpsc2018,test,A1973,train
cpsc2018,test,A3986,train
cpsc2018,test,A4093,test
cpsc2018,test,A1163,valid
cpsc2018,test,A3681,train
cpsc2018,test,A6716,train
cpsc2018,test,A0527,train
cpsc2018,test,A1694,train
cpsc2018,test,A3061,train
cpsc2018,test,A5517,train
cpsc2018,test,A0327,train
cpsc2018,test,A3653,train
cpsc2018,test,A1363,train
cpsc2018,test,A5945,valid
cpsc2018,test,A6593,valid
cpsc2018,test,A2903,train
cpsc2018,test,A1228,test
cpsc2018,test,A6720,test
cpsc2018,test,A3788,train
cpsc2018,test,A3927,train
cpsc2018,test,A4461,train
cpsc2018,test,A0264,train
cpsc2018,test,A6832,train
cpsc2018,test,A4338,valid
cpsc2018,test,A2112,train
cpsc2018,test,A6824,train
cpsc2018,test,A0406,train
cpsc2018,test,A2442,train
cpsc2018,test,A2136,train
cpsc2018,test,A1316,test
cpsc2018,test,A0384,train
cpsc2018,test,A0656,train
cpsc2018,test,A5533,test
cpsc2018,test,A6384,train
cpsc2018,test,A2289,train
cpsc2018,test,A6476,test
cpsc2018,test,A6597,test
cpsc2018,test,A5587,train
cpsc2018,test,A2306,train
cpsc2018,test,A5496,train
cpsc2018,test,A4767,train
cpsc2018,test,A2660,train
cpsc2018,test,A0030,test
cpsc2018,test,A6836,train
cpsc2018,test,A1177,train
cpsc2018,test,A1432,test
cpsc2018,test,A6214,valid
cpsc2018,test,A6286,train
cpsc2018,test,A3261,train
cpsc2018,test,A2066,train
cpsc2018,test,A5048,train
cpsc2018,test,A1713,valid
cpsc2018,test,A0483,test
cpsc2018,test,A4478,train
cpsc2018,test,A3885,test
cpsc2018,test,A5416,train
cpsc2018,test,A6795,train
cpsc2018,test,A4919,train
cpsc2018,test,A4510,train
cpsc2018,test,A3664,train
cpsc2018,test,A6074,train
cpsc2018,test,A2256,train
cpsc2018,test,A1027,test
cpsc2018,test,A2055,train
cpsc2018,test,A6831,train
cpsc2018,test,A5949,train
cpsc2018,test,A1391,train
cpsc2018,test,A6389,train
cpsc2018,test,A2610,train
cpsc2018,test,A2483,train
cpsc2018,test,A3071,test
cpsc2018,test,A6230,train
cpsc2018,test,A3308,valid
cpsc2018,test,A6702,train
cpsc2018,test,A2796,train
cpsc2018,test,A6576,train
cpsc2018,test,A6183,train
cpsc2018,test,A3483,train
cpsc2018,test,A0341,train
cpsc2018,test,A3680,train
cpsc2018,test,A2060,train
cpsc2018,test,A6694,train
cpsc2018,test,A1882,test
cpsc2018,test,A4159,train
cpsc2018,test,A4078,train
cpsc2018,test,A4758,test
cpsc2018,test,A0193,train
cpsc2018,test,A6492,valid
cpsc2018,test,A5571,train
cpsc2018,test,A0549,train
cpsc2018,test,A0201,train
cpsc2018,test,A3134,train
cpsc2018,test,A3132,train
cpsc2018,test,A3587,valid
cpsc2018,test,A1261,train
cpsc2018,test,A1366,train
cpsc2018,test,A3669,train
cpsc2018,test,A4547,train
cpsc2018,test,A4756,train
cpsc2018,test,A0898,train
cpsc2018,test,A2474,train
cpsc2018,test,A4862,train
cpsc2018,test,A6219,train
cpsc2018,test,A3648,valid
cpsc2018,test,A4448,test
cpsc2018,test,A6527,train
cpsc2018,test,A0999,train
cpsc2018,test,A4973,train
cpsc2018,test,A2865,train
cpsc2018,test,A4422,train
cpsc2018,test,A1888,train
cpsc2018,test,A6697,train
cpsc2018,test,A1356,train
cpsc2018,test,A5180,train
cpsc2018,test,A6371,train
cpsc2018,test,A3858,valid
cpsc2018,test,A0567,train
cpsc2018,test,A3557,valid
cpsc2018,test,A3121,train
cpsc2018,test,A4754,train
cpsc2018,test,A4261,train
cpsc2018,test,A5485,train
cpsc2018,test,A3890,test
cpsc2018,test,A1397,valid
cpsc2018,test,A5163,train
cpsc2018,test,A5647,train
cpsc2018,test,A6498,train
cpsc2018,test,A4238,train
cpsc2018,test,A1070,train
cpsc2018,test,A3988,train
cpsc2018,test,A3752,train
cpsc2018,test,A6320,train
cpsc2018,test,A0307,train
cpsc2018,test,A3319,test
cpsc2018,test,A4295,train
cpsc2018,test,A2964,test
cpsc2018,test,A5339,valid
cpsc2018,test,A6734,train
cpsc2018,test,A6111,train
cpsc2018,test,A1434,train
cpsc2018,test,A3876,test
cpsc2018,test,A5469,train
cpsc2018,test,A0400,train
cpsc2018,test,A2460,train
cpsc2018,test,A1321,train
cpsc2018,test,A4737,train
cpsc2018,test,A6076,train
cpsc2018,test,A4177,train
cpsc2018,test,A0421,train
cpsc2018,test,A6369,train
cpsc2018,test,A5041,test
cpsc2018,test,A0640,train
cpsc2018,test,A1653,train
cpsc2018,test,A0891,valid
cpsc2018,test,A0247,train
cpsc2018,test,A0431,train
cpsc2018,test,A1781,train
cpsc2018,test,A4960,train
cpsc2018,test,A3126,train
cpsc2018,test,A3751,train
cpsc2018,test,A3666,train
cpsc2018,test,A6870,train
cpsc2018,test,A3687,train
cpsc2018,test,A6689,train
cpsc2018,test,A2473,train
cpsc2018,test,A3608,train
cpsc2018,test,A5274,train
cpsc2018,test,A3790,train
cpsc2018,test,A1830,train
cpsc2018,test,A3449,valid
cpsc2018,test,A4887,train
cpsc2018,test,A1401,train
cpsc2018,test,A0003,train
cpsc2018,test,A4680,unlisted
cpsc2018,test,A1523,valid
cpsc2018,test,A3561,test
cpsc2018,test,A2773,train
cpsc2018,test,A6556,test
cpsc2018,test,A5427,train
cpsc2018,test,A3288,train
cpsc2018,test,A4016,train
cpsc2018,test,A2437,train
cpsc2018,test,A6657,train
cpsc2018,test,A3549,train
cpsc2018,test,A4317,train
cpsc2018,test,A1445,train
cpsc2018,test,A1489,train
cpsc2018,test,A2697,train
cpsc2018,test,A0693,train
cpsc2018,test,A1416,train
cpsc2018,test,A3113,train
cpsc2018,test,A3215,train
cpsc2018,test,A1541,train
cpsc2018,test,A2756,test
cpsc2018,test,A3810,valid
cpsc2018,test,A2093,train
cpsc2018,test,A5809,test
cpsc2018,test,A5820,train
cpsc2018,test,A2817,train
cpsc2018,test,A3039,train
cpsc2018,test,A3057,valid
cpsc2018,test,A4824,train
cpsc2018,test,A3246,train
cpsc2018,test,A4401,train
cpsc2018,test,A3310,train
cpsc2018,test,A3612,train
cpsc2018,test,A2923,train
cpsc2018,test,A6708,train
cpsc2018,test,A6750,train
cpsc2018,test,A3570,train
cpsc2018,test,A2267,train
cpsc2018,test,A1710,train
cpsc2018,test,A5848,train
cpsc2018,test,A3463,train
cpsc2018,test,A5658,train
cpsc2018,test,A5937,train
cpsc2018,test,A5697,train
cpsc2018,test,A3934,test
cpsc2018,test,A3726,train
cpsc2018,test,A2534,train
cpsc2018,test,A5596,train
cpsc2018,test,A2285,train
cpsc2018,test,A1166,train
cpsc2018,test,A3641,test
cpsc2018,test,A6070,train
cpsc2018,test,A6616,test
cpsc2018,test,A5507,train
cpsc2018,test,A3787,valid
cpsc2018,test,A4167,valid
cpsc2018,test,A0189,train
cpsc2018,test,A2199,train
cpsc2018,test,A1214,train
cpsc2018,test,A6060,train
cpsc2018,test,A1856,train
cpsc2018,test,A3223,test
cpsc2018,test,A6388,valid
cpsc2018,test,A4071,train
cpsc2018,test,A2242,train
cpsc2018,test,A0439,train
cpsc2018,test,A0875,train
cpsc2018,test,A6170,train
cpsc2018,test,A1870,train
cpsc2018,test,A0888,valid
cpsc2018,test,A6118,train
cpsc2018,test,A6605,train
cpsc2018,test,A2221,train
cpsc2018,test,A5840,train
cpsc2018,test,A3224,train
cpsc2018,test,A5780,valid
cpsc2018,test,A2070,train
cpsc2018,test,A3410,train
cpsc2018,test,A6027,train
cpsc2018,test,A4101,train
cpsc2018,test,A5941,train
cpsc2018,test,A4652,train
cpsc2018,test,A1722,train
cpsc2018,test,A3776,train
cpsc2018,test,A5356,train
cpsc2018,test,A1094,train
cpsc2018,test,A6467,train
cpsc2018,test,A1674,train
cpsc2018,test,A4032,train
cpsc2018,test,A0429,train
cpsc2018,test,A4722,train
cpsc2018,test,A4514,train
cpsc2018,test,A4920,train
cpsc2018,test,A3880,train
cpsc2018,test,A0843,train
cpsc2018,test,A5054,train
cpsc2018,test,A0929,train
cpsc2018,test,A3671,test
cpsc2018,test,A0873,test
cpsc2018,test,A5730,train
cpsc2018,test,A3294,train
cpsc2018,test,A2492,train
cpsc2018,test,A3245,train
cpsc2018,test,A5852,train
cpsc2018,test,A4372,train
cpsc2018,test,A2472,valid
cpsc2018,test,A2962,valid
cpsc2018,test,A5591,train
cpsc2018,test,A0126,train
cpsc2018,test,A4458,train
cpsc2018,test,A2523,train
cpsc2018,test,A1076,test
cpsc2018,test,A0844,test
cpsc2018,test,A4821,train
cpsc2018,test,A1648,valid
cpsc2018,test,A4882,train
cpsc2018,test,A1701,valid
cpsc2018,test,A2314,train
cpsc2018,test,A1885,train
cpsc2018,test,A0732,test
cpsc2018,test,A6016,train
cpsc2018,test,A5083,train
cpsc2018,test,A2187,train
cpsc2018,test,A2726,train
cpsc2018,test,A1007,train
cpsc2018,test,A1747,train
cpsc2018,test,A5010,train
cpsc2018,test,A2148,valid
cpsc2018,test,A4283,test
cpsc2018,test,A0430,valid
cpsc2018,test,A0343,valid
cpsc2018,test,A3429,train
cpsc2018,test,A6037,train
cpsc2018,test,A5332,train
cpsc2018,test,A1528,valid
cpsc2018,test,A3255,train
cpsc2018,test,A2427,valid
cpsc2018,test,A5677,train
cpsc2018,test,A2203,train
cpsc2018,test,A6683,train
cpsc2018,test,A3437,train
cpsc2018,test,A4233,train
cpsc2018,test,A4860,train
cpsc2018,test,A0063,train
cpsc2018,test,A1666,train
cpsc2018,test,A5566,test
cpsc2018,test,A3213,train
cpsc2018,test,A6521,train
cpsc2018,test,A3015,train
cpsc2018,test,A4631,train
cpsc2018,test,A2948,valid
cpsc2018,test,A6396,valid
cpsc2018,test,A5676,train
cpsc2018,test,A6135,train
cpsc2018,test,A4405,train
cpsc2018,test,A0519,valid
cpsc2018,test,A4456,train
cpsc2018,test,A5124,train
cpsc2018,test,A1298,train
cpsc2018,test,A5284,train
cpsc2018,test,A2791,train
cpsc2018,test,A4785,train
cpsc2018,test,A6275,train
cpsc2018,test,A4466,train
cpsc2018,test,A1411,train
cpsc2018,test,A3309,train
cpsc2018,test,A6255,train
cpsc2018,test,A2712,train
cpsc2018,test,A4106,train
cpsc2018,test,A1208,train
cpsc2018,test,A6798,train
cpsc2018,test,A5948,train
cpsc2018,test,A6526,train
cpsc2018,test,A0405,train
cpsc2018,test,A3898,train
cpsc2018,test,A2105,train
cpsc2018,test,A5969,train
cpsc2018,test,A4419,train
cpsc2018,test,A5572,train
cpsc2018,test,A2330,train
cpsc2018,test,A1042,valid
cpsc2018,test,A6306,train
cpsc2018,test,A1613,valid
cpsc2018,test,A4972,train
cpsc2018,test,A0037,train
cpsc2018,test,A1011,train
cpsc2018,test,A2535,train
cpsc2018,test,A5029,train
cpsc2018,test,A2057,train
cpsc2018,test,A2605,valid
cpsc2018,test,A5275,train
cpsc2018,test,A6195,train
cpsc2018,test,A3278,train
cpsc2018,test,A5174,valid
cpsc2018,test,A1656,train
cpsc2018,test,A3651,train
cpsc2018,test,A0272,train
cpsc2018,test,A6342,train
cpsc2018,test,A4618,test
cpsc2018,test,A3220,train
cpsc2018,test,A0716,train
cpsc2018,test,A2648,train
cpsc2018,test,A1022,train
cpsc2018,test,A4696,train
cpsc2018,test,A3563,train
cpsc2018,test,A6713,train
cpsc2018,test,A2357,train
cpsc2018,test,A2428,valid
cpsc2018,test,A2783,train
cpsc2018,test,A1848,train
