model,n_leads,lead_indices,lead_names,n_samples,binary_auroc,sens_at_95sp,f1_at_05,macro_f1,macro_sensitivity,measurable,auroc_nsr,f1_nsr,sensitivity_nsr,sens95_nsr,auroc_af,f1_af,sensitivity_af,sens95_af,auroc_ischemia,f1_ischemia,sensitivity_ischemia,sens95_ischemia,auroc_conduction,f1_conduction,sensitivity_conduction,sens95_conduction,auroc_ectopy,f1_ectopy,sensitivity_ectopy,sens95_ectopy,runtime_sec,seed,checkpoint_sha256,data_fingerprint,run_fingerprint,prediction_sha256
P1_a07,1,0,I,936,0.9027244415017533,0.6405797101449275,0.775,0.6683789679991132,0.6790553127646892,binary;multiclass,0.92123496850544,0.5947712418300654,0.7,0.5461538461538461,0.9659024103468548,0.8702702702702703,0.8944444444444445,0.9055555555555556,0.8845419172267421,0.6483180428134556,0.6424242424242425,0.5515151515151515,0.9477411500547126,0.8543417366946778,0.8047493403693932,0.7994722955145118,0.8650111384017822,0.3741935483870968,0.35365853658536583,0.3048780487804878,6.976011799999469,42,287148bfd01ac67b5192268c6c69cc4cc230c004bdfdf332285f38a3b43b08dd,c175815089a491399700d9c586c067665dd8b48251196512f77a0b7e2732d91c,34060e20ca6ca6de13d114a5b1b14cf4e1fd9ffccc3f7ec4453bb00d8b5646f1,82f5b2efffd35d6c62f971212f5f9b22ea96cc6bea0e3b6e4af8486f94a287e6
P1_a07,1,1,II,936,0.9112337232399028,0.6550724637681159,0.7867036011080333,0.6892795238273285,0.6995193410889402,binary;multiclass,0.931160526818095,0.6600660066006601,0.7692307692307693,0.6384615384615384,0.9657995296884185,0.8919667590027701,0.8944444444444445,0.9055555555555556,0.8897142632551194,0.6504559270516718,0.6484848484848484,0.5878787878787879,0.943818894094352,0.8464730290456431,0.8073878627968337,0.7941952506596306,0.8526732164277147,0.3974358974358974,0.3780487804878049,0.34146341463414637,6.779939199999717,42,287148bfd01ac67b5192268c6c69cc4cc230c004bdfdf332285f38a3b43b08dd,c175815089a491399700d9c586c067665dd8b48251196512f77a0b7e2732d91c,34060e20ca6ca6de13d114a5b1b14cf4e1fd9ffccc3f7ec4453bb00d8b5646f1,a3283c83ebeea113ea1dc0eb94e4078e6f049c1638919bdcb8a8f18de798d57d
P1_a07,1,2,III,936,0.8579121606709336,0.5710144927536231,0.7242921013412816,0.6182297514863323,0.6261555837673992,binary;multiclass,0.8734395877075778,0.5131578947368421,0.6,0.3230769230769231,0.9562830687830687,0.9106145251396648,0.9055555555555556,0.9055555555555556,0.8034822937546673,0.474025974025974,0.44242424242424244,0.3151515151515151,0.928740946362676,0.8390646492434664,0.8047493403693932,0.7255936675461742,0.8471754155480664,0.35428571428571426,0.3780487804878049,0.34146341463414637,6.792247800000041,42,287148bfd01ac67b5192268c6c69cc4cc230c004bdfdf332285f38a3b43b08dd,c175815089a491399700d9c586c067665dd8b48251196512f77a0b7e2732d91c,34060e20ca6ca6de13d114a5b1b14cf4e1fd9ffccc3f7ec4453bb00d8b5646f1,dc94a8f2f00706e7186cc5de163a17420b91aaef5642ac9a7254bfe23688c93a
P1_a07,1,3,aVR,936,0.9125186983496407,0.6608695652173913,0.7932489451476793,0.6973619718754063,0.7061249552658266,binary;multiclass,0.9326970795953426,0.6516129032258065,0.7769230769230769,0.5692307692307692,0.9665123456790123,0.88268156424581,0.8777777777777778,0.9111111111111111,0.8970797468851943,0.6792452830188679,0.6545454545454545,0.6181818181818182,0.9511802295561882,0.863013698630137,0.8311345646437994,0.8153034300791556,0.8628691380590621,0.41025641025641024,0.3902439024390244,0.4024390243902439,6.768877500000599,42,287148bfd01ac67b5192268c6c69cc4cc230c004bdfdf332285f38a3b43b08dd,c175815089a491399700d9c586c067665dd8b48251196512f77a0b7e2732d91c,34060e20ca6ca6de13d114a5b1b14cf4e1fd9ffccc3f7ec4453bb00d8b5646f1,eb2c9eb42ad09c856cf195a3c4613264f8a70cfc50f9dc055d9422f3e84251ff
P1_a07,1,4,aVL,936,0.8586968782952009,0.5623188405797102,0.7155963302752294,0.6269107372960321,0.6363069461589315,binary;multiclass,0.883088375644207,0.5306122448979592,0.7,0.35384615384615387,0.9382128159905938,0.8596491228070176,0.8166666666666667,0.85,0.8011476634044726,0.5064102564102564,0.47878787878787876,0.28484848484848485,0.9311615656812078,0.8354430379746836,0.783641160949868,0.7546174142480211,0.8598846175815388,0.4024390243902439,0.4024390243902439,0.3902439024390244,6.7432907999991585,42,287148bfd01ac67b5192268c6c69cc4cc230c004bdfdf332285f38a3b43b08dd,c175815089a491399700d9c586c067665dd8b48251196512f77a0b7e2732d91c,34060e20ca6ca6de13d114a5b1b14cf4e1fd9ffccc3f7ec4453bb00d8b5646f1,554e7edbd0d7adf8966bfb79f97c00c6d6cc9a8b7fa0f2efb6faac3bdb2c7717
P1_a07,1,5,aVF,936,0.8807131121410532,0.6231884057971014,0.762589928057554,0.6478369809758819,0.6565700183506992,binary;multiclass,0.9068715403702997,0.6006600660066007,0.7,0.46923076923076923,0.9546590241034685,0.895774647887324,0.8833333333333333,0.8833333333333333,0.8419132963880046,0.564935064935065,0.5272727272727272,0.46060606060606063,0.9251171229210385,0.8235294117647058,0.7941952506596306,0.6912928759894459,0.8453761352601816,0.35428571428571426,0.3780487804878049,0.2682926829268293,6.762851600000431,42,287148bfd01ac67b5192268c6c69cc4cc230c004bdfdf332285f38a3b43b08dd,c175815089a491399700d9c586c067665dd8b48251196512f77a0b7e2732d91c,34060e20ca6ca6de13d114a5b1b14cf4e1fd9ffccc3f7ec4453bb00d8b5646f1,5c22b74167dde1bb2b0540a2c9478075e92c5f997939cce7968db33d2c7d5ed9
P1_a07,1,6,V1,936,0.8603055494249491,0.5652173913043478,0.711864406779661,0.6258046238204228,0.6404440735202045,binary;multiclass,0.8934147738117961,0.5480225988700564,0.7461538461538462,0.3769230769230769,0.9557172251616695,0.8895027624309392,0.8944444444444445,0.9111111111111111,0.8245961561136659,0.46153846153846156,0.36363636363636365,0.3575757575757576,0.960597433480339,0.8719346049046321,0.8443271767810027,0.8153034300791556,0.8540298166447706,0.35802469135802467,0.35365853658536583,0.3170731707317073,6.765250000000378,42,287148bfd01ac67b5192268c6c69cc4cc230c004bdfdf332285f38a3b43b08dd,c175815089a491399700d9c586c067665dd8b48251196512f77a0b7e2732d91c,34060e20ca6ca6de13d114a5b1b14cf4e1fd9ffccc3f7ec4453bb00d8b5646f1,ac523f03ff1e73a4966a05bdf9a08178233ddb6b3ba2bbb369a7164331b98534
P1_a07,1,7,V2,936,0.8842688638760148,0.6057971014492753,0.7435897435897436,0.6705734832951558,0.6733227081389768,binary;multiclass,0.905888528345104,0.5821917808219178,0.6538461538461539,0.38461538461538464,0.9586860670194004,0.9008498583569405,0.8833333333333333,0.9055555555555556,0.853303462641984,0.591715976331361,0.6060606060606061,0.43636363636363634,0.9522413229560925,0.8807588075880759,0.8575197889182058,0.8258575197889182,0.869666419146627,0.3973509933774834,0.36585365853658536,0.36585365853658536,6.748063300001377,42,287148bfd01ac67b5192268c6c69cc4cc230c004bdfdf332285f38a3b43b08dd,c175815089a491399700d9c586c067665dd8b48251196512f77a0b7e2732d91c,34060e20ca6ca6de13d114a5b1b14cf4e1fd9ffccc3f7ec4453bb00d8b5646f1,2288fe0b832a6b1781bc8fe11ab641c81951d0ab7b82464332b00fdefbd78e2b
P1_a07,1,8,V3,936,0.8899776845925598,0.6028985507246377,0.7603305785123967,0.6682721255825086,0.6763937278301138,binary;multiclass,0.9165489597251383,0.5874587458745875,0.6846153846153846,0.5230769230769231,0.9635435038212815,0.9019607843137255,0.8944444444444445,0.9166666666666666,0.8693235860551035,0.5963855421686747,0.6,0.5272727272727272,0.9419856657650532,0.8555555555555555,0.8126649076517151,0.7994722955145118,0.8554006968641115,0.4,0.3902439024390244,0.34146341463414637,6.7623066999985895,42,287148bfd01ac67b5192268c6c69cc4cc230c004bdfdf332285f38a3b43b08dd,c175815089a491399700d9c586c067665dd8b48251196512f77a0b7e2732d91c,34060e20ca6ca6de13d114a5b1b14cf4e1fd9ffccc3f7ec4453bb00d8b5646f1,ae5f0fc2550e827353e896ec103782c4cb70e5759660c6dce98bbe49ef29775a
P1_a07,1,9,V4,936,0.9090708452880161,0.6463768115942029,0.7833333333333333,0.6583123631375368,0.669575961789103,binary;multiclass,0.9227047146401985,0.6233766233766234,0.7384615384615385,0.5384615384615384,0.9628674309229864,0.898876404494382,0.8888888888888888,0.9111111111111111,0.8970640254686948,0.6484848484848484,0.6484848484848484,0.5575757575757576,0.9373054859476182,0.8403361344537815,0.7915567282321899,0.7730870712401056,0.8454332552693209,0.2804878048780488,0.2804878048780488,0.24390243902439024,6.760186499999691,42,287148bfd01ac67b5192268c6c69cc4cc230c004bdfdf332285f38a3b43b08dd,c175815089a491399700d9c586c067665dd8b48251196512f77a0b7e2732d91c,34060e20ca6ca6de13d114a5b1b14cf4e1fd9ffccc3f7ec4453bb00d8b5646f1,47cff287f20ef50d996377fcaf9560fcca1cb867c41c6357a85f7de722554a3e
P1_a07,1,10,V5,936,0.9108806003089825,0.6492753623188405,0.7916083916083916,0.6572925353632414,0.6697871660913041,binary;multiclass,0.9230769230769231,0.6182965299684543,0.7538461538461538,0.5,0.9639770723104056,0.8857938718662952,0.8833333333333333,0.9055555555555556,0.9049325944267579,0.6565349544072948,0.6545454545454545,0.6,0.9354154133290384,0.8363636363636363,0.7889182058047494,0.7730870712401056,0.84334837493574,0.2894736842105263,0.2682926829268293,0.2804878048780488,6.8271082999999635,42,287148bfd01ac67b5192268c6c69cc4cc230c004bdfdf332285f38a3b43b08dd,c175815089a491399700d9c586c067665dd8b48251196512f77a0b7e2732d91c,34060e20ca6ca6de13d114a5b1b14cf4e1fd9ffccc3f7ec4453bb00d8b5646f1,643c7dd22cf7f53fcd7609f76b3e71ca58347bd664b6ad4fc2c235130ea818a8
P1_a07,1,11,V6,936,0.9076681625346379,0.663768115942029,0.7845934379457917,0.6469427547407142,0.657912276067241,binary;multiclass,0.919650696697843,0.581039755351682,0.7307692307692307,0.47692307692307695,0.9662698412698413,0.888268156424581,0.8833333333333333,0.9055555555555556,0.895656958691978,0.6501547987616099,0.6363636363636364,0.5757575757575758,0.9423125204284165,0.8476454293628809,0.8073878627968337,0.783641160949868,0.8443194150911064,0.2676056338028169,0.23170731707317074,0.2682926829268293,6.749133499999516,42,287148bfd01ac67b5192268c6c69cc4cc230c004bdfdf332285f38a3b43b08dd,c175815089a491399700d9c586c067665dd8b48251196512f77a0b7e2732d91c,34060e20ca6ca6de13d114a5b1b14cf4e1fd9ffccc3f7ec4453bb00d8b5646f1,1159589a86cf5a66c3f3d3e22ef91af01bab9e32768f6b92cf8361eaac89210e
P1_a07,2,0;1,I;II,936,0.9147159076975895,0.6956521739130435,0.7961165048543689,0.6890661877309945,0.6984236239838273,binary;multiclass,0.9292613094101928,0.6577181208053692,0.7538461538461538,0.5538461538461539,0.966549088771311,0.8791208791208791,0.8888888888888888,0.9,0.8999489053963762,0.6964285714285714,0.7090909090909091,0.6484848484848484,0.9517581464972075,0.8583218707015131,0.8232189973614775,0.8021108179419525,0.8731507397041184,0.35374149659863946,0.3170731707317073,0.3780487804878049,6.750379300001441,42,287148bfd01ac67b5192268c6c69cc4cc230c004bdfdf332285f38a3b43b08dd,c175815089a491399700d9c586c067665dd8b48251196512f77a0b7e2732d91c,34060e20ca6ca6de13d114a5b1b14cf4e1fd9ffccc3f7ec4453bb00d8b5646f1,a83d498c9fefa5727e84f93e67006873670615573bfb48d79a9b6e5b7005b8cb
P1_a07,2,0;2,I;III,936,0.9146178179945559,0.6956521739130435,0.7883817427385892,0.6859459113694315,0.6949575444755315,binary;multiclass,0.9287554876884901,0.6493506493506493,0.7692307692307693,0.5461538461538461,0.9681069958847738,0.8777777777777778,0.8777777777777778,0.9055555555555556,0.8997995519396297,0.6827794561933535,0.6848484848484848,0.6181818181818182,0.9504602018919674,0.8587105624142661,0.8258575197889182,0.8153034300791556,0.8754498200719713,0.3611111111111111,0.3170731707317073,0.35365853658536583,6.762012400000458,42,287148bfd01ac67b5192268c6c69cc4cc230c004bdfdf332285f38a3b43b08dd,c175815089a491399700d9c586c067665dd8b48251196512f77a0b7e2732d91c,34060e20ca6ca6de13d114a5b1b14cf4e1fd9ffccc3f7ec4453bb00d8b5646f1,bb17a76a12de72d0fbe0bfddc796d53d0e1a65bc0835976cbcfb4e3ca6003ba0
P1_a07,2,0;3,I;aVR,936,0.9128816302508644,0.6898550724637681,0.7893258426966292,0.7024198136046111,0.7094814966158038,binary;multiclass,0.9301202519564803,0.6447368421052632,0.7538461538461538,0.5615384615384615,0.9659171075837742,0.88268156424581,0.8777777777777778,0.9,0.9009472153441025,0.6953846153846154,0.6848484848484848,0.6363636363636364,0.9507538973865837,0.8579234972677595,0.8284960422163589,0.8100263852242744,0.8732649797223968,0.43137254901960786,0.4024390243902439,0.3902439024390244,6.7742378000002645,42,287148bfd01ac67b5192268c6c69cc4cc230c004bdfdf332285f38a3b43b08dd,c175815089a491399700d9c586c067665dd8b48251196512f77a0b7e2732d91c,34060e20ca6ca6de13d114a5b1b14cf4e1fd9ffccc3f7ec4453bb00d8b5646f1,72b3c3b627ed2a603a40f32c5abfa07f436dcd76de59646a87256c33c9a616ff
P1_a07,2,0;4,I;aVL,936,0.9133132249442115,0.6927536231884058,0.791023842917251,0.6975565397638339,0.7042918894749771,binary;multiclass,0.9294426417255202,0.6360655737704918,0.7461538461538462,0.5307692307692308,0.9661302175191064,0.8802228412256268,0.8777777777777778,0.9055555555555556,0.8978579570019259,0.6787878787878788,0.6787878787878788,0.6424242424242425,0.9494891119500907,0.8602739726027397,0.8284960422163589,0.8258575197889182,0.8760781401725024,0.43243243243243246,0.3902439024390244,0.4146341463414634,6.769553199999791,42,287148bfd01ac67b5192268c6c69cc4cc230c004bdfdf332285f38a3b43b08dd,c175815089a491399700d9c586c067665dd8b48251196512f77a0b7e2732d91c,34060e20ca6ca6de13d114a5b1b14cf4e1fd9ffccc3f7ec4453bb00d8b5646f1,443b6e34d95ea9d90a6f9ac23df14be5a34b7b4667b0cb01e66bd2841a356bdd
P1_a07,2,0;5,I;aVF,936,0.9137252016969518,0.6898550724637681,0.7894002789400278,0.6843979689296786,0.6930462245707757,binary;multiclass,0.9294712731437297,0.6472491909385113,0.7692307692307693,0.5461538461538461,0.9669753086419753,0.8777777777777778,0.8777777777777778,0.9,0.8988877097826514,0.6807228915662651,0.6848484848484848,0.6242424242424243,0.9512133887249352,0.8590971272229823,0.8284960422163589,0.8073878627968337,0.8741646198663392,0.35714285714285715,0.3048780487804878,0.3902439024390244,6.759502500000963,42,287148bfd01ac67b5192268c6c69cc4cc230c004bdfdf332285f38a3b43b08dd,c175815089a491399700d9c586c067665dd8b48251196512f77a0b7e2732d91c,34060e20ca6ca6de13d114a5b1b14cf4e1fd9ffccc3f7ec4453bb00d8b5646f1,ba20ffda6474811d15daa4312e43ac7b938d9873ee5aaca150b4d81c5de7aaa0
P1_a07,2,0;6,I;V1,936,0.9097525687240982,0.6666666666666666,0.7916083916083916,0.6868425337430458,0.6962176413228605,binary;multiclass,0.9248329833937774,0.6188925081433225,0.7307692307692307,0.5153846153846153,0.9647633744855968,0.8956043956043956,0.9055555555555556,0.9111111111111111,0.8957277050662263,0.6540880503144654,0.6303030303030303,0.5575757575757576,0.9628475199310289,0.8756906077348067,0.8364116094986808,0.8575197889182058,0.8620551779288285,0.389937106918239,0.3780487804878049,0.4024390243902439,6.755754499999966,42,287148bfd01ac67b5192268c6c69cc4cc230c004bdfdf332285f38a3b43b08dd,c175815089a491399700d9c586c067665dd8b48251196512f77a0b7e2732d91c,34060e20ca6ca6de13d114a5b1b14cf4e1fd9ffccc3f7ec4453bb00d8b5646f1,bf0e63cfb69c8092dcff3c4446db734534235ca1c0747808a42f5e087d4dc809
P1_a07,2,0;7,I;V2,936,0.9051570661369822,0.6376811594202898,0.7828571428571428,0.6854997345265706,0.6949107639184221,binary;multiclass,0.9270089711777056,0.6225165562913907,0.7230769230769231,0.5769230769230769,0.9637125220458554,0.8969359331476323,0.8944444444444445,0.9166666666666666,0.8859568447117085,0.6394984326018809,0.6181818181818182,0.6060606060606061,0.9605121670464181,0.8756906077348067,0.8364116094986808,0.8337730870712401,0.8660250185640029,0.39285714285714285,0.4024390243902439,0.4024390243902439,6.762012399998639,42,287148bfd01ac67b5192268c6c69cc4cc230c004bdfdf332285f38a3b43b08dd,c175815089a491399700d9c586c067665dd8b48251196512f77a0b7e2732d91c,34060e20ca6ca6de13d114a5b1b14cf4e1fd9ffccc3f7ec4453bb00d8b5646f1,18419ed3a99fb9192c09b3411ebef13fd112542037ba19425cbf9dec7d6b364b
P1_a07,2,0;8,I;V3,936,0.906191912503985,0.6463768115942029,0.7842031029619182,0.6753007822844601,0.6855244490227437,binary;multiclass,0.9308264936056501,0.6089743589743589,0.7307692307692307,0.5769230769230769,0.9653733098177543,0.8888888888888888,0.8888888888888888,0.9111111111111111,0.8938568565027709,0.658307210031348,0.6363636363636364,0.5818181818181818,0.9504554648678607,0.8623087621696801,0.8179419525065963,0.8100263852242744,0.8571428571428571,0.35802469135802467,0.35365853658536583,0.32926829268292684,6.768263600000864,42,287148bfd01ac67b5192268c6c69cc4cc230c004bdfdf332285f38a3b43b08dd,c175815089a491399700d9c586c067665dd8b48251196512f77a0b7e2732d91c,34060e20ca6ca6de13d114a5b1b14cf4e1fd9ffccc3f7ec4453bb00d8b5646f1,533cb3e1119cc61b469d88ec76d5be72875294e4580455daa8fdef13340addea
P1_a07,2,0;9,I;V4,936,0.9132788935481498,0.672463768115942,0.7960893854748603,0.6823383752803759,0.692058923550654,binary;multiclass,0.9270948654323344,0.6245847176079734,0.7230769230769231,0.5538461538461539,0.9629482657260435,0.8833333333333333,0.8833333333333333,0.9111111111111111,0.9055142868372441,0.6851851851851852,0.6727272727272727,0.593939393939394,0.9463200428226979,0.8571428571428571,0.8153034300791556,0.8073878627968337,0.843990975038556,0.3614457831325301,0.36585365853658536,0.3048780487804878,6.754798300000402,42,287148bfd01ac67b5192268c6c69cc4cc230c004bdfdf332285f38a3b43b08dd,c175815089a491399700d9c586c067665dd8b48251196512f77a0b7e2732d91c,34060e20ca6ca6de13d114a5b1b14cf4e1fd9ffccc3f7ec4453bb00d8b5646f1,85f7641ce1d8411651725bf95f51a857b8628af6dc12b3fc1ac30487fa92baaa
P1_a07,2,0;10,I;V5,936,0.9131072365678414,0.6579710144927536,0.7966573816155988,0.675942673998257,0.6866494385408086,binary;multiclass,0.9227619774766177,0.6168831168831169,0.7307692307692307,0.49230769230769234,0.9638815402704292,0.8839779005524862,0.8888888888888888,0.9166666666666666,0.9060016507487325,0.6807228915662651,0.6848484848484848,0.6242424242424243,0.9453584269290346,0.8451882845188284,0.7994722955145118,0.7889182058047494,0.8443622550979608,0.35294117647058826,0.32926829268292684,0.3170731707317073,6.763534799998524,42,287148bfd01ac67b5192268c6c69cc4cc230c004bdfdf332285f38a3b43b08dd,c175815089a491399700d9c586c067665dd8b48251196512f77a0b7e2732d91c,34060e20ca6ca6de13d114a5b1b14cf4e1fd9ffccc3f7ec4453bb00d8b5646f1,c4c8a318d914bbb8f75c695291352b76cbff323fcb38de8a046f9fdb6c38710b
P1_a07,2,0;11,I;V6,936,0.9109443586159542,0.6492753623188405,0.7932489451476793,0.6688601400148448,0.6786775125754467,binary;multiclass,0.9239740408474899,0.5919003115264797,0.7307692307692307,0.4846153846153846,0.9659318048206937,0.8888888888888888,0.8888888888888888,0.9111111111111111,0.8954211374444838,0.6605504587155964,0.6545454545454545,0.6181818181818182,0.9473906102708157,0.8467966573816156,0.8021108179419525,0.7889182058047494,0.8487176557948249,0.3561643835616438,0.3170731707317073,0.32926829268292684,6.761804399999164,42,287148bfd01ac67b5192268c6c69cc4cc230c004bdfdf332285f38a3b43b08dd,c175815089a491399700d9c586c067665dd8b48251196512f77a0b7e2732d91c,34060e20ca6ca6de13d114a5b1b14cf4e1fd9ffccc3f7ec4453bb00d8b5646f1,27d99331dbf0bb622072c0dcba55d707a11ed0fdc2296b176bd2540598405a66
P1_a07,2,1;2,II;III,936,0.9155692881139802,0.6782608695652174,0.7994467496542186,0.6919889974509594,0.7010861124774503,binary;multiclass,0.9311032639816759,0.6535947712418301,0.7692307692307693,0.6076923076923076,0.9663947677836566,0.8919667590027701,0.8944444444444445,0.9,0.9016704005030853,0.6888217522658611,0.6909090909090909,0.6363636363636364,0.9531887277774357,0.8669410150891632,0.8337730870712401,0.8100263852242744,0.8737933398069344,0.3586206896551724,0.3170731707317073,0.36585365853658536,6.761790400001701,42,287148bfd01ac67b5192268c6c69cc4cc230c004bdfdf332285f38a3b43b08dd,c175815089a491399700d9c586c067665dd8b48251196512f77a0b7e2732d91c,34060e20ca6ca6de13d114a5b1b14cf4e1fd9ffccc3f7ec4453bb00d8b5646f1,5d9d5a0b643de618a36152a15f35cb3608c2f2141338dbd6ffc1aa75d569a484
P1_a07,2,1;3,II;aVR,936,0.9133622697957282,0.6666666666666666,0.7845303867403315,0.6872211262576864,0.6944347818129915,binary;multiclass,0.9312082458484443,0.6445182724252492,0.7461538461538462,0.6,0.9648295120517343,0.8833333333333333,0.8833333333333333,0.9,0.9007506976378572,0.676829268292683,0.6727272727272727,0.6606060606060606,0.9515355063641917,0.8555858310626703,0.8284960422163589,0.8047493403693932,0.8720226195236191,0.37583892617449666,0.34146341463414637,0.32926829268292684,6.768007300001045,42,287148bfd01ac67b5192268c6c69cc4cc230c004bdfdf332285f38a3b43b08dd,c175815089a491399700d9c586c067665dd8b48251196512f77a0b7e2732d91c,34060e20ca6ca6de13d114a5b1b14cf4e1fd9ffccc3f7ec4453bb00d8b5646f1,926c4cfc258a5e9683a6529db2b44cd7b4f2e45b793abd6f626fe3e62fc2040e
P1_a07,2,1;4,II;aVL,936,0.9151720248166949,0.6869565217391305,0.7910863509749304,0.685959011328247,0.6946305481063187,binary;multiclass,0.9305020041992748,0.6363636363636364,0.7538461538461538,0.5846153846153846,0.9657113462669018,0.8864265927977839,0.8888888888888888,0.9,0.9016153755453366,0.6869300911854104,0.6848484848484848,0.6484848484848484,0.9523786966551873,0.8614540466392319,0.8284960422163589,0.7968337730870713,0.8757354201176673,0.3586206896551724,0.3170731707317073,0.34146341463414637,6.784534899999926,42,287148bfd01ac67b5192268c6c69cc4cc230c004bdfdf332285f38a3b43b08dd,c175815089a491399700d9c586c067665dd8b48251196512f77a0b7e2732d91c,34060e20ca6ca6de13d114a5b1b14cf4e1fd9ffccc3f7ec4453bb00d8b5646f1,600aaa4b51004ab7eabeddf6b6ed1d082299d2fed184b4f849ea786ff6bc81c5
P1_a07,2,1;5,II;aVF,936,0.9146864807866794,0.6695652173913044,0.7889655172413793,0.6848453894005488,0.6930382505496734,binary;multiclass,0.9298339377743845,0.6357615894039735,0.7384615384615385,0.6307692307692307,0.9662771898883009,0.8808864265927978,0.8833333333333333,0.9,0.8990134811146484,0.6867469879518072,0.6909090909090909,0.6303030303030303,0.9530939872953013,0.8559670781893004,0.8232189973614775,0.8047493403693932,0.8664391386302622,0.36486486486486486,0.32926829268292684,0.32926829268292684,6.768916099999842,42,287148bfd01ac67b5192268c6c69cc4cc230c004bdfdf332285f38a3b43b08dd,c175815089a491399700d9c586c067665dd8b48251196512f77a0b7e2732d91c,34060e20ca6ca6de13d114a5b1b14cf4e1fd9ffccc3f7ec4453bb00d8b5646f1,aa26353698c23b48fd52eb0fa5e87500d5dbe814addd86964490876eee6def8a
P1_a07,2,1;6,II;V1,936,0.9103558203977538,0.6463768115942029,0.7806896551724138,0.6904765641260562,0.7001439734086622,binary;multiclass,0.9316758923458675,0.6600660066006601,0.7692307692307693,0.6307692307692307,0.96603468547913,0.8975069252077562,0.9,0.9,0.8971897968006917,0.6646706586826348,0.6727272727272727,0.6,0.9611090320838643,0.8787878787878788,0.841688654353562,0.8496042216358839,0.866667618666819,0.35135135135135137,0.3170731707317073,0.3902439024390244,6.7641940000012255,42,287148bfd01ac67b5192268c6c69cc4cc230c004bdfdf332285f38a3b43b08dd,c175815089a491399700d9c586c067665dd8b48251196512f77a0b7e2732d91c,34060e20ca6ca6de13d114a5b1b14cf4e1fd9ffccc3f7ec4453bb00d8b5646f1,aaa6f1d248d14836587c09cd14ba81f53da6b6a6acb1b776ed4cb11556fa7605
P1_a07,2,1;7,II;V2,936,0.910978690012016,0.6840579710144927,0.7949438202247191,0.6969439831135757,0.7061728433953158,binary;multiclass,0.9316377171215879,0.6644951140065146,0.7846153846153846,0.6384615384615384,0.96685038212816,0.8950276243093923,0.9,0.9055555555555556,0.8961600440199662,0.6848484848484848,0.6848484848484848,0.5515151515151515,0.9549935339620944,0.8767123287671232,0.8443271767810027,0.8232189973614775,0.8671674187467869,0.36363636363636365,0.3170731707317073,0.3780487804878049,6.798656099999789,42,287148bfd01ac67b5192268c6c69cc4cc230c004bdfdf332285f38a3b43b08dd,c175815089a491399700d9c586c067665dd8b48251196512f77a0b7e2732d91c,34060e20ca6ca6de13d114a5b1b14cf4e1fd9ffccc3f7ec4453bb00d8b5646f1,cd40271d24eff3193949828c2d147f47bfa9f2ad2f62677d90cd63ee61b09caa
P1_a07,2,1;8,II;V3,936,0.9098947987934968,0.6869565217391305,0.7927170868347339,0.684910418379806,0.6922282016129754,binary;multiclass,0.9291467837373544,0.6326530612244898,0.7153846153846154,0.6153846153846154,0.9652630805408583,0.8944444444444445,0.8944444444444445,0.9055555555555556,0.9024328892033172,0.6647230320699709,0.6909090909090909,0.5575757575757576,0.9510239077606666,0.8653846153846154,0.8311345646437994,0.8232189973614775,0.8603272976523676,0.3673469387755102,0.32926829268292684,0.3170731707317073,6.77893690000019,42,287148bfd01ac67b5192268c6c69cc4cc230c004bdfdf332285f38a3b43b08dd,c175815089a491399700d9c586c067665dd8b48251196512f77a0b7e2732d91c,34060e20ca6ca6de13d114a5b1b14cf4e1fd9ffccc3f7ec4453bb00d8b5646f1,28dd3854e5e88c99e859ef7b1591a7e7c8d0cbdada80d1b97f6c7b4c35f9eb41
P1_a07,2,1;9,II;V4,936,0.9123470413693322,0.6840579710144927,0.7850208044382802,0.6614644101621133,0.6693817110948201,binary;multiclass,0.9272857415537316,0.6220735785953178,0.7153846153846154,0.5615384615384615,0.9630291005291006,0.8913649025069638,0.8888888888888888,0.9055555555555556,0.9049404551350078,0.6465256797583081,0.6484848484848484,0.5757575757575758,0.9474237694395626,0.8540245566166439,0.8258575197889182,0.8073878627968337,0.8517735762837723,0.29333333333333333,0.2682926829268293,0.3170731707317073,6.782014200000049,42,287148bfd01ac67b5192268c6c69cc4cc230c004bdfdf332285f38a3b43b08dd,c175815089a491399700d9c586c067665dd8b48251196512f77a0b7e2732d91c,34060e20ca6ca6de13d114a5b1b14cf4e1fd9ffccc3f7ec4453bb00d8b5646f1,fb81404ea091990d96ca13c4357d0862d9cf7bbcfd835ad1aae9f9a86e00ab00
P1_a07,2,1;10,II;V5,936,0.9133622697957282,0.6927536231884058,0.7815126050420168,0.6780629841243497,0.6858492292471313,binary;multiclass,0.9291658713494942,0.6357615894039735,0.7384615384615385,0.6,0.9641534391534391,0.8938547486033519,0.8888888888888888,0.9055555555555556,0.9058837401249853,0.6646341463414634,0.6606060606060606,0.6121212121212121,0.9470542815592389,0.8649386084583902,0.8364116094986808,0.7941952506596306,0.8631118980979037,0.33112582781456956,0.3048780487804878,0.34146341463414637,6.777572799999689,42,287148bfd01ac67b5192268c6c69cc4cc230c004bdfdf332285f38a3b43b08dd,c175815089a491399700d9c586c067665dd8b48251196512f77a0b7e2732d91c,34060e20ca6ca6de13d114a5b1b14cf4e1fd9ffccc3f7ec4453bb00d8b5646f1,9e4ceab7940aeb2c506fd5cc8fd35d2994aa61d4ea4d7dc35f34fb27f5c1a17d
P1_a07,2,1;11,II;V6,936,0.9145736776281911,0.6666666666666666,0.78125,0.6655311107425509,0.6752331829885083,binary;multiclass,0.9290704332887956,0.620253164556962,0.7538461538461538,0.5769230769230769,0.9663874191651971,0.9019607843137255,0.8944444444444445,0.9055555555555556,0.9025114962858154,0.6501547987616099,0.6363636363636364,0.6121212121212121,0.946301094726271,0.8559670781893004,0.8232189973614775,0.7994722955145118,0.8679099788655966,0.29931972789115646,0.2682926829268293,0.36585365853658536,6.779395399998975,42,287148bfd01ac67b5192268c6c69cc4cc230c004bdfdf332285f38a3b43b08dd,c175815089a491399700d9c586c067665dd8b48251196512f77a0b7e2732d91c,34060e20ca6ca6de13d114a5b1b14cf4e1fd9ffccc3f7ec4453bb00d8b5646f1,6edbf3ee0f8e65e6838502789eb0ffe6e22316d4bee3dd88325fdc82d8e1dbb8
P1_a07,2,2;3,III;aVR,936,0.9146129135094044,0.6956521739130435,0.7994389901823282,0.6864162572991801,0.695113600673804,binary;multiclass,0.9312655086848636,0.6534653465346535,0.7615384615384615,0.5615384615384615,0.9653292181069959,0.8839779005524862,0.8888888888888888,0.9,0.9009236332193531,0.6848484848484848,0.6848484848484848,0.6424242424242425,0.951331814327603,0.853625170998632,0.8232189973614775,0.8073878627968337,0.875035700005712,0.3561643835616438,0.3170731707317073,0.35365853658536583,6.781910399999106,42,287148bfd01ac67b5192268c6c69cc4cc230c004bdfdf332285f38a3b43b08dd,c175815089a491399700d9c586c067665dd8b48251196512f77a0b7e2732d91c,34060e20ca6ca6de13d114a5b1b14cf4e1fd9ffccc3f7ec4453bb00d8b5646f1,2df8dc706ef7c0639cc7d371b7e7cbf487abfa5ebcc65ad130cb919cfd1604f8
P1_a07,2,2;4,III;aVL,936,0.9081389931091983,0.6753623188405797,0.7860262008733624,0.6841464794441762,0.6938165049085957,binary;multiclass,0.9253006298912007,0.637223974763407,0.7769230769230769,0.5769230769230769,0.9665417401528513,0.8913649025069638,0.8888888888888888,0.9,0.8892504814683804,0.6163934426229508,0.5696969696969697,0.5878787878787879,0.9459363438700539,0.860655737704918,0.8311345646437994,0.8021108179419525,0.8834180613468898,0.41509433962264153,0.4024390243902439,0.3902439024390244,6.801644400000441,42,287148bfd01ac67b5192268c6c69cc4cc230c004bdfdf332285f38a3b43b08dd,c175815089a491399700d9c586c067665dd8b48251196512f77a0b7e2732d91c,34060e20ca6ca6de13d114a5b1b14cf4e1fd9ffccc3f7ec4453bb00d8b5646f1,c64de87db74215c7537be14e4e29840775a4fc0e963ad87f60cefe9b9191205e
P1_a07,2,2;5,III;aVF,936,0.9070011525540106,0.6608695652173913,0.7833572453371592,0.6864835861003481,0.6958989689976239,binary;multiclass,0.9286027867913724,0.6325878594249201,0.7615384615384615,0.5769230769230769,0.9661816578483245,0.9,0.9,0.9055555555555556,0.8868136619109381,0.6426229508196721,0.593939393939394,0.6060606060606061,0.9529566135962068,0.8645690834473324,0.8337730870712401,0.8047493403693932,0.8753213000514081,0.39263803680981596,0.3902439024390244,0.4024390243902439,6.788366799999494,42,287148bfd01ac67b5192268c6c69cc4cc230c004bdfdf332285f38a3b43b08dd,c175815089a491399700d9c586c067665dd8b48251196512f77a0b7e2732d91c,34060e20ca6ca6de13d114a5b1b14cf4e1fd9ffccc3f7ec4453bb00d8b5646f1,28229e6b03c0cc70d628ae8c7beed1e99b91e49af6b6e52d7ca9fcc177b2b482
P1_a07,2,2;6,III;V1,936,0.880100051497094,0.5971014492753624,0.7394468704512372,0.6565120820284122,0.6668825817767191,binary;multiclass,0.8973754533307883,0.563953488372093,0.7461538461538462,0.34615384615384615,0.9603542034097589,0.8925619834710744,0.9,0.9111111111111111,0.8383288134260897,0.5296167247386759,0.46060606060606063,0.4,0.9622861825743831,0.8858321870701513,0.8496042216358839,0.862796833773087,0.8739504198320672,0.4105960264900662,0.3780487804878049,0.4146341463414634,6.777776799999629,42,287148bfd01ac67b5192268c6c69cc4cc230c004bdfdf332285f38a3b43b08dd,c175815089a491399700d9c586c067665dd8b48251196512f77a0b7e2732d91c,34060e20ca6ca6de13d114a5b1b14cf4e1fd9ffccc3f7ec4453bb00d8b5646f1,77d8ecf8f88c8167b00a4a427f0db3c8fe734ba64a91825d4ed8e0c400678b4a
P1_a07,2,2;7,III;V2,936,0.8954854214178867,0.6231884057971014,0.7598870056497176,0.6690973584566786,0.6720797109091079,binary;multiclass,0.9101736972704715,0.5886524822695035,0.6384615384615384,0.3923076923076923,0.9623750734861847,0.9080779944289693,0.9055555555555556,0.9111111111111111,0.8685689580631214,0.608433734939759,0.6121212121212121,0.509090909090909,0.9539134924657632,0.8790322580645161,0.862796833773087,0.8311345646437994,0.8593848175015708,0.36129032258064514,0.34146341463414637,0.32926829268292684,6.765337900000304,42,287148bfd01ac67b5192268c6c69cc4cc230c004bdfdf332285f38a3b43b08dd,c175815089a491399700d9c586c067665dd8b48251196512f77a0b7e2732d91c,34060e20ca6ca6de13d114a5b1b14cf4e1fd9ffccc3f7ec4453bb00d8b5646f1,b87a85d4846fa74e3ee14968cfb834a99e9b9b0af665e2c6c129c3abb25d8ac1
P1_a07,2,2;8,III;V3,936,0.895809117437897,0.6405797101449275,0.7510431154381085,0.6644385278603872,0.6702770696064987,binary;multiclass,0.9170070624164917,0.5979381443298969,0.6692307692307692,0.45384615384615384,0.9644106407995297,0.8950276243093923,0.9,0.9111111111111111,0.8750540423692174,0.591044776119403,0.6,0.49696969696969695,0.9500338697223629,0.8590971272229823,0.8284960422163589,0.8047493403693932,0.869452219112355,0.3790849673202614,0.35365853658536583,0.4024390243902439,6.770817699998588,42,287148bfd01ac67b5192268c6c69cc4cc230c004bdfdf332285f38a3b43b08dd,c175815089a491399700d9c586c067665dd8b48251196512f77a0b7e2732d91c,34060e20ca6ca6de13d114a5b1b14cf4e1fd9ffccc3f7ec4453bb00d8b5646f1,a4c88be8932136de7b581fbdb02e8ef12fe86dc01f5d870b8e4f93bafeb27478
P1_a07,2,2;9,III;V4,936,0.9090119914661958,0.6782608695652174,0.7666666666666667,0.6651065362070514,0.6731329047353245,binary;multiclass,0.922265699560985,0.6118421052631579,0.7153846153846154,0.5153846153846153,0.9616622574955908,0.8994413407821229,0.8944444444444445,0.9111111111111111,0.8955940730259797,0.6276923076923077,0.6181818181818182,0.5151515151515151,0.9472390254994009,0.8532235939643347,0.820580474934037,0.8047493403693932,0.861012737762038,0.3333333333333333,0.3170731707317073,0.3170731707317073,6.768278800000189,42,287148bfd01ac67b5192268c6c69cc4cc230c004bdfdf332285f38a3b43b08dd,c175815089a491399700d9c586c067665dd8b48251196512f77a0b7e2732d91c,34060e20ca6ca6de13d114a5b1b14cf4e1fd9ffccc3f7ec4453bb00d8b5646f1,c1aafe24c67099df74ff0805177aa801c89156f25f5c892c39f2a7b4c296adac
P1_a07,2,2;10,III;V5,936,0.9116162730817332,0.672463768115942,0.7746478873239436,0.6676922618179225,0.6762661859952548,binary;multiclass,0.9244130559267036,0.617363344051447,0.7384615384615385,0.5230769230769231,0.9641460905349795,0.898876404494382,0.8888888888888888,0.9166666666666666,0.9024564713280665,0.6417445482866043,0.6242424242424243,0.5636363636363636,0.9461874061477099,0.8449931412894376,0.8126649076517151,0.7862796833773087,0.8670103387216541,0.33548387096774196,0.3170731707317073,0.3048780487804878,6.775835300000836,42,287148bfd01ac67b5192268c6c69cc4cc230c004bdfdf332285f38a3b43b08dd,c175815089a491399700d9c586c067665dd8b48251196512f77a0b7e2732d91c,34060e20ca6ca6de13d114a5b1b14cf4e1fd9ffccc3f7ec4453bb00d8b5646f1,9177fd7da3e596dffe306dac17fe11d5298e0ecc3cc91875655b5de7cd254723
P1_a07,2,2;11,III;V6,936,0.9073248485740211,0.6347826086956522,0.7788873038516405,0.6613805372524062,0.6717689696021635,binary;multiclass,0.9247757205573583,0.6226415094339622,0.7615384615384615,0.5230769230769231,0.9646972369194592,0.8907563025210085,0.8833333333333333,0.8944444444444445,0.8950831269897419,0.6335403726708074,0.6181818181818182,0.5878787878787879,0.9472911327645747,0.8512396694214877,0.8153034300791556,0.7862796833773087,0.8676100988176157,0.3087248322147651,0.2804878048780488,0.34146341463414637,6.773764399998981,42,287148bfd01ac67b5192268c6c69cc4cc230c004bdfdf332285f38a3b43b08dd,c175815089a491399700d9c586c067665dd8b48251196512f77a0b7e2732d91c,34060e20ca6ca6de13d114a5b1b14cf4e1fd9ffccc3f7ec4453bb00d8b5646f1,c58983a6599e5894eefc120f2319416856fab82ae5756b8656ccda80ee5745ee
P1_a07,2,3;4,aVR;aVL,936,0.9136908703008902,0.6956521739130435,0.7972027972027972,0.6904913850131854,0.6986382540098994,binary;multiclass,0.9290322580645163,0.6514657980456026,0.7692307692307693,0.5692307692307692,0.9656378600823046,0.88268156424581,0.8777777777777778,0.9,0.9001847266438706,0.6790123456790124,0.6666666666666666,0.6363636363636364,0.9504886240366077,0.855191256830601,0.8258575197889182,0.8153034300791556,0.8770634603301537,0.3841059602649007,0.35365853658536583,0.35365853658536583,6.763496600000508,42,287148bfd01ac67b5192268c6c69cc4cc230c004bdfdf332285f38a3b43b08dd,c175815089a491399700d9c586c067665dd8b48251196512f77a0b7e2732d91c,34060e20ca6ca6de13d114a5b1b14cf4e1fd9ffccc3f7ec4453bb00d8b5646f1,c071b44e5c8fc764363a6052759438ffe8374f3311a8bc299e5c0e521d768bfb
P1_a07,2,3;5,aVR;aVF,936,0.9148041884303195,0.6753623188405797,0.7955493741307371,0.6971515131682292,0.7046425018874982,binary;multiclass,0.9307310555449513,0.6534653465346535,0.7615384615384615,0.6076923076923076,0.9651528512639623,0.8808864265927978,0.8833333333333333,0.9,0.9001061195613725,0.7037037037037037,0.6909090909090909,0.6484848484848484,0.9517297243525674,0.8610354223433242,0.8337730870712401,0.7941952506596306,0.874036099845776,0.38666666666666666,0.35365853658536583,0.3780487804878049,6.776227799999106,42,287148bfd01ac67b5192268c6c69cc4cc230c004bdfdf332285f38a3b43b08dd,c175815089a491399700d9c586c067665dd8b48251196512f77a0b7e2732d91c,34060e20ca6ca6de13d114a5b1b14cf4e1fd9ffccc3f7ec4453bb00d8b5646f1,905aa00f6637e17bb7d2ad658f32599819d5238b4429244d7b6256727dc2eb72
P1_a07,2,3;6,aVR;V1,936,0.9172171951249417,0.6811594202898551,0.7949438202247191,0.6955775378993139,0.7033176643093626,binary;multiclass,0.9331647260927659,0.6402640264026402,0.7461538461538462,0.5692307692307692,0.9675411522633746,0.8821917808219178,0.8944444444444445,0.9055555555555556,0.9057422473764886,0.6851851851851852,0.6727272727272727,0.6363636363636364,0.9610142916017299,0.8809849521203831,0.8496042216358839,0.8390501319261213,0.8678242988518878,0.38926174496644295,0.35365853658536583,0.4024390243902439,6.819383000000016,42,287148bfd01ac67b5192268c6c69cc4cc230c004bdfdf332285f38a3b43b08dd,c175815089a491399700d9c586c067665dd8b48251196512f77a0b7e2732d91c,34060e20ca6ca6de13d114a5b1b14cf4e1fd9ffccc3f7ec4453bb00d8b5646f1,b646c6cf43763c29b39f27e204b5b3c17d7cb2291d0080c13f4ab392d9dd4908
P1_a07,2,3;7,aVR;V2,936,0.9169817798376616,0.6927536231884058,0.7988587731811697,0.6950927985922737,0.7038866389918581,binary;multiclass,0.9330692880320671,0.6387096774193548,0.7615384615384615,0.6153846153846154,0.9673794826572605,0.8938547486033519,0.8888888888888888,0.9111111111111111,0.9049404551350075,0.677115987460815,0.6545454545454545,0.6181818181818182,0.9581104958243132,0.8708791208791209,0.8364116094986808,0.820580474934037,0.8661249785799965,0.39490445859872614,0.3780487804878049,0.3902439024390244,6.801713799999561,42,287148bfd01ac67b5192268c6c69cc4cc230c004bdfdf332285f38a3b43b08dd,c175815089a491399700d9c586c067665dd8b48251196512f77a0b7e2732d91c,34060e20ca6ca6de13d114a5b1b14cf4e1fd9ffccc3f7ec4453bb00d8b5646f1,9c88ec2800154724ce8fce24941814b1fc5637d052c31375aea2a0437070c5a3
P1_a07,2,3;8,aVR;V3,936,0.9139655214693838,0.6666666666666666,0.7888888888888889,0.6878374912353397,0.6960049794254054,binary;multiclass,0.9321721702615003,0.6295081967213115,0.7384615384615385,0.6153846153846154,0.9649911816578484,0.8857938718662952,0.8833333333333333,0.9111111111111111,0.9091302126321581,0.7015384615384616,0.6909090909090909,0.6242424242424243,0.9521134233052112,0.8587105624142661,0.8258575197889182,0.8153034300791556,0.8586850973896156,0.36363636363636365,0.34146341463414637,0.32926829268292684,6.766613899999356,42,287148bfd01ac67b5192268c6c69cc4cc230c004bdfdf332285f38a3b43b08dd,c175815089a491399700d9c586c067665dd8b48251196512f77a0b7e2732d91c,34060e20ca6ca6de13d114a5b1b14cf4e1fd9ffccc3f7ec4453bb00d8b5646f1,431c645f8a884e03edfb63f04ba5bfcfccc8bd3cfc4d20b178fc38a57300fa39
P1_a07,2,3;9,aVR;V4,936,0.9177763064322323,0.6898550724637681,0.7899860917941586,0.6730723044231814,0.6822471238495436,binary;multiclass,0.9296621492651269,0.6163934426229508,0.7230769230769231,0.5769230769230769,0.9636316872427986,0.88268156424581,0.8777777777777778,0.9111111111111111,0.9115827536061,0.6747720364741642,0.6727272727272727,0.6,0.9503465133134064,0.8603042876901799,0.820580474934037,0.7994722955145118,0.8433340949334551,0.33121019108280253,0.3170731707317073,0.2682926829268293,6.763751000000411,42,287148bfd01ac67b5192268c6c69cc4cc230c004bdfdf332285f38a3b43b08dd,c175815089a491399700d9c586c067665dd8b48251196512f77a0b7e2732d91c,34060e20ca6ca6de13d114a5b1b14cf4e1fd9ffccc3f7ec4453bb00d8b5646f1,6330bf6446ea1b629a9d8682b86754f6d7e77bccc43e5109408486039964de7b
P1_a07,2,3;10,aVR;V5,936,0.9168640721940216,0.663768115942029,0.7920792079207921,0.6684557505414777,0.678177811920009,binary;multiclass,0.929375835083031,0.6188925081433225,0.7307692307692307,0.5384615384615384,0.9652704291593182,0.8864265927977839,0.8888888888888888,0.9166666666666666,0.9081869276421806,0.6606060606060606,0.6606060606060606,0.593939393939394,0.9484043334296529,0.856353591160221,0.8179419525065963,0.7994722955145118,0.8503170160507225,0.32,0.2926829268292683,0.32926829268292684,6.763281000001371,42,287148bfd01ac67b5192268c6c69cc4cc230c004bdfdf332285f38a3b43b08dd,c175815089a491399700d9c586c067665dd8b48251196512f77a0b7e2732d91c,34060e20ca6ca6de13d114a5b1b14cf4e1fd9ffccc3f7ec4453bb00d8b5646f1,dfe174bbf1429dfc0d060c245af47d36188dec84608e0c338577b2d1278bc53c
P1_a07,2,3;11,aVR;V6,936,0.9154025356188236,0.6608695652173913,0.7891737891737892,0.6760419399168291,0.6847075921411464,binary;multiclass,0.9298625691925939,0.617363344051447,0.7384615384615385,0.5461538461538461,0.9674309229864785,0.8919667590027701,0.8944444444444445,0.9111111111111111,0.8996659198993829,0.664576802507837,0.6424242424242425,0.6,0.9501949285419914,0.8641975308641975,0.8311345646437994,0.8153034300791556,0.8569286571085852,0.34210526315789475,0.3170731707317073,0.2926829268292683,6.759476600000198,42,287148bfd01ac67b5192268c6c69cc4cc230c004bdfdf332285f38a3b43b08dd,c175815089a491399700d9c586c067665dd8b48251196512f77a0b7e2732d91c,34060e20ca6ca6de13d114a5b1b14cf4e1fd9ffccc3f7ec4453bb00d8b5646f1,8dae3adcdde99e47c169e534fb094aaeea1a71b0d9c7ade07501e501ba6f9800
P1_a07,2,4;5,aVL;aVF,936,0.9121067215969005,0.6898550724637681,0.7829787234042553,0.6830200177901902,0.6924221457872272,binary;multiclass,0.9301202519564802,0.6242038216560509,0.7538461538461538,0.6,0.9674823633156966,0.8839779005524862,0.8888888888888888,0.9055555555555556,0.8964115866839601,0.6603174603174603,0.6303030303030303,0.593939393939394,0.9519381534132628,0.859504132231405,0.8232189973614775,0.8047493403693932,0.8765351002456161,0.3870967741935484,0.36585365853658536,0.36585365853658536,6.758015299999897,42,287148bfd01ac67b5192268c6c69cc4cc230c004bdfdf332285f38a3b43b08dd,c175815089a491399700d9c586c067665dd8b48251196512f77a0b7e2732d91c,34060e20ca6ca6de13d114a5b1b14cf4e1fd9ffccc3f7ec4453bb00d8b5646f1,d2b9db02cfdfbca816e398b1aa7d64a02b51fdec0a25289274ed49d6d82f96aa
P1_a07,2,4;6,aVL;V1,936,0.8792760979916134,0.591304347826087,0.7409638554216867,0.6714155566161202,0.6820296506376692,binary;multiclass,0.90685245275816,0.5914634146341463,0.7461538461538462,0.45384615384615384,0.9575470311581423,0.8975069252077562,0.9,0.9166666666666666,0.8419290178045042,0.5435540069686411,0.4727272727272727,0.4484848484848485,0.9626722500390804,0.8801089918256131,0.8522427440633246,0.8496042216358839,0.8732078597132575,0.4444444444444444,0.43902439024390244,0.4146341463414634,6.759827199999563,42,287148bfd01ac67b5192268c6c69cc4cc230c004bdfdf332285f38a3b43b08dd,c175815089a491399700d9c586c067665dd8b48251196512f77a0b7e2732d91c,34060e20ca6ca6de13d114a5b1b14cf4e1fd9ffccc3f7ec4453bb00d8b5646f1,93727f407514f51dc340d5a50dc2e05e14e91d0e2942205994d67d9bc6ab0ac1
P1_a07,2,4;7,aVL;V2,936,0.8887662767600972,0.591304347826087,0.7539118065433855,0.662669658383605,0.6644721152527316,binary;multiclass,0.9104218362282878,0.5806451612903226,0.6230769230769231,0.43846153846153846,0.9583039388594944,0.898876404494382,0.8888888888888888,0.9222222222222223,0.857846952010376,0.5781710914454278,0.593939393939394,0.46060606060606063,0.9532597831390364,0.8790322580645161,0.862796833773087,0.8364116094986808,0.8623693379790941,0.37662337662337664,0.35365853658536583,0.4024390243902439,6.7027693,42,287148bfd01ac67b5192268c6c69cc4cc230c004bdfdf332285f38a3b43b08dd,c175815089a491399700d9c586c067665dd8b48251196512f77a0b7e2732d91c,34060e20ca6ca6de13d114a5b1b14cf4e1fd9ffccc3f7ec4453bb00d8b5646f1,68643e3ff3ea46d302b6b156031f308d9c2c3bf3792586cef7bb6155f6a274b4
P1_a07,2,4;8,aVL;V3,936,0.8941808283675421,0.6434782608695652,0.7520891364902507,0.665343675818961,0.6697549629868311,binary;multiclass,0.9191257873640007,0.5802047781569966,0.6538461538461539,0.4846153846153846,0.9638521457965902,0.8944444444444445,0.8944444444444445,0.9111111111111111,0.8707070707070707,0.5885885885885885,0.593939393939394,0.503030303030303,0.949034357635846,0.8555858310626703,0.8284960422163589,0.8047493403693932,0.8669389387102302,0.40789473684210525,0.3780487804878049,0.3902439024390244,6.652666200001477,42,287148bfd01ac67b5192268c6c69cc4cc230c004bdfdf332285f38a3b43b08dd,c175815089a491399700d9c586c067665dd8b48251196512f77a0b7e2732d91c,34060e20ca6ca6de13d114a5b1b14cf4e1fd9ffccc3f7ec4453bb00d8b5646f1,c0837df9578746f109f8d819026521573290c0e8f72e5345cdec8a739e5be202
P1_a07,2,4;9,aVL;V4,936,0.9066431251379388,0.6608695652173913,0.7732962447844228,0.6705436978345928,0.6795494150542738,binary;multiclass,0.923153273525482,0.6204620462046204,0.7230769230769231,0.5307692307692308,0.9619929453262788,0.8919667590027701,0.8944444444444445,0.9111111111111111,0.8950516841567426,0.6335403726708074,0.6181818181818182,0.5515151515151515,0.946552157003927,0.8567493112947658,0.820580474934037,0.8179419525065963,0.8583994973439195,0.35,0.34146341463414637,0.32926829268292684,6.679763000000094,42,287148bfd01ac67b5192268c6c69cc4cc230c004bdfdf332285f38a3b43b08dd,c175815089a491399700d9c586c067665dd8b48251196512f77a0b7e2732d91c,34060e20ca6ca6de13d114a5b1b14cf4e1fd9ffccc3f7ec4453bb00d8b5646f1,f42852c29e5ada1b5aa40174ffa0eabf8b0799b76adb86fead9b8cb6a54046a3
P1_a07,2,4;10,aVL;V5,936,0.9107874150911008,0.6492753623188405,0.782608695652174,0.6825531254500905,0.6916555391894861,binary;multiclass,0.9232296239740408,0.6188925081433225,0.7307692307692307,0.5076923076923077,0.964021164021164,0.8870523415977961,0.8944444444444445,0.9166666666666666,0.9043194591832724,0.675,0.6545454545454545,0.5757575757575758,0.9432836103702932,0.8496551724137931,0.8126649076517151,0.8047493403693932,0.8660392985662877,0.3821656050955414,0.36585365853658536,0.32926829268292684,6.638446899998598,42,287148bfd01ac67b5192268c6c69cc4cc230c004bdfdf332285f38a3b43b08dd,c175815089a491399700d9c586c067665dd8b48251196512f77a0b7e2732d91c,34060e20ca6ca6de13d114a5b1b14cf4e1fd9ffccc3f7ec4453bb00d8b5646f1,dd896d210703c548e989b627f4dab53ab6d322ea87bf331a7558ef7acafc4156
P1_a07,2,4;11,aVL;V6,936,0.9088648569116456,0.6521739130434783,0.7932489451476793,0.6837481881427627,0.6921684617089726,binary;multiclass,0.922943309791945,0.6050955414012739,0.7307692307692307,0.5,0.9650940623162844,0.8969359331476323,0.8944444444444445,0.9055555555555556,0.898691192076406,0.6790123456790124,0.6666666666666666,0.6,0.9476653576690052,0.8535911602209945,0.8153034300791556,0.8021108179419525,0.8615696578511453,0.3841059602649007,0.35365853658536583,0.3780487804878049,6.568719499999133,42,287148bfd01ac67b5192268c6c69cc4cc230c004bdfdf332285f38a3b43b08dd,c175815089a491399700d9c586c067665dd8b48251196512f77a0b7e2732d91c,34060e20ca6ca6de13d114a5b1b14cf4e1fd9ffccc3f7ec4453bb00d8b5646f1,18fe6407b1206c8a66ae38db6e9567d1979eaa988c43510ef2f144a7fb6b8be0
P1_a07,2,5;6,aVF;V1,936,0.8980651806076657,0.6347826086956522,0.7670454545454546,0.6631964443602375,0.6732516264937913,binary;multiclass,0.9157472800152701,0.60625,0.7461538461538462,0.4461538461538462,0.963095238095238,0.8956043956043956,0.9055555555555556,0.9055555555555556,0.8735094131981291,0.6095238095238096,0.5818181818181818,0.5272727272727272,0.9637001842702377,0.8873626373626373,0.8522427440633246,0.862796833773087,0.8677528988404639,0.31724137931034485,0.2804878048780488,0.36585365853658536,6.561882899999546,42,287148bfd01ac67b5192268c6c69cc4cc230c004bdfdf332285f38a3b43b08dd,c175815089a491399700d9c586c067665dd8b48251196512f77a0b7e2732d91c,34060e20ca6ca6de13d114a5b1b14cf4e1fd9ffccc3f7ec4453bb00d8b5646f1,ab6c66b89db571d4d19fdab4275a533ddd47b028533604a829d587da7dcb096f
P1_a07,2,5;7,aVF;V2,936,0.9036072488290543,0.6376811594202898,0.782608695652174,0.6813129037062873,0.6866666396649022,binary;multiclass,0.9238117961443024,0.6348122866894198,0.7153846153846154,0.5230769230769231,0.9652263374485597,0.8975069252077562,0.9,0.9111111111111111,0.8819714656290532,0.6167664670658682,0.6242424242424243,0.5333333333333333,0.9557609318673822,0.8765264586160109,0.8522427440633246,0.8390501319261213,0.8719226595076255,0.38095238095238093,0.34146341463414637,0.35365853658536583,6.5640888000016275,42,287148bfd01ac67b5192268c6c69cc4cc230c004bdfdf332285f38a3b43b08dd,c175815089a491399700d9c586c067665dd8b48251196512f77a0b7e2732d91c,34060e20ca6ca6de13d114a5b1b14cf4e1fd9ffccc3f7ec4453bb00d8b5646f1,bd0fd3ed8d81af4610b90dcef6edb636c7c6fe2771fa3c99d4b9eb2f164b0210
P1_a07,2,5;8,aVF;V3,936,0.901120674857157,0.6550724637681159,0.7741935483870968,0.6733136877896163,0.6805355499981924,binary;multiclass,0.9229146783737355,0.6195286195286195,0.7076923076923077,0.5615384615384615,0.9650499706055261,0.9,0.9,0.9166666666666666,0.8851707738867273,0.6153846153846154,0.6303030303030303,0.5515151515151515,0.9474427175359896,0.8583218707015131,0.8232189973614775,0.8100263852242744,0.8611840977894557,0.37333333333333335,0.34146341463414637,0.35365853658536583,6.570103799998833,42,287148bfd01ac67b5192268c6c69cc4cc230c004bdfdf332285f38a3b43b08dd,c175815089a491399700d9c586c067665dd8b48251196512f77a0b7e2732d91c,34060e20ca6ca6de13d114a5b1b14cf4e1fd9ffccc3f7ec4453bb00d8b5646f1,a321fdc21539138cdf924c00c4bcb529464543c28edade98f048c0aa0e6f00d9
P1_a07,2,5;9,aVF;V4,936,0.9107187522989775,0.6840579710144927,0.7752808988764045,0.6626119991678168,0.6708896466384079,binary;multiclass,0.9254437869822486,0.6204620462046204,0.7230769230769231,0.5384615384615384,0.9617283950617284,0.9,0.9,0.9111111111111111,0.8959949691467202,0.6341463414634146,0.6303030303030303,0.5393939393939394,0.9463342538950181,0.8497267759562842,0.820580474934037,0.8073878627968337,0.8546010167361626,0.3087248322147651,0.2804878048780488,0.3048780487804878,6.585010800001328,42,287148bfd01ac67b5192268c6c69cc4cc230c004bdfdf332285f38a3b43b08dd,c175815089a491399700d9c586c067665dd8b48251196512f77a0b7e2732d91c,34060e20ca6ca6de13d114a5b1b14cf4e1fd9ffccc3f7ec4453bb00d8b5646f1,8ad7f944e04cc276b11d4903d41de012d20b173a737de7d162adec41c1acb719
P1_a07,2,5;10,aVF;V5,936,0.9131464724490547,0.6840579710144927,0.7790368271954674,0.672956003190183,0.6809720845257238,binary;multiclass,0.9278392823057835,0.6168831168831169,0.7307692307692307,0.5461538461538461,0.9638154027042918,0.9,0.9,0.9166666666666666,0.903446920567543,0.6417445482866043,0.6242424242424243,0.5696969696969697,0.9468553265467569,0.8508891928864569,0.820580474934037,0.7941952506596306,0.8669817787170846,0.35526315789473684,0.32926829268292684,0.34146341463414637,6.587246799999775,42,287148bfd01ac67b5192268c6c69cc4cc230c004bdfdf332285f38a3b43b08dd,c175815089a491399700d9c586c067665dd8b48251196512f77a0b7e2732d91c,34060e20ca6ca6de13d114a5b1b14cf4e1fd9ffccc3f7ec4453bb00d8b5646f1,056f6116d49e398f1235a820666459e66fb18df8c83d9834aa2578456d46f7e9
P1_a07,2,5;11,aVF;V6,936,0.9117192672699184,0.6695652173913044,0.7834757834757835,0.665960290208597,0.6755890872468515,binary;multiclass,0.9270757778201947,0.6226415094339622,0.7615384615384615,0.5461538461538461,0.9655496766607877,0.8944444444444445,0.8944444444444445,0.9055555555555556,0.8956805408167277,0.6369426751592356,0.6060606060606061,0.5696969696969697,0.9484611777189333,0.853625170998632,0.8232189973614775,0.7862796833773087,0.868595418975267,0.3221476510067114,0.2926829268292683,0.32926829268292684,6.593236599999727,42,287148bfd01ac67b5192268c6c69cc4cc230c004bdfdf332285f38a3b43b08dd,c175815089a491399700d9c586c067665dd8b48251196512f77a0b7e2732d91c,34060e20ca6ca6de13d114a5b1b14cf4e1fd9ffccc3f7ec4453bb00d8b5646f1,974c95b5e21f4c8c985794f2d2a9b68a61b710750ec465b075813ca6416feb25
P1_a07,2,6;7,V1;V2,936,0.8943475808626989,0.6550724637681159,0.7739130434782608,0.7023999768094776,0.7067231868602614,binary;multiclass,0.9176178660049628,0.6118421052631579,0.7153846153846154,0.5461538461538461,0.9615887713109934,0.9070422535211268,0.8944444444444445,0.9111111111111111,0.8697952285500924,0.6242038216560509,0.593939393939394,0.5454545454545454,0.9630654230399378,0.8975741239892183,0.8786279683377308,0.8522427440633246,0.8725366996058719,0.4713375796178344,0.45121951219512196,0.5121951219512195,6.592770299999756,42,287148bfd01ac67b5192268c6c69cc4cc230c004bdfdf332285f38a3b43b08dd,c175815089a491399700d9c586c067665dd8b48251196512f77a0b7e2732d91c,34060e20ca6ca6de13d114a5b1b14cf4e1fd9ffccc3f7ec4453bb00d8b5646f1,5a486378cf589faecfa3ed9b76732ef78f58f92356bb8542187569fda451f820
P1_a07,2,6;8,V1;V3,936,0.9018661566002109,0.6695652173913044,0.7666666666666667,0.6722725886433332,0.6800506313087561,binary;multiclass,0.9238786027867913,0.5954692556634305,0.7076923076923077,0.5384615384615384,0.9610082304526749,0.9,0.9,0.9222222222222223,0.8890146602208859,0.6358024691358025,0.6242424242424243,0.5515151515151515,0.9590910598144035,0.874828060522696,0.8390501319261213,0.8390501319261213,0.867738618838179,0.35526315789473684,0.32926829268292684,0.32926829268292684,6.567285199998878,42,287148bfd01ac67b5192268c6c69cc4cc230c004bdfdf332285f38a3b43b08dd,c175815089a491399700d9c586c067665dd8b48251196512f77a0b7e2732d91c,34060e20ca6ca6de13d114a5b1b14cf4e1fd9ffccc3f7ec4453bb00d8b5646f1,699368ff8665af7bbfc1d73e57a5f2d330f47c2c878be23bfba8def959f36d77
P1_a07,2,6;9,V1;V4,936,0.9153682042227618,0.6869565217391305,0.8066759388038943,0.6840767191287583,0.6934772047353295,binary;multiclass,0.9226092765795,0.6295081967213115,0.7384615384615385,0.5384615384615384,0.9626102292768959,0.9,0.9,0.9166666666666666,0.909515387336399,0.6770186335403726,0.6606060606060606,0.6060606060606061,0.9575704750761476,0.8784530386740331,0.8390501319261213,0.8284960422163589,0.8506740161078424,0.33540372670807456,0.32926829268292684,0.2926829268292683,6.575649100001101,42,287148bfd01ac67b5192268c6c69cc4cc230c004bdfdf332285f38a3b43b08dd,c175815089a491399700d9c586c067665dd8b48251196512f77a0b7e2732d91c,34060e20ca6ca6de13d114a5b1b14cf4e1fd9ffccc3f7ec4453bb00d8b5646f1,aeb5f848b38f265d8a4d17ef8afaca5884104a34e485fcce2c0a1dc7d3fc918c
P1_a07,2,6;10,V1;V5,936,0.9172515265210035,0.6753623188405797,0.7944055944055944,0.6708674004544869,0.6820921317208078,binary;multiclass,0.9246516510784502,0.6226415094339622,0.7615384615384615,0.5230769230769231,0.9642122281011171,0.8938547486033519,0.8888888888888888,0.9166666666666666,0.9108517077388673,0.6606060606060606,0.6606060606060606,0.593939393939394,0.95908158576619,0.8737864077669902,0.8311345646437994,0.8601583113456465,0.8489604158336665,0.30344827586206896,0.2682926829268293,0.2804878048780488,6.576903200000743,42,287148bfd01ac67b5192268c6c69cc4cc230c004bdfdf332285f38a3b43b08dd,c175815089a491399700d9c586c067665dd8b48251196512f77a0b7e2732d91c,34060e20ca6ca6de13d114a5b1b14cf4e1fd9ffccc3f7ec4453bb00d8b5646f1,0d1625e8a6a27583d3420dd53d5e7e121e80186295e0f0c44de611fcaa65de97
P1_a07,2,6;11,V1;V6,936,0.9132837980333015,0.6608695652173913,0.7899159663865546,0.6747757466694615,0.6868097365162814,binary;multiclass,0.9275052490933384,0.6289308176100629,0.7692307692307693,0.5076923076923077,0.9660420340975897,0.8969359331476323,0.8944444444444445,0.9111111111111111,0.9069842392799592,0.6626506024096386,0.6666666666666666,0.6,0.9614358867472277,0.8702928870292888,0.8232189973614775,0.841688654353562,0.8594990575198492,0.3150684931506849,0.2804878048780488,0.2926829268292683,6.555531100000735,42,287148bfd01ac67b5192268c6c69cc4cc230c004bdfdf332285f38a3b43b08dd,c175815089a491399700d9c586c067665dd8b48251196512f77a0b7e2732d91c,34060e20ca6ca6de13d114a5b1b14cf4e1fd9ffccc3f7ec4453bb00d8b5646f1,cd79261eeda07f4ad9b2841d2c81c51f68dafa2b120faf09979da9d7bb59d7e8
P1_a07,2,7;8,V2;V3,936,0.8997425145295371,0.6347826086956522,0.7766990291262136,0.6673019490676178,0.6744349858263237,binary;multiclass,0.914859706050773,0.5993485342019544,0.7076923076923077,0.49230769230769234,0.9649985302763081,0.888268156424581,0.8833333333333333,0.9222222222222223,0.8793931533231144,0.6341463414634146,0.6303030303030303,0.5393939393939394,0.95006702889111,0.8657534246575342,0.8337730870712401,0.8073878627968337,0.8528445764551322,0.348993288590604,0.3170731707317073,0.34146341463414637,6.5604266000009375,42,287148bfd01ac67b5192268c6c69cc4cc230c004bdfdf332285f38a3b43b08dd,c175815089a491399700d9c586c067665dd8b48251196512f77a0b7e2732d91c,34060e20ca6ca6de13d114a5b1b14cf4e1fd9ffccc3f7ec4453bb00d8b5646f1,0fa5f0bd4e2852ca6b67231a18ecb0ad97cea6f6810a750f01d2a8cace982de8
P1_a07,2,7;9,V2;V4,936,0.9120135363790185,0.6521739130434783,0.7785419532324622,0.669731731218862,0.6775292130340718,binary;multiclass,0.9194884519946555,0.6064516129032258,0.7230769230769231,0.5153846153846153,0.9616475602586714,0.8945868945868946,0.8722222222222222,0.9166666666666666,0.9032661242777974,0.6283987915407855,0.6303030303030303,0.5757575757575758,0.952748184535511,0.8579310344827586,0.820580474934037,0.8100263852242744,0.8471754155480664,0.36129032258064514,0.34146341463414637,0.3780487804878049,6.56242790000033,42,287148bfd01ac67b5192268c6c69cc4cc230c004bdfdf332285f38a3b43b08dd,c175815089a491399700d9c586c067665dd8b48251196512f77a0b7e2732d91c,34060e20ca6ca6de13d114a5b1b14cf4e1fd9ffccc3f7ec4453bb00d8b5646f1,366883d64e00741e8e4d809b9c78ece92563c82e16a97c45cef70e1cbdcb2629
P1_a07,2,7;10,V2;V5,936,0.9114593295568797,0.6811594202898551,0.791023842917251,0.6729363605594315,0.6803789397637134,binary;multiclass,0.9212445123115098,0.6075949367088608,0.7384615384615385,0.5076923076923077,0.9595311581422692,0.8838526912181303,0.8666666666666667,0.9,0.9053020477144991,0.6441717791411042,0.6363636363636364,0.5575757575757576,0.9513933956409903,0.8641975308641975,0.8311345646437994,0.7941952506596306,0.8494173759067801,0.36486486486486486,0.32926829268292684,0.3902439024390244,6.565376200000173,42,287148bfd01ac67b5192268c6c69cc4cc230c004bdfdf332285f38a3b43b08dd,c175815089a491399700d9c586c067665dd8b48251196512f77a0b7e2732d91c,34060e20ca6ca6de13d114a5b1b14cf4e1fd9ffccc3f7ec4453bb00d8b5646f1,1c797ab9e063077b3a3e4a23906fa5c77ba62e05584fd09a09cc8ec63f852117
P1_a07,2,7;11,V2;V6,936,0.9145834865984942,0.6782608695652174,0.788135593220339,0.6815281256549122,0.6911078043950172,binary;multiclass,0.9253578927276198,0.6153846153846154,0.7692307692307693,0.5,0.9638374485596707,0.895774647887324,0.8833333333333333,0.9111111111111111,0.903329009943796,0.6435331230283912,0.6181818181818182,0.5878787878787879,0.9573099387502781,0.8713692946058091,0.8311345646437994,0.8258575197889182,0.8631832981093276,0.3815789473684211,0.35365853658536583,0.35365853658536583,6.57316770000034,42,287148bfd01ac67b5192268c6c69cc4cc230c004bdfdf332285f38a3b43b08dd,c175815089a491399700d9c586c067665dd8b48251196512f77a0b7e2732d91c,34060e20ca6ca6de13d114a5b1b14cf4e1fd9ffccc3f7ec4453bb00d8b5646f1,995b87bdf121bf331062aa193b18b09617161530e0fb2eeef49f290ceee3e97a
P1_a07,2,8;9,V3;V4,936,0.910115500625322,0.6550724637681159,0.7866108786610879,0.6669467938001772,0.6766378342824704,binary;multiclass,0.921101355220462,0.6198083067092651,0.7461538461538462,0.5,0.9588771310993532,0.8951841359773371,0.8777777777777778,0.9166666666666666,0.8993986558188893,0.6319018404907976,0.6242424242424243,0.5333333333333333,0.9491954164554743,0.8587257617728532,0.8179419525065963,0.8073878627968337,0.8533443765351003,0.3291139240506329,0.3170731707317073,0.3170731707317073,6.560215999999855,42,287148bfd01ac67b5192268c6c69cc4cc230c004bdfdf332285f38a3b43b08dd,c175815089a491399700d9c586c067665dd8b48251196512f77a0b7e2732d91c,34060e20ca6ca6de13d114a5b1b14cf4e1fd9ffccc3f7ec4453bb00d8b5646f1,6b436f7a872a008462be4dc72fdaac3cbea384e1f63b9c1e98a0ed563c72ba50
P1_a07,2,8;10,V3;V5,936,0.9127443046666176,0.6347826086956522,0.8016877637130801,0.667415927669692,0.6780928958707452,binary;multiclass,0.9224279442641726,0.5969230769230769,0.7461538461538462,0.5384615384615384,0.961875367430923,0.8870056497175142,0.8722222222222222,0.9166666666666666,0.9053806547969971,0.6525679758308157,0.6545454545454545,0.5272727272727272,0.9502091396143114,0.8627450980392157,0.8126649076517151,0.7941952506596306,0.8501884960301593,0.33783783783783783,0.3048780487804878,0.32926829268292684,6.556280200000401,42,287148bfd01ac67b5192268c6c69cc4cc230c004bdfdf332285f38a3b43b08dd,c175815089a491399700d9c586c067665dd8b48251196512f77a0b7e2732d91c,34060e20ca6ca6de13d114a5b1b14cf4e1fd9ffccc3f7ec4453bb00d8b5646f1,cf30bddbe3d9c2e5e9b600beec317466c7a9df89e9a51e124e17e72895229343
P1_a07,2,8;11,V3;V6,936,0.9109443586159542,0.6492753623188405,0.7848101265822784,0.6735089104395462,0.6856935235717654,binary;multiclass,0.9246134758541706,0.6068111455108359,0.7538461538461538,0.5153846153846153,0.9636243386243386,0.8820224719101124,0.8722222222222222,0.9166666666666666,0.9025507998270644,0.6506024096385542,0.6545454545454545,0.5878787878787879,0.9529092433551394,0.8514851485148515,0.7941952506596306,0.8021108179419525,0.8575569772091163,0.37662337662337664,0.35365853658536583,0.32926829268292684,6.619313400000465,42,287148bfd01ac67b5192268c6c69cc4cc230c004bdfdf332285f38a3b43b08dd,c175815089a491399700d9c586c067665dd8b48251196512f77a0b7e2732d91c,34060e20ca6ca6de13d114a5b1b14cf4e1fd9ffccc3f7ec4453bb00d8b5646f1,ca69c677edc965bb7c308aa801c5eda8ab2e8960ab30a3461d2848eb565ac065
P1_a07,2,9;10,V4;V5,936,0.9139704259545355,0.663768115942029,0.7834757834757835,0.6578880646677596,0.6671859771036038,binary;multiclass,0.9186199656422981,0.59375,0.7307692307692307,0.49230769230769234,0.9636757789535567,0.8870056497175142,0.8722222222222222,0.9111111111111111,0.9081397633926817,0.6443768996960486,0.6424242424242425,0.5878787878787879,0.9442783854327034,0.8492392807745505,0.8100263852242744,0.7810026385224275,0.8396070143371223,0.3150684931506849,0.2804878048780488,0.2804878048780488,6.575858599999265,42,287148bfd01ac67b5192268c6c69cc4cc230c004bdfdf332285f38a3b43b08dd,c175815089a491399700d9c586c067665dd8b48251196512f77a0b7e2732d91c,34060e20ca6ca6de13d114a5b1b14cf4e1fd9ffccc3f7ec4453bb00d8b5646f1,51f59abf4ad6978b12de0cee94c5cdcd22c5180d12dc37b9e1ecd90c0a944752
P1_a07,2,9;11,V4;V6,936,0.9142892174893942,0.6492753623188405,0.792022792022792,0.6657980610240533,0.6760112918379215,binary;multiclass,0.9237927085321626,0.6089743589743589,0.7307692307692307,0.5153846153846153,0.9633450911228689,0.895774647887324,0.8833333333333333,0.9166666666666666,0.9078567778956884,0.6586102719033232,0.6606060606060606,0.5757575757575758,0.9489917244188856,0.8579387186629527,0.8126649076517151,0.7994722955145118,0.8516164962586393,0.3076923076923077,0.2926829268292683,0.25609756097560976,6.588494999999966,42,287148bfd01ac67b5192268c6c69cc4cc230c004bdfdf332285f38a3b43b08dd,c175815089a491399700d9c586c067665dd8b48251196512f77a0b7e2732d91c,34060e20ca6ca6de13d114a5b1b14cf4e1fd9ffccc3f7ec4453bb00d8b5646f1,31d698627e626b24b0069be59bae498b0327095e450f48ce243823084c883f79
P1_a07,2,10;11,V5;V6,936,0.912096912626597,0.6782608695652174,0.7815126050420168,0.6485188670688341,0.6601974164011619,binary;multiclass,0.923430043901508,0.6045016077170418,0.7230769230769231,0.46923076923076923,0.9639476778365668,0.8770949720670391,0.8722222222222222,0.9166666666666666,0.9040521951027788,0.6627218934911243,0.6787878787878788,0.5757575757575758,0.9443399667460908,0.85,0.8073878627968337,0.783641160949868,0.8489889758382362,0.2482758620689655,0.21951219512195122,0.2682926829268293,6.6091846999988775,42,287148bfd01ac67b5192268c6c69cc4cc230c004bdfdf332285f38a3b43b08dd,c175815089a491399700d9c586c067665dd8b48251196512f77a0b7e2732d91c,34060e20ca6ca6de13d114a5b1b14cf4e1fd9ffccc3f7ec4453bb00d8b5646f1,dfaf221f22281ac26145e96a7a3714341b43dfb7370910a9197e736e94de8d90
P1_a07,3,0;1;2,I;II;III,936,0.9145001103509158,0.6927536231884058,0.7877947295423023,0.6868500295418718,0.6954845929181471,binary;multiclass,0.928974995228097,0.6622073578595318,0.7615384615384615,0.5846153846153846,0.967203115814227,0.8815426997245179,0.8888888888888888,0.9,0.8995008450261368,0.6808510638297872,0.6787878787878788,0.6545454545454545,0.9521418454498516,0.860655737704918,0.8311345646437994,0.8047493403693932,0.8719797795167648,0.348993288590604,0.3170731707317073,0.4146341463414634,6.652616100000159,42,287148bfd01ac67b5192268c6c69cc4cc230c004bdfdf332285f38a3b43b08dd,c175815089a491399700d9c586c067665dd8b48251196512f77a0b7e2732d91c,34060e20ca6ca6de13d114a5b1b14cf4e1fd9ffccc3f7ec4453bb00d8b5646f1,431a8b64339447f0a216bf1e9ebd93a393d91ccf11b19ed309fe9751cb2be2e0
P1_a07,3,0;1;3,I;II;aVR,936,0.9130827141420829,0.6927536231884058,0.7861111111111111,0.687555690594874,0.6950034064726129,binary;multiclass,0.9289463638098875,0.6402640264026402,0.7461538461538462,0.5769230769230769,0.9665637860082305,0.8839779005524862,0.8888888888888888,0.9,0.8988248241166529,0.6807228915662651,0.6848484848484848,0.6424242424242425,0.9521228973534247,0.855191256830601,0.8258575197889182,0.7994722955145118,0.8714371394299423,0.3776223776223776,0.32926829268292684,0.36585365853658536,6.734406999999919,42,287148bfd01ac67b5192268c6c69cc4cc230c004bdfdf332285f38a3b43b08dd,c175815089a491399700d9c586c067665dd8b48251196512f77a0b7e2732d91c,34060e20ca6ca6de13d114a5b1b14cf4e1fd9ffccc3f7ec4453bb00d8b5646f1,4471a3a0063acad6f73f07e5682ee49156872d58a77147f138d9b9dadaaa1a73
P1_a07,3,0;1;4,I;II;aVL,936,0.9148826601927462,0.6927536231884058,0.7910863509749304,0.6862716517745654,0.6934649449341515,binary;multiclass,0.9292135903798435,0.6442953020134228,0.7384615384615385,0.5769230769230769,0.9667768959435625,0.8839779005524862,0.8888888888888888,0.9,0.900169005227371,0.6766467065868264,0.6848484848484848,0.6424242424242425,0.9518386759070216,0.8540245566166439,0.8258575197889182,0.8021108179419525,0.8738647398183583,0.3724137931034483,0.32926829268292684,0.3780487804878049,6.624100299999554,42,287148bfd01ac67b5192268c6c69cc4cc230c004bdfdf332285f38a3b43b08dd,c175815089a491399700d9c586c067665dd8b48251196512f77a0b7e2732d91c,34060e20ca6ca6de13d114a5b1b14cf4e1fd9ffccc3f7ec4453bb00d8b5646f1,93360cc166d56ddace9c2d8a9985e75765b8d495b51773e18f862c6f44be6b46
P1_a07,3,0;1;5,I;II;aVF,936,0.9145638686578876,0.6898550724637681,0.787292817679558,0.6849859502093015,0.6942595558619755,binary;multiclass,0.9286886810460012,0.6533333333333333,0.7538461538461538,0.5538461538461539,0.9669091710758377,0.8767123287671232,0.8888888888888888,0.9,0.8993279094446409,0.6867469879518072,0.6909090909090909,0.6484848484848484,0.9524118558239343,0.8543956043956044,0.820580474934037,0.8021108179419525,0.869380819100931,0.35374149659863946,0.3170731707317073,0.4024390243902439,6.572127500001443,42,287148bfd01ac67b5192268c6c69cc4cc230c004bdfdf332285f38a3b43b08dd,c175815089a491399700d9c586c067665dd8b48251196512f77a0b7e2732d91c,34060e20ca6ca6de13d114a5b1b14cf4e1fd9ffccc3f7ec4453bb00d8b5646f1,47c682c910c315637dcccea6f8e697e1ef6ce337d60a9ecd7a388b8397d3954e
P1_a07,3,0;1;6,I;II;V1,936,0.9146962897569828,0.6695652173913044,0.788218793828892,0.690471225056283,0.7004331258047712,binary;multiclass,0.9318285932429853,0.6470588235294118,0.7615384615384615,0.6230769230769231,0.9681216931216932,0.8895027624309392,0.8944444444444445,0.9,0.9049561765515073,0.6646525679758308,0.6666666666666666,0.6121212121212121,0.9587784162233601,0.8670360110803325,0.8258575197889182,0.8179419525065963,0.8661106985777116,0.3841059602649007,0.35365853658536583,0.3780487804878049,6.5948889999999665,42,287148bfd01ac67b5192268c6c69cc4cc230c004bdfdf332285f38a3b43b08dd,c175815089a491399700d9c586c067665dd8b48251196512f77a0b7e2732d91c,34060e20ca6ca6de13d114a5b1b14cf4e1fd9ffccc3f7ec4453bb00d8b5646f1,a542bd8c6047a4f0c4723b974498a20a1361d23314f3ae8d2a6f9ee250ea14af
P1_a07,3,0;1;7,I;II;V2,936,0.914112656023934,0.6782608695652174,0.782608695652174,0.6927454499219706,0.7014029626836114,binary;multiclass,0.931790418018706,0.6535947712418301,0.7692307692307693,0.5846153846153846,0.9674015285126397,0.8913649025069638,0.8888888888888888,0.9,0.9035491097747906,0.6625766871165644,0.6545454545454545,0.593939393939394,0.9559788349762912,0.8614540466392319,0.8284960422163589,0.8100263852242744,0.8637830582052893,0.39473684210526316,0.36585365853658536,0.36585365853658536,6.618767500000104,42,287148bfd01ac67b5192268c6c69cc4cc230c004bdfdf332285f38a3b43b08dd,c175815089a491399700d9c586c067665dd8b48251196512f77a0b7e2732d91c,34060e20ca6ca6de13d114a5b1b14cf4e1fd9ffccc3f7ec4453bb00d8b5646f1,f2269399ad94b69d7f30d5b7b15ce212c79775fcd1672297fadb0f4b51c027f0
P1_a07,3,0;1;8,I;II;V3,936,0.9125088893793374,0.6840579710144927,0.7876230661040787,0.6862220182377914,0.694007431385641,binary;multiclass,0.9289845390341669,0.6378737541528239,0.7384615384615385,0.5846153846153846,0.9650867136978247,0.8888888888888888,0.8888888888888888,0.9,0.9076917030224424,0.676829268292683,0.6727272727272727,0.5878787878787879,0.9531555686086886,0.8590971272229823,0.8284960422163589,0.7915567282321899,0.8630690580910493,0.3684210526315789,0.34146341463414637,0.34146341463414637,6.630465899999763,42,287148bfd01ac67b5192268c6c69cc4cc230c004bdfdf332285f38a3b43b08dd,c175815089a491399700d9c586c067665dd8b48251196512f77a0b7e2732d91c,34060e20ca6ca6de13d114a5b1b14cf4e1fd9ffccc3f7ec4453bb00d8b5646f1,1b6be7f58bbdc529115135eacc4df86381cfcde046a89d2dc80e793bdc05ebf7
P1_a07,3,0;1;9,I;II;V4,936,0.9149218960739597,0.6985507246376812,0.7821229050279329,0.691588096437705,0.6993177724164273,binary;multiclass,0.9286409620156517,0.6372881355932203,0.7230769230769231,0.5769230769230769,0.9629188712522045,0.8864265927977839,0.8888888888888888,0.9,0.9108752898636168,0.6770186335403726,0.6606060606060606,0.593939393939394,0.951383921592777,0.8645690834473324,0.8337730870712401,0.820580474934037,0.857942537270806,0.39263803680981596,0.3902439024390244,0.35365853658536583,6.629462099999728,42,287148bfd01ac67b5192268c6c69cc4cc230c004bdfdf332285f38a3b43b08dd,c175815089a491399700d9c586c067665dd8b48251196512f77a0b7e2732d91c,34060e20ca6ca6de13d114a5b1b14cf4e1fd9ffccc3f7ec4453bb00d8b5646f1,7c4699074aad22a858db1ac2f8bf33cec56e37b77b22fb34feee0e0b4390b355
P1_a07,3,0;1;10,I;II;V5,936,0.9151818337869982,0.6869565217391305,0.791023842917251,0.685813883228251,0.6941001614455504,binary;multiclass,0.9289463638098874,0.6262626262626263,0.7153846153846154,0.5538461538461539,0.9641828336272781,0.8888888888888888,0.8888888888888888,0.9055555555555556,0.9085721023464213,0.656441717791411,0.6484848484848484,0.5878787878787879,0.9501096621080705,0.8500687757909215,0.8153034300791556,0.7889182058047494,0.8656537385045981,0.4074074074074074,0.4024390243902439,0.32926829268292684,6.604816400000345,42,287148bfd01ac67b5192268c6c69cc4cc230c004bdfdf332285f38a3b43b08dd,c175815089a491399700d9c586c067665dd8b48251196512f77a0b7e2732d91c,34060e20ca6ca6de13d114a5b1b14cf4e1fd9ffccc3f7ec4453bb00d8b5646f1,b7a478fa3d19f2ddeb6e8fdca8f3b99f5878808ab7115db49043f4a4204537e3
P1_a07,3,0;1;11,I;II;V6,936,0.9145540596875843,0.672463768115942,0.7926657263751763,0.6830250386437487,0.6899963432610321,binary;multiclass,0.9306356174842527,0.6363636363636364,0.7538461538461538,0.5538461538461539,0.9659538506760729,0.8938547486033519,0.8888888888888888,0.9055555555555556,0.9014896042133396,0.6666666666666666,0.6484848484848484,0.5878787878787879,0.9494938489741975,0.8644986449864499,0.841688654353562,0.7889182058047494,0.8700376992060318,0.35374149659863946,0.3170731707317073,0.3048780487804878,6.607119100001,42,287148bfd01ac67b5192268c6c69cc4cc230c004bdfdf332285f38a3b43b08dd,c175815089a491399700d9c586c067665dd8b48251196512f77a0b7e2732d91c,34060e20ca6ca6de13d114a5b1b14cf4e1fd9ffccc3f7ec4453bb00d8b5646f1,965ba69854ea30520abe1e928c90a6ac982f5d516443083c01953c25f06df08f
P1_a07,3,0;2;3,I;III;aVR,936,0.9131268545084479,0.6927536231884058,0.7866108786610879,0.6926883665224581,0.6989251902611835,binary;multiclass,0.9291849589616339,0.6511627906976745,0.7538461538461538,0.5538461538461539,0.9665858318636096,0.8857938718662952,0.8833333333333333,0.9,0.8987226349094054,0.6827794561933535,0.6848484848484848,0.6424242424242425,0.9509670634713859,0.8548168249660787,0.8311345646437994,0.8179419525065963,0.8745501799280287,0.3888888888888889,0.34146341463414637,0.4146341463414634,6.599253200000021,42,287148bfd01ac67b5192268c6c69cc4cc230c004bdfdf332285f38a3b43b08dd,c175815089a491399700d9c586c067665dd8b48251196512f77a0b7e2732d91c,34060e20ca6ca6de13d114a5b1b14cf4e1fd9ffccc3f7ec4453bb00d8b5646f1,f5a46532c94aa83735659184231ded727ad192e564513f6790ba5ffe4a4d0362
P1_a07,3,0;2;4,I;III;aVL,936,0.9138772407366538,0.6840579710144927,0.7944444444444444,0.6868035201698344,0.6951191985396246,binary;multiclass,0.9278201946936437,0.6319218241042345,0.7461538461538462,0.5384615384615384,0.9680922986478542,0.8833333333333333,0.8833333333333333,0.9055555555555556,0.89852611720316,0.676737160120846,0.6787878787878788,0.6242424242424243,0.9506070496392756,0.8610729023383769,0.8258575197889182,0.8179419525065963,0.8742217398754782,0.38095238095238093,0.34146341463414637,0.36585365853658536,6.612419900000532,42,287148bfd01ac67b5192268c6c69cc4cc230c004bdfdf332285f38a3b43b08dd,c175815089a491399700d9c586c067665dd8b48251196512f77a0b7e2732d91c,34060e20ca6ca6de13d114a5b1b14cf4e1fd9ffccc3f7ec4453bb00d8b5646f1,9324aff055375960d2424d4ca63496e5c39bf7f022577dd2442e7724521eb708
P1_a07,3,0;2;5,I;III;aVF,936,0.9149366095294146,0.6898550724637681,0.7922437673130194,0.6876868734980577,0.6952740446588184,binary;multiclass,0.9296144302347776,0.6468646864686468,0.7538461538461538,0.6,0.9677395649617871,0.8808864265927978,0.8833333333333333,0.9,0.9007585583461071,0.6787878787878788,0.6787878787878788,0.6303030303030303,0.9518813091239823,0.859481582537517,0.8311345646437994,0.8100263852242744,0.8705232192837151,0.3724137931034483,0.32926829268292684,0.35365853658536583,6.606849800000418,42,287148bfd01ac67b5192268c6c69cc4cc230c004bdfdf332285f38a3b43b08dd,c175815089a491399700d9c586c067665dd8b48251196512f77a0b7e2732d91c,34060e20ca6ca6de13d114a5b1b14cf4e1fd9ffccc3f7ec4453bb00d8b5646f1,d33bbc1291dfeca79a1266a9b42bc5fb5ac7da27bf126c7da696eedf91d999b6
P1_a07,3,0;2;6,I;III;V1,936,0.9133377473699699,0.6840579710144927,0.7866108786610879,0.6865165522186314,0.6972801207558914,binary;multiclass,0.9288318381370491,0.6428571428571429,0.7615384615384615,0.5846153846153846,0.9679085831863611,0.8895027624309392,0.8944444444444445,0.9,0.9026687104508118,0.6706231454005934,0.6848484848484848,0.5818181818181818,0.9596358175866757,0.8734353268428373,0.8284960422163589,0.8337730870712401,0.8620694579311132,0.3561643835616438,0.3170731707317073,0.34146341463414637,6.598049599999285,42,287148bfd01ac67b5192268c6c69cc4cc230c004bdfdf332285f38a3b43b08dd,c175815089a491399700d9c586c067665dd8b48251196512f77a0b7e2732d91c,34060e20ca6ca6de13d114a5b1b14cf4e1fd9ffccc3f7ec4453bb00d8b5646f1,9bdc410542c50714f7a877b12ba595fa111024dc160da8f6cbe3cca7d6140561
P1_a07,3,0;2;7,I;III;V2,936,0.9130238603202631,0.6405797101449275,0.7842031029619182,0.6891248574285777,0.6982647396007329,binary;multiclass,0.9325920977285742,0.6557377049180327,0.7692307692307693,0.5846153846153846,0.9674309229864786,0.8938547486033519,0.8888888888888888,0.9,0.9019140824588294,0.6646341463414634,0.6606060606060606,0.593939393939394,0.9567367588333657,0.8653846153846154,0.8311345646437994,0.8284960422163589,0.8649682983949277,0.3660130718954248,0.34146341463414637,0.36585365853658536,6.604336100001092,42,287148bfd01ac67b5192268c6c69cc4cc230c004bdfdf332285f38a3b43b08dd,c175815089a491399700d9c586c067665dd8b48251196512f77a0b7e2732d91c,34060e20ca6ca6de13d114a5b1b14cf4e1fd9ffccc3f7ec4453bb00d8b5646f1,6f5ba65e629765572304a2f2af04dbdaa57c8e9f1b9b5a03bfd1672376c87458
P1_a07,3,0;2;8,I;III;V3,936,0.9124304176169107,0.6579710144927536,0.7927677329624478,0.6879658746505098,0.6971945486637552,binary;multiclass,0.9317713304065661,0.6430868167202572,0.7692307692307693,0.5615384615384615,0.9659024103468548,0.8864265927977839,0.8888888888888888,0.9,0.9056950831269897,0.676829268292683,0.6727272727272727,0.5818181818181818,0.9528618731140723,0.8610729023383769,0.8258575197889182,0.7968337730870713,0.8625121380019422,0.3724137931034483,0.32926829268292684,0.35365853658536583,6.621917000000394,42,287148bfd01ac67b5192268c6c69cc4cc230c004bdfdf332285f38a3b43b08dd,c175815089a491399700d9c586c067665dd8b48251196512f77a0b7e2732d91c,34060e20ca6ca6de13d114a5b1b14cf4e1fd9ffccc3f7ec4453bb00d8b5646f1,bd6c7674e7746d810bd61b5dcef8eae7a083514fd0ac3cd83f254ed3a3d996d3
P1_a07,3,0;2;9,I;III;V4,936,0.9142892174893941,0.6898550724637681,0.7905027932960894,0.6852817905906601,0.6937515751654371,binary;multiclass,0.9276674937965261,0.6312292358803987,0.7307692307692307,0.5615384615384615,0.9632422104644326,0.8895027624309392,0.8944444444444445,0.9,0.9097433478756436,0.6707317073170732,0.6666666666666666,0.5878787878787879,0.9506354717839158,0.8583218707015131,0.8232189973614775,0.8047493403693932,0.852644656423145,0.37662337662337664,0.35365853658536583,0.34146341463414637,6.620387499999197,42,287148bfd01ac67b5192268c6c69cc4cc230c004bdfdf332285f38a3b43b08dd,c175815089a491399700d9c586c067665dd8b48251196512f77a0b7e2732d91c,34060e20ca6ca6de13d114a5b1b14cf4e1fd9ffccc3f7ec4453bb00d8b5646f1,d59115c97bc2c0bf32147312bd6620ac34ad2996915c461a1d3aa8be03d84901
P1_a07,3,0;2;10,I;III;V5,936,0.9146472449054661,0.6898550724637681,0.7796143250688705,0.6856262309021866,0.6944923500750774,binary;multiclass,0.927257110135522,0.6295081967213115,0.7384615384615385,0.5307692307692308,0.9645796590241034,0.8938547486033519,0.8888888888888888,0.9055555555555556,0.9069056321974611,0.6686567164179105,0.6787878787878788,0.5818181818181818,0.9493659493233162,0.8520055325034578,0.8126649076517151,0.7889182058047494,0.8672959387673502,0.3841059602649007,0.35365853658536583,0.32926829268292684,6.610146499999246,42,287148bfd01ac67b5192268c6c69cc4cc230c004bdfdf332285f38a3b43b08dd,c175815089a491399700d9c586c067665dd8b48251196512f77a0b7e2732d91c,34060e20ca6ca6de13d114a5b1b14cf4e1fd9ffccc3f7ec4453bb00d8b5646f1,c1e9a46089ece89f578e0e2669bc4dac2068922f9acfaa74966f0fe71376ffc2
P1_a07,3,0;2;11,I;III;V6,936,0.9123127099732706,0.672463768115942,0.7871148459383753,0.6748097351255786,0.6826817922551238,binary;multiclass,0.9275911433479671,0.6242038216560509,0.7538461538461538,0.5307692307692308,0.9662257495590829,0.8851540616246498,0.8777777777777778,0.9055555555555556,0.8997838305231302,0.662613981762918,0.6606060606060606,0.5878787878787879,0.9490248835876326,0.8567530695770805,0.8284960422163589,0.7862796833773087,0.8672816587650655,0.34532374100719426,0.2926829268292683,0.36585365853658536,6.609238299999561,42,287148bfd01ac67b5192268c6c69cc4cc230c004bdfdf332285f38a3b43b08dd,c175815089a491399700d9c586c067665dd8b48251196512f77a0b7e2732d91c,34060e20ca6ca6de13d114a5b1b14cf4e1fd9ffccc3f7ec4453bb00d8b5646f1,df83f9d712cbc088c61a442206171077c0c00492f67cab8f8c0835feedb67172
P1_a07,3,0;3;4,I;aVR;aVL,936,0.9122979965178156,0.6985507246376812,0.7887323943661971,0.6915761316532418,0.6995535988276834,binary;multiclass,0.9288032067188396,0.6491803278688525,0.7615384615384615,0.5615384615384615,0.9661596119929454,0.8777777777777778,0.8777777777777778,0.9,0.898738356325905,0.6666666666666666,0.6545454545454545,0.6363636363636364,0.9497638593482802,0.8563611491108071,0.8258575197889182,0.8073878627968337,0.8740218198434913,0.40789473684210525,0.3780487804878049,0.35365853658536583,6.605845000000045,42,287148bfd01ac67b5192268c6c69cc4cc230c004bdfdf332285f38a3b43b08dd,c175815089a491399700d9c586c067665dd8b48251196512f77a0b7e2732d91c,34060e20ca6ca6de13d114a5b1b14cf4e1fd9ffccc3f7ec4453bb00d8b5646f1,27773ee3cf1321a6df5af0d8564df97f12abc251474dd91af3ea8547cc0a0bc5
P1_a07,3,0;3;5,I;aVR;aVF,936,0.9143039309448492,0.6898550724637681,0.788218793828892,0.6949677134688207,0.7027330481046936,binary;multiclass,0.9288795571673983,0.6511627906976745,0.7538461538461538,0.5615384615384615,0.9665196942974721,0.8784530386740331,0.8833333333333333,0.9,0.8992493023621428,0.696969696969697,0.696969696969697,0.6484848484848484,0.9516207727981127,0.8563611491108071,0.8258575197889182,0.8047493403693932,0.8730936196949791,0.3918918918918919,0.35365853658536583,0.3902439024390244,6.602497100000619,42,287148bfd01ac67b5192268c6c69cc4cc230c004bdfdf332285f38a3b43b08dd,c175815089a491399700d9c586c067665dd8b48251196512f77a0b7e2732d91c,34060e20ca6ca6de13d114a5b1b14cf4e1fd9ffccc3f7ec4453bb00d8b5646f1,06d04360989eee8489783ebdac75e4de2ab191079fcb44e53c8ab95f6dedcde4
P1_a07,3,0;3;6,I;aVR;V1,936,0.9154515804703401,0.6782608695652174,0.7827298050139275,0.68927482142603,0.6989956743673199,binary;multiclass,0.9311509830120253,0.6511627906976745,0.7538461538461538,0.6076923076923076,0.9683788947677837,0.8791208791208791,0.8888888888888888,0.9055555555555556,0.9068191644067131,0.6686746987951807,0.6727272727272727,0.6242424242424243,0.9589868452840556,0.8658367911479945,0.8258575197889182,0.8232189973614775,0.8682812589250014,0.3815789473684211,0.35365853658536583,0.34146341463414637,6.639373300000443,42,287148bfd01ac67b5192268c6c69cc4cc230c004bdfdf332285f38a3b43b08dd,c175815089a491399700d9c586c067665dd8b48251196512f77a0b7e2732d91c,34060e20ca6ca6de13d114a5b1b14cf4e1fd9ffccc3f7ec4453bb00d8b5646f1,30bd1905e55278bb2deb241fbeb460110d6fe89d72a489ed87aeab9cf2dff5aa
P1_a07,3,0;3;7,I;aVR;V2,936,0.914514823806371,0.7043478260869566,0.7870239774330042,0.6888253616336824,0.6964593716199354,binary;multiclass,0.932048100782592,0.6360655737704918,0.7461538461538462,0.6,0.9678057025279249,0.8938547486033519,0.8888888888888888,0.9,0.9048775694690091,0.6687306501547987,0.6545454545454545,0.6060606060606061,0.9558509353254099,0.8688524590163934,0.8390501319261213,0.8232189973614775,0.8629119780659165,0.37662337662337664,0.35365853658536583,0.3902439024390244,6.6292161000001215,42,287148bfd01ac67b5192268c6c69cc4cc230c004bdfdf332285f38a3b43b08dd,c175815089a491399700d9c586c067665dd8b48251196512f77a0b7e2732d91c,34060e20ca6ca6de13d114a5b1b14cf4e1fd9ffccc3f7ec4453bb00d8b5646f1,defc7f9bbfb8226dabb4a09c16926380b4ab45f969bf724047657a37a358d7e1
P1_a07,3,0;3;8,I;aVR;V3,936,0.912111626082052,0.6695652173913044,0.7894002789400278,0.6819230867121122,0.6897036051305953,binary;multiclass,0.9294808169497996,0.6266666666666667,0.7230769230769231,0.6,0.9657554379776602,0.8938547486033519,0.8888888888888888,0.9,0.9076995637306922,0.6746987951807228,0.6787878787878788,0.593939393939394,0.9527529215596178,0.8614540466392319,0.8284960422163589,0.8073878627968337,0.8610984177757468,0.35294117647058826,0.32926829268292684,0.32926829268292684,6.6118065000009665,42,287148bfd01ac67b5192268c6c69cc4cc230c004bdfdf332285f38a3b43b08dd,c175815089a491399700d9c586c067665dd8b48251196512f77a0b7e2732d91c,34060e20ca6ca6de13d114a5b1b14cf4e1fd9ffccc3f7ec4453bb00d8b5646f1,1585bc8d47ff6c5c4c7f7800ff86606cff97e290dc653099ef4e7b72c775cb44
P1_a07,3,0;3;9,I;aVR;V4,936,0.9148434243115328,0.7072463768115942,0.7872044506258693,0.6881959390528584,0.6956518448480608,binary;multiclass,0.9287841191066998,0.6287625418060201,0.7230769230769231,0.5615384615384615,0.9630658436213992,0.8888888888888888,0.8888888888888888,0.9,0.9122823566403333,0.6790123456790124,0.6666666666666666,0.593939393939394,0.9508344267963981,0.8645690834473324,0.8337730870712401,0.820580474934037,0.8506740161078427,0.379746835443038,0.36585365853658536,0.34146341463414637,6.615213900000526,42,287148bfd01ac67b5192268c6c69cc4cc230c004bdfdf332285f38a3b43b08dd,c175815089a491399700d9c586c067665dd8b48251196512f77a0b7e2732d91c,34060e20ca6ca6de13d114a5b1b14cf4e1fd9ffccc3f7ec4453bb00d8b5646f1,ef02d63208e0d75c8bc684d4f85f10b67caa359f58572de90e7e20f41511b9ce
P1_a07,3,0;3;10,I;aVR;V5,936,0.9157164226685305,0.6956521739130435,0.7849162011173184,0.6837623632996461,0.6921275415348394,binary;multiclass,0.9279156327543425,0.6270627062706271,0.7307692307692307,0.5307692307692308,0.9641754850088184,0.8938547486033519,0.8888888888888888,0.9055555555555556,0.9096490193766458,0.6625766871165644,0.6545454545454545,0.5878787878787879,0.9495933264804384,0.8555708390646493,0.820580474934037,0.7968337730870713,0.8619123779059804,0.379746835443038,0.36585365853658536,0.3170731707317073,6.621262300001035,42,287148bfd01ac67b5192268c6c69cc4cc230c004bdfdf332285f38a3b43b08dd,c175815089a491399700d9c586c067665dd8b48251196512f77a0b7e2732d91c,34060e20ca6ca6de13d114a5b1b14cf4e1fd9ffccc3f7ec4453bb00d8b5646f1,2b10240e9e2dd3dbcac10bf20ea232fcb30c304f27bf8e00f5cffcfa1c7d1d9d
P1_a07,3,0;3;11,I;aVR;V6,936,0.9141960322715122,0.6840579710144927,0.788135593220339,0.6844638647096608,0.6926477820325558,binary;multiclass,0.9295094483680091,0.6261980830670927,0.7538461538461538,0.5538461538461539,0.9654320987654321,0.9019607843137255,0.8944444444444445,0.9055555555555556,0.9032739849860473,0.6687306501547987,0.6545454545454545,0.5757575757575758,0.9497496482759602,0.863013698630137,0.8311345646437994,0.8047493403693932,0.8667247386759581,0.3624161073825503,0.32926829268292684,0.3170731707317073,6.615976700000829,42,287148bfd01ac67b5192268c6c69cc4cc230c004bdfdf332285f38a3b43b08dd,c175815089a491399700d9c586c067665dd8b48251196512f77a0b7e2732d91c,34060e20ca6ca6de13d114a5b1b14cf4e1fd9ffccc3f7ec4453bb00d8b5646f1,ac2620cc908350e64a2592a138e3e6fe5cb6a225bce9042d6b88fadd61b19d8a
P1_a07,3,0;4;5,I;aVL;aVF,936,0.9130680006866279,0.6811594202898551,0.7916666666666666,0.6891779063784635,0.6979242733512635,binary;multiclass,0.9288413819431188,0.6493506493506493,0.7692307692307693,0.5538461538461539,0.9675631981187538,0.8802228412256268,0.8777777777777778,0.9,0.8982431317061668,0.6786786786786787,0.6848484848484848,0.6242424242424243,0.9510570669294136,0.8626373626373627,0.8284960422163589,0.8153034300791556,0.8742217398754785,0.375,0.32926829268292684,0.34146341463414637,6.643433399998685,42,287148bfd01ac67b5192268c6c69cc4cc230c004bdfdf332285f38a3b43b08dd,c175815089a491399700d9c586c067665dd8b48251196512f77a0b7e2732d91c,34060e20ca6ca6de13d114a5b1b14cf4e1fd9ffccc3f7ec4453bb00d8b5646f1,846486b17fc35255973c62367250ce5b3e5a83bf6c950bf820c655b078392ffd
P1_a07,3,0;4;6,I;aVL;V1,936,0.9142205546972708,0.6695652173913044,0.7883817427385892,0.6814123355283777,0.6914135608762033,binary;multiclass,0.9274957052872685,0.6270627062706271,0.7307692307692307,0.5307692307692308,0.9683788947677836,0.8839779005524862,0.8888888888888888,0.9,0.9040128915615296,0.6548672566371682,0.6727272727272727,0.5757575757575758,0.9602184715518017,0.8702928870292888,0.8232189973614775,0.8258575197889182,0.8576854972296796,0.3708609271523179,0.34146341463414637,0.34146341463414637,6.611103999999614,42,287148bfd01ac67b5192268c6c69cc4cc230c004bdfdf332285f38a3b43b08dd,c175815089a491399700d9c586c067665dd8b48251196512f77a0b7e2732d91c,34060e20ca6ca6de13d114a5b1b14cf4e1fd9ffccc3f7ec4453bb00d8b5646f1,632988e5ef728a4cd9fbebafc5911b1cb305f51382fa91744ed7451093f9d9df
P1_a07,3,0;4;7,I;aVL;V2,936,0.9102135903283554,0.6782608695652174,0.7937411095305832,0.6844697778572973,0.6925734056720606,binary;multiclass,0.9304733727810651,0.6312292358803987,0.7307692307692307,0.5615384615384615,0.9672766019988243,0.8851540616246498,0.8777777777777778,0.9055555555555556,0.896678850764454,0.6439628482972136,0.6303030303030303,0.5757575757575758,0.9576462674618551,0.8669410150891632,0.8337730870712401,0.8258575197889182,0.8641543382646941,0.3950617283950617,0.3902439024390244,0.36585365853658536,6.609606599999097,42,287148bfd01ac67b5192268c6c69cc4cc230c004bdfdf332285f38a3b43b08dd,c175815089a491399700d9c586c067665dd8b48251196512f77a0b7e2732d91c,34060e20ca6ca6de13d114a5b1b14cf4e1fd9ffccc3f7ec4453bb00d8b5646f1,bf48208c3936eff18ec26a013519fc9f8354d18f101735ec1b93649dcd7f20ba
P1_a07,3,0;4;8,I;aVL;V3,936,0.9096986193874298,0.6492753623188405,0.7938288920056101,0.6857421012464865,0.6951431646058069,binary;multiclass,0.9326589043710632,0.6366559485530546,0.7615384615384615,0.5923076923076923,0.9667989417989418,0.8913649025069638,0.8888888888888888,0.9,0.9035255276500413,0.6666666666666666,0.6606060606060606,0.5515151515151515,0.9522886931971596,0.8606896551724138,0.8232189973614775,0.8021108179419525,0.8664962586394014,0.37333333333333335,0.34146341463414637,0.34146341463414637,6.604613600000448,42,287148bfd01ac67b5192268c6c69cc4cc230c004bdfdf332285f38a3b43b08dd,c175815089a491399700d9c586c067665dd8b48251196512f77a0b7e2732d91c,34060e20ca6ca6de13d114a5b1b14cf4e1fd9ffccc3f7ec4453bb00d8b5646f1,a69829b4588dd61f40d31173b84916bf90d8efb1a0ad78bc9a0ed61b7fe61447
P1_a07,3,0;4;9,I;aVL;V4,936,0.9143676892518208,0.6927536231884058,0.7955182072829131,0.6861653786630056,0.693484668723101,binary;multiclass,0.9293662912769612,0.62,0.7153846153846154,0.6,0.9638080540858319,0.8969359331476323,0.8944444444444445,0.9055555555555556,0.9108595684471171,0.6687116564417178,0.6606060606060606,0.5636363636363636,0.9494133195643832,0.863013698630137,0.8311345646437994,0.8021108179419525,0.8544010967041754,0.3821656050955414,0.36585365853658536,0.35365853658536583,6.61992199999986,42,287148bfd01ac67b5192268c6c69cc4cc230c004bdfdf332285f38a3b43b08dd,c175815089a491399700d9c586c067665dd8b48251196512f77a0b7e2732d91c,34060e20ca6ca6de13d114a5b1b14cf4e1fd9ffccc3f7ec4453bb00d8b5646f1,276147576ba7cfdae33b3d2c41a44613755cd4216245b5640d221ee558317dc6
P1_a07,3,0;4;10,I;aVL;V5,936,0.9138968586772603,0.6782608695652174,0.7850208044382802,0.6924177454587643,0.7009701603999822,binary;multiclass,0.9261404848253484,0.6229508196721312,0.7307692307692307,0.5384615384615384,0.9646457965902411,0.8913649025069638,0.8888888888888888,0.9055555555555556,0.9080139920606847,0.6727272727272727,0.6727272727272727,0.6060606060606061,0.9481059009109296,0.8492392807745505,0.8100263852242744,0.783641160949868,0.8647540983606556,0.4258064516129032,0.4024390243902439,0.35365853658536583,6.607670899998993,42,287148bfd01ac67b5192268c6c69cc4cc230c004bdfdf332285f38a3b43b08dd,c175815089a491399700d9c586c067665dd8b48251196512f77a0b7e2732d91c,34060e20ca6ca6de13d114a5b1b14cf4e1fd9ffccc3f7ec4453bb00d8b5646f1,81c53899f301c3993fc256f0059275d666f4245eda3c3be308fa03ce1320625c
P1_a07,3,0;4;11,I;aVL;V6,936,0.912170479903872,0.6695652173913044,0.7972027972027972,0.6818745738951465,0.6890308946689665,binary;multiclass,0.9270948654323343,0.6095238095238096,0.7384615384615385,0.5230769230769231,0.9663359788359789,0.8932584269662921,0.8833333333333333,0.9055555555555556,0.9007428369296072,0.6850152905198776,0.6787878787878788,0.6121212121212121,0.9477837832716731,0.8465753424657534,0.8153034300791556,0.7941952506596306,0.8660250185640029,0.375,0.32926829268292684,0.3780487804878049,6.585538200000883,42,287148bfd01ac67b5192268c6c69cc4cc230c004bdfdf332285f38a3b43b08dd,c175815089a491399700d9c586c067665dd8b48251196512f77a0b7e2732d91c,34060e20ca6ca6de13d114a5b1b14cf4e1fd9ffccc3f7ec4453bb00d8b5646f1,ec6f5c311bb47bddc61f84e46467e59e0e344021b104bd05bab25d6e525af28f
P1_a07,3,0;5;6,I;aVF;V1,936,0.9134897864096717,0.672463768115942,0.7905027932960894,0.6939743135710329,0.7043401276273403,binary;multiclass,0.930683336514602,0.6557377049180327,0.7692307692307693,0.5769230769230769,0.9674456202233981,0.8815426997245179,0.8888888888888888,0.9,0.9026058247848131,0.6746987951807228,0.6787878787878788,0.6121212121212121,0.958996319332269,0.8737864077669902,0.8311345646437994,0.8337730870712401,0.8662249385959901,0.3841059602649007,0.35365853658536583,0.3048780487804878,6.602375700000266,42,287148bfd01ac67b5192268c6c69cc4cc230c004bdfdf332285f38a3b43b08dd,c175815089a491399700d9c586c067665dd8b48251196512f77a0b7e2732d91c,34060e20ca6ca6de13d114a5b1b14cf4e1fd9ffccc3f7ec4453bb00d8b5646f1,1fc6c861ab9fc3e8edf3dc71f2b8583f5d1af3593df3f5e727ce92f24b55496a
P1_a07,3,0;5;7,I;aVF;V2,936,0.9123029010029673,0.6521739130434783,0.7843137254901961,0.6918191284483701,0.700392205630638,binary;multiclass,0.9322103454857797,0.6470588235294118,0.7615384615384615,0.5923076923076923,0.9667328042328043,0.8913649025069638,0.8888888888888888,0.9,0.9013009472153442,0.6605504587155964,0.6545454545454545,0.593939393939394,0.956566225965524,0.8653846153846154,0.8311345646437994,0.8100263852242744,0.8647255383560862,0.39473684210526316,0.36585365853658536,0.3780487804878049,6.6518288999996,42,287148bfd01ac67b5192268c6c69cc4cc230c004bdfdf332285f38a3b43b08dd,c175815089a491399700d9c586c067665dd8b48251196512f77a0b7e2732d91c,34060e20ca6ca6de13d114a5b1b14cf4e1fd9ffccc3f7ec4453bb00d8b5646f1,2bf621e0208291197abf1b856b2bfd2ad3f5e0d8b7224e451a973d33b4c1f08e
P1_a07,3,0;5;8,I;aVF;V3,936,0.9122244292405405,0.6666666666666666,0.7927677329624478,0.6796735161969971,0.6877922852258395,binary;multiclass,0.9298530253865241,0.6245847176079734,0.7230769230769231,0.5769230769230769,0.965351263962375,0.8864265927977839,0.8888888888888888,0.9,0.9065519003262194,0.6787878787878788,0.6787878787878788,0.5818181818181818,0.9534966343443723,0.8641975308641975,0.8311345646437994,0.7915567282321899,0.8615982178557149,0.3443708609271523,0.3170731707317073,0.32926829268292684,6.7777759000000515,42,287148bfd01ac67b5192268c6c69cc4cc230c004bdfdf332285f38a3b43b08dd,c175815089a491399700d9c586c067665dd8b48251196512f77a0b7e2732d91c,34060e20ca6ca6de13d114a5b1b14cf4e1fd9ffccc3f7ec4453bb00d8b5646f1,b4d9eca6af928f650abd944e961dc973da5fc815d7f0bf0c76a99013d304bf0c
P1_a07,3,0;5;9,I;aVF;V4,936,0.9144608744697026,0.7014492753623188,0.7876230661040787,0.6877466263014341,0.694655869761089,binary;multiclass,0.9285932429853025,0.6241610738255033,0.7153846153846154,0.5846153846153846,0.9626175778953557,0.8888888888888888,0.8888888888888888,0.9055555555555556,0.9097747907086428,0.6708074534161491,0.6545454545454545,0.593939393939394,0.9511044371704807,0.8649386084583902,0.8364116094986808,0.8021108179419525,0.853001656480265,0.389937106918239,0.3780487804878049,0.36585365853658536,6.662684099999751,42,287148bfd01ac67b5192268c6c69cc4cc230c004bdfdf332285f38a3b43b08dd,c175815089a491399700d9c586c067665dd8b48251196512f77a0b7e2732d91c,34060e20ca6ca6de13d114a5b1b14cf4e1fd9ffccc3f7ec4453bb00d8b5646f1,49b1ec09a3b22f14c5f043ffb2240793ab291bc5d228afa285eec1f61245d58d
P1_a07,3,0;5;10,I;aVF;V5,936,0.9148728512224429,0.6956521739130435,0.788218793828892,0.6854315964142562,0.6942084895247904,binary;multiclass,0.9294521855315899,0.6336633663366337,0.7384615384615385,0.5461538461538461,0.9640138154027043,0.8888888888888888,0.8888888888888888,0.9055555555555556,0.9068977714892112,0.6563467492260062,0.6424242424242425,0.593939393939394,0.9500101846018294,0.8583218707015131,0.8232189973614775,0.7862796833773087,0.8665819386531102,0.389937106918239,0.3780487804878049,0.32926829268292684,6.692170199999964,42,287148bfd01ac67b5192268c6c69cc4cc230c004bdfdf332285f38a3b43b08dd,c175815089a491399700d9c586c067665dd8b48251196512f77a0b7e2732d91c,34060e20ca6ca6de13d114a5b1b14cf4e1fd9ffccc3f7ec4453bb00d8b5646f1,68eb1d41fe0cae6185557b9a4e4867e8f7498ebfcc8f7365030dd803fac814a4
P1_a07,3,0;5;11,I;aVF;V6,936,0.9134064101620932,0.6869565217391305,0.7920792079207921,0.6780997726874557,0.6863322818146165,binary;multiclass,0.9289940828402367,0.6237942122186495,0.7461538461538462,0.5461538461538461,0.9655864197530863,0.8938547486033519,0.8888888888888888,0.9,0.8999096018551271,0.662613981762918,0.6606060606060606,0.5757575757575758,0.9492475237206481,0.863013698630137,0.8311345646437994,0.7862796833773087,0.8670531787285086,0.3472222222222222,0.3048780487804878,0.32926829268292684,6.731780599999183,42,287148bfd01ac67b5192268c6c69cc4cc230c004bdfdf332285f38a3b43b08dd,c175815089a491399700d9c586c067665dd8b48251196512f77a0b7e2732d91c,34060e20ca6ca6de13d114a5b1b14cf4e1fd9ffccc3f7ec4453bb00d8b5646f1,077c8190ecb95cd863c4a5fe9ec16a54bc05bcdc3c6d91388900ce1f41d970fd
P1_a07,3,0;6;7,I;V1;V2,936,0.9078937688516149,0.6695652173913044,0.7851002865329513,0.6930351636781367,0.7017709227298005,binary;multiclass,0.9255392250429471,0.6098360655737705,0.7153846153846154,0.5538461538461539,0.9645061728395061,0.9050279329608939,0.9,0.9166666666666666,0.8911056086153364,0.6625,0.6424242424242425,0.6242424242424243,0.9639086133309333,0.8756906077348067,0.8364116094986808,0.8311345646437994,0.8657394185183069,0.4121212121212121,0.4146341463414634,0.43902439024390244,6.77634930000022,42,287148bfd01ac67b5192268c6c69cc4cc230c004bdfdf332285f38a3b43b08dd,c175815089a491399700d9c586c067665dd8b48251196512f77a0b7e2732d91c,34060e20ca6ca6de13d114a5b1b14cf4e1fd9ffccc3f7ec4453bb00d8b5646f1,2db4b977fbc5d6a6dd80fac0b014fec643cc4c51d5ce1bdd832e943c2a4aef6a
P1_a07,3,0;6;8,I;V1;V3,936,0.913082714142083,0.6753623188405797,0.7926657263751763,0.6831523894488338,0.692404987665944,binary;multiclass,0.9270757778201946,0.6013071895424836,0.7076923076923077,0.5692307692307692,0.9652851263962375,0.8888888888888888,0.8888888888888888,0.9166666666666666,0.9022049286640726,0.660436137071651,0.6424242424242425,0.5878787878787879,0.9574615235216932,0.8626907073509015,0.820580474934037,0.8284960422163589,0.8648397783743645,0.4024390243902439,0.4024390243902439,0.35365853658536583,6.762162400000307,42,287148bfd01ac67b5192268c6c69cc4cc230c004bdfdf332285f38a3b43b08dd,c175815089a491399700d9c586c067665dd8b48251196512f77a0b7e2732d91c,34060e20ca6ca6de13d114a5b1b14cf4e1fd9ffccc3f7ec4453bb00d8b5646f1,a4a52c416a376a70398d035176cb33d040cdf5aff98d8092beafe611c5a3f89f
P1_a07,3,0;6;9,I;V1;V4,936,0.9185806419971063,0.6898550724637681,0.8072625698324022,0.6916830646077846,0.7023903077066086,binary;multiclass,0.9270948654323344,0.6254071661237784,0.7384615384615385,0.6,0.9641534391534391,0.8956043956043956,0.9055555555555556,0.9222222222222223,0.9119915104350902,0.6832298136645962,0.6666666666666666,0.6,0.9578499594984439,0.8690807799442897,0.8232189973614775,0.8311345646437994,0.8559147769463642,0.38509316770186336,0.3780487804878049,0.32926829268292684,6.717007999999623,42,287148bfd01ac67b5192268c6c69cc4cc230c004bdfdf332285f38a3b43b08dd,c175815089a491399700d9c586c067665dd8b48251196512f77a0b7e2732d91c,34060e20ca6ca6de13d114a5b1b14cf4e1fd9ffccc3f7ec4453bb00d8b5646f1,0064449cb536c5dafcc332b5ec20acfa9b1f6b7a9a77991760a19643e3c86ec4
P1_a07,3,0;6;10,I;V1;V5,936,0.9195517300571372,0.6927536231884058,0.8011204481792717,0.6814977299162088,0.6924328459864852,binary;multiclass,0.9269994273716358,0.6198083067092651,0.7461538461538462,0.5230769230769231,0.9657260435038213,0.8956043956043956,0.9055555555555556,0.9166666666666666,0.9133199701293085,0.6728395061728395,0.6606060606060606,0.6060606060606061,0.9590863227902968,0.8662952646239555,0.820580474934037,0.8284960422163589,0.8525018564002971,0.35294117647058826,0.32926829268292684,0.34146341463414637,6.663987500000076,42,287148bfd01ac67b5192268c6c69cc4cc230c004bdfdf332285f38a3b43b08dd,c175815089a491399700d9c586c067665dd8b48251196512f77a0b7e2732d91c,34060e20ca6ca6de13d114a5b1b14cf4e1fd9ffccc3f7ec4453bb00d8b5646f1,bd23e3e2ab1547301106fc8a010f45553e0ee6e3dfe8557175c2eb567bb3981a
P1_a07,3,0;6;11,I;V1;V6,936,0.9166090389661345,0.672463768115942,0.7938288920056101,0.6879160028256109,0.6980406194544814,binary;multiclass,0.9299007444168734,0.6258064516129033,0.7461538461538462,0.5076923076923077,0.968312757201646,0.8969359331476323,0.8944444444444445,0.9111111111111111,0.9073929961089495,0.6747720364741642,0.6727272727272727,0.6303030303030303,0.9612843019758128,0.8678720445062587,0.8232189973614775,0.8232189973614775,0.8623693379790941,0.3741935483870968,0.35365853658536583,0.35365853658536583,6.671603900000264,42,287148bfd01ac67b5192268c6c69cc4cc230c004bdfdf332285f38a3b43b08dd,c175815089a491399700d9c586c067665dd8b48251196512f77a0b7e2732d91c,34060e20ca6ca6de13d114a5b1b14cf4e1fd9ffccc3f7ec4453bb00d8b5646f1,62b9496c87add6c56e802dc8926caab44d20e0577fabf17969e453905f66f7dd
P1_a07,3,0;7;8,I;V2;V3,936,0.9105667132592756,0.6869565217391305,0.786013986013986,0.6755846994875219,0.6841316495032951,binary;multiclass,0.9282878411910671,0.6138613861386139,0.7153846153846154,0.5384615384615384,0.9656158142269253,0.888268156424581,0.8833333333333333,0.9111111111111111,0.8993357701528908,0.654320987654321,0.6424242424242425,0.5818181818181818,0.9554530253004458,0.863448275862069,0.8258575197889182,0.8073878627968337,0.8565859370537499,0.35802469135802467,0.35365853658536583,0.34146341463414637,6.628985600000306,42,287148bfd01ac67b5192268c6c69cc4cc230c004bdfdf332285f38a3b43b08dd,c175815089a491399700d9c586c067665dd8b48251196512f77a0b7e2732d91c,34060e20ca6ca6de13d114a5b1b14cf4e1fd9ffccc3f7ec4453bb00d8b5646f1,c33772406e4a0ae26183dd9bd23bd2a46476166cce6905c883d72c28dc4670a1
P1_a07,3,0;7;9,I;V2;V4,936,0.9172613354913068,0.6985507246376812,0.7950138504155124,0.6875312516741581,0.6970446443675093,binary;multiclass,0.9274575300629891,0.6336633663366337,0.7384615384615385,0.5923076923076923,0.9643885949441505,0.8944444444444445,0.8944444444444445,0.9111111111111111,0.909311008921904,0.6687116564417178,0.6606060606060606,0.6121212121212121,0.9566562294235516,0.8658367911479945,0.8258575197889182,0.8284960422163589,0.8504455360712858,0.375,0.36585365853658536,0.3780487804878049,6.6334635999992315,42,287148bfd01ac67b5192268c6c69cc4cc230c004bdfdf332285f38a3b43b08dd,c175815089a491399700d9c586c067665dd8b48251196512f77a0b7e2732d91c,34060e20ca6ca6de13d114a5b1b14cf4e1fd9ffccc3f7ec4453bb00d8b5646f1,7db5470fe0c907a50c7a2300c9ca3920115a9fe33abe2fc60fd0de07201c4bf3
P1_a07,3,0;7;10,I;V2;V5,936,0.9171191054219084,0.6811594202898551,0.8044692737430168,0.6846490437598873,0.694491694032205,binary;multiclass,0.9275434243176178,0.6089743589743589,0.7307692307692307,0.5384615384615384,0.9653953556731335,0.9050279329608939,0.9,0.9111111111111111,0.9087528986361672,0.6706948640483383,0.6727272727272727,0.6,0.9568409733637134,0.8619246861924686,0.8153034300791556,0.8179419525065963,0.8498886159821786,0.37662337662337664,0.35365853658536583,0.32926829268292684,6.660393500000282,42,287148bfd01ac67b5192268c6c69cc4cc230c004bdfdf332285f38a3b43b08dd,c175815089a491399700d9c586c067665dd8b48251196512f77a0b7e2732d91c,34060e20ca6ca6de13d114a5b1b14cf4e1fd9ffccc3f7ec4453bb00d8b5646f1,65dc2caa30cafd7671a74f74078da117690f415ae9c1d81f600112907f396fdd
P1_a07,3,0;7;11,I;V2;V6,936,0.9151131709948748,0.672463768115942,0.8,0.6874715144695116,0.6996067793030274,binary;multiclass,0.9310650887573964,0.620253164556962,0.7538461538461538,0.5615384615384615,0.9674088771310994,0.9,0.9,0.9111111111111111,0.9027630389498095,0.6748466257668712,0.6666666666666666,0.593939393939394,0.9572341463645708,0.8523206751054853,0.7994722955145118,0.8021108179419525,0.8589992574398811,0.389937106918239,0.3780487804878049,0.34146341463414637,6.673516499999096,42,287148bfd01ac67b5192268c6c69cc4cc230c004bdfdf332285f38a3b43b08dd,c175815089a491399700d9c586c067665dd8b48251196512f77a0b7e2732d91c,34060e20ca6ca6de13d114a5b1b14cf4e1fd9ffccc3f7ec4453bb00d8b5646f1,8d4e9b445ab5a1dd740fdb583ed0aa4e4b5cd98155e892eedf817f829de71ad8
P1_a07,3,0;8;9,I;V3;V4,936,0.9132396576669365,0.6405797101449275,0.7905027932960894,0.675924428784546,0.6857190052369921,binary;multiclass,0.9286123305974422,0.6222222222222222,0.7538461538461538,0.5461538461538461,0.9631687242798354,0.8833333333333333,0.8833333333333333,0.9111111111111111,0.9061981684549778,0.6729559748427673,0.6484848484848484,0.6,0.950218613662525,0.863448275862069,0.8258575197889182,0.8073878627968337,0.8487033757925401,0.33766233766233766,0.3170731707317073,0.34146341463414637,6.644550099999833,42,287148bfd01ac67b5192268c6c69cc4cc230c004bdfdf332285f38a3b43b08dd,c175815089a491399700d9c586c067665dd8b48251196512f77a0b7e2732d91c,34060e20ca6ca6de13d114a5b1b14cf4e1fd9ffccc3f7ec4453bb00d8b5646f1,205be9ce5d65cbed1d7b2f53eb9eb52108da2096113f48b25a3b98feecb53fcd
P1_a07,3,0;8;10,I;V3;V5,936,0.9138331003702886,0.6666666666666666,0.800557880055788,0.681048961412557,0.6921930838180275,binary;multiclass,0.9279156327543425,0.6163522012578616,0.7538461538461538,0.5538461538461539,0.9643004115226337,0.8913649025069638,0.8888888888888888,0.9111111111111111,0.9088786699681641,0.6728971962616822,0.6545454545454545,0.6,0.9519571015096895,0.8575418994413407,0.8100263852242744,0.8179419525065963,0.8477180556348888,0.3670886075949367,0.35365853658536583,0.34146341463414637,6.6248236000010365,42,287148bfd01ac67b5192268c6c69cc4cc230c004bdfdf332285f38a3b43b08dd,c175815089a491399700d9c586c067665dd8b48251196512f77a0b7e2732d91c,34060e20ca6ca6de13d114a5b1b14cf4e1fd9ffccc3f7ec4453bb00d8b5646f1,70fd565ee38078af52c8edee39dc95245d570af72e8a95b4e672d4176d0756c6
P1_a07,3,0;8;11,I;V3;V6,936,0.9126462149635841,0.6782608695652174,0.7870239774330042,0.6835602490559021,0.695301742968903,binary;multiclass,0.92945218553159,0.620253164556962,0.7538461538461538,0.5692307692307692,0.9657995296884184,0.8864265927977839,0.8888888888888888,0.9111111111111111,0.9043902055575207,0.6809815950920245,0.6727272727272727,0.593939393939394,0.9531224094399415,0.8583450210378681,0.8073878627968337,0.8179419525065963,0.8557291369166619,0.3717948717948718,0.35365853658536583,0.3170731707317073,6.61463619999995,42,287148bfd01ac67b5192268c6c69cc4cc230c004bdfdf332285f38a3b43b08dd,c175815089a491399700d9c586c067665dd8b48251196512f77a0b7e2732d91c,34060e20ca6ca6de13d114a5b1b14cf4e1fd9ffccc3f7ec4453bb00d8b5646f1,91ebc8053b60ffcdff57264e2a0ec9c887659eb3c0c240918a5421c2ec05fa31
P1_a07,3,0;9;10,I;V4;V5,936,0.9153142548860933,0.6579710144927536,0.797752808988764,0.6800144411047192,0.6888499103416408,binary;multiclass,0.9230387478526437,0.6129032258064516,0.7307692307692307,0.5153846153846153,0.9634332745443857,0.88268156424581,0.8777777777777778,0.9111111111111111,0.9100263333726369,0.6687306501547987,0.6545454545454545,0.6,0.9477553611270328,0.8535911602209945,0.8153034300791556,0.7968337730870713,0.8383503741360598,0.3821656050955414,0.36585365853658536,0.32926829268292684,6.600530200001231,42,287148bfd01ac67b5192268c6c69cc4cc230c004bdfdf332285f38a3b43b08dd,c175815089a491399700d9c586c067665dd8b48251196512f77a0b7e2732d91c,34060e20ca6ca6de13d114a5b1b14cf4e1fd9ffccc3f7ec4453bb00d8b5646f1,0bc8b82f74752912af8b1b45d51fb250ef0c718ae8a7c329a3715f7092b7b0a8
P1_a07,3,0;9;11,I;V4;V6,936,0.9154417715000369,0.6550724637681159,0.8016759776536313,0.6726768440233851,0.6809805105763662,binary;multiclass,0.9265794999045619,0.6072607260726073,0.7076923076923077,0.5615384615384615,0.9646457965902411,0.8833333333333333,0.8833333333333333,0.9111111111111111,0.9090909090909092,0.6748466257668712,0.6666666666666666,0.6,0.950668630952663,0.8539944903581267,0.8179419525065963,0.7889182058047494,0.8451619352259097,0.34394904458598724,0.32926829268292684,0.3170731707317073,6.631185399999595,42,287148bfd01ac67b5192268c6c69cc4cc230c004bdfdf332285f38a3b43b08dd,c175815089a491399700d9c586c067665dd8b48251196512f77a0b7e2732d91c,34060e20ca6ca6de13d114a5b1b14cf4e1fd9ffccc3f7ec4453bb00d8b5646f1,9993b6046f7e34baea5a1a1e9b77a4d6224db3a23c6fe4f2fc0a5adae45dac75
P1_a07,3,0;10;11,I;V5;V6,936,0.9141960322715124,0.6550724637681159,0.7960893854748603,0.6746344445809909,0.6855059353128727,binary;multiclass,0.9243748807024241,0.6153846153846154,0.7384615384615385,0.5076923076923077,0.964535567313345,0.8919667590027701,0.8944444444444445,0.9111111111111111,0.9053099084227489,0.6666666666666666,0.6606060606060606,0.5878787878787879,0.9481816932966372,0.8507670850767085,0.8047493403693932,0.7810026385224275,0.8470183355229336,0.34838709677419355,0.32926829268292684,0.3048780487804878,6.6532842999986315,42,287148bfd01ac67b5192268c6c69cc4cc230c004bdfdf332285f38a3b43b08dd,c175815089a491399700d9c586c067665dd8b48251196512f77a0b7e2732d91c,34060e20ca6ca6de13d114a5b1b14cf4e1fd9ffccc3f7ec4453bb00d8b5646f1,ee61fcf12a9485e931026c2f166c5ca3c4d6eae72452f653a0672f0f7f917960
P1_a07,3,1;2;3,II;III;aVR,936,0.9138527183108953,0.672463768115942,0.7900552486187845,0.6916210122296739,0.6989642443133659,binary;multiclass,0.9305210918114144,0.6578073089700996,0.7615384615384615,0.6076923076923076,0.9659465020576131,0.8864265927977839,0.8888888888888888,0.9,0.9001218409778722,0.6888217522658611,0.6909090909090909,0.6424242424242425,0.952430803920361,0.8614130434782609,0.8364116094986808,0.8100263852242744,0.8709516193522591,0.36363636363636365,0.3170731707317073,0.3902439024390244,6.6556399000000965,42,287148bfd01ac67b5192268c6c69cc4cc230c004bdfdf332285f38a3b43b08dd,c175815089a491399700d9c586c067665dd8b48251196512f77a0b7e2732d91c,34060e20ca6ca6de13d114a5b1b14cf4e1fd9ffccc3f7ec4453bb00d8b5646f1,7fa458fbcc1ed22907a9b2b6c929269ad89c0f399dadabf08454c67efabc73fa
P1_a07,3,1;2;4,II;III;aVL,936,0.9145246327766744,0.6956521739130435,0.7955493741307371,0.6872353004749681,0.6966104859952597,binary;multiclass,0.9305592670356939,0.6387096774193548,0.7615384615384615,0.6076923076923076,0.9653365667254556,0.8870523415977961,0.8944444444444445,0.9,0.9014188578390914,0.672782874617737,0.6666666666666666,0.6242424242424243,0.9524639630891082,0.8677685950413223,0.8311345646437994,0.8100263852242744,0.873964699834352,0.3698630136986301,0.32926829268292684,0.36585365853658536,6.636496200000693,42,287148bfd01ac67b5192268c6c69cc4cc230c004bdfdf332285f38a3b43b08dd,c175815089a491399700d9c586c067665dd8b48251196512f77a0b7e2732d91c,34060e20ca6ca6de13d114a5b1b14cf4e1fd9ffccc3f7ec4453bb00d8b5646f1,6c5806b6399caebd4efcac11146de4f41df81a68bd3e99f77da07e7f1ea6281b
P1_a07,3,1;2;5,II;III;aVF,936,0.9147600480639546,0.6782608695652174,0.7917808219178082,0.6854202094546056,0.6956970072994271,binary;multiclass,0.9291372399312846,0.6428571428571429,0.7615384615384615,0.5923076923076923,0.9656452087007642,0.8870523415977961,0.8944444444444445,0.9,0.9001847266438707,0.6807228915662651,0.6848484848484848,0.6303030303030303,0.9530324059819141,0.8603042876901799,0.820580474934037,0.8047493403693932,0.8691094990575199,0.3561643835616438,0.3170731707317073,0.34146341463414637,6.699706100000185,42,287148bfd01ac67b5192268c6c69cc4cc230c004bdfdf332285f38a3b43b08dd,c175815089a491399700d9c586c067665dd8b48251196512f77a0b7e2732d91c,34060e20ca6ca6de13d114a5b1b14cf4e1fd9ffccc3f7ec4453bb00d8b5646f1,ec8230fa52053ac0aa819a2a92e489ddd49b38e6e606c45d9849497adf6daf11
P1_a07,3,1;2;6,II;III;V1,936,0.9130729051717796,0.6608695652173913,0.7867036011080333,0.6889912780917742,0.6965040235379382,binary;multiclass,0.9305974422599733,0.6295081967213115,0.7384615384615385,0.6307692307692307,0.9673133450911228,0.8864265927977839,0.8888888888888888,0.9,0.9024093070785677,0.6666666666666666,0.6545454545454545,0.5757575757575758,0.9604695338294577,0.8782489740082079,0.8469656992084432,0.8496042216358839,0.8676672188267549,0.3841059602649007,0.35365853658536583,0.36585365853658536,6.639051500000278,42,287148bfd01ac67b5192268c6c69cc4cc230c004bdfdf332285f38a3b43b08dd,c175815089a491399700d9c586c067665dd8b48251196512f77a0b7e2732d91c,34060e20ca6ca6de13d114a5b1b14cf4e1fd9ffccc3f7ec4453bb00d8b5646f1,62a62f0f19d418e38dfeb2cfa3eb0658da698efa100ad97747f57fbd3fcab6ee
P1_a07,3,1;2;7,II;III;V2,936,0.9143235488854558,0.6811594202898551,0.786013986013986,0.6929240235376816,0.7015827369318585,binary;multiclass,0.932668448177133,0.6602564102564102,0.7923076923076923,0.5846153846153846,0.9676954732510288,0.8932584269662921,0.8833333333333333,0.9,0.9029123924065557,0.6787878787878788,0.6787878787878788,0.593939393939394,0.955983572000398,0.8661202185792349,0.8364116094986808,0.8126649076517151,0.8652538984406237,0.36619718309859156,0.3170731707317073,0.34146341463414637,6.645206099999996,42,287148bfd01ac67b5192268c6c69cc4cc230c004bdfdf332285f38a3b43b08dd,c175815089a491399700d9c586c067665dd8b48251196512f77a0b7e2732d91c,34060e20ca6ca6de13d114a5b1b14cf4e1fd9ffccc3f7ec4453bb00d8b5646f1,91a8a84b0ebc0463ad2cb78e397615581572568ef9d3e24e736bf008ce7ee710
P1_a07,3,1;2;8,II;III;V3,936,0.9139704259545355,0.672463768115942,0.7910863509749304,0.680792025271262,0.6886315480716665,binary;multiclass,0.928974995228097,0.6333333333333333,0.7307692307692307,0.5615384615384615,0.9646751910640798,0.8888888888888888,0.8888888888888888,0.9,0.9094210588374012,0.6827794561933535,0.6848484848484848,0.5818181818181818,0.9535061083925856,0.8633879781420765,0.8337730870712401,0.8100263852242744,0.8612412177985949,0.33557046979865773,0.3048780487804878,0.3048780487804878,6.6407773999999336,42,287148bfd01ac67b5192268c6c69cc4cc230c004bdfdf332285f38a3b43b08dd,c175815089a491399700d9c586c067665dd8b48251196512f77a0b7e2732d91c,34060e20ca6ca6de13d114a5b1b14cf4e1fd9ffccc3f7ec4453bb00d8b5646f1,9a90511642c527e8c58e755a4c9e9eee195bbb4925055cfdc7a78e9332630974
P1_a07,3,1;2;9,II;III;V4,936,0.9161333039064223,0.7072463768115942,0.7810320781032078,0.6699861350716901,0.676885366458698,binary;multiclass,0.9276197747661767,0.6195286195286195,0.7076923076923077,0.6153846153846154,0.9623236331569665,0.8913649025069638,0.8888888888888888,0.9055555555555556,0.9116456392720984,0.676923076923077,0.6666666666666666,0.593939393939394,0.9522981672453732,0.854421768707483,0.8284960422163589,0.8179419525065963,0.8545867367338779,0.3076923076923077,0.2926829268292683,0.3048780487804878,6.6245171999999,42,287148bfd01ac67b5192268c6c69cc4cc230c004bdfdf332285f38a3b43b08dd,c175815089a491399700d9c586c067665dd8b48251196512f77a0b7e2732d91c,34060e20ca6ca6de13d114a5b1b14cf4e1fd9ffccc3f7ec4453bb00d8b5646f1,ffda1b03d1c10ccccde0a980243fb98c115b158d71b1dc3e248e2b3ea4c7c11b
P1_a07,3,1;2;10,II;III;V5,936,0.9154172490742785,0.6898550724637681,0.788218793828892,0.6809901113649629,0.6873258807463067,binary;multiclass,0.9288509257491888,0.6174496644295302,0.7076923076923077,0.5923076923076923,0.9636022927689594,0.8938547486033519,0.8888888888888888,0.9,0.9088550878434146,0.6747720364741642,0.6727272727272727,0.6,0.9498112295893474,0.8528610354223434,0.8258575197889182,0.7862796833773087,0.8643828183012509,0.3660130718954248,0.34146341463414637,0.34146341463414637,6.622021799999857,42,287148bfd01ac67b5192268c6c69cc4cc230c004bdfdf332285f38a3b43b08dd,c175815089a491399700d9c586c067665dd8b48251196512f77a0b7e2732d91c,34060e20ca6ca6de13d114a5b1b14cf4e1fd9ffccc3f7ec4453bb00d8b5646f1,627e41cdefd92c9c41cdb6e50fb2c4d127d62b2043ce5bfbb40b51452264c7ed
P1_a07,3,1;2;11,II;III;V6,936,0.9149415140145664,0.6695652173913044,0.792022792022792,0.6739146444143194,0.6818957093846083,binary;multiclass,0.9300152700897117,0.6237942122186495,0.7461538461538462,0.5769230769230769,0.9655937683715461,0.8944444444444445,0.8944444444444445,0.9,0.902778760366309,0.660436137071651,0.6424242424242425,0.5878787878787879,0.9498254406616675,0.8598639455782313,0.8337730870712401,0.7889182058047494,0.866810418689667,0.3310344827586207,0.2926829268292683,0.3048780487804878,6.6400387000012415,42,287148bfd01ac67b5192268c6c69cc4cc230c004bdfdf332285f38a3b43b08dd,c175815089a491399700d9c586c067665dd8b48251196512f77a0b7e2732d91c,34060e20ca6ca6de13d114a5b1b14cf4e1fd9ffccc3f7ec4453bb00d8b5646f1,dd0485b0994def4fed52fedde9b737e8d94c5313cdc1737da12a52de7f5d8cf2
P1_a07,3,1;3;4,II;aVR;aVL,936,0.9140881335981755,0.6811594202898551,0.7905686546463245,0.6921760227144638,0.6995085968868066,binary;multiclass,0.9308074059935103,0.6511627906976745,0.7538461538461538,0.5846153846153846,0.965652557319224,0.8839779005524862,0.8888888888888888,0.9,0.900082537436623,0.6827794561933535,0.6848484848484848,0.6363636363636364,0.9524639630891082,0.8567530695770805,0.8284960422163589,0.8021108179419525,0.872593819615011,0.38620689655172413,0.34146341463414637,0.3902439024390244,6.610595800000738,42,287148bfd01ac67b5192268c6c69cc4cc230c004bdfdf332285f38a3b43b08dd,c175815089a491399700d9c586c067665dd8b48251196512f77a0b7e2732d91c,34060e20ca6ca6de13d114a5b1b14cf4e1fd9ffccc3f7ec4453bb00d8b5646f1,dfcde488be8638274dca517af71268053fa7805307a981ad2f97ab7e5497a3b8
P1_a07,3,1;3;5,II;aVR;aVF,936,0.9135486402314917,0.6666666666666666,0.7846364883401921,0.6819236186950314,0.6899538634849787,binary;multiclass,0.9308360374117197,0.6466666666666666,0.7461538461538462,0.6076923076923076,0.9655202821869489,0.8839779005524862,0.8888888888888888,0.9,0.8996659198993829,0.6826347305389222,0.6909090909090909,0.6484848484848484,0.9528097658488984,0.8583106267029973,0.8311345646437994,0.8047493403693932,0.8714942594390814,0.3380281690140845,0.2926829268292683,0.36585365853658536,6.612223699999959,42,287148bfd01ac67b5192268c6c69cc4cc230c004bdfdf332285f38a3b43b08dd,c175815089a491399700d9c586c067665dd8b48251196512f77a0b7e2732d91c,34060e20ca6ca6de13d114a5b1b14cf4e1fd9ffccc3f7ec4453bb00d8b5646f1,e43a0d3ed05e1a49bae3e40b914f6a664b053ed18f1d5ad8ba77a167d16a0c6f
P1_a07,3,1;3;6,II;aVR;V1,936,0.9151180754800264,0.663768115942029,0.791023842917251,0.6952773741049609,0.7040824052851854,binary;multiclass,0.9328211490742508,0.6622516556291391,0.7692307692307693,0.6153846153846154,0.9673794826572605,0.8870523415977961,0.8944444444444445,0.9,0.9051133907165034,0.6707317073170732,0.6666666666666666,0.6121212121212121,0.9589915823081624,0.869684499314129,0.8364116094986808,0.820580474934037,0.8680099388815902,0.38666666666666666,0.35365853658536583,0.3902439024390244,6.6936533999996755,42,287148bfd01ac67b5192268c6c69cc4cc230c004bdfdf332285f38a3b43b08dd,c175815089a491399700d9c586c067665dd8b48251196512f77a0b7e2732d91c,34060e20ca6ca6de13d114a5b1b14cf4e1fd9ffccc3f7ec4453bb00d8b5646f1,706c98a1d8df66452e9dbc7415862fde11786d0e4f841b63b88f4581ef9a21e0
P1_a07,3,1;3;7,II;aVR;V2,936,0.9150641261433581,0.6869565217391305,0.791023842917251,0.7008402435053638,0.7093878044930235,binary;multiclass,0.934185913342241,0.6558441558441559,0.7769230769230769,0.6076923076923076,0.9669532627865961,0.8938547486033519,0.8888888888888888,0.9,0.9049404551350076,0.676923076923077,0.6666666666666666,0.6060606060606061,0.9556614543611411,0.869684499314129,0.8364116094986808,0.8100263852242744,0.8643114182898268,0.40789473684210525,0.3780487804878049,0.3780487804878049,6.607179499998892,42,287148bfd01ac67b5192268c6c69cc4cc230c004bdfdf332285f38a3b43b08dd,c175815089a491399700d9c586c067665dd8b48251196512f77a0b7e2732d91c,34060e20ca6ca6de13d114a5b1b14cf4e1fd9ffccc3f7ec4453bb00d8b5646f1,c98323a77b204e162be73b6a673b7f3b74702f855684eaff08419c148180ba36
P1_a07,3,1;3;8,II;aVR;V3,936,0.9129944334093528,0.6753623188405797,0.7838214783821479,0.6873242268701942,0.6948913461494708,binary;multiclass,0.9305592670356938,0.64,0.7384615384615385,0.5615384615384615,0.9651675485008818,0.8913649025069638,0.8888888888888888,0.9,0.9088472271351649,0.6787878787878788,0.6787878787878788,0.5878787878787879,0.9534445270791982,0.8688524590163934,0.8390501319261213,0.8126649076517151,0.8616838978694237,0.3576158940397351,0.32926829268292684,0.3170731707317073,6.599448400000256,42,287148bfd01ac67b5192268c6c69cc4cc230c004bdfdf332285f38a3b43b08dd,c175815089a491399700d9c586c067665dd8b48251196512f77a0b7e2732d91c,34060e20ca6ca6de13d114a5b1b14cf4e1fd9ffccc3f7ec4453bb00d8b5646f1,2368327695150e26663ca1ea157709b0355c9858a659c7d25b3534ad4bbba4e9
P1_a07,3,1;3;9,II;aVR;V4,936,0.9153534907673067,0.6898550724637681,0.782608695652174,0.6858897489233847,0.6956163770302389,binary;multiclass,0.929795762550105,0.6402640264026402,0.7461538461538462,0.5769230769230769,0.963014403292181,0.8919667590027701,0.8944444444444445,0.9,0.9111661360688599,0.6728395061728395,0.6606060606060606,0.6,0.9516349838704328,0.861878453038674,0.8232189973614775,0.820580474934037,0.8545010567201691,0.3625,0.35365853658536583,0.3048780487804878,6.599839399999837,42,287148bfd01ac67b5192268c6c69cc4cc230c004bdfdf332285f38a3b43b08dd,c175815089a491399700d9c586c067665dd8b48251196512f77a0b7e2732d91c,34060e20ca6ca6de13d114a5b1b14cf4e1fd9ffccc3f7ec4453bb00d8b5646f1,58dae79d43c168c8aa2215b947be6dcff923f49eddb7781c438662edbe928991
P1_a07,3,1;3;10,II;aVR;V5,936,0.9151376934206332,0.6840579710144927,0.7854137447405329,0.6716179897224634,0.6799472015496213,binary;multiclass,0.9292899408284022,0.6291390728476821,0.7307692307692307,0.5384615384615384,0.9640432098765431,0.8913649025069638,0.8888888888888888,0.9055555555555556,0.9094053374209016,0.654320987654321,0.6424242424242425,0.6,0.9501428212768176,0.852054794520548,0.820580474934037,0.7941952506596306,0.8632832581253214,0.33121019108280253,0.3170731707317073,0.32926829268292684,6.5956146999997145,42,287148bfd01ac67b5192268c6c69cc4cc230c004bdfdf332285f38a3b43b08dd,c175815089a491399700d9c586c067665dd8b48251196512f77a0b7e2732d91c,34060e20ca6ca6de13d114a5b1b14cf4e1fd9ffccc3f7ec4453bb00d8b5646f1,37962986a28b6084580722b5c6070b0158085c70db7c1d47d79709fd234bf4e3
P1_a07,3,1;3;11,II;aVR;V6,936,0.914617817994556,0.6753623188405797,0.7925608011444921,0.6706561654607135,0.6798541654697134,binary;multiclass,0.931103263981676,0.6305732484076433,0.7615384615384615,0.5769230769230769,0.965843621399177,0.8913649025069638,0.8888888888888888,0.9,0.90231497857957,0.6561514195583596,0.6303030303030303,0.5818181818181818,0.9488164545269372,0.855191256830601,0.8258575197889182,0.8021108179419525,0.8698948991831839,0.32,0.2926829268292683,0.34146341463414637,6.612254700001358,42,287148bfd01ac67b5192268c6c69cc4cc230c004bdfdf332285f38a3b43b08dd,c175815089a491399700d9c586c067665dd8b48251196512f77a0b7e2732d91c,34060e20ca6ca6de13d114a5b1b14cf4e1fd9ffccc3f7ec4453bb00d8b5646f1,050829375842fe0bcc4cb25e99fc958ebe5412a8562cfbdedf5dce3c6e810bd5
P1_a07,3,1;4;5,II;aVL;aVF,936,0.9144510654993993,0.6898550724637681,0.7933425797503467,0.6847522134691022,0.6937299852545363,binary;multiclass,0.9295094483680091,0.6470588235294118,0.7615384615384615,0.6,0.9666446208112874,0.8864265927977839,0.8888888888888888,0.9,0.9011751758833471,0.6827794561933535,0.6848484848484848,0.6363636363636364,0.953165042656902,0.8602739726027397,0.8284960422163589,0.8100263852242744,0.8708230993316959,0.3472222222222222,0.3048780487804878,0.35365853658536583,6.619284399999742,42,287148bfd01ac67b5192268c6c69cc4cc230c004bdfdf332285f38a3b43b08dd,c175815089a491399700d9c586c067665dd8b48251196512f77a0b7e2732d91c,34060e20ca6ca6de13d114a5b1b14cf4e1fd9ffccc3f7ec4453bb00d8b5646f1,14aa0d5db343c0dd85aa0237e12c26e5c0da0b540ccbdeb34a822d6495f3343c
P1_a07,3,1;4;6,II;aVL;V1,936,0.9142892174893941,0.6811594202898551,0.7827298050139275,0.6846037545681131,0.6934313427382479,binary;multiclass,0.9315899980912389,0.6449511400651465,0.7615384615384615,0.6230769230769231,0.9679820693709583,0.8864265927977839,0.8888888888888888,0.9,0.9048461266360099,0.6666666666666666,0.6606060606060606,0.593939393939394,0.9589868452840556,0.8712328767123287,0.8390501319261213,0.8232189973614775,0.8682241389158623,0.35374149659863946,0.3170731707317073,0.35365853658536583,6.618559399999867,42,287148bfd01ac67b5192268c6c69cc4cc230c004bdfdf332285f38a3b43b08dd,c175815089a491399700d9c586c067665dd8b48251196512f77a0b7e2732d91c,34060e20ca6ca6de13d114a5b1b14cf4e1fd9ffccc3f7ec4453bb00d8b5646f1,a79cef14e90b622ced586eb68db1597a630bb9cdc4b1462cf34f4b24ba53db0e
P1_a07,3,1;4;7,II;aVL;V2,936,0.9145393462321294,0.672463768115942,0.7837078651685393,0.6962263843383546,0.7037003628187102,binary;multiclass,0.9325730101164345,0.6513157894736842,0.7615384615384615,0.6076923076923076,0.9677248677248678,0.8938547486033519,0.8888888888888888,0.9,0.9034862241087921,0.6788990825688074,0.6727272727272727,0.593939393939394,0.9558888315182636,0.8703956343792633,0.841688654353562,0.8179419525065963,0.8682812589250014,0.38666666666666666,0.35365853658536583,0.34146341463414637,6.625593400000071,42,287148bfd01ac67b5192268c6c69cc4cc230c004bdfdf332285f38a3b43b08dd,c175815089a491399700d9c586c067665dd8b48251196512f77a0b7e2732d91c,34060e20ca6ca6de13d114a5b1b14cf4e1fd9ffccc3f7ec4453bb00d8b5646f1,32240a62e4848bd104bce5aa9a37b941c85be482a0c6913787372528e02bde02
P1_a07,3,1;4;8,II;aVL;V3,936,0.9135731626572501,0.672463768115942,0.791023842917251,0.6870843369544375,0.6945668719450816,binary;multiclass,0.9286218744035122,0.6245847176079734,0.7230769230769231,0.5692307692307692,0.9651455026455028,0.8913649025069638,0.8888888888888888,0.9,0.9086664308454192,0.6846846846846847,0.6909090909090909,0.5696969696969697,0.9528097658488984,0.8614540466392319,0.8284960422163589,0.8047493403693932,0.8636830981892958,0.37333333333333335,0.34146341463414637,0.34146341463414637,6.5873176000004605,42,287148bfd01ac67b5192268c6c69cc4cc230c004bdfdf332285f38a3b43b08dd,c175815089a491399700d9c586c067665dd8b48251196512f77a0b7e2732d91c,34060e20ca6ca6de13d114a5b1b14cf4e1fd9ffccc3f7ec4453bb00d8b5646f1,b18c1cb0d381ff696f917181095ad76e3ded12a7daae03f47ccf2093919a11ce
P1_a07,3,1;4;9,II;aVL;V4,936,0.9157507540645922,0.7043478260869566,0.7849162011173184,0.679209166415738,0.6862686056533793,binary;multiclass,0.926846726474518,0.6262626262626263,0.7153846153846154,0.5846153846153846,0.9625734861845974,0.8913649025069638,0.8888888888888888,0.9055555555555556,0.9113076288173564,0.672782874617737,0.6666666666666666,0.5878787878787879,0.9516870911356067,0.859481582537517,0.8311345646437994,0.8179419525065963,0.8551722168275547,0.34615384615384615,0.32926829268292684,0.2804878048780488,6.6010433999999805,42,287148bfd01ac67b5192268c6c69cc4cc230c004bdfdf332285f38a3b43b08dd,c175815089a491399700d9c586c067665dd8b48251196512f77a0b7e2732d91c,34060e20ca6ca6de13d114a5b1b14cf4e1fd9ffccc3f7ec4453bb00d8b5646f1,0347eb32cb89535f1e598484dae2c6c3d14362fabf9e37196f6550554f21ff41
P1_a07,3,1;4;10,II;aVL;V5,936,0.915230878638515,0.7043478260869566,0.7832167832167832,0.6706407695083996,0.6779275535656255,binary;multiclass,0.9288222943309791,0.6133333333333333,0.7076923076923077,0.5692307692307692,0.9641093474426808,0.8913649025069638,0.8888888888888888,0.9055555555555556,0.908509216680423,0.6524390243902439,0.6484848484848484,0.5878787878787879,0.9497022780348928,0.8454172366621067,0.8153034300791556,0.7915567282321899,0.8670674587307934,0.35064935064935066,0.32926829268292684,0.34146341463414637,6.644865000000209,42,287148bfd01ac67b5192268c6c69cc4cc230c004bdfdf332285f38a3b43b08dd,c175815089a491399700d9c586c067665dd8b48251196512f77a0b7e2732d91c,34060e20ca6ca6de13d114a5b1b14cf4e1fd9ffccc3f7ec4453bb00d8b5646f1,f45b0c99c84c2bcc47004dd1084000ab4edbd11bb67d60af48053e3938bdbd14
P1_a07,3,1;4;11,II;aVL;V6,936,0.9153387773118516,0.6782608695652174,0.7914893617021277,0.6773738435004883,0.6860299075544586,binary;multiclass,0.9294044665012406,0.6343042071197411,0.7538461538461538,0.5538461538461539,0.9656599059376837,0.8919667590027701,0.8944444444444445,0.9,0.9031324922375508,0.6625386996904025,0.6484848484848484,0.593939393939394,0.9496643818420392,0.8579234972677595,0.8284960422163589,0.7915567282321899,0.8696521391443424,0.3401360544217687,0.3048780487804878,0.3048780487804878,6.647159399999509,42,287148bfd01ac67b5192268c6c69cc4cc230c004bdfdf332285f38a3b43b08dd,c175815089a491399700d9c586c067665dd8b48251196512f77a0b7e2732d91c,34060e20ca6ca6de13d114a5b1b14cf4e1fd9ffccc3f7ec4453bb00d8b5646f1,6d64fb0ed83b1f843836cc25d06583dce786ed8b080ed46b62829433d2d45365
P1_a07,3,1;5;6,II;aVF;V1,936,0.912499080409034,0.663768115942029,0.7939142461964038,0.6872808685839298,0.6954728866531428,binary;multiclass,0.9309314754724184,0.6466666666666666,0.7461538461538462,0.6076923076923076,0.9661008230452675,0.8870523415977961,0.8944444444444445,0.9055555555555556,0.9013638328813427,0.6706948640483383,0.6727272727272727,0.5818181818181818,0.9614785199641881,0.8782489740082079,0.8469656992084432,0.8390501319261213,0.867167418746787,0.35374149659863946,0.3170731707317073,0.3780487804878049,6.63485540000147,42,287148bfd01ac67b5192268c6c69cc4cc230c004bdfdf332285f38a3b43b08dd,c175815089a491399700d9c586c067665dd8b48251196512f77a0b7e2732d91c,34060e20ca6ca6de13d114a5b1b14cf4e1fd9ffccc3f7ec4453bb00d8b5646f1,d49f84fbabd25058238a616dca7dc732fb6ab81c6f8d18b366108ad36ff5a4a9
P1_a07,3,1;5;7,II;aVF;V2,936,0.9134946908948233,0.672463768115942,0.7859154929577464,0.69831493182998,0.7059213749618537,binary;multiclass,0.9315422790608895,0.6579804560260586,0.7769230769230769,0.6307692307692307,0.9668944738389184,0.896358543417367,0.8888888888888888,0.9,0.9020084109578272,0.6788990825688074,0.6727272727272727,0.5878787878787879,0.9563625339289352,0.8773841961852861,0.8496042216358839,0.8258575197889182,0.8645541783286685,0.38095238095238093,0.34146341463414637,0.3902439024390244,6.624109099999259,42,287148bfd01ac67b5192268c6c69cc4cc230c004bdfdf332285f38a3b43b08dd,c175815089a491399700d9c586c067665dd8b48251196512f77a0b7e2732d91c,34060e20ca6ca6de13d114a5b1b14cf4e1fd9ffccc3f7ec4453bb00d8b5646f1,ca2511beedf3f7467ae2976695d979b5368d36b4ee73dd3d5dd267ffb4f51695
P1_a07,3,1;5;8,II;aVF;V3,936,0.9131709948748131,0.6782608695652174,0.7854137447405329,0.6865278155028222,0.692899395975527,binary;multiclass,0.930062989120061,0.6308724832214765,0.7230769230769231,0.6076923076923076,0.9647192827748383,0.8888888888888888,0.8888888888888888,0.9,0.908124041976182,0.6605504587155964,0.6545454545454545,0.5757575757575758,0.953700326380961,0.8707482993197279,0.8443271767810027,0.8179419525065963,0.8606985777117724,0.3815789473684211,0.35365853658536583,0.32926829268292684,6.596074500001123,42,287148bfd01ac67b5192268c6c69cc4cc230c004bdfdf332285f38a3b43b08dd,c175815089a491399700d9c586c067665dd8b48251196512f77a0b7e2732d91c,34060e20ca6ca6de13d114a5b1b14cf4e1fd9ffccc3f7ec4453bb00d8b5646f1,507528609ce2837cddab2d63277a141854c68139652fec5fd4c123ece36fbc4d
P1_a07,3,1;5;9,II;aVF;V4,936,0.9146129135094044,0.6927536231884058,0.7771587743732591,0.6753135878235427,0.6830589364014938,binary;multiclass,0.9288795571673983,0.6262626262626263,0.7153846153846154,0.6076923076923076,0.9620002939447383,0.8919667590027701,0.8944444444444445,0.9,0.908257674016429,0.660436137071651,0.6424242424242425,0.6060606060606061,0.9521844786668119,0.8645690834473324,0.8337730870712401,0.8311345646437994,0.8535728565716572,0.3333333333333333,0.32926829268292684,0.3048780487804878,6.606150499999785,42,287148bfd01ac67b5192268c6c69cc4cc230c004bdfdf332285f38a3b43b08dd,c175815089a491399700d9c586c067665dd8b48251196512f77a0b7e2732d91c,34060e20ca6ca6de13d114a5b1b14cf4e1fd9ffccc3f7ec4453bb00d8b5646f1,bd23dd6d3ceee670bf5bcf9ea6c060295099f1d9ce90108ab22bb23e82435a07
P1_a07,3,1;5;10,II;aVF;V5,936,0.9142745040339392,0.6927536231884058,0.7849162011173184,0.6798552478991711,0.6860653753722806,binary;multiclass,0.9298816568047337,0.6291390728476821,0.7307692307692307,0.6153846153846154,0.96304379776602,0.8938547486033519,0.8888888888888888,0.9,0.90737727469245,0.6666666666666666,0.6545454545454545,0.6181818181818182,0.9487596102376565,0.8606224627875507,0.8390501319261213,0.7810026385224275,0.861798137887702,0.348993288590604,0.3170731707317073,0.32926829268292684,6.611221699999078,42,287148bfd01ac67b5192268c6c69cc4cc230c004bdfdf332285f38a3b43b08dd,c175815089a491399700d9c586c067665dd8b48251196512f77a0b7e2732d91c,34060e20ca6ca6de13d114a5b1b14cf4e1fd9ffccc3f7ec4453bb00d8b5646f1,c827961d4dda0af77e0f32ebac9cccfc246fee3001a5de5cd6943ed4798ed823
P1_a07,3,1;5;11,II;aVF;V6,936,0.9140881335981755,0.6492753623188405,0.7880512091038406,0.6738802678513193,0.6829609584986379,binary;multiclass,0.9301297957625501,0.6369426751592356,0.7692307692307693,0.5769230769230769,0.9652777777777779,0.8938547486033519,0.8888888888888888,0.9,0.9013795542978421,0.6625,0.6424242424242425,0.5878787878787879,0.948584340345708,0.8610354223433242,0.8337730870712401,0.8073878627968337,0.8644113783058205,0.3150684931506849,0.2804878048780488,0.3048780487804878,6.599951599999258,42,287148bfd01ac67b5192268c6c69cc4cc230c004bdfdf332285f38a3b43b08dd,c175815089a491399700d9c586c067665dd8b48251196512f77a0b7e2732d91c,34060e20ca6ca6de13d114a5b1b14cf4e1fd9ffccc3f7ec4453bb00d8b5646f1,fb72c3bdd6eede52abff9fa80735f5f8798f2c41fa157168ec0b33d07af42316
P1_a07,3,1;6;7,II;V1;V2,936,0.9138232913999852,0.6753623188405797,0.7893258426966292,0.698973714073291,0.7066907077377507,binary;multiclass,0.931093720175606,0.6556291390728477,0.7615384615384615,0.5769230769230769,0.9662551440329218,0.9030470914127424,0.9055555555555556,0.9055555555555556,0.8996423377746335,0.6786786786786787,0.6848484848484848,0.5757575757575758,0.9601379421419877,0.8825136612021858,0.8522427440633246,0.8469656992084432,0.8695664591306335,0.375,0.32926829268292684,0.36585365853658536,6.613316400000258,42,287148bfd01ac67b5192268c6c69cc4cc230c004bdfdf332285f38a3b43b08dd,c175815089a491399700d9c586c067665dd8b48251196512f77a0b7e2732d91c,34060e20ca6ca6de13d114a5b1b14cf4e1fd9ffccc3f7ec4453bb00d8b5646f1,74be7b1603acfa3287a7758f34612492e3294bc31f0dcbee7e4500f22d5e75b7
P1_a07,3,1;6;8,II;V1;V3,936,0.9122293337256923,0.663768115942029,0.7916083916083916,0.6894077095961522,0.6965301617460701,binary;multiclass,0.9303302156900173,0.6421404682274248,0.7384615384615385,0.5923076923076923,0.9656158142269254,0.8919667590027701,0.8944444444444445,0.9055555555555556,0.9080690170184333,0.6726726726726727,0.6787878787878788,0.593939393939394,0.9574378384011596,0.8703956343792633,0.841688654353562,0.8337730870712401,0.8703804192608671,0.3698630136986301,0.32926829268292684,0.36585365853658536,6.608007400000133,42,287148bfd01ac67b5192268c6c69cc4cc230c004bdfdf332285f38a3b43b08dd,c175815089a491399700d9c586c067665dd8b48251196512f77a0b7e2732d91c,34060e20ca6ca6de13d114a5b1b14cf4e1fd9ffccc3f7ec4453bb00d8b5646f1,3d4d5070a82ae5ecbf07e9da4eec6828b5a63a53bb65f2d30e38b238d9069cdb
P1_a07,3,1;6;9,II;V1;V4,936,0.9160548321439956,0.6898550724637681,0.7932960893854749,0.6868830554788001,0.695401746504134,binary;multiclass,0.9295762550104982,0.64,0.7384615384615385,0.5461538461538461,0.9640946502057612,0.9,0.9,0.9055555555555556,0.9118500176865936,0.6808510638297872,0.6787878787878788,0.5757575757575758,0.9578878556912975,0.8888888888888888,0.8548812664907651,0.8443271767810027,0.8623693379790941,0.3246753246753247,0.3048780487804878,0.3048780487804878,6.618830399998842,42,287148bfd01ac67b5192268c6c69cc4cc230c004bdfdf332285f38a3b43b08dd,c175815089a491399700d9c586c067665dd8b48251196512f77a0b7e2732d91c,34060e20ca6ca6de13d114a5b1b14cf4e1fd9ffccc3f7ec4453bb00d8b5646f1,2eab269a4b3e0f59efd903af134728b5e3b015c0eca08310af79e07affc7f25a
P1_a07,3,1;6;10,II;V1;V5,936,0.9161725397876359,0.6898550724637681,0.7905686546463245,0.6827242780569851,0.6910687063399592,binary;multiclass,0.9308551250238596,0.6336633663366337,0.7384615384615385,0.5692307692307692,0.9654320987654321,0.896358543417367,0.8888888888888888,0.9111111111111111,0.9118264355618442,0.676737160120846,0.6787878787878788,0.6060606060606061,0.9578120633055902,0.877914951989026,0.8443271767810027,0.8258575197889182,0.8640400982464157,0.32894736842105265,0.3048780487804878,0.34146341463414637,6.612516200000755,42,287148bfd01ac67b5192268c6c69cc4cc230c004bdfdf332285f38a3b43b08dd,c175815089a491399700d9c586c067665dd8b48251196512f77a0b7e2732d91c,34060e20ca6ca6de13d114a5b1b14cf4e1fd9ffccc3f7ec4453bb00d8b5646f1,4776a5ee990cc17e4f04e4cb8d3f47e3552014ccf018a696d746215c6b872989
P1_a07,3,1;6;11,II;V1;V6,936,0.9146815763015278,0.6898550724637681,0.7821229050279329,0.6895380239733926,0.6984340176630541,binary;multiclass,0.9338232487115862,0.6407766990291263,0.7615384615384615,0.5692307692307692,0.9673721340388007,0.9025069637883009,0.9,0.9055555555555556,0.9085485202216721,0.6871165644171779,0.6787878787878788,0.5878787878787879,0.9583568210778625,0.8794520547945206,0.8469656992084432,0.8337730870712401,0.8686096989775518,0.33783783783783783,0.3048780487804878,0.3048780487804878,6.655962900000304,42,287148bfd01ac67b5192268c6c69cc4cc230c004bdfdf332285f38a3b43b08dd,c175815089a491399700d9c586c067665dd8b48251196512f77a0b7e2732d91c,34060e20ca6ca6de13d114a5b1b14cf4e1fd9ffccc3f7ec4453bb00d8b5646f1,9152740b4e5facffd22d79ebd60de9998ecd1270628b76dd6fcb3c97de0217ae
P1_a07,3,1;7;8,II;V2;V3,936,0.9120429632899286,0.6840579710144927,0.7888888888888889,0.6891363781063575,0.6961573033797758,binary;multiclass,0.9288795571673982,0.6445182724252492,0.7461538461538462,0.5846153846153846,0.9679306290417401,0.8969359331476323,0.8944444444444445,0.9055555555555556,0.9024328892033173,0.6686567164179105,0.6787878787878788,0.5696969696969697,0.9537713817425617,0.8719346049046321,0.8443271767810027,0.8232189973614775,0.8626834980293597,0.36363636363636365,0.3170731707317073,0.3170731707317073,6.74663160000091,42,287148bfd01ac67b5192268c6c69cc4cc230c004bdfdf332285f38a3b43b08dd,c175815089a491399700d9c586c067665dd8b48251196512f77a0b7e2732d91c,34060e20ca6ca6de13d114a5b1b14cf4e1fd9ffccc3f7ec4453bb00d8b5646f1,b12a6ad8c6cd3fc064354f77135f23cdf1e68cc6b66832ed31d7a81b912ca4cb
P1_a07,3,1;7;9,II;V2;V4,936,0.9157948944309572,0.6898550724637681,0.7944055944055944,0.6911133615902684,0.6981696333855417,binary;multiclass,0.9283355602214162,0.6510067114093959,0.7461538461538462,0.5615384615384615,0.9650205761316873,0.9014084507042254,0.8888888888888888,0.9055555555555556,0.907660260189443,0.6786786786786787,0.6848484848484848,0.5878787878787879,0.954614572033557,0.8692098092643051,0.841688654353562,0.8364116094986808,0.8613982978237277,0.35526315789473684,0.32926829268292684,0.32926829268292684,6.6275528999995,42,287148bfd01ac67b5192268c6c69cc4cc230c004bdfdf332285f38a3b43b08dd,c175815089a491399700d9c586c067665dd8b48251196512f77a0b7e2732d91c,34060e20ca6ca6de13d114a5b1b14cf4e1fd9ffccc3f7ec4453bb00d8b5646f1,18076b5f7931b9392b874e7617dee59224f2cf441bf1476284b3b2605a58de62
P1_a07,3,1;7;10,II;V2;V5,936,0.9158635572230804,0.6666666666666666,0.7849162011173184,0.6846402993136379,0.6927321440456133,binary;multiclass,0.9307310555449514,0.6407766990291263,0.7615384615384615,0.5692307692307692,0.9658068783068783,0.9014084507042254,0.8888888888888888,0.9055555555555556,0.907998270644185,0.672782874617737,0.6666666666666666,0.5878787878787879,0.9553298626736711,0.8703956343792633,0.841688654353562,0.8284960422163589,0.863226138116182,0.33783783783783783,0.3048780487804878,0.35365853658536583,6.583393200000501,42,287148bfd01ac67b5192268c6c69cc4cc230c004bdfdf332285f38a3b43b08dd,c175815089a491399700d9c586c067665dd8b48251196512f77a0b7e2732d91c,34060e20ca6ca6de13d114a5b1b14cf4e1fd9ffccc3f7ec4453bb00d8b5646f1,468f6881b5f97e984e19ffe99fa6867d8bd3adbdd331338e079b7998dbd3dfab
P1_a07,3,1;7;11,II;V2;V6,936,0.916049927658844,0.7043478260869566,0.7894002789400278,0.6878091870781302,0.6973327466949965,binary;multiclass,0.9331265508684863,0.6496815286624203,0.7846153846153846,0.5769230769230769,0.9672031158142269,0.898876404494382,0.8888888888888888,0.9055555555555556,0.9064339897024722,0.6808510638297872,0.6787878787878788,0.6181818181818182,0.955997783072718,0.873972602739726,0.841688654353562,0.8337730870712401,0.8648112183697949,0.3356643356643357,0.2926829268292683,0.36585365853658536,6.593018199999278,42,287148bfd01ac67b5192268c6c69cc4cc230c004bdfdf332285f38a3b43b08dd,c175815089a491399700d9c586c067665dd8b48251196512f77a0b7e2732d91c,34060e20ca6ca6de13d114a5b1b14cf4e1fd9ffccc3f7ec4453bb00d8b5646f1,beca99542843c3adb54e3adaec9c0543119cf04056168f49dad99254f5b31721
P1_a07,3,1;8;9,II;V3;V4,936,0.9131857083302681,0.6782608695652174,0.7921348314606742,0.6758908564304276,0.6821882435017128,binary;multiclass,0.9269135331170071,0.6241610738255033,0.7153846153846154,0.5846153846153846,0.9637345679012347,0.9019607843137255,0.8944444444444445,0.9,0.9068977714892112,0.6565349544072948,0.6545454545454545,0.6,0.9527055513185506,0.8656716417910447,0.841688654353562,0.820580474934037,0.8601273776203804,0.33112582781456956,0.3048780487804878,0.2926829268292683,6.584251899999799,42,287148bfd01ac67b5192268c6c69cc4cc230c004bdfdf332285f38a3b43b08dd,c175815089a491399700d9c586c067665dd8b48251196512f77a0b7e2732d91c,34060e20ca6ca6de13d114a5b1b14cf4e1fd9ffccc3f7ec4453bb00d8b5646f1,beccfdd43c5adc0eebc81702576a1b13af9efbffc6d4c8adecc7f6fb0307c8cc
P1_a07,3,1;8;10,II;V3;V5,936,0.9146080090242527,0.6753623188405797,0.782608695652174,0.6803780051801281,0.6884301839125186,binary;multiclass,0.9288986447795382,0.6378737541528239,0.7384615384615385,0.5461538461538461,0.965027924750147,0.896358543417367,0.8888888888888888,0.9055555555555556,0.9090123020084109,0.6746987951807228,0.6787878787878788,0.5818181818181818,0.9534540011274117,0.8618331053351573,0.8311345646437994,0.8073878627968337,0.8631404581024733,0.33112582781456956,0.3048780487804878,0.34146341463414637,6.584898899998734,42,287148bfd01ac67b5192268c6c69cc4cc230c004bdfdf332285f38a3b43b08dd,c175815089a491399700d9c586c067665dd8b48251196512f77a0b7e2732d91c,34060e20ca6ca6de13d114a5b1b14cf4e1fd9ffccc3f7ec4453bb00d8b5646f1,cefda6668ab78dcf31320a619bf7013c2cdc6929073fa645143cfa1bee8d57f0
P1_a07,3,1;8;11,II;V3;V6,936,0.9139802349248388,0.6898550724637681,0.7910863509749304,0.6717016174231849,0.6806001882223003,binary;multiclass,0.9294712731437296,0.6378737541528239,0.7384615384615385,0.5923076923076923,0.966115520282187,0.8888888888888888,0.8888888888888888,0.9055555555555556,0.9083048382659278,0.6606606606606606,0.6666666666666666,0.593939393939394,0.9532882052836766,0.8602739726027397,0.8284960422163589,0.7915567282321899,0.8659678985548637,0.3108108108108108,0.2804878048780488,0.32926829268292684,6.617370899999514,42,287148bfd01ac67b5192268c6c69cc4cc230c004bdfdf332285f38a3b43b08dd,c175815089a491399700d9c586c067665dd8b48251196512f77a0b7e2732d91c,34060e20ca6ca6de13d114a5b1b14cf4e1fd9ffccc3f7ec4453bb00d8b5646f1,cba99ad30857e6ecd41271ae8c3377a0178954aa741e82c510018503c1caa664
P1_a07,3,1;9;10,II;V4;V5,936,0.9145932955687978,0.6927536231884058,0.782608695652174,0.6734877372211141,0.6813849590070712,binary;multiclass,0.9263122733346059,0.6333333333333333,0.7307692307692307,0.5307692307692308,0.9635141093474426,0.9019607843137255,0.8944444444444445,0.9055555555555556,0.9088079235939159,0.6666666666666666,0.6727272727272727,0.5515151515151515,0.949901233047375,0.8567530695770805,0.8284960422163589,0.8153034300791556,0.8514879762380763,0.3087248322147651,0.2804878048780488,0.3170731707317073,6.581566200000452,42,287148bfd01ac67b5192268c6c69cc4cc230c004bdfdf332285f38a3b43b08dd,c175815089a491399700d9c586c067665dd8b48251196512f77a0b7e2732d91c,34060e20ca6ca6de13d114a5b1b14cf4e1fd9ffccc3f7ec4453bb00d8b5646f1,0a0576c994ee5add31c1c2c4885f25f27d65119dbc2468eb3d8392a81a1b1cf2
P1_a07,3,1;9;11,II;V4;V6,936,0.9152995414306383,0.6898550724637681,0.7832167832167832,0.670503443553746,0.6778397653286642,binary;multiclass,0.9286600496277916,0.6258503401360545,0.7076923076923077,0.5846153846153846,0.9641754850088183,0.8969359331476323,0.8944444444444445,0.9055555555555556,0.9099791691231381,0.6546546546546547,0.6606060606060606,0.5818181818181818,0.9519760496061165,0.8633879781420765,0.8337730870712401,0.8179419525065963,0.8578568572570971,0.3116883116883117,0.2926829268292683,0.2926829268292683,6.601579299998775,42,287148bfd01ac67b5192268c6c69cc4cc230c004bdfdf332285f38a3b43b08dd,c175815089a491399700d9c586c067665dd8b48251196512f77a0b7e2732d91c,34060e20ca6ca6de13d114a5b1b14cf4e1fd9ffccc3f7ec4453bb00d8b5646f1,31fbd0944463f4bcd3aae31913d7a6bf173795c28bbc7cf52bf9960454474143
P1_a07,3,1;10;11,II;V5;V6,936,0.9140047573505972,0.6753623188405797,0.7805555555555556,0.6722994678874964,0.6801319176208165,binary;multiclass,0.9294712731437298,0.6312292358803987,0.7307692307692307,0.5538461538461539,0.9639109347442681,0.8913649025069638,0.8888888888888888,0.9055555555555556,0.9074716031914475,0.6545454545454545,0.6545454545454545,0.6121212121212121,0.949285419913502,0.8622100954979536,0.8337730870712401,0.8047493403693932,0.8664676986348319,0.3221476510067114,0.2926829268292683,0.3170731707317073,6.603797800000393,42,287148bfd01ac67b5192268c6c69cc4cc230c004bdfdf332285f38a3b43b08dd,c175815089a491399700d9c586c067665dd8b48251196512f77a0b7e2732d91c,34060e20ca6ca6de13d114a5b1b14cf4e1fd9ffccc3f7ec4453bb00d8b5646f1,a109539ecd0843477bda4c49c59a27c252d398efee46ff20d426b1dcd1d9c5e9
P1_a07,3,2;3;4,III;aVR;aVL,936,0.9144804924103093,0.6985507246376812,0.797768479776848,0.6885330832440018,0.695786967178305,binary;multiclass,0.9296621492651269,0.6490066225165563,0.7538461538461538,0.5538461538461539,0.9659318048206937,0.8833333333333333,0.8833333333333333,0.9,0.9009000510946035,0.6930091185410334,0.6909090909090909,0.6484848484848484,0.9513933956409903,0.8586956521739131,0.8337730870712401,0.8100263852242744,0.8746786999485919,0.3586206896551724,0.3170731707317073,0.3902439024390244,6.631849700001112,42,287148bfd01ac67b5192268c6c69cc4cc230c004bdfdf332285f38a3b43b08dd,c175815089a491399700d9c586c067665dd8b48251196512f77a0b7e2732d91c,34060e20ca6ca6de13d114a5b1b14cf4e1fd9ffccc3f7ec4453bb00d8b5646f1,744953a0268d78cd0bb39831e78ea3faff5b09daf4d4793d5c497741afe89cbc
P1_a07,3,2;3;5,III;aVR;aVF,936,0.9157997989161087,0.6811594202898551,0.7933425797503467,0.6870005630639144,0.6958127993664386,binary;multiclass,0.9293376598587516,0.6556291390728477,0.7615384615384615,0.5846153846153846,0.9659611992945326,0.8791208791208791,0.8888888888888888,0.9055555555555556,0.9005699013481114,0.6808510638297872,0.6787878787878788,0.6424242424242425,0.9526250219087364,0.852054794520548,0.820580474934037,0.7968337730870713,0.8700376992060318,0.3673469387755102,0.32926829268292684,0.3902439024390244,6.658943700000236,42,287148bfd01ac67b5192268c6c69cc4cc230c004bdfdf332285f38a3b43b08dd,c175815089a491399700d9c586c067665dd8b48251196512f77a0b7e2732d91c,34060e20ca6ca6de13d114a5b1b14cf4e1fd9ffccc3f7ec4453bb00d8b5646f1,21e368e9ddf7d161857a000256beee86fb5189253d99ca962bbef4368635cad4
P1_a07,3,2;3;6,III;aVR;V1,936,0.9138232913999854,0.6608695652173913,0.7872044506258693,0.6892273515051224,0.6975557007650449,binary;multiclass,0.9313514029394923,0.6319218241042345,0.7461538461538462,0.6153846153846154,0.9685993533215754,0.8919667590027701,0.8944444444444445,0.9,0.9038478166882836,0.672782874617737,0.6666666666666666,0.593939393939394,0.958645779548372,0.8736263736263736,0.8390501319261213,0.8364116094986808,0.8687667790026846,0.37583892617449666,0.34146341463414637,0.32926829268292684,6.707971499999985,42,287148bfd01ac67b5192268c6c69cc4cc230c004bdfdf332285f38a3b43b08dd,c175815089a491399700d9c586c067665dd8b48251196512f77a0b7e2732d91c,34060e20ca6ca6de13d114a5b1b14cf4e1fd9ffccc3f7ec4453bb00d8b5646f1,9faa7ee96255531f98b4fd280e2d70800e5af78ee3e104356bb02cb3eb08e28a
P1_a07,3,2;3;7,III;aVR;V2,936,0.9133524608254249,0.672463768115942,0.7815126050420168,0.6929679361627042,0.7017462571179026,binary;multiclass,0.9329070433288796,0.6556291390728477,0.7615384615384615,0.6,0.9676807760141093,0.8864265927977839,0.8888888888888888,0.9,0.9020241323743269,0.6787878787878788,0.6787878787878788,0.5878787878787879,0.9556377692406077,0.8598901098901099,0.8258575197889182,0.8126649076517151,0.8660392985662877,0.3841059602649007,0.35365853658536583,0.3780487804878049,6.750086199999714,42,287148bfd01ac67b5192268c6c69cc4cc230c004bdfdf332285f38a3b43b08dd,c175815089a491399700d9c586c067665dd8b48251196512f77a0b7e2732d91c,34060e20ca6ca6de13d114a5b1b14cf4e1fd9ffccc3f7ec4453bb00d8b5646f1,2d7a5e1c09a9facf29e4bc67ab1c19be6d98edbc0d7a0e136e44cf8a6a872190
P1_a07,3,2;3;8,III;aVR;V3,936,0.9126315015081291,0.6695652173913044,0.7883008356545961,0.6876290403384684,0.6955924109640564,binary;multiclass,0.9289654514220271,0.6375838926174496,0.7307692307692307,0.5923076923076923,0.9657701352145797,0.8839779005524862,0.8888888888888888,0.9,0.9073615532759501,0.6787878787878788,0.6787878787878788,0.5757575757575758,0.9531176724158349,0.8587105624142661,0.8258575197889182,0.7889182058047494,0.863083338093334,0.3790849673202614,0.35365853658536583,0.35365853658536583,6.764317099999971,42,287148bfd01ac67b5192268c6c69cc4cc230c004bdfdf332285f38a3b43b08dd,c175815089a491399700d9c586c067665dd8b48251196512f77a0b7e2732d91c,34060e20ca6ca6de13d114a5b1b14cf4e1fd9ffccc3f7ec4453bb00d8b5646f1,ddf1d07b6dd936b44ecec6b8a4b3215ecaeb525595834164b406097ddba50bca
P1_a07,3,2;3;9,III;aVR;V4,936,0.914588391083646,0.6840579710144927,0.7838214783821479,0.684686001177955,0.6926555520403258,binary;multiclass,0.9266749379652606,0.6308724832214765,0.7230769230769231,0.5307692307692308,0.9631246325690771,0.8888888888888888,0.8888888888888888,0.9055555555555556,0.9099477262901389,0.6888217522658611,0.6909090909090909,0.593939393939394,0.9514170807615239,0.8641975308641975,0.8311345646437994,0.8047493403693932,0.8530444964871194,0.35064935064935066,0.32926829268292684,0.3048780487804878,6.773034499999994,42,287148bfd01ac67b5192268c6c69cc4cc230c004bdfdf332285f38a3b43b08dd,c175815089a491399700d9c586c067665dd8b48251196512f77a0b7e2732d91c,34060e20ca6ca6de13d114a5b1b14cf4e1fd9ffccc3f7ec4453bb00d8b5646f1,420f636d514317c5ab1d023261d364d766dabe57d341bb2c29ab8d2e0fe35282
P1_a07,3,2;3;10,III;aVR;V5,936,0.9144412565290959,0.6898550724637681,0.7838214783821479,0.6729399757033164,0.6803665779558694,binary;multiclass,0.9284023668639053,0.6133333333333333,0.7076923076923077,0.5538461538461539,0.9645208700764256,0.8938547486033519,0.8888888888888888,0.9055555555555556,0.9068820500727116,0.6484848484848484,0.6484848484848484,0.5818181818181818,0.9500243956741495,0.8477366255144033,0.8153034300791556,0.7889182058047494,0.8672816587650655,0.36129032258064514,0.34146341463414637,0.32926829268292684,6.754505299999437,42,287148bfd01ac67b5192268c6c69cc4cc230c004bdfdf332285f38a3b43b08dd,c175815089a491399700d9c586c067665dd8b48251196512f77a0b7e2732d91c,34060e20ca6ca6de13d114a5b1b14cf4e1fd9ffccc3f7ec4453bb00d8b5646f1,f1a462be1bb1459f2da3d3e3a9d4af1d3a7aab1a7baa2bc537dcb8a4ae15b5d9
P1_a07,3,2;3;11,III;aVR;V6,936,0.9129944334093529,0.6666666666666666,0.788218793828892,0.6763722726505104,0.6854166309768343,binary;multiclass,0.9289081885856079,0.6265822784810127,0.7615384615384615,0.5692307692307692,0.9655937683715462,0.8913649025069638,0.8888888888888888,0.9,0.9005620406398616,0.6542056074766355,0.6363636363636364,0.593939393939394,0.9495885894563316,0.8559670781893004,0.8232189973614775,0.7889182058047494,0.8690380990460959,0.35374149659863946,0.3170731707317073,0.32926829268292684,6.760749900000519,42,287148bfd01ac67b5192268c6c69cc4cc230c004bdfdf332285f38a3b43b08dd,c175815089a491399700d9c586c067665dd8b48251196512f77a0b7e2732d91c,34060e20ca6ca6de13d114a5b1b14cf4e1fd9ffccc3f7ec4453bb00d8b5646f1,133d50017ac1041b46b363430b817da520637645db8272432d6dc2807540a94c
P1_a07,3,2;4;5,III;aVL;aVF,936,0.9109590720714091,0.6985507246376812,0.7908961593172119,0.6756114925318998,0.6855317670009735,binary;multiclass,0.9290131704523764,0.6261980830670927,0.7538461538461538,0.5923076923076923,0.9648883009994121,0.8870523415977961,0.8944444444444445,0.9,0.8959478048972211,0.6518987341772152,0.6242424242424243,0.5878787878787879,0.951634983870433,0.8622589531680441,0.8258575197889182,0.8073878627968337,0.8731221796995488,0.35064935064935066,0.32926829268292684,0.36585365853658536,6.753210700000636,42,287148bfd01ac67b5192268c6c69cc4cc230c004bdfdf332285f38a3b43b08dd,c175815089a491399700d9c586c067665dd8b48251196512f77a0b7e2732d91c,34060e20ca6ca6de13d114a5b1b14cf4e1fd9ffccc3f7ec4453bb00d8b5646f1,3d033030c919fc4a41e4949cb91feeb39ea481bd4937b8f58ee90b1a4fdcb789
P1_a07,3,2;4;6,III;aVL;V1,936,0.9009146864807868,0.6405797101449275,0.7573632538569425,0.6758558552009485,0.6857460470041716,binary;multiclass,0.9187726665394159,0.6144200626959248,0.7538461538461538,0.5153846153846153,0.9629556143445032,0.8846153846153846,0.8944444444444445,0.9055555555555556,0.8848327634319852,0.6332288401253918,0.6121212121212121,0.5454545454545454,0.9608958659990621,0.8796680497925311,0.8390501319261213,0.8522427440633246,0.8692380190780832,0.3673469387755102,0.32926829268292684,0.3902439024390244,6.756893600000694,42,287148bfd01ac67b5192268c6c69cc4cc230c004bdfdf332285f38a3b43b08dd,c175815089a491399700d9c586c067665dd8b48251196512f77a0b7e2732d91c,34060e20ca6ca6de13d114a5b1b14cf4e1fd9ffccc3f7ec4453bb00d8b5646f1,3b0b024a562fd09f61de8eec00d07402250ec91f356c4d1835f341ae7741ea37
P1_a07,3,2;4;7,III;aVL;V2,936,0.9064567547021751,0.6608695652173913,0.7725321888412017,0.6916844260211168,0.7007628918549826,binary;multiclass,0.9287745753006299,0.6535947712418301,0.7692307692307693,0.5076923076923077,0.9650058788947677,0.9014084507042254,0.8888888888888888,0.9111111111111111,0.892717053806548,0.6292834890965732,0.6121212121212121,0.5696969696969697,0.9549414266969204,0.8641975308641975,0.8311345646437994,0.8179419525065963,0.865596618495459,0.40993788819875776,0.4024390243902439,0.3902439024390244,6.754274200000509,42,287148bfd01ac67b5192268c6c69cc4cc230c004bdfdf332285f38a3b43b08dd,c175815089a491399700d9c586c067665dd8b48251196512f77a0b7e2732d91c,34060e20ca6ca6de13d114a5b1b14cf4e1fd9ffccc3f7ec4453bb00d8b5646f1,c8b01fe2e6b2ebb2cea078ae75709ba1d4eff26c3a1b40c996542a8d2fe67005
P1_a07,3,2;4;8,III;aVL;V3,936,0.9055445204639642,0.6579710144927536,0.7726638772663877,0.6757601437173184,0.6831839125686863,binary;multiclass,0.9280492460393205,0.6270627062706271,0.7307692307692307,0.5384615384615384,0.9648001175778953,0.8969359331476323,0.8944444444444445,0.9111111111111111,0.8958298942734741,0.6341463414634146,0.6303030303030303,0.5515151515151515,0.9520186828230769,0.860655737704918,0.8311345646437994,0.8153034300791556,0.8669674987147998,0.36,0.32926829268292684,0.34146341463414637,6.757612699999299,42,287148bfd01ac67b5192268c6c69cc4cc230c004bdfdf332285f38a3b43b08dd,c175815089a491399700d9c586c067665dd8b48251196512f77a0b7e2732d91c,34060e20ca6ca6de13d114a5b1b14cf4e1fd9ffccc3f7ec4453bb00d8b5646f1,f1b7341ad967f94747c8539a2e33169dfa8d036130ceeb82024e94d129814d4e
P1_a07,3,2;4;9,III;aVL;V4,936,0.9122097157850855,0.6840579710144927,0.7827298050139275,0.6773627394706463,0.6857944311660767,binary;multiclass,0.9258159954189731,0.6229508196721312,0.7307692307692307,0.5461538461538461,0.9621031746031746,0.8994413407821229,0.8944444444444445,0.9111111111111111,0.9042015485595253,0.639751552795031,0.6242424242424243,0.5575757575757576,0.9494275306367034,0.8598901098901099,0.8258575197889182,0.8100263852242744,0.8600416976066716,0.36477987421383645,0.35365853658536583,0.35365853658536583,6.7564842000010685,42,287148bfd01ac67b5192268c6c69cc4cc230c004bdfdf332285f38a3b43b08dd,c175815089a491399700d9c586c067665dd8b48251196512f77a0b7e2732d91c,34060e20ca6ca6de13d114a5b1b14cf4e1fd9ffccc3f7ec4453bb00d8b5646f1,be1d4cea9e3e2b50364a5e6902d1b10044cd2dafe99ada0878cac425973de1b2
P1_a07,3,2;4;10,III;aVL;V5,936,0.9132102307560263,0.6695652173913044,0.7782426778242678,0.6707468339918289,0.6782686758579672,binary;multiclass,0.9274193548387096,0.6058631921824105,0.7153846153846154,0.5692307692307692,0.9638521457965903,0.896358543417367,0.8888888888888888,0.9055555555555556,0.9065990645757183,0.6459627329192547,0.6303030303030303,0.5636363636363636,0.9475232469458038,0.8465753424657534,0.8153034300791556,0.7915567282321899,0.8672102587536414,0.358974358974359,0.34146341463414637,0.34146341463414637,6.754462500000955,42,287148bfd01ac67b5192268c6c69cc4cc230c004bdfdf332285f38a3b43b08dd,c175815089a491399700d9c586c067665dd8b48251196512f77a0b7e2732d91c,34060e20ca6ca6de13d114a5b1b14cf4e1fd9ffccc3f7ec4453bb00d8b5646f1,cc462c0164be1579f447af62298462bf9fc32a3cf0ab8ef05b56008c4fc84510
P1_a07,3,2;4;11,III;aVL;V6,936,0.9111748694180829,0.672463768115942,0.7897727272727273,0.6684899644306788,0.677687645387626,binary;multiclass,0.9262836419163963,0.6226415094339622,0.7615384615384615,0.5461538461538461,0.9644106407995298,0.8907563025210085,0.8833333333333333,0.9055555555555556,0.8993907951106395,0.6459627329192547,0.6303030303030303,0.5757575757575758,0.9479780012600484,0.852054794520548,0.820580474934037,0.8047493403693932,0.8676386588221854,0.3310344827586207,0.2926829268292683,0.34146341463414637,6.750634600000922,42,287148bfd01ac67b5192268c6c69cc4cc230c004bdfdf332285f38a3b43b08dd,c175815089a491399700d9c586c067665dd8b48251196512f77a0b7e2732d91c,34060e20ca6ca6de13d114a5b1b14cf4e1fd9ffccc3f7ec4453bb00d8b5646f1,8b54f0dd3e0fceae20e228833ae8c0c200acc1d5905ff121da1e04336a6f94df
P1_a07,3,2;5;6,III;aVF;V1,936,0.9061526766227715,0.6811594202898551,0.7842031029619182,0.6666534317422658,0.6759188092941872,binary;multiclass,0.924928421454476,0.610062893081761,0.7461538461538462,0.5461538461538461,0.9637860082304526,0.8901098901098901,0.9,0.9111111111111111,0.8904217269976026,0.6394984326018809,0.6181818181818182,0.5393939393939394,0.9621938106043022,0.8770491803278688,0.8469656992084432,0.8284960422163589,0.8648112183697949,0.31654676258992803,0.2682926829268293,0.36585365853658536,6.752226599999631,42,287148bfd01ac67b5192268c6c69cc4cc230c004bdfdf332285f38a3b43b08dd,c175815089a491399700d9c586c067665dd8b48251196512f77a0b7e2732d91c,34060e20ca6ca6de13d114a5b1b14cf4e1fd9ffccc3f7ec4453bb00d8b5646f1,8fee044e954247206d3caa0944d9f06e5587c1d63c493c38132407fab20755ad
P1_a07,3,2;5;7,III;aVF;V2,936,0.909100272198926,0.663768115942029,0.7796610169491526,0.6972570812165737,0.7060657688979974,binary;multiclass,0.9312559648787937,0.6537216828478964,0.7769230769230769,0.5769230769230769,0.9660420340975896,0.8944444444444445,0.8944444444444445,0.9111111111111111,0.895617655150729,0.6346153846153846,0.6,0.593939393939394,0.9563720079771485,0.8731241473396999,0.8443271767810027,0.8179419525065963,0.8683669389387103,0.43037974683544306,0.4146341463414634,0.34146341463414637,6.756121500000518,42,287148bfd01ac67b5192268c6c69cc4cc230c004bdfdf332285f38a3b43b08dd,c175815089a491399700d9c586c067665dd8b48251196512f77a0b7e2732d91c,34060e20ca6ca6de13d114a5b1b14cf4e1fd9ffccc3f7ec4453bb00d8b5646f1,5756713a7e4e170b95340b1d5f3546765c8478e81e4fbb8a4cca14acb7392f11
P1_a07,3,2;5;8,III;aVF;V3,936,0.909473013070453,0.6608695652173913,0.7889655172413793,0.6839723202616019,0.6907470018165687,binary;multiclass,0.9264745180377936,0.6348122866894198,0.7153846153846154,0.5846153846153846,0.9654027042915934,0.8870523415977961,0.8944444444444445,0.9111111111111111,0.9028180639075579,0.6441717791411042,0.6363636363636364,0.5454545454545454,0.954481935358569,0.8692098092643051,0.841688654353562,0.8153034300791556,0.8614982578397212,0.38461538461538464,0.36585365853658536,0.36585365853658536,6.748414499999853,42,287148bfd01ac67b5192268c6c69cc4cc230c004bdfdf332285f38a3b43b08dd,c175815089a491399700d9c586c067665dd8b48251196512f77a0b7e2732d91c,34060e20ca6ca6de13d114a5b1b14cf4e1fd9ffccc3f7ec4453bb00d8b5646f1,2495e725ec4b8d1817ed3814d3f148bdfbd1e62411d88ee8995d4b167a8d7c68
P1_a07,3,2;5;9,III;aVF;V4,936,0.9144363520439442,0.7072463768115942,0.7804195804195804,0.6723590372815547,0.680621778133201,binary;multiclass,0.9265604122924221,0.6174496644295302,0.7076923076923077,0.5846153846153846,0.9624559082892417,0.8919667590027701,0.8944444444444445,0.9111111111111111,0.9067091144912156,0.654434250764526,0.6484848484848484,0.5696969696969697,0.9513460253999232,0.8583218707015131,0.8232189973614775,0.820580474934037,0.8558862169417947,0.33962264150943394,0.32926829268292684,0.3170731707317073,6.769852499999615,42,287148bfd01ac67b5192268c6c69cc4cc230c004bdfdf332285f38a3b43b08dd,c175815089a491399700d9c586c067665dd8b48251196512f77a0b7e2732d91c,34060e20ca6ca6de13d114a5b1b14cf4e1fd9ffccc3f7ec4453bb00d8b5646f1,bf74bb664dd4f139ab049ee3d6078c99ec741b59029e02f18fec511831dfdf60
P1_a07,3,2;5;10,III;aVF;V5,936,0.9154319625297334,0.6811594202898551,0.788135593220339,0.6701193373546491,0.6771421267379824,binary;multiclass,0.9283355602214164,0.6072607260726073,0.7076923076923077,0.5692307692307692,0.9645502645502646,0.8969359331476323,0.8944444444444445,0.9111111111111111,0.9079432456864363,0.6521739130434783,0.6363636363636364,0.5878787878787879,0.949214364551901,0.8458390177353342,0.8179419525065963,0.7968337730870713,0.8673244987719199,0.34838709677419355,0.32926829268292684,0.3170731707317073,6.749638199999026,42,287148bfd01ac67b5192268c6c69cc4cc230c004bdfdf332285f38a3b43b08dd,c175815089a491399700d9c586c067665dd8b48251196512f77a0b7e2732d91c,34060e20ca6ca6de13d114a5b1b14cf4e1fd9ffccc3f7ec4453bb00d8b5646f1,067641e7112b07bf033fe3e99e0e3e7e26bd4b621474bea3615f4306a3bbd2e6
P1_a07,3,2;5;11,III;aVF;V6,936,0.9131562814193581,0.672463768115942,0.7902995720399429,0.67492559920005,0.6839320054565565,binary;multiclass,0.9284119106699752,0.6246056782334385,0.7615384615384615,0.5615384615384615,0.9656305114638447,0.8969359331476323,0.8944444444444445,0.9055555555555556,0.9006563691388594,0.6561514195583596,0.6303030303030303,0.5757575757575758,0.949384897419743,0.8590971272229823,0.8284960422163589,0.8021108179419525,0.8683383789341406,0.33783783783783783,0.3048780487804878,0.36585365853658536,6.750276599999779,42,287148bfd01ac67b5192268c6c69cc4cc230c004bdfdf332285f38a3b43b08dd,c175815089a491399700d9c586c067665dd8b48251196512f77a0b7e2732d91c,34060e20ca6ca6de13d114a5b1b14cf4e1fd9ffccc3f7ec4453bb00d8b5646f1,933d3e60c10ed2f594fe4e2809cf0a305b1cb4678a12b4558e40ab7f8954f1a8
P1_a07,3,2;6;7,III;V1;V2,936,0.9028568626008485,0.6608695652173913,0.7637906647807637,0.6978860160168572,0.7049519316087307,binary;multiclass,0.9180282496659667,0.6241610738255033,0.7153846153846154,0.45384615384615384,0.9653953556731335,0.9,0.9,0.9111111111111111,0.8840545533152536,0.636085626911315,0.6303030303030303,0.5515151515151515,0.9631364784015386,0.8861454046639232,0.8522427440633246,0.8680738786279684,0.8648968983835037,0.4430379746835443,0.4268292682926829,0.4146341463414634,6.7456951000003755,42,287148bfd01ac67b5192268c6c69cc4cc230c004bdfdf332285f38a3b43b08dd,c175815089a491399700d9c586c067665dd8b48251196512f77a0b7e2732d91c,34060e20ca6ca6de13d114a5b1b14cf4e1fd9ffccc3f7ec4453bb00d8b5646f1,031080a77b3263043d424fa712ed16a46db460bbb9e4016474977475d232f895
P1_a07,3,2;6;8,III;V1;V3,936,0.9062949066921702,0.6753623188405797,0.7636363636363637,0.672415273995428,0.6803076976080387,binary;multiclass,0.9229242221798053,0.6046511627906976,0.7,0.5461538461538461,0.9639035861258082,0.9005524861878453,0.9055555555555556,0.9166666666666666,0.8956333765672287,0.6341463414634146,0.6303030303030303,0.5393939393939394,0.9591858002965378,0.8720770288858322,0.8364116094986808,0.8390501319261213,0.8730507796881247,0.35064935064935066,0.32926829268292684,0.35365853658536583,6.745585300001039,42,287148bfd01ac67b5192268c6c69cc4cc230c004bdfdf332285f38a3b43b08dd,c175815089a491399700d9c586c067665dd8b48251196512f77a0b7e2732d91c,34060e20ca6ca6de13d114a5b1b14cf4e1fd9ffccc3f7ec4453bb00d8b5646f1,92634a1e3066c8ee4a5d711326ed2bcb2ad997fc05c57cb77c356cd278c82d6c
P1_a07,3,2;6;9,III;V1;V4,936,0.9150297947472963,0.6782608695652174,0.7864214992927864,0.6850597564408445,0.693892542877677,binary;multiclass,0.9237449895018134,0.6274509803921569,0.7384615384615385,0.5230769230769231,0.9619635508524398,0.9025069637883009,0.9,0.9111111111111111,0.9079589671029361,0.6476190476190476,0.6181818181818182,0.5454545454545454,0.9576557415100686,0.8818681318681318,0.8469656992084432,0.8311345646437994,0.8642828582852573,0.36585365853658536,0.36585365853658536,0.36585365853658536,6.735536299998785,42,287148bfd01ac67b5192268c6c69cc4cc230c004bdfdf332285f38a3b43b08dd,c175815089a491399700d9c586c067665dd8b48251196512f77a0b7e2732d91c,34060e20ca6ca6de13d114a5b1b14cf4e1fd9ffccc3f7ec4453bb00d8b5646f1,998ce12a8ed17efe6911c079e5685b76851e610f6b5cdbfa8a8c1df24f0630c5
P1_a07,3,2;6;10,III;V1;V5,936,0.9155938105397385,0.6869565217391305,0.7915492957746478,0.6743177186462631,0.683549306947209,binary;multiclass,0.9242221798053064,0.6198083067092651,0.7461538461538462,0.5153846153846153,0.9643298059964728,0.9050279329608939,0.9,0.9166666666666666,0.9081476241009314,0.65,0.6303030303030303,0.5575757575757576,0.9578878556912975,0.8720770288858322,0.8364116094986808,0.8311345646437994,0.8622836579653853,0.3246753246753247,0.3048780487804878,0.2682926829268293,6.740162899999632,42,287148bfd01ac67b5192268c6c69cc4cc230c004bdfdf332285f38a3b43b08dd,c175815089a491399700d9c586c067665dd8b48251196512f77a0b7e2732d91c,34060e20ca6ca6de13d114a5b1b14cf4e1fd9ffccc3f7ec4453bb00d8b5646f1,7e283efd55628f6c59d17761b75cc07edb765352d661bc253e7c9944953260e2
P1_a07,3,2;6;11,III;V1;V6,936,0.9122832830623606,0.6550724637681159,0.7887323943661971,0.6820370954379833,0.6923696798585787,binary;multiclass,0.9268180950563084,0.6369426751592356,0.7692307692307693,0.5,0.9671810699588478,0.9055555555555556,0.9055555555555556,0.9111111111111111,0.9028888102818065,0.6728395061728395,0.6606060606060606,0.593939393939394,0.9593989663813398,0.8705234159779615,0.8337730870712401,0.8021108179419525,0.8639686982349917,0.32432432432432434,0.2926829268292683,0.2804878048780488,6.705553499999951,42,287148bfd01ac67b5192268c6c69cc4cc230c004bdfdf332285f38a3b43b08dd,c175815089a491399700d9c586c067665dd8b48251196512f77a0b7e2732d91c,34060e20ca6ca6de13d114a5b1b14cf4e1fd9ffccc3f7ec4453bb00d8b5646f1,abb420096a22d35e093372196e70affa7812d564b027202af28872b12f4dde30
P1_a07,3,2;7;8,III;V2;V3,936,0.9011206748571571,0.6579710144927536,0.7649513212795549,0.6657933598198411,0.670618497918839,binary;multiclass,0.9183241076541324,0.5838926174496645,0.6692307692307692,0.47692307692307695,0.9662698412698414,0.9,0.9,0.9111111111111111,0.8831269897417758,0.6163141993957704,0.6181818181818182,0.5272727272727272,0.9535724267300797,0.8614130434782609,0.8364116094986808,0.8073878627968337,0.8648397783743645,0.3673469387755102,0.32926829268292684,0.36585365853658536,6.6084319000001415,42,287148bfd01ac67b5192268c6c69cc4cc230c004bdfdf332285f38a3b43b08dd,c175815089a491399700d9c586c067665dd8b48251196512f77a0b7e2732d91c,34060e20ca6ca6de13d114a5b1b14cf4e1fd9ffccc3f7ec4453bb00d8b5646f1,5f0f54232c6d8f1ade1303ff1d3479496c909b3faf28d5e8abd4e77d2301e1fc
P1_a07,3,2;7;9,III;V2;V4,936,0.911140538022021,0.6811594202898551,0.7800829875518672,0.6826039858318327,0.6882522752861899,binary;multiclass,0.9213972132086276,0.62,0.7153846153846154,0.5230769230769231,0.9630878894767784,0.9014084507042254,0.8888888888888888,0.9111111111111111,0.9008371654286051,0.6402439024390244,0.6363636363636364,0.5454545454545454,0.9550693263478018,0.8722826086956522,0.8469656992084432,0.8073878627968337,0.8592134574741532,0.3790849673202614,0.35365853658536583,0.34146341463414637,6.560316499999317,42,287148bfd01ac67b5192268c6c69cc4cc230c004bdfdf332285f38a3b43b08dd,c175815089a491399700d9c586c067665dd8b48251196512f77a0b7e2732d91c,34060e20ca6ca6de13d114a5b1b14cf4e1fd9ffccc3f7ec4453bb00d8b5646f1,c2c074caba89eb1e638106d74f8a9c4f6fc2c1e7116180d66c3b262011f56ae7
P1_a07,3,2;7;10,III;V2;V5,936,0.9127786360626793,0.6753623188405797,0.7893258426966292,0.6918847111872135,0.6971078099953831,binary;multiclass,0.9237545333078832,0.6245847176079734,0.7230769230769231,0.5692307692307692,0.9641240446796001,0.9065155807365439,0.8888888888888888,0.9111111111111111,0.9032975671107968,0.6481481481481481,0.6363636363636364,0.5575757575757576,0.9546335201299839,0.8699186991869918,0.8469656992084432,0.7889182058047494,0.861655337864854,0.41025641025641024,0.3902439024390244,0.36585365853658536,6.6175898000001325,42,287148bfd01ac67b5192268c6c69cc4cc230c004bdfdf332285f38a3b43b08dd,c175815089a491399700d9c586c067665dd8b48251196512f77a0b7e2732d91c,34060e20ca6ca6de13d114a5b1b14cf4e1fd9ffccc3f7ec4453bb00d8b5646f1,64e879776c5cc3e82530ad6c873cbb423d742726dcc2cc6ae9e0001409ea69d0
P1_a07,3,2;7;11,III;V2;V6,936,0.9111846783883861,0.6695652173913044,0.7886524822695036,0.6765533001629526,0.6859194073332692,binary;multiclass,0.9268753578927276,0.6237942122186495,0.7461538461538462,0.5692307692307692,0.9653292181069959,0.8944444444444445,0.8944444444444445,0.9111111111111111,0.8999882089376252,0.6332288401253918,0.6121212121212121,0.5333333333333333,0.955528817686153,0.859504132231405,0.8232189973614775,0.8021108179419525,0.8645398983263838,0.3717948717948718,0.35365853658536583,0.36585365853658536,6.68948840000121,42,287148bfd01ac67b5192268c6c69cc4cc230c004bdfdf332285f38a3b43b08dd,c175815089a491399700d9c586c067665dd8b48251196512f77a0b7e2732d91c,34060e20ca6ca6de13d114a5b1b14cf4e1fd9ffccc3f7ec4453bb00d8b5646f1,791a1090a45ec41011de4c0d8e02c24a0c424dac3e381e570d23eebd88aae0a7
P1_a07,3,2;8;9,III;V3;V4,936,0.9084921160401188,0.6492753623188405,0.7759103641456583,0.6731445146072822,0.6819010012304304,binary;multiclass,0.923754533307883,0.617363344051447,0.7384615384615385,0.5153846153846153,0.9625514403292182,0.896358543417367,0.8888888888888888,0.9111111111111111,0.8978265141689267,0.61875,0.6,0.5333333333333333,0.9525776516676694,0.8638239339752407,0.8284960422163589,0.8179419525065963,0.8642257382761181,0.36942675159235666,0.35365853658536583,0.35365853658536583,6.591052600000694,42,287148bfd01ac67b5192268c6c69cc4cc230c004bdfdf332285f38a3b43b08dd,c175815089a491399700d9c586c067665dd8b48251196512f77a0b7e2732d91c,34060e20ca6ca6de13d114a5b1b14cf4e1fd9ffccc3f7ec4453bb00d8b5646f1,a14035c54137292cccc7de939990c4c472dba1e0923b2de32f42dff544bd2cb5
P1_a07,3,2;8;10,III;V3;V5,936,0.9116653179332499,0.6579710144927536,0.7829787234042553,0.6828990542869151,0.6913723346820715,binary;multiclass,0.9248711586180568,0.6193548387096774,0.7384615384615385,0.5615384615384615,0.9636022927689595,0.8907563025210085,0.8833333333333333,0.9166666666666666,0.9031324922375507,0.64375,0.6242424242424243,0.5272727272727272,0.9526913402462305,0.8555708390646493,0.820580474934037,0.7941952506596306,0.8631404581024733,0.4050632911392405,0.3902439024390244,0.35365853658536583,6.643843600000764,42,287148bfd01ac67b5192268c6c69cc4cc230c004bdfdf332285f38a3b43b08dd,c175815089a491399700d9c586c067665dd8b48251196512f77a0b7e2732d91c,34060e20ca6ca6de13d114a5b1b14cf4e1fd9ffccc3f7ec4453bb00d8b5646f1,c229c99987917da18803986adb94efcd94fe59e798443d3a4b9ffb3d20aa6fe6
P1_a07,3,2;8;11,III;V3;V6,936,0.9086000147134554,0.663768115942029,0.7843137254901961,0.6783665430953381,0.6874357689274994,binary;multiclass,0.9268180950563085,0.6148867313915858,0.7307692307692307,0.5692307692307692,0.9652777777777777,0.8938547486033519,0.8888888888888888,0.9111111111111111,0.8988562669496523,0.6461538461538462,0.6363636363636364,0.5393939393939394,0.9535297935131192,0.8547717842323651,0.8153034300791556,0.7994722955145118,0.8678956988633119,0.3821656050955414,0.36585365853658536,0.3780487804878049,6.752421599998343,42,287148bfd01ac67b5192268c6c69cc4cc230c004bdfdf332285f38a3b43b08dd,c175815089a491399700d9c586c067665dd8b48251196512f77a0b7e2732d91c,34060e20ca6ca6de13d114a5b1b14cf4e1fd9ffccc3f7ec4453bb00d8b5646f1,6355afa1508f94435cc57d3a52b4252f334937699f7e50f623633265b209855d
P1_a07,3,2;9;10,III;V4;V5,936,0.9126020745972191,0.672463768115942,0.7876230661040787,0.6642241610514918,0.6722640779574945,binary;multiclass,0.9204428326016416,0.6032786885245902,0.7076923076923077,0.47692307692307695,0.9625514403292181,0.8994413407821229,0.8944444444444445,0.9111111111111111,0.9045316983060173,0.6441717791411042,0.6363636363636364,0.5393939393939394,0.948735925117123,0.8516483516483516,0.8179419525065963,0.7968337730870713,0.8578568572570971,0.3225806451612903,0.3048780487804878,0.3048780487804878,6.742257500000051,42,287148bfd01ac67b5192268c6c69cc4cc230c004bdfdf332285f38a3b43b08dd,c175815089a491399700d9c586c067665dd8b48251196512f77a0b7e2732d91c,34060e20ca6ca6de13d114a5b1b14cf4e1fd9ffccc3f7ec4453bb00d8b5646f1,f6aa0c2b3bc012dc7c57ca321372a0cf05533f8bd56e6d4fe7468c1ebbbae273
P1_a07,3,2;9;11,III;V4;V6,936,0.9115770372005199,0.6666666666666666,0.7858156028368795,0.6575493982463201,0.6663583180160824,binary;multiclass,0.9238786027867913,0.6038961038961039,0.7153846153846154,0.5230769230769231,0.9631981187536743,0.8919667590027701,0.8944444444444445,0.9111111111111111,0.904122941477027,0.6230529595015576,0.6060606060606061,0.5333333333333333,0.9512702330142158,0.8571428571428571,0.8232189973614775,0.8100263852242744,0.858442337350774,0.3116883116883117,0.2926829268292683,0.3170731707317073,6.750213600000279,42,287148bfd01ac67b5192268c6c69cc4cc230c004bdfdf332285f38a3b43b08dd,c175815089a491399700d9c586c067665dd8b48251196512f77a0b7e2732d91c,34060e20ca6ca6de13d114a5b1b14cf4e1fd9ffccc3f7ec4453bb00d8b5646f1,5eea440325c0ee9ca425624289cda74f160b87be9c024fd07fb8d1d288930605
P1_a07,3,2;10;11,III;V5;V6,936,0.909860467397435,0.6608695652173913,0.7815126050420168,0.6613606189499687,0.6695997233419203,binary;multiclass,0.9243653368963544,0.6046511627906976,0.7,0.5153846153846153,0.9626543209876544,0.8839779005524862,0.8888888888888888,0.9111111111111111,0.9017490075855834,0.6465256797583081,0.6484848484848484,0.5696969696969697,0.94781694244042,0.8516483516483516,0.8179419525065963,0.7862796833773087,0.8667104586736734,0.32,0.2926829268292683,0.3048780487804878,6.813874400000714,42,287148bfd01ac67b5192268c6c69cc4cc230c004bdfdf332285f38a3b43b08dd,c175815089a491399700d9c586c067665dd8b48251196512f77a0b7e2732d91c,34060e20ca6ca6de13d114a5b1b14cf4e1fd9ffccc3f7ec4453bb00d8b5646f1,05d6e54f8b8d90833791fc23d1f9e242d67bd2eb56ccfe404e3e6237de60d810
P1_a07,3,3;4;5,aVR;aVL;aVF,936,0.9147894749748645,0.6869565217391305,0.7905686546463245,0.6899680685502418,0.6987647462761691,binary;multiclass,0.9295476235922886,0.6556291390728477,0.7615384615384615,0.5846153846153846,0.9662845385067608,0.8815426997245179,0.8888888888888888,0.9,0.900672090555359,0.6930091185410334,0.6909090909090909,0.6484848484848484,0.9523123783176932,0.8547945205479452,0.8232189973614775,0.8021108179419525,0.8737647798023648,0.36486486486486486,0.32926829268292684,0.3780487804878049,6.777565200000026,42,287148bfd01ac67b5192268c6c69cc4cc230c004bdfdf332285f38a3b43b08dd,c175815089a491399700d9c586c067665dd8b48251196512f77a0b7e2732d91c,34060e20ca6ca6de13d114a5b1b14cf4e1fd9ffccc3f7ec4453bb00d8b5646f1,89af69f38e5152bbf766d3c6cd07b17010dc48a78b427a0e75c6e7be718a85af
P1_a07,3,3;4;6,aVR;aVL;V1,936,0.914112656023934,0.6666666666666666,0.7888111888111888,0.690175730906857,0.6989938082453688,binary;multiclass,0.9310364573391869,0.6449511400651465,0.7615384615384615,0.5769230769230769,0.9683201058201057,0.8864265927977839,0.8888888888888888,0.9,0.9039893094367802,0.672782874617737,0.6666666666666666,0.6121212121212121,0.9578168003296968,0.8708791208791209,0.8364116094986808,0.8126649076517151,0.8700805392128862,0.37583892617449666,0.34146341463414637,0.3780487804878049,6.801695399999517,42,287148bfd01ac67b5192268c6c69cc4cc230c004bdfdf332285f38a3b43b08dd,c175815089a491399700d9c586c067665dd8b48251196512f77a0b7e2732d91c,34060e20ca6ca6de13d114a5b1b14cf4e1fd9ffccc3f7ec4453bb00d8b5646f1,b3fa8b716cf99556f8788b57bfd6a0c6fc6c601a636cb6841205862576d59ced
P1_a07,3,3;4;7,aVR;aVL;V2,936,0.9137595330930136,0.6753623188405797,0.7903682719546742,0.690661359026133,0.6989540981503141,binary;multiclass,0.9318095056308455,0.6381578947368421,0.7461538461538462,0.5692307692307692,0.9673574368018812,0.8944444444444445,0.8944444444444445,0.9,0.9030460244468027,0.6666666666666666,0.6545454545454545,0.593939393939394,0.9558414612771964,0.8669410150891632,0.8337730870712401,0.8153034300791556,0.867096018735363,0.3870967741935484,0.36585365853658536,0.35365853658536583,6.7872241999994,42,287148bfd01ac67b5192268c6c69cc4cc230c004bdfdf332285f38a3b43b08dd,c175815089a491399700d9c586c067665dd8b48251196512f77a0b7e2732d91c,34060e20ca6ca6de13d114a5b1b14cf4e1fd9ffccc3f7ec4453bb00d8b5646f1,7ad955c4a00ae577763c915f96984dc0c7f1d9557dd8bb255e86ba2c8efa3e76
P1_a07,3,3;4;8,aVR;aVL;V3,936,0.912842394369651,0.672463768115942,0.7944055944055944,0.6889864798154621,0.6969593782953716,binary;multiclass,0.9294521855315899,0.631578947368421,0.7384615384615385,0.5692307692307692,0.9659465020576132,0.8913649025069638,0.8888888888888888,0.9,0.9078174743544394,0.6869300911854104,0.6848484848484848,0.5818181818181818,0.9520186828230769,0.8641975308641975,0.8311345646437994,0.7889182058047494,0.8629833780773405,0.3708609271523179,0.34146341463414637,0.32926829268292684,6.775272799999584,42,287148bfd01ac67b5192268c6c69cc4cc230c004bdfdf332285f38a3b43b08dd,c175815089a491399700d9c586c067665dd8b48251196512f77a0b7e2732d91c,34060e20ca6ca6de13d114a5b1b14cf4e1fd9ffccc3f7ec4453bb00d8b5646f1,9ccc9e6ddaca4b37ce936d9cc5b6088ace5c71c8bc54a73c908ce60493823828
P1_a07,3,3;4;9,aVR;aVL;V4,936,0.9144510654993994,0.6956521739130435,0.7854137447405329,0.6880114321766059,0.6955508347470507,binary;multiclass,0.9270853216262646,0.6287625418060201,0.7230769230769231,0.5923076923076923,0.9628086419753087,0.8944444444444445,0.8944444444444445,0.9,0.9111268325276107,0.6749226006191951,0.6606060606060606,0.5878787878787879,0.9504317797473272,0.8645690834473324,0.8337730870712401,0.8073878627968337,0.8513451762152282,0.37735849056603776,0.36585365853658536,0.3048780487804878,6.774120800000674,42,287148bfd01ac67b5192268c6c69cc4cc230c004bdfdf332285f38a3b43b08dd,c175815089a491399700d9c586c067665dd8b48251196512f77a0b7e2732d91c,34060e20ca6ca6de13d114a5b1b14cf4e1fd9ffccc3f7ec4453bb00d8b5646f1,7bf171396f570f5db68eb06b0dceebf3413732e3174a3ae5778d1e82883b1eef
P1_a07,3,3;4;10,aVR;aVL;V5,936,0.9148336153412298,0.6956521739130435,0.7816411682892906,0.6786778077516444,0.6875924811686444,binary;multiclass,0.9284596297003245,0.6270627062706271,0.7307692307692307,0.5461538461538461,0.9639476778365668,0.8913649025069638,0.8888888888888888,0.9055555555555556,0.9081712062256808,0.6483180428134556,0.6424242424242425,0.5757575757575758,0.9497117520831064,0.8468965517241379,0.8100263852242744,0.7968337730870713,0.864954018392643,0.379746835443038,0.36585365853658536,0.35365853658536583,6.772951599999942,42,287148bfd01ac67b5192268c6c69cc4cc230c004bdfdf332285f38a3b43b08dd,c175815089a491399700d9c586c067665dd8b48251196512f77a0b7e2732d91c,34060e20ca6ca6de13d114a5b1b14cf4e1fd9ffccc3f7ec4453bb00d8b5646f1,bed822847d39a3f936a3ec68b2b2643aa8845457a29d6839c0b2a10d0e272b5d
P1_a07,3,3;4;11,aVR;aVL;V6,936,0.9140488977169622,0.6869565217391305,0.7926657263751763,0.6855644520693269,0.6935018268443842,binary;multiclass,0.9292994846344722,0.6325878594249201,0.7615384615384615,0.5692307692307692,0.9654320987654321,0.9019607843137255,0.8944444444444445,0.9055555555555556,0.9022127893723224,0.6625386996904025,0.6484848484848484,0.5878787878787879,0.9495791154081182,0.8633879781420765,0.8337730870712401,0.7915567282321899,0.8681955789112926,0.3673469387755102,0.32926829268292684,0.32926829268292684,6.79629340000065,42,287148bfd01ac67b5192268c6c69cc4cc230c004bdfdf332285f38a3b43b08dd,c175815089a491399700d9c586c067665dd8b48251196512f77a0b7e2732d91c,34060e20ca6ca6de13d114a5b1b14cf4e1fd9ffccc3f7ec4453bb00d8b5646f1,0009fdcde318a3eed44f7ce5de14ca9c69a62644ccd4e6520bfeab627252f350
P1_a07,3,3;5;6,aVR;aVF;V1,936,0.914990558866083,0.6695652173913044,0.7960893854748603,0.6901227749055372,0.6998887732313307,binary;multiclass,0.9317999618247756,0.6578947368421053,0.7692307692307693,0.6230769230769231,0.9675631981187538,0.8870523415977961,0.8944444444444445,0.9,0.9057186652517392,0.6727272727272727,0.6727272727272727,0.6060606060606061,0.9594794957911541,0.8705234159779615,0.8337730870712401,0.8364116094986808,0.870237619238019,0.3624161073825503,0.32926829268292684,0.35365853658536583,6.7700162000001,42,287148bfd01ac67b5192268c6c69cc4cc230c004bdfdf332285f38a3b43b08dd,c175815089a491399700d9c586c067665dd8b48251196512f77a0b7e2732d91c,34060e20ca6ca6de13d114a5b1b14cf4e1fd9ffccc3f7ec4453bb00d8b5646f1,dc148823be6f470ec91d00237130bb400338338d4bc5e6742a63052f5fe06211
P1_a07,3,3;5;7,aVR;aVF;V2,936,0.9139606169842321,0.6985507246376812,0.7848101265822784,0.6989294389907464,0.7076331968294128,binary;multiclass,0.9332315327352549,0.6622950819672131,0.7769230769230769,0.6076923076923076,0.9672986478542035,0.8913649025069638,0.8888888888888888,0.9,0.9033997563180443,0.683076923076923,0.6727272727272727,0.5818181818181818,0.9555903989995405,0.8657534246575342,0.8337730870712401,0.8100263852242744,0.8653538584566174,0.39215686274509803,0.36585365853658536,0.36585365853658536,6.771448700001201,42,287148bfd01ac67b5192268c6c69cc4cc230c004bdfdf332285f38a3b43b08dd,c175815089a491399700d9c586c067665dd8b48251196512f77a0b7e2732d91c,34060e20ca6ca6de13d114a5b1b14cf4e1fd9ffccc3f7ec4453bb00d8b5646f1,10c0adb7d0507c36a1105b32d928e0e0e8e2749344b28498aed52ab10cfc8d56
P1_a07,3,3;5;8,aVR;aVF;V3,936,0.9128472988548026,0.6811594202898551,0.7883008356545961,0.6764233773179779,0.6838295812631354,binary;multiclass,0.9288222943309792,0.6262626262626263,0.7153846153846154,0.5846153846153846,0.9654027042915932,0.8864265927977839,0.8888888888888888,0.9,0.9074401603584483,0.6666666666666666,0.6666666666666666,0.5696969696969697,0.9536529561398938,0.860655737704918,0.8311345646437994,0.7994722955145118,0.8620123379219741,0.34210526315789475,0.3170731707317073,0.34146341463414637,6.802876600000673,42,287148bfd01ac67b5192268c6c69cc4cc230c004bdfdf332285f38a3b43b08dd,c175815089a491399700d9c586c067665dd8b48251196512f77a0b7e2732d91c,34060e20ca6ca6de13d114a5b1b14cf4e1fd9ffccc3f7ec4453bb00d8b5646f1,71a873d1e169254a05d5fa1e8970b38282d8d530e5a2ab29bbea25e8abbfd958
P1_a07,3,3;5;9,aVR;aVF;V4,936,0.9151818337869981,0.7014492753623188,0.7791842475386779,0.6857037017687376,0.6942383594767918,binary;multiclass,0.9283737354456958,0.6375838926174496,0.7307692307692307,0.5846153846153846,0.962742504409171,0.8888888888888888,0.8888888888888888,0.9055555555555556,0.9105451401171245,0.6708074534161491,0.6545454545454545,0.593939393939394,0.9519144682927292,0.8653846153846154,0.8311345646437994,0.8100263852242744,0.8535442965670874,0.36585365853658536,0.36585365853658536,0.2926829268292683,6.8732822999991185,42,287148bfd01ac67b5192268c6c69cc4cc230c004bdfdf332285f38a3b43b08dd,c175815089a491399700d9c586c067665dd8b48251196512f77a0b7e2732d91c,34060e20ca6ca6de13d114a5b1b14cf4e1fd9ffccc3f7ec4453bb00d8b5646f1,018768901f9ae09e796ffc76be81cef84f4f4efe9f7e1d1bd4d92e22a6e8b059
P1_a07,3,3;5;10,aVR;aVF;V5,936,0.9151916427573015,0.7014492753623188,0.7849162011173184,0.677889117598741,0.6879188214949846,binary;multiclass,0.9298339377743845,0.6336633663366337,0.7384615384615385,0.5615384615384615,0.9643298059964727,0.8913649025069638,0.8888888888888888,0.9,0.9081633455174312,0.6481481481481481,0.6363636363636364,0.6,0.9509528523990658,0.850415512465374,0.8100263852242744,0.7941952506596306,0.8652967384474781,0.36585365853658536,0.36585365853658536,0.3170731707317073,6.764902099999745,42,287148bfd01ac67b5192268c6c69cc4cc230c004bdfdf332285f38a3b43b08dd,c175815089a491399700d9c586c067665dd8b48251196512f77a0b7e2732d91c,34060e20ca6ca6de13d114a5b1b14cf4e1fd9ffccc3f7ec4453bb00d8b5646f1,3f646becf507b9353583ee6998ef624e1948375275aee3b8143502cc771c2eb2
P1_a07,3,3;5;11,aVR;aVF;V6,936,0.9138478138257436,0.663768115942029,0.7932011331444759,0.6697147607731337,0.6791549667770788,binary;multiclass,0.9302347776293186,0.6305732484076433,0.7615384615384615,0.5461538461538461,0.9656378600823046,0.8888888888888888,0.8888888888888888,0.9,0.9009393546358528,0.660377358490566,0.6363636363636364,0.5818181818181818,0.9497164891072132,0.8579234972677595,0.8284960422163589,0.7889182058047494,0.8692808590849375,0.3108108108108108,0.2804878048780488,0.3048780487804878,6.772469100000308,42,287148bfd01ac67b5192268c6c69cc4cc230c004bdfdf332285f38a3b43b08dd,c175815089a491399700d9c586c067665dd8b48251196512f77a0b7e2732d91c,34060e20ca6ca6de13d114a5b1b14cf4e1fd9ffccc3f7ec4453bb00d8b5646f1,ff5940747c5b36b3a97201ed2ab63acf03db8625ee7d588765397fbf0db59f8f
P1_a07,3,3;6;7,aVR;V1;V2,936,0.9178106378282941,0.6840579710144927,0.8,0.6971307777138618,0.7057757129428408,binary;multiclass,0.9330979194502769,0.6580645161290323,0.7846153846153846,0.5692307692307692,0.9678350970017637,0.8969359331476323,0.8944444444444445,0.9111111111111111,0.9043744841410211,0.6832298136645962,0.6666666666666666,0.6303030303030303,0.959981620346466,0.8715846994535519,0.841688654353562,0.8232189973614775,0.8663248986119838,0.37583892617449666,0.34146341463414637,0.35365853658536583,6.821290299998509,42,287148bfd01ac67b5192268c6c69cc4cc230c004bdfdf332285f38a3b43b08dd,c175815089a491399700d9c586c067665dd8b48251196512f77a0b7e2732d91c,34060e20ca6ca6de13d114a5b1b14cf4e1fd9ffccc3f7ec4453bb00d8b5646f1,65f7ffc06136cc11d387014d69ce5cb64e7159d6141a6976fab0f3098b2b8c6a
P1_a07,3,3;6;8,aVR;V1;V3,936,0.9153142548860933,0.6811594202898551,0.7892503536067893,0.6923143514207125,0.7017065470228478,binary;multiclass,0.932124451231151,0.6360655737704918,0.7461538461538462,0.5846153846153846,0.9655643738977072,0.8846153846153846,0.8944444444444445,0.9055555555555556,0.9098927013323901,0.6790123456790124,0.6666666666666666,0.6242424242424243,0.9555098695897264,0.861878453038674,0.8232189973614775,0.820580474934037,0.8665676586508253,0.4,0.3780487804878049,0.32926829268292684,6.798749899999166,42,287148bfd01ac67b5192268c6c69cc4cc230c004bdfdf332285f38a3b43b08dd,c175815089a491399700d9c586c067665dd8b48251196512f77a0b7e2732d91c,34060e20ca6ca6de13d114a5b1b14cf4e1fd9ffccc3f7ec4453bb00d8b5646f1,276b60ea6d2df59b8261efcf9ca3965a8de25bdaa6715acde4eb9f94fe8f701f
P1_a07,3,3;6;9,aVR;V1;V4,936,0.9198312857107824,0.7014492753623188,0.8011363636363636,0.690291690320193,0.6997785790301396,binary;multiclass,0.930683336514602,0.6405228758169934,0.7538461538461538,0.5769230769230769,0.9649617871840093,0.8994413407821229,0.8944444444444445,0.9111111111111111,0.9134536021695555,0.676829268292683,0.6727272727272727,0.6060606060606061,0.9574236273288395,0.8756906077348067,0.8364116094986808,0.8232189973614775,0.8529445364711259,0.358974358974359,0.34146341463414637,0.3170731707317073,6.781704900000477,42,287148bfd01ac67b5192268c6c69cc4cc230c004bdfdf332285f38a3b43b08dd,c175815089a491399700d9c586c067665dd8b48251196512f77a0b7e2732d91c,34060e20ca6ca6de13d114a5b1b14cf4e1fd9ffccc3f7ec4453bb00d8b5646f1,fe069548aaa6608a3d7593b5538dadde3b05eef2900563e65c7911616e478bf0
P1_a07,3,3;6;10,aVR;V1;V5,936,0.9202530714338262,0.7043478260869566,0.7937411095305832,0.688189930485937,0.6957306089952978,binary;multiclass,0.9313132277152127,0.627831715210356,0.7461538461538462,0.5384615384615384,0.9665270429159318,0.9014084507042254,0.8888888888888888,0.9166666666666666,0.9140824588295405,0.691131498470948,0.6848484848484848,0.6424242424242425,0.9588636826572811,0.8715846994535519,0.841688654353562,0.8258575197889182,0.8534586165533786,0.348993288590604,0.3170731707317073,0.35365853658536583,6.784365699999398,42,287148bfd01ac67b5192268c6c69cc4cc230c004bdfdf332285f38a3b43b08dd,c175815089a491399700d9c586c067665dd8b48251196512f77a0b7e2732d91c,34060e20ca6ca6de13d114a5b1b14cf4e1fd9ffccc3f7ec4453bb00d8b5646f1,594ae390ec2e39a9c15519a98dd8b3e338837540874929e2bf13cc2a9e9ec4e8
P1_a07,3,3;6;11,aVR;V1;V6,936,0.918659113759533,0.6869565217391305,0.8016997167138811,0.7037429913400561,0.7125336515741304,binary;multiclass,0.9344054208818476,0.662379421221865,0.7923076923076923,0.5538461538461539,0.968643445032334,0.8994413407821229,0.8944444444444445,0.9111111111111111,0.9108359863223677,0.6975308641975309,0.6848484848484848,0.6424242424242425,0.9609479732642358,0.8809849521203831,0.8496042216358839,0.8364116094986808,0.8634260581481693,0.3783783783783784,0.34146341463414637,0.35365853658536583,6.7857224000017595,42,287148bfd01ac67b5192268c6c69cc4cc230c004bdfdf332285f38a3b43b08dd,c175815089a491399700d9c586c067665dd8b48251196512f77a0b7e2732d91c,34060e20ca6ca6de13d114a5b1b14cf4e1fd9ffccc3f7ec4453bb00d8b5646f1,4d3c6cb66e433d5831e61f510b9108d0ab7f4631db02b0843d056d1588b08abb
P1_a07,3,3;7;8,aVR;V2;V3,936,0.9156526643615587,0.672463768115942,0.7921896792189679,0.6877198782651895,0.696556649977076,binary;multiclass,0.9316854361519374,0.6302250803858521,0.7538461538461538,0.6,0.9671516754850088,0.896358543417367,0.8888888888888888,0.9111111111111111,0.9101128011633849,0.6873065015479877,0.6727272727272727,0.6303030303030303,0.9543161395148341,0.8610729023383769,0.8258575197889182,0.8021108179419525,0.8551579368252699,0.36363636363636365,0.34146341463414637,0.3780487804878049,6.784702900000411,42,287148bfd01ac67b5192268c6c69cc4cc230c004bdfdf332285f38a3b43b08dd,c175815089a491399700d9c586c067665dd8b48251196512f77a0b7e2732d91c,34060e20ca6ca6de13d114a5b1b14cf4e1fd9ffccc3f7ec4453bb00d8b5646f1,d348ce498c82f2151be584de08c177c08c07ebfd6c2676346bc4218a87de5863
P1_a07,3,3;7;9,aVR;V2;V4,936,0.920346256651708,0.6869565217391305,0.7955801104972375,0.6942249370669822,0.7033066145872632,binary;multiclass,0.9301966024050392,0.6291390728476821,0.7307692307692307,0.5923076923076923,0.9651601998824221,0.8969359331476323,0.8944444444444445,0.9111111111111111,0.9146327084070276,0.6990881458966566,0.696969696969697,0.6363636363636364,0.9563199007119748,0.8686030428769018,0.8284960422163589,0.8258575197889182,0.8507454161192666,0.37735849056603776,0.36585365853658536,0.35365853658536583,6.792378300000564,42,287148bfd01ac67b5192268c6c69cc4cc230c004bdfdf332285f38a3b43b08dd,c175815089a491399700d9c586c067665dd8b48251196512f77a0b7e2732d91c,34060e20ca6ca6de13d114a5b1b14cf4e1fd9ffccc3f7ec4453bb00d8b5646f1,bb69fe47c2991ba1caf8c3220f339eb222108c763333b20e62eb7742dc777913
P1_a07,3,3;7;10,aVR;V2;V5,936,0.9200568920277594,0.6898550724637681,0.7910863509749304,0.6938355875606167,0.7023056976773432,binary;multiclass,0.9309410192784883,0.6298701298701299,0.7461538461538462,0.5846153846153846,0.9662330981775427,0.8938547486033519,0.8888888888888888,0.9166666666666666,0.9134064379200566,0.6990881458966566,0.696969696969697,0.6303030303030303,0.9565567519173106,0.8622589531680441,0.8258575197889182,0.8337730870712401,0.8511880961900954,0.3841059602649007,0.35365853658536583,0.3902439024390244,6.804291700000249,42,287148bfd01ac67b5192268c6c69cc4cc230c004bdfdf332285f38a3b43b08dd,c175815089a491399700d9c586c067665dd8b48251196512f77a0b7e2732d91c,34060e20ca6ca6de13d114a5b1b14cf4e1fd9ffccc3f7ec4453bb00d8b5646f1,44ddbb4532b80cee3887dc71c945d79829eb4fd88e0790da54317df9588be446
P1_a07,3,3;7;11,aVR;V2;V6,936,0.9201353637901861,0.6811594202898551,0.8016877637130801,0.6963187018090136,0.7053974027202677,binary;multiclass,0.9342145447604506,0.6346153846153846,0.7615384615384615,0.5692307692307692,0.9678350970017637,0.8938547486033519,0.8888888888888888,0.9111111111111111,0.9090044413001612,0.691131498470948,0.6848484848484848,0.6363636363636364,0.9574378384011596,0.8646408839779005,0.8258575197889182,0.8073878627968337,0.8589135774261722,0.3973509933774834,0.36585365853658536,0.35365853658536583,6.810341299998981,42,287148bfd01ac67b5192268c6c69cc4cc230c004bdfdf332285f38a3b43b08dd,c175815089a491399700d9c586c067665dd8b48251196512f77a0b7e2732d91c,34060e20ca6ca6de13d114a5b1b14cf4e1fd9ffccc3f7ec4453bb00d8b5646f1,684917dd4d14afd7188c7920e55f4645e78912dd66092354cb2b0509bed98b06
P1_a07,3,3;8;9,aVR;V3;V4,936,0.9166875107285614,0.6550724637681159,0.7894002789400278,0.6876160381521264,0.6968590242372339,binary;multiclass,0.9296716930711968,0.6319218241042345,0.7461538461538462,0.5846153846153846,0.9636022927689594,0.8907563025210085,0.8833333333333333,0.9111111111111111,0.912038674684589,0.6890243902439024,0.6848484848484848,0.6303030303030303,0.9533829457658111,0.8674033149171271,0.8284960422163589,0.8126649076517151,0.8529159764665563,0.358974358974359,0.34146341463414637,0.32926829268292684,6.781582899999194,42,287148bfd01ac67b5192268c6c69cc4cc230c004bdfdf332285f38a3b43b08dd,c175815089a491399700d9c586c067665dd8b48251196512f77a0b7e2732d91c,34060e20ca6ca6de13d114a5b1b14cf4e1fd9ffccc3f7ec4453bb00d8b5646f1,1bce1273db351a8a38064997427eef0b22076c5c0942aac162f00eb261a8382d
P1_a07,3,3;8;10,aVR;V3;V5,936,0.9175261776894971,0.6666666666666666,0.790436005625879,0.6887963337947115,0.697543440963867,binary;multiclass,0.9310460011452568,0.6237942122186495,0.7461538461538462,0.5923076923076923,0.9647413286302176,0.8907563025210085,0.8833333333333333,0.9111111111111111,0.9137601697912981,0.6951219512195121,0.6909090909090909,0.5878787878787879,0.9532692571872499,0.863448275862069,0.8258575197889182,0.8153034300791556,0.8526303764208603,0.3708609271523179,0.34146341463414637,0.3170731707317073,6.779900999999882,42,287148bfd01ac67b5192268c6c69cc4cc230c004bdfdf332285f38a3b43b08dd,c175815089a491399700d9c586c067665dd8b48251196512f77a0b7e2732d91c,34060e20ca6ca6de13d114a5b1b14cf4e1fd9ffccc3f7ec4453bb00d8b5646f1,1d22430b9f3954e83c493c244a8e96f94a3dd46b1e5369d174f20e00abce2051
P1_a07,3,3;8;11,aVR;V3;V6,936,0.916393241619461,0.6521739130434783,0.7926657263751763,0.6847860023791591,0.6950280285816678,binary;multiclass,0.932258064516129,0.6349206349206349,0.7692307692307693,0.5923076923076923,0.9661302175191064,0.888268156424581,0.8833333333333333,0.9055555555555556,0.9107731006563692,0.676829268292683,0.6727272727272727,0.6242424242424243,0.9541124474782452,0.8614958448753463,0.820580474934037,0.8047493403693932,0.8586136973781915,0.3624161073825503,0.32926829268292684,0.34146341463414637,6.786076599999433,42,287148bfd01ac67b5192268c6c69cc4cc230c004bdfdf332285f38a3b43b08dd,c175815089a491399700d9c586c067665dd8b48251196512f77a0b7e2732d91c,34060e20ca6ca6de13d114a5b1b14cf4e1fd9ffccc3f7ec4453bb00d8b5646f1,a869af19723ef0a38da0b746a885ccc3f723b5fb46be25bd824031d6ce30d4b2
P1_a07,3,3;9;10,aVR;V4;V5,936,0.9187228720665049,0.6811594202898551,0.7859154929577464,0.6671581432620501,0.6757686574817665,binary;multiclass,0.9270089711777056,0.6006389776357828,0.7230769230769231,0.5615384615384615,0.9635949441504997,0.8938547486033519,0.8888888888888888,0.9111111111111111,0.9139488267892937,0.6727272727272727,0.6727272727272727,0.6,0.9510618039535204,0.8587105624142661,0.8258575197889182,0.7889182058047494,0.8412063745930198,0.30985915492957744,0.2682926829268293,0.2804878048780488,6.777976800000033,42,287148bfd01ac67b5192268c6c69cc4cc230c004bdfdf332285f38a3b43b08dd,c175815089a491399700d9c586c067665dd8b48251196512f77a0b7e2732d91c,34060e20ca6ca6de13d114a5b1b14cf4e1fd9ffccc3f7ec4453bb00d8b5646f1,af46bb10eb9eb61726687ff50e12a9b12935b9cdd353b939d64ef3f54bf263b4
P1_a07,3,3;9;11,aVR;V4;V6,936,0.9176929301846539,0.6985507246376812,0.7864214992927864,0.6719897657576971,0.6802886298619615,binary;multiclass,0.9297289559076161,0.6129032258064516,0.7307692307692307,0.5769230769230769,0.964623750734862,0.8938547486033519,0.8888888888888888,0.9055555555555556,0.9121330031835868,0.6707692307692308,0.6606060606060606,0.5818181818181818,0.9528192398971118,0.8602739726027397,0.8284960422163589,0.7968337730870713,0.8498172159707544,0.3221476510067114,0.2926829268292683,0.2682926829268293,6.791365499999301,42,287148bfd01ac67b5192268c6c69cc4cc230c004bdfdf332285f38a3b43b08dd,c175815089a491399700d9c586c067665dd8b48251196512f77a0b7e2732d91c,34060e20ca6ca6de13d114a5b1b14cf4e1fd9ffccc3f7ec4453bb00d8b5646f1,f9fd99b591ca6bfc553dbaf2f17fc9dffc20f2ac7790d65db8b06b5f33ac668c
P1_a07,3,3;10;11,aVR;V5;V6,936,0.9160155962627823,0.663768115942029,0.7893258426966292,0.6675948728995059,0.6745473521694644,binary;multiclass,0.9293567474708915,0.5993485342019544,0.7076923076923077,0.5538461538461539,0.9640946502057615,0.8857938718662952,0.8833333333333333,0.9055555555555556,0.908674291553669,0.6686746987951807,0.6727272727272727,0.6060606060606061,0.9494891119500908,0.8555858310626703,0.8284960422163589,0.8047493403693932,0.8524732963957274,0.32857142857142857,0.2804878048780488,0.2682926829268293,6.79785339999944,42,287148bfd01ac67b5192268c6c69cc4cc230c004bdfdf332285f38a3b43b08dd,c175815089a491399700d9c586c067665dd8b48251196512f77a0b7e2732d91c,34060e20ca6ca6de13d114a5b1b14cf4e1fd9ffccc3f7ec4453bb00d8b5646f1,c04fa4213435c28a39ee62d6fed4307a5e02b2814b0b3f68a76a62d35d6fd606
P1_a07,3,4;5;6,aVL;aVF;V1,936,0.9106746119326125,0.6608695652173913,0.7843137254901961,0.6805173064821562,0.6909624483960026,binary;multiclass,0.9286123305974422,0.6309148264984227,0.7692307692307693,0.5615384615384615,0.9657260435038213,0.8815426997245179,0.8888888888888888,0.9055555555555556,0.9005856227646112,0.656441717791411,0.6484848484848484,0.5636363636363636,0.9603463712026831,0.8725761772853186,0.8311345646437994,0.8390501319261213,0.8680242188838749,0.3611111111111111,0.3170731707317073,0.34146341463414637,6.803221299998768,42,287148bfd01ac67b5192268c6c69cc4cc230c004bdfdf332285f38a3b43b08dd,c175815089a491399700d9c586c067665dd8b48251196512f77a0b7e2732d91c,34060e20ca6ca6de13d114a5b1b14cf4e1fd9ffccc3f7ec4453bb00d8b5646f1,3ed96d404f97848f456cefb8c00f689aa46f49a8077a2b87491c4b9e2128b14f
P1_a07,3,4;5;7,aVL;aVF;V2,936,0.9136516344196768,0.6927536231884058,0.7837078651685393,0.6915288180873695,0.7013583107656085,binary;multiclass,0.9324775720557359,0.6601307189542484,0.7769230769230769,0.5615384615384615,0.9664241622574956,0.8888888888888888,0.8888888888888888,0.9,0.9009629367606021,0.6585365853658537,0.6545454545454545,0.5878787878787879,0.9569546619422746,0.8579310344827586,0.820580474934037,0.8073878627968337,0.8709230593476895,0.39215686274509803,0.36585365853658536,0.35365853658536583,6.775846000000456,42,287148bfd01ac67b5192268c6c69cc4cc230c004bdfdf332285f38a3b43b08dd,c175815089a491399700d9c586c067665dd8b48251196512f77a0b7e2732d91c,34060e20ca6ca6de13d114a5b1b14cf4e1fd9ffccc3f7ec4453bb00d8b5646f1,21f7af7714a6abe193e8242530cb6105ef4e6fb2b845bd58b9d75cb125cf203f
P1_a07,3,4;5;8,aVL;aVF;V3,936,0.9125481252605507,0.6608695652173913,0.7855153203342619,0.6779518763752391,0.6861229436343665,binary;multiclass,0.9286695934338614,0.6143790849673203,0.7230769230769231,0.5692307692307692,0.9655276308054086,0.8944444444444445,0.8944444444444445,0.9055555555555556,0.9064732932437213,0.662613981762918,0.6606060606060606,0.5515151515151515,0.9535487416095461,0.8583218707015131,0.8232189973614775,0.7994722955145118,0.8629690980750557,0.36,0.32926829268292684,0.34146341463414637,6.789984700000787,42,287148bfd01ac67b5192268c6c69cc4cc230c004bdfdf332285f38a3b43b08dd,c175815089a491399700d9c586c067665dd8b48251196512f77a0b7e2732d91c,34060e20ca6ca6de13d114a5b1b14cf4e1fd9ffccc3f7ec4453bb00d8b5646f1,77ee6dafdcb3fc33aed923d692269bf00f7bcc045f775b2021ca9ffa6604e149
P1_a07,3,4;5;9,aVL;aVF;V4,936,0.9163245788273378,0.6956521739130435,0.7877094972067039,0.6665292234296166,0.6755423651935655,binary;multiclass,0.9267799198320291,0.6158940397350994,0.7153846153846154,0.5461538461538461,0.9624044679600235,0.8919667590027701,0.8944444444444445,0.9111111111111111,0.9087764807609165,0.6463414634146342,0.6424242424242425,0.5757575757575758,0.9519192053168359,0.8579310344827586,0.820580474934037,0.8153034300791556,0.853215856514537,0.32051282051282054,0.3048780487804878,0.3170731707317073,6.7862841999995,42,287148bfd01ac67b5192268c6c69cc4cc230c004bdfdf332285f38a3b43b08dd,c175815089a491399700d9c586c067665dd8b48251196512f77a0b7e2732d91c,34060e20ca6ca6de13d114a5b1b14cf4e1fd9ffccc3f7ec4453bb00d8b5646f1,908bfcd877412dc85dff72cd3a936028ef22d20f39fce4427185f266c2aa5a0c
P1_a07,3,4;5;10,aVL;aVF;V5,936,0.9158096078864121,0.6840579710144927,0.7853107344632768,0.6835715200833786,0.6910714765209905,binary;multiclass,0.9283260164153465,0.6163934426229508,0.7230769230769231,0.5923076923076923,0.9641387419165197,0.9,0.9,0.9111111111111111,0.9084227488896749,0.6625386996904025,0.6484848484848484,0.5757575757575758,0.9500907140116437,0.8493150684931506,0.8179419525065963,0.7968337730870713,0.868024218883875,0.38961038961038963,0.36585365853658536,0.3170731707317073,6.784835500000554,42,287148bfd01ac67b5192268c6c69cc4cc230c004bdfdf332285f38a3b43b08dd,c175815089a491399700d9c586c067665dd8b48251196512f77a0b7e2732d91c,34060e20ca6ca6de13d114a5b1b14cf4e1fd9ffccc3f7ec4453bb00d8b5646f1,5fc6981056d26f99c32e476daf8961c8a6b733751823866b0d4b36e60e00fd3a
P1_a07,3,4;5;11,aVL;aVF;V6,936,0.9139802349248388,0.6753623188405797,0.7960339943342776,0.6761486256469765,0.6854018490108328,binary;multiclass,0.9277820194693644,0.6285714285714286,0.7615384615384615,0.5615384615384615,0.9657260435038214,0.8913649025069638,0.8888888888888888,0.9111111111111111,0.9007349762213576,0.656441717791411,0.6484848484848484,0.5696969696969697,0.9499107070955883,0.8571428571428571,0.8232189973614775,0.8047493403693932,0.8692522990803678,0.3472222222222222,0.3048780487804878,0.3048780487804878,6.798869899999772,42,287148bfd01ac67b5192268c6c69cc4cc230c004bdfdf332285f38a3b43b08dd,c175815089a491399700d9c586c067665dd8b48251196512f77a0b7e2732d91c,34060e20ca6ca6de13d114a5b1b14cf4e1fd9ffccc3f7ec4453bb00d8b5646f1,10f59639aa49d8e8b67e7f5163bd1790c1cd489a4ba1942c6f399d59e1814e5e
P1_a07,3,4;6;7,aVL;V1;V2,936,0.897613967973712,0.6492753623188405,0.767277856135402,0.6953237820081203,0.7012984098510837,binary;multiclass,0.915346440160336,0.5958904109589042,0.6692307692307692,0.46923076923076923,0.9640505584950029,0.907563025210084,0.9,0.9166666666666666,0.8735290649687537,0.6299694189602446,0.6242424242424243,0.5818181818181818,0.9638707171380796,0.8797814207650273,0.8496042216358839,0.8469656992084432,0.868452618952419,0.4634146341463415,0.4634146341463415,0.5,6.811034300000756,42,287148bfd01ac67b5192268c6c69cc4cc230c004bdfdf332285f38a3b43b08dd,c175815089a491399700d9c586c067665dd8b48251196512f77a0b7e2732d91c,34060e20ca6ca6de13d114a5b1b14cf4e1fd9ffccc3f7ec4453bb00d8b5646f1,caafc43d738cc930f214d3f95aaa9b8a3d0e456081122a05b01d6f710fbe41c4
P1_a07,3,4;6;8,aVL;V1;V3,936,0.9035287770666275,0.6753623188405797,0.773109243697479,0.6743220408211912,0.6804977055250561,binary;multiclass,0.9225520137430807,0.5980066445182725,0.6923076923076923,0.5153846153846153,0.9647413286302176,0.9,0.9,0.9111111111111111,0.8895177455488741,0.6206896551724138,0.6,0.5333333333333333,0.9592758037545652,0.8707482993197279,0.8443271767810027,0.8258575197889182,0.8723796195807391,0.3821656050955414,0.36585365853658536,0.34146341463414637,6.7930851000000985,42,287148bfd01ac67b5192268c6c69cc4cc230c004bdfdf332285f38a3b43b08dd,c175815089a491399700d9c586c067665dd8b48251196512f77a0b7e2732d91c,34060e20ca6ca6de13d114a5b1b14cf4e1fd9ffccc3f7ec4453bb00d8b5646f1,7176f5551a6c74c35646c81f5eab7e40c37345e710b192b923033bf2b0f22ee5
P1_a07,3,4;6;9,aVL;V1;V4,936,0.9142548860933324,0.6869565217391305,0.7954866008462623,0.6766732390921177,0.6848113719231552,binary;multiclass,0.9227906088948272,0.6129032258064516,0.7307692307692307,0.5384615384615384,0.9640652557319224,0.8969359331476323,0.8944444444444445,0.9111111111111111,0.9076288173564437,0.6343042071197411,0.593939393939394,0.5757575757575758,0.9581531290412737,0.8688524590163934,0.8390501319261213,0.8232189973614775,0.8617695778831325,0.37037037037037035,0.36585365853658536,0.36585365853658536,6.78691279999839,42,287148bfd01ac67b5192268c6c69cc4cc230c004bdfdf332285f38a3b43b08dd,c175815089a491399700d9c586c067665dd8b48251196512f77a0b7e2732d91c,34060e20ca6ca6de13d114a5b1b14cf4e1fd9ffccc3f7ec4453bb00d8b5646f1,c41ed9e9cc931db6b9c5fc1f86b1fedb4250c01983ce2f22d2a64f379f67dc39
P1_a07,3,4;6;10,aVL;V1;V5,936,0.9161185904509676,0.6753623188405797,0.7960618846694796,0.6861216950662989,0.6960094692188135,binary;multiclass,0.9238022523382325,0.6369426751592356,0.7692307692307693,0.5230769230769231,0.9655790711346267,0.9025069637883009,0.9,0.9166666666666666,0.9097826514168927,0.6561514195583596,0.6303030303030303,0.5696969696969697,0.9588068383680004,0.8760330578512396,0.8390501319261213,0.8443271767810027,0.8592134574741532,0.358974358974359,0.34146341463414637,0.35365853658536583,6.778391699999702,42,287148bfd01ac67b5192268c6c69cc4cc230c004bdfdf332285f38a3b43b08dd,c175815089a491399700d9c586c067665dd8b48251196512f77a0b7e2732d91c,34060e20ca6ca6de13d114a5b1b14cf4e1fd9ffccc3f7ec4453bb00d8b5646f1,47e63d2b46eaeee7e3e4150cac9c9acd42524dea47d1b1e03d79efe4e894ebe1
P1_a07,3,4;6;11,aVL;V1;V6,936,0.9137644375781653,0.6608695652173913,0.7899159663865546,0.6969297599707492,0.7071605384411871,binary;multiclass,0.9265508684863523,0.6472491909385113,0.7692307692307693,0.5230769230769231,0.9679820693709582,0.8980716253443526,0.9055555555555556,0.9111111111111111,0.9060252328734819,0.6811145510835913,0.6666666666666666,0.5696969696969697,0.9608863919508486,0.8686030428769018,0.8284960422163589,0.8100263852242744,0.8616267778602844,0.38961038961038963,0.36585365853658536,0.32926829268292684,6.815637899999274,42,287148bfd01ac67b5192268c6c69cc4cc230c004bdfdf332285f38a3b43b08dd,c175815089a491399700d9c586c067665dd8b48251196512f77a0b7e2732d91c,34060e20ca6ca6de13d114a5b1b14cf4e1fd9ffccc3f7ec4453bb00d8b5646f1,5920cf7dcc412fc514b77bda395c3056dbc55e638949d906894e2878d5d07d4c
P1_a07,3,4;7;8,aVL;V2;V3,936,0.8985948650040462,0.663768115942029,0.7698744769874477,0.6826515564788808,0.6862375691251422,binary;multiclass,0.9167398358465356,0.5878378378378378,0.6692307692307692,0.4461538461538462,0.9662037037037038,0.8994413407821229,0.8944444444444445,0.9166666666666666,0.8795818103211099,0.6322188449848024,0.6303030303030303,0.5393939393939394,0.9532124128979693,0.8699186991869918,0.8469656992084432,0.8073878627968337,0.8616267778602844,0.423841059602649,0.3902439024390244,0.4146341463414634,6.798984200000632,42,287148bfd01ac67b5192268c6c69cc4cc230c004bdfdf332285f38a3b43b08dd,c175815089a491399700d9c586c067665dd8b48251196512f77a0b7e2732d91c,34060e20ca6ca6de13d114a5b1b14cf4e1fd9ffccc3f7ec4453bb00d8b5646f1,c10709d36bebee68c2fa1ae7bc26765a3b78b339b363ec2ffe2f7d45824c8717
P1_a07,3,4;7;9,aVL;V2;V4,936,0.9099487481301649,0.6666666666666666,0.7855153203342619,0.6765197164922874,0.6824118536146336,binary;multiclass,0.9199751861042184,0.6033898305084746,0.6846153846153846,0.5307692307692308,0.9641166960611406,0.896358543417367,0.8888888888888888,0.9166666666666666,0.9003026372676178,0.6484848484848484,0.6484848484848484,0.5878787878787879,0.9550598522995883,0.8649386084583902,0.8364116094986808,0.8100263852242744,0.8579710972753756,0.36942675159235666,0.35365853658536583,0.35365853658536583,6.7944662000008975,42,287148bfd01ac67b5192268c6c69cc4cc230c004bdfdf332285f38a3b43b08dd,c175815089a491399700d9c586c067665dd8b48251196512f77a0b7e2732d91c,34060e20ca6ca6de13d114a5b1b14cf4e1fd9ffccc3f7ec4453bb00d8b5646f1,2ccf87c138292aebd33d7acb41716c43a2881e6428d4829c6ee5f0e20fa9cbfe
P1_a07,3,4;7;10,aVL;V2;V5,936,0.9103214890016922,0.6608695652173913,0.7848101265822784,0.6782055256276284,0.6848210080528763,binary;multiclass,0.9211013552204619,0.6020066889632107,0.6923076923076923,0.5307692307692308,0.9656452087007644,0.8913649025069638,0.8888888888888888,0.9166666666666666,0.9017568682938333,0.6461538461538462,0.6363636363636364,0.5636363636363636,0.9543161395148341,0.8590971272229823,0.8284960422163589,0.7810026385224275,0.8596275775404124,0.3924050632911392,0.3780487804878049,0.4024390243902439,6.818247600000177,42,287148bfd01ac67b5192268c6c69cc4cc230c004bdfdf332285f38a3b43b08dd,c175815089a491399700d9c586c067665dd8b48251196512f77a0b7e2732d91c,34060e20ca6ca6de13d114a5b1b14cf4e1fd9ffccc3f7ec4453bb00d8b5646f1,54a6475abba7804411f0b9dcb6fc81181607af2909ca41ed85278d0ef2bd7d66
P1_a07,3,4;7;11,aVL;V2;V6,936,0.9096446700507614,0.663768115942029,0.7920792079207921,0.6849701954478593,0.6940212512887717,binary;multiclass,0.9259877839282306,0.6274509803921569,0.7384615384615385,0.5307692307692308,0.9665858318636096,0.9025069637883009,0.9,0.9111111111111111,0.8998152733561294,0.6415094339622641,0.6181818181818182,0.5696969696969697,0.9552777554084974,0.8583218707015131,0.8232189973614775,0.8021108179419525,0.8646112983378077,0.3950617283950617,0.3902439024390244,0.35365853658536583,6.813770700000532,42,287148bfd01ac67b5192268c6c69cc4cc230c004bdfdf332285f38a3b43b08dd,c175815089a491399700d9c586c067665dd8b48251196512f77a0b7e2732d91c,34060e20ca6ca6de13d114a5b1b14cf4e1fd9ffccc3f7ec4453bb00d8b5646f1,7d0b629b31b65b4d7083a676b21290e181ef633a8020d1216851f358914198d5
P1_a07,3,4;8;9,aVL;V3;V4,936,0.9057161774442727,0.6550724637681159,0.7768361581920904,0.67455501332015,0.6836965290681746,binary;multiclass,0.9240313036839092,0.6193548387096774,0.7384615384615385,0.5384615384615384,0.962037037037037,0.8969359331476323,0.8944444444444445,0.9111111111111111,0.8957198443579768,0.6329113924050633,0.6060606060606061,0.5333333333333333,0.9509907485919196,0.8610729023383769,0.8258575197889182,0.8153034300791556,0.8622836579653853,0.3625,0.35365853658536583,0.36585365853658536,6.787533999999141,42,287148bfd01ac67b5192268c6c69cc4cc230c004bdfdf332285f38a3b43b08dd,c175815089a491399700d9c586c067665dd8b48251196512f77a0b7e2732d91c,34060e20ca6ca6de13d114a5b1b14cf4e1fd9ffccc3f7ec4453bb00d8b5646f1,b31b1a4dd71641f23c3edac0a3f1a555fea62a5ac8f7236b07243f0adbca1b92
P1_a07,3,4;8;10,aVL;V3;V5,936,0.9094877265259079,0.6463768115942029,0.7858156028368795,0.6762598472149218,0.6868316764500559,binary;multiclass,0.9242603550295859,0.6182965299684543,0.7538461538461538,0.5615384615384615,0.9641828336272781,0.8888888888888888,0.8888888888888888,0.9166666666666666,0.9020477144990764,0.6394984326018809,0.6181818181818182,0.5272727272727272,0.9516634060150733,0.85,0.8073878627968337,0.7941952506596306,0.859727537556406,0.38461538461538464,0.36585365853658536,0.3170731707317073,6.7886395000004995,42,287148bfd01ac67b5192268c6c69cc4cc230c004bdfdf332285f38a3b43b08dd,c175815089a491399700d9c586c067665dd8b48251196512f77a0b7e2732d91c,34060e20ca6ca6de13d114a5b1b14cf4e1fd9ffccc3f7ec4453bb00d8b5646f1,c9f3c0eddd44a55e5122776460c7ab63a34b5daab1a216336f7cfa236296cac5
P1_a07,3,4;8;11,aVL;V3;V6,936,0.9063684739694452,0.6550724637681159,0.7796610169491526,0.6720780202789791,0.6824733581339542,binary;multiclass,0.925205191830502,0.6064516129032258,0.7230769230769231,0.5692307692307692,0.9661449147560258,0.8919667590027701,0.8944444444444445,0.9111111111111111,0.8967653185552018,0.6338461538461538,0.6242424242424243,0.5333333333333333,0.9525776516676692,0.8507670850767085,0.8047493403693932,0.7968337730870713,0.8644684983149598,0.37735849056603776,0.36585365853658536,0.32926829268292684,6.781656299999668,42,287148bfd01ac67b5192268c6c69cc4cc230c004bdfdf332285f38a3b43b08dd,c175815089a491399700d9c586c067665dd8b48251196512f77a0b7e2732d91c,34060e20ca6ca6de13d114a5b1b14cf4e1fd9ffccc3f7ec4453bb00d8b5646f1,046cfcccd6b462315ca9e51439e3ac9d209396ba4c4c5c6378b66bf5ba15df96
P1_a07,3,4;9;10,aVL;V4;V5,936,0.9130729051717795,0.6492753623188405,0.7807637906647807,0.6735854666864501,0.6819600855915934,binary;multiclass,0.9206432525291086,0.6032786885245902,0.7076923076923077,0.49230769230769234,0.9635288065843622,0.9005524861878453,0.9055555555555556,0.9166666666666666,0.9060409542899815,0.654320987654321,0.6424242424242425,0.5636363636363636,0.9481201119832499,0.8484848484848485,0.8126649076517151,0.7968337730870713,0.8518449762951962,0.36129032258064514,0.34146341463414637,0.3170731707317073,6.77108699999917,42,287148bfd01ac67b5192268c6c69cc4cc230c004bdfdf332285f38a3b43b08dd,c175815089a491399700d9c586c067665dd8b48251196512f77a0b7e2732d91c,34060e20ca6ca6de13d114a5b1b14cf4e1fd9ffccc3f7ec4453bb00d8b5646f1,c918aa035e54f080f7c70e38740ea082877c9eebd623e1e13ce488239d9c764e
P1_a07,3,4;9;11,aVL;V4;V6,936,0.9110865886853529,0.6550724637681159,0.7886524822695036,0.6728202715378303,0.6804407938058752,binary;multiclass,0.9235732009925559,0.6026490066225165,0.7,0.5230769230769231,0.9643959435626103,0.8913649025069638,0.8888888888888888,0.9111111111111111,0.9040128915615298,0.64375,0.6242424242424243,0.5515151515151515,0.9503607243857264,0.8559670781893004,0.8232189973614775,0.7889182058047494,0.853430056548809,0.37037037037037035,0.36585365853658536,0.32926829268292684,6.795046200000797,42,287148bfd01ac67b5192268c6c69cc4cc230c004bdfdf332285f38a3b43b08dd,c175815089a491399700d9c586c067665dd8b48251196512f77a0b7e2732d91c,34060e20ca6ca6de13d114a5b1b14cf4e1fd9ffccc3f7ec4453bb00d8b5646f1,e2c2021bce3df75de962e6d9f7947f6ffd202f7aa56bbd2bd07dfd37f68b4230
P1_a07,3,4;10;11,aVL;V5;V6,936,0.9099046077638,0.6289855072463768,0.7853107344632768,0.6694921435350134,0.6779684737397589,binary;multiclass,0.9235732009925559,0.6072607260726073,0.7076923076923077,0.5307692307692308,0.9638741916519694,0.8870523415977961,0.8944444444444445,0.9111111111111111,0.9036041347325394,0.6687116564417178,0.6606060606060606,0.5757575757575758,0.9459789770870144,0.844566712517194,0.8100263852242744,0.7862796833773087,0.8611840977894556,0.33986928104575165,0.3170731707317073,0.36585365853658536,6.788718199999494,42,287148bfd01ac67b5192268c6c69cc4cc230c004bdfdf332285f38a3b43b08dd,c175815089a491399700d9c586c067665dd8b48251196512f77a0b7e2732d91c,34060e20ca6ca6de13d114a5b1b14cf4e1fd9ffccc3f7ec4453bb00d8b5646f1,c10fa5d0b907252bdbf6938af2273020ebc038f9a129df42e2f2397e00a32bb1
P1_a07,3,5;6;7,aVF;V1;V2,936,0.9100468378331984,0.663768115942029,0.7813822284908322,0.69081523520905,0.6981588311796176,binary;multiclass,0.926512693262073,0.6308724832214765,0.7230769230769231,0.5538461538461539,0.9657407407407407,0.9030470914127424,0.9055555555555556,0.9111111111111111,0.892292575561058,0.6385542168674698,0.6424242424242425,0.5454545454545454,0.963496492233649,0.8763736263736264,0.841688654353562,0.8601583113456465,0.8756211800993888,0.40522875816993464,0.3780487804878049,0.36585365853658536,6.781567200001518,42,287148bfd01ac67b5192268c6c69cc4cc230c004bdfdf332285f38a3b43b08dd,c175815089a491399700d9c586c067665dd8b48251196512f77a0b7e2732d91c,34060e20ca6ca6de13d114a5b1b14cf4e1fd9ffccc3f7ec4453bb00d8b5646f1,299f8c843ac3bae99fcd6deeb114acfb69b0db672c98d51da5755508ae486660
P1_a07,3,5;6;8,aVF;V1;V3,936,0.9094975354962113,0.672463768115942,0.7793296089385475,0.6682524991506841,0.6758868692069027,binary;multiclass,0.9264077113953045,0.610738255033557,0.7,0.5461538461538461,0.9654835390946502,0.8950276243093923,0.9,0.9111111111111111,0.9020870180403254,0.6366366366366366,0.6424242424242425,0.5454545454545454,0.9605358521669517,0.8767123287671232,0.8443271767810027,0.8364116094986808,0.8728365796538528,0.3221476510067114,0.2926829268292683,0.3170731707317073,6.797275599999921,42,287148bfd01ac67b5192268c6c69cc4cc230c004bdfdf332285f38a3b43b08dd,c175815089a491399700d9c586c067665dd8b48251196512f77a0b7e2732d91c,34060e20ca6ca6de13d114a5b1b14cf4e1fd9ffccc3f7ec4453bb00d8b5646f1,ecdf2567748039860cc18e0df7991738149c4d78337561bbd35f5326c4955c42
P1_a07,3,5;6;9,aVF;V1;V4,936,0.9165550896294662,0.6898550724637681,0.7832167832167832,0.676159885836862,0.6851475083896734,binary;multiclass,0.9268849016987976,0.631578947368421,0.7384615384615385,0.5538461538461539,0.9631393298059965,0.9025069637883009,0.9,0.9111111111111111,0.9085956844711709,0.6625766871165644,0.6545454545454545,0.5636363636363636,0.9595979213938219,0.8873626373626373,0.8522427440633246,0.8469656992084432,0.8641543382646941,0.2967741935483871,0.2804878048780488,0.32926829268292684,6.786019500001203,42,287148bfd01ac67b5192268c6c69cc4cc230c004bdfdf332285f38a3b43b08dd,c175815089a491399700d9c586c067665dd8b48251196512f77a0b7e2732d91c,34060e20ca6ca6de13d114a5b1b14cf4e1fd9ffccc3f7ec4453bb00d8b5646f1,9c2b153066392dbb6345495cce21706d6617cc90bff3a438759bba1b53022b60
P1_a07,3,5;6;10,aVF;V1;V5,936,0.9161283994212708,0.6782608695652174,0.7848101265822784,0.6724519556456883,0.6814517108693053,binary;multiclass,0.9277056690208054,0.6258064516129033,0.7461538461538462,0.5307692307692308,0.9651014109347442,0.907563025210084,0.9,0.9111111111111111,0.9094053374209017,0.6645962732919255,0.6484848484848484,0.5818181818181818,0.9586410425242654,0.8767123287671232,0.8443271767810027,0.8284960422163589,0.8652396184383389,0.2875816993464052,0.2682926829268293,0.2804878048780488,6.887077900000804,42,287148bfd01ac67b5192268c6c69cc4cc230c004bdfdf332285f38a3b43b08dd,c175815089a491399700d9c586c067665dd8b48251196512f77a0b7e2732d91c,34060e20ca6ca6de13d114a5b1b14cf4e1fd9ffccc3f7ec4453bb00d8b5646f1,db17f990f4483bfa119393a8947ea3129db976069b16c4ef8078a70185204923
P1_a07,3,5;6;11,aVF;V1;V6,936,0.9146717673312245,0.6927536231884058,0.7842031029619182,0.687522538623456,0.6975891569514068,binary;multiclass,0.9303302156900173,0.6349206349206349,0.7692307692307693,0.5384615384615384,0.9677763080540858,0.9055555555555556,0.9055555555555556,0.9111111111111111,0.9059466257909837,0.6850152905198776,0.6787878787878788,0.5818181818181818,0.9595979213938219,0.8787878787878788,0.841688654353562,0.8284960422163589,0.8687810590049695,0.3333333333333333,0.2926829268292683,0.3048780487804878,6.81867020000027,42,287148bfd01ac67b5192268c6c69cc4cc230c004bdfdf332285f38a3b43b08dd,c175815089a491399700d9c586c067665dd8b48251196512f77a0b7e2732d91c,34060e20ca6ca6de13d114a5b1b14cf4e1fd9ffccc3f7ec4453bb00d8b5646f1,bd8d3cdb9123718c1dd863b074515033b1f83b219b7986a2258b611e1dcc648f
P1_a07,3,5;7;8,aVF;V2;V3,936,0.9071090512273474,0.6666666666666666,0.7866108786610879,0.6749700559403127,0.6790845261737856,binary;multiclass,0.9243176178660051,0.6122448979591837,0.6923076923076923,0.5538461538461539,0.9678791887125221,0.9050279329608939,0.9,0.9111111111111111,0.8915929725268247,0.6186186186186187,0.6242424242424243,0.5272727272727272,0.9542071879603795,0.8690958164642375,0.8496042216358839,0.8179419525065963,0.8655823384931741,0.3698630136986301,0.32926829268292684,0.34146341463414637,6.795029799999611,42,287148bfd01ac67b5192268c6c69cc4cc230c004bdfdf332285f38a3b43b08dd,c175815089a491399700d9c586c067665dd8b48251196512f77a0b7e2732d91c,34060e20ca6ca6de13d114a5b1b14cf4e1fd9ffccc3f7ec4453bb00d8b5646f1,1819fb7b8085371186f0de0af2488b5293d1b77c733887ab14c1dd3f7bb859e7
P1_a07,3,5;7;9,aVF;V2;V4,936,0.9147992839451679,0.6927536231884058,0.7871148459383753,0.6795019067867213,0.6880544973614026,binary;multiclass,0.9263599923649553,0.6490066225165563,0.7538461538461538,0.5384615384615384,0.9638521457965902,0.9025069637883009,0.9,0.9111111111111111,0.9036591596902881,0.636085626911315,0.6303030303030303,0.5818181818181818,0.9563956930976821,0.8700410396716827,0.8390501319261213,0.8337730870712401,0.8630119380819101,0.33986928104575165,0.3170731707317073,0.34146341463414637,6.784136599999329,42,287148bfd01ac67b5192268c6c69cc4cc230c004bdfdf332285f38a3b43b08dd,c175815089a491399700d9c586c067665dd8b48251196512f77a0b7e2732d91c,34060e20ca6ca6de13d114a5b1b14cf4e1fd9ffccc3f7ec4453bb00d8b5646f1,6c4137c17cf4236900e144f932da1a6a399d0a48694877b3b67e980f3f95692b
P1_a07,3,5;7;10,aVF;V2;V5,936,0.9155840015694353,0.6695652173913044,0.7887323943661971,0.6887461164019869,0.6957749548933022,binary;multiclass,0.9282401221607177,0.6360655737704918,0.7461538461538462,0.5846153846153846,0.9646090534979425,0.898876404494382,0.8888888888888888,0.9111111111111111,0.9064968753684707,0.6604938271604939,0.6484848484848484,0.5818181818181818,0.9557514578191688,0.8692098092643051,0.841688654353562,0.8126649076517151,0.8648254983720797,0.3790849673202614,0.35365853658536583,0.35365853658536583,6.794047100000171,42,287148bfd01ac67b5192268c6c69cc4cc230c004bdfdf332285f38a3b43b08dd,c175815089a491399700d9c586c067665dd8b48251196512f77a0b7e2732d91c,34060e20ca6ca6de13d114a5b1b14cf4e1fd9ffccc3f7ec4453bb00d8b5646f1,d85e5e0c783f3f1627536152f57f87cdbe1dbac9e865a1c7554f66bf4b92a2b6
P1_a07,3,5;7;11,aVF;V2;V6,936,0.914573677628191,0.6753623188405797,0.7903682719546742,0.6845146787792786,0.6915794567174964,binary;multiclass,0.9301297957625501,0.6302250803858521,0.7538461538461538,0.6,0.9662037037037038,0.903954802259887,0.8888888888888888,0.9111111111111111,0.9036827418150375,0.6584615384615384,0.6484848484848484,0.5878787878787879,0.9569404508699544,0.8761904761904762,0.8496042216358839,0.8337730870712401,0.8664962586394014,0.35374149659863946,0.3170731707317073,0.35365853658536583,6.798743400000603,42,287148bfd01ac67b5192268c6c69cc4cc230c004bdfdf332285f38a3b43b08dd,c175815089a491399700d9c586c067665dd8b48251196512f77a0b7e2732d91c,34060e20ca6ca6de13d114a5b1b14cf4e1fd9ffccc3f7ec4453bb00d8b5646f1,737dc580dc221ac06f04cffe22d25859264f74bb82b392a0b782d04cdb2747af
P1_a07,3,5;8;9,aVF;V3;V4,936,0.9110865886853529,0.672463768115942,0.780281690140845,0.6750229194560156,0.6839766573745594,binary;multiclass,0.9263313609467456,0.6405228758169934,0.7538461538461538,0.5538461538461539,0.9632422104644327,0.8969359331476323,0.8944444444444445,0.9111111111111111,0.9003891050583658,0.6380368098159509,0.6303030303030303,0.5696969696969697,0.95296608764442,0.8684931506849315,0.8364116094986808,0.820580474934037,0.8617695778831325,0.33112582781456956,0.3048780487804878,0.3170731707317073,6.786857200000668,42,287148bfd01ac67b5192268c6c69cc4cc230c004bdfdf332285f38a3b43b08dd,c175815089a491399700d9c586c067665dd8b48251196512f77a0b7e2732d91c,34060e20ca6ca6de13d114a5b1b14cf4e1fd9ffccc3f7ec4453bb00d8b5646f1,a6db9bd5ee4f2dad55fa58ddd0f58ea92953816a693008c888ad6f4f4083e226
P1_a07,3,5;8;10,aVF;V3;V5,936,0.913440741558155,0.6898550724637681,0.782608695652174,0.6775721062558046,0.6864647219695807,binary;multiclass,0.9269994273716359,0.6254071661237784,0.7384615384615385,0.5461538461538461,0.9641166960611405,0.888268156424581,0.8833333333333333,0.9111111111111111,0.905474983295995,0.6584615384615384,0.6484848484848484,0.5575757575757576,0.9530418800301275,0.8567493112947658,0.820580474934037,0.7862796833773087,0.8626977780316445,0.358974358974359,0.34146341463414637,0.35365853658536583,6.7964639000001625,42,287148bfd01ac67b5192268c6c69cc4cc230c004bdfdf332285f38a3b43b08dd,c175815089a491399700d9c586c067665dd8b48251196512f77a0b7e2732d91c,34060e20ca6ca6de13d114a5b1b14cf4e1fd9ffccc3f7ec4453bb00d8b5646f1,5e763d0d64c8e03531f983baeed42d92fb79e449a3fddab4cd89bbbf558b24cd
P1_a07,3,5;8;11,aVF;V3;V6,936,0.9118516883690134,0.6782608695652174,0.7916083916083916,0.6814925584091295,0.6906826261096162,binary;multiclass,0.9283260164153464,0.627831715210356,0.7461538461538462,0.5538461538461539,0.9657848324514992,0.896358543417367,0.8888888888888888,0.9111111111111111,0.9032975671107967,0.6606060606060606,0.6606060606060606,0.5515151515151515,0.9545956239371303,0.8674033149171271,0.8284960422163589,0.8047493403693932,0.8671388587422173,0.35526315789473684,0.32926829268292684,0.3170731707317073,6.782968100000289,42,287148bfd01ac67b5192268c6c69cc4cc230c004bdfdf332285f38a3b43b08dd,c175815089a491399700d9c586c067665dd8b48251196512f77a0b7e2732d91c,34060e20ca6ca6de13d114a5b1b14cf4e1fd9ffccc3f7ec4453bb00d8b5646f1,76e4d268196f2535e08c48a7a5094cc77874b54ad985d19c1b2fda21b5a7d67a
P1_a07,3,5;9;10,aVF;V4;V5,936,0.9146717673312246,0.7043478260869566,0.7858156028368795,0.6670778837932785,0.6752085608794534,binary;multiclass,0.9245753006298911,0.625,0.7307692307692307,0.5153846153846153,0.9623971193415638,0.9050279329608939,0.9,0.9111111111111111,0.9063946861612232,0.6504559270516718,0.6484848484848484,0.5515151515151515,0.9498254406616675,0.8555858310626703,0.8284960422163589,0.8021108179419525,0.8549722967955675,0.29931972789115646,0.2682926829268293,0.2926829268292683,6.7744552999993175,42,287148bfd01ac67b5192268c6c69cc4cc230c004bdfdf332285f38a3b43b08dd,c175815089a491399700d9c586c067665dd8b48251196512f77a0b7e2732d91c,34060e20ca6ca6de13d114a5b1b14cf4e1fd9ffccc3f7ec4453bb00d8b5646f1,9d0170aa9b5bedb1741ff39210efa7bfe4e8557d6dfa559c802341805204d50b
P1_a07,3,5;9;11,aVF;V4;V6,936,0.9143088354300007,0.6811594202898551,0.7932011331444759,0.6646848237123357,0.6727603523890286,binary;multiclass,0.9272475663294522,0.6220735785953178,0.7153846153846154,0.5153846153846153,0.9629960317460318,0.8994413407821229,0.8944444444444445,0.9111111111111111,0.9057029438352395,0.6506024096385542,0.6545454545454545,0.5757575757575758,0.9525397554748157,0.8618331053351573,0.8311345646437994,0.8126649076517151,0.8599417375906779,0.2894736842105263,0.2682926829268293,0.2926829268292683,6.801365100000112,42,287148bfd01ac67b5192268c6c69cc4cc230c004bdfdf332285f38a3b43b08dd,c175815089a491399700d9c586c067665dd8b48251196512f77a0b7e2732d91c,34060e20ca6ca6de13d114a5b1b14cf4e1fd9ffccc3f7ec4453bb00d8b5646f1,7a37066445913808a74de9bbed8541b7dcf69c2e1ff3d1b79ef264c5b7124dac
P1_a07,3,5;10;11,aVF;V5;V6,936,0.9127246867260108,0.6811594202898551,0.7759103641456583,0.6748303057000301,0.6820573634487013,binary;multiclass,0.9271044092384041,0.6204620462046204,0.7230769230769231,0.5153846153846153,0.9634700176366843,0.8975069252077562,0.9,0.9111111111111111,0.9040364736862792,0.6461538461538462,0.6363636363636364,0.5878787878787879,0.9494464787331304,0.8610354223433242,0.8337730870712401,0.7994722955145118,0.8679956588793054,0.348993288590604,0.3170731707317073,0.34146341463414637,6.793726600000809,42,287148bfd01ac67b5192268c6c69cc4cc230c004bdfdf332285f38a3b43b08dd,c175815089a491399700d9c586c067665dd8b48251196512f77a0b7e2732d91c,34060e20ca6ca6de13d114a5b1b14cf4e1fd9ffccc3f7ec4453bb00d8b5646f1,c6df37809e54d15321a8a5d1cf1a1cccb1fc4c326db5229358f6159b0ee419e5
P1_a07,3,6;7;8,V1;V2;V3,936,0.9038328551460311,0.6695652173913044,0.7651933701657458,0.6728795797723992,0.6776470747363341,binary;multiclass,0.9222847871731246,0.5816993464052288,0.6846153846153846,0.49230769230769234,0.9625440917107585,0.9044943820224719,0.8944444444444445,0.9222222222222223,0.8901937664583578,0.6419753086419753,0.6303030303030303,0.5454545454545454,0.9598110874786242,0.8738127544097694,0.8496042216358839,0.8232189973614775,0.8684954589592734,0.3624161073825503,0.32926829268292684,0.35365853658536583,6.787497199999052,42,287148bfd01ac67b5192268c6c69cc4cc230c004bdfdf332285f38a3b43b08dd,c175815089a491399700d9c586c067665dd8b48251196512f77a0b7e2732d91c,34060e20ca6ca6de13d114a5b1b14cf4e1fd9ffccc3f7ec4453bb00d8b5646f1,fecb0a27ff1e7edb4018e274ff6aba3a1761ccc937118bcd82dab32f8f6758b8
P1_a07,3,6;7;9,V1;V2;V4,936,0.9143873071924274,0.6927536231884058,0.7961432506887053,0.6799392632494747,0.6894384188006686,binary;multiclass,0.9225901889673602,0.6298701298701299,0.7461538461538462,0.5307692307692308,0.9625367430922986,0.9050279329608939,0.9,0.9166666666666666,0.9082419525999292,0.6626506024096386,0.6666666666666666,0.6,0.9590815857661901,0.88,0.841688654353562,0.8548812664907651,0.8543725366996059,0.3221476510067114,0.2926829268292683,0.3048780487804878,6.790384499998254,42,287148bfd01ac67b5192268c6c69cc4cc230c004bdfdf332285f38a3b43b08dd,c175815089a491399700d9c586c067665dd8b48251196512f77a0b7e2732d91c,34060e20ca6ca6de13d114a5b1b14cf4e1fd9ffccc3f7ec4453bb00d8b5646f1,5a1f84538b07e4786b1319d593262ef511efda779a1213e54d503d73baf71dbe
P1_a07,3,6;7;10,V1;V2;V5,936,0.9154613894406435,0.6840579710144927,0.8,0.6755297241483224,0.6844357438758623,binary;multiclass,0.9228955907615958,0.6139240506329114,0.7461538461538462,0.5153846153846153,0.9636831275720165,0.9014084507042254,0.8888888888888888,0.9111111111111111,0.9081083205596826,0.6504559270516718,0.6484848484848484,0.5818181818181818,0.9589442120670951,0.8717241379310345,0.8337730870712401,0.8496042216358839,0.853001656480265,0.3401360544217687,0.3048780487804878,0.2926829268292683,6.811101800001779,42,287148bfd01ac67b5192268c6c69cc4cc230c004bdfdf332285f38a3b43b08dd,c175815089a491399700d9c586c067665dd8b48251196512f77a0b7e2732d91c,34060e20ca6ca6de13d114a5b1b14cf4e1fd9ffccc3f7ec4453bb00d8b5646f1,025e2f032c3637dad739224d57c331046f7aa4b1406096ca2ffb36dada8e4383
P1_a07,3,6;7;11,V1;V2;V6,936,0.914916991588808,0.663768115942029,0.7972027972027972,0.6775152864382229,0.685775916956173,binary;multiclass,0.9273716358083604,0.6043613707165109,0.7461538461538462,0.5307692307692308,0.964564961787184,0.9044943820224719,0.8944444444444445,0.9111111111111111,0.9028102031993083,0.6358024691358025,0.6242424242424243,0.6,0.9612606168552792,0.8842975206611571,0.8469656992084432,0.8654353562005277,0.8597418175586908,0.3586206896551724,0.3170731707317073,0.34146341463414637,6.790317699998923,42,287148bfd01ac67b5192268c6c69cc4cc230c004bdfdf332285f38a3b43b08dd,c175815089a491399700d9c586c067665dd8b48251196512f77a0b7e2732d91c,34060e20ca6ca6de13d114a5b1b14cf4e1fd9ffccc3f7ec4453bb00d8b5646f1,3b2fe009e1aae339689c1a4a616a1d1c40b9a5145dbe4bbefe4f3fd3adc59a04
P1_a07,3,6;8;9,V1;V3;V4,936,0.9113023860320263,0.6608695652173913,0.7955182072829131,0.6860418789511052,0.6960264233267643,binary;multiclass,0.9243367054781446,0.6302250803858521,0.7538461538461538,0.5307692307692308,0.9604497354497356,0.9025069637883009,0.9,0.9222222222222223,0.9051841370907519,0.6687116564417178,0.6606060606060606,0.6060606060606061,0.9575657380520408,0.8781163434903048,0.8364116094986808,0.8496042216358839,0.85801393728223,0.35064935064935066,0.32926829268292684,0.3048780487804878,6.785385099999985,42,287148bfd01ac67b5192268c6c69cc4cc230c004bdfdf332285f38a3b43b08dd,c175815089a491399700d9c586c067665dd8b48251196512f77a0b7e2732d91c,34060e20ca6ca6de13d114a5b1b14cf4e1fd9ffccc3f7ec4453bb00d8b5646f1,61e84201d5e140397f0da3b5ab211480366ef1a27bd1f255501232fad77308ba
P1_a07,3,6;8;10,V1;V3;V5,936,0.9140439932318105,0.6840579710144927,0.8067226890756303,0.675805744419135,0.6863710298468004,binary;multiclass,0.9245466692116817,0.6130030959752322,0.7615384615384615,0.5461538461538461,0.9622060552616108,0.9019607843137255,0.8944444444444445,0.9166666666666666,0.9092481232559055,0.6439628482972136,0.6303030303030303,0.5757575757575758,0.9578452224743372,0.8734353268428373,0.8284960422163589,0.8469656992084432,0.8534014965442394,0.3466666666666667,0.3170731707317073,0.3048780487804878,6.786347500001284,42,287148bfd01ac67b5192268c6c69cc4cc230c004bdfdf332285f38a3b43b08dd,c175815089a491399700d9c586c067665dd8b48251196512f77a0b7e2732d91c,34060e20ca6ca6de13d114a5b1b14cf4e1fd9ffccc3f7ec4453bb00d8b5646f1,bff1882e6d6bfed1e1588cdde02e9765f6c8dbfecbc3226d773fa4f585ceb3ae
P1_a07,3,6;8;11,V1;V3;V6,936,0.913023860320263,0.6753623188405797,0.7994467496542186,0.685058706800338,0.6950421545047969,binary;multiclass,0.9279347203664822,0.61875,0.7615384615384615,0.5538461538461539,0.9636243386243385,0.8994413407821229,0.8944444444444445,0.9166666666666666,0.9062610541209765,0.6506024096385542,0.6545454545454545,0.593939393939394,0.9597116099723833,0.8702928870292888,0.8232189973614775,0.8443271767810027,0.8614125778260124,0.38620689655172413,0.34146341463414637,0.32926829268292684,6.796455499999865,42,287148bfd01ac67b5192268c6c69cc4cc230c004bdfdf332285f38a3b43b08dd,c175815089a491399700d9c586c067665dd8b48251196512f77a0b7e2732d91c,34060e20ca6ca6de13d114a5b1b14cf4e1fd9ffccc3f7ec4453bb00d8b5646f1,baa1110271b95f9b42d190472a343cef4b325f25b4cb8bfd72da3fb1849dc576
P1_a07,3,6;9;10,V1;V4;V5,936,0.9173005713725202,0.6869565217391305,0.8045007032348804,0.6703425800040037,0.6814781991003113,binary;multiclass,0.9225138385188013,0.6149068322981367,0.7615384615384615,0.5230769230769231,0.9633156966490299,0.9019607843137255,0.8944444444444445,0.9166666666666666,0.9130998702983139,0.6463414634146342,0.6424242424242425,0.6060606060606061,0.9566846515681919,0.8734353268428373,0.8284960422163589,0.8179419525065963,0.8450191352030616,0.3150684931506849,0.2804878048780488,0.2926829268292683,6.784972100000232,42,287148bfd01ac67b5192268c6c69cc4cc230c004bdfdf332285f38a3b43b08dd,c175815089a491399700d9c586c067665dd8b48251196512f77a0b7e2732d91c,34060e20ca6ca6de13d114a5b1b14cf4e1fd9ffccc3f7ec4453bb00d8b5646f1,77809177d61effb92792c06643281f677823dceb4d7a12273996392a4515f44a
P1_a07,3,6;9;11,V1;V4;V6,936,0.9169474484415997,0.6811594202898551,0.800557880055788,0.6706742882021663,0.682419682126227,binary;multiclass,0.9253292613094103,0.6144200626959248,0.7538461538461538,0.5384615384615384,0.9633891828336273,0.9025069637883009,0.9,0.9166666666666666,0.9134771842943049,0.6486486486486487,0.6545454545454545,0.593939393939394,0.9591336930313638,0.8727272727272727,0.8232189973614775,0.8100263852242744,0.8538441766150683,0.3150684931506849,0.2804878048780488,0.35365853658536583,6.7798364000009315,42,287148bfd01ac67b5192268c6c69cc4cc230c004bdfdf332285f38a3b43b08dd,c175815089a491399700d9c586c067665dd8b48251196512f77a0b7e2732d91c,34060e20ca6ca6de13d114a5b1b14cf4e1fd9ffccc3f7ec4453bb00d8b5646f1,72f66fc6261a4bf875ea336a19dfa061be8102b01b24943014404c356a818a18
P1_a07,3,6;10;11,V1;V5;V6,936,0.9162755339758208,0.6608695652173913,0.7994428969359332,0.677881928824206,0.6891782768003889,binary;multiclass,0.9270662340141248,0.6309148264984227,0.7692307692307693,0.5153846153846153,0.9646825396825397,0.896358543417367,0.8888888888888888,0.9166666666666666,0.9105530008253744,0.6726726726726727,0.6787878787878788,0.6181818181818182,0.9578499594984439,0.8722222222222222,0.8284960422163589,0.8390501319261213,0.853787056605929,0.31724137931034485,0.2804878048780488,0.3048780487804878,6.842301900000166,42,287148bfd01ac67b5192268c6c69cc4cc230c004bdfdf332285f38a3b43b08dd,c175815089a491399700d9c586c067665dd8b48251196512f77a0b7e2732d91c,34060e20ca6ca6de13d114a5b1b14cf4e1fd9ffccc3f7ec4453bb00d8b5646f1,8f09a4665a2e55c61cee435b4cd7374512b081e2a7dc1c3aa04730e152b491f0
P1_a07,3,7;8;9,V2;V3;V4,936,0.9115279923490032,0.6579710144927536,0.7805555555555556,0.6815983036302257,0.689630642862511,binary;multiclass,0.9195934338614239,0.6198083067092651,0.7461538461538462,0.5153846153846153,0.9618827160493827,0.8983050847457628,0.8833333333333333,0.9111111111111111,0.9008135833038557,0.6234567901234568,0.6121212121212121,0.5515151515151515,0.9522555340284127,0.8638239339752407,0.8284960422163589,0.8179419525065963,0.8504312560690009,0.4025974025974026,0.3780487804878049,0.34146341463414637,6.7792004000002635,42,287148bfd01ac67b5192268c6c69cc4cc230c004bdfdf332285f38a3b43b08dd,c175815089a491399700d9c586c067665dd8b48251196512f77a0b7e2732d91c,34060e20ca6ca6de13d114a5b1b14cf4e1fd9ffccc3f7ec4453bb00d8b5646f1,0ea1b351d89c678f685dac356cbe9c152e291da319d1ac925c8507cffc5f0a67
P1_a07,3,7;8;10,V2;V3;V5,936,0.9135633536869467,0.6811594202898551,0.7960893854748603,0.6664351928012643,0.6759703716637881,binary;multiclass,0.9218171406757014,0.5993690851735016,0.7307692307692307,0.5076923076923077,0.9636684303350969,0.8876404494382022,0.8777777777777778,0.9222222222222223,0.9061352827889794,0.6484848484848484,0.6484848484848484,0.5575757575757576,0.9522650080766262,0.8611111111111112,0.8179419525065963,0.7941952506596306,0.8528302964528475,0.33557046979865773,0.3048780487804878,0.34146341463414637,6.7841367999990325,42,287148bfd01ac67b5192268c6c69cc4cc230c004bdfdf332285f38a3b43b08dd,c175815089a491399700d9c586c067665dd8b48251196512f77a0b7e2732d91c,34060e20ca6ca6de13d114a5b1b14cf4e1fd9ffccc3f7ec4453bb00d8b5646f1,436ca802688751876430e3d2b8a1476c04379ae7e5ca17758ce1a65d63d6c9fe
P1_a07,3,7;8;11,V2;V3;V6,936,0.9120233453493221,0.6550724637681159,0.7811634349030471,0.6841408389833366,0.6937768533173643,binary;multiclass,0.9247375453330788,0.616822429906542,0.7615384615384615,0.5153846153846153,0.9646825396825397,0.8926553672316384,0.8777777777777778,0.9166666666666666,0.9034076170262941,0.6586102719033232,0.6606060606060606,0.6060606060606061,0.9544914094067823,0.8607242339832869,0.8153034300791556,0.8232189973614775,0.8563431770149083,0.3918918918918919,0.35365853658536583,0.35365853658536583,6.817100599999321,42,287148bfd01ac67b5192268c6c69cc4cc230c004bdfdf332285f38a3b43b08dd,c175815089a491399700d9c586c067665dd8b48251196512f77a0b7e2732d91c,34060e20ca6ca6de13d114a5b1b14cf4e1fd9ffccc3f7ec4453bb00d8b5646f1,db0880d63ab308e1e0fff629ff2f01ee208fa6e4b93fa4d7347091b5df796953
P1_a07,3,7;9;10,V2;V4;V5,936,0.9133034159739082,0.6782608695652174,0.7848101265822784,0.6771862477139672,0.686163965815166,binary;multiclass,0.9221511738881466,0.6144200626959248,0.7538461538461538,0.5076923076923077,0.9620884773662552,0.8888888888888888,0.8666666666666667,0.9111111111111111,0.9079353849781865,0.6786786786786787,0.6848484848484848,0.5878787878787879,0.950483887012501,0.8591160220994475,0.820580474934037,0.7941952506596306,0.84656137544982,0.3448275862068966,0.3048780487804878,0.34146341463414637,6.813125000000582,42,287148bfd01ac67b5192268c6c69cc4cc230c004bdfdf332285f38a3b43b08dd,c175815089a491399700d9c586c067665dd8b48251196512f77a0b7e2732d91c,34060e20ca6ca6de13d114a5b1b14cf4e1fd9ffccc3f7ec4453bb00d8b5646f1,68b51ecd3ebefc7feb6398ebd01213149a391270dfb98a9c29925441186b5e94
P1_a07,3,7;9;11,V2;V4;V6,936,0.9152063562127566,0.6695652173913044,0.7932489451476793,0.6802423636581107,0.6904671360273393,binary;multiclass,0.9254628745943883,0.6206896551724138,0.7615384615384615,0.5076923076923077,0.9634479717813051,0.8926553672316384,0.8777777777777778,0.9166666666666666,0.910065636913886,0.676829268292683,0.6727272727272727,0.593939393939394,0.955031430154948,0.8666666666666667,0.8232189973614775,0.820580474934037,0.8542154566744731,0.3443708609271523,0.3170731707317073,0.32926829268292684,6.8175056999989465,42,287148bfd01ac67b5192268c6c69cc4cc230c004bdfdf332285f38a3b43b08dd,c175815089a491399700d9c586c067665dd8b48251196512f77a0b7e2732d91c,34060e20ca6ca6de13d114a5b1b14cf4e1fd9ffccc3f7ec4453bb00d8b5646f1,688d4e246ff4d665fd3b326b302c4725ac0627e6fb5dab61e332f340f7bf34c0
P1_a07,3,7;10;11,V2;V5;V6,936,0.9133671742808799,0.6753623188405797,0.7888111888111888,0.6745309127322725,0.6832714527894398,binary;multiclass,0.9258637144493225,0.6024844720496895,0.7461538461538462,0.5153846153846153,0.9628747795414463,0.8863636363636364,0.8666666666666667,0.9055555555555556,0.9078096136461894,0.6606060606060606,0.6606060606060606,0.5575757575757576,0.9519428904373693,0.8670360110803325,0.8258575197889182,0.7941952506596306,0.8528302964528474,0.3561643835616438,0.3170731707317073,0.36585365853658536,6.789707800000542,42,287148bfd01ac67b5192268c6c69cc4cc230c004bdfdf332285f38a3b43b08dd,c175815089a491399700d9c586c067665dd8b48251196512f77a0b7e2732d91c,34060e20ca6ca6de13d114a5b1b14cf4e1fd9ffccc3f7ec4453bb00d8b5646f1,88ca29875d869a96e48d4dcaa9915ba9126b0fcaa16457ea1130de9a4380899c
P1_a07,3,8;9;10,V3;V4;V5,936,0.9128669167954094,0.6405797101449275,0.7854137447405329,0.6764263332530833,0.6857123433016347,binary;multiclass,0.9210536361901127,0.6056782334384858,0.7384615384615385,0.5153846153846153,0.9625440917107584,0.8838526912181303,0.8666666666666667,0.9166666666666666,0.9063632433282239,0.6646525679758308,0.6666666666666666,0.5757575757575758,0.9484895998635738,0.8595271210013908,0.8153034300791556,0.7889182058047494,0.8484891757582682,0.3684210526315789,0.34146341463414637,0.3048780487804878,6.81969620000018,42,287148bfd01ac67b5192268c6c69cc4cc230c004bdfdf332285f38a3b43b08dd,c175815089a491399700d9c586c067665dd8b48251196512f77a0b7e2732d91c,34060e20ca6ca6de13d114a5b1b14cf4e1fd9ffccc3f7ec4453bb00d8b5646f1,6a00343b9b15dcce81e0c70cbbef35f4d00668bfdff9193dc9bdbc71b50f42a9
P1_a07,3,8;9;11,V3;V4;V6,936,0.9132690845778465,0.6521739130434783,0.7926657263751763,0.6786440058719055,0.6891168167839768,binary;multiclass,0.924728001527009,0.6139240506329114,0.7461538461538462,0.5307692307692308,0.9623603762492652,0.8876404494382022,0.8777777777777778,0.9166666666666666,0.9067955822819637,0.6566265060240963,0.6606060606060606,0.5757575757575758,0.9518149907864881,0.855944055944056,0.8073878627968337,0.8021108179419525,0.8573427771748443,0.3790849673202614,0.35365853658536583,0.32926829268292684,6.815151500000866,42,287148bfd01ac67b5192268c6c69cc4cc230c004bdfdf332285f38a3b43b08dd,c175815089a491399700d9c586c067665dd8b48251196512f77a0b7e2732d91c,34060e20ca6ca6de13d114a5b1b14cf4e1fd9ffccc3f7ec4453bb00d8b5646f1,4034929486a930f26449d7e5f36db22508b23aa77646de596937a524bacbf23d
P1_a07,3,8;10;11,V3;V5;V6,936,0.9128178719438926,0.6550724637681159,0.788218793828892,0.6747816576864645,0.684921318608171,binary;multiclass,0.9251288413819431,0.6086956521739131,0.7538461538461538,0.5384615384615384,0.9631025867136979,0.8901408450704226,0.8777777777777778,0.9111111111111111,0.9069213536139606,0.6606060606060606,0.6606060606060606,0.5696969696969697,0.9500528178187898,0.8607242339832869,0.8153034300791556,0.7994722955145118,0.8572428171588508,0.35374149659863946,0.3170731707317073,0.32926829268292684,6.823616599998786,42,287148bfd01ac67b5192268c6c69cc4cc230c004bdfdf332285f38a3b43b08dd,c175815089a491399700d9c586c067665dd8b48251196512f77a0b7e2732d91c,34060e20ca6ca6de13d114a5b1b14cf4e1fd9ffccc3f7ec4453bb00d8b5646f1,b8cc66bfaac4c2f7ce1523892a84f49b8a4982881164fc9694d6f951b77bca6f
P1_a07,3,9;10;11,V4;V5;V6,936,0.9144755879251576,0.6492753623188405,0.7942857142857143,0.6564166706831814,0.6663005022378213,binary;multiclass,0.9230578354647834,0.6089743589743589,0.7307692307692307,0.5384615384615384,0.9633009994121106,0.8870056497175142,0.8722222222222222,0.9166666666666666,0.9082812561411783,0.6606606606606606,0.6666666666666666,0.5878787878787879,0.9472532365717209,0.8551724137931035,0.8179419525065963,0.7783641160949868,0.8485748557719768,0.2702702702702703,0.24390243902439024,0.3048780487804878,6.659015900000668,42,287148bfd01ac67b5192268c6c69cc4cc230c004bdfdf332285f38a3b43b08dd,c175815089a491399700d9c586c067665dd8b48251196512f77a0b7e2732d91c,34060e20ca6ca6de13d114a5b1b14cf4e1fd9ffccc3f7ec4453bb00d8b5646f1,63f280f66b1581391698fcde23b9bfabd658e699649bb55910946338e0e5c4a1
P1_a07,4,0;1;2;3,I;II;III;aVR,936,0.9133083204590599,0.6840579710144927,0.7867036011080333,0.6895977600529528,0.6970695724965627,binary;multiclass,0.9288795571673983,0.6511627906976745,0.7538461538461538,0.5615384615384615,0.9668209876543209,0.8839779005524862,0.8888888888888888,0.9,0.8990213418228984,0.6848484848484848,0.6848484848484848,0.6363636363636364,0.9525255444024955,0.8555858310626703,0.8284960422163589,0.8047493403693932,0.8710230193636831,0.3724137931034483,0.32926829268292684,0.4146341463414634,6.642986400000154,42,287148bfd01ac67b5192268c6c69cc4cc230c004bdfdf332285f38a3b43b08dd,c175815089a491399700d9c586c067665dd8b48251196512f77a0b7e2732d91c,34060e20ca6ca6de13d114a5b1b14cf4e1fd9ffccc3f7ec4453bb00d8b5646f1,7722b6f5cf6c1dd38d06ec2bab3249f3375d4eadb46675d75ad4eb6f718b3b4a
P1_a07,4,0;1;2;4,I;II;III;aVL,936,0.9148287108560779,0.7014492753623188,0.7883817427385892,0.6915236617515078,0.6997191451461353,binary;multiclass,0.9290227142584462,0.66,0.7615384615384615,0.6,0.9669459141681365,0.8870523415977961,0.8944444444444445,0.9,0.8997916912313799,0.6827794561933535,0.6848484848484848,0.6424242424242425,0.9519997347266501,0.8579234972677595,0.8284960422163589,0.8073878627968337,0.8712372193979552,0.3698630136986301,0.32926829268292684,0.4024390243902439,6.5898355999997875,42,287148bfd01ac67b5192268c6c69cc4cc230c004bdfdf332285f38a3b43b08dd,c175815089a491399700d9c586c067665dd8b48251196512f77a0b7e2732d91c,34060e20ca6ca6de13d114a5b1b14cf4e1fd9ffccc3f7ec4453bb00d8b5646f1,a6b5f2b5c29effb6a5e12851dbf90574d60c9db0eae61e111a32d6f912ed7564
P1_a07,4,0;1;2;5,I;II;III;aVF,936,0.9145982000539493,0.6898550724637681,0.7883817427385892,0.6879606517285598,0.6958574512844413,binary;multiclass,0.9281542279060889,0.6621621621621622,0.7538461538461538,0.5846153846153846,0.9672325102880658,0.8767123287671232,0.8888888888888888,0.9,0.8988719883661518,0.6829268292682927,0.6787878787878788,0.6242424242424243,0.952383433679294,0.8555858310626703,0.8284960422163589,0.8047493403693932,0.8690380990460957,0.3624161073825503,0.32926829268292684,0.4268292682926829,6.616813399999955,42,287148bfd01ac67b5192268c6c69cc4cc230c004bdfdf332285f38a3b43b08dd,c175815089a491399700d9c586c067665dd8b48251196512f77a0b7e2732d91c,34060e20ca6ca6de13d114a5b1b14cf4e1fd9ffccc3f7ec4453bb00d8b5646f1,3e6b154b7445dd91878a2cf9aa6d8cdf5315d264d86c14351d276b17a8fb48a4
P1_a07,4,0;1;2;6,I;II;III;V1,936,0.914975845410628,0.6840579710144927,0.7805555555555556,0.6917994920019407,0.7008506360890683,binary;multiclass,0.9320671883947317,0.6488294314381271,0.7461538461538462,0.6153846153846154,0.9684450323339212,0.8870523415977961,0.8944444444444445,0.9,0.9047517981370121,0.6707317073170732,0.6666666666666666,0.6121212121212121,0.9590910598144035,0.8677685950413223,0.8311345646437994,0.8258575197889182,0.8662963386074142,0.38461538461538464,0.36585365853658536,0.36585365853658536,6.580284400000892,42,287148bfd01ac67b5192268c6c69cc4cc230c004bdfdf332285f38a3b43b08dd,c175815089a491399700d9c586c067665dd8b48251196512f77a0b7e2732d91c,34060e20ca6ca6de13d114a5b1b14cf4e1fd9ffccc3f7ec4453bb00d8b5646f1,d7ba1e05412b3cf5a78c2a701b05a389294f58448744a2f75e8aa7ea0c87d30c
P1_a07,4,0;1;2;7,I;II;III;V2,936,0.9142646950636356,0.663768115942029,0.7810320781032078,0.6940292722484657,0.7004685936225933,binary;multiclass,0.9319240313036838,0.6421404682274248,0.7384615384615385,0.6,0.9674603174603175,0.8938547486033519,0.8888888888888888,0.9,0.9033447313602955,0.676829268292683,0.6727272727272727,0.5757575757575758,0.9562251602298404,0.8625850340136054,0.8364116094986808,0.8073878627968337,0.863026218084195,0.39473684210526316,0.36585365853658536,0.35365853658536583,6.564210399999865,42,287148bfd01ac67b5192268c6c69cc4cc230c004bdfdf332285f38a3b43b08dd,c175815089a491399700d9c586c067665dd8b48251196512f77a0b7e2732d91c,34060e20ca6ca6de13d114a5b1b14cf4e1fd9ffccc3f7ec4453bb00d8b5646f1,4fdca48aaa5f87d4c99530dc4bec4cf9b9348f656a3453ea409460278d543a41
P1_a07,4,0;1;2;8,I;II;III;V3,936,0.9133818877363348,0.6840579710144927,0.791023842917251,0.6907119257299701,0.6983263456266867,binary;multiclass,0.9288891009734683,0.6445182724252492,0.7461538461538462,0.5769230769230769,0.9653586125808348,0.8913649025069638,0.8888888888888888,0.9,0.9081240419761821,0.6951219512195121,0.6909090909090909,0.5818181818181818,0.9533876827899177,0.8649386084583902,0.8364116094986808,0.8100263852242744,0.861012737762038,0.3576158940397351,0.32926829268292684,0.35365853658536583,6.591094700001122,42,287148bfd01ac67b5192268c6c69cc4cc230c004bdfdf332285f38a3b43b08dd,c175815089a491399700d9c586c067665dd8b48251196512f77a0b7e2732d91c,34060e20ca6ca6de13d114a5b1b14cf4e1fd9ffccc3f7ec4453bb00d8b5646f1,ca5ae5b73d9cc70a257f379666e6caf1ac67c432742cf6840f4473a27e354bc5
P1_a07,4,0;1;2;9,I;II;III;V4,936,0.9152799234900317,0.6956521739130435,0.7838214783821479,0.6917422786467171,0.6989301320841317,binary;multiclass,0.928278297384997,0.6440677966101694,0.7307692307692307,0.5692307692307692,0.9633891828336274,0.8913649025069638,0.8888888888888888,0.9,0.9104665330346264,0.6809815950920245,0.6727272727272727,0.593939393939394,0.9518907831721956,0.8649386084583902,0.8364116094986808,0.8100263852242744,0.8569429371108699,0.37735849056603776,0.36585365853658536,0.34146341463414637,6.611757300001045,42,287148bfd01ac67b5192268c6c69cc4cc230c004bdfdf332285f38a3b43b08dd,c175815089a491399700d9c586c067665dd8b48251196512f77a0b7e2732d91c,34060e20ca6ca6de13d114a5b1b14cf4e1fd9ffccc3f7ec4453bb00d8b5646f1,b077d4a72d5ec08207c4f4d582f0537783ca5296d91a8c1a9bbb7eb96156f635
P1_a07,4,0;1;2;10,I;II;III;V5,936,0.915348586282155,0.6956521739130435,0.7866108786610879,0.6796776217888665,0.6869844524339667,binary;multiclass,0.9288032067188394,0.6153846153846154,0.7076923076923077,0.5538461538461539,0.964513521457966,0.8913649025069638,0.8888888888888888,0.9055555555555556,0.9080375741854342,0.6625766871165644,0.6545454545454545,0.5818181818181818,0.9504080946267935,0.8493150684931506,0.8179419525065963,0.7889182058047494,0.8659393385502941,0.379746835443038,0.36585365853658536,0.36585365853658536,6.623263800000132,42,287148bfd01ac67b5192268c6c69cc4cc230c004bdfdf332285f38a3b43b08dd,c175815089a491399700d9c586c067665dd8b48251196512f77a0b7e2732d91c,34060e20ca6ca6de13d114a5b1b14cf4e1fd9ffccc3f7ec4453bb00d8b5646f1,a1d8597cfb13e8a2e35272eed31994ffb9987f1ecac80580e9cbe05ec4384afe
P1_a07,4,0;1;2;11,I;II;III;V6,936,0.9151327889354816,0.6927536231884058,0.7943661971830986,0.6800003921894329,0.6878855253190795,binary;multiclass,0.9299007444168735,0.6302250803858521,0.7538461538461538,0.5538461538461539,0.9667401528512639,0.8913649025069638,0.8888888888888888,0.9055555555555556,0.9019062217505798,0.66875,0.6484848484848484,0.593939393939394,0.9501570323491377,0.8583106267029973,0.8311345646437994,0.7994722955145118,0.8699662991946079,0.35135135135135137,0.3170731707317073,0.34146341463414637,6.5880919999981415,42,287148bfd01ac67b5192268c6c69cc4cc230c004bdfdf332285f38a3b43b08dd,c175815089a491399700d9c586c067665dd8b48251196512f77a0b7e2732d91c,34060e20ca6ca6de13d114a5b1b14cf4e1fd9ffccc3f7ec4453bb00d8b5646f1,28f201ad81a645dd9470781ad43e62165d6386a42de50e7072a2dfde4450bd77
P1_a07,4,0;1;3;4,I;II;aVR;aVL,936,0.9133966011917898,0.6985507246376812,0.783448275862069,0.6899248394189017,0.6964168918438819,binary;multiclass,0.9294235541133804,0.6421404682274248,0.7384615384615385,0.5615384615384615,0.9665490887713111,0.8864265927977839,0.8888888888888888,0.9,0.8994929843178869,0.6824925816023739,0.696969696969697,0.6545454545454545,0.9520092087748635,0.8555858310626703,0.8284960422163589,0.8021108179419525,0.8719083795053407,0.3829787234042553,0.32926829268292684,0.4146341463414634,6.63267740000083,42,287148bfd01ac67b5192268c6c69cc4cc230c004bdfdf332285f38a3b43b08dd,c175815089a491399700d9c586c067665dd8b48251196512f77a0b7e2732d91c,34060e20ca6ca6de13d114a5b1b14cf4e1fd9ffccc3f7ec4453bb00d8b5646f1,cf7332797d162547fce93760641a9f15e51a99fdfddb6bd5844356565eb4c699
P1_a07,4,0;1;3;5,I;II;aVR;aVF,936,0.9140488977169623,0.6811594202898551,0.7867036011080333,0.6829896025584352,0.6913374789042463,binary;multiclass,0.9290036266463066,0.6466666666666666,0.7461538461538462,0.5846153846153846,0.9669165196942975,0.8791208791208791,0.8888888888888888,0.9,0.8991471131548954,0.6867469879518072,0.6909090909090909,0.6484848484848484,0.9526771291739105,0.855191256830601,0.8258575197889182,0.8021108179419525,0.8713657394185184,0.3472222222222222,0.3048780487804878,0.3902439024390244,6.589061500002572,42,287148bfd01ac67b5192268c6c69cc4cc230c004bdfdf332285f38a3b43b08dd,c175815089a491399700d9c586c067665dd8b48251196512f77a0b7e2732d91c,34060e20ca6ca6de13d114a5b1b14cf4e1fd9ffccc3f7ec4453bb00d8b5646f1,221be4f529252563f3360dfbfeec01a5b30a6c280657c5733fc7f7b40bf0da62
P1_a07,4,0;1;3;6,I;II;aVR;V1,936,0.9144559699845508,0.672463768115942,0.7838214783821479,0.687553182439307,0.6953036085908214,binary;multiclass,0.9317426989883565,0.6490066225165563,0.7538461538461538,0.6076923076923076,0.9680555555555556,0.8808864265927978,0.8833333333333333,0.9,0.9049168730102584,0.6605504587155964,0.6545454545454545,0.6121212121212121,0.9582573435716213,0.860655737704918,0.8311345646437994,0.8073878627968337,0.8668532586965214,0.38666666666666666,0.35365853658536583,0.3902439024390244,6.576028999999835,42,287148bfd01ac67b5192268c6c69cc4cc230c004bdfdf332285f38a3b43b08dd,c175815089a491399700d9c586c067665dd8b48251196512f77a0b7e2732d91c,34060e20ca6ca6de13d114a5b1b14cf4e1fd9ffccc3f7ec4453bb00d8b5646f1,7c2f74894790604f7f96198d678d83f9bbcd51cf8f19fdd17ea4118208514ae7
P1_a07,4,0;1;3;7,I;II;aVR;V2,936,0.9143039309448492,0.6811594202898551,0.7838214783821479,0.6941089330453094,0.7026003019297311,binary;multiclass,0.9321817140675702,0.6514657980456026,0.7692307692307693,0.5923076923076923,0.9675852439741328,0.8938547486033519,0.8888888888888888,0.9,0.903745627481036,0.6706948640483383,0.6727272727272727,0.5818181818181818,0.9559077796146904,0.8626373626373627,0.8284960422163589,0.8073878627968337,0.8625692580110813,0.3918918918918919,0.35365853658536583,0.3902439024390244,6.585891200000333,42,287148bfd01ac67b5192268c6c69cc4cc230c004bdfdf332285f38a3b43b08dd,c175815089a491399700d9c586c067665dd8b48251196512f77a0b7e2732d91c,34060e20ca6ca6de13d114a5b1b14cf4e1fd9ffccc3f7ec4453bb00d8b5646f1,db9cd963e9b5a5dfdf433369053829a51accb421df3947e3c23476ba31f254f2
P1_a07,4,0;1;3;8,I;II;aVR;V3,936,0.9126560239338875,0.6811594202898551,0.7905027932960894,0.6802164924721843,0.6886164600856666,binary;multiclass,0.929518992174079,0.6295081967213115,0.7384615384615385,0.5846153846153846,0.9650426219870664,0.8888888888888888,0.8888888888888888,0.9,0.9075895138151947,0.6687116564417178,0.6606060606060606,0.5757575757575758,0.9535724267300797,0.8587105624142661,0.8258575197889182,0.7889182058047494,0.8619123779059804,0.35526315789473684,0.32926829268292684,0.35365853658536583,6.588925600000948,42,287148bfd01ac67b5192268c6c69cc4cc230c004bdfdf332285f38a3b43b08dd,c175815089a491399700d9c586c067665dd8b48251196512f77a0b7e2732d91c,34060e20ca6ca6de13d114a5b1b14cf4e1fd9ffccc3f7ec4453bb00d8b5646f1,4cab8b91e4c9301e19ba342f788027c3a36bb2415d4fb15d4a35ea780c48fabf
P1_a07,4,0;1;3;9,I;II;aVR;V4,936,0.9143284533706074,0.7043478260869566,0.7827298050139275,0.6960386694458717,0.7042367413710486,binary;multiclass,0.9288032067188395,0.632996632996633,0.7230769230769231,0.5615384615384615,0.9630658436213991,0.8919667590027701,0.8944444444444445,0.9,0.9099555869983884,0.6851851851851852,0.6727272727272727,0.6,0.9518434129311283,0.8626373626373627,0.8284960422163589,0.820580474934037,0.8567001770720283,0.4074074074074074,0.4024390243902439,0.32926829268292684,6.583989900002052,42,287148bfd01ac67b5192268c6c69cc4cc230c004bdfdf332285f38a3b43b08dd,c175815089a491399700d9c586c067665dd8b48251196512f77a0b7e2732d91c,34060e20ca6ca6de13d114a5b1b14cf4e1fd9ffccc3f7ec4453bb00d8b5646f1,770078c7b8f66f03fec80d54f7552b024dd15e3f69bdead57203db9c3521a17a
P1_a07,4,0;1;3;10,I;II;aVR;V5,936,0.9147502390936512,0.6956521739130435,0.7849162011173184,0.6868599930570418,0.6956386229840119,binary;multiclass,0.9288891009734682,0.6287625418060201,0.7230769230769231,0.5769230769230769,0.9640799529688419,0.8913649025069638,0.8888888888888888,0.9055555555555556,0.9077231458554416,0.6604938271604939,0.6484848484848484,0.6,0.9505502053499949,0.8512396694214877,0.8153034300791556,0.7889182058047494,0.8676100988176157,0.4024390243902439,0.4024390243902439,0.34146341463414637,6.586870599996473,42,287148bfd01ac67b5192268c6c69cc4cc230c004bdfdf332285f38a3b43b08dd,c175815089a491399700d9c586c067665dd8b48251196512f77a0b7e2732d91c,34060e20ca6ca6de13d114a5b1b14cf4e1fd9ffccc3f7ec4453bb00d8b5646f1,815bf3f64e7fc21478dd212ed7d9735daeaf18b934e9598fd937bb733ef4689a
P1_a07,4,0;1;3;11,I;II;aVR;V6,936,0.9144853968954608,0.6811594202898551,0.7926657263751763,0.6833173358382257,0.6905406958344729,binary;multiclass,0.9308074059935102,0.6298701298701299,0.7461538461538462,0.5692307692307692,0.9659538506760729,0.8938547486033519,0.8888888888888888,0.9055555555555556,0.9017647290020832,0.664576802507837,0.6424242424242425,0.5818181818181818,0.949948603288442,0.8598639455782313,0.8337730870712401,0.7941952506596306,0.8721796995487519,0.3684210526315789,0.34146341463414637,0.32926829268292684,6.585911499998474,42,287148bfd01ac67b5192268c6c69cc4cc230c004bdfdf332285f38a3b43b08dd,c175815089a491399700d9c586c067665dd8b48251196512f77a0b7e2732d91c,34060e20ca6ca6de13d114a5b1b14cf4e1fd9ffccc3f7ec4453bb00d8b5646f1,3f5557306bad549bba8207d5740c2e4b9bf8597e752e28b0d8fa319ba1da18e5
P1_a07,4,0;1;4;5,I;II;aVL;aVF,936,0.9147110032124378,0.7043478260869566,0.7883817427385892,0.6856960278909929,0.6941345796947831,binary;multiclass,0.928908188585608,0.6442953020134228,0.7384615384615385,0.5923076923076923,0.9674603174603175,0.8791208791208791,0.8888888888888888,0.9,0.8996816413158826,0.6904761904761905,0.703030303030303,0.6545454545454545,0.9523218523659068,0.8559670781893004,0.8232189973614775,0.8021108179419525,0.8706802993088478,0.3586206896551724,0.3170731707317073,0.4024390243902439,6.575339399998484,42,287148bfd01ac67b5192268c6c69cc4cc230c004bdfdf332285f38a3b43b08dd,c175815089a491399700d9c586c067665dd8b48251196512f77a0b7e2732d91c,34060e20ca6ca6de13d114a5b1b14cf4e1fd9ffccc3f7ec4453bb00d8b5646f1,dcb37cf1ad6a674bd18626f51e8ff9c0965b85394dbc353fa5d8dd3de05996b7
P1_a07,4,0;1;4;6,I;II;aVL;V1,936,0.9148728512224431,0.672463768115942,0.7833333333333333,0.6912262083204535,0.7003229316035802,binary;multiclass,0.9319240313036838,0.6466666666666666,0.7461538461538462,0.6076923076923076,0.9683127572016461,0.8870523415977961,0.8944444444444445,0.9,0.9042801556420235,0.672782874617737,0.6666666666666666,0.6060606060606061,0.9585605131144512,0.8650137741046832,0.8284960422163589,0.8284960422163589,0.8669674987147998,0.38461538461538464,0.36585365853658536,0.3902439024390244,6.591101700003492,42,287148bfd01ac67b5192268c6c69cc4cc230c004bdfdf332285f38a3b43b08dd,c175815089a491399700d9c586c067665dd8b48251196512f77a0b7e2732d91c,34060e20ca6ca6de13d114a5b1b14cf4e1fd9ffccc3f7ec4453bb00d8b5646f1,0bdb0b443b8023c23bc7c3861c94c91b87224f61b26b0e39d44cc4c71044d7fe
P1_a07,4,0;1;4;7,I;II;aVL;V2,936,0.9138674317663504,0.6782608695652174,0.7810320781032078,0.6970221669976184,0.7042447153921507,binary;multiclass,0.9321721702615002,0.6426229508196721,0.7538461538461538,0.5923076923076923,0.9673280423280423,0.896358543417367,0.8888888888888888,0.9,0.9029595566560549,0.6748466257668712,0.6666666666666666,0.5818181818181818,0.9560025200968247,0.8633879781420765,0.8337730870712401,0.8153034300791556,0.8643685382989661,0.40789473684210525,0.3780487804878049,0.36585365853658536,6.597124399999302,42,287148bfd01ac67b5192268c6c69cc4cc230c004bdfdf332285f38a3b43b08dd,c175815089a491399700d9c586c067665dd8b48251196512f77a0b7e2732d91c,34060e20ca6ca6de13d114a5b1b14cf4e1fd9ffccc3f7ec4453bb00d8b5646f1,c120d25d2be90ebb08414b066430d1639d3effa5cc5dd3aa76a9e72f33d4e232
P1_a07,4,0;1;4;8,I;II;aVL;V3,936,0.9126364059932809,0.6869565217391305,0.7893258426966292,0.6880687756912622,0.6957472570832504,binary;multiclass,0.9290895209009353,0.6378737541528239,0.7384615384615385,0.5923076923076923,0.9649764844209289,0.8913649025069638,0.8888888888888888,0.9,0.9073458318594505,0.6808510638297872,0.6787878787878788,0.5696969696969697,0.9528571360899656,0.8618331053351573,0.8311345646437994,0.7810026385224275,0.8628548580567773,0.3684210526315789,0.34146341463414637,0.35365853658536583,6.5806517000019085,42,287148bfd01ac67b5192268c6c69cc4cc230c004bdfdf332285f38a3b43b08dd,c175815089a491399700d9c586c067665dd8b48251196512f77a0b7e2732d91c,34060e20ca6ca6de13d114a5b1b14cf4e1fd9ffccc3f7ec4453bb00d8b5646f1,e59e3615a894178e0b2181830da04b0132afdb409a7e0b571b2ae8c9438f47c3
P1_a07,4,0;1;4;9,I;II;aVL;V4,936,0.9149415140145662,0.7072463768115942,0.7849162011173184,0.6965023296109106,0.7039233168887586,binary;multiclass,0.9286027867913724,0.6372881355932203,0.7230769230769231,0.6076923076923076,0.9629262198706643,0.8944444444444445,0.8944444444444445,0.9,0.910521557992375,0.6770186335403726,0.6606060606060606,0.593939393939394,0.9516065617257925,0.8688524590163934,0.8390501319261213,0.8153034300791556,0.8584423373507739,0.4049079754601227,0.4024390243902439,0.3902439024390244,6.6084188999993785,42,287148bfd01ac67b5192268c6c69cc4cc230c004bdfdf332285f38a3b43b08dd,c175815089a491399700d9c586c067665dd8b48251196512f77a0b7e2732d91c,34060e20ca6ca6de13d114a5b1b14cf4e1fd9ffccc3f7ec4453bb00d8b5646f1,aa2de77e96a80eff84e439fe0af732f5218f9c0447d77cdd2c95e4e08a7f57f4
P1_a07,4,0;1;4;10,I;II;aVL;V5,936,0.9150739351136615,0.6985507246376812,0.7888111888111888,0.6882171663039404,0.6958399871431599,binary;multiclass,0.9291945027677038,0.6262626262626263,0.7153846153846154,0.5692307692307692,0.9643445032333922,0.8938547486033519,0.8888888888888888,0.9055555555555556,0.908163345517431,0.6605504587155964,0.6545454545454545,0.5878787878787879,0.9500528178187899,0.850480109739369,0.8179419525065963,0.7968337730870713,0.8678671388587422,0.40993788819875776,0.4024390243902439,0.3780487804878049,6.561750700002449,42,287148bfd01ac67b5192268c6c69cc4cc230c004bdfdf332285f38a3b43b08dd,c175815089a491399700d9c586c067665dd8b48251196512f77a0b7e2732d91c,34060e20ca6ca6de13d114a5b1b14cf4e1fd9ffccc3f7ec4453bb00d8b5646f1,5d8df3ec2020bfc8160b4118363afcef935df585c5f39f8625f7e7216c72204f
P1_a07,4,0;1;4;11,I;II;aVL;V6,936,0.9153731087079133,0.6840579710144927,0.7915492957746478,0.6803666207099048,0.6872476266324004,binary;multiclass,0.9306642489024624,0.6254071661237784,0.7384615384615385,0.5538461538461539,0.9663653733098179,0.8913649025069638,0.8888888888888888,0.9,0.9016782612113351,0.6666666666666666,0.6484848484848484,0.593939393939394,0.9494464787331303,0.8559782608695652,0.8311345646437994,0.7941952506596306,0.8715370994459358,0.3624161073825503,0.32926829268292684,0.3170731707317073,6.576276700001472,42,287148bfd01ac67b5192268c6c69cc4cc230c004bdfdf332285f38a3b43b08dd,c175815089a491399700d9c586c067665dd8b48251196512f77a0b7e2732d91c,34060e20ca6ca6de13d114a5b1b14cf4e1fd9ffccc3f7ec4453bb00d8b5646f1,c3fea21d13e4bd965c645b07a3e1da03750f0211e73c76a3693ff51b2265a7c8
P1_a07,4,0;1;5;6,I;II;aVF;V1,936,0.915005272321538,0.6753623188405797,0.7827298050139275,0.6911429942556532,0.7004777777227741,binary;multiclass,0.9317236113762168,0.6511627906976745,0.7538461538461538,0.6230769230769231,0.9680041152263374,0.8870523415977961,0.8944444444444445,0.9,0.9048461266360099,0.672782874617737,0.6666666666666666,0.6121212121212121,0.9591431670795773,0.8705234159779615,0.8337730870712401,0.820580474934037,0.865653738504598,0.3741935483870968,0.35365853658536583,0.3780487804878049,6.57863460000226,42,287148bfd01ac67b5192268c6c69cc4cc230c004bdfdf332285f38a3b43b08dd,c175815089a491399700d9c586c067665dd8b48251196512f77a0b7e2732d91c,34060e20ca6ca6de13d114a5b1b14cf4e1fd9ffccc3f7ec4453bb00d8b5646f1,3c89e755ffe044c01aa87997c48ee25db13ff620d1645096c975b216feefc0ab
P1_a07,4,0;1;5;7,I;II;aVF;V2,936,0.9145491552024326,0.6666666666666666,0.7810320781032078,0.6954191997386967,0.7048379621608272,binary;multiclass,0.9319622065279634,0.6601307189542484,0.7769230769230769,0.5923076923076923,0.9674823633156967,0.8888888888888888,0.8888888888888888,0.9,0.9035255276500412,0.6748466257668712,0.6666666666666666,0.5818181818181818,0.9567841290744328,0.8610729023383769,0.8258575197889182,0.8073878627968337,0.8623550579768093,0.39215686274509803,0.36585365853658536,0.3780487804878049,6.599750800000038,42,287148bfd01ac67b5192268c6c69cc4cc230c004bdfdf332285f38a3b43b08dd,c175815089a491399700d9c586c067665dd8b48251196512f77a0b7e2732d91c,34060e20ca6ca6de13d114a5b1b14cf4e1fd9ffccc3f7ec4453bb00d8b5646f1,b44a3b7394028ec7942d529832e69eb969534b04ba2505030eb942e90f0e466d
P1_a07,4,0;1;5;8,I;II;aVF;V3,936,0.9134799774393684,0.6840579710144927,0.7899159663865546,0.6861042924634084,0.694007431385641,binary;multiclass,0.9291181523191449,0.64,0.7384615384615385,0.5923076923076923,0.9654394473838919,0.8888888888888888,0.8888888888888888,0.9,0.9085563809299217,0.6788990825688074,0.6727272727272727,0.593939393939394,0.9539987588996841,0.8590971272229823,0.8284960422163589,0.8021108179419525,0.8600702576112412,0.36363636363636365,0.34146341463414637,0.35365853658536583,6.656133399999817,42,287148bfd01ac67b5192268c6c69cc4cc230c004bdfdf332285f38a3b43b08dd,c175815089a491399700d9c586c067665dd8b48251196512f77a0b7e2732d91c,34060e20ca6ca6de13d114a5b1b14cf4e1fd9ffccc3f7ec4453bb00d8b5646f1,2c414fb5a1dceb2bbb374e73d1749e257301cac116a18c353d5e562b44962fcb
P1_a07,4,0;1;5;9,I;II;aVF;V4,936,0.9149709409254765,0.6927536231884058,0.7854137447405329,0.6914007579634995,0.6993177724164273,binary;multiclass,0.9288032067188395,0.6372881355932203,0.7230769230769231,0.5846153846153846,0.9633450911228689,0.8839779005524862,0.8888888888888888,0.9055555555555556,0.9101285225798845,0.6749226006191951,0.6606060606060606,0.6,0.9520944752087843,0.8657534246575342,0.8337730870712401,0.8126649076517151,0.8559290569486492,0.3950617283950617,0.3902439024390244,0.34146341463414637,6.613077900001372,42,287148bfd01ac67b5192268c6c69cc4cc230c004bdfdf332285f38a3b43b08dd,c175815089a491399700d9c586c067665dd8b48251196512f77a0b7e2732d91c,34060e20ca6ca6de13d114a5b1b14cf4e1fd9ffccc3f7ec4453bb00d8b5646f1,981eae7f4491d3a4735e00e2b21c177d05bca86a1f0c1b63f70d959a4059d04c
P1_a07,4,0;1;5;10,I;II;aVF;V5,936,0.9150248902621447,0.6927536231884058,0.7854137447405329,0.6828812707359623,0.6920022593476484,binary;multiclass,0.9294617293376599,0.6245847176079734,0.7230769230769231,0.5538461538461539,0.964484126984127,0.8938547486033519,0.8888888888888888,0.9055555555555556,0.9075187674409464,0.6459627329192547,0.6303030303030303,0.5818181818181818,0.9510144337124532,0.8524137931034482,0.8153034300791556,0.7889182058047494,0.8645398983263837,0.39759036144578314,0.4024390243902439,0.32926829268292684,6.552087699998083,42,287148bfd01ac67b5192268c6c69cc4cc230c004bdfdf332285f38a3b43b08dd,c175815089a491399700d9c586c067665dd8b48251196512f77a0b7e2732d91c,34060e20ca6ca6de13d114a5b1b14cf4e1fd9ffccc3f7ec4453bb00d8b5646f1,9789e90cb961845ffe3ef37b0fc1d0277db7265fbbc417cc92c0fb12a57fe513
P1_a07,4,0;1;5;11,I;II;aVF;V6,936,0.9148434243115329,0.6956521739130435,0.7954866008462623,0.6764818995725004,0.6847473022362011,binary;multiclass,0.9300439015079214,0.632258064516129,0.7538461538461538,0.5615384615384615,0.9665049970605526,0.8938547486033519,0.8888888888888888,0.9,0.9014974649215894,0.6687306501547987,0.6545454545454545,0.5878787878787879,0.9501049250839637,0.8610354223433242,0.8337730870712401,0.7968337730870713,0.8683383789341407,0.32653061224489793,0.2926829268292683,0.32926829268292684,6.557556300002034,42,287148bfd01ac67b5192268c6c69cc4cc230c004bdfdf332285f38a3b43b08dd,c175815089a491399700d9c586c067665dd8b48251196512f77a0b7e2732d91c,34060e20ca6ca6de13d114a5b1b14cf4e1fd9ffccc3f7ec4453bb00d8b5646f1,8b0a2b05be836f0954d41e89ea710edefe2ae85907cfe4ff9fec60373cb60d41
P1_a07,4,0;1;6;7,I;II;V1;V2,936,0.914588391083646,0.6869565217391305,0.7891737891737892,0.6954924145512432,0.7039275591659914,binary;multiclass,0.9317331551822866,0.6470588235294118,0.7615384615384615,0.5615384615384615,0.967607289829512,0.8969359331476323,0.8944444444444445,0.9,0.9030381637385528,0.6707317073170732,0.6666666666666666,0.6121212121212121,0.9575894231725746,0.8653846153846154,0.8311345646437994,0.820580474934037,0.8656680185068829,0.3973509933774834,0.36585365853658536,0.35365853658536583,6.579447399999481,42,287148bfd01ac67b5192268c6c69cc4cc230c004bdfdf332285f38a3b43b08dd,c175815089a491399700d9c586c067665dd8b48251196512f77a0b7e2732d91c,34060e20ca6ca6de13d114a5b1b14cf4e1fd9ffccc3f7ec4453bb00d8b5646f1,2895ac702d728852fc16f88fe1a3477e796aa8487f4e5cb722659c7df8f505b8
P1_a07,4,0;1;6;8,I;II;V1;V3,936,0.9132200397263298,0.672463768115942,0.7876230661040787,0.6901124549809332,0.6980852713724841,binary;multiclass,0.9301107081504103,0.6421404682274248,0.7384615384615385,0.5538461538461539,0.9655937683715463,0.8944444444444445,0.8944444444444445,0.9,0.9084934952639233,0.6706948640483383,0.6727272727272727,0.5878787878787879,0.9551498557576159,0.8641975308641975,0.8311345646437994,0.8126649076517151,0.8677528988404638,0.3790849673202614,0.35365853658536583,0.3170731707317073,6.579311800000141,42,287148bfd01ac67b5192268c6c69cc4cc230c004bdfdf332285f38a3b43b08dd,c175815089a491399700d9c586c067665dd8b48251196512f77a0b7e2732d91c,34060e20ca6ca6de13d114a5b1b14cf4e1fd9ffccc3f7ec4453bb00d8b5646f1,56710fe7a6a92bda45f7ebe2b2fb3b0b2b153133211e911be224e0413faa063e
P1_a07,4,0;1;6;9,I;II;V1;V4,936,0.9161725397876358,0.6927536231884058,0.7909604519774012,0.7011920958218061,0.7103887214029436,binary;multiclass,0.9306642489024622,0.6556291390728477,0.7615384615384615,0.5461538461538461,0.9646825396825397,0.8969359331476323,0.8944444444444445,0.9055555555555556,0.9129112133003183,0.6748466257668712,0.6666666666666666,0.5636363636363636,0.9563199007119747,0.8760330578512396,0.8390501319261213,0.8337730870712401,0.8619552179128348,0.4025157232704403,0.3902439024390244,0.34146341463414637,6.609172599997692,42,287148bfd01ac67b5192268c6c69cc4cc230c004bdfdf332285f38a3b43b08dd,c175815089a491399700d9c586c067665dd8b48251196512f77a0b7e2732d91c,34060e20ca6ca6de13d114a5b1b14cf4e1fd9ffccc3f7ec4453bb00d8b5646f1,30287f67f7c7f58dab3c382c5a2b85a2a5606611edea0d16cc9dd775598d776c
P1_a07,4,0;1;6;10,I;II;V1;V5,936,0.9165109492631012,0.6985507246376812,0.7824858757062146,0.6830972186751642,0.6912251125611057,binary;multiclass,0.9311032639816759,0.6381578947368421,0.7461538461538462,0.5461538461538461,0.965814226925338,0.8913649025069638,0.8888888888888888,0.9055555555555556,0.9128719097590693,0.6604938271604939,0.6484848484848484,0.5757575757575758,0.9566846515681917,0.8618331053351573,0.8311345646437994,0.8337730870712401,0.8625835380133661,0.36363636363636365,0.34146341463414637,0.2682926829268293,6.6123764000003575,42,287148bfd01ac67b5192268c6c69cc4cc230c004bdfdf332285f38a3b43b08dd,c175815089a491399700d9c586c067665dd8b48251196512f77a0b7e2732d91c,34060e20ca6ca6de13d114a5b1b14cf4e1fd9ffccc3f7ec4453bb00d8b5646f1,832a4b1df127327dab873604f626dffc98cbc5287cd6ddc85f47d30df753903b
P1_a07,4,0;1;6;11,I;II;V1;V6,936,0.9158096078864122,0.6927536231884058,0.7920792079207921,0.6997930265155946,0.7078736150407429,binary;multiclass,0.9348444359610613,0.6579804560260586,0.7769230769230769,0.5461538461538461,0.9677322163433274,0.9070422535211268,0.8944444444444445,0.9055555555555556,0.9080139920606848,0.6890243902439024,0.6848484848484848,0.6181818181818182,0.9573478349431321,0.8715846994535519,0.841688654353562,0.8284960422163589,0.8684954589592733,0.37333333333333335,0.34146341463414637,0.3048780487804878,6.616284900002938,42,287148bfd01ac67b5192268c6c69cc4cc230c004bdfdf332285f38a3b43b08dd,c175815089a491399700d9c586c067665dd8b48251196512f77a0b7e2732d91c,34060e20ca6ca6de13d114a5b1b14cf4e1fd9ffccc3f7ec4453bb00d8b5646f1,a10871d72bd64e5766090670b57b1b90cd6d3b97bf567be9424f9869cedcc062
P1_a07,4,0;1;7;8,I;II;V2;V3,936,0.9131317589935996,0.6840579710144927,0.7894002789400278,0.6874396677567678,0.6952343345637637,binary;multiclass,0.9302347776293186,0.6336633663366337,0.7384615384615385,0.5692307692307692,0.9662698412698413,0.8938547486033519,0.8888888888888888,0.9,0.9067720001572142,0.672782874617737,0.6666666666666666,0.6060606060606061,0.9543919319005414,0.8602739726027397,0.8284960422163589,0.8073878627968337,0.861512537842006,0.37662337662337664,0.35365853658536583,0.32926829268292684,6.696957500000281,42,287148bfd01ac67b5192268c6c69cc4cc230c004bdfdf332285f38a3b43b08dd,c175815089a491399700d9c586c067665dd8b48251196512f77a0b7e2732d91c,34060e20ca6ca6de13d114a5b1b14cf4e1fd9ffccc3f7ec4453bb00d8b5646f1,0dc8ad461d345d4ec9f30b1f41932af9b607ef9db1f1490efdf2a569db964b1c
P1_a07,4,0;1;7;9,I;II;V2;V4,936,0.9152848279751834,0.6840579710144927,0.788218793828892,0.6967225875757349,0.704041485111052,binary;multiclass,0.9301107081504104,0.6578947368421053,0.7692307692307693,0.5846153846153846,0.9644179894179895,0.898876404494382,0.8888888888888888,0.9,0.9108202649058681,0.6728971962616822,0.6545454545454545,0.6060606060606061,0.9553582848183114,0.8668478260869565,0.841688654353562,0.8179419525065963,0.8593990975038557,0.3870967741935484,0.36585365853658536,0.34146341463414637,6.812495400001353,42,287148bfd01ac67b5192268c6c69cc4cc230c004bdfdf332285f38a3b43b08dd,c175815089a491399700d9c586c067665dd8b48251196512f77a0b7e2732d91c,34060e20ca6ca6de13d114a5b1b14cf4e1fd9ffccc3f7ec4453bb00d8b5646f1,e8848e297e7688a8f395091add87a645559016eb999d4d17788bf03161990e1e
P1_a07,4,0;1;7;10,I;II;V2;V5,936,0.9153534907673067,0.6985507246376812,0.7843137254901961,0.6974644526273895,0.7044143434773462,binary;multiclass,0.9317331551822867,0.6491803278688525,0.7615384615384615,0.6,0.9654982363315696,0.898876404494382,0.8888888888888888,0.9055555555555556,0.9097590692921432,0.6687306501547987,0.6545454545454545,0.6121212121212121,0.954766156804972,0.8653061224489796,0.8390501319261213,0.8021108179419525,0.8611840977894556,0.40522875816993464,0.3780487804878049,0.36585365853658536,6.772219399997994,42,287148bfd01ac67b5192268c6c69cc4cc230c004bdfdf332285f38a3b43b08dd,c175815089a491399700d9c586c067665dd8b48251196512f77a0b7e2732d91c,34060e20ca6ca6de13d114a5b1b14cf4e1fd9ffccc3f7ec4453bb00d8b5646f1,74f4960a345ab9fae8cf4b65a42f8dc46521e9e09138b4850bf82a45705b3669
P1_a07,4,0;1;7;11,I;II;V2;V6,936,0.9154123445891268,0.6956521739130435,0.7893258426966292,0.6929691957542545,0.7028801242161175,binary;multiclass,0.9349207864096203,0.6560509554140127,0.7923076923076923,0.6076923076923076,0.967203115814227,0.898876404494382,0.8888888888888888,0.9055555555555556,0.9061352827889793,0.6749226006191951,0.6606060606060606,0.6,0.954931952648707,0.8665749656121046,0.8311345646437994,0.8073878627968337,0.8646541383446621,0.3684210526315789,0.34146341463414637,0.34146341463414637,6.749036700002762,42,287148bfd01ac67b5192268c6c69cc4cc230c004bdfdf332285f38a3b43b08dd,c175815089a491399700d9c586c067665dd8b48251196512f77a0b7e2732d91c,34060e20ca6ca6de13d114a5b1b14cf4e1fd9ffccc3f7ec4453bb00d8b5646f1,3a800f25317dac13c6fa968140ee331731560ca2fae2f918281090a9bb0ab428
P1_a07,4,0;1;8;9,I;II;V3;V4,936,0.9134799774393684,0.6811594202898551,0.7865168539325843,0.6916473916978025,0.6982604973235002,binary;multiclass,0.9292899408284022,0.625,0.7307692307692307,0.5461538461538461,0.9636022927689594,0.8938547486033519,0.8888888888888888,0.9,0.9098927013323901,0.6728971962616822,0.6545454545454545,0.6060606060606061,0.9531460945604753,0.8664850136239782,0.8390501319261213,0.8126649076517151,0.8606842977094876,0.4,0.3780487804878049,0.32926829268292684,6.6466906999994535,42,287148bfd01ac67b5192268c6c69cc4cc230c004bdfdf332285f38a3b43b08dd,c175815089a491399700d9c586c067665dd8b48251196512f77a0b7e2732d91c,34060e20ca6ca6de13d114a5b1b14cf4e1fd9ffccc3f7ec4453bb00d8b5646f1,503c16323aea1743f8d4390d07fd157c78a9a815430fb04503fe85ec142e7332
P1_a07,4,0;1;8;10,I;II;V3;V5,936,0.9142107457269673,0.6753623188405797,0.7938288920056101,0.6861938522515829,0.6948929062514235,binary;multiclass,0.930692880320672,0.6295081967213115,0.7384615384615385,0.5769230769230769,0.964998530276308,0.8888888888888888,0.8888888888888888,0.9,0.9103564831191291,0.6645962732919255,0.6484848484848484,0.593939393939394,0.9533308385006372,0.8555708390646493,0.820580474934037,0.7704485488126649,0.8642828582852573,0.3924050632911392,0.3780487804878049,0.3780487804878049,6.596406200002093,42,287148bfd01ac67b5192268c6c69cc4cc230c004bdfdf332285f38a3b43b08dd,c175815089a491399700d9c586c067665dd8b48251196512f77a0b7e2732d91c,34060e20ca6ca6de13d114a5b1b14cf4e1fd9ffccc3f7ec4453bb00d8b5646f1,6937262d91b6f4a393659528b9c4b4788b80483bee0892891b411f43f27c5701
P1_a07,4,0;1;8;11,I;II;V3;V6,936,0.9135927805978568,0.6782608695652174,0.7915492957746478,0.6773957046174938,0.685664513175936,binary;multiclass,0.9319240313036838,0.6193548387096774,0.7384615384615385,0.6076923076923076,0.9661008230452675,0.8938547486033519,0.8888888888888888,0.9,0.9072279212357034,0.6625386996904025,0.6484848484848484,0.5696969696969697,0.9535108454166924,0.8559670781893004,0.8232189973614775,0.7757255936675461,0.8664534186325469,0.35526315789473684,0.32926829268292684,0.3048780487804878,6.5731895999997505,42,287148bfd01ac67b5192268c6c69cc4cc230c004bdfdf332285f38a3b43b08dd,c175815089a491399700d9c586c067665dd8b48251196512f77a0b7e2732d91c,34060e20ca6ca6de13d114a5b1b14cf4e1fd9ffccc3f7ec4453bb00d8b5646f1,a324bf70d228e3018d3ebe1e4374664a7899d29b57151afce29c0ecb815a0258
P1_a07,4,0;1;9;10,I;II;V4;V5,936,0.9149709409254765,0.6869565217391305,0.788135593220339,0.6917416418703312,0.6989540981503141,binary;multiclass,0.9279156327543425,0.6402640264026402,0.7461538461538462,0.5615384615384615,0.963778659611993,0.8944444444444445,0.8944444444444445,0.9,0.9118578783948433,0.6708074534161491,0.6545454545454545,0.5818181818181818,0.9511281222910143,0.8610354223433242,0.8337730870712401,0.7862796833773087,0.8569286571085851,0.39215686274509803,0.36585365853658536,0.34146341463414637,6.580177100000583,42,287148bfd01ac67b5192268c6c69cc4cc230c004bdfdf332285f38a3b43b08dd,c175815089a491399700d9c586c067665dd8b48251196512f77a0b7e2732d91c,34060e20ca6ca6de13d114a5b1b14cf4e1fd9ffccc3f7ec4453bb00d8b5646f1,b8a7d88885481129612a396222dc52d2d96d06b0bef446f77f244ddbc8d8e4c4
P1_a07,4,0;1;9;11,I;II;V4;V6,936,0.914558964172736,0.6840579710144927,0.7893258426966292,0.6915641382236406,0.6996532968429486,binary;multiclass,0.9300248138957816,0.6445182724252492,0.7461538461538462,0.5923076923076923,0.9643371546149324,0.8969359331476323,0.8944444444444445,0.9055555555555556,0.9105372794088747,0.6645962732919255,0.6484848484848484,0.5757575757575758,0.9528571360899656,0.8618331053351573,0.8311345646437994,0.7968337730870713,0.860441537670646,0.389937106918239,0.3780487804878049,0.3048780487804878,6.576741900000343,42,287148bfd01ac67b5192268c6c69cc4cc230c004bdfdf332285f38a3b43b08dd,c175815089a491399700d9c586c067665dd8b48251196512f77a0b7e2732d91c,34060e20ca6ca6de13d114a5b1b14cf4e1fd9ffccc3f7ec4453bb00d8b5646f1,bf6dc0a37d44f4db68d12d168e803862505dd68b0020307bc3c34c5077c681f4
P1_a07,4,0;1;10;11,I;II;V5;V6,936,0.9147110032124378,0.6985507246376812,0.7865168539325843,0.6776122295784365,0.6860373715422303,binary;multiclass,0.9292899408284023,0.6312292358803987,0.7307692307692307,0.5538461538461539,0.9639256319811875,0.8864265927977839,0.8888888888888888,0.9055555555555556,0.9079746885194356,0.6604938271604939,0.6484848484848484,0.6060606060606061,0.9505549423741017,0.8532235939643347,0.820580474934037,0.7889182058047494,0.8653395784543325,0.35668789808917195,0.34146341463414637,0.3048780487804878,6.58465409999917,42,287148bfd01ac67b5192268c6c69cc4cc230c004bdfdf332285f38a3b43b08dd,c175815089a491399700d9c586c067665dd8b48251196512f77a0b7e2732d91c,34060e20ca6ca6de13d114a5b1b14cf4e1fd9ffccc3f7ec4453bb00d8b5646f1,2f2b904e26dbdcdcbabc1297266f3e2624292e9a72715a620f57dee82fb53957
P1_a07,4,0;2;3;4,I;III;aVR;aVL,936,0.9139115721327153,0.6956521739130435,0.7855153203342619,0.6908374688034622,0.6978697812902073,binary;multiclass,0.9287459438824203,0.6490066225165563,0.7538461538461538,0.5538461538461539,0.9665049970605526,0.8833333333333333,0.8833333333333333,0.9,0.8993121880281413,0.6827794561933535,0.6848484848484848,0.6424242424242425,0.9508486378687182,0.8528610354223434,0.8258575197889182,0.8232189973614775,0.8729508196721312,0.38620689655172413,0.34146341463414637,0.4024390243902439,6.605837499999325,42,287148bfd01ac67b5192268c6c69cc4cc230c004bdfdf332285f38a3b43b08dd,c175815089a491399700d9c586c067665dd8b48251196512f77a0b7e2732d91c,34060e20ca6ca6de13d114a5b1b14cf4e1fd9ffccc3f7ec4453bb00d8b5646f1,87b8d1b904125003cc8e801519ac5a150e9bfb76a703c4a0b3317ed7182114ff
P1_a07,4,0;2;3;5,I;III;aVR;aVF,936,0.9144216385884891,0.6956521739130435,0.7839335180055401,0.6873719079427794,0.6939517292455062,binary;multiclass,0.928564611567093,0.64,0.7384615384615385,0.5461538461538461,0.9663947677836567,0.8808864265927978,0.8833333333333333,0.9055555555555556,0.8988326848249028,0.6788990825688074,0.6727272727272727,0.6484848484848484,0.9519381534132627,0.8586956521739131,0.8337730870712401,0.8100263852242744,0.8713086194093791,0.3783783783783784,0.34146341463414637,0.4268292682926829,6.575852699999814,42,287148bfd01ac67b5192268c6c69cc4cc230c004bdfdf332285f38a3b43b08dd,c175815089a491399700d9c586c067665dd8b48251196512f77a0b7e2732d91c,34060e20ca6ca6de13d114a5b1b14cf4e1fd9ffccc3f7ec4453bb00d8b5646f1,b922d081470db8e9230ce663d87c1249b9342034da28a28d0d3df518e7721c47
P1_a07,4,0;2;3;6,I;III;aVR;V1,936,0.9136074940533117,0.672463768115942,0.7883008356545961,0.6914696603342031,0.7014885347757475,binary;multiclass,0.9310650887573966,0.6470588235294118,0.7615384615384615,0.5846153846153846,0.9686728395061728,0.8870523415977961,0.8944444444444445,0.9,0.9036119954407893,0.672782874617737,0.6666666666666666,0.6,0.9584515615599968,0.8713692946058091,0.8311345646437994,0.8153034300791556,0.8670531787285086,0.3790849673202614,0.35365853658536583,0.35365853658536583,6.663512499999342,42,287148bfd01ac67b5192268c6c69cc4cc230c004bdfdf332285f38a3b43b08dd,c175815089a491399700d9c586c067665dd8b48251196512f77a0b7e2732d91c,34060e20ca6ca6de13d114a5b1b14cf4e1fd9ffccc3f7ec4453bb00d8b5646f1,dd23e40fbfb5bfc3fdd88f67ead4cfb6592dbabf2f069045d083fc007b3ceccf
P1_a07,4,0;2;3;7,I;III;aVR;V2,936,0.9131366634787513,0.6666666666666666,0.7819971870604782,0.6954210210948458,0.7036704928667088,binary;multiclass,0.932048100782592,0.6535947712418301,0.7692307692307693,0.6,0.9675117577895357,0.8913649025069638,0.8888888888888888,0.9,0.9017175647525844,0.6728395061728395,0.6606060606060606,0.5818181818181818,0.9555193436379398,0.8645690834473324,0.8337730870712401,0.8126649076517151,0.8635402981664477,0.39473684210526316,0.36585365853658536,0.3780487804878049,6.684028299998317,42,287148bfd01ac67b5192268c6c69cc4cc230c004bdfdf332285f38a3b43b08dd,c175815089a491399700d9c586c067665dd8b48251196512f77a0b7e2732d91c,34060e20ca6ca6de13d114a5b1b14cf4e1fd9ffccc3f7ec4453bb00d8b5646f1,f43c2061bced60d961b0af30538fcf9f65db7541d5c245405dd51ab5aeb77cac
P1_a07,4,0;2;3;8,I;III;aVR;V3,936,0.9119203511611369,0.6753623188405797,0.7916083916083916,0.6869499212015026,0.695577628998055,binary;multiclass,0.9286982248520711,0.6312292358803987,0.7307692307692307,0.5846153846153846,0.9656966490299824,0.8864265927977839,0.8888888888888888,0.9,0.9064497111189718,0.6888217522658611,0.6909090909090909,0.5818181818181818,0.9532550461149296,0.8622589531680441,0.8258575197889182,0.7968337730870713,0.8622693779631004,0.3660130718954248,0.34146341463414637,0.34146341463414637,6.6114331999997376,42,287148bfd01ac67b5192268c6c69cc4cc230c004bdfdf332285f38a3b43b08dd,c175815089a491399700d9c586c067665dd8b48251196512f77a0b7e2732d91c,34060e20ca6ca6de13d114a5b1b14cf4e1fd9ffccc3f7ec4453bb00d8b5646f1,171bc7ed9e2ce4846b6f29666d82213b892fb077702ec4a30f7ebb4204efd552
P1_a07,4,0;2;3;9,I;III;aVR;V4,936,0.9139164766178671,0.6869565217391305,0.7821229050279329,0.6974572910852903,0.7051770143178857,binary;multiclass,0.9277820194693643,0.6397306397306397,0.7307692307692307,0.5461538461538461,0.9631687242798356,0.8913649025069638,0.8888888888888888,0.9,0.9095861337106474,0.6869300911854104,0.6848484848484848,0.5696969696969697,0.9510286447847733,0.8641975308641975,0.8311345646437994,0.8073878627968337,0.8555434968869595,0.4050632911392405,0.3902439024390244,0.3170731707317073,6.595404399999097,42,287148bfd01ac67b5192268c6c69cc4cc230c004bdfdf332285f38a3b43b08dd,c175815089a491399700d9c586c067665dd8b48251196512f77a0b7e2732d91c,34060e20ca6ca6de13d114a5b1b14cf4e1fd9ffccc3f7ec4453bb00d8b5646f1,a4994d2f8152fde97c6f1da91568bce1c2f0ff57f4a406e53b478f0501547296
P1_a07,4,0;2;3;10,I;III;aVR;V5,936,0.9141911277863606,0.6927536231884058,0.7833333333333333,0.6883065571369111,0.6980182134902516,binary;multiclass,0.9277724756632946,0.6333333333333333,0.7307692307692307,0.5230769230769231,0.9644326866549088,0.8913649025069638,0.8888888888888888,0.9055555555555556,0.9068899107809614,0.6606060606060606,0.6606060606060606,0.5818181818181818,0.9497449112518532,0.8488210818307905,0.8073878627968337,0.7915567282321899,0.8671959787513566,0.4074074074074074,0.4024390243902439,0.36585365853658536,6.588208299999678,42,287148bfd01ac67b5192268c6c69cc4cc230c004bdfdf332285f38a3b43b08dd,c175815089a491399700d9c586c067665dd8b48251196512f77a0b7e2732d91c,34060e20ca6ca6de13d114a5b1b14cf4e1fd9ffccc3f7ec4453bb00d8b5646f1,4db52bc598376ae1c52098c927594ea5f09b19edbbb9b26de103c7641e11d909
P1_a07,4,0;2;3;11,I;III;aVR;V6,936,0.9130925231123863,0.6782608695652174,0.7944055944055944,0.676283369100777,0.6839228213563755,binary;multiclass,0.9291563275434245,0.6237942122186495,0.7461538461538462,0.5538461538461539,0.9661228689006467,0.8913649025069638,0.8888888888888888,0.9,0.9007035333883583,0.6542056074766355,0.6363636363636364,0.5757575757575758,0.9492427866965415,0.8583106267029973,0.8311345646437994,0.7889182058047494,0.8709658993545439,0.35374149659863946,0.3170731707317073,0.32926829268292684,6.593909499999427,42,287148bfd01ac67b5192268c6c69cc4cc230c004bdfdf332285f38a3b43b08dd,c175815089a491399700d9c586c067665dd8b48251196512f77a0b7e2732d91c,34060e20ca6ca6de13d114a5b1b14cf4e1fd9ffccc3f7ec4453bb00d8b5646f1,950faf38e97ba984d9746ecb1b48f5b6748a8f2723594b0ad913a4c5f698c56c
P1_a07,4,0;2;4;5,I;III;aVL;aVF,936,0.9144461610142475,0.6869565217391305,0.7922437673130194,0.6884674109405852,0.6970695724965627,binary;multiclass,0.9288509257491887,0.6363636363636364,0.7538461538461538,0.5769230769230769,0.9674162257495591,0.8864265927977839,0.8888888888888888,0.9,0.9006445780764847,0.6807228915662651,0.6848484848484848,0.6303030303030303,0.9512370738454687,0.8638239339752407,0.8284960422163589,0.8126649076517151,0.8703946992631518,0.375,0.32926829268292684,0.36585365853658536,6.602372599998489,42,287148bfd01ac67b5192268c6c69cc4cc230c004bdfdf332285f38a3b43b08dd,c175815089a491399700d9c586c067665dd8b48251196512f77a0b7e2732d91c,34060e20ca6ca6de13d114a5b1b14cf4e1fd9ffccc3f7ec4453bb00d8b5646f1,4b5dd7e512f59fef01b9990450f9bbf2e52484dc3bc98300083c2c3477b0057e
P1_a07,4,0;2;4;6,I;III;aVL;V1,936,0.9136271119939184,0.6869565217391305,0.7872044506258693,0.6875954190125182,0.6974424308628568,binary;multiclass,0.9292422217980532,0.6402640264026402,0.7461538461538462,0.5692307692307692,0.9675338036449148,0.8864265927977839,0.8888888888888888,0.9,0.9027001532838109,0.6746268656716418,0.6848484848484848,0.6,0.9592994888750989,0.8682385575589459,0.8258575197889182,0.820580474934037,0.8608984977437596,0.3684210526315789,0.34146341463414637,0.34146341463414637,6.5914222999999765,42,287148bfd01ac67b5192268c6c69cc4cc230c004bdfdf332285f38a3b43b08dd,c175815089a491399700d9c586c067665dd8b48251196512f77a0b7e2732d91c,34060e20ca6ca6de13d114a5b1b14cf4e1fd9ffccc3f7ec4453bb00d8b5646f1,ac0b83b04ef48cc84df57f0337520672c2b1e70191c39db0cf1aa3ef58945ca2
P1_a07,4,0;2;4;7,I;III;aVL;V2,936,0.9125873611417642,0.6434782608695652,0.7909604519774012,0.6885879004613683,0.697268764513761,binary;multiclass,0.9321721702615002,0.6470588235294118,0.7615384615384615,0.5615384615384615,0.9676587301587302,0.8938547486033519,0.8888888888888888,0.9,0.9014896042133396,0.6584615384615384,0.6484848484848484,0.5757575757575758,0.9561777899887732,0.8669410150891632,0.8337730870712401,0.8179419525065963,0.8639401382304221,0.37662337662337664,0.35365853658536583,0.36585365853658536,6.5975108000020555,42,287148bfd01ac67b5192268c6c69cc4cc230c004bdfdf332285f38a3b43b08dd,c175815089a491399700d9c586c067665dd8b48251196512f77a0b7e2732d91c,34060e20ca6ca6de13d114a5b1b14cf4e1fd9ffccc3f7ec4453bb00d8b5646f1,d4031993b9a2378bcc611316dedc9d8cdcd5c766229614dcab5e7fd16634489d
P1_a07,4,0;2;4;8,I;III;aVL;V3,936,0.9126707373893426,0.6695652173913044,0.7944055944055944,0.6930311052002852,0.7022126615974353,binary;multiclass,0.9315995418973086,0.6516129032258065,0.7769230769230769,0.5615384615384615,0.9664902998236332,0.8913649025069638,0.8888888888888888,0.9,0.9057265259599891,0.6869300911854104,0.6848484848484848,0.5878787878787879,0.95296608764442,0.8653846153846154,0.8311345646437994,0.8021108179419525,0.8628976980636317,0.3698630136986301,0.32926829268292684,0.35365853658536583,6.5959412999982305,42,287148bfd01ac67b5192268c6c69cc4cc230c004bdfdf332285f38a3b43b08dd,c175815089a491399700d9c586c067665dd8b48251196512f77a0b7e2732d91c,34060e20ca6ca6de13d114a5b1b14cf4e1fd9ffccc3f7ec4453bb00d8b5646f1,aa861f2d72713dd7328511b787725c1320fbc1e5e426c49736a95a82f02af699
P1_a07,4,0;2;4;9,I;III;aVL;V4,936,0.913798768974227,0.6956521739130435,0.7893258426966292,0.6881389698770272,0.6966717860012152,binary;multiclass,0.927056690208055,0.6381578947368421,0.7461538461538462,0.5923076923076923,0.9633597883597883,0.8919667590027701,0.8944444444444445,0.9055555555555556,0.909216680422906,0.6749226006191951,0.6606060606060606,0.593939393939394,0.9505975755910621,0.8614540466392319,0.8284960422163589,0.7941952506596306,0.8527874564459931,0.3741935483870968,0.35365853658536583,0.34146341463414637,6.586048799999844,42,287148bfd01ac67b5192268c6c69cc4cc230c004bdfdf332285f38a3b43b08dd,c175815089a491399700d9c586c067665dd8b48251196512f77a0b7e2732d91c,34060e20ca6ca6de13d114a5b1b14cf4e1fd9ffccc3f7ec4453bb00d8b5646f1,3c296b333823b6857ec5a449c180f4dff9931cccfdb8df3cb6ba7a3a386c4d74
P1_a07,4,0;2;4;10,I;III;aVL;V5,936,0.914750239093651,0.6898550724637681,0.7855153203342619,0.693563446953231,0.7013115887123224,binary;multiclass,0.9273334605840811,0.6312292358803987,0.7307692307692307,0.5538461538461539,0.9648736037624926,0.8938547486033519,0.8888888888888888,0.9055555555555556,0.9074716031914476,0.6846846846846847,0.6909090909090909,0.5757575757575758,0.9492001534795812,0.8528198074277854,0.8179419525065963,0.7941952506596306,0.8682098589135775,0.40522875816993464,0.3780487804878049,0.35365853658536583,6.585316000000603,42,287148bfd01ac67b5192268c6c69cc4cc230c004bdfdf332285f38a3b43b08dd,c175815089a491399700d9c586c067665dd8b48251196512f77a0b7e2732d91c,34060e20ca6ca6de13d114a5b1b14cf4e1fd9ffccc3f7ec4453bb00d8b5646f1,55656a51c3782831d08ab0e8bd4943932318675a94c259405e4446ac47676600
P1_a07,4,0;2;4;11,I;III;aVL;V6,936,0.9132494666372397,0.6898550724637681,0.7972027972027972,0.6789532865000998,0.6861607876074701,binary;multiclass,0.9274193548387097,0.6217948717948718,0.7461538461538462,0.5307692307692308,0.9661081716637272,0.8938547486033519,0.8888888888888888,0.9,0.9007349762213575,0.6748466257668712,0.6666666666666666,0.6,0.9483569631885856,0.8614130434782609,0.8364116094986808,0.7810026385224275,0.867952818872451,0.34285714285714286,0.2926829268292683,0.36585365853658536,6.575052500000311,42,287148bfd01ac67b5192268c6c69cc4cc230c004bdfdf332285f38a3b43b08dd,c175815089a491399700d9c586c067665dd8b48251196512f77a0b7e2732d91c,34060e20ca6ca6de13d114a5b1b14cf4e1fd9ffccc3f7ec4453bb00d8b5646f1,fae3ce658d61a48a2618ff2a0ad95fe9bc4ec5e9a277d686f68fded38201dcdb
P1_a07,4,0;2;5;6,I;III;aVF;V1,936,0.9141126560239339,0.6666666666666666,0.7899860917941586,0.6936673391716283,0.7029882482820251,binary;multiclass,0.9314086657759114,0.6468646864686468,0.7538461538461538,0.5846153846153846,0.9677395649617871,0.8815426997245179,0.8888888888888888,0.9,0.9037534881892859,0.688622754491018,0.696969696969697,0.6060606060606061,0.9595031809116876,0.8729281767955801,0.8337730870712401,0.8364116094986808,0.865953618552579,0.3783783783783784,0.34146341463414637,0.3170731707317073,6.575212300002022,42,287148bfd01ac67b5192268c6c69cc4cc230c004bdfdf332285f38a3b43b08dd,c175815089a491399700d9c586c067665dd8b48251196512f77a0b7e2732d91c,34060e20ca6ca6de13d114a5b1b14cf4e1fd9ffccc3f7ec4453bb00d8b5646f1,7031c27e5f2e749e8fad5e911e57a2784e2307f1c78b300924659c06ebd9aa12
P1_a07,4,0;2;5;7,I;III;aVF;V2,936,0.913112141052993,0.6405797101449275,0.7843137254901961,0.6893700617710339,0.697268764513761,binary;multiclass,0.9328306928803206,0.6428571428571429,0.7615384615384615,0.5923076923076923,0.9674603174603174,0.898876404494382,0.8888888888888888,0.9,0.9015131863380891,0.656441717791411,0.6484848484848484,0.5818181818181818,0.9568362363396068,0.8645690834473324,0.8337730870712401,0.8126649076517151,0.8650825384132061,0.3841059602649007,0.35365853658536583,0.3780487804878049,6.593551600002684,42,287148bfd01ac67b5192268c6c69cc4cc230c004bdfdf332285f38a3b43b08dd,c175815089a491399700d9c586c067665dd8b48251196512f77a0b7e2732d91c,34060e20ca6ca6de13d114a5b1b14cf4e1fd9ffccc3f7ec4453bb00d8b5646f1,1b83fd473d3f2120e6cebe5c8d5c1b952c86e3740580b878bbc20973dc620608
P1_a07,4,0;2;5;8,I;III;aVF;V3,936,0.9130925231123862,0.663768115942029,0.7894736842105263,0.688239259816639,0.6952494225497636,binary;multiclass,0.9295476235922885,0.6333333333333333,0.7307692307692307,0.5384615384615384,0.9660126396237507,0.8913649025069638,0.8888888888888888,0.9,0.907117871320206,0.6951219512195121,0.6909090909090909,0.593939393939394,0.9536861153086409,0.8637602179836512,0.8364116094986808,0.7941952506596306,0.8618124178899869,0.3576158940397351,0.32926829268292684,0.35365853658536583,6.583450100002665,42,287148bfd01ac67b5192268c6c69cc4cc230c004bdfdf332285f38a3b43b08dd,c175815089a491399700d9c586c067665dd8b48251196512f77a0b7e2732d91c,34060e20ca6ca6de13d114a5b1b14cf4e1fd9ffccc3f7ec4453bb00d8b5646f1,9781329812a217f9d64b80fbf9b77ab166dcb9f178fd62e6db85bb0800ecfc3d
P1_a07,4,0;2;5;9,I;III;aVF;V4,936,0.9145982000539494,0.7043478260869566,0.7859154929577464,0.6842793545373216,0.6921721934528422,binary;multiclass,0.9274766176751289,0.6287625418060201,0.7230769230769231,0.5692307692307692,0.9632569077013522,0.8913649025069638,0.8888888888888888,0.9055555555555556,0.9098219549581418,0.6728971962616822,0.6545454545454545,0.5878787878787879,0.9509670634713859,0.8602739726027397,0.8284960422163589,0.8047493403693932,0.8535871365739418,0.36809815950920244,0.36585365853658536,0.34146341463414637,6.5903948999985005,42,287148bfd01ac67b5192268c6c69cc4cc230c004bdfdf332285f38a3b43b08dd,c175815089a491399700d9c586c067665dd8b48251196512f77a0b7e2732d91c,34060e20ca6ca6de13d114a5b1b14cf4e1fd9ffccc3f7ec4453bb00d8b5646f1,d1196536a0cdb7c894407c546bd6192eff81d510d5a11687fc38a9fd14716d68
P1_a07,4,0;2;5;10,I;III;aVF;V5,936,0.9147502390936512,0.6927536231884058,0.7821229050279329,0.6801804666710536,0.6879952094869399,binary;multiclass,0.9285646115670929,0.6158940397350994,0.7153846153846154,0.5538461538461539,0.9643445032333922,0.8913649025069638,0.8888888888888888,0.9055555555555556,0.906905632197461,0.6625766871165644,0.6545454545454545,0.5878787878787879,0.9499296551920152,0.8489010989010989,0.8153034300791556,0.7862796833773087,0.8679385388701663,0.3821656050955414,0.36585365853658536,0.35365853658536583,6.5882316999995965,42,287148bfd01ac67b5192268c6c69cc4cc230c004bdfdf332285f38a3b43b08dd,c175815089a491399700d9c586c067665dd8b48251196512f77a0b7e2732d91c,34060e20ca6ca6de13d114a5b1b14cf4e1fd9ffccc3f7ec4453bb00d8b5646f1,14470d3fb940d7ad871321e42e2233dcd4c63655fd241b8bd09f093463ee261e
P1_a07,4,0;2;5;11,I;III;aVF;V6,936,0.9136173030236151,0.6840579710144927,0.7898448519040903,0.6749481455033969,0.6824705879529227,binary;multiclass,0.9284978049246039,0.6213592233009708,0.7384615384615385,0.5384615384615384,0.9659758965314522,0.888268156424581,0.8833333333333333,0.9,0.9010572652596,0.6666666666666666,0.6545454545454545,0.6121212121212121,0.9494133195643834,0.8583106267029973,0.8311345646437994,0.7862796833773087,0.8687239389958303,0.3401360544217687,0.3048780487804878,0.32926829268292684,6.58132409999962,42,287148bfd01ac67b5192268c6c69cc4cc230c004bdfdf332285f38a3b43b08dd,c175815089a491399700d9c586c067665dd8b48251196512f77a0b7e2732d91c,34060e20ca6ca6de13d114a5b1b14cf4e1fd9ffccc3f7ec4453bb00d8b5646f1,b2c3bf9063f839422096905c0096d2f0802a8e1ef644713fda49e3ba90336595
P1_a07,4,0;2;6;7,I;III;V1;V2,936,0.9140881335981754,0.6840579710144927,0.7858156028368795,0.6896303017660411,0.6986693340409795,binary;multiclass,0.9310173697270472,0.6423841059602649,0.7461538461538462,0.5615384615384615,0.967195767195767,0.8888888888888888,0.8888888888888888,0.9055555555555556,0.9022913964548205,0.6706586826347305,0.6787878787878788,0.6121212121212121,0.9582715546439415,0.8646408839779005,0.8258575197889182,0.8258575197889182,0.864168618266979,0.3815789473684211,0.35365853658536583,0.35365853658536583,6.584401700001763,42,287148bfd01ac67b5192268c6c69cc4cc230c004bdfdf332285f38a3b43b08dd,c175815089a491399700d9c586c067665dd8b48251196512f77a0b7e2732d91c,34060e20ca6ca6de13d114a5b1b14cf4e1fd9ffccc3f7ec4453bb00d8b5646f1,38a26b9dbf3e0050f11890da80d3e89e20cdc5dc348a9826284260403f7fd3fe
P1_a07,4,0;2;6;8,I;III;V1;V3,936,0.9135682581720984,0.6579710144927536,0.7888111888111888,0.6894134363714151,0.6982272016476276,binary;multiclass,0.9308742126359992,0.6295081967213115,0.7384615384615385,0.5769230769230769,0.9653292181069959,0.8944444444444445,0.8944444444444445,0.9,0.9076681208976928,0.6826347305389222,0.6909090909090909,0.5757575757575758,0.9552588073120705,0.8646408839779005,0.8258575197889182,0.8179419525065963,0.8650396984063519,0.37583892617449666,0.34146341463414637,0.35365853658536583,6.584790199998679,42,287148bfd01ac67b5192268c6c69cc4cc230c004bdfdf332285f38a3b43b08dd,c175815089a491399700d9c586c067665dd8b48251196512f77a0b7e2732d91c,34060e20ca6ca6de13d114a5b1b14cf4e1fd9ffccc3f7ec4453bb00d8b5646f1,b856ed3447216e5423f732df87864fd94f6b7fb10f46343624bf779f38c3141c
P1_a07,4,0;2;6;9,I;III;V1;V4,936,0.9158439392824739,0.6782608695652174,0.7943661971830986,0.6895688371140293,0.6989264003402622,binary;multiclass,0.9299580072532927,0.6336633663366337,0.7384615384615385,0.5538461538461539,0.9639697236919459,0.8994413407821229,0.8944444444444445,0.9055555555555556,0.9120386746845892,0.6786786786786787,0.6848484848484848,0.5636363636363636,0.956030942241465,0.8642659279778393,0.8232189973614775,0.8153034300791556,0.8579710972753757,0.3717948717948718,0.35365853658536583,0.3048780487804878,6.573946099997556,42,287148bfd01ac67b5192268c6c69cc4cc230c004bdfdf332285f38a3b43b08dd,c175815089a491399700d9c586c067665dd8b48251196512f77a0b7e2732d91c,34060e20ca6ca6de13d114a5b1b14cf4e1fd9ffccc3f7ec4453bb00d8b5646f1,81f74f1a36de10cf89e20049ef5285fade60af5986a550f2c1e6b89b8567616a
P1_a07,4,0;2;6;10,I;III;V1;V5,936,0.9159175065597489,0.6927536231884058,0.7799442896935933,0.6811189672700885,0.6903972059574093,binary;multiclass,0.9296812368772667,0.6233766233766234,0.7384615384615385,0.5461538461538461,0.9656452087007643,0.8969359331476323,0.8944444444444445,0.9055555555555556,0.9108045434893685,0.676737160120846,0.6787878787878788,0.5878787878787879,0.9567035996646187,0.861878453038674,0.8232189973614775,0.8284960422163589,0.8631404581024733,0.3466666666666667,0.3170731707317073,0.32926829268292684,6.585315300002549,42,287148bfd01ac67b5192268c6c69cc4cc230c004bdfdf332285f38a3b43b08dd,c175815089a491399700d9c586c067665dd8b48251196512f77a0b7e2732d91c,34060e20ca6ca6de13d114a5b1b14cf4e1fd9ffccc3f7ec4453bb00d8b5646f1,adb87277dc2a432a3cf8beb4e121e394f7c4314c0999b53c3d9c3167e09e5551
P1_a07,4,0;2;6;11,I;III;V1;V6,936,0.9141862233012089,0.6782608695652174,0.786013986013986,0.6899415916359484,0.7000307035064741,binary;multiclass,0.9325062034739454,0.6493506493506493,0.7692307692307693,0.5384615384615384,0.9670708406819517,0.8994413407821229,0.8944444444444445,0.9055555555555556,0.9060173721652323,0.6785714285714286,0.6909090909090909,0.6060606060606061,0.9578878556912978,0.8686030428769018,0.8284960422163589,0.8337730870712401,0.8663391786142686,0.35374149659863946,0.3170731707317073,0.35365853658536583,6.586249700001645,42,287148bfd01ac67b5192268c6c69cc4cc230c004bdfdf332285f38a3b43b08dd,c175815089a491399700d9c586c067665dd8b48251196512f77a0b7e2732d91c,34060e20ca6ca6de13d114a5b1b14cf4e1fd9ffccc3f7ec4453bb00d8b5646f1,7e39dca77bd3e56a4c0cb4e59b06904aba6296ac7e65723712d80cf5a9be362f
P1_a07,4,0;2;7;8,I;III;V2;V3,936,0.912499080409034,0.6608695652173913,0.7888888888888889,0.6956905104548988,0.7051643024871674,binary;multiclass,0.9318953998854743,0.6559485530546624,0.7846153846153846,0.5846153846153846,0.9664535567313345,0.8938547486033519,0.8888888888888888,0.9,0.9041858271430256,0.6728395061728395,0.6606060606060606,0.6181818181818182,0.9547756308531853,0.8610729023383769,0.8258575197889182,0.8047493403693932,0.8642257382761181,0.39473684210526316,0.36585365853658536,0.3902439024390244,6.594530800000939,42,287148bfd01ac67b5192268c6c69cc4cc230c004bdfdf332285f38a3b43b08dd,c175815089a491399700d9c586c067665dd8b48251196512f77a0b7e2732d91c,34060e20ca6ca6de13d114a5b1b14cf4e1fd9ffccc3f7ec4453bb00d8b5646f1,b874dff17780b94e9a3c466030b2f608e885ea0140674e2beec6f5b67a70cc6b
P1_a07,4,0;2;7;9,I;III;V2;V4,936,0.9152701145197284,0.6869565217391305,0.7888111888111888,0.6871083461365932,0.6943784236299841,binary;multiclass,0.9316997518610421,0.6357615894039735,0.7384615384615385,0.5846153846153846,0.9638447971781304,0.896358543417367,0.8888888888888888,0.9,0.9091930982981566,0.6748466257668712,0.6666666666666666,0.593939393939394,0.9553867069629517,0.8649386084583902,0.8364116094986808,0.8179419525065963,0.8578711372593819,0.36363636363636365,0.34146341463414637,0.36585365853658536,6.576954800002568,42,287148bfd01ac67b5192268c6c69cc4cc230c004bdfdf332285f38a3b43b08dd,c175815089a491399700d9c586c067665dd8b48251196512f77a0b7e2732d91c,34060e20ca6ca6de13d114a5b1b14cf4e1fd9ffccc3f7ec4453bb00d8b5646f1,fafc3d49fc99c486675769cb5519c305bd5266b99caf830ea012f49b1f75c00f
P1_a07,4,0;2;7;10,I;III;V2;V5,936,0.9156379509061038,0.6927536231884058,0.7883008356545961,0.6864155476063979,0.6930114562986691,binary;multiclass,0.9315231914487497,0.6291390728476821,0.7307692307692307,0.5769230769230769,0.9650867136978248,0.898876404494382,0.8888888888888888,0.9055555555555556,0.9069213536139606,0.6666666666666666,0.6606060606060606,0.5878787878787879,0.9547329976362249,0.8583106267029973,0.8311345646437994,0.8073878627968337,0.8626120980179356,0.3790849673202614,0.35365853658536583,0.35365853658536583,6.565783100002591,42,287148bfd01ac67b5192268c6c69cc4cc230c004bdfdf332285f38a3b43b08dd,c175815089a491399700d9c586c067665dd8b48251196512f77a0b7e2732d91c,34060e20ca6ca6de13d114a5b1b14cf4e1fd9ffccc3f7ec4453bb00d8b5646f1,983843164447721bb811abceff8c227c87891285a1dc8ba26e0f31101836cb38
P1_a07,4,0;2;7;11,I;III;V2;V6,936,0.9141322739645406,0.6840579710144927,0.7842031029619182,0.6832357429763285,0.6918482292817835,binary;multiclass,0.9336610040083986,0.6407766990291263,0.7615384615384615,0.5769230769230769,0.9666519694297472,0.896358543417367,0.8888888888888888,0.9055555555555556,0.9043194591832723,0.6728395061728395,0.6606060606060606,0.5878787878787879,0.9545482536960631,0.8618331053351573,0.8311345646437994,0.8126649076517151,0.8657108585137373,0.3443708609271523,0.3170731707317073,0.36585365853658536,6.565980200000922,42,287148bfd01ac67b5192268c6c69cc4cc230c004bdfdf332285f38a3b43b08dd,c175815089a491399700d9c586c067665dd8b48251196512f77a0b7e2732d91c,34060e20ca6ca6de13d114a5b1b14cf4e1fd9ffccc3f7ec4453bb00d8b5646f1,4e4fa779745db831940a5869016c799cf307d998d9378f8b391cff33a464eabd
P1_a07,4,0;2;8;9,I;III;V3;V4,936,0.9121655754187203,0.6695652173913044,0.7849162011173184,0.6848022379995757,0.6928100921395213,binary;multiclass,0.929862569192594,0.6233766233766234,0.7384615384615385,0.5538461538461539,0.9639035861258083,0.8913649025069638,0.8888888888888888,0.9,0.9071807569862045,0.6687306501547987,0.6545454545454545,0.593939393939394,0.9526344959569498,0.8614540466392319,0.8284960422163589,0.8021108179419525,0.8577568972411036,0.3790849673202614,0.35365853658536583,0.34146341463414637,6.5627824000002875,42,287148bfd01ac67b5192268c6c69cc4cc230c004bdfdf332285f38a3b43b08dd,c175815089a491399700d9c586c067665dd8b48251196512f77a0b7e2732d91c,34060e20ca6ca6de13d114a5b1b14cf4e1fd9ffccc3f7ec4453bb00d8b5646f1,a13f980f920285ebbd88198bac57d5c0235fa85b50aadf9f31c2fc854661acb9
P1_a07,4,0;2;8;10,I;III;V3;V5,936,0.9132200397263297,0.6695652173913044,0.7899159663865546,0.6865974215718553,0.695034836526567,binary;multiclass,0.9299102882229433,0.6213592233009708,0.7384615384615385,0.5692307692307692,0.9648295120517343,0.8938547486033519,0.8888888888888888,0.9055555555555556,0.9077388672719412,0.676923076923077,0.6666666666666666,0.5575757575757576,0.9530845132470879,0.8512396694214877,0.8153034300791556,0.783641160949868,0.8635545781687325,0.38961038961038963,0.36585365853658536,0.36585365853658536,6.565879400000995,42,287148bfd01ac67b5192268c6c69cc4cc230c004bdfdf332285f38a3b43b08dd,c175815089a491399700d9c586c067665dd8b48251196512f77a0b7e2732d91c,34060e20ca6ca6de13d114a5b1b14cf4e1fd9ffccc3f7ec4453bb00d8b5646f1,d0311512cc12456bce1146a00b385bc4b7432312e228744b36885d9738ad4a34
P1_a07,4,0;2;8;11,I;III;V3;V6,936,0.9117879300620418,0.6666666666666666,0.790436005625879,0.6790709370863923,0.6878726094750292,binary;multiclass,0.9310841763695362,0.6217948717948718,0.7461538461538462,0.5769230769230769,0.9657186948853616,0.8938547486033519,0.8888888888888888,0.9,0.9054435404629958,0.672782874617737,0.6666666666666666,0.5878787878787879,0.9527955547765784,0.8555708390646493,0.820580474934037,0.7941952506596306,0.8658964985434398,0.35135135135135137,0.3170731707317073,0.34146341463414637,6.577459899999667,42,287148bfd01ac67b5192268c6c69cc4cc230c004bdfdf332285f38a3b43b08dd,c175815089a491399700d9c586c067665dd8b48251196512f77a0b7e2732d91c,34060e20ca6ca6de13d114a5b1b14cf4e1fd9ffccc3f7ec4453bb00d8b5646f1,d8258e94b47a4638f96e7510b305a35c8e029e5dc28fcf02a025855baeadffa8
P1_a07,4,0;2;9;10,I;III;V4;V5,936,0.9140243752912038,0.6811594202898551,0.7838214783821479,0.6844092329106054,0.6911020025158644,binary;multiclass,0.9259686963160909,0.6245847176079734,0.7230769230769231,0.5384615384615384,0.9632789535567314,0.8938547486033519,0.8888888888888888,0.9055555555555556,0.9094682230869003,0.6707317073170732,0.6666666666666666,0.5636363636363636,0.9501854544937778,0.8512960436562074,0.8232189973614775,0.7889182058047494,0.8567144570743132,0.3815789473684211,0.35365853658536583,0.3780487804878049,6.579261399998359,42,287148bfd01ac67b5192268c6c69cc4cc230c004bdfdf332285f38a3b43b08dd,c175815089a491399700d9c586c067665dd8b48251196512f77a0b7e2732d91c,34060e20ca6ca6de13d114a5b1b14cf4e1fd9ffccc3f7ec4453bb00d8b5646f1,ccb33fa8cf886e2e86fae4ea77e4b7b7316373f35b9683df60d38f9edd8de320
P1_a07,4,0;2;9;11,I;III;V4;V6,936,0.9134407415581549,0.6811594202898551,0.7855153203342619,0.6825636810370241,0.6903562857832759,binary;multiclass,0.9277724756632946,0.6336633663366337,0.7384615384615385,0.5615384615384615,0.9636757789535568,0.8913649025069638,0.8888888888888888,0.9055555555555556,0.9094525016704005,0.668693009118541,0.6666666666666666,0.5454545454545454,0.9519428904373695,0.8590971272229823,0.8284960422163589,0.7968337730870713,0.8574855771976924,0.36,0.32926829268292684,0.34146341463414637,6.571641800001089,42,287148bfd01ac67b5192268c6c69cc4cc230c004bdfdf332285f38a3b43b08dd,c175815089a491399700d9c586c067665dd8b48251196512f77a0b7e2732d91c,34060e20ca6ca6de13d114a5b1b14cf4e1fd9ffccc3f7ec4453bb00d8b5646f1,0bf6f6e937bef38fe280d07a747ae06031d15a92046c68ad7a0f2d334df36779
P1_a07,4,0;2;10;11,I;III;V5;V6,936,0.9135339267760367,0.6898550724637681,0.7855153203342619,0.6742684778089715,0.6833209010208817,binary;multiclass,0.9272571101355221,0.6343042071197411,0.7538461538461538,0.5384615384615384,0.9645135214579659,0.8938547486033519,0.8888888888888888,0.9055555555555556,0.9056636402939905,0.6566265060240963,0.6606060606060606,0.6060606060606061,0.9497212261313198,0.8532235939643347,0.820580474934037,0.7889182058047494,0.8658964985434398,0.3333333333333333,0.2926829268292683,0.34146341463414637,6.572581500000524,42,287148bfd01ac67b5192268c6c69cc4cc230c004bdfdf332285f38a3b43b08dd,c175815089a491399700d9c586c067665dd8b48251196512f77a0b7e2732d91c,34060e20ca6ca6de13d114a5b1b14cf4e1fd9ffccc3f7ec4453bb00d8b5646f1,c3197d8cb5adb40071d67eeb92a7a0d963a395ad461087cfc77a82f5f65582fa
P1_a07,4,0;3;4;5,I;aVR;aVL;aVF,936,0.9142450771230289,0.7014492753623188,0.7899860917941586,0.6868484198572088,0.6948882704484738,binary;multiclass,0.9287077686581409,0.6511627906976745,0.7538461538461538,0.5384615384615384,0.9665564373897708,0.8808864265927978,0.8833333333333333,0.9,0.8996108949416343,0.688622754491018,0.696969696969697,0.6545454545454545,0.9516823541115002,0.8524590163934426,0.8232189973614775,0.8126649076517151,0.8727366196378591,0.3611111111111111,0.3170731707317073,0.3902439024390244,6.590110299999651,42,287148bfd01ac67b5192268c6c69cc4cc230c004bdfdf332285f38a3b43b08dd,c175815089a491399700d9c586c067665dd8b48251196512f77a0b7e2732d91c,34060e20ca6ca6de13d114a5b1b14cf4e1fd9ffccc3f7ec4453bb00d8b5646f1,ed283649cc6a29511579d4060560cfcbca0a7a7260e9143c08b9a3440272a502
P1_a07,4,0;3;4;6,I;aVR;aVL;V1,936,0.9138674317663502,0.672463768115942,0.791023842917251,0.6956672281980882,0.7049143501527825,binary;multiclass,0.9303206718839474,0.6511627906976745,0.7538461538461538,0.5538461538461539,0.9684303350970018,0.8791208791208791,0.8888888888888888,0.9,0.9030931886963016,0.6869300911854104,0.6848484848484848,0.593939393939394,0.9577599560404164,0.8689655172413793,0.8311345646437994,0.820580474934037,0.8675386988061918,0.39215686274509803,0.36585365853658536,0.32926829268292684,6.575865800001338,42,287148bfd01ac67b5192268c6c69cc4cc230c004bdfdf332285f38a3b43b08dd,c175815089a491399700d9c586c067665dd8b48251196512f77a0b7e2732d91c,34060e20ca6ca6de13d114a5b1b14cf4e1fd9ffccc3f7ec4453bb00d8b5646f1,4cdb8651a58f4f5756d97a5f90d9b050ddf49aa137fb3f7a7ee93f59bcb1b06d
P1_a07,4,0;3;4;7,I;aVR;aVL;V2,936,0.9129110571617745,0.6898550724637681,0.7864214992927864,0.6902391061453529,0.6988537440921764,binary;multiclass,0.9317522427944264,0.6447368421052632,0.7538461538461538,0.6076923076923076,0.9672251616696063,0.8913649025069638,0.8888888888888888,0.9,0.9016625397948356,0.6687306501547987,0.6545454545454545,0.5818181818181818,0.9555193436379398,0.8641975308641975,0.8311345646437994,0.8100263852242744,0.8641257782601245,0.3821656050955414,0.36585365853658536,0.3902439024390244,6.566191099998832,42,287148bfd01ac67b5192268c6c69cc4cc230c004bdfdf332285f38a3b43b08dd,c175815089a491399700d9c586c067665dd8b48251196512f77a0b7e2732d91c,34060e20ca6ca6de13d114a5b1b14cf4e1fd9ffccc3f7ec4453bb00d8b5646f1,7bee4f314486c82985614261b298bee2faed52436f3e9f75d6b95b2c1fe24e1a
P1_a07,4,0;3;4;8,I;aVR;aVL;V3,936,0.9116555089629466,0.6695652173913044,0.7888111888111888,0.688726127625608,0.6967580141362237,binary;multiclass,0.928430998282115,0.6360655737704918,0.7461538461538462,0.6,0.9656819517930628,0.8938547486033519,0.8888888888888888,0.9,0.9050505050505051,0.6850152905198776,0.6787878787878788,0.5757575757575758,0.9524734371373217,0.8602739726027397,0.8284960422163589,0.8021108179419525,0.8625549780087965,0.3684210526315789,0.34146341463414637,0.32926829268292684,6.572604900000442,42,287148bfd01ac67b5192268c6c69cc4cc230c004bdfdf332285f38a3b43b08dd,c175815089a491399700d9c586c067665dd8b48251196512f77a0b7e2732d91c,34060e20ca6ca6de13d114a5b1b14cf4e1fd9ffccc3f7ec4453bb00d8b5646f1,da82509ee09a1180ec52cc6fb210131393d47f1f38c99dabfb56f127c1572abc
P1_a07,4,0;3;4;9,I;aVR;aVL;V4,936,0.9143186444003041,0.7130434782608696,0.7888111888111888,0.6994895473386556,0.7070864681006903,binary;multiclass,0.9277915632754342,0.6442953020134228,0.7384615384615385,0.5923076923076923,0.9628086419753087,0.8913649025069638,0.8888888888888888,0.9,0.91031717957788,0.6892307692307692,0.6787878787878788,0.593939393939394,0.9510760150258404,0.8700410396716827,0.8390501319261213,0.8100263852242744,0.8547723767635802,0.4025157232704403,0.3902439024390244,0.35365853658536583,6.587034299998777,42,287148bfd01ac67b5192268c6c69cc4cc230c004bdfdf332285f38a3b43b08dd,c175815089a491399700d9c586c067665dd8b48251196512f77a0b7e2732d91c,34060e20ca6ca6de13d114a5b1b14cf4e1fd9ffccc3f7ec4453bb00d8b5646f1,cb6813038dbe75423cec2973c635d112f271c2b0c331ecde9be27064093c2508
P1_a07,4,0;3;4;10,I;aVR;aVL;V5,936,0.9146717673312245,0.7072463768115942,0.7838214783821479,0.6910232577329043,0.699601326946716,binary;multiclass,0.9278297384997136,0.6354515050167224,0.7307692307692307,0.5307692307692308,0.9641534391534392,0.8888888888888888,0.8888888888888888,0.9055555555555556,0.9074873246079472,0.6707692307692308,0.6606060606060606,0.5757575757575758,0.9494796379018773,0.8500687757909215,0.8153034300791556,0.7968337730870713,0.866810418689667,0.40993788819875776,0.4024390243902439,0.36585365853658536,6.576449699998193,42,287148bfd01ac67b5192268c6c69cc4cc230c004bdfdf332285f38a3b43b08dd,c175815089a491399700d9c586c067665dd8b48251196512f77a0b7e2732d91c,34060e20ca6ca6de13d114a5b1b14cf4e1fd9ffccc3f7ec4453bb00d8b5646f1,7f901170c5ab4afc16805d53d4f1c87811292e4e15ca46cc3b0b82bdd5f201c6
P1_a07,4,0;3;4;11,I;aVR;aVL;V6,936,0.9142205546972707,0.6927536231884058,0.7960618846694796,0.6777082331186921,0.6845367539768723,binary;multiclass,0.9293281160526818,0.627831715210356,0.7461538461538462,0.5461538461538461,0.9652116402116402,0.895774647887324,0.8833333333333333,0.9,0.9018276146680817,0.6625766871165644,0.6545454545454545,0.5818181818181818,0.9490627797804863,0.8575305291723202,0.8337730870712401,0.7968337730870713,0.8708516593362654,0.3448275862068966,0.3048780487804878,0.34146341463414637,6.568647299998702,42,287148bfd01ac67b5192268c6c69cc4cc230c004bdfdf332285f38a3b43b08dd,c175815089a491399700d9c586c067665dd8b48251196512f77a0b7e2732d91c,34060e20ca6ca6de13d114a5b1b14cf4e1fd9ffccc3f7ec4453bb00d8b5646f1,76616b2c996ee7becdb9c4b3e904c6a363bace075842420054cce0f8de5972eb
P1_a07,4,0;3;5;6,I;aVR;aVF;V1,936,0.9143922116775792,0.6666666666666666,0.7838214783821479,0.6892946708531078,0.6994075867857964,binary;multiclass,0.930893300248139,0.6468646864686468,0.7538461538461538,0.5769230769230769,0.968180482069371,0.8870523415977961,0.8944444444444445,0.9,0.904964037259757,0.676737160120846,0.6787878787878788,0.5878787878787879,0.958664727644799,0.8698060941828255,0.8284960422163589,0.8232189973614775,0.8677243388358942,0.3660130718954248,0.34146341463414637,0.35365853658536583,6.571820299999672,42,287148bfd01ac67b5192268c6c69cc4cc230c004bdfdf332285f38a3b43b08dd,c175815089a491399700d9c586c067665dd8b48251196512f77a0b7e2732d91c,34060e20ca6ca6de13d114a5b1b14cf4e1fd9ffccc3f7ec4453bb00d8b5646f1,a08466bf162791e64ce46ceebe90ff8f9c309190f56c83cdc79752c7dec2a8cd
P1_a07,4,0;3;5;7,I;aVR;aVF;V2,936,0.9141469874199957,0.672463768115942,0.7870239774330042,0.6917685730284238,0.7005341359057814,binary;multiclass,0.9323344149646879,0.6470588235294118,0.7615384615384615,0.6,0.9675485008818342,0.8888888888888888,0.8888888888888888,0.9,0.9030853279880516,0.6788990825688074,0.6727272727272727,0.5757575757575758,0.9558983055664769,0.8598901098901099,0.8258575197889182,0.8047493403693932,0.8621551379448221,0.3841059602649007,0.35365853658536583,0.3902439024390244,6.560621900000115,42,287148bfd01ac67b5192268c6c69cc4cc230c004bdfdf332285f38a3b43b08dd,c175815089a491399700d9c586c067665dd8b48251196512f77a0b7e2732d91c,34060e20ca6ca6de13d114a5b1b14cf4e1fd9ffccc3f7ec4453bb00d8b5646f1,3b1440ac3f2cf694be2c33836098df38c9c1f9e1319d273a2bec4fdb704b3729
P1_a07,4,0;3;5;8,I;aVR;aVF;V3,936,0.912754113636921,0.6782608695652174,0.7888888888888889,0.6821313464827603,0.6903562857832759,binary;multiclass,0.9283260164153464,0.64,0.7384615384615385,0.5769230769230769,0.965351263962375,0.8864265927977839,0.8888888888888888,0.9,0.9069606571552098,0.668693009118541,0.6666666666666666,0.5696969696969697,0.9537334855497079,0.8602739726027397,0.8284960422163589,0.7994722955145118,0.8595704575312731,0.35526315789473684,0.32926829268292684,0.32926829268292684,6.569970900000044,42,287148bfd01ac67b5192268c6c69cc4cc230c004bdfdf332285f38a3b43b08dd,c175815089a491399700d9c586c067665dd8b48251196512f77a0b7e2732d91c,34060e20ca6ca6de13d114a5b1b14cf4e1fd9ffccc3f7ec4453bb00d8b5646f1,e03326e44a06ece2780326f31c35e9815081758ef392ab5b59df2b1880f4490b
P1_a07,4,0;3;5;9,I;aVR;aVF;V4,936,0.9146472449054661,0.7072463768115942,0.7810320781032078,0.6925708822794097,0.7012847944613181,binary;multiclass,0.928430998282115,0.6308724832214765,0.7230769230769231,0.5692307692307692,0.9632422104644327,0.8944444444444445,0.8944444444444445,0.9055555555555556,0.9102621546201313,0.6728395061728395,0.6606060606060606,0.5878787878787879,0.9519049942445157,0.8622589531680441,0.8258575197889182,0.8073878627968337,0.8551008168161307,0.4024390243902439,0.4024390243902439,0.32926829268292684,6.573968299999251,42,287148bfd01ac67b5192268c6c69cc4cc230c004bdfdf332285f38a3b43b08dd,c175815089a491399700d9c586c067665dd8b48251196512f77a0b7e2732d91c,34060e20ca6ca6de13d114a5b1b14cf4e1fd9ffccc3f7ec4453bb00d8b5646f1,2307beec76d972879e54067e96e1d8050a04781f6478b103f4631dedaa1969b7
P1_a07,4,0;3;5;10,I;aVR;aVF;V5,936,0.9149611319551731,0.6956521739130435,0.7854137447405329,0.6903390745190396,0.7006416479316923,binary;multiclass,0.9293567474708915,0.6378737541528239,0.7384615384615385,0.5538461538461539,0.9645502645502645,0.8913649025069638,0.8888888888888888,0.9055555555555556,0.9073536925677004,0.65625,0.6363636363636364,0.593939393939394,0.950517046181248,0.8520055325034578,0.8126649076517151,0.7941952506596306,0.866810418689667,0.41420118343195267,0.4268292682926829,0.3048780487804878,6.584096999999019,42,287148bfd01ac67b5192268c6c69cc4cc230c004bdfdf332285f38a3b43b08dd,c175815089a491399700d9c586c067665dd8b48251196512f77a0b7e2732d91c,34060e20ca6ca6de13d114a5b1b14cf4e1fd9ffccc3f7ec4453bb00d8b5646f1,181afd774e58a45f2803823cc274cd96cd65c15649bf93665a37bb145d6be7d7
P1_a07,4,0;3;5;11,I;aVR;aVF;V6,936,0.9140538022021139,0.6753623188405797,0.7943661971830986,0.6810124118311881,0.6892839227043487,binary;multiclass,0.9301679709868296,0.6302250803858521,0.7538461538461538,0.5538461538461539,0.9662037037037038,0.8913649025069638,0.8888888888888888,0.9,0.9005227370986126,0.65625,0.6363636363636364,0.5757575757575758,0.9500954510357503,0.8563611491108071,0.8258575197889182,0.8047493403693932,0.8695236191237792,0.3708609271523179,0.34146341463414637,0.3048780487804878,6.5726347000017995,42,287148bfd01ac67b5192268c6c69cc4cc230c004bdfdf332285f38a3b43b08dd,c175815089a491399700d9c586c067665dd8b48251196512f77a0b7e2732d91c,34060e20ca6ca6de13d114a5b1b14cf4e1fd9ffccc3f7ec4453bb00d8b5646f1,47b072fe0cacd43cda284cb138757aeacb93f419a0a2105c0c62204ae2ebad5d
P1_a07,4,0;3;6;7,I;aVR;V1;V2,936,0.9147257166678928,0.6869565217391305,0.7886524822695036,0.6968275640915659,0.7048826140788299,binary;multiclass,0.9324203092193166,0.6493506493506493,0.7692307692307693,0.5615384615384615,0.9680996472663139,0.8938547486033519,0.8888888888888888,0.9055555555555556,0.9032582635695476,0.6790123456790124,0.6666666666666666,0.6060606060606061,0.957215198268144,0.8645690834473324,0.8337730870712401,0.8153034300791556,0.8640686582509852,0.3973509933774834,0.36585365853658536,0.3780487804878049,6.583154899999499,42,287148bfd01ac67b5192268c6c69cc4cc230c004bdfdf332285f38a3b43b08dd,c175815089a491399700d9c586c067665dd8b48251196512f77a0b7e2732d91c,34060e20ca6ca6de13d114a5b1b14cf4e1fd9ffccc3f7ec4453bb00d8b5646f1,b1a9c7308e30cf7b71b955856cc22d51aef3ef90f63726fcf681d5e229445855
P1_a07,4,0;3;6;8,I;aVR;V1;V3,936,0.9136369209642218,0.6782608695652174,0.7915492957746478,0.6929649582790705,0.7012234944553626,binary;multiclass,0.9308742126359992,0.6357615894039735,0.7384615384615385,0.5846153846153846,0.966277189888301,0.8895027624309392,0.8944444444444445,0.9,0.9086428487206697,0.676923076923077,0.6666666666666666,0.6,0.9544677242862489,0.8626373626373627,0.8284960422163589,0.8126649076517151,0.8659393385502941,0.4,0.3780487804878049,0.34146341463414637,6.571760599999834,42,287148bfd01ac67b5192268c6c69cc4cc230c004bdfdf332285f38a3b43b08dd,c175815089a491399700d9c586c067665dd8b48251196512f77a0b7e2732d91c,34060e20ca6ca6de13d114a5b1b14cf4e1fd9ffccc3f7ec4453bb00d8b5646f1,5ad49dba175e7c47de4572d54b5dd3ec2a4cdcb18eb79dc9b1d14c6aa006d64a
P1_a07,4,0;3;6;9,I;aVR;V1;V4,936,0.9170700605703915,0.6985507246376812,0.7926657263751763,0.6988445611021789,0.7081529272937985,binary;multiclass,0.9306069860660431,0.6381578947368421,0.7461538461538462,0.5307692307692308,0.9645355673133451,0.8944444444444445,0.8944444444444445,0.9055555555555556,0.9140745981212908,0.6787878787878788,0.6787878787878788,0.5878787878787879,0.9561209456994926,0.8725761772853186,0.8311345646437994,0.820580474934037,0.8564288570286172,0.41025641025641024,0.3902439024390244,0.3170731707317073,6.578861199999665,42,287148bfd01ac67b5192268c6c69cc4cc230c004bdfdf332285f38a3b43b08dd,c175815089a491399700d9c586c067665dd8b48251196512f77a0b7e2732d91c,34060e20ca6ca6de13d114a5b1b14cf4e1fd9ffccc3f7ec4453bb00d8b5646f1,62ef3b37c1efabcec44445dcc714c20e86f04787d2f1d0eb809ec36a69b5b4b5
P1_a07,4,0;3;6;10,I;aVR;V1;V5,936,0.9173839476200987,0.6985507246376812,0.7819971870604782,0.686729787296051,0.6951333244627536,binary;multiclass,0.9307119679328116,0.6274509803921569,0.7384615384615385,0.5230769230769231,0.9659538506760729,0.8944444444444445,0.8944444444444445,0.9055555555555556,0.9145934048657784,0.6749226006191951,0.6606060606060606,0.593939393939394,0.9567130737128322,0.8626373626373627,0.8284960422163589,0.8364116094986808,0.8575855372136859,0.3741935483870968,0.35365853658536583,0.32926829268292684,6.570198100002017,42,287148bfd01ac67b5192268c6c69cc4cc230c004bdfdf332285f38a3b43b08dd,c175815089a491399700d9c586c067665dd8b48251196512f77a0b7e2732d91c,34060e20ca6ca6de13d114a5b1b14cf4e1fd9ffccc3f7ec4453bb00d8b5646f1,ebb23f7ea30e8e193970ae745739eed4206d5cef88f18ac5fae3728ad049ef74
P1_a07,4,0;3;6;11,I;aVR;V1;V6,936,0.9162412025797593,0.6927536231884058,0.7916083916083916,0.6947123718587371,0.7042486076465097,binary;multiclass,0.9340141248329834,0.6558441558441559,0.7769230769230769,0.5384615384615384,0.967607289829512,0.907563025210084,0.9,0.9055555555555556,0.9102385724953819,0.6884272997032641,0.703030303030303,0.6121212121212121,0.957982596173432,0.8720770288858322,0.8364116094986808,0.8311345646437994,0.8635974181755869,0.34965034965034963,0.3048780487804878,0.3170731707317073,6.571289600000455,42,287148bfd01ac67b5192268c6c69cc4cc230c004bdfdf332285f38a3b43b08dd,c175815089a491399700d9c586c067665dd8b48251196512f77a0b7e2732d91c,34060e20ca6ca6de13d114a5b1b14cf4e1fd9ffccc3f7ec4453bb00d8b5646f1,573fcd1bafd1d2c9e61e875d7e8e13339ac2438c0677d725f797c191d0df82b6
P1_a07,4,0;3;7;8,I;aVR;V2;V3,936,0.9128031584884377,0.6869565217391305,0.7927677329624478,0.6874682849606837,0.6953353446647739,binary;multiclass,0.9296144302347776,0.6336633663366337,0.7384615384615385,0.5923076923076923,0.9670194003527337,0.8932584269662921,0.8833333333333333,0.9,0.907958967102936,0.6747720364741642,0.6727272727272727,0.6181818181818182,0.9540366550925378,0.8614540466392319,0.8284960422163589,0.8021108179419525,0.8583994973439195,0.3741935483870968,0.35365853658536583,0.35365853658536583,6.586048299999675,42,287148bfd01ac67b5192268c6c69cc4cc230c004bdfdf332285f38a3b43b08dd,c175815089a491399700d9c586c067665dd8b48251196512f77a0b7e2732d91c,34060e20ca6ca6de13d114a5b1b14cf4e1fd9ffccc3f7ec4453bb00d8b5646f1,39a9e9f641da237af46b5bd08042c2f206c3e684522f61e5dfc3dddfcac853dd
P1_a07,4,0;3;7;9,I;aVR;V2;V4,936,0.9164913313224945,0.6985507246376812,0.7994428969359332,0.6840065734619507,0.6913719846591975,binary;multiclass,0.9294044665012406,0.6225165562913907,0.7230769230769231,0.5923076923076923,0.9647486772486773,0.8944444444444445,0.8944444444444445,0.9055555555555556,0.9124867350548285,0.6646153846153846,0.6545454545454545,0.6181818181818182,0.9550456412272683,0.8618331053351573,0.8311345646437994,0.8179419525065963,0.8527731764437081,0.37662337662337664,0.35365853658536583,0.32926829268292684,6.583793199999491,42,287148bfd01ac67b5192268c6c69cc4cc230c004bdfdf332285f38a3b43b08dd,c175815089a491399700d9c586c067665dd8b48251196512f77a0b7e2732d91c,34060e20ca6ca6de13d114a5b1b14cf4e1fd9ffccc3f7ec4453bb00d8b5646f1,2536fee81023e73e6d6732937386c642ea66e4df0b82d921673431f08c6b8913
P1_a07,4,0;3;7;10,I;aVR;V2;V5,936,0.9169621618970548,0.7043478260869566,0.7838214783821479,0.691807794981459,0.6991970385264676,binary;multiclass,0.9305497232296239,0.6360655737704918,0.7461538461538462,0.5692307692307692,0.9658730158730159,0.896358543417367,0.8888888888888888,0.9055555555555556,0.9115434500648508,0.6808510638297872,0.6787878787878788,0.6181818181818182,0.9551640668299362,0.8590971272229823,0.8284960422163589,0.8021108179419525,0.8552436168389786,0.38666666666666666,0.35365853658536583,0.3780487804878049,6.5725093000000925,42,287148bfd01ac67b5192268c6c69cc4cc230c004bdfdf332285f38a3b43b08dd,c175815089a491399700d9c586c067665dd8b48251196512f77a0b7e2732d91c,34060e20ca6ca6de13d114a5b1b14cf4e1fd9ffccc3f7ec4453bb00d8b5646f1,f61e87d12789d101773d37ede03d5d73caa3d030b505f0b487c4aaad54651fef
P1_a07,4,0;3;7;11,I;aVR;V2;V6,936,0.9168444542534148,0.7072463768115942,0.7871148459383753,0.6869834403618483,0.6963405038519267,binary;multiclass,0.9336610040083986,0.6428571428571429,0.7615384615384615,0.5846153846153846,0.96739417989418,0.9014084507042254,0.8888888888888888,0.9055555555555556,0.9082655347246787,0.6746987951807228,0.6787878787878788,0.6060606060606061,0.9550219561067346,0.8606896551724138,0.8232189973614775,0.8100263852242744,0.8608842177414748,0.35526315789473684,0.32926829268292684,0.34146341463414637,6.580070500000147,42,287148bfd01ac67b5192268c6c69cc4cc230c004bdfdf332285f38a3b43b08dd,c175815089a491399700d9c586c067665dd8b48251196512f77a0b7e2732d91c,34060e20ca6ca6de13d114a5b1b14cf4e1fd9ffccc3f7ec4453bb00d8b5646f1,e94723342d1336b6f71546b481e0d6bfd824b41130a3f89ca3b468b98108b0b7
P1_a07,4,0;3;8;9,I;aVR;V3;V4,936,0.9136222075087667,0.672463768115942,0.7877094972067039,0.6892484128646614,0.6983260396066883,binary;multiclass,0.9298148501622447,0.6363636363636364,0.7538461538461538,0.5923076923076923,0.9640946502057612,0.8888888888888888,0.8888888888888888,0.9,0.9104036473686279,0.675,0.6545454545454545,0.6121212121212121,0.953131883488155,0.8638239339752407,0.8284960422163589,0.8073878627968337,0.857442737190838,0.3821656050955414,0.36585365853658536,0.32926829268292684,6.570906599998125,42,287148bfd01ac67b5192268c6c69cc4cc230c004bdfdf332285f38a3b43b08dd,c175815089a491399700d9c586c067665dd8b48251196512f77a0b7e2732d91c,34060e20ca6ca6de13d114a5b1b14cf4e1fd9ffccc3f7ec4453bb00d8b5646f1,ba8ff2db165489b542553665c6a35d6e9247b4fd96cdaa1a8bdfad48f036faa3
P1_a07,4,0;3;8;10,I;aVR;V3;V5,936,0.914946418499718,0.6898550724637681,0.7916083916083916,0.689850490169229,0.6994787269348052,binary;multiclass,0.9301107081504103,0.6346153846153846,0.7615384615384615,0.5769230769230769,0.9652483833039389,0.8938547486033519,0.8888888888888888,0.9055555555555556,0.9113783751916047,0.6788990825688074,0.6727272727272727,0.6121212121212121,0.9528476620417521,0.8603042876901799,0.820580474934037,0.7915567282321899,0.8587422173987548,0.3815789473684211,0.35365853658536583,0.35365853658536583,6.57401249999748,42,287148bfd01ac67b5192268c6c69cc4cc230c004bdfdf332285f38a3b43b08dd,c175815089a491399700d9c586c067665dd8b48251196512f77a0b7e2732d91c,34060e20ca6ca6de13d114a5b1b14cf4e1fd9ffccc3f7ec4453bb00d8b5646f1,4fc86ed3c1ff45d4cd14192386524df38aba163229db4a7e0f4c6ba52fe93efe
P1_a07,4,0;3;8;11,I;aVR;V3;V6,936,0.9139900438951422,0.6782608695652174,0.7926657263751763,0.6796362827918392,0.6881432476612346,binary;multiclass,0.9321149074250812,0.6242038216560509,0.7538461538461538,0.5846153846153846,0.9664535567313345,0.8907563025210085,0.8833333333333333,0.9055555555555556,0.9079746885194357,0.6707692307692308,0.6606060606060606,0.593939393939394,0.9532739942113565,0.8587105624142661,0.8258575197889182,0.7783641160949868,0.8620980179356829,0.35374149659863946,0.3170731707317073,0.3170731707317073,6.573599600000307,42,287148bfd01ac67b5192268c6c69cc4cc230c004bdfdf332285f38a3b43b08dd,c175815089a491399700d9c586c067665dd8b48251196512f77a0b7e2732d91c,34060e20ca6ca6de13d114a5b1b14cf4e1fd9ffccc3f7ec4453bb00d8b5646f1,1d6224df299b826cc0e8b02b58d1e5b70ddc143aed00d0ae7d8fdd86466c9248
P1_a07,4,0;3;9;10,I;aVR;V4;V5,936,0.9156379509061036,0.6956521739130435,0.7843137254901961,0.6842194869876569,0.6927109481604623,binary;multiclass,0.9270757778201948,0.6270627062706271,0.7307692307692307,0.5461538461538461,0.9642122281011171,0.8895027624309392,0.8944444444444445,0.9055555555555556,0.9125732028455764,0.6646153846153846,0.6545454545454545,0.5878787878787879,0.9510570669294135,0.8528198074277854,0.8179419525065963,0.7968337730870713,0.8511738161878106,0.3870967741935484,0.36585365853658536,0.3170731707317073,6.631797900001402,42,287148bfd01ac67b5192268c6c69cc4cc230c004bdfdf332285f38a3b43b08dd,c175815089a491399700d9c586c067665dd8b48251196512f77a0b7e2732d91c,34060e20ca6ca6de13d114a5b1b14cf4e1fd9ffccc3f7ec4453bb00d8b5646f1,15e79a0ac587dfbad5e5d8c89bd791e6223d23844cb0b8c0c161a1920d8c44a9
P1_a07,4,0;3;9;11,I;aVR;V4;V6,936,0.9152652100345767,0.6869565217391305,0.7888111888111888,0.6847508233334118,0.6930354223648515,binary;multiclass,0.929385378889101,0.6360655737704918,0.7461538461538462,0.5692307692307692,0.9639623750734861,0.8944444444444445,0.8944444444444445,0.9055555555555556,0.9119050426443422,0.6563467492260062,0.6424242424242425,0.5878787878787879,0.9522176378355589,0.8602739726027397,0.8284960422163589,0.8021108179419525,0.8538441766150682,0.37662337662337664,0.35365853658536583,0.3048780487804878,6.610473000000638,42,287148bfd01ac67b5192268c6c69cc4cc230c004bdfdf332285f38a3b43b08dd,c175815089a491399700d9c586c067665dd8b48251196512f77a0b7e2732d91c,34060e20ca6ca6de13d114a5b1b14cf4e1fd9ffccc3f7ec4453bb00d8b5646f1,797b173a0f116c44065abb6a8ee9c0f7433f2b26dadb129618cec105d8d23343
P1_a07,4,0;3;10;11,I;aVR;V5;V6,936,0.9147796660045612,0.6840579710144927,0.7905686546463245,0.6619266015057331,0.673350523456708,binary;multiclass,0.9280969650696698,0.6302250803858521,0.7538461538461538,0.5230769230769231,0.9639035861258084,0.896358543417367,0.8888888888888888,0.9055555555555556,0.9083834453484259,0.6607142857142857,0.6727272727272727,0.6060606060606061,0.949801755541134,0.8464730290456431,0.8073878627968337,0.7915567282321899,0.8588850174216027,0.27586206896551724,0.24390243902439024,0.3048780487804878,6.59614209999927,42,287148bfd01ac67b5192268c6c69cc4cc230c004bdfdf332285f38a3b43b08dd,c175815089a491399700d9c586c067665dd8b48251196512f77a0b7e2732d91c,34060e20ca6ca6de13d114a5b1b14cf4e1fd9ffccc3f7ec4453bb00d8b5646f1,566c8d56e10c39dbc9b999dc78396c1a0051bc15edb1696ed1fe2c4138dfb84c
P1_a07,4,0;4;5;6,I;aVL;aVF;V1,936,0.913082714142083,0.6695652173913044,0.7921896792189679,0.692625121318753,0.7039691353829973,binary;multiclass,0.9302156900171789,0.6578947368421053,0.7692307692307693,0.5615384615384615,0.9675044091710758,0.8767123287671232,0.8888888888888888,0.9,0.9021656251228236,0.6766467065868264,0.6848484848484848,0.6121212121212121,0.9587689421751467,0.8702928870292888,0.8232189973614775,0.8311345646437994,0.8642114582738333,0.3815789473684211,0.35365853658536583,0.3048780487804878,6.5895477999984,42,287148bfd01ac67b5192268c6c69cc4cc230c004bdfdf332285f38a3b43b08dd,c175815089a491399700d9c586c067665dd8b48251196512f77a0b7e2732d91c,34060e20ca6ca6de13d114a5b1b14cf4e1fd9ffccc3f7ec4453bb00d8b5646f1,e618e7c5c812d2ffd0cc78637931067f195fce06b9c924b90a5bdf65628cf530
P1_a07,4,0;4;5;7,I;aVL;aVF;V2,936,0.9124794624684275,0.6666666666666666,0.7843137254901961,0.6939241442085063,0.7018204729679084,binary;multiclass,0.9319812941401031,0.6468646864686468,0.7538461538461538,0.5846153846153846,0.9667401528512639,0.8938547486033519,0.8888888888888888,0.9,0.9012144794245962,0.6605504587155964,0.6545454545454545,0.5878787878787879,0.9565283297726702,0.8657534246575342,0.8337730870712401,0.8126649076517151,0.8635260181641629,0.4025974025974026,0.3780487804878049,0.3780487804878049,6.582457000000431,42,287148bfd01ac67b5192268c6c69cc4cc230c004bdfdf332285f38a3b43b08dd,c175815089a491399700d9c586c067665dd8b48251196512f77a0b7e2732d91c,34060e20ca6ca6de13d114a5b1b14cf4e1fd9ffccc3f7ec4453bb00d8b5646f1,ebde9f8db6db8879a9d1b980a89b38a3c9fc33193ffbed6c01f973123e0830de
P1_a07,4,0;4;5;8,I;aVL;aVF;V3,936,0.9122734740920572,0.6608695652173913,0.7899159663865546,0.687416352328454,0.6954209167569101,binary;multiclass,0.9301679709868296,0.6270627062706271,0.7307692307692307,0.5461538461538461,0.9657113462669018,0.8913649025069638,0.8888888888888888,0.9,0.9064575718272216,0.6848484848484848,0.6848484848484848,0.5757575757575758,0.9532550461149297,0.8653846153846154,0.8311345646437994,0.7783641160949868,0.86194093791055,0.3684210526315789,0.34146341463414637,0.34146341463414637,6.567562100000941,42,287148bfd01ac67b5192268c6c69cc4cc230c004bdfdf332285f38a3b43b08dd,c175815089a491399700d9c586c067665dd8b48251196512f77a0b7e2732d91c,34060e20ca6ca6de13d114a5b1b14cf4e1fd9ffccc3f7ec4453bb00d8b5646f1,ef1b3727f451122fe8af4bf9e951ec928a8044e2bfca0526beedba17b944f961
P1_a07,4,0;4;5;9,I;aVL;aVF;V4,936,0.9142401726378774,0.7101449275362319,0.7848101265822784,0.6874224050758547,0.696033887314536,binary;multiclass,0.9284119106699753,0.6333333333333333,0.7307692307692307,0.6,0.9627278071722515,0.8944444444444445,0.8944444444444445,0.9055555555555556,0.9096883229178949,0.6728395061728395,0.6606060606060606,0.6,0.950815478699971,0.8638239339752407,0.8284960422163589,0.8073878627968337,0.8535871365739418,0.37267080745341613,0.36585365853658536,0.36585365853658536,6.572134300000471,42,287148bfd01ac67b5192268c6c69cc4cc230c004bdfdf332285f38a3b43b08dd,c175815089a491399700d9c586c067665dd8b48251196512f77a0b7e2732d91c,34060e20ca6ca6de13d114a5b1b14cf4e1fd9ffccc3f7ec4453bb00d8b5646f1,14fd38ceb02cd0621f9c62237672d47d3d9eb4a96fd000ca466f9172c7c0e461
P1_a07,4,0;4;5;10,I;aVL;aVF;V5,936,0.9150494126879031,0.6927536231884058,0.7871148459383753,0.6883175839324992,0.6962128455094541,binary;multiclass,0.9290704332887956,0.6195286195286195,0.7076923076923077,0.5538461538461539,0.9642930629041739,0.8913649025069638,0.8888888888888888,0.9055555555555556,0.9071021499037064,0.6646153846153846,0.6545454545454545,0.593939393939394,0.9499722884089757,0.8489010989010989,0.8153034300791556,0.7968337730870713,0.8676243788199006,0.4171779141104294,0.4146341463414634,0.32926829268292684,6.572941700000229,42,287148bfd01ac67b5192268c6c69cc4cc230c004bdfdf332285f38a3b43b08dd,c175815089a491399700d9c586c067665dd8b48251196512f77a0b7e2732d91c,34060e20ca6ca6de13d114a5b1b14cf4e1fd9ffccc3f7ec4453bb00d8b5646f1,1714241df91f09d59912d8b200a79247c27e84b3233c1c7afe3410ad6f23aeae
P1_a07,4,0;4;5;11,I;aVL;aVF;V6,936,0.9139360945584736,0.6811594202898551,0.7926657263751763,0.6760421257835202,0.6829982924384108,binary;multiclass,0.9291945027677037,0.617363344051447,0.7384615384615385,0.5461538461538461,0.9660052910052911,0.8907563025210085,0.8833333333333333,0.9,0.9003576622253665,0.6625766871165644,0.6545454545454545,0.6,0.9492759458652885,0.8598639455782313,0.8337730870712401,0.7968337730870713,0.8685097389615583,0.34965034965034963,0.3048780487804878,0.35365853658536583,6.575077400000737,42,287148bfd01ac67b5192268c6c69cc4cc230c004bdfdf332285f38a3b43b08dd,c175815089a491399700d9c586c067665dd8b48251196512f77a0b7e2732d91c,34060e20ca6ca6de13d114a5b1b14cf4e1fd9ffccc3f7ec4453bb00d8b5646f1,92b5bf23c420fc49bc958359c1d8e20a8a6617d477ffe8687f44d4c2c22577cd
P1_a07,4,0;4;6;7,I;aVL;V1;V2,936,0.9107923195762526,0.672463768115942,0.7880512091038406,0.6871508294003912,0.695137056206623,binary;multiclass,0.9283641916396259,0.6312292358803987,0.7307692307692307,0.5384615384615384,0.9670414462081129,0.896358543417367,0.8888888888888888,0.9111111111111111,0.8955076052352317,0.654434250764526,0.6484848484848484,0.6,0.9610048175535165,0.8763736263736264,0.841688654353562,0.8284960422163589,0.8626406580225052,0.37735849056603776,0.36585365853658536,0.3902439024390244,6.5757498999992094,42,287148bfd01ac67b5192268c6c69cc4cc230c004bdfdf332285f38a3b43b08dd,c175815089a491399700d9c586c067665dd8b48251196512f77a0b7e2732d91c,34060e20ca6ca6de13d114a5b1b14cf4e1fd9ffccc3f7ec4453bb00d8b5646f1,c0744dd6ed3f8614c67c912ff70f92f43f29525eba42feb022b2170b4b168c86
P1_a07,4,0;4;6;8,I;aVL;V1;V3,936,0.9121999068147821,0.6666666666666666,0.7905027932960894,0.6880040112367014,0.697714279128141,binary;multiclass,0.9305688108417637,0.631578947368421,0.7384615384615385,0.5846153846153846,0.9656672545561436,0.8944444444444445,0.8944444444444445,0.9055555555555556,0.9054042369217465,0.676737160120846,0.6787878787878788,0.6,0.9563056896396546,0.8654646324549237,0.8232189973614775,0.8126649076517151,0.8646969783515165,0.3717948717948718,0.35365853658536583,0.35365853658536583,6.611327099999471,42,287148bfd01ac67b5192268c6c69cc4cc230c004bdfdf332285f38a3b43b08dd,c175815089a491399700d9c586c067665dd8b48251196512f77a0b7e2732d91c,34060e20ca6ca6de13d114a5b1b14cf4e1fd9ffccc3f7ec4453bb00d8b5646f1,54256c09ef623aa76b0666b352f5320e908faa0d1255739d73069faaa9878b2b
P1_a07,4,0;4;6;9,I;aVL;V1;V4,936,0.9163245788273378,0.6811594202898551,0.8016877637130801,0.6952655127591854,0.7037071707636093,binary;multiclass,0.9286314182095818,0.6270627062706271,0.7307692307692307,0.5384615384615384,0.9643004115226337,0.8969359331476323,0.8944444444444445,0.9055555555555556,0.9127933026765712,0.672782874617737,0.6666666666666666,0.6,0.956665703471765,0.8744827586206897,0.8364116094986808,0.8153034300791556,0.8593276974924315,0.4050632911392405,0.3902439024390244,0.34146341463414637,6.5957422999999835,42,287148bfd01ac67b5192268c6c69cc4cc230c004bdfdf332285f38a3b43b08dd,c175815089a491399700d9c586c067665dd8b48251196512f77a0b7e2732d91c,34060e20ca6ca6de13d114a5b1b14cf4e1fd9ffccc3f7ec4453bb00d8b5646f1,adab67fa682e2f40cb36d2af6cc13a7fa239afd789e15c83549f194bd7f5521a
P1_a07,4,0;4;6;10,I;aVL;V1;V5,936,0.9159567424409624,0.6927536231884058,0.7905027932960894,0.691796191966565,0.7011621944494072,binary;multiclass,0.9290036266463065,0.6343042071197411,0.7538461538461538,0.5230769230769231,0.9657701352145797,0.8944444444444445,0.8944444444444445,0.9111111111111111,0.9127933026765711,0.6809815950920245,0.6727272727272727,0.6181818181818182,0.9568125512190732,0.8701657458563536,0.8311345646437994,0.8179419525065963,0.8594990575198491,0.3790849673202614,0.35365853658536583,0.3170731707317073,6.592194100001507,42,287148bfd01ac67b5192268c6c69cc4cc230c004bdfdf332285f38a3b43b08dd,c175815089a491399700d9c586c067665dd8b48251196512f77a0b7e2732d91c,34060e20ca6ca6de13d114a5b1b14cf4e1fd9ffccc3f7ec4453bb00d8b5646f1,7b1d2e89b3dd1e27a0e1c1be743db308385b8263c4c03649f1687d93c86c2aa8
P1_a07,4,0;4;6;11,I;aVL;V1;V6,936,0.9145197282915227,0.6956521739130435,0.7905027932960894,0.6917086662199753,0.7009312663582564,binary;multiclass,0.9318572246611948,0.6449511400651465,0.7615384615384615,0.5,0.968121693121693,0.8994413407821229,0.8944444444444445,0.9055555555555556,0.90778603152144,0.6805970149253732,0.6909090909090909,0.6303030303030303,0.9582099733305544,0.8662068965517241,0.8284960422163589,0.8153034300791556,0.8645970183355229,0.3673469387755102,0.32926829268292684,0.34146341463414637,6.587681200002407,42,287148bfd01ac67b5192268c6c69cc4cc230c004bdfdf332285f38a3b43b08dd,c175815089a491399700d9c586c067665dd8b48251196512f77a0b7e2732d91c,34060e20ca6ca6de13d114a5b1b14cf4e1fd9ffccc3f7ec4453bb00d8b5646f1,e3a6189e0dc72edde5ce415060befd88e8e09e6b335743022a27d4bc3ae62609
P1_a07,4,0;4;7;8,I;aVL;V2;V3,936,0.9103362024571471,0.6608695652173913,0.7894002789400278,0.6875880130311272,0.696103817384466,binary;multiclass,0.9316854361519373,0.6384364820846905,0.7538461538461538,0.5769230769230769,0.9669973544973546,0.8851540616246498,0.8777777777777778,0.9,0.9026058247848131,0.6646153846153846,0.6545454545454545,0.5757575757575758,0.9547045754915847,0.8626373626373627,0.8284960422163589,0.7968337730870713,0.8643685382989661,0.3870967741935484,0.36585365853658536,0.3902439024390244,6.580074899997271,42,287148bfd01ac67b5192268c6c69cc4cc230c004bdfdf332285f38a3b43b08dd,c175815089a491399700d9c586c067665dd8b48251196512f77a0b7e2732d91c,34060e20ca6ca6de13d114a5b1b14cf4e1fd9ffccc3f7ec4453bb00d8b5646f1,c5b9908871b9109e322dc7dbc0207551ce8b5b2869a32669516d92c67d2db2ac
P1_a07,4,0;4;7;9,I;aVL;V2;V4,936,0.914676671816376,0.6782608695652174,0.7983193277310925,0.6908273637926863,0.6993121745506068,binary;multiclass,0.9306642489024624,0.631578947368421,0.7384615384615385,0.6,0.9648074661963552,0.8944444444444445,0.8944444444444445,0.9,0.909303148213654,0.676923076923077,0.6666666666666666,0.6303030303030303,0.9552445962397502,0.8665749656121046,0.8311345646437994,0.8100263852242744,0.857871137259382,0.38461538461538464,0.36585365853658536,0.35365853658536583,6.58535159999883,42,287148bfd01ac67b5192268c6c69cc4cc230c004bdfdf332285f38a3b43b08dd,c175815089a491399700d9c586c067665dd8b48251196512f77a0b7e2732d91c,34060e20ca6ca6de13d114a5b1b14cf4e1fd9ffccc3f7ec4453bb00d8b5646f1,33e93b5c2bf2190badc3c526befc100ab4407e32751affbcdd3b78cc7e706fe6
P1_a07,4,0;4;7;10,I;aVL;V2;V5,936,0.9153829176782168,0.6956521739130435,0.7888888888888889,0.6859407393783272,0.6934945088661544,binary;multiclass,0.9291086085130751,0.6233766233766234,0.7384615384615385,0.5615384615384615,0.9655276308054085,0.898876404494382,0.8888888888888888,0.9055555555555556,0.9088079235939158,0.6646341463414634,0.6606060606060606,0.5878787878787879,0.9547945789496123,0.8587105624142661,0.8258575197889182,0.7968337730870713,0.8588136174101787,0.3841059602649007,0.35365853658536583,0.4024390243902439,6.610972399997991,42,287148bfd01ac67b5192268c6c69cc4cc230c004bdfdf332285f38a3b43b08dd,c175815089a491399700d9c586c067665dd8b48251196512f77a0b7e2732d91c,34060e20ca6ca6de13d114a5b1b14cf4e1fd9ffccc3f7ec4453bb00d8b5646f1,66866c12ea256e6c0ad852ba1c351ca1ef1f03b50ce3f84f7689e54d65a69d78
P1_a07,4,0;4;7;11,I;aVL;V2;V6,936,0.9142107457269674,0.6782608695652174,0.7932489451476793,0.6828442916751828,0.692021589610881,binary;multiclass,0.9325539225042947,0.6343042071197411,0.7538461538461538,0.5692307692307692,0.9674309229864786,0.898876404494382,0.8888888888888888,0.9055555555555556,0.9046889124710137,0.662613981762918,0.6606060606060606,0.5818181818181818,0.9544014059487549,0.8524137931034482,0.8153034300791556,0.8073878627968337,0.8648397783743645,0.3660130718954248,0.34146341463414637,0.3780487804878049,6.58303579999847,42,287148bfd01ac67b5192268c6c69cc4cc230c004bdfdf332285f38a3b43b08dd,c175815089a491399700d9c586c067665dd8b48251196512f77a0b7e2732d91c,34060e20ca6ca6de13d114a5b1b14cf4e1fd9ffccc3f7ec4453bb00d8b5646f1,383d225e4c76cab2acbbc6168d569ae8fb1756c059d6eb37717d34d5a375bcde
P1_a07,4,0;4;8;9,I;aVL;V3;V4,936,0.9108119375168592,0.6463768115942029,0.7949438202247191,0.6943216494555988,0.7033737164723715,binary;multiclass,0.9312941401030731,0.6387096774193548,0.7615384615384615,0.5384615384615384,0.965189594356261,0.8913649025069638,0.8888888888888888,0.9055555555555556,0.9056321974609913,0.6708860759493671,0.6424242424242425,0.593939393939394,0.951516558267765,0.8681318681318682,0.8337730870712401,0.7968337730870713,0.8598132175701148,0.4025157232704403,0.3902439024390244,0.34146341463414637,6.57860140000048,42,287148bfd01ac67b5192268c6c69cc4cc230c004bdfdf332285f38a3b43b08dd,c175815089a491399700d9c586c067665dd8b48251196512f77a0b7e2732d91c,34060e20ca6ca6de13d114a5b1b14cf4e1fd9ffccc3f7ec4453bb00d8b5646f1,50964a892ee3c3097b7988b80b9993d45f82b24992ab1f5c679363855b34217a
P1_a07,4,0;4;8;10,I;aVL;V3;V5,936,0.912499080409034,0.6579710144927536,0.7921348314606742,0.6896992260893563,0.6988556102141275,binary;multiclass,0.9298148501622447,0.6198083067092651,0.7461538461538462,0.5615384615384615,0.9655129335684891,0.8913649025069638,0.8888888888888888,0.9055555555555556,0.9072908069017018,0.6770186335403726,0.6606060606060606,0.5575757575757576,0.9522886931971597,0.8603042876901799,0.820580474934037,0.7941952506596306,0.8617124578739933,0.4,0.3780487804878049,0.3780487804878049,6.588482399998611,42,287148bfd01ac67b5192268c6c69cc4cc230c004bdfdf332285f38a3b43b08dd,c175815089a491399700d9c586c067665dd8b48251196512f77a0b7e2732d91c,34060e20ca6ca6de13d114a5b1b14cf4e1fd9ffccc3f7ec4453bb00d8b5646f1,e448125d4b4f43b3af92f74e73a4a039926c6c29e54c1f6f23dafc28e159693b
P1_a07,4,0;4;8;11,I;aVL;V3;V6,936,0.9104931459820006,0.6608695652173913,0.7903682719546742,0.6856449611746654,0.6931364324658615,binary;multiclass,0.9312559648787936,0.6139240506329114,0.7461538461538462,0.5846153846153846,0.9668724279835391,0.896358543417367,0.8888888888888888,0.9055555555555556,0.9047596588452619,0.6645962732919255,0.6484848484848484,0.593939393939394,0.9526202848846297,0.8614540466392319,0.8284960422163589,0.8021108179419525,0.8649397383903582,0.3918918918918919,0.35365853658536583,0.35365853658536583,6.580047100000229,42,287148bfd01ac67b5192268c6c69cc4cc230c004bdfdf332285f38a3b43b08dd,c175815089a491399700d9c586c067665dd8b48251196512f77a0b7e2732d91c,34060e20ca6ca6de13d114a5b1b14cf4e1fd9ffccc3f7ec4453bb00d8b5646f1,3ead5a99d5ab6698616ffc87194b3077805df04ecef6b2c053a17fe5e53f26ad
P1_a07,4,0;4;9;10,I;aVL;V4;V5,936,0.9139360945584737,0.6695652173913044,0.7843137254901961,0.6800748785300166,0.6865558919275375,binary;multiclass,0.9255010498186678,0.6098360655737705,0.7153846153846154,0.5076923076923077,0.9639844209288654,0.888268156424581,0.8833333333333333,0.9055555555555556,0.9104743937428762,0.6666666666666666,0.6545454545454545,0.5878787878787879,0.9495696413599048,0.8540245566166439,0.8258575197889182,0.7862796833773087,0.8528445764551322,0.3815789473684211,0.35365853658536583,0.34146341463414637,6.626592699998582,42,287148bfd01ac67b5192268c6c69cc4cc230c004bdfdf332285f38a3b43b08dd,c175815089a491399700d9c586c067665dd8b48251196512f77a0b7e2732d91c,34060e20ca6ca6de13d114a5b1b14cf4e1fd9ffccc3f7ec4453bb00d8b5646f1,1494a77ddc106edd2f8d77228a4b60427b470a8a90770990b3bad23c8c3cda85
P1_a07,4,0;4;9;11,I;aVL;V4;V6,936,0.9135976850830084,0.6608695652173913,0.7853107344632768,0.6845795771043435,0.6919003451875579,binary;multiclass,0.927333460584081,0.625,0.7307692307692307,0.5461538461538461,0.964807466196355,0.888268156424581,0.8833333333333333,0.9055555555555556,0.9102778760366309,0.6687116564417178,0.6606060606060606,0.5818181818181818,0.9512039146767217,0.8618331053351573,0.8311345646437994,0.7915567282321899,0.8554863768778203,0.3790849673202614,0.35365853658536583,0.32926829268292684,6.80331290000322,42,287148bfd01ac67b5192268c6c69cc4cc230c004bdfdf332285f38a3b43b08dd,c175815089a491399700d9c586c067665dd8b48251196512f77a0b7e2732d91c,34060e20ca6ca6de13d114a5b1b14cf4e1fd9ffccc3f7ec4453bb00d8b5646f1,12799f2b6554e641fb51295c8a66437dfd23f1c9d025679b9270d6605daae202
P1_a07,4,0;4;10;11,I;aVL;V5;V6,936,0.9141126560239339,0.6840579710144927,0.7894002789400278,0.6856295351742503,0.6931068685338586,binary;multiclass,0.9271330406566138,0.6402640264026402,0.7461538461538462,0.5230769230769231,0.965086713697825,0.896358543417367,0.8888888888888888,0.9055555555555556,0.9070785677789569,0.6747720364741642,0.6727272727272727,0.6121212121212121,0.9493896344438497,0.8567530695770805,0.8284960422163589,0.7941952506596306,0.8633974981435997,0.36,0.32926829268292684,0.34146341463414637,6.764406100002816,42,287148bfd01ac67b5192268c6c69cc4cc230c004bdfdf332285f38a3b43b08dd,c175815089a491399700d9c586c067665dd8b48251196512f77a0b7e2732d91c,34060e20ca6ca6de13d114a5b1b14cf4e1fd9ffccc3f7ec4453bb00d8b5646f1,fb91dc2e56c1fa8ed5f34eac88d057122bce4f366796fdf86544af763d86f8d7
P1_a07,4,0;5;6;7,I;aVF;V1;V2,936,0.9139949483802938,0.6811594202898551,0.7875354107648725,0.7003830753988078,0.7091171663068181,binary;multiclass,0.931637717121588,0.6557377049180327,0.7692307692307693,0.5538461538461539,0.9669606114050558,0.8969359331476323,0.8944444444444445,0.9,0.9017490075855834,0.6747720364741642,0.6727272727272727,0.6060606060606061,0.9580299664144991,0.8665749656121046,0.8311345646437994,0.8232189973614775,0.8649682983949277,0.40789473684210525,0.3780487804878049,0.36585365853658536,6.768054500000289,42,287148bfd01ac67b5192268c6c69cc4cc230c004bdfdf332285f38a3b43b08dd,c175815089a491399700d9c586c067665dd8b48251196512f77a0b7e2732d91c,34060e20ca6ca6de13d114a5b1b14cf4e1fd9ffccc3f7ec4453bb00d8b5646f1,b33532f6050819eaace059f10514ebef7f9b42a43e230fbb8caedc31a754be2a
P1_a07,4,0;5;6;8,I;aVF;V1;V3,936,0.9138085779445302,0.672463768115942,0.7916083916083916,0.6884892663311764,0.6961739514677284,binary;multiclass,0.9305783546478337,0.6336633663366337,0.7384615384615385,0.5615384615384615,0.9653512639623751,0.8994413407821229,0.8944444444444445,0.9,0.9079353849781865,0.6727272727272727,0.6727272727272727,0.5818181818181818,0.9556425062647144,0.8657534246575342,0.8337730870712401,0.8021108179419525,0.8663391786142686,0.3708609271523179,0.34146341463414637,0.3170731707317073,6.783241699999053,42,287148bfd01ac67b5192268c6c69cc4cc230c004bdfdf332285f38a3b43b08dd,c175815089a491399700d9c586c067665dd8b48251196512f77a0b7e2732d91c,34060e20ca6ca6de13d114a5b1b14cf4e1fd9ffccc3f7ec4453bb00d8b5646f1,031565d02407f9fc47b701cb86eb028d9aade673f0ffdca097d33205dec06c40
P1_a07,4,0;5;6;9,I;aVF;V1;V4,936,0.9161087814806641,0.6898550724637681,0.7949080622347949,0.6918806377794215,0.7017046809008968,binary;multiclass,0.9302920404657378,0.6426229508196721,0.7538461538461538,0.5461538461538461,0.9639623750734861,0.8994413407821229,0.8944444444444445,0.9055555555555556,0.9125260385960775,0.6646341463414634,0.6606060606060606,0.5757575757575758,0.9564525373869627,0.8753462603878116,0.8337730870712401,0.8232189973614775,0.8598417775746844,0.37735849056603776,0.36585365853658536,0.34146341463414637,6.794837999997981,42,287148bfd01ac67b5192268c6c69cc4cc230c004bdfdf332285f38a3b43b08dd,c175815089a491399700d9c586c067665dd8b48251196512f77a0b7e2732d91c,34060e20ca6ca6de13d114a5b1b14cf4e1fd9ffccc3f7ec4453bb00d8b5646f1,e98b7f93035a528680f6285dc4dba2c1fa3806787434526a45966bab6c869507
P1_a07,4,0;5;6;10,I;aVF;V1;V5,936,0.9163834326491577,0.6898550724637681,0.7840909090909091,0.6815562830619797,0.6892740825612953,binary;multiclass,0.9312845962970032,0.6270627062706271,0.7307692307692307,0.5384615384615384,0.965542328042328,0.8969359331476323,0.8944444444444445,0.9055555555555556,0.9115591714813503,0.6501547987616099,0.6363636363636364,0.5818181818181818,0.9570304543279821,0.8618331053351573,0.8311345646437994,0.8311345646437994,0.8633832181413149,0.3717948717948718,0.35365853658536583,0.35365853658536583,6.773256200001924,42,287148bfd01ac67b5192268c6c69cc4cc230c004bdfdf332285f38a3b43b08dd,c175815089a491399700d9c586c067665dd8b48251196512f77a0b7e2732d91c,34060e20ca6ca6de13d114a5b1b14cf4e1fd9ffccc3f7ec4453bb00d8b5646f1,22342054cb72a9c15449dc4909c6a2d2742936c89224991c189d4074879764f9
P1_a07,4,0;5;6;11,I;aVF;V1;V6,936,0.9154270580445818,0.6811594202898551,0.7932011331444759,0.7016561474361473,0.7107956919984721,binary;multiclass,0.9341572819240314,0.6601941747572816,0.7846153846153846,0.5384615384615384,0.9671957671957672,0.9044943820224719,0.8944444444444445,0.9055555555555556,0.9075109067326965,0.6848484848484848,0.6848484848484848,0.6242424242424243,0.958096284751993,0.8720770288858322,0.8364116094986808,0.8284960422163589,0.8680099388815902,0.38666666666666666,0.35365853658536583,0.32926829268292684,6.767965999999433,42,287148bfd01ac67b5192268c6c69cc4cc230c004bdfdf332285f38a3b43b08dd,c175815089a491399700d9c586c067665dd8b48251196512f77a0b7e2732d91c,34060e20ca6ca6de13d114a5b1b14cf4e1fd9ffccc3f7ec4453bb00d8b5646f1,4b9f8df145f7e3a320c44c19ddd54ffd3b03a52ef3149694c0126affa24e2b61
P1_a07,4,0;5;7;8,I;aVF;V2;V3,936,0.9122195247553888,0.6666666666666666,0.7899860917941586,0.6842328231094481,0.6924390998951782,binary;multiclass,0.9310269135331171,0.6357615894039735,0.7384615384615385,0.5615384615384615,0.9659611992945327,0.8888888888888888,0.8888888888888888,0.9,0.9047596588452619,0.6666666666666666,0.6606060606060606,0.6,0.9546382571540907,0.8532235939643347,0.820580474934037,0.7862796833773087,0.8615410978465756,0.37662337662337664,0.35365853658536583,0.34146341463414637,6.829407000001083,42,287148bfd01ac67b5192268c6c69cc4cc230c004bdfdf332285f38a3b43b08dd,c175815089a491399700d9c586c067665dd8b48251196512f77a0b7e2732d91c,34060e20ca6ca6de13d114a5b1b14cf4e1fd9ffccc3f7ec4453bb00d8b5646f1,8d2796db6bc0d21d63f89f1d6a5bbca4febe4513822e74747041277bfde1f789
P1_a07,4,0;5;7;9,I;aVF;V2;V4,936,0.9149807498957796,0.6956521739130435,0.790436005625879,0.6848588154905462,0.6921090273249357,binary;multiclass,0.9310555449513267,0.6360655737704918,0.7461538461538462,0.5846153846153846,0.9632789535567313,0.8938547486033519,0.8888888888888888,0.9055555555555556,0.9095153873363991,0.6687306501547987,0.6545454545454545,0.6121212121212121,0.95554776578258,0.8680272108843538,0.841688654353562,0.820580474934037,0.8570000571200092,0.3576158940397351,0.32926829268292684,0.3170731707317073,6.9106218999986595,42,287148bfd01ac67b5192268c6c69cc4cc230c004bdfdf332285f38a3b43b08dd,c175815089a491399700d9c586c067665dd8b48251196512f77a0b7e2732d91c,34060e20ca6ca6de13d114a5b1b14cf4e1fd9ffccc3f7ec4453bb00d8b5646f1,f695a17c6baa4451489e0f622ccf5ae8e69be1770292b212f2088c59f31c4cf6
P1_a07,4,0;5;7;10,I;aVF;V2;V5,936,0.9152259741533633,0.7130434782608696,0.786013986013986,0.6869813653367471,0.6937087888693526,binary;multiclass,0.9321626264554304,0.6336633663366337,0.7384615384615385,0.5846153846153846,0.9647486772486772,0.896358543417367,0.8888888888888888,0.9055555555555556,0.9082340918916795,0.6604938271604939,0.6484848484848484,0.6060606060606061,0.9547898419255055,0.8653061224489796,0.8390501319261213,0.8047493403693932,0.8613840178214428,0.3790849673202614,0.35365853658536583,0.36585365853658536,6.880171900000278,42,287148bfd01ac67b5192268c6c69cc4cc230c004bdfdf332285f38a3b43b08dd,c175815089a491399700d9c586c067665dd8b48251196512f77a0b7e2732d91c,34060e20ca6ca6de13d114a5b1b14cf4e1fd9ffccc3f7ec4453bb00d8b5646f1,06474139444d84e392b80e0e4e9b3c551ef2365cc2aee040257aec8ea1c4610d
P1_a07,4,0;5;7;11,I;aVF;V2;V6,936,0.9147159076975895,0.6927536231884058,0.7807637906647807,0.6847610725045414,0.6937130311465853,binary;multiclass,0.9343481580454285,0.6474358974358975,0.7769230769230769,0.6076923076923076,0.9669238683127572,0.898876404494382,0.8888888888888888,0.9055555555555556,0.9049954800927564,0.6666666666666666,0.6545454545454545,0.593939393939394,0.9546951014433712,0.8618331053351573,0.8311345646437994,0.8153034300791556,0.8644684983149598,0.348993288590604,0.3170731707317073,0.35365853658536583,6.825181299998803,42,287148bfd01ac67b5192268c6c69cc4cc230c004bdfdf332285f38a3b43b08dd,c175815089a491399700d9c586c067665dd8b48251196512f77a0b7e2732d91c,34060e20ca6ca6de13d114a5b1b14cf4e1fd9ffccc3f7ec4453bb00d8b5646f1,6068bb6be719e530f86ddb8bf5cac669bc798d2a779d6cff6eb2a9aac5c6fd9b
P1_a07,4,0;5;8;9,I;aVF;V3;V4,936,0.912827680914196,0.6811594202898551,0.7893258426966292,0.6875552972388889,0.6954039626489591,binary;multiclass,0.9299102882229433,0.6319218241042345,0.7461538461538462,0.5692307692307692,0.9632128159905938,0.8938547486033519,0.8888888888888888,0.9,0.908289116849428,0.6708074534161491,0.6545454545454545,0.6181818181818182,0.9529613506203133,0.8645690834473324,0.8337730870712401,0.7994722955145118,0.858299537327926,0.37662337662337664,0.35365853658536583,0.32926829268292684,6.7982810999965295,42,287148bfd01ac67b5192268c6c69cc4cc230c004bdfdf332285f38a3b43b08dd,c175815089a491399700d9c586c067665dd8b48251196512f77a0b7e2732d91c,34060e20ca6ca6de13d114a5b1b14cf4e1fd9ffccc3f7ec4453bb00d8b5646f1,838d8ca17e00824b88cc8be6f8912c71f1ae537ace0880f7c7409e15cfc596af
P1_a07,4,0;5;8;10,I;aVF;V3;V5,936,0.9138674317663503,0.6782608695652174,0.7887323943661971,0.6885303329785016,0.6971770845224735,binary;multiclass,0.9308837564420691,0.6229508196721312,0.7307692307692307,0.5923076923076923,0.9646164021164021,0.8913649025069638,0.8888888888888888,0.9,0.9082105097669299,0.6645962732919255,0.6484848484848484,0.6060606060606061,0.9535250564890125,0.8512396694214877,0.8153034300791556,0.7783641160949868,0.8643114182898269,0.4125,0.4024390243902439,0.3170731707317073,6.780897699998604,42,287148bfd01ac67b5192268c6c69cc4cc230c004bdfdf332285f38a3b43b08dd,c175815089a491399700d9c586c067665dd8b48251196512f77a0b7e2732d91c,34060e20ca6ca6de13d114a5b1b14cf4e1fd9ffccc3f7ec4453bb00d8b5646f1,15f1d06a8817be2d0453d3f00d6c3f5c69678660f13491c4f2ee865f6cf3beef
P1_a07,4,0;5;8;11,I;aVF;V3;V6,936,0.9134358370730034,0.6782608695652174,0.7848101265822784,0.6735913763953278,0.6824964201410562,binary;multiclass,0.9318476808551251,0.6258064516129033,0.7461538461538462,0.6076923076923076,0.965733392122281,0.8913649025069638,0.8888888888888888,0.9055555555555556,0.9064654325354714,0.660436137071651,0.6424242424242425,0.593939393939394,0.9533118904042102,0.850480109739369,0.8179419525065963,0.7783641160949868,0.8659821785571487,0.33986928104575165,0.3170731707317073,0.3170731707317073,6.770463600001676,42,287148bfd01ac67b5192268c6c69cc4cc230c004bdfdf332285f38a3b43b08dd,c175815089a491399700d9c586c067665dd8b48251196512f77a0b7e2732d91c,34060e20ca6ca6de13d114a5b1b14cf4e1fd9ffccc3f7ec4453bb00d8b5646f1,bb648d4a4744a77ca524646f6b9f9bf01eb48aaca6456ada887afa9d51e291e7
P1_a07,4,0;5;9;10,I;aVF;V4;V5,936,0.9142107457269673,0.6811594202898551,0.7876230661040787,0.684191779938539,0.690803359999576,binary;multiclass,0.9271425844626837,0.6287625418060201,0.7230769230769231,0.5538461538461539,0.9628086419753086,0.8888888888888888,0.8888888888888888,0.9,0.9103800652438786,0.6563467492260062,0.6424242424242425,0.5757575757575758,0.9506923160731964,0.8598639455782313,0.8337730870712401,0.7941952506596306,0.856871537099446,0.3870967741935484,0.36585365853658536,0.32926829268292684,6.774263600000268,42,287148bfd01ac67b5192268c6c69cc4cc230c004bdfdf332285f38a3b43b08dd,c175815089a491399700d9c586c067665dd8b48251196512f77a0b7e2732d91c,34060e20ca6ca6de13d114a5b1b14cf4e1fd9ffccc3f7ec4453bb00d8b5646f1,b2b9d9e3a69ca67a227a4b25024ada93a3c2e524ef34375c52dfc7f196a1cf51
P1_a07,4,0;5;9;11,I;aVF;V4;V6,936,0.9141911277863607,0.6869565217391305,0.7808988764044944,0.6870864597981802,0.6949523401354278,binary;multiclass,0.9292803970223326,0.6291390728476821,0.7307692307692307,0.5769230769230769,0.9634259259259261,0.8888888888888888,0.8888888888888888,0.9055555555555556,0.9099241441653894,0.658307210031348,0.6363636363636364,0.5696969696969697,0.9526487070292701,0.8590971272229823,0.8284960422163589,0.7941952506596306,0.8588136174101788,0.4,0.3902439024390244,0.3170731707317073,6.772286400002486,42,287148bfd01ac67b5192268c6c69cc4cc230c004bdfdf332285f38a3b43b08dd,c175815089a491399700d9c586c067665dd8b48251196512f77a0b7e2732d91c,34060e20ca6ca6de13d114a5b1b14cf4e1fd9ffccc3f7ec4453bb00d8b5646f1,61b346780a165d485b9e8843bac9def47f992ffc8b9e70be90df6050223d9087
P1_a07,4,0;5;10;11,I;aVF;V5;V6,936,0.9144608744697026,0.6985507246376812,0.7905027932960894,0.6784448588116171,0.6862239537353766,binary;multiclass,0.9287268562702806,0.6245847176079734,0.7230769230769231,0.5384615384615384,0.9638668430335099,0.8888888888888888,0.8888888888888888,0.9055555555555556,0.9070549856542074,0.668693009118541,0.6666666666666666,0.6060606060606061,0.9507965306035443,0.8547945205479452,0.8232189973614775,0.7941952506596306,0.8649682983949277,0.35526315789473684,0.32926829268292684,0.34146341463414637,6.772591100001591,42,287148bfd01ac67b5192268c6c69cc4cc230c004bdfdf332285f38a3b43b08dd,c175815089a491399700d9c586c067665dd8b48251196512f77a0b7e2732d91c,34060e20ca6ca6de13d114a5b1b14cf4e1fd9ffccc3f7ec4453bb00d8b5646f1,3f407c3af4e8967958a415c0e350ae1255b27bf57ec601e3ea0e6a55c2f1d1a8
P1_a07,4,0;6;7;8,I;V1;V2;V3,936,0.9126511194487359,0.6782608695652174,0.782608695652174,0.689982903096826,0.6989369400290308,binary;multiclass,0.9264840618438634,0.6066666666666667,0.7,0.5769230769230769,0.9647633744855968,0.8919667590027701,0.8944444444444445,0.9222222222222223,0.9017332861690839,0.6811145510835913,0.6666666666666666,0.5878787878787879,0.9601663642866278,0.8725761772853186,0.8311345646437994,0.8337730870712401,0.8655680584908894,0.39759036144578314,0.4024390243902439,0.3780487804878049,6.811729000000923,42,287148bfd01ac67b5192268c6c69cc4cc230c004bdfdf332285f38a3b43b08dd,c175815089a491399700d9c586c067665dd8b48251196512f77a0b7e2732d91c,34060e20ca6ca6de13d114a5b1b14cf4e1fd9ffccc3f7ec4453bb00d8b5646f1,c450f6acef177036356b9a6bb269cb34b1da1d2d56e55d59dfff6738e0bf3a9a
P1_a07,4,0;6;7;9,I;V1;V2;V4,936,0.9173250937982785,0.6869565217391305,0.7972222222222223,0.6951897929851344,0.7054728286493522,binary;multiclass,0.9265317808742127,0.6254071661237784,0.7384615384615385,0.5769230769230769,0.9640138154027043,0.8950276243093923,0.9,0.9222222222222223,0.9100263333726368,0.6749226006191951,0.6606060606060606,0.6181818181818182,0.9600100424911063,0.8706536856745479,0.8258575197889182,0.8522427440633246,0.8542725766836123,0.40993788819875776,0.4024390243902439,0.3902439024390244,6.868678200000431,42,287148bfd01ac67b5192268c6c69cc4cc230c004bdfdf332285f38a3b43b08dd,c175815089a491399700d9c586c067665dd8b48251196512f77a0b7e2732d91c,34060e20ca6ca6de13d114a5b1b14cf4e1fd9ffccc3f7ec4453bb00d8b5646f1,d1aff13e26a6532ea67e807b0ef454ea3f5a61005e910c161c22970f1a0eb60c
P1_a07,4,0;6;7;10,I;V1;V2;V5,936,0.9178596826798108,0.6840579710144927,0.7972027972027972,0.6871697106715509,0.695621318853187,binary;multiclass,0.9263886237831647,0.6025641025641025,0.7230769230769231,0.5384615384615384,0.9660787771898883,0.9101123595505618,0.9,0.9166666666666666,0.909939865581889,0.6584615384615384,0.6484848484848484,0.5878787878787879,0.9595742362732884,0.8698060941828255,0.8284960422163589,0.8311345646437994,0.8512594962015193,0.39490445859872614,0.3780487804878049,0.3902439024390244,6.811484000001656,42,287148bfd01ac67b5192268c6c69cc4cc230c004bdfdf332285f38a3b43b08dd,c175815089a491399700d9c586c067665dd8b48251196512f77a0b7e2732d91c,34060e20ca6ca6de13d114a5b1b14cf4e1fd9ffccc3f7ec4453bb00d8b5646f1,6f74a31d565c887edef3d3ffdad08bc09876442d17aba7c00cc9327f70a8bf8b
P1_a07,4,0;6;7;11,I;V1;V2;V6,936,0.9170945829961501,0.6811594202898551,0.8039772727272727,0.6906599379680988,0.7022600836964695,binary;multiclass,0.9304542851689253,0.6222222222222222,0.7538461538461538,0.5615384615384615,0.9683127572016461,0.9025069637883009,0.9,0.9166666666666666,0.9046967731792634,0.6646153846153846,0.6545454545454545,0.5878787878787879,0.9605926964562324,0.8639551192145862,0.8126649076517151,0.8443271767810027,0.8604986576797852,0.4,0.3902439024390244,0.3780487804878049,6.76251240000056,42,287148bfd01ac67b5192268c6c69cc4cc230c004bdfdf332285f38a3b43b08dd,c175815089a491399700d9c586c067665dd8b48251196512f77a0b7e2732d91c,34060e20ca6ca6de13d114a5b1b14cf4e1fd9ffccc3f7ec4453bb00d8b5646f1,c5b9608644d91f6d9c79d6be91f393451e7276907568db6fef422a9b53a2f707
P1_a07,4,0;6;8;9,I;V1;V3;V4,936,0.9155349567179186,0.6898550724637681,0.7944055944055944,0.6934241232905349,0.7036773008116081,binary;multiclass,0.9277438442450849,0.6233766233766234,0.7384615384615385,0.5923076923076923,0.9645943562610231,0.8919667590027701,0.8944444444444445,0.9166666666666666,0.9094210588374014,0.677115987460815,0.6545454545454545,0.6060606060606061,0.9563530598807217,0.8722222222222222,0.8284960422163589,0.8364116094986808,0.857371337179414,0.4024390243902439,0.4024390243902439,0.3780487804878049,6.763575499997387,42,287148bfd01ac67b5192268c6c69cc4cc230c004bdfdf332285f38a3b43b08dd,c175815089a491399700d9c586c067665dd8b48251196512f77a0b7e2732d91c,34060e20ca6ca6de13d114a5b1b14cf4e1fd9ffccc3f7ec4453bb00d8b5646f1,5b2a50294717d2086fe21af803afd1de213d28ec232da6f14c388010fa32877a
P1_a07,4,0;6;8;10,I;V1;V3;V5,936,0.9165011402927978,0.7014492753623188,0.8033707865168539,0.685005756247649,0.6936096448902935,binary;multiclass,0.9280110708150411,0.6089743589743589,0.7307692307692307,0.5769230769230769,0.9658215755437978,0.8944444444444445,0.8944444444444445,0.9166666666666666,0.9118500176865936,0.6645962732919255,0.6484848484848484,0.6,0.956732021809259,0.8674033149171271,0.8284960422163589,0.8364116094986808,0.8524875763980122,0.38961038961038963,0.36585365853658536,0.3780487804878049,6.771221200000582,42,287148bfd01ac67b5192268c6c69cc4cc230c004bdfdf332285f38a3b43b08dd,c175815089a491399700d9c586c067665dd8b48251196512f77a0b7e2732d91c,34060e20ca6ca6de13d114a5b1b14cf4e1fd9ffccc3f7ec4453bb00d8b5646f1,6ef0d528adbbe3ddd73ed308011fab60ea592d086c86f822bd56a0abe2b8b9ac
P1_a07,4,0;6;8;11,I;V1;V3;V6,936,0.9161725397876359,0.6840579710144927,0.7966101694915254,0.689599215938746,0.6999270112301839,binary;multiclass,0.9297480435197556,0.6012658227848101,0.7307692307692307,0.5538461538461539,0.967092886537331,0.8975069252077562,0.9,0.9222222222222223,0.9080297134771843,0.6604938271604939,0.6484848484848484,0.6121212121212121,0.9585320909698107,0.8683473389355743,0.8179419525065963,0.8390501319261213,0.8601844976295197,0.42038216560509556,0.4024390243902439,0.3780487804878049,6.745453900002758,42,287148bfd01ac67b5192268c6c69cc4cc230c004bdfdf332285f38a3b43b08dd,c175815089a491399700d9c586c067665dd8b48251196512f77a0b7e2732d91c,34060e20ca6ca6de13d114a5b1b14cf4e1fd9ffccc3f7ec4453bb00d8b5646f1,8060124c7307ce500639b131a121cfa939eaaff803582b5235e1a306321bef3c
P1_a07,4,0;6;9;10,I;V1;V4;V5,936,0.9187621079477183,0.6927536231884058,0.7972027972027972,0.6877848759135011,0.6981557554786205,binary;multiclass,0.9254437869822485,0.6114649681528662,0.7384615384615385,0.5384615384615384,0.9639329805996473,0.9,0.9,0.9166666666666666,0.9145305191997799,0.6770186335403726,0.6606060606060606,0.6,0.9568741325324603,0.8730822873082287,0.8258575197889182,0.8337730870712401,0.8475609756097561,0.37735849056603776,0.36585365853658536,0.3170731707317073,6.763211200002843,42,287148bfd01ac67b5192268c6c69cc4cc230c004bdfdf332285f38a3b43b08dd,c175815089a491399700d9c586c067665dd8b48251196512f77a0b7e2732d91c,34060e20ca6ca6de13d114a5b1b14cf4e1fd9ffccc3f7ec4453bb00d8b5646f1,835ab85af7f04fff26ace15d3ccef6598b0fe688d1202125bebb662d96fc4e77
P1_a07,4,0;6;9;11,I;V1;V4;V6,936,0.9189043380171168,0.6840579710144927,0.803894297635605,0.678662800733221,0.6888735263849493,binary;multiclass,0.9281446841000192,0.6129032258064516,0.7307692307692307,0.5692307692307692,0.9651381540270428,0.8944444444444445,0.8944444444444445,0.9222222222222223,0.9140667374130409,0.6707317073170732,0.6666666666666666,0.6060606060606061,0.9590342155251228,0.8690807799442897,0.8232189973614775,0.8337730870712401,0.8549008967841435,0.34615384615384615,0.32926829268292684,0.3048780487804878,6.758176300001651,42,287148bfd01ac67b5192268c6c69cc4cc230c004bdfdf332285f38a3b43b08dd,c175815089a491399700d9c586c067665dd8b48251196512f77a0b7e2732d91c,34060e20ca6ca6de13d114a5b1b14cf4e1fd9ffccc3f7ec4453bb00d8b5646f1,f709c9048669d375c709a3fadea9f356930a7dbb5caddeab81ae47908ba7d004
P1_a07,4,0;6;10;11,I;V1;V5;V6,936,0.9172956668873686,0.6753623188405797,0.7966573816155988,0.678265889301984,0.6885711521247914,binary;multiclass,0.9282687535789272,0.6134185303514377,0.7384615384615385,0.5230769230769231,0.966005291005291,0.9,0.9,0.9111111111111111,0.9119443461855913,0.6666666666666666,0.6545454545454545,0.5818181818181818,0.9589773712358423,0.8650904033379694,0.820580474934037,0.8311345646437994,0.8575426972068316,0.34615384615384615,0.32926829268292684,0.3048780487804878,6.753532399998221,42,287148bfd01ac67b5192268c6c69cc4cc230c004bdfdf332285f38a3b43b08dd,c175815089a491399700d9c586c067665dd8b48251196512f77a0b7e2732d91c,34060e20ca6ca6de13d114a5b1b14cf4e1fd9ffccc3f7ec4453bb00d8b5646f1,3c4ee45aaf086578df8471faa4f4fd42abbf8c897871ac8f77e3eb0e4d757596
P1_a07,4,0;7;8;9,I;V2;V3;V4,936,0.9148041884303196,0.6579710144927536,0.7867950481430537,0.6871199973044141,0.697317148675666,binary;multiclass,0.9281255964878794,0.6233766233766234,0.7384615384615385,0.5846153846153846,0.9645502645502646,0.8888888888888888,0.8888888888888888,0.9111111111111111,0.9081476241009314,0.6646341463414634,0.6606060606060606,0.5878787878787879,0.9561067346271725,0.8662952646239555,0.820580474934037,0.8258575197889182,0.8522019763523162,0.3924050632911392,0.3780487804878049,0.36585365853658536,6.747351599999092,42,287148bfd01ac67b5192268c6c69cc4cc230c004bdfdf332285f38a3b43b08dd,c175815089a491399700d9c586c067665dd8b48251196512f77a0b7e2732d91c,34060e20ca6ca6de13d114a5b1b14cf4e1fd9ffccc3f7ec4453bb00d8b5646f1,7ce377df17de620018475a68153a10cb7766746e7c40786490618dcca81182dc
P1_a07,4,0;7;8;10,I;V2;V3;V5,936,0.9159861693518723,0.6898550724637681,0.7928176795580111,0.68089383526392,0.690630000170511,binary;multiclass,0.9286791372399312,0.6123778501628665,0.7230769230769231,0.5538461538461539,0.9659318048206937,0.8944444444444445,0.8944444444444445,0.9111111111111111,0.9105608615336243,0.668693009118541,0.6666666666666666,0.593939393939394,0.9560214681932516,0.8595271210013908,0.8153034300791556,0.8153034300791556,0.8513737362197978,0.36942675159235666,0.35365853658536583,0.3170731707317073,6.640219299999444,42,287148bfd01ac67b5192268c6c69cc4cc230c004bdfdf332285f38a3b43b08dd,c175815089a491399700d9c586c067665dd8b48251196512f77a0b7e2732d91c,34060e20ca6ca6de13d114a5b1b14cf4e1fd9ffccc3f7ec4453bb00d8b5646f1,51976c5d9b981eb0c10146cf5edcd2de0e409d379f0cb48827c7b704bfcbe04e
P1_a07,4,0;7;8;11,I;V2;V3;V6,936,0.9134407415581549,0.6695652173913044,0.7866108786610879,0.6837009045795699,0.6950440206267479,binary;multiclass,0.9301584271807598,0.6163522012578616,0.7538461538461538,0.5615384615384615,0.9666225749559083,0.8944444444444445,0.8944444444444445,0.9111111111111111,0.9068270251149628,0.6707692307692308,0.6606060606060606,0.6,0.9562772674950144,0.8627450980392157,0.8126649076517151,0.8232189973614775,0.8562717770034843,0.3741935483870968,0.35365853658536583,0.34146341463414637,6.571991500000877,42,287148bfd01ac67b5192268c6c69cc4cc230c004bdfdf332285f38a3b43b08dd,c175815089a491399700d9c586c067665dd8b48251196512f77a0b7e2732d91c,34060e20ca6ca6de13d114a5b1b14cf4e1fd9ffccc3f7ec4453bb00d8b5646f1,4a6a6f3c90b20552ae8aa6b7b113da78afc273cf6b903120fb377219c7d66cf3
P1_a07,4,0;7;9;10,I;V2;V4;V5,936,0.9167169376394714,0.6840579710144927,0.7927677329624478,0.6796673293129337,0.6905705662865068,binary;multiclass,0.9261977476617674,0.6188925081433225,0.7307692307692307,0.5153846153846153,0.9648956496178719,0.8994413407821229,0.8944444444444445,0.9111111111111111,0.9108988719883663,0.6706586826347305,0.6787878787878788,0.593939393939394,0.9556709284093547,0.8571428571428571,0.8073878627968337,0.8153034300791556,0.84691837550694,0.3522012578616352,0.34146341463414637,0.34146341463414637,6.575043999997433,42,287148bfd01ac67b5192268c6c69cc4cc230c004bdfdf332285f38a3b43b08dd,c175815089a491399700d9c586c067665dd8b48251196512f77a0b7e2732d91c,34060e20ca6ca6de13d114a5b1b14cf4e1fd9ffccc3f7ec4453bb00d8b5646f1,8727ca7c085d1da964b478cb0b62ec7fb9366db9a119d75002fa2ac7a60067a8
P1_a07,4,0;7;9;11,I;V2;V4;V6,936,0.9168885946197799,0.663768115942029,0.797768479776848,0.6855043307473332,0.695182364667531,binary;multiclass,0.9294999045619393,0.6163934426229508,0.7230769230769231,0.5769230769230769,0.965814226925338,0.895774647887324,0.8833333333333333,0.9166666666666666,0.9113940966081044,0.6746987951807228,0.6787878787878788,0.6121212121212121,0.9567509699056859,0.8579387186629527,0.8126649076517151,0.8100263852242744,0.8527017764322843,0.38271604938271603,0.3780487804878049,0.32926829268292684,6.6000461999974505,42,287148bfd01ac67b5192268c6c69cc4cc230c004bdfdf332285f38a3b43b08dd,c175815089a491399700d9c586c067665dd8b48251196512f77a0b7e2732d91c,34060e20ca6ca6de13d114a5b1b14cf4e1fd9ffccc3f7ec4453bb00d8b5646f1,74a95e952b09cc4be36e727a8f2641d7f703ba4c8673baf728533bca66db2d09
P1_a07,4,0;7;10;11,I;V2;V5;V6,936,0.9158660094656563,0.6579710144927536,0.8022440392706872,0.6793792576429245,0.6896995673667274,binary;multiclass,0.9301966024050392,0.6075949367088608,0.7384615384615385,0.5461538461538461,0.9660714285714286,0.8969359331476323,0.8944444444444445,0.9111111111111111,0.908925834217663,0.6646153846153846,0.6545454545454545,0.6121212121212121,0.9567414958574725,0.8535564853556485,0.8073878627968337,0.8047493403693932,0.8525304164048666,0.3741935483870968,0.35365853658536583,0.3170731707317073,6.578131900001608,42,287148bfd01ac67b5192268c6c69cc4cc230c004bdfdf332285f38a3b43b08dd,c175815089a491399700d9c586c067665dd8b48251196512f77a0b7e2732d91c,34060e20ca6ca6de13d114a5b1b14cf4e1fd9ffccc3f7ec4453bb00d8b5646f1,cd0690aa9e84667d4f08099705b02d7d40abd3e60ae9abafd923fca091d52e42
P1_a07,4,0;8;9;10,I;V3;V4;V5,936,0.9135682581720983,0.6550724637681159,0.7905027932960894,0.6809290060104904,0.692178301852026,binary;multiclass,0.9259209772857415,0.6182965299684543,0.7538461538461538,0.5076923076923077,0.9637566137566138,0.8888888888888888,0.8888888888888888,0.9111111111111111,0.9089336949259129,0.6832298136645962,0.6666666666666666,0.6060606060606061,0.9508770600133584,0.8575418994413407,0.8100263852242744,0.8126649076517151,0.8450476952076312,0.35668789808917195,0.34146341463414637,0.3048780487804878,6.584919799999625,42,287148bfd01ac67b5192268c6c69cc4cc230c004bdfdf332285f38a3b43b08dd,c175815089a491399700d9c586c067665dd8b48251196512f77a0b7e2732d91c,34060e20ca6ca6de13d114a5b1b14cf4e1fd9ffccc3f7ec4453bb00d8b5646f1,afa65e3ab4e4ca225036ce8e188f65dbfce80d5c3a8d893c9cb8b1684390f279
P1_a07,4,0;8;9;11,I;V3;V4;V6,936,0.9136222075087668,0.6666666666666666,0.7983193277310925,0.6763374579869225,0.687104486778211,binary;multiclass,0.9282496659667876,0.6198083067092651,0.7461538461538462,0.5769230769230769,0.9649691358024691,0.8857938718662952,0.8833333333333333,0.9111111111111111,0.9077624493966906,0.6687306501547987,0.6545454545454545,0.6121212121212121,0.9521844786668119,0.8551532033426184,0.8100263852242744,0.8021108179419525,0.852501856400297,0.3522012578616352,0.34146341463414637,0.2926829268292683,6.598047100000258,42,287148bfd01ac67b5192268c6c69cc4cc230c004bdfdf332285f38a3b43b08dd,c175815089a491399700d9c586c067665dd8b48251196512f77a0b7e2732d91c,34060e20ca6ca6de13d114a5b1b14cf4e1fd9ffccc3f7ec4453bb00d8b5646f1,63c27b9b4991a991b64b3b64e08af296604aa383aef459c45e1c6f8b64ccb983
P1_a07,4,0;8;10;11,I;V3;V5;V6,936,0.9133622697957281,0.6753623188405797,0.788218793828892,0.6854636511250182,0.6970563506325138,binary;multiclass,0.9286695934338614,0.6242038216560509,0.7538461538461538,0.5615384615384615,0.9647560258671369,0.8888888888888888,0.8888888888888888,0.9111111111111111,0.9077545886884408,0.676923076923077,0.6666666666666666,0.6,0.9526771291739103,0.8599439775910365,0.8100263852242744,0.8100263852242744,0.8521162963386073,0.37735849056603776,0.36585365853658536,0.3170731707317073,6.606474899999739,42,287148bfd01ac67b5192268c6c69cc4cc230c004bdfdf332285f38a3b43b08dd,c175815089a491399700d9c586c067665dd8b48251196512f77a0b7e2732d91c,34060e20ca6ca6de13d114a5b1b14cf4e1fd9ffccc3f7ec4453bb00d8b5646f1,f5ce1971d8de28e071d8d807188508937f781464eca7a40c9c35657e7a6fd87c
P1_a07,4,0;9;10;11,I;V4;V5;V6,936,0.914843424311533,0.6666666666666666,0.7909604519774012,0.6779194145412848,0.6871808747701662,binary;multiclass,0.9255487688490172,0.6123778501628665,0.7230769230769231,0.5769230769230769,0.9641240446796003,0.8784530386740331,0.8833333333333333,0.9166666666666666,0.9093738945879024,0.6873065015479877,0.6727272727272727,0.6121212121212121,0.9499486032884422,0.8547717842323651,0.8153034300791556,0.7757255936675461,0.8431627349060375,0.35668789808917195,0.34146341463414637,0.3170731707317073,6.654283199997735,42,287148bfd01ac67b5192268c6c69cc4cc230c004bdfdf332285f38a3b43b08dd,c175815089a491399700d9c586c067665dd8b48251196512f77a0b7e2732d91c,34060e20ca6ca6de13d114a5b1b14cf4e1fd9ffccc3f7ec4453bb00d8b5646f1,64c425fe87927a7ba41d5c73e9931f9895dfcfda0fa910f4093121b45387de9e
P1_a07,4,1;2;3;4,II;III;aVR;aVL,936,0.914186223301209,0.6869565217391305,0.7883817427385892,0.6887189924997095,0.6965418680110745,binary;multiclass,0.9300248138957816,0.6533333333333333,0.7538461538461538,0.5923076923076923,0.9664021164021165,0.8839779005524862,0.8888888888888888,0.9,0.9003969657666155,0.6786786786786787,0.6848484848484848,0.6424242424242425,0.952667655125697,0.855191256830601,0.8258575197889182,0.8073878627968337,0.8706374593019935,0.3724137931034483,0.32926829268292684,0.3902439024390244,6.63605589999861,42,287148bfd01ac67b5192268c6c69cc4cc230c004bdfdf332285f38a3b43b08dd,c175815089a491399700d9c586c067665dd8b48251196512f77a0b7e2732d91c,34060e20ca6ca6de13d114a5b1b14cf4e1fd9ffccc3f7ec4453bb00d8b5646f1,3536094dc17cc9fd5b4601f1e46f926df1c6071403d80762ca1676827ee2816a
P1_a07,4,1;2;3;5,II;III;aVR;aVF,936,0.9141518919051471,0.6811594202898551,0.7917241379310345,0.6872592632592383,0.6948319122654665,binary;multiclass,0.9296430616529872,0.6510067114093959,0.7461538461538462,0.5846153846153846,0.9664756025867137,0.8791208791208791,0.8888888888888888,0.9,0.8991078096136461,0.6867469879518072,0.6909090909090909,0.6303030303030303,0.9527102883426575,0.8583106267029973,0.8311345646437994,0.8021108179419525,0.8699662991946079,0.3611111111111111,0.3170731707317073,0.3780487804878049,6.625139799998578,42,287148bfd01ac67b5192268c6c69cc4cc230c004bdfdf332285f38a3b43b08dd,c175815089a491399700d9c586c067665dd8b48251196512f77a0b7e2732d91c,34060e20ca6ca6de13d114a5b1b14cf4e1fd9ffccc3f7ec4453bb00d8b5646f1,79ef0e6d44aed6f92300e768dd63cc9a2f74487e82b605da1813e81f6b3b9e18
P1_a07,4,1;2;3;6,II;III;aVR;V1,936,0.914588391083646,0.6579710144927536,0.7867036011080333,0.6850285061223256,0.6933916326431933,binary;multiclass,0.9324107654132467,0.6402640264026402,0.7461538461538462,0.6230769230769231,0.9682098765432099,0.8895027624309392,0.8944444444444445,0.9,0.9045159768895178,0.6584615384615384,0.6484848484848484,0.6,0.9590105304045892,0.8684931506849315,0.8364116094986808,0.8337730870712401,0.8684526189524191,0.3684210526315789,0.34146341463414637,0.36585365853658536,6.572331100000156,42,287148bfd01ac67b5192268c6c69cc4cc230c004bdfdf332285f38a3b43b08dd,c175815089a491399700d9c586c067665dd8b48251196512f77a0b7e2732d91c,34060e20ca6ca6de13d114a5b1b14cf4e1fd9ffccc3f7ec4453bb00d8b5646f1,2a0761e8bd4968cc7dffeb6902f6ae0a9e8b2ee1936e518826e2ecbd27bda274
P1_a07,4,1;2;3;7,II;III;aVR;V2,936,0.9147894749748645,0.6956521739130435,0.7816411682892906,0.6994434821388225,0.7054719245902719,binary;multiclass,0.932677991983203,0.6488294314381271,0.7461538461538462,0.6230769230769231,0.9677469135802469,0.8938547486033519,0.8888888888888888,0.9,0.9037377667727863,0.696969696969697,0.696969696969697,0.5878787878787879,0.9557656688914891,0.8656716417910447,0.841688654353562,0.8047493403693932,0.8639401382304221,0.3918918918918919,0.35365853658536583,0.3780487804878049,6.604971400000068,42,287148bfd01ac67b5192268c6c69cc4cc230c004bdfdf332285f38a3b43b08dd,c175815089a491399700d9c586c067665dd8b48251196512f77a0b7e2732d91c,34060e20ca6ca6de13d114a5b1b14cf4e1fd9ffccc3f7ec4453bb00d8b5646f1,cd88065a49c8b8fb716c4de8d85eff64519e1e95d52f2890c5836c4092fba88d
P1_a07,4,1;2;3;8,II;III;aVR;V3,936,0.9134456460433067,0.6753623188405797,0.7843137254901961,0.688396225913886,0.6952642045157651,binary;multiclass,0.9291372399312845,0.6375838926174496,0.7307692307692307,0.5846153846153846,0.9658877131099353,0.8913649025069638,0.8888888888888888,0.9,0.9079668278111859,0.6808510638297872,0.6787878787878788,0.5818181818181818,0.9536813782845341,0.8637602179836512,0.8364116094986808,0.8073878627968337,0.8615553778488605,0.3684210526315789,0.34146341463414637,0.32926829268292684,6.619948399998975,42,287148bfd01ac67b5192268c6c69cc4cc230c004bdfdf332285f38a3b43b08dd,c175815089a491399700d9c586c067665dd8b48251196512f77a0b7e2732d91c,34060e20ca6ca6de13d114a5b1b14cf4e1fd9ffccc3f7ec4453bb00d8b5646f1,2857e8fb1b1500b727b3641bfda8cbaf7a32d1b0f22de463b3b4f088e2b8f736
P1_a07,4,1;2;3;9,II;III;aVR;V4,936,0.9152112606979083,0.6898550724637681,0.7787114845938375,0.6819013325795626,0.6901302995150733,binary;multiclass,0.9283260164153464,0.6351351351351351,0.7230769230769231,0.5769230769230769,0.9634038800705468,0.8895027624309392,0.8944444444444445,0.9,0.9104979758676258,0.6788990825688074,0.6727272727272727,0.593939393939394,0.9521513194980649,0.8641975308641975,0.8311345646437994,0.8100263852242744,0.8555434968869595,0.34177215189873417,0.32926829268292684,0.3048780487804878,6.599639899999602,42,287148bfd01ac67b5192268c6c69cc4cc230c004bdfdf332285f38a3b43b08dd,c175815089a491399700d9c586c067665dd8b48251196512f77a0b7e2732d91c,34060e20ca6ca6de13d114a5b1b14cf4e1fd9ffccc3f7ec4453bb00d8b5646f1,372f9092556191fbfce10f238328a22503c5d2f9378763d42c8c805654078260
P1_a07,4,1;2;3;10,II;III;aVR;V5,936,0.9148924691630497,0.6927536231884058,0.7819971870604782,0.6764676599613787,0.6835346709907493,binary;multiclass,0.9292899408284024,0.6190476190476191,0.7,0.5692307692307692,0.9645429159318049,0.8913649025069638,0.8888888888888888,0.9055555555555556,0.9079432456864363,0.6585365853658537,0.6545454545454545,0.5818181818181818,0.9506259977357026,0.8508891928864569,0.820580474934037,0.7941952506596306,0.8665676586508253,0.3625,0.35365853658536583,0.35365853658536583,6.578233200001705,42,287148bfd01ac67b5192268c6c69cc4cc230c004bdfdf332285f38a3b43b08dd,c175815089a491399700d9c586c067665dd8b48251196512f77a0b7e2732d91c,34060e20ca6ca6de13d114a5b1b14cf4e1fd9ffccc3f7ec4453bb00d8b5646f1,c056d8346b4a33f5327925e138b32d7c3e7abd4744616888946c9f9d482e3129
P1_a07,4,1;2;3;11,II;III;aVR;V6,936,0.9144657789548541,0.672463768115942,0.7914893617021277,0.6780560327666142,0.6858341412611313,binary;multiclass,0.9303493033021569,0.6258064516129033,0.7461538461538462,0.5615384615384615,0.9664902998236332,0.8938547486033519,0.8888888888888888,0.9,0.9021577644145738,0.65625,0.6363636363636364,0.5818181818181818,0.9497259631554265,0.8567530695770805,0.8284960422163589,0.7941952506596306,0.8711943793911007,0.3576158940397351,0.32926829268292684,0.3170731707317073,6.574816700001975,42,287148bfd01ac67b5192268c6c69cc4cc230c004bdfdf332285f38a3b43b08dd,c175815089a491399700d9c586c067665dd8b48251196512f77a0b7e2732d91c,34060e20ca6ca6de13d114a5b1b14cf4e1fd9ffccc3f7ec4453bb00d8b5646f1,7b67e2e6faaf8fe4fe8111511ab7c5d97a16e7103547d61455e4ed8af5af830d
P1_a07,4,1;2;4;5,II;III;aVL;aVF,936,0.914039088746659,0.6869565217391305,0.7917241379310345,0.6938323762173331,0.7026858740218673,binary;multiclass,0.9297194121015461,0.6534653465346535,0.7615384615384615,0.6,0.9652263374485597,0.8821917808219178,0.8944444444444445,0.9,0.9012380615493457,0.6807228915662651,0.6848484848484848,0.6242424242424243,0.952899769306926,0.8665749656121046,0.8311345646437994,0.8126649076517151,0.8698377791740447,0.38620689655172413,0.34146341463414637,0.32926829268292684,6.578366699999606,42,287148bfd01ac67b5192268c6c69cc4cc230c004bdfdf332285f38a3b43b08dd,c175815089a491399700d9c586c067665dd8b48251196512f77a0b7e2732d91c,34060e20ca6ca6de13d114a5b1b14cf4e1fd9ffccc3f7ec4453bb00d8b5646f1,a72d7e9b09aebed8f556b17a6cc2ccb0466d5a3671fb5e792a7db1612411d445
P1_a07,4,1;2;4;6,II;III;aVL;V1,936,0.9134456460433066,0.6811594202898551,0.7794729542302358,0.6873691094941675,0.6957601729273007,binary;multiclass,0.9312559648787937,0.6339869281045751,0.7461538461538462,0.5923076923076923,0.9680335097001763,0.8864265927977839,0.8888888888888888,0.9,0.9040836379357781,0.6728395061728395,0.6606060606060606,0.593939393939394,0.9589773712358423,0.8751714677640604,0.841688654353562,0.8284960422163589,0.8665819386531102,0.3684210526315789,0.34146341463414637,0.36585365853658536,6.555684200000542,42,287148bfd01ac67b5192268c6c69cc4cc230c004bdfdf332285f38a3b43b08dd,c175815089a491399700d9c586c067665dd8b48251196512f77a0b7e2732d91c,34060e20ca6ca6de13d114a5b1b14cf4e1fd9ffccc3f7ec4453bb00d8b5646f1,f50ac83c50679146e568576cbc5d77a452993a8b1498c8d56d41ae86d00e28db
P1_a07,4,1;2;4;7,II;III;aVL;V2,936,0.914004757350597,0.6782608695652174,0.7752808988764045,0.6946241859331928,0.7018601830629632,binary;multiclass,0.9320385569765223,0.6535947712418301,0.7692307692307693,0.5846153846153846,0.9679379776601998,0.8907563025210085,0.8833333333333333,0.9,0.9031167708210509,0.676923076923077,0.6666666666666666,0.5878787878787879,0.9558130391325561,0.8625850340136054,0.8364116094986808,0.8100263852242744,0.8670817387330783,0.38926174496644295,0.35365853658536583,0.35365853658536583,6.623617299999751,42,287148bfd01ac67b5192268c6c69cc4cc230c004bdfdf332285f38a3b43b08dd,c175815089a491399700d9c586c067665dd8b48251196512f77a0b7e2732d91c,34060e20ca6ca6de13d114a5b1b14cf4e1fd9ffccc3f7ec4453bb00d8b5646f1,ccf0f42257dc6d6f3dd03bed3446b8f1cbea4b54ca79b66847242deaeb0c0d1a
P1_a07,4,1;2;4;8,II;III;aVL;V3,936,0.9141322739645406,0.663768115942029,0.7932960893854749,0.6867270275723947,0.6948319122654665,binary;multiclass,0.9283641916396259,0.6402640264026402,0.7461538461538462,0.5615384615384615,0.9653365667254555,0.8913649025069638,0.8888888888888888,0.9,0.9096175765436466,0.6888217522658611,0.6909090909090909,0.5757575757575758,0.9529187174033528,0.8618331053351573,0.8311345646437994,0.7915567282321899,0.8627691780430685,0.35135135135135137,0.3170731707317073,0.3048780487804878,6.524169600001187,42,287148bfd01ac67b5192268c6c69cc4cc230c004bdfdf332285f38a3b43b08dd,c175815089a491399700d9c586c067665dd8b48251196512f77a0b7e2732d91c,34060e20ca6ca6de13d114a5b1b14cf4e1fd9ffccc3f7ec4453bb00d8b5646f1,b0b6a5c040a7f9838fd04a0d09eea7f70b084f1a0931cfb29566ec83e868f3bd
P1_a07,4,1;2;4;9,II;III;aVL;V4,936,0.9160401186885407,0.6985507246376812,0.7877094972067039,0.6867179055908937,0.6932593384977708,binary;multiclass,0.9266940255774003,0.6237288135593221,0.7076923076923077,0.5769230769230769,0.9631172839506174,0.8913649025069638,0.8888888888888888,0.9055555555555556,0.9117163856463467,0.6851851851851852,0.6727272727272727,0.5696969696969697,0.9518813091239821,0.8583106267029973,0.8311345646437994,0.8126649076517151,0.8560004569600732,0.375,0.36585365853658536,0.2804878048780488,6.524242700001196,42,287148bfd01ac67b5192268c6c69cc4cc230c004bdfdf332285f38a3b43b08dd,c175815089a491399700d9c586c067665dd8b48251196512f77a0b7e2732d91c,34060e20ca6ca6de13d114a5b1b14cf4e1fd9ffccc3f7ec4453bb00d8b5646f1,5b0cbe37b0c4d5ff31c29047a154893eb5a8a02bdc643741667f3b8f3dbe631a
P1_a07,4,1;2;4;10,II;III;aVL;V5,936,0.9153731087079134,0.6985507246376812,0.7854137447405329,0.6779439583865365,0.6852298447703558,binary;multiclass,0.9280969650696698,0.6153846153846154,0.7076923076923077,0.5615384615384615,0.9644473838918285,0.8913649025069638,0.8888888888888888,0.9055555555555556,0.9088315057186651,0.6586102719033232,0.6606060606060606,0.5818181818181818,0.9503417762892994,0.8477366255144033,0.8153034300791556,0.7810026385224275,0.8681670189067231,0.37662337662337664,0.35365853658536583,0.36585365853658536,6.49669040000299,42,287148bfd01ac67b5192268c6c69cc4cc230c004bdfdf332285f38a3b43b08dd,c175815089a491399700d9c586c067665dd8b48251196512f77a0b7e2732d91c,34060e20ca6ca6de13d114a5b1b14cf4e1fd9ffccc3f7ec4453bb00d8b5646f1,da9162e539e330b30911662985ec52454352fdb773b4512b0dc4f3a987bfd9a4
P1_a07,4,1;2;4;11,II;III;aVL;V6,936,0.9149660364403248,0.6695652173913044,0.7988668555240793,0.6755752528035425,0.683963741530509,binary;multiclass,0.9298530253865243,0.6258064516129033,0.7461538461538462,0.5692307692307692,0.9660567313345091,0.8944444444444445,0.8944444444444445,0.9,0.9034862241087924,0.6645962732919255,0.6484848484848484,0.593939393939394,0.9503512503375129,0.855191256830601,0.8258575197889182,0.8073878627968337,0.870751699320272,0.33783783783783783,0.3048780487804878,0.3048780487804878,6.518578299997898,42,287148bfd01ac67b5192268c6c69cc4cc230c004bdfdf332285f38a3b43b08dd,c175815089a491399700d9c586c067665dd8b48251196512f77a0b7e2732d91c,34060e20ca6ca6de13d114a5b1b14cf4e1fd9ffccc3f7ec4453bb00d8b5646f1,f6f93870b34a1e22e3f537496c0055234700b91c1ab672b76d43ca5b04944980
P1_a07,4,1;2;5;6,II;III;aVF;V1,936,0.9129208661320778,0.6840579710144927,0.790633608815427,0.6867746960159695,0.694423075547987,binary;multiclass,0.930406566138576,0.625,0.7307692307692307,0.6230769230769231,0.9669973544973546,0.8864265927977839,0.8888888888888888,0.9055555555555556,0.9024171677868175,0.668693009118541,0.6666666666666666,0.5757575757575758,0.9604411116848174,0.877914951989026,0.8443271767810027,0.8390501319261213,0.867238818758211,0.37583892617449666,0.34146341463414637,0.35365853658536583,6.509995100001106,42,287148bfd01ac67b5192268c6c69cc4cc230c004bdfdf332285f38a3b43b08dd,c175815089a491399700d9c586c067665dd8b48251196512f77a0b7e2732d91c,34060e20ca6ca6de13d114a5b1b14cf4e1fd9ffccc3f7ec4453bb00d8b5646f1,a260df3837428fb32505673b9e7aff65d007bf0c183db92a1be017455c97faa1
P1_a07,4,1;2;5;7,II;III;aVF;V2,936,0.9137546286078618,0.6927536231884058,0.7815126050420168,0.6951228971033951,0.7028561581499351,binary;multiclass,0.9321626264554305,0.6558441558441559,0.7769230769230769,0.6,0.9674015285126396,0.8907563025210085,0.8833333333333333,0.9,0.9022678143300711,0.676737160120846,0.6787878787878788,0.5878787878787879,0.9562204232057336,0.8633879781420765,0.8337730870712401,0.8100263852242744,0.8634260581481693,0.3888888888888889,0.34146341463414637,0.35365853658536583,6.514701899999636,42,287148bfd01ac67b5192268c6c69cc4cc230c004bdfdf332285f38a3b43b08dd,c175815089a491399700d9c586c067665dd8b48251196512f77a0b7e2732d91c,34060e20ca6ca6de13d114a5b1b14cf4e1fd9ffccc3f7ec4453bb00d8b5646f1,e3ce6bce50ba750aa61538584637b3567ecfffa17de4b729ff2dd3cb2ff9daf4
P1_a07,4,1;2;5;8,II;III;aVF;V3,936,0.9134897864096715,0.6782608695652174,0.7905027932960894,0.6844053367124744,0.6922974756400331,binary;multiclass,0.9280969650696698,0.6333333333333333,0.7307692307692307,0.5538461538461539,0.964594356261023,0.8888888888888888,0.8888888888888888,0.9,0.9084856345556733,0.6787878787878788,0.6787878787878788,0.5696969696969697,0.9535629526818663,0.8657534246575342,0.8337730870712401,0.8100263852242744,0.8605557776889244,0.35526315789473684,0.32926829268292684,0.3048780487804878,6.523701099999016,42,287148bfd01ac67b5192268c6c69cc4cc230c004bdfdf332285f38a3b43b08dd,c175815089a491399700d9c586c067665dd8b48251196512f77a0b7e2732d91c,34060e20ca6ca6de13d114a5b1b14cf4e1fd9ffccc3f7ec4453bb00d8b5646f1,8281b475ef13965fe49fbb9121ea4926d36a03046f37a4d2af806eb21011af18
P1_a07,4,1;2;5;9,II;III;aVF;V4,936,0.9154810073812503,0.7043478260869566,0.7815126050420168,0.6774141350103126,0.6852279786484047,binary;multiclass,0.9272380225233824,0.6241610738255033,0.7153846153846154,0.5923076923076923,0.9627131099353322,0.8888888888888888,0.8888888888888888,0.9055555555555556,0.9108281256141179,0.6708074534161491,0.6545454545454545,0.5878787878787879,0.9521702675944919,0.8575342465753425,0.8258575197889182,0.8284960422163589,0.8549008967841436,0.345679012345679,0.34146341463414637,0.3048780487804878,6.529816400001437,42,287148bfd01ac67b5192268c6c69cc4cc230c004bdfdf332285f38a3b43b08dd,c175815089a491399700d9c586c067665dd8b48251196512f77a0b7e2732d91c,34060e20ca6ca6de13d114a5b1b14cf4e1fd9ffccc3f7ec4453bb00d8b5646f1,5ce8d4f5c85f226829a6761fb8471db0b925fb7343fe37a4976a206e64e7b402
P1_a07,4,1;2;5;10,II;III;aVF;V5,936,0.9154613894406435,0.6927536231884058,0.7865168539325843,0.6796532866904066,0.6861137595341855,binary;multiclass,0.9287841191066998,0.6195286195286195,0.7076923076923077,0.5923076923076923,0.9639256319811875,0.8938547486033519,0.8888888888888888,0.9,0.9093738945879023,0.6707317073170732,0.6666666666666666,0.5878787878787879,0.9497685963723869,0.8528610354223434,0.8258575197889182,0.783641160949868,0.8639829782372765,0.36129032258064514,0.34146341463414637,0.32926829268292684,6.512656099999731,42,287148bfd01ac67b5192268c6c69cc4cc230c004bdfdf332285f38a3b43b08dd,c175815089a491399700d9c586c067665dd8b48251196512f77a0b7e2732d91c,34060e20ca6ca6de13d114a5b1b14cf4e1fd9ffccc3f7ec4453bb00d8b5646f1,630fc249037ae35e983e356fd20500e41058f727445f31fec100602308208e46
P1_a07,4,1;2;5;11,II;III;aVF;V6,936,0.9147159076975894,0.672463768115942,0.7908961593172119,0.679107226801841,0.687186326626445,binary;multiclass,0.929728955907616,0.6261980830670927,0.7538461538461538,0.5692307692307692,0.9659905937683715,0.8938547486033519,0.8888888888888888,0.9,0.9025507998270644,0.6708074534161491,0.6545454545454545,0.5878787878787879,0.9501286102044973,0.8622100954979536,0.8337730870712401,0.8100263852242744,0.8665533786485405,0.3424657534246575,0.3048780487804878,0.34146341463414637,6.504481500000111,42,287148bfd01ac67b5192268c6c69cc4cc230c004bdfdf332285f38a3b43b08dd,c175815089a491399700d9c586c067665dd8b48251196512f77a0b7e2732d91c,34060e20ca6ca6de13d114a5b1b14cf4e1fd9ffccc3f7ec4453bb00d8b5646f1,3805be8ff2578d85e46aaf5d0a1e45288c5ac0543489867e3c28f1756ed8c8f6
P1_a07,4,1;2;6;7,II;III;V1;V2,936,0.9149415140145662,0.6811594202898551,0.7898448519040903,0.6986463799188004,0.7061803073830875,binary;multiclass,0.9313991219698416,0.6556291390728477,0.7615384615384615,0.5923076923076923,0.9675852439741328,0.8994413407821229,0.8944444444444445,0.9055555555555556,0.9024093070785678,0.6827794561933535,0.6848484848484848,0.593939393939394,0.9591621151760041,0.8661202185792349,0.8364116094986808,0.8337730870712401,0.8665533786485405,0.38926174496644295,0.35365853658536583,0.32926829268292684,6.516502300000866,42,287148bfd01ac67b5192268c6c69cc4cc230c004bdfdf332285f38a3b43b08dd,c175815089a491399700d9c586c067665dd8b48251196512f77a0b7e2732d91c,34060e20ca6ca6de13d114a5b1b14cf4e1fd9ffccc3f7ec4453bb00d8b5646f1,5d57e941965d219c45cce87d6e6ce4b2a9185e30395c345bbadecfdc0dac89b1
P1_a07,4,1;2;6;8,II;III;V1;V3,936,0.913126854508448,0.663768115942029,0.7864214992927864,0.680025095421227,0.6875345628836844,binary;multiclass,0.9289654514220271,0.6287625418060201,0.7230769230769231,0.5769230769230769,0.9658215755437978,0.8944444444444445,0.8944444444444445,0.9055555555555556,0.9091223519239083,0.668693009118541,0.6666666666666666,0.5818181818181818,0.9565851740619508,0.8661202185792349,0.8364116094986808,0.8047493403693932,0.865810818529731,0.34210526315789475,0.3170731707317073,0.3170731707317073,6.5264172999995935,42,287148bfd01ac67b5192268c6c69cc4cc230c004bdfdf332285f38a3b43b08dd,c175815089a491399700d9c586c067665dd8b48251196512f77a0b7e2732d91c,34060e20ca6ca6de13d114a5b1b14cf4e1fd9ffccc3f7ec4453bb00d8b5646f1,f70fa83d44d67bcefd249bc643135e7f5323ae82c12eaef99c457b4f34ef5b4b
P1_a07,4,1;2;6;9,II;III;V1;V4,936,0.9165845165403763,0.6927536231884058,0.7893258426966292,0.6913144045967611,0.6998380129141439,binary;multiclass,0.9285741553731628,0.6445182724252492,0.7461538461538462,0.5461538461538461,0.964182833627278,0.8994413407821229,0.8944444444444445,0.9055555555555556,0.9140038517470424,0.6687116564417178,0.6606060606060606,0.5878787878787879,0.956997295159235,0.8791208791208791,0.8443271767810027,0.8232189973614775,0.8604129776660764,0.36477987421383645,0.35365853658536583,0.3048780487804878,6.510503800000151,42,287148bfd01ac67b5192268c6c69cc4cc230c004bdfdf332285f38a3b43b08dd,c175815089a491399700d9c586c067665dd8b48251196512f77a0b7e2732d91c,34060e20ca6ca6de13d114a5b1b14cf4e1fd9ffccc3f7ec4453bb00d8b5646f1,435e413b10bc4ddacea814a956a007dd9bc4ad4f72488c95671435bcac4e6e4a
P1_a07,4,1;2;6;10,II;III;V1;V5,936,0.9167856004315948,0.6927536231884058,0.7858156028368795,0.6833242058149416,0.6909138602207654,binary;multiclass,0.929728955907616,0.6270627062706271,0.7307692307692307,0.5692307692307692,0.9654761904761905,0.896358543417367,0.8888888888888888,0.9055555555555556,0.9124788743465787,0.6787878787878788,0.6787878787878788,0.593939393939394,0.9572767795815313,0.8700410396716827,0.8390501319261213,0.8311345646437994,0.8624550179928029,0.3443708609271523,0.3170731707317073,0.34146341463414637,6.4982520999983535,42,287148bfd01ac67b5192268c6c69cc4cc230c004bdfdf332285f38a3b43b08dd,c175815089a491399700d9c586c067665dd8b48251196512f77a0b7e2732d91c,34060e20ca6ca6de13d114a5b1b14cf4e1fd9ffccc3f7ec4453bb00d8b5646f1,ac2c0060529696362f1c56a0e12736f1f86b1f583827e9e7a91c49732b746b16
P1_a07,4,1;2;6;11,II;III;V1;V6,936,0.9151573113612399,0.6898550724637681,0.7920792079207921,0.6924956824223395,0.7014423227557921,binary;multiclass,0.9335369345294904,0.6514657980456026,0.7692307692307693,0.5538461538461539,0.9670047031158142,0.8994413407821229,0.8944444444444445,0.9055555555555556,0.9072279212357033,0.6927710843373494,0.696969696969697,0.593939393939394,0.9581910252341275,0.873972602739726,0.841688654353562,0.8232189973614775,0.8658393785343005,0.3448275862068966,0.3048780487804878,0.2926829268292683,6.517917099998158,42,287148bfd01ac67b5192268c6c69cc4cc230c004bdfdf332285f38a3b43b08dd,c175815089a491399700d9c586c067665dd8b48251196512f77a0b7e2732d91c,34060e20ca6ca6de13d114a5b1b14cf4e1fd9ffccc3f7ec4453bb00d8b5646f1,bb81878b64ae615d6958d5d39f6f53f37106fff4633c68b675a97feb3e58b883
P1_a07,4,1;2;7;8,II;III;V2;V3,936,0.9155889060545868,0.6782608695652174,0.7899159663865546,0.6807466076270655,0.6875890549447405,binary;multiclass,0.9306642489024622,0.6357615894039735,0.7384615384615385,0.5615384615384615,0.9666813639035862,0.8938547486033519,0.8888888888888888,0.9055555555555556,0.9085642416381715,0.668693009118541,0.6666666666666666,0.5818181818181818,0.9545387796478498,0.8629579375848032,0.8390501319261213,0.7941952506596306,0.8588564574170331,0.3424657534246575,0.3048780487804878,0.32926829268292684,6.5226911999998265,42,287148bfd01ac67b5192268c6c69cc4cc230c004bdfdf332285f38a3b43b08dd,c175815089a491399700d9c586c067665dd8b48251196512f77a0b7e2732d91c,34060e20ca6ca6de13d114a5b1b14cf4e1fd9ffccc3f7ec4453bb00d8b5646f1,0667bd13d1c0fbb7d2476ce689d0203f0aa9c21a8c39234b49f9df4ee13f035d
P1_a07,4,1;2;7;9,II;III;V2;V4,936,0.9167708869761397,0.6927536231884058,0.7898448519040903,0.6871868909272327,0.6943319055900303,binary;multiclass,0.9299484634472228,0.6405228758169934,0.7538461538461538,0.5846153846153846,0.9641166960611406,0.896358543417367,0.8888888888888888,0.9055555555555556,0.911920764060842,0.6749226006191951,0.6606060606060606,0.5878787878787879,0.9552445962397502,0.8641304347826086,0.8390501319261213,0.8179419525065963,0.8576140972182555,0.36,0.32926829268292684,0.32926829268292684,6.602091800003109,42,287148bfd01ac67b5192268c6c69cc4cc230c004bdfdf332285f38a3b43b08dd,c175815089a491399700d9c586c067665dd8b48251196512f77a0b7e2732d91c,34060e20ca6ca6de13d114a5b1b14cf4e1fd9ffccc3f7ec4453bb00d8b5646f1,bcdee972bf772aad28f0193271a1d02fe67f2ea9ec1e662fe2ce45e40950e738
P1_a07,4,1;2;7;10,II;III;V2;V5,936,0.9163392922827925,0.6956521739130435,0.7853107344632768,0.6817195795538662,0.6891275164832021,binary;multiclass,0.9315518228669593,0.6319218241042345,0.7461538461538462,0.6,0.9649029982363316,0.898876404494382,0.8888888888888888,0.9055555555555556,0.9097276264591438,0.676923076923077,0.6666666666666666,0.593939393939394,0.9549698488415607,0.8653061224489796,0.8390501319261213,0.8021108179419525,0.8620123379219741,0.33557046979865773,0.3048780487804878,0.35365853658536583,6.524404299998423,42,287148bfd01ac67b5192268c6c69cc4cc230c004bdfdf332285f38a3b43b08dd,c175815089a491399700d9c586c067665dd8b48251196512f77a0b7e2732d91c,34060e20ca6ca6de13d114a5b1b14cf4e1fd9ffccc3f7ec4453bb00d8b5646f1,f553ed7ce3e0b36a77f9f8bc35572ca9ad1ab13d0dee5e15f4e79bc8f678fc16
P1_a07,4,1;2;7;11,II;III;V2;V6,936,0.9154908163515535,0.7014492753623188,0.7837078651685393,0.6826619001198988,0.6911490305891489,binary;multiclass,0.9337278106508875,0.6346153846153846,0.7615384615384615,0.5846153846153846,0.9665417401528513,0.898876404494382,0.8888888888888888,0.9055555555555556,0.9063553826199741,0.672782874617737,0.6666666666666666,0.5818181818181818,0.9553251256495645,0.8645690834473324,0.8337730870712401,0.8100263852242744,0.8622550979608157,0.3424657534246575,0.3048780487804878,0.32926829268292684,6.494662299999618,42,287148bfd01ac67b5192268c6c69cc4cc230c004bdfdf332285f38a3b43b08dd,c175815089a491399700d9c586c067665dd8b48251196512f77a0b7e2732d91c,34060e20ca6ca6de13d114a5b1b14cf4e1fd9ffccc3f7ec4453bb00d8b5646f1,8ef5fb36f350d8d35f49f57ca785548a3a367aee3e43eb4df4e75a2bbe23f662
P1_a07,4,1;2;8;9,II;III;V3;V4,936,0.9150346992324481,0.6869565217391305,0.7926657263751763,0.6778811641829028,0.6850247483673059,binary;multiclass,0.9283928230578355,0.6229508196721312,0.7307692307692307,0.5538461538461539,0.9629850088183421,0.8913649025069638,0.8888888888888888,0.9,0.9120779782258382,0.664576802507837,0.6424242424242425,0.5818181818181818,0.9543445616594742,0.8598639455782313,0.8337730870712401,0.8100263852242744,0.8589278574284572,0.35064935064935066,0.32926829268292684,0.3048780487804878,6.515262299999449,42,287148bfd01ac67b5192268c6c69cc4cc230c004bdfdf332285f38a3b43b08dd,c175815089a491399700d9c586c067665dd8b48251196512f77a0b7e2732d91c,34060e20ca6ca6de13d114a5b1b14cf4e1fd9ffccc3f7ec4453bb00d8b5646f1,8de0cd1d8a320070f856ac8c3a1b1e8a370660f04a6154a0b361cd1ee87e0b66
P1_a07,4,1;2;8;10,II;III;V3;V5,936,0.9152946369454866,0.6840579710144927,0.7898448519040903,0.6767479037179926,0.6843126338306208,binary;multiclass,0.9297003244894065,0.618421052631579,0.7230769230769231,0.5923076923076923,0.9635728982951205,0.8938547486033519,0.8888888888888888,0.9,0.9107966827811186,0.6707317073170732,0.6666666666666666,0.5878787878787879,0.9537713817425617,0.8563611491108071,0.8258575197889182,0.7810026385224275,0.861298337807734,0.3443708609271523,0.3170731707317073,0.3170731707317073,6.515434500000993,42,287148bfd01ac67b5192268c6c69cc4cc230c004bdfdf332285f38a3b43b08dd,c175815089a491399700d9c586c067665dd8b48251196512f77a0b7e2732d91c,34060e20ca6ca6de13d114a5b1b14cf4e1fd9ffccc3f7ec4453bb00d8b5646f1,29c5f033f168a19bf78f8a6c2ac466a32b9e92cd753db5880dd2024140cf7929
P1_a07,4,1;2;8;11,II;III;V3;V6,936,0.9140390887466587,0.6782608695652174,0.797752808988764,0.6811813971372592,0.6888575343398691,binary;multiclass,0.9303779347203665,0.6339869281045751,0.7461538461538462,0.5846153846153846,0.9652483833039389,0.8907563025210085,0.8833333333333333,0.9055555555555556,0.9083126989741775,0.6850152905198776,0.6787878787878788,0.5757575757575758,0.9536197969711467,0.8583106267029973,0.8311345646437994,0.783641160949868,0.8628405780544923,0.33783783783783783,0.3048780487804878,0.2926829268292683,6.497501899997587,42,287148bfd01ac67b5192268c6c69cc4cc230c004bdfdf332285f38a3b43b08dd,c175815089a491399700d9c586c067665dd8b48251196512f77a0b7e2732d91c,34060e20ca6ca6de13d114a5b1b14cf4e1fd9ffccc3f7ec4453bb00d8b5646f1,37dde3df9607f97645b28bed771380b18ca8feaafd321871108f00631b8cae80
P1_a07,4,1;2;9;10,II;III;V4;V5,936,0.91515731136124,0.7014492753623188,0.7870239774330042,0.6835514624393071,0.6897334750825966,binary;multiclass,0.9273430043901508,0.6283783783783784,0.7153846153846154,0.5769230769230769,0.9625440917107585,0.8938547486033519,0.8888888888888888,0.9055555555555556,0.9117556891875958,0.6909090909090909,0.6909090909090909,0.5878787878787879,0.9511091741945875,0.8602442333785617,0.8364116094986808,0.7889182058047494,0.8548294967727195,0.3443708609271523,0.3170731707317073,0.34146341463414637,6.5275650000003225,42,287148bfd01ac67b5192268c6c69cc4cc230c004bdfdf332285f38a3b43b08dd,c175815089a491399700d9c586c067665dd8b48251196512f77a0b7e2732d91c,34060e20ca6ca6de13d114a5b1b14cf4e1fd9ffccc3f7ec4453bb00d8b5646f1,1c992e9d974bf367b9ab741955c78d18ead6a62ecc761bece3e71a542be546b5
P1_a07,4,1;2;9;11,II;III;V4;V6,936,0.9144804924103093,0.6927536231884058,0.7893258426966292,0.6724021079898362,0.6791528966417956,binary;multiclass,0.9289272761977476,0.6258503401360545,0.7076923076923077,0.5846153846153846,0.9629997060552616,0.8888888888888888,0.8888888888888888,0.9055555555555556,0.9109932004873639,0.6706948640483383,0.6727272727272727,0.5636363636363636,0.9526487070292701,0.8586956521739131,0.8337730870712401,0.7994722955145118,0.8571856971497116,0.31788079470198677,0.2926829268292683,0.2804878048780488,6.5040332000025955,42,287148bfd01ac67b5192268c6c69cc4cc230c004bdfdf332285f38a3b43b08dd,c175815089a491399700d9c586c067665dd8b48251196512f77a0b7e2732d91c,34060e20ca6ca6de13d114a5b1b14cf4e1fd9ffccc3f7ec4453bb00d8b5646f1,044978ce666b5cc2575c96c429631f67a606bb904ea7d2728a827c39b1dab0fc
P1_a07,4,1;2;10;11,II;III;V5;V6,936,0.9144020206478826,0.6840579710144927,0.7887323943661971,0.6650264988985446,0.6727212983368462,binary;multiclass,0.9296716930711967,0.6153846153846154,0.7076923076923077,0.5538461538461539,0.9626763668430336,0.8864265927977839,0.8888888888888888,0.9,0.9089022520929135,0.656441717791411,0.6484848484848484,0.6,0.9507396863142635,0.855191256830601,0.8258575197889182,0.7915567282321899,0.8639258582281374,0.3116883116883117,0.2926829268292683,0.2926829268292683,6.520799399997486,42,287148bfd01ac67b5192268c6c69cc4cc230c004bdfdf332285f38a3b43b08dd,c175815089a491399700d9c586c067665dd8b48251196512f77a0b7e2732d91c,34060e20ca6ca6de13d114a5b1b14cf4e1fd9ffccc3f7ec4453bb00d8b5646f1,c43f95f0c2f8ed325b94650a82482e07f82df17b31b2d58214b173aaf2c69843
P1_a07,4,1;3;4;5,II;aVR;aVL;aVF,936,0.9146227224797078,0.6840579710144927,0.7900552486187845,0.6872344103829897,0.6950034064726129,binary;multiclass,0.9298339377743845,0.6466666666666666,0.7461538461538462,0.5846153846153846,0.9668503821281599,0.8791208791208791,0.8888888888888888,0.9,0.8998702983138782,0.6827794561933535,0.6848484848484848,0.6363636363636364,0.9531034613435146,0.855191256830601,0.8258575197889182,0.8021108179419525,0.8706374593019934,0.3724137931034483,0.32926829268292684,0.4024390243902439,6.513781699999527,42,287148bfd01ac67b5192268c6c69cc4cc230c004bdfdf332285f38a3b43b08dd,c175815089a491399700d9c586c067665dd8b48251196512f77a0b7e2732d91c,34060e20ca6ca6de13d114a5b1b14cf4e1fd9ffccc3f7ec4453bb00d8b5646f1,45a2ee556b546d8af8daa0ba484037f123c25fa066b684f4931cb37f2bf45b40
P1_a07,4,1;3;4;6,II;aVR;aVL;V1,936,0.9144853968954609,0.6782608695652174,0.7794729542302358,0.6877112432663435,0.696142215393776,binary;multiclass,0.9322866959343385,0.6511627906976745,0.7538461538461538,0.6,0.9679012345679012,0.8895027624309392,0.8944444444444445,0.9,0.9049954800927564,0.6585365853658537,0.6545454545454545,0.6121212121212121,0.9581104958243133,0.8684931506849315,0.8364116094986808,0.8126649076517151,0.868309818929571,0.3708609271523179,0.34146341463414637,0.3902439024390244,6.498249500000384,42,287148bfd01ac67b5192268c6c69cc4cc230c004bdfdf332285f38a3b43b08dd,c175815089a491399700d9c586c067665dd8b48251196512f77a0b7e2732d91c,34060e20ca6ca6de13d114a5b1b14cf4e1fd9ffccc3f7ec4453bb00d8b5646f1,869284ee444cb0b37ef3da091b3f819c81ebb51aaa3416f4555a035587111d20
P1_a07,4,1;3;4;7,II;aVR;aVL;V2,936,0.9145638686578876,0.6579710144927536,0.786013986013986,0.693866194781403,0.7011064923092725,binary;multiclass,0.932735254819622,0.6447368421052632,0.7538461538461538,0.6,0.9679453262786596,0.8938547486033519,0.8888888888888888,0.9,0.9041622450182761,0.6727272727272727,0.6727272727272727,0.5878787878787879,0.9557940910361293,0.8661202185792349,0.8364116094986808,0.8047493403693932,0.8652681784429085,0.3918918918918919,0.35365853658536583,0.35365853658536583,6.532857800000784,42,287148bfd01ac67b5192268c6c69cc4cc230c004bdfdf332285f38a3b43b08dd,c175815089a491399700d9c586c067665dd8b48251196512f77a0b7e2732d91c,34060e20ca6ca6de13d114a5b1b14cf4e1fd9ffccc3f7ec4453bb00d8b5646f1,6c3ce273266c0564c1574b2f0c0056fbffea6b6dcc76a21cec4d4601747c2f48
P1_a07,4,1;3;4;8,II;aVR;aVL;V3,936,0.9128620123102575,0.6782608695652174,0.7837078651685393,0.6866251233885952,0.6948614761974694,binary;multiclass,0.9294903607558694,0.6402640264026402,0.7461538461538462,0.5692307692307692,0.9655643738977073,0.8913649025069638,0.8888888888888888,0.9,0.907660260189443,0.6748466257668712,0.6666666666666666,0.5636363636363636,0.9531460945604753,0.863013698630137,0.8311345646437994,0.7968337730870713,0.8627120580339293,0.36363636363636365,0.34146341463414637,0.34146341463414637,6.535237799998868,42,287148bfd01ac67b5192268c6c69cc4cc230c004bdfdf332285f38a3b43b08dd,c175815089a491399700d9c586c067665dd8b48251196512f77a0b7e2732d91c,34060e20ca6ca6de13d114a5b1b14cf4e1fd9ffccc3f7ec4453bb00d8b5646f1,ae874bf383669f1335f6a9404134f53ebe127278cc885efa675c1005c9e9ceda
P1_a07,4,1;3;4;9,II;aVR;aVL;V4,936,0.9150641261433582,0.6840579710144927,0.7821229050279329,0.6905881883622295,0.6986742758639276,binary;multiclass,0.928221034548578,0.6351351351351351,0.7230769230769231,0.5846153846153846,0.9630584950029396,0.8895027624309392,0.8944444444444445,0.9,0.9103407617026295,0.6790123456790124,0.6666666666666666,0.593939393939394,0.951549717436512,0.8641975308641975,0.8311345646437994,0.8179419525065963,0.8556006168960987,0.38509316770186336,0.3780487804878049,0.3170731707317073,6.521085799999128,42,287148bfd01ac67b5192268c6c69cc4cc230c004bdfdf332285f38a3b43b08dd,c175815089a491399700d9c586c067665dd8b48251196512f77a0b7e2732d91c,34060e20ca6ca6de13d114a5b1b14cf4e1fd9ffccc3f7ec4453bb00d8b5646f1,8dd6c06bca0721cb4195e6b39423187e6a8a3158f3fdcf961a42fd727631720c
P1_a07,4,1;3;4;10,II;aVR;aVL;V5,936,0.9147306211530444,0.6956521739130435,0.7824858757062146,0.6806652571294095,0.6893936068722091,binary;multiclass,0.9296812368772668,0.6241610738255033,0.7153846153846154,0.5692307692307692,0.9643885949441506,0.8888888888888888,0.8888888888888888,0.9055555555555556,0.9079825492276854,0.6483180428134556,0.6424242424242425,0.5818181818181818,0.9504270427232204,0.8468965517241379,0.8100263852242744,0.7915567282321899,0.8672816587650654,0.3950617283950617,0.3902439024390244,0.35365853658536583,6.526644300000044,42,287148bfd01ac67b5192268c6c69cc4cc230c004bdfdf332285f38a3b43b08dd,c175815089a491399700d9c586c067665dd8b48251196512f77a0b7e2732d91c,34060e20ca6ca6de13d114a5b1b14cf4e1fd9ffccc3f7ec4453bb00d8b5646f1,ab66bf9eeead6a03bcb6249729c58fb4c43aa5bdbc75d1b501344e398b4eea69
P1_a07,4,1;3;4;11,II;aVR;aVL;V6,936,0.9147453346084994,0.6782608695652174,0.7909604519774012,0.6835379206911956,0.6915514528874461,binary;multiclass,0.930750143157091,0.632258064516129,0.7538461538461538,0.5615384615384615,0.9661008230452675,0.8938547486033519,0.8888888888888888,0.9,0.9016153755453367,0.6625,0.6424242424242425,0.6,0.949550693263478,0.860655737704918,0.8311345646437994,0.7968337730870713,0.8724224595875936,0.3684210526315789,0.34146341463414637,0.3170731707317073,6.522530199999892,42,287148bfd01ac67b5192268c6c69cc4cc230c004bdfdf332285f38a3b43b08dd,c175815089a491399700d9c586c067665dd8b48251196512f77a0b7e2732d91c,34060e20ca6ca6de13d114a5b1b14cf4e1fd9ffccc3f7ec4453bb00d8b5646f1,73effea87537a38c6d808e2597fe9b17c18ba6e888d77ddf0813d93e731bff8f
P1_a07,4,1;3;5;6,II;aVR;aVF;V1,936,0.9144608744697026,0.6753623188405797,0.7856154910096819,0.6925594893945063,0.7013170405686011,binary;multiclass,0.9329547623592289,0.66,0.7615384615384615,0.6153846153846154,0.9679159318048207,0.8870523415977961,0.8944444444444445,0.9,0.9047360767205126,0.6727272727272727,0.6727272727272727,0.6181818181818182,0.9594131774536601,0.869684499314129,0.8364116094986808,0.8232189973614775,0.8677386188381789,0.37333333333333335,0.34146341463414637,0.3780487804878049,6.523077699999703,42,287148bfd01ac67b5192268c6c69cc4cc230c004bdfdf332285f38a3b43b08dd,c175815089a491399700d9c586c067665dd8b48251196512f77a0b7e2732d91c,34060e20ca6ca6de13d114a5b1b14cf4e1fd9ffccc3f7ec4453bb00d8b5646f1,128ac6e81a40d05ab846f71c34a8274ca6d20c5567cf9b35c9657701167c1656
P1_a07,4,1;3;5;7,II;aVR;aVF;V2,936,0.9145834865984943,0.6840579710144927,0.7888111888111888,0.6987232138883246,0.7066076578104379,binary;multiclass,0.9343767894636381,0.6557377049180327,0.7692307692307693,0.6153846153846154,0.9673941798941799,0.8913649025069638,0.8888888888888888,0.9,0.9048539873442597,0.691131498470948,0.6848484848484848,0.6060606060606061,0.9561351567718128,0.8661202185792349,0.8364116094986808,0.8126649076517151,0.8652110584337693,0.38926174496644295,0.35365853658536583,0.3780487804878049,6.533187799999723,42,287148bfd01ac67b5192268c6c69cc4cc230c004bdfdf332285f38a3b43b08dd,c175815089a491399700d9c586c067665dd8b48251196512f77a0b7e2732d91c,34060e20ca6ca6de13d114a5b1b14cf4e1fd9ffccc3f7ec4453bb00d8b5646f1,0c1fefd38eacc21288105f15a14bf2a71b5ebd509efc79cec824959a6234be41
P1_a07,4,1;3;5;8,II;aVR;aVF;V3,936,0.9133034159739082,0.6898550724637681,0.7844228094575799,0.690650487043433,0.6990255443193212,binary;multiclass,0.9307119679328117,0.6510067114093959,0.7461538461538462,0.5769230769230769,0.965432098765432,0.8888888888888888,0.8888888888888888,0.9,0.9092402625476556,0.6827794561933535,0.6848484848484848,0.5878787878787879,0.954415617021075,0.8669410150891632,0.8337730870712401,0.8100263852242744,0.860798537727766,0.36363636363636365,0.34146341463414637,0.3170731707317073,6.590046299999813,42,287148bfd01ac67b5192268c6c69cc4cc230c004bdfdf332285f38a3b43b08dd,c175815089a491399700d9c586c067665dd8b48251196512f77a0b7e2732d91c,34060e20ca6ca6de13d114a5b1b14cf4e1fd9ffccc3f7ec4453bb00d8b5646f1,80f50f91a792753efcdf9b73307f06248e43d0ca08bd5804f5485cc9d6256317
P1_a07,4,1;3;5;9,II;aVR;aVF;V4,936,0.9148434243115329,0.6985507246376812,0.7769985974754559,0.6888705695516526,0.6986296239459249,binary;multiclass,0.929862569192594,0.6440677966101694,0.7307692307692307,0.5692307692307692,0.9634185773074662,0.8870523415977961,0.8944444444444445,0.9,0.911496285815352,0.6811145510835913,0.6666666666666666,0.6,0.9524923852337484,0.8630705394190872,0.8232189973614775,0.8153034300791556,0.8545438967270236,0.36904761904761907,0.3780487804878049,0.3048780487804878,6.68122829999993,42,287148bfd01ac67b5192268c6c69cc4cc230c004bdfdf332285f38a3b43b08dd,c175815089a491399700d9c586c067665dd8b48251196512f77a0b7e2732d91c,34060e20ca6ca6de13d114a5b1b14cf4e1fd9ffccc3f7ec4453bb00d8b5646f1,298a9cc2ac9e71367e8978f21ec2d21db5400812ec4a22315f56f91385aed707
P1_a07,4,1;3;5;10,II;aVR;aVF;V5,936,0.9147894749748644,0.6985507246376812,0.7843137254901961,0.6776373126772104,0.6857258131818915,binary;multiclass,0.9304542851689254,0.6287625418060201,0.7230769230769231,0.5615384615384615,0.964564961787184,0.8938547486033519,0.8888888888888888,0.9055555555555556,0.9083677239319262,0.654320987654321,0.6424242424242425,0.593939393939394,0.9509860115678129,0.8532235939643347,0.820580474934037,0.8021108179419525,0.8655680584908894,0.35802469135802467,0.35365853658536583,0.3170731707317073,6.588440499999706,42,287148bfd01ac67b5192268c6c69cc4cc230c004bdfdf332285f38a3b43b08dd,c175815089a491399700d9c586c067665dd8b48251196512f77a0b7e2732d91c,34060e20ca6ca6de13d114a5b1b14cf4e1fd9ffccc3f7ec4453bb00d8b5646f1,b9fb96420bd4619ec1fe05379d78db4877de90bf9236a2f64db8d129a7e685f0
P1_a07,4,1;3;5;11,II;aVR;aVF;V6,936,0.913857622796047,0.672463768115942,0.7908961593172119,0.6798728356395565,0.6889110643380544,binary;multiclass,0.9311318953998855,0.6346153846153846,0.7615384615384615,0.5615384615384615,0.9662918871252205,0.8913649025069638,0.8888888888888888,0.9,0.9021499037063239,0.6624605678233438,0.6363636363636364,0.5818181818181818,0.9492759458652884,0.8602739726027397,0.8284960422163589,0.7915567282321899,0.8705089392814302,0.35064935064935066,0.32926829268292684,0.32926829268292684,6.567958399999043,42,287148bfd01ac67b5192268c6c69cc4cc230c004bdfdf332285f38a3b43b08dd,c175815089a491399700d9c586c067665dd8b48251196512f77a0b7e2732d91c,34060e20ca6ca6de13d114a5b1b14cf4e1fd9ffccc3f7ec4453bb00d8b5646f1,bae54a641793432daa255b3e384d3dcdddbbea6de5892ab6b4839c3266267cc0
P1_a07,4,1;3;6;7,II;aVR;V1;V2,936,0.9152259741533632,0.6753623188405797,0.7914893617021277,0.7043074974845742,0.7122239593357426,binary;multiclass,0.9326875357892727,0.6601307189542484,0.7769230769230769,0.5923076923076923,0.9674125514403291,0.8969359331476323,0.8944444444444445,0.9,0.9043194591832724,0.6890243902439024,0.6848484848484848,0.6060606060606061,0.9578357484261238,0.8700410396716827,0.8390501319261213,0.8284960422163589,0.866096418575427,0.40540540540540543,0.36585365853658536,0.34146341463414637,6.568428000002314,42,287148bfd01ac67b5192268c6c69cc4cc230c004bdfdf332285f38a3b43b08dd,c175815089a491399700d9c586c067665dd8b48251196512f77a0b7e2732d91c,34060e20ca6ca6de13d114a5b1b14cf4e1fd9ffccc3f7ec4453bb00d8b5646f1,f7a2af1c2ba4c48a698ad6fefa0a820f52bcc85619ac1a3849404e5beb221629
P1_a07,4,1;3;6;8,II;aVR;V1;V3,936,0.9143186444003041,0.6695652173913044,0.7898448519040903,0.6889679165747717,0.6961720853457772,binary;multiclass,0.9307596869631609,0.6423841059602649,0.7461538461538462,0.5538461538461539,0.9662404467960023,0.8944444444444445,0.8944444444444445,0.9,0.9103014581613804,0.6748466257668712,0.6666666666666666,0.5878787878787879,0.9560546273619986,0.8707482993197279,0.8443271767810027,0.8232189973614775,0.8676957788313246,0.3624161073825503,0.32926829268292684,0.3170731707317073,6.564224199999444,42,287148bfd01ac67b5192268c6c69cc4cc230c004bdfdf332285f38a3b43b08dd,c175815089a491399700d9c586c067665dd8b48251196512f77a0b7e2732d91c,34060e20ca6ca6de13d114a5b1b14cf4e1fd9ffccc3f7ec4453bb00d8b5646f1,8ac5d8d4008c22558b042e9e43c16fabcb76bd465e5f4e6ad1ccf8645ffd74ac
P1_a07,4,1;3;6;9,II;aVR;V1;V4,936,0.916378528164006,0.6840579710144927,0.7926657263751763,0.6953688117826502,0.7051525962221631,binary;multiclass,0.9308551250238596,0.6451612903225806,0.7692307692307693,0.5769230769230769,0.9648589065255733,0.8969359331476323,0.8944444444444445,0.9055555555555556,0.9140667374130409,0.675,0.6545454545454545,0.6,0.9566230702548044,0.88,0.841688654353562,0.8311345646437994,0.86015593762495,0.379746835443038,0.36585365853658536,0.2926829268292683,6.571950699999434,42,287148bfd01ac67b5192268c6c69cc4cc230c004bdfdf332285f38a3b43b08dd,c175815089a491399700d9c586c067665dd8b48251196512f77a0b7e2732d91c,34060e20ca6ca6de13d114a5b1b14cf4e1fd9ffccc3f7ec4453bb00d8b5646f1,28589b50dcd6ed2188e2c10b45e69843e1568e249bd8dcfa7eaf76a7397e6ac6
P1_a07,4,1;3;6;10,II;aVR;V1;V5,936,0.9164913313224944,0.6927536231884058,0.7870239774330042,0.6779980027978864,0.686236869579427,binary;multiclass,0.9309410192784883,0.6188925081433225,0.7307692307692307,0.5615384615384615,0.9659538506760729,0.8938547486033519,0.8888888888888888,0.9055555555555556,0.9124474315135794,0.6584615384615384,0.6484848484848484,0.5818181818181818,0.9573383608949185,0.8681318681318682,0.8337730870712401,0.820580474934037,0.8614982578397212,0.35064935064935066,0.32926829268292684,0.3170731707317073,6.573732799999561,42,287148bfd01ac67b5192268c6c69cc4cc230c004bdfdf332285f38a3b43b08dd,c175815089a491399700d9c586c067665dd8b48251196512f77a0b7e2732d91c,34060e20ca6ca6de13d114a5b1b14cf4e1fd9ffccc3f7ec4453bb00d8b5646f1,624b33f5f23ceebdf0a4c82593843b1f53010ce8809345dfc0ea3c10415d3069
P1_a07,4,1;3;6;11,II;aVR;V1;V6,936,0.915721327153682,0.6869565217391305,0.7886524822695036,0.6925276221661519,0.7004611296348215,binary;multiclass,0.9351593815613668,0.6491803278688525,0.7615384615384615,0.5692307692307692,0.9680922986478543,0.8969359331476323,0.8944444444444445,0.9055555555555556,0.9076130959399442,0.6809815950920245,0.6727272727272727,0.6,0.9573052017261715,0.8731241473396999,0.8443271767810027,0.8337730870712401,0.8686382589821214,0.3624161073825503,0.32926829268292684,0.3048780487804878,6.596829099999013,42,287148bfd01ac67b5192268c6c69cc4cc230c004bdfdf332285f38a3b43b08dd,c175815089a491399700d9c586c067665dd8b48251196512f77a0b7e2732d91c,34060e20ca6ca6de13d114a5b1b14cf4e1fd9ffccc3f7ec4453bb00d8b5646f1,f4f29f24b8497377542e5e4201e152f09a2ada2675a16d0bdc36a2051821b877
P1_a07,4,1;3;7;8,II;aVR;V2;V3,936,0.9145246327766743,0.6840579710144927,0.7877094972067039,0.6939035555258544,0.7022591796373893,binary;multiclass,0.9312845962970033,0.6428571428571429,0.7615384615384615,0.5692307692307692,0.967225161669606,0.896358543417367,0.8888888888888888,0.9,0.9087214558031679,0.6930091185410334,0.6909090909090909,0.593939393939394,0.9542687692737668,0.8614540466392319,0.8284960422163589,0.8153034300791556,0.8590992174558748,0.37583892617449666,0.34146341463414637,0.34146341463414637,6.642614200001844,42,287148bfd01ac67b5192268c6c69cc4cc230c004bdfdf332285f38a3b43b08dd,c175815089a491399700d9c586c067665dd8b48251196512f77a0b7e2732d91c,34060e20ca6ca6de13d114a5b1b14cf4e1fd9ffccc3f7ec4453bb00d8b5646f1,298da25007669c782ec6d51712aa46c6fca0ec1f3e894f77125657865719feac
P1_a07,4,1;3;7;9,II;aVR;V2;V4,936,0.9162019666985458,0.6898550724637681,0.7898448519040903,0.6975657034641725,0.70630528355028,binary;multiclass,0.930482916587135,0.6558441558441559,0.7769230769230769,0.5923076923076923,0.9650793650793651,0.9019607843137255,0.8944444444444445,0.9,0.9119679283103409,0.6851851851851852,0.6727272727272727,0.6121212121212121,0.9548940564558532,0.8657534246575342,0.8337730870712401,0.8232189973614775,0.8575569772091164,0.3790849673202614,0.35365853658536583,0.3170731707317073,6.6189818999991985,42,287148bfd01ac67b5192268c6c69cc4cc230c004bdfdf332285f38a3b43b08dd,c175815089a491399700d9c586c067665dd8b48251196512f77a0b7e2732d91c,34060e20ca6ca6de13d114a5b1b14cf4e1fd9ffccc3f7ec4453bb00d8b5646f1,9c5929030b0dbc8cb1f85b792d1a0d6ef789f5190e792bf67236b205905533f2
P1_a07,4,1;3;7;10,II;aVR;V2;V5,936,0.9164520954412811,0.6898550724637681,0.7837078651685393,0.6910442730845638,0.6985126217998345,binary;multiclass,0.9319335751097538,0.6360655737704918,0.7461538461538462,0.5615384615384615,0.966005291005291,0.9014084507042254,0.8888888888888888,0.9055555555555556,0.9107573792398695,0.676829268292683,0.6727272727272727,0.6,0.9554103920834853,0.8618331053351573,0.8311345646437994,0.7915567282321899,0.8600702576112412,0.3790849673202614,0.35365853658536583,0.35365853658536583,6.623458400001255,42,287148bfd01ac67b5192268c6c69cc4cc230c004bdfdf332285f38a3b43b08dd,c175815089a491399700d9c586c067665dd8b48251196512f77a0b7e2732d91c,34060e20ca6ca6de13d114a5b1b14cf4e1fd9ffccc3f7ec4453bb00d8b5646f1,0d42dcbdec2a3f57807fa613313049eb825ab93d02a355b3d08e766288104beb
P1_a07,4,1;3;7;11,II;aVR;V2;V6,936,0.9154025356188233,0.6985507246376812,0.7876230661040787,0.6908022565186624,0.6994916427788556,binary;multiclass,0.935073487306738,0.6389776357827476,0.7692307692307693,0.5846153846153846,0.9675044091710759,0.898876404494382,0.8888888888888888,0.9055555555555556,0.9069606571552097,0.6666666666666666,0.6545454545454545,0.6060606060606061,0.9550361671790548,0.8653846153846154,0.8311345646437994,0.8073878627968337,0.86336893813903,0.3841059602649007,0.35365853658536583,0.3170731707317073,6.668505499997991,42,287148bfd01ac67b5192268c6c69cc4cc230c004bdfdf332285f38a3b43b08dd,c175815089a491399700d9c586c067665dd8b48251196512f77a0b7e2732d91c,34060e20ca6ca6de13d114a5b1b14cf4e1fd9ffccc3f7ec4453bb00d8b5646f1,667737ebf858b54ff9477bcdcc3dca3dd58bcca9e780056a1e58b78266b693bb
P1_a07,4,1;3;8;9,II;aVR;V3;V4,936,0.914529537261826,0.6782608695652174,0.7876230661040787,0.6896503628066719,0.6978577690052046,binary;multiclass,0.929375835083031,0.6298701298701299,0.7461538461538462,0.5538461538461539,0.9636463844797178,0.896358543417367,0.8888888888888888,0.9,0.9113547930668554,0.668769716088328,0.6424242424242425,0.6060606060606061,0.9531176724158349,0.8657534246575342,0.8337730870712401,0.8073878627968337,0.8594562175129948,0.3875,0.3780487804878049,0.32926829268292684,6.702950099999725,42,287148bfd01ac67b5192268c6c69cc4cc230c004bdfdf332285f38a3b43b08dd,c175815089a491399700d9c586c067665dd8b48251196512f77a0b7e2732d91c,34060e20ca6ca6de13d114a5b1b14cf4e1fd9ffccc3f7ec4453bb00d8b5646f1,1c5272eda783cf0a32e1fda5b958179bd3411f3ee60a4c861d4913ad6ea82bce
P1_a07,4,1;3;8;10,II;aVR;V3;V5,936,0.9151573113612399,0.6840579710144927,0.7848101265822784,0.6844633898763884,0.6917845531205463,binary;multiclass,0.9305497232296238,0.625,0.7307692307692307,0.5692307692307692,0.9656011169900058,0.896358543417367,0.8888888888888888,0.9055555555555556,0.9117635498958454,0.6790123456790124,0.6666666666666666,0.5757575757575758,0.9541313955746721,0.860655737704918,0.8311345646437994,0.7889182058047494,0.8617981378877021,0.36129032258064514,0.34146341463414637,0.34146341463414637,6.778833600001235,42,287148bfd01ac67b5192268c6c69cc4cc230c004bdfdf332285f38a3b43b08dd,c175815089a491399700d9c586c067665dd8b48251196512f77a0b7e2732d91c,34060e20ca6ca6de13d114a5b1b14cf4e1fd9ffccc3f7ec4453bb00d8b5646f1,f049baecc6b59bddb56044a82cbceed72ef64d675bb183ab8e3d2fe94f72c24c
P1_a07,4,1;3;8;11,II;aVR;V3;V6,936,0.9136957747860419,0.6869565217391305,0.7865168539325843,0.6738089653504697,0.6813736027649406,binary;multiclass,0.9319049436915442,0.6229508196721312,0.7307692307692307,0.5923076923076923,0.9665196942974722,0.8913649025069638,0.8888888888888888,0.9055555555555556,0.9084541917226742,0.6481481481481481,0.6363636363636364,0.5757575757575758,0.9534350530309847,0.8622100954979536,0.8337730870712401,0.7730870712401056,0.8648254983720798,0.3443708609271523,0.3170731707317073,0.3170731707317073,6.813288500001363,42,287148bfd01ac67b5192268c6c69cc4cc230c004bdfdf332285f38a3b43b08dd,c175815089a491399700d9c586c067665dd8b48251196512f77a0b7e2732d91c,34060e20ca6ca6de13d114a5b1b14cf4e1fd9ffccc3f7ec4453bb00d8b5646f1,81e9d029169a7004b02a5231aab297ed1dca885c90fafe8d2a3b169f6e4cab72
P1_a07,4,1;3;9;10,II;aVR;V4;V5,936,0.914333357855759,0.6753623188405797,0.7807637906647807,0.6868011707205861,0.6949319603036058,binary;multiclass,0.92740026722657,0.6423841059602649,0.7461538461538462,0.5384615384615384,0.9633524397413286,0.8994413407821229,0.8944444444444445,0.9,0.9123609637228315,0.6687306501547987,0.6545454545454545,0.593939393939394,0.9510381188329867,0.8563611491108071,0.8258575197889182,0.7862796833773087,0.8534728965556634,0.3670886075949367,0.35365853658536583,0.3170731707317073,6.80715280000004,42,287148bfd01ac67b5192268c6c69cc4cc230c004bdfdf332285f38a3b43b08dd,c175815089a491399700d9c586c067665dd8b48251196512f77a0b7e2732d91c,34060e20ca6ca6de13d114a5b1b14cf4e1fd9ffccc3f7ec4453bb00d8b5646f1,f714d45195bd459b9389cd929b949ae062a9fc3c227160c095f4aa6afdce828c
P1_a07,4,1;3;9;11,II;aVR;V4;V6,936,0.914230363667574,0.6869565217391305,0.7876230661040787,0.6845410084420249,0.6925375878313648,binary;multiclass,0.9304733727810651,0.6421404682274248,0.7384615384615385,0.5692307692307692,0.9642195767195768,0.8944444444444445,0.8944444444444445,0.9055555555555556,0.9109538969461148,0.6625766871165644,0.6545454545454545,0.593939393939394,0.9525681776194559,0.8645690834473324,0.8337730870712401,0.8126649076517151,0.8589564174330269,0.358974358974359,0.34146341463414637,0.2804878048780488,6.821906700002728,42,287148bfd01ac67b5192268c6c69cc4cc230c004bdfdf332285f38a3b43b08dd,c175815089a491399700d9c586c067665dd8b48251196512f77a0b7e2732d91c,34060e20ca6ca6de13d114a5b1b14cf4e1fd9ffccc3f7ec4453bb00d8b5646f1,0a733d5c7dbcef86cb768f3566dcfabbfbd892e8e3236c397e9fbb1924886c7d
P1_a07,4,1;3;10;11,II;aVR;V5;V6,936,0.9140636111724171,0.6869565217391305,0.782608695652174,0.6790916911556625,0.6860672414942316,binary;multiclass,0.9297003244894065,0.632996632996633,0.7230769230769231,0.5538461538461539,0.9634259259259259,0.8938547486033519,0.8888888888888888,0.9,0.9089101128011633,0.6646341463414634,0.6606060606060606,0.6121212121212121,0.9502754579518055,0.8555858310626703,0.8284960422163589,0.7941952506596306,0.86158393785343,0.34838709677419355,0.32926829268292684,0.3170731707317073,6.814738700002636,42,287148bfd01ac67b5192268c6c69cc4cc230c004bdfdf332285f38a3b43b08dd,c175815089a491399700d9c586c067665dd8b48251196512f77a0b7e2732d91c,34060e20ca6ca6de13d114a5b1b14cf4e1fd9ffccc3f7ec4453bb00d8b5646f1,43155cbf04eaa521d92f1d265151c0b12914e7dc66a1c69924c8ecbc1a4b80ba
P1_a07,4,1;4;5;6,II;aVL;aVF;V1,936,0.9143039309448491,0.6782608695652174,0.7811634349030471,0.690867739697039,0.6988688320781763,binary;multiclass,0.9308074059935102,0.6339869281045751,0.7461538461538462,0.6230769230769231,0.9675558495002939,0.8864265927977839,0.8888888888888888,0.9,0.9050269229257556,0.676737160120846,0.6787878787878788,0.593939393939394,0.9598158245027308,0.8736263736263736,0.8390501319261213,0.8311345646437994,0.8661820985891358,0.3835616438356164,0.34146341463414637,0.36585365853658536,6.811190500000521,42,287148bfd01ac67b5192268c6c69cc4cc230c004bdfdf332285f38a3b43b08dd,c175815089a491399700d9c586c067665dd8b48251196512f77a0b7e2732d91c,34060e20ca6ca6de13d114a5b1b14cf4e1fd9ffccc3f7ec4453bb00d8b5646f1,e74169fee9f818276b80e241b71dd6b510b64ae611a3195da28357097378e49a
P1_a07,4,1;4;5;7,II;aVL;aVF;V2,936,0.9148090929154712,0.6898550724637681,0.7838214783821479,0.6990282740883452,0.7067234498774495,binary;multiclass,0.9319431189158236,0.6557377049180327,0.7692307692307693,0.5846153846153846,0.9680629041740153,0.888268156424581,0.8833333333333333,0.9,0.9039814487285306,0.6850152905198776,0.6787878787878788,0.593939393939394,0.9567225477610455,0.8661202185792349,0.8364116094986808,0.8100263852242744,0.866667618666819,0.4,0.36585365853658536,0.36585365853658536,6.7886698999973305,42,287148bfd01ac67b5192268c6c69cc4cc230c004bdfdf332285f38a3b43b08dd,c175815089a491399700d9c586c067665dd8b48251196512f77a0b7e2732d91c,34060e20ca6ca6de13d114a5b1b14cf4e1fd9ffccc3f7ec4453bb00d8b5646f1,d4027701c0a1077f2e2bf4358ba991c6ad82e7133abcf80479ebfe3ac11318d5
P1_a07,4,1;4;5;8,II;aVL;aVF;V3,936,0.9142352681527256,0.663768115942029,0.791023842917251,0.6843474947012711,0.6921426295208392,binary;multiclass,0.9281637717121588,0.6245847176079734,0.7230769230769231,0.5384615384615384,0.9655276308054086,0.8864265927977839,0.8888888888888888,0.9,0.9089572770506623,0.6808510638297872,0.6787878787878788,0.5575757575757576,0.953515582440799,0.8614540466392319,0.8284960422163589,0.8021108179419525,0.8622122579539613,0.3684210526315789,0.34146341463414637,0.34146341463414637,6.813960999999836,42,287148bfd01ac67b5192268c6c69cc4cc230c004bdfdf332285f38a3b43b08dd,c175815089a491399700d9c586c067665dd8b48251196512f77a0b7e2732d91c,34060e20ca6ca6de13d114a5b1b14cf4e1fd9ffccc3f7ec4453bb00d8b5646f1,e67e236c2231b8485040674bb42c431a9eb3f0d8f3a48c5ee0ac180bda4438f6
P1_a07,4,1;4;5;9,II;aVL;aVF;V4,936,0.9159175065597489,0.7014492753623188,0.7804195804195804,0.6795984190400922,0.6869530223800125,binary;multiclass,0.9269039893109372,0.6305084745762712,0.7153846153846154,0.5692307692307692,0.9632495590828924,0.8888888888888888,0.8888888888888888,0.9055555555555556,0.9108988719883662,0.6788990825688074,0.6727272727272727,0.5818181818181818,0.9524592260650014,0.8579234972677595,0.8284960422163589,0.8232189973614775,0.8547152567544412,0.34177215189873417,0.32926829268292684,0.2926829268292683,6.7746738999994704,42,287148bfd01ac67b5192268c6c69cc4cc230c004bdfdf332285f38a3b43b08dd,c175815089a491399700d9c586c067665dd8b48251196512f77a0b7e2732d91c,34060e20ca6ca6de13d114a5b1b14cf4e1fd9ffccc3f7ec4453bb00d8b5646f1,fd41ae4b71e620666032566c5a58c2cbfad09702130beba767226744200e6faf
P1_a07,4,1;4;5;10,II;aVL;aVF;V5,936,0.9153044459157901,0.7014492753623188,0.786013986013986,0.6762837207646124,0.6836448651919403,binary;multiclass,0.9289845390341669,0.6220735785953178,0.7153846153846154,0.5769230769230769,0.9644179894179895,0.8913649025069638,0.8888888888888888,0.9,0.9083441418071768,0.6585365853658537,0.6545454545454545,0.5878787878787879,0.9506354717839158,0.8481532147742818,0.8179419525065963,0.7862796833773087,0.865525218484035,0.36129032258064514,0.34146341463414637,0.32926829268292684,6.778210899999976,42,287148bfd01ac67b5192268c6c69cc4cc230c004bdfdf332285f38a3b43b08dd,c175815089a491399700d9c586c067665dd8b48251196512f77a0b7e2732d91c,34060e20ca6ca6de13d114a5b1b14cf4e1fd9ffccc3f7ec4453bb00d8b5646f1,191f7e706dd50e062b896c9dbc788154a65bbeedaf26a4504083ebf9cf93b42e
P1_a07,4,1;4;5;11,II;aVL;aVF;V6,936,0.9153093504009416,0.6840579710144927,0.7909604519774012,0.6839442131953436,0.6919633653059227,binary;multiclass,0.9294617293376599,0.6302250803858521,0.7538461538461538,0.5615384615384615,0.9665049970605526,0.8994413407821229,0.8944444444444445,0.9,0.9030067209055537,0.6666666666666666,0.6484848484848484,0.593939393939394,0.9503796724821533,0.8633879781420765,0.8337730870712401,0.8126649076517151,0.8691808990689438,0.36,0.32926829268292684,0.32926829268292684,6.763926799998444,42,287148bfd01ac67b5192268c6c69cc4cc230c004bdfdf332285f38a3b43b08dd,c175815089a491399700d9c586c067665dd8b48251196512f77a0b7e2732d91c,34060e20ca6ca6de13d114a5b1b14cf4e1fd9ffccc3f7ec4453bb00d8b5646f1,49a88a746f0c05071821cc88bba640686ac9eb341da80115f03f03899aa43691
P1_a07,4,1;4;6;7,II;aVL;V1;V2,936,0.9153731087079133,0.6695652173913044,0.7965860597439545,0.7006391745181839,0.7079496970126997,binary;multiclass,0.931723611376217,0.6491803278688525,0.7615384615384615,0.5538461538461539,0.9674529688418577,0.8994413407821229,0.8944444444444445,0.9,0.9036355775655387,0.6790123456790124,0.6666666666666666,0.5818181818181818,0.9576178453172148,0.8676671214188267,0.8390501319261213,0.8311345646437994,0.8684526189524191,0.40789473684210525,0.3780487804878049,0.32926829268292684,6.78727390000131,42,287148bfd01ac67b5192268c6c69cc4cc230c004bdfdf332285f38a3b43b08dd,c175815089a491399700d9c586c067665dd8b48251196512f77a0b7e2732d91c,34060e20ca6ca6de13d114a5b1b14cf4e1fd9ffccc3f7ec4453bb00d8b5646f1,05382ad507e13716b17fc6116ecf68a7b1cf7428b153a7881f7848bdc50f0b62
P1_a07,4,1;4;6;8,II;aVL;V1;V3,936,0.9135780671424018,0.672463768115942,0.7926657263751763,0.6830377584834367,0.6902999276002687,binary;multiclass,0.9293376598587517,0.6291390728476821,0.7307692307692307,0.5461538461538461,0.9658142269253379,0.8944444444444445,0.8944444444444445,0.9,0.9090123020084111,0.6666666666666666,0.6606060606060606,0.5757575757575758,0.9549603747933473,0.8649386084583902,0.8364116094986808,0.8126649076517151,0.8682812589250014,0.36,0.32926829268292684,0.3048780487804878,6.769562800000131,42,287148bfd01ac67b5192268c6c69cc4cc230c004bdfdf332285f38a3b43b08dd,c175815089a491399700d9c586c067665dd8b48251196512f77a0b7e2732d91c,34060e20ca6ca6de13d114a5b1b14cf4e1fd9ffccc3f7ec4453bb00d8b5646f1,2c3b6577aa021d28883535633822ef1ee721825702bc72ab08354befa9acd7bc
P1_a07,4,1;4;6;9,II;aVL;V1;V4,936,0.9167757914612912,0.6985507246376812,0.790436005625879,0.6925750925291478,0.7007385757659262,binary;multiclass,0.929385378889101,0.64,0.7384615384615385,0.5461538461538461,0.9639256319811875,0.8944444444444445,0.8944444444444445,0.9055555555555556,0.9142475337027867,0.6707692307692308,0.6606060606060606,0.5818181818181818,0.9562583193985874,0.877914951989026,0.8443271767810027,0.8153034300791556,0.8620694579311133,0.379746835443038,0.36585365853658536,0.2804878048780488,6.767000100000587,42,287148bfd01ac67b5192268c6c69cc4cc230c004bdfdf332285f38a3b43b08dd,c175815089a491399700d9c586c067665dd8b48251196512f77a0b7e2732d91c,34060e20ca6ca6de13d114a5b1b14cf4e1fd9ffccc3f7ec4453bb00d8b5646f1,1fec846b97564dee51e413ba6c0affa895d1a88fbb67be90e62ce6a5279623ef
P1_a07,4,1;4;6;10,II;aVL;V1;V5,936,0.9165845165403762,0.6985507246376812,0.7852062588904695,0.6808641085642553,0.6886145939637156,binary;multiclass,0.9303493033021569,0.6381578947368421,0.7461538461538462,0.5461538461538461,0.9652704291593182,0.8913649025069638,0.8888888888888888,0.9055555555555556,0.912879770467319,0.6666666666666666,0.6545454545454545,0.5757575757575758,0.9563862190494687,0.8637602179836512,0.8364116094986808,0.8258575197889182,0.8649825783972125,0.3443708609271523,0.3170731707317073,0.34146341463414637,6.7716246000018145,42,287148bfd01ac67b5192268c6c69cc4cc230c004bdfdf332285f38a3b43b08dd,c175815089a491399700d9c586c067665dd8b48251196512f77a0b7e2732d91c,34060e20ca6ca6de13d114a5b1b14cf4e1fd9ffccc3f7ec4453bb00d8b5646f1,4013679553e6acc0c5b381291027bb2644694db7c0a58232e5ef38de5d076ecd
P1_a07,4,1;4;6;11,II;aVL;V1;V6,936,0.9152848279751832,0.6985507246376812,0.7949080622347949,0.694835843290765,0.7023576675735759,binary;multiclass,0.9341381943118916,0.6491803278688525,0.7615384615384615,0.5846153846153846,0.9671737213403879,0.9019607843137255,0.8944444444444445,0.9055555555555556,0.9079825492276854,0.6827794561933535,0.6848484848484848,0.6060606060606061,0.957314675774385,0.8703956343792633,0.841688654353562,0.8258575197889182,0.8680527788884447,0.3698630136986301,0.32926829268292684,0.34146341463414637,6.7680628999987675,42,287148bfd01ac67b5192268c6c69cc4cc230c004bdfdf332285f38a3b43b08dd,c175815089a491399700d9c586c067665dd8b48251196512f77a0b7e2732d91c,34060e20ca6ca6de13d114a5b1b14cf4e1fd9ffccc3f7ec4453bb00d8b5646f1,aa3eecab784379b153345fbb8c6c8666084992e2965b97b2218a061f3048be22
P1_a07,4,1;4;7;8,II;aVL;V2;V3,936,0.9143333578557591,0.6840579710144927,0.7871148459383753,0.6857894203618009,0.6919859172796943,binary;multiclass,0.9298912006108034,0.6225165562913907,0.7230769230769231,0.5615384615384615,0.9666446208112874,0.898876404494382,0.8888888888888888,0.9,0.9070078214047085,0.676829268292683,0.6727272727272727,0.5757575757575758,0.9541835028398459,0.8598639455782313,0.8337730870712401,0.7941952506596306,0.8616696178671388,0.3708609271523179,0.34146341463414637,0.32926829268292684,6.774501300002157,42,287148bfd01ac67b5192268c6c69cc4cc230c004bdfdf332285f38a3b43b08dd,c175815089a491399700d9c586c067665dd8b48251196512f77a0b7e2732d91c,34060e20ca6ca6de13d114a5b1b14cf4e1fd9ffccc3f7ec4453bb00d8b5646f1,781b7c0f17a45b4f6e7740b5b698e1f89840c47b7da36a9f1f2b515e8c598f45
P1_a07,4,1;4;7;9,II;aVL;V2;V4,936,0.9163245788273376,0.6869565217391305,0.788135593220339,0.6923687107987749,0.6982457153574986,binary;multiclass,0.9298053063561749,0.6333333333333333,0.7307692307692307,0.5692307692307692,0.964293062904174,0.898876404494382,0.8888888888888888,0.9055555555555556,0.9109696183626145,0.6832298136645962,0.6666666666666666,0.6060606060606061,0.9550645893236951,0.8617886178861789,0.8390501319261213,0.8073878627968337,0.8599274575883933,0.38461538461538464,0.36585365853658536,0.34146341463414637,6.782504899998457,42,287148bfd01ac67b5192268c6c69cc4cc230c004bdfdf332285f38a3b43b08dd,c175815089a491399700d9c586c067665dd8b48251196512f77a0b7e2732d91c,34060e20ca6ca6de13d114a5b1b14cf4e1fd9ffccc3f7ec4453bb00d8b5646f1,fbdf05ccf9a9ccec2678ae7c72368abf37625758d63f5832f204f729e7b2ba09
P1_a07,4,1;4;7;10,II;aVL;V2;V5,936,0.9159567424409624,0.7014492753623188,0.7830985915492957,0.6880915171691397,0.6947047639563245,binary;multiclass,0.9319144874976141,0.6360655737704918,0.7461538461538462,0.5846153846153846,0.9650793650793651,0.898876404494382,0.8888888888888888,0.9055555555555556,0.9095389694611484,0.6707692307692308,0.6606060606060606,0.6,0.9546429941781973,0.8614130434782609,0.8364116094986808,0.8021108179419525,0.8639829782372765,0.37333333333333335,0.34146341463414637,0.35365853658536583,6.763563599997724,42,287148bfd01ac67b5192268c6c69cc4cc230c004bdfdf332285f38a3b43b08dd,c175815089a491399700d9c586c067665dd8b48251196512f77a0b7e2732d91c,34060e20ca6ca6de13d114a5b1b14cf4e1fd9ffccc3f7ec4453bb00d8b5646f1,59958281400a71b9787ff08ce5f5966795044d425983658b98887f1d95a4401e
P1_a07,4,1;4;7;11,II;aVL;V2;V6,936,0.9156232374506487,0.6927536231884058,0.7870239774330042,0.6863930634542215,0.6952832287589994,binary;multiclass,0.93425271998473,0.6472491909385113,0.7692307692307693,0.5923076923076923,0.9665711346266902,0.898876404494382,0.8888888888888888,0.9055555555555556,0.9066147859922179,0.6788990825688074,0.6727272727272727,0.5878787878787879,0.9548419491906794,0.8602739726027397,0.8284960422163589,0.8021108179419525,0.8647255383560861,0.3466666666666667,0.3170731707317073,0.34146341463414637,6.767511100002594,42,287148bfd01ac67b5192268c6c69cc4cc230c004bdfdf332285f38a3b43b08dd,c175815089a491399700d9c586c067665dd8b48251196512f77a0b7e2732d91c,34060e20ca6ca6de13d114a5b1b14cf4e1fd9ffccc3f7ec4453bb00d8b5646f1,970095a11f4868766685ab1c9fee354f71eb4cc7922e14582e4739ce8d5cfb89
P1_a07,4,1;4;8;9,II;aVL;V3;V4,936,0.9139802349248388,0.6840579710144927,0.7893258426966292,0.6842223004467533,0.6914412586862552,binary;multiclass,0.9282305783546478,0.6274509803921569,0.7384615384615385,0.5461538461538461,0.9633303938859493,0.8938547486033519,0.8888888888888888,0.9,0.911118971819361,0.664576802507837,0.6424242424242425,0.5878787878787879,0.9531697796810088,0.8610354223433242,0.8337730870712401,0.8073878627968337,0.8600274176043868,0.3741935483870968,0.35365853658536583,0.34146341463414637,6.772650800001429,42,287148bfd01ac67b5192268c6c69cc4cc230c004bdfdf332285f38a3b43b08dd,c175815089a491399700d9c586c067665dd8b48251196512f77a0b7e2732d91c,34060e20ca6ca6de13d114a5b1b14cf4e1fd9ffccc3f7ec4453bb00d8b5646f1,9ec180a3213fabc8259d2123b5c628dacd1766a2772a68cf22aaa2621076e716
P1_a07,4,1;4;8;10,II;aVL;V3;V5,936,0.9146864807866794,0.6927536231884058,0.7864214992927864,0.6831670011260034,0.6897183870965967,binary;multiclass,0.9303779347203666,0.6287625418060201,0.7230769230769231,0.5692307692307692,0.964050558495003,0.8938547486033519,0.8888888888888888,0.9,0.9108674291553669,0.672782874617737,0.6666666666666666,0.5818181818181818,0.9531176724158348,0.854421768707483,0.8284960422163589,0.7783641160949868,0.8644256583081054,0.3660130718954248,0.34146341463414637,0.3170731707317073,6.77681450000091,42,287148bfd01ac67b5192268c6c69cc4cc230c004bdfdf332285f38a3b43b08dd,c175815089a491399700d9c586c067665dd8b48251196512f77a0b7e2732d91c,34060e20ca6ca6de13d114a5b1b14cf4e1fd9ffccc3f7ec4453bb00d8b5646f1,a7ed79381449665c188b699b5671031e2b151f42f8b758be3610cebf74811900
P1_a07,4,1;4;8;11,II;aVL;V3;V6,936,0.9135976850830083,0.6782608695652174,0.791023842917251,0.6767100626614156,0.6849505325173,binary;multiclass,0.9308264936056498,0.6254071661237784,0.7384615384615385,0.5923076923076923,0.9654247501469724,0.8913649025069638,0.8888888888888888,0.9055555555555556,0.9076838423141926,0.6748466257668712,0.6666666666666666,0.5757575757575758,0.9532692571872499,0.8563611491108071,0.8258575197889182,0.7810026385224275,0.8655680584908892,0.33557046979865773,0.3048780487804878,0.3048780487804878,6.769105400002445,42,287148bfd01ac67b5192268c6c69cc4cc230c004bdfdf332285f38a3b43b08dd,c175815089a491399700d9c586c067665dd8b48251196512f77a0b7e2732d91c,34060e20ca6ca6de13d114a5b1b14cf4e1fd9ffccc3f7ec4453bb00d8b5646f1,e1d80f33b7feaeee54da335864137b5a454746318d63291de6e70ac54f398244
P1_a07,4,1;4;9;10,II;aVL;V4;V5,936,0.9150543171730549,0.6985507246376812,0.7876230661040787,0.6868948579176103,0.6935095968521543,binary;multiclass,0.9276484061843864,0.6397306397306397,0.7307692307692307,0.5692307692307692,0.9628968253968253,0.8938547486033519,0.8888888888888888,0.9,0.9115434500648508,0.6869300911854104,0.6848484848484848,0.5757575757575758,0.9510570669294136,0.8586956521739131,0.8337730870712401,0.7968337730870713,0.8557576969212315,0.35526315789473684,0.32926829268292684,0.3170731707317073,6.7615331999986665,42,287148bfd01ac67b5192268c6c69cc4cc230c004bdfdf332285f38a3b43b08dd,c175815089a491399700d9c586c067665dd8b48251196512f77a0b7e2732d91c,34060e20ca6ca6de13d114a5b1b14cf4e1fd9ffccc3f7ec4453bb00d8b5646f1,272c49f1d13a5daa5da73d4f32ca3cc65da4cc10d41935c4808ba67f6699cdd7
P1_a07,4,1;4;9;11,II;aVL;V4;V6,936,0.914470683440006,0.6956521739130435,0.7871148459383753,0.6800520498767607,0.6865949459797197,binary;multiclass,0.9291658713494941,0.6394557823129252,0.7230769230769231,0.6,0.96331569664903,0.8888888888888888,0.8888888888888888,0.9055555555555556,0.9108752898636167,0.6687116564417178,0.6606060606060606,0.5757575757575758,0.9524592260650016,0.8548168249660787,0.8311345646437994,0.8021108179419525,0.8584994573599132,0.34838709677419355,0.32926829268292684,0.2804878048780488,6.768516099997214,42,287148bfd01ac67b5192268c6c69cc4cc230c004bdfdf332285f38a3b43b08dd,c175815089a491399700d9c586c067665dd8b48251196512f77a0b7e2732d91c,34060e20ca6ca6de13d114a5b1b14cf4e1fd9ffccc3f7ec4453bb00d8b5646f1,9cdf85fa887e9a21a1509c4fe0ee969b8ff43c89cceadb5ea66cdf5e62e5189a
P1_a07,4,1;4;10;11,II;aVL;V5;V6,936,0.9147404301233478,0.6840579710144927,0.7859154929577464,0.6737864131657116,0.6813606869208904,binary;multiclass,0.9294140103073104,0.632996632996633,0.7230769230769231,0.5538461538461539,0.9632275132275132,0.8864265927977839,0.8888888888888888,0.9,0.9087214558031678,0.6605504587155964,0.6545454545454545,0.6060606060606061,0.950517046181248,0.8512960436562074,0.8232189973614775,0.7968337730870713,0.8660678585708573,0.33766233766233766,0.3170731707317073,0.3048780487804878,6.774905400001444,42,287148bfd01ac67b5192268c6c69cc4cc230c004bdfdf332285f38a3b43b08dd,c175815089a491399700d9c586c067665dd8b48251196512f77a0b7e2732d91c,34060e20ca6ca6de13d114a5b1b14cf4e1fd9ffccc3f7ec4453bb00d8b5646f1,e78cac0973d35fcfda991dadbd3a0e9b7fce3fe8b0d68768367dd97f14874909
P1_a07,4,1;5;6;7,II;aVF;V1;V2,936,0.9151082665097232,0.6695652173913044,0.791023842917251,0.7002974949963479,0.7078043410136852,binary;multiclass,0.9303111280778774,0.6578073089700996,0.7615384615384615,0.6076923076923076,0.9669532627865962,0.8975069252077562,0.9,0.9,0.9016625397948355,0.6845238095238095,0.696969696969697,0.593939393939394,0.9604032154919636,0.8700410396716827,0.8390501319261213,0.841688654353562,0.8681241788998686,0.3916083916083916,0.34146341463414637,0.34146341463414637,6.776325999999244,42,287148bfd01ac67b5192268c6c69cc4cc230c004bdfdf332285f38a3b43b08dd,c175815089a491399700d9c586c067665dd8b48251196512f77a0b7e2732d91c,34060e20ca6ca6de13d114a5b1b14cf4e1fd9ffccc3f7ec4453bb00d8b5646f1,1655ba41f9434ce8de8d9930e7b795674cbb0ee4be7d7e90c14ecafaa29ca5a6
P1_a07,4,1;5;6;8,II;aVF;V1;V3,936,0.9131170455381447,0.672463768115942,0.7876230661040787,0.6846249365160172,0.6910437782109061,binary;multiclass,0.9294712731437297,0.6308724832214765,0.7230769230769231,0.5384615384615384,0.9662257495590829,0.8919667590027701,0.8944444444444445,0.9,0.9090594662579099,0.6625766871165644,0.6545454545454545,0.593939393939394,0.9578452224743371,0.8668478260869565,0.841688654353562,0.8179419525065963,0.8666818986691038,0.3708609271523179,0.34146341463414637,0.3170731707317073,6.769721099997696,42,287148bfd01ac67b5192268c6c69cc4cc230c004bdfdf332285f38a3b43b08dd,c175815089a491399700d9c586c067665dd8b48251196512f77a0b7e2732d91c,34060e20ca6ca6de13d114a5b1b14cf4e1fd9ffccc3f7ec4453bb00d8b5646f1,5ff8df9c7dbd0bff558bb24ee910d242f2364fcbde792fab040da484ac984ec8
P1_a07,4,1;5;6;9,II;aVF;V1;V4,936,0.9158831751636871,0.6753623188405797,0.7894002789400278,0.6893480359817417,0.6972740123567075,binary;multiclass,0.9293472036648215,0.6397306397306397,0.7307692307692307,0.5538461538461539,0.9640579071134626,0.8969359331476323,0.8944444444444445,0.9055555555555556,0.91284046692607,0.6727272727272727,0.6727272727272727,0.593939393939394,0.9581720771377005,0.8806584362139918,0.8469656992084432,0.8443271767810027,0.8619123779059805,0.35668789808917195,0.34146341463414637,0.2926829268292683,6.772715499999322,42,287148bfd01ac67b5192268c6c69cc4cc230c004bdfdf332285f38a3b43b08dd,c175815089a491399700d9c586c067665dd8b48251196512f77a0b7e2732d91c,34060e20ca6ca6de13d114a5b1b14cf4e1fd9ffccc3f7ec4453bb00d8b5646f1,c066e3e697746bec7c82e82b3fb5ab15067d1d3eb4759c4f38c8b31e8f4d7b26
P1_a07,4,1;5;6;10,II;aVF;V1;V5,936,0.9158292258270189,0.6956521739130435,0.7843137254901961,0.6821224857533357,0.6905410018544711,binary;multiclass,0.930339759496087,0.6357615894039735,0.7384615384615385,0.5384615384615384,0.9654247501469724,0.8938547486033519,0.8888888888888888,0.9055555555555556,0.9115198679401013,0.6746987951807228,0.6787878787878788,0.593939393939394,0.9577836411609499,0.8751714677640604,0.841688654353562,0.8311345646437994,0.8620980179356829,0.33112582781456956,0.3048780487804878,0.2926829268292683,6.760873200000788,42,287148bfd01ac67b5192268c6c69cc4cc230c004bdfdf332285f38a3b43b08dd,c175815089a491399700d9c586c067665dd8b48251196512f77a0b7e2732d91c,34060e20ca6ca6de13d114a5b1b14cf4e1fd9ffccc3f7ec4453bb00d8b5646f1,b07aa2fdaadfb68a703a38740c622c7ea1a75c59811a93a06bb96b45954573db
P1_a07,4,1;5;6;11,II;aVF;V1;V6,936,0.9144804924103092,0.6811594202898551,0.7926657263751763,0.6939455818679556,0.7025125136927698,binary;multiclass,0.9336705478144685,0.6535947712418301,0.7692307692307693,0.5923076923076923,0.9677175191064081,0.9019607843137255,0.8944444444444445,0.9055555555555556,0.9067169751994655,0.6869300911854104,0.6848484848484848,0.6242424242424243,0.958281028692155,0.8782489740082079,0.8469656992084432,0.8258575197889182,0.8668389786942365,0.348993288590604,0.3170731707317073,0.3048780487804878,6.761000700000295,42,287148bfd01ac67b5192268c6c69cc4cc230c004bdfdf332285f38a3b43b08dd,c175815089a491399700d9c586c067665dd8b48251196512f77a0b7e2732d91c,34060e20ca6ca6de13d114a5b1b14cf4e1fd9ffccc3f7ec4453bb00d8b5646f1,df5bb14750fdbdd4eea1cdec054549e38757ec16ef48d650fb9c94f095f0809f
P1_a07,4,1;5;7;8,II;aVF;V2;V3,936,0.9141469874199956,0.6608695652173913,0.7865168539325843,0.6767139507989993,0.682132541361578,binary;multiclass,0.9290036266463066,0.6179401993355482,0.7153846153846154,0.5615384615384615,0.966820987654321,0.8938547486033519,0.8888888888888888,0.9,0.9061038399559801,0.6605504587155964,0.6545454545454545,0.5818181818181818,0.9542545582014467,0.8663967611336032,0.8469656992084432,0.8126649076517151,0.857228537156566,0.3448275862068966,0.3048780487804878,0.3170731707317073,6.757840499998565,42,287148bfd01ac67b5192268c6c69cc4cc230c004bdfdf332285f38a3b43b08dd,c175815089a491399700d9c586c067665dd8b48251196512f77a0b7e2732d91c,34060e20ca6ca6de13d114a5b1b14cf4e1fd9ffccc3f7ec4453bb00d8b5646f1,5d353331718d3486357e577a7c79d767c2f892d3cd03f77f2373b2f253ce738e
P1_a07,4,1;5;7;9,II;aVF;V2;V4,936,0.9153878221633684,0.672463768115942,0.7821229050279329,0.6879168513786064,0.695116676374801,binary;multiclass,0.9290322580645161,0.6423841059602649,0.7461538461538462,0.5461538461538461,0.964322457378013,0.9070422535211268,0.8944444444444445,0.9,0.9098455370828911,0.6707317073170732,0.6666666666666666,0.593939393939394,0.9553156516013511,0.8664850136239782,0.8390501319261213,0.8311345646437994,0.8573142171702748,0.35294117647058826,0.32926829268292684,0.3170731707317073,6.757989699999598,42,287148bfd01ac67b5192268c6c69cc4cc230c004bdfdf332285f38a3b43b08dd,c175815089a491399700d9c586c067665dd8b48251196512f77a0b7e2732d91c,34060e20ca6ca6de13d114a5b1b14cf4e1fd9ffccc3f7ec4453bb00d8b5646f1,666ffd49d76537e46f13b53b546e52740c8b0a6938790543fbad92b232ad28a4
P1_a07,4,1;5;7;10,II;aVF;V2;V5,936,0.9151622158463915,0.6869565217391305,0.7877094972067039,0.6832649156108009,0.6905410018544711,binary;multiclass,0.9314659286123306,0.6336633663366337,0.7384615384615385,0.5769230769230769,0.9649985302763081,0.898876404494382,0.8888888888888888,0.9055555555555556,0.9087293165114176,0.676737160120846,0.6787878787878788,0.6060606060606061,0.9552919664808175,0.8692098092643051,0.841688654353562,0.820580474934037,0.860370137659222,0.33783783783783783,0.3048780487804878,0.32926829268292684,6.767520100002002,42,287148bfd01ac67b5192268c6c69cc4cc230c004bdfdf332285f38a3b43b08dd,c175815089a491399700d9c586c067665dd8b48251196512f77a0b7e2732d91c,34060e20ca6ca6de13d114a5b1b14cf4e1fd9ffccc3f7ec4453bb00d8b5646f1,bdf672d828a54c057e0a3061ea3b5f2a5dd234ff765fe0414c5b0cab46de1c9d
P1_a07,4,1;5;7;11,II;aVF;V2;V6,936,0.9155349567179185,0.6985507246376812,0.7837078651685393,0.6776968787014681,0.6867986862941493,binary;multiclass,0.9337373544569574,0.6387096774193548,0.7615384615384615,0.5846153846153846,0.9665784832451499,0.896358543417367,0.8888888888888888,0.9055555555555556,0.9057422473764887,0.6666666666666666,0.6666666666666666,0.6060606060606061,0.9557751429397023,0.8673050615595075,0.8364116094986808,0.820580474934037,0.8613697378191582,0.3194444444444444,0.2804878048780488,0.3170731707317073,6.781585999997333,42,287148bfd01ac67b5192268c6c69cc4cc230c004bdfdf332285f38a3b43b08dd,c175815089a491399700d9c586c067665dd8b48251196512f77a0b7e2732d91c,34060e20ca6ca6de13d114a5b1b14cf4e1fd9ffccc3f7ec4453bb00d8b5646f1,a2a9b3cc5974439295fb0337e4394e2a66f95980782692dc2262bb2bf32dbcdb
P1_a07,4,1;5;8;9,II;aVF;V3;V4,936,0.9144853968954609,0.6898550724637681,0.7819971870604782,0.6777662539669145,0.6841540554675248,binary;multiclass,0.9284023668639054,0.6418918918918919,0.7307692307692307,0.5538461538461539,0.9630291005291005,0.896358543417367,0.8888888888888888,0.9,0.9102149903706324,0.6625766871165644,0.6545454545454545,0.5757575757575758,0.9534397900550916,0.8633288227334236,0.841688654353562,0.8179419525065963,0.8603844176615069,0.3246753246753247,0.3048780487804878,0.3170731707317073,6.717673499999364,42,287148bfd01ac67b5192268c6c69cc4cc230c004bdfdf332285f38a3b43b08dd,c175815089a491399700d9c586c067665dd8b48251196512f77a0b7e2732d91c,34060e20ca6ca6de13d114a5b1b14cf4e1fd9ffccc3f7ec4453bb00d8b5646f1,2c0486b6d1d9598e8fa88bd5ca6ba51392a9ec43683c016bdd65cc35b780e88d
P1_a07,4,1;5;8;10,II;aVF;V3;V5,936,0.9146570538757692,0.6869565217391305,0.788135593220339,0.669743289356821,0.6763167417990765,binary;multiclass,0.9296335178469174,0.6133333333333333,0.7076923076923077,0.5769230769230769,0.9637639623750736,0.8907563025210085,0.8833333333333333,0.9,0.9097826514168926,0.6585365853658537,0.6545454545454545,0.593939393939394,0.9532503090908229,0.8571428571428571,0.8311345646437994,0.7862796833773087,0.8608842177414748,0.32894736842105265,0.3048780487804878,0.3170731707317073,6.652625099999568,42,287148bfd01ac67b5192268c6c69cc4cc230c004bdfdf332285f38a3b43b08dd,c175815089a491399700d9c586c067665dd8b48251196512f77a0b7e2732d91c,34060e20ca6ca6de13d114a5b1b14cf4e1fd9ffccc3f7ec4453bb00d8b5646f1,7f903d086bc77e51e084b442ca5c1d549e582b27abff51a112c27e9a4365f4b3
P1_a07,4,1;5;8;11,II;aVF;V3;V6,936,0.9138232913999853,0.6869565217391305,0.7966339410939691,0.6727101419112603,0.6799213693614877,binary;multiclass,0.9310173697270472,0.6245847176079734,0.7230769230769231,0.5923076923076923,0.9651234567901235,0.888268156424581,0.8833333333333333,0.9055555555555556,0.9084856345556735,0.6585365853658537,0.6545454545454545,0.5818181818181818,0.953416104934558,0.8610354223433242,0.8337730870712401,0.7915567282321899,0.8626120980179357,0.33112582781456956,0.3048780487804878,0.3048780487804878,6.584350799999811,42,287148bfd01ac67b5192268c6c69cc4cc230c004bdfdf332285f38a3b43b08dd,c175815089a491399700d9c586c067665dd8b48251196512f77a0b7e2732d91c,34060e20ca6ca6de13d114a5b1b14cf4e1fd9ffccc3f7ec4453bb00d8b5646f1,f69a5682e3891a27a8cc3e34568c7052f91bde10cbacd021a73d3defc63aa8e4
P1_a07,4,1;5;9;10,II;aVF;V4;V5,936,0.9134407415581549,0.6840579710144927,0.7830985915492957,0.6698743322812802,0.6761861677660634,binary;multiclass,0.9277533880511549,0.6153846153846154,0.7076923076923077,0.5846153846153846,0.9626616696061141,0.898876404494382,0.8888888888888888,0.9,0.9095939944188972,0.6727272727272727,0.6727272727272727,0.6,0.950602312615169,0.8536585365853658,0.8311345646437994,0.8047493403693932,0.8525589764094362,0.3087248322147651,0.2804878048780488,0.3048780487804878,6.611336599999049,42,287148bfd01ac67b5192268c6c69cc4cc230c004bdfdf332285f38a3b43b08dd,c175815089a491399700d9c586c067665dd8b48251196512f77a0b7e2732d91c,34060e20ca6ca6de13d114a5b1b14cf4e1fd9ffccc3f7ec4453bb00d8b5646f1,3f5524a3bcf508c5d50a031466155b7d4fd2d71cd04773b5a3f33bbcc2d17357
P1_a07,4,1;5;9;11,II;aVF;V4;V6,936,0.913646729934525,0.6927536231884058,0.7771587743732591,0.6692501927384226,0.6774074730783657,binary;multiclass,0.9296907806833365,0.6351351351351351,0.7230769230769231,0.6,0.9633009994121104,0.8969359331476323,0.8944444444444445,0.9055555555555556,0.9094525016704005,0.6686746987951807,0.6727272727272727,0.593939393939394,0.9526629181015903,0.8579234972677595,0.8284960422163589,0.8073878627968337,0.8574712971954075,0.2875816993464052,0.2682926829268293,0.2804878048780488,6.661061800001335,42,287148bfd01ac67b5192268c6c69cc4cc230c004bdfdf332285f38a3b43b08dd,c175815089a491399700d9c586c067665dd8b48251196512f77a0b7e2732d91c,34060e20ca6ca6de13d114a5b1b14cf4e1fd9ffccc3f7ec4453bb00d8b5646f1,6cccfff2d59d56a1d4f032faf06fa2b4a0adf98af90a924b343dec41994d573f
P1_a07,4,1;5;10;11,II;aVF;V5;V6,936,0.9130581917163245,0.6811594202898551,0.782608695652174,0.6692152039276523,0.6771651887450846,binary;multiclass,0.9309791945027678,0.6291390728476821,0.7307692307692307,0.5846153846153846,0.96277189888301,0.8913649025069638,0.8888888888888888,0.9,0.9079432456864364,0.6585365853658537,0.6545454545454545,0.593939393939394,0.9499533403125487,0.8583106267029973,0.8311345646437994,0.8021108179419525,0.8646112983378077,0.3087248322147651,0.2804878048780488,0.2926829268292683,6.78862350000054,42,287148bfd01ac67b5192268c6c69cc4cc230c004bdfdf332285f38a3b43b08dd,c175815089a491399700d9c586c067665dd8b48251196512f77a0b7e2732d91c,34060e20ca6ca6de13d114a5b1b14cf4e1fd9ffccc3f7ec4453bb00d8b5646f1,a5308f6f1b8d5a3a322b5c4fdf1007754c6bbf92e8eebb8a8216926ccc885ead
P1_a07,4,1;6;7;8,II;V1;V2;V3,936,0.9136614433899802,0.6550724637681159,0.7954866008462623,0.6957388649372864,0.7020045329962313,binary;multiclass,0.9297098682954762,0.6381578947368421,0.7461538461538462,0.5538461538461539,0.9660787771898882,0.8975069252077562,0.9,0.9055555555555556,0.9060959792477302,0.6707692307692308,0.6606060606060606,0.5696969696969697,0.9580725996314594,0.875,0.8496042216358839,0.8232189973614775,0.8726366596218655,0.3972602739726027,0.35365853658536583,0.3902439024390244,6.741122200000973,42,287148bfd01ac67b5192268c6c69cc4cc230c004bdfdf332285f38a3b43b08dd,c175815089a491399700d9c586c067665dd8b48251196512f77a0b7e2732d91c,34060e20ca6ca6de13d114a5b1b14cf4e1fd9ffccc3f7ec4453bb00d8b5646f1,95b9c7f87015b412037d54aded0a8566788e1e3b524eb4c99600bfd1e8c4a75c
P1_a07,4,1;6;7;9,II;V1;V2;V4,936,0.9162951519164276,0.6956521739130435,0.7938288920056101,0.6901189301488826,0.6989078861303586,binary;multiclass,0.9288413819431188,0.6426229508196721,0.7538461538461538,0.5384615384615384,0.9646237507348618,0.8969359331476323,0.8944444444444445,0.9055555555555556,0.9094210588374012,0.6932515337423313,0.6848484848484848,0.6,0.9582241844028744,0.877914951989026,0.8443271767810027,0.8443271767810027,0.8657108585137374,0.33986928104575165,0.3170731707317073,0.32926829268292684,6.75452089999817,42,287148bfd01ac67b5192268c6c69cc4cc230c004bdfdf332285f38a3b43b08dd,c175815089a491399700d9c586c067665dd8b48251196512f77a0b7e2732d91c,34060e20ca6ca6de13d114a5b1b14cf4e1fd9ffccc3f7ec4453bb00d8b5646f1,cc967d2d16037e61e687614c27d84da4e4296d2675d4a518f9d07b4e86265c0a
P1_a07,4,1;6;7;10,II;V1;V2;V5,936,0.9166090389661345,0.6753623188405797,0.7859154929577464,0.6902228105752404,0.6970877361835596,binary;multiclass,0.9305020041992746,0.6312292358803987,0.7307692307692307,0.5615384615384615,0.9654982363315697,0.9019607843137255,0.8944444444444445,0.9055555555555556,0.9095782730023976,0.6888217522658611,0.6909090909090909,0.5757575757575758,0.9586789387171192,0.8801089918256131,0.8522427440633246,0.8337730870712401,0.8649397383903581,0.348993288590604,0.3170731707317073,0.3170731707317073,6.6429873000015505,42,287148bfd01ac67b5192268c6c69cc4cc230c004bdfdf332285f38a3b43b08dd,c175815089a491399700d9c586c067665dd8b48251196512f77a0b7e2732d91c,34060e20ca6ca6de13d114a5b1b14cf4e1fd9ffccc3f7ec4453bb00d8b5646f1,07619ff8795afcf8acb42a572b23958c969705e3644c75403e42439b3cb20529
P1_a07,4,1;6;7;11,II;V1;V2;V6,936,0.9168003138870497,0.6985507246376812,0.7971830985915493,0.6956270509966845,0.7040112651361766,binary;multiclass,0.9331742698988357,0.6366559485530546,0.7615384615384615,0.5615384615384615,0.967092886537331,0.9025069637883009,0.9,0.9055555555555556,0.9071021499037063,0.6788990825688074,0.6727272727272727,0.6121212121212121,0.9589868452840556,0.8791208791208791,0.8443271767810027,0.8337730870712401,0.8662677786028447,0.38095238095238093,0.34146341463414637,0.32926829268292684,6.726792299999943,42,287148bfd01ac67b5192268c6c69cc4cc230c004bdfdf332285f38a3b43b08dd,c175815089a491399700d9c586c067665dd8b48251196512f77a0b7e2732d91c,34060e20ca6ca6de13d114a5b1b14cf4e1fd9ffccc3f7ec4453bb00d8b5646f1,7f4d89f140d805e1808d6a26772c628ecf1950cb9a260486b90eef100a543bd3
P1_a07,4,1;6;8;9,II;V1;V3;V4,936,0.9133573653105765,0.6811594202898551,0.7921896792189679,0.6905050671880929,0.6984396155288748,binary;multiclass,0.9300534453139911,0.6510067114093959,0.7461538461538462,0.5538461538461539,0.9648809523809524,0.8919667590027701,0.8944444444444445,0.9055555555555556,0.9098691192076406,0.676829268292683,0.6727272727272727,0.6,0.9582004992823409,0.8797814207650273,0.8496042216358839,0.8469656992084432,0.866167818586851,0.35294117647058826,0.32926829268292684,0.3170731707317073,6.686293700000533,42,287148bfd01ac67b5192268c6c69cc4cc230c004bdfdf332285f38a3b43b08dd,c175815089a491399700d9c586c067665dd8b48251196512f77a0b7e2732d91c,34060e20ca6ca6de13d114a5b1b14cf4e1fd9ffccc3f7ec4453bb00d8b5646f1,22811a6c6be450d9613cca5cd2f2aacc99d27c2af866d52c4e1cf22d736e2480
P1_a07,4,1;6;8;10,II;V1;V3;V5,936,0.9148189018857745,0.6753623188405797,0.7815126050420168,0.6931263275238697,0.7006923637459708,binary;multiclass,0.930540179423554,0.6445182724252492,0.7461538461538462,0.5692307692307692,0.9654027042915931,0.9019607843137255,0.8944444444444445,0.9055555555555556,0.9116770821050977,0.6930091185410334,0.6909090909090909,0.6060606060606061,0.9577410079439894,0.8840381991814461,0.8548812664907651,0.8443271767810027,0.8661820985891359,0.34210526315789475,0.3170731707317073,0.34146341463414637,6.654230899999675,42,287148bfd01ac67b5192268c6c69cc4cc230c004bdfdf332285f38a3b43b08dd,c175815089a491399700d9c586c067665dd8b48251196512f77a0b7e2732d91c,34060e20ca6ca6de13d114a5b1b14cf4e1fd9ffccc3f7ec4453bb00d8b5646f1,e9564fbc7950fd452785d849fc4d9dcdbc9bcdbef652cc6492133b7eda049171
P1_a07,4,1;6;8;11,II;V1;V3;V6,936,0.9145099193212192,0.6840579710144927,0.7905027932960894,0.6859817204545928,0.6940763553898247,binary;multiclass,0.9321817140675701,0.6357615894039735,0.7384615384615385,0.5615384615384615,0.9665343915343916,0.8994413407821229,0.8944444444444445,0.9055555555555556,0.910946036237865,0.6805970149253732,0.6909090909090909,0.5878787878787879,0.9580204923662856,0.873972602739726,0.841688654353562,0.8258575197889182,0.8673244987719197,0.3401360544217687,0.3048780487804878,0.3170731707317073,6.659673800000746,42,287148bfd01ac67b5192268c6c69cc4cc230c004bdfdf332285f38a3b43b08dd,c175815089a491399700d9c586c067665dd8b48251196512f77a0b7e2732d91c,34060e20ca6ca6de13d114a5b1b14cf4e1fd9ffccc3f7ec4453bb00d8b5646f1,3002758b97ffc53c692ada0606ce21db84f1f4162ec914b1c4aef9704296fb95
P1_a07,4,1;6;9;10,II;V1;V4;V5,936,0.9168738811643249,0.6753623188405797,0.7943661971830986,0.6842909172695121,0.6933454206232377,binary;multiclass,0.928497804924604,0.6426229508196721,0.7538461538461538,0.5230769230769231,0.9633303938859494,0.8994413407821229,0.8944444444444445,0.9055555555555556,0.9126832527610739,0.6808510638297872,0.6787878787878788,0.6,0.9568457103878202,0.8806584362139918,0.8469656992084432,0.8311345646437994,0.8574570171931227,0.31788079470198677,0.2926829268292683,0.3170731707317073,6.661999500000093,42,287148bfd01ac67b5192268c6c69cc4cc230c004bdfdf332285f38a3b43b08dd,c175815089a491399700d9c586c067665dd8b48251196512f77a0b7e2732d91c,34060e20ca6ca6de13d114a5b1b14cf4e1fd9ffccc3f7ec4453bb00d8b5646f1,11d50bcef152b2386623e37ed73273a5f825b9f4dd6e5a057a4d9e7018a8b1bf
P1_a07,4,1;6;9;11,II;V1;V4;V6,936,0.9167120331543197,0.6782608695652174,0.7910863509749304,0.6834375577745495,0.6928715521559333,binary;multiclass,0.9316854361519374,0.6534653465346535,0.7615384615384615,0.5461538461538461,0.9645282186948854,0.9,0.9,0.9055555555555556,0.9136658412923004,0.6788990825688074,0.6727272727272727,0.6121212121212121,0.9578973297395109,0.8821917808219178,0.8496042216358839,0.8258575197889182,0.8615125378420061,0.3026315789473684,0.2804878048780488,0.2682926829268293,6.714769400001387,42,287148bfd01ac67b5192268c6c69cc4cc230c004bdfdf332285f38a3b43b08dd,c175815089a491399700d9c586c067665dd8b48251196512f77a0b7e2732d91c,34060e20ca6ca6de13d114a5b1b14cf4e1fd9ffccc3f7ec4453bb00d8b5646f1,b2d57e9022ea71dd188314b236b691d53015e3c799971fe138653c60250e42a5
P1_a07,4,1;6;10;11,II;V1;V5;V6,936,0.9159959783221756,0.6898550724637681,0.7855153203342619,0.6781505009091573,0.6869436922702897,binary;multiclass,0.932611185340714,0.6319218241042345,0.7461538461538462,0.5615384615384615,0.9655129335684891,0.9019607843137255,0.8944444444444445,0.9055555555555556,0.911370514483355,0.668693009118541,0.6666666666666666,0.6,0.9580347034386056,0.8794520547945206,0.8469656992084432,0.8337730870712401,0.865311018449763,0.3087248322147651,0.2804878048780488,0.3048780487804878,6.647138399999676,42,287148bfd01ac67b5192268c6c69cc4cc230c004bdfdf332285f38a3b43b08dd,c175815089a491399700d9c586c067665dd8b48251196512f77a0b7e2732d91c,34060e20ca6ca6de13d114a5b1b14cf4e1fd9ffccc3f7ec4453bb00d8b5646f1,5a69f09fd3c4d8a5283bc461e1eb6d6941f44d483fbde8d6b1e8c319c248941a
P1_a07,4,1;7;8;9,II;V2;V3;V4,936,0.9141028470536307,0.672463768115942,0.7899159663865546,0.6764807829377117,0.684793820276155,binary;multiclass,0.9289559076159573,0.64,0.7384615384615385,0.5769230769230769,0.9662477954144622,0.898876404494382,0.8888888888888888,0.9,0.9065125967849703,0.6546546546546547,0.6606060606060606,0.5696969696969697,0.9548419491906796,0.8641975308641975,0.8311345646437994,0.8311345646437994,0.862369337979094,0.3246753246753247,0.3048780487804878,0.3048780487804878,6.616514599998482,42,287148bfd01ac67b5192268c6c69cc4cc230c004bdfdf332285f38a3b43b08dd,c175815089a491399700d9c586c067665dd8b48251196512f77a0b7e2732d91c,34060e20ca6ca6de13d114a5b1b14cf4e1fd9ffccc3f7ec4453bb00d8b5646f1,286306e7d7c701e50e369a06e790306549fcd60402c57dd7b7e41c8ba16755d5
P1_a07,4,1;7;8;10,II;V2;V3;V5,936,0.9152014517276049,0.6695652173913044,0.7805555555555556,0.6864994217281486,0.6951730345578083,binary;multiclass,0.9299961824775721,0.6405228758169934,0.7538461538461538,0.5615384615384615,0.9671222810111699,0.898876404494382,0.8888888888888888,0.9055555555555556,0.908972998467162,0.6747720364741642,0.6727272727272727,0.5818181818181818,0.9549414266969205,0.8653846153846154,0.8311345646437994,0.8047493403693932,0.8639115782258525,0.35294117647058826,0.32926829268292684,0.34146341463414637,6.6124964999980875,42,287148bfd01ac67b5192268c6c69cc4cc230c004bdfdf332285f38a3b43b08dd,c175815089a491399700d9c586c067665dd8b48251196512f77a0b7e2732d91c,34060e20ca6ca6de13d114a5b1b14cf4e1fd9ffccc3f7ec4453bb00d8b5646f1,0b715c10d22f8e566593af966148422b797085769e9d3afa590ed2cc78e45cc7
P1_a07,4,1;7;8;11,II;V2;V3;V6,936,0.9149905588660832,0.6927536231884058,0.7916666666666666,0.6828047493978298,0.6913651767142983,binary;multiclass,0.9313323153273525,0.6405228758169934,0.7538461538461538,0.5846153846153846,0.9678718400940624,0.8938547486033519,0.8888888888888888,0.9055555555555556,0.9082891168494281,0.6586102719033232,0.6606060606060606,0.5878787878787879,0.9550409042031616,0.869684499314129,0.8364116094986808,0.8073878627968337,0.866524818643971,0.35135135135135137,0.3170731707317073,0.3170731707317073,6.661837100000412,42,287148bfd01ac67b5192268c6c69cc4cc230c004bdfdf332285f38a3b43b08dd,c175815089a491399700d9c586c067665dd8b48251196512f77a0b7e2732d91c,34060e20ca6ca6de13d114a5b1b14cf4e1fd9ffccc3f7ec4453bb00d8b5646f1,a2d94fac51935c066b144cc433f7599f56f465db015a49ac2725a16c83ddc4d1
P1_a07,4,1;7;9;10,II;V2;V4;V5,936,0.9152995414306384,0.663768115942029,0.788218793828892,0.6861344460460633,0.6945431098922314,binary;multiclass,0.9292994846344722,0.6535947712418301,0.7692307692307693,0.5461538461538461,0.9647045855379189,0.8983050847457628,0.8833333333333333,0.9055555555555556,0.908886530676414,0.672782874617737,0.6666666666666666,0.5878787878787879,0.9538755962729094,0.8661202185792349,0.8364116094986808,0.7994722955145118,0.8586993773919004,0.33986928104575165,0.3170731707317073,0.34146341463414637,6.64919689999806,42,287148bfd01ac67b5192268c6c69cc4cc230c004bdfdf332285f38a3b43b08dd,c175815089a491399700d9c586c067665dd8b48251196512f77a0b7e2732d91c,34060e20ca6ca6de13d114a5b1b14cf4e1fd9ffccc3f7ec4453bb00d8b5646f1,91568e6fa6d6b89089a018c6e3c6f3f7bb7da842ae90911cf445b6127bb00b5a
P1_a07,4,1;7;9;11,II;V2;V4;V6,936,0.9165599941146179,0.6956521739130435,0.786013986013986,0.6837490804064876,0.6922900116522614,binary;multiclass,0.9316663485397977,0.6447368421052632,0.7538461538461538,0.5538461538461539,0.9657774838330394,0.9044943820224719,0.8944444444444445,0.9055555555555556,0.9102778760366309,0.676737160120846,0.6787878787878788,0.6121212121212121,0.955566713879007,0.8727770177838577,0.841688654353562,0.8179419525065963,0.8622979379676701,0.32,0.2926829268292683,0.32926829268292684,6.609658899997157,42,287148bfd01ac67b5192268c6c69cc4cc230c004bdfdf332285f38a3b43b08dd,c175815089a491399700d9c586c067665dd8b48251196512f77a0b7e2732d91c,34060e20ca6ca6de13d114a5b1b14cf4e1fd9ffccc3f7ec4453bb00d8b5646f1,da730c9aa90e91ff5455dab6b3903a8b0bf8e575b2c5bb6fdec3b84dd3ac470e
P1_a07,4,1;7;10;11,II;V2;V5;V6,936,0.9161283994212708,0.6869565217391305,0.7810320781032078,0.6833340588992357,0.6925307798864655,binary;multiclass,0.93287841191067,0.6451612903225806,0.7692307692307693,0.5923076923076923,0.9656158142269252,0.898876404494382,0.8888888888888888,0.9055555555555556,0.9089415556341627,0.6646341463414634,0.6606060606060606,0.6121212121212121,0.9560404162896785,0.8724279835390947,0.8390501319261213,0.8126649076517151,0.8648397783743645,0.33557046979865773,0.3048780487804878,0.34146341463414637,6.616871400001401,42,287148bfd01ac67b5192268c6c69cc4cc230c004bdfdf332285f38a3b43b08dd,c175815089a491399700d9c586c067665dd8b48251196512f77a0b7e2732d91c,34060e20ca6ca6de13d114a5b1b14cf4e1fd9ffccc3f7ec4453bb00d8b5646f1,b28585374350ce92e35195dc2e871b6ad3679060f6841d7cc3a57adb979e4972
P1_a07,4,1;8;9;10,II;V3;V4;V5,936,0.9134309325878516,0.6753623188405797,0.7787114845938375,0.6772179804316463,0.6840854374833396,binary;multiclass,0.9269994273716358,0.6287625418060201,0.7230769230769231,0.5461538461538461,0.9643151087595532,0.895774647887324,0.8833333333333333,0.9,0.9088157843021657,0.6666666666666666,0.6727272727272727,0.5636363636363636,0.9523929077275074,0.8637602179836512,0.8364116094986808,0.8073878627968337,0.8586993773919003,0.33112582781456956,0.3048780487804878,0.3048780487804878,6.622074599999905,42,287148bfd01ac67b5192268c6c69cc4cc230c004bdfdf332285f38a3b43b08dd,c175815089a491399700d9c586c067665dd8b48251196512f77a0b7e2732d91c,34060e20ca6ca6de13d114a5b1b14cf4e1fd9ffccc3f7ec4453bb00d8b5646f1,900f95305487b5808be0c917af3859ecec8d04c97914ee298cbde46c014c0090
P1_a07,4,1;8;9;11,II;V3;V4;V6,936,0.9136074940533119,0.6782608695652174,0.786013986013986,0.6739394658033198,0.6811873265917928,binary;multiclass,0.9293376598587516,0.6375838926174496,0.7307692307692307,0.5769230769230769,0.9649323927101704,0.896358543417367,0.8888888888888888,0.9055555555555556,0.9093345910466533,0.6525679758308157,0.6545454545454545,0.593939393939394,0.9535013713684789,0.8653061224489796,0.8390501319261213,0.8126649076517151,0.8623978979836636,0.31788079470198677,0.2926829268292683,0.3048780487804878,6.6118098000006285,42,287148bfd01ac67b5192268c6c69cc4cc230c004bdfdf332285f38a3b43b08dd,c175815089a491399700d9c586c067665dd8b48251196512f77a0b7e2732d91c,34060e20ca6ca6de13d114a5b1b14cf4e1fd9ffccc3f7ec4453bb00d8b5646f1,890549fb723ebf46b74fc78b6669238c302fc239851093e31c5851909559498c
P1_a07,4,1;8;10;11,II;V3;V5;V6,936,0.914603104539101,0.6753623188405797,0.7855153203342619,0.6763208270964501,0.682973670329356,binary;multiclass,0.9302824966596678,0.6241610738255033,0.7153846153846154,0.5846153846153846,0.9649911816578484,0.896358543417367,0.8888888888888888,0.9055555555555556,0.9098298156663915,0.6646525679758308,0.6666666666666666,0.6,0.9537334855497079,0.8653061224489796,0.8390501319261213,0.8153034300791556,0.8656394585023134,0.33112582781456956,0.3048780487804878,0.32926829268292684,6.612228400001186,42,287148bfd01ac67b5192268c6c69cc4cc230c004bdfdf332285f38a3b43b08dd,c175815089a491399700d9c586c067665dd8b48251196512f77a0b7e2732d91c,34060e20ca6ca6de13d114a5b1b14cf4e1fd9ffccc3f7ec4453bb00d8b5646f1,10c38ee3f0333a09d7a2004829da956acb34987783de60101641bbf5428147bd
P1_a07,4,1;9;10;11,II;V4;V5;V6,936,0.9148041884303195,0.6753623188405797,0.7916666666666666,0.665611622401566,0.6727363863228462,binary;multiclass,0.9279060889482726,0.6148648648648649,0.7,0.5692307692307692,0.9628159905937683,0.898876404494382,0.8888888888888888,0.9055555555555556,0.9103171795778799,0.6568047337278107,0.6727272727272727,0.5878787878787879,0.9506781050008765,0.8622100954979536,0.8337730870712401,0.8073878627968337,0.8553435768549723,0.2953020134228188,0.2682926829268293,0.2926829268292683,6.64561859999958,42,287148bfd01ac67b5192268c6c69cc4cc230c004bdfdf332285f38a3b43b08dd,c175815089a491399700d9c586c067665dd8b48251196512f77a0b7e2732d91c,34060e20ca6ca6de13d114a5b1b14cf4e1fd9ffccc3f7ec4453bb00d8b5646f1,cbbf346771af509f2494be339b10285636eb196158dcb282322a061e36fb0146
P1_a07,4,2;3;4;5,III;aVR;aVL;aVF,936,0.9143971161627308,0.6956521739130435,0.7911479944674965,0.6872945068431638,0.6956560871252936,binary;multiclass,0.9291563275434244,0.6513157894736842,0.7615384615384615,0.5769230769230769,0.9653145208700765,0.8791208791208791,0.8888888888888888,0.9,0.9009472153441025,0.6809815950920245,0.6727272727272727,0.6484848484848484,0.9519760496061165,0.855191256830601,0.8258575197889182,0.8073878627968337,0.869666419146627,0.3698630136986301,0.32926829268292684,0.3780487804878049,6.647546000000148,42,287148bfd01ac67b5192268c6c69cc4cc230c004bdfdf332285f38a3b43b08dd,c175815089a491399700d9c586c067665dd8b48251196512f77a0b7e2732d91c,34060e20ca6ca6de13d114a5b1b14cf4e1fd9ffccc3f7ec4453bb00d8b5646f1,bbb16d7f65a8c56d77bfb88de82efb384651b0dd0d1ca41f6447f80b6abdee2a
P1_a07,4,2;3;4;6,III;aVR;aVL;V1,936,0.913990043895142,0.6608695652173913,0.7861111111111111,0.6927021150147209,0.7020162392612356,binary;multiclass,0.9310078259209773,0.6470588235294118,0.7615384615384615,0.5692307692307692,0.968452380952381,0.8895027624309392,0.8944444444444445,0.9,0.903745627481036,0.6748466257668712,0.6666666666666666,0.5878787878787879,0.9584184023912498,0.8705234159779615,0.8337730870712401,0.8337730870712401,0.8679956588793054,0.3815789473684211,0.35365853658536583,0.34146341463414637,6.655205200000637,42,287148bfd01ac67b5192268c6c69cc4cc230c004bdfdf332285f38a3b43b08dd,c175815089a491399700d9c586c067665dd8b48251196512f77a0b7e2732d91c,34060e20ca6ca6de13d114a5b1b14cf4e1fd9ffccc3f7ec4453bb00d8b5646f1,f7523b3b03d0ff848f72789fbf7818e670fb05477fa37e4df006485e28d23b72
P1_a07,4,2;3;4;7,III;aVR;aVL;V2,936,0.9131906128154197,0.6695652173913044,0.7830985915492957,0.6928800239794848,0.7014346987575638,binary;multiclass,0.9320767322008017,0.6490066225165563,0.7538461538461538,0.6,0.9678203997648442,0.8888888888888888,0.8888888888888888,0.9,0.9017490075855834,0.6706948640483383,0.6727272727272727,0.6060606060606061,0.9556282951923941,0.8610729023383769,0.8258575197889182,0.8073878627968337,0.866524818643971,0.39473684210526316,0.36585365853658536,0.3780487804878049,6.621996600002603,42,287148bfd01ac67b5192268c6c69cc4cc230c004bdfdf332285f38a3b43b08dd,c175815089a491399700d9c586c067665dd8b48251196512f77a0b7e2732d91c,34060e20ca6ca6de13d114a5b1b14cf4e1fd9ffccc3f7ec4453bb00d8b5646f1,80b574ca72728126bfc15cfb49e8ae6b3adf9301970e696d6fe3153f44f4e581
P1_a07,4,2;3;4;8,III;aVR;aVL;V3,936,0.9132494666372397,0.6811594202898551,0.7932960893854749,0.6868597468990989,0.6945668719450816,binary;multiclass,0.9287173124642106,0.6308724832214765,0.7230769230769231,0.5846153846153846,0.9662551440329219,0.8864265927977839,0.8888888888888888,0.9,0.9072672247769523,0.6846846846846847,0.6909090909090909,0.5878787878787879,0.9525871257158828,0.8614540466392319,0.8284960422163589,0.7862796833773087,0.8633260981321758,0.3708609271523179,0.34146341463414637,0.34146341463414637,6.702251200000319,42,287148bfd01ac67b5192268c6c69cc4cc230c004bdfdf332285f38a3b43b08dd,c175815089a491399700d9c586c067665dd8b48251196512f77a0b7e2732d91c,34060e20ca6ca6de13d114a5b1b14cf4e1fd9ffccc3f7ec4453bb00d8b5646f1,9dcc9ce621bc8d26ad2e4ffdd2a739eda58702700b75536ed1a97470cd49b176
P1_a07,4,2;3;4;9,III;aVR;aVL;V4,936,0.914691385271831,0.6956521739130435,0.7843137254901961,0.6784023466381716,0.6857409011678912,binary;multiclass,0.9266272189349113,0.6262626262626263,0.7153846153846154,0.5384615384615384,0.963014403292181,0.8888888888888888,0.8888888888888888,0.9055555555555556,0.909350312463153,0.672782874617737,0.6666666666666666,0.5818181818181818,0.9512275997972552,0.8579234972677595,0.8284960422163589,0.8047493403693932,0.8528874164619866,0.34615384615384615,0.32926829268292684,0.3170731707317073,6.658166499997606,42,287148bfd01ac67b5192268c6c69cc4cc230c004bdfdf332285f38a3b43b08dd,c175815089a491399700d9c586c067665dd8b48251196512f77a0b7e2732d91c,34060e20ca6ca6de13d114a5b1b14cf4e1fd9ffccc3f7ec4453bb00d8b5646f1,3d2abf7ce404b970a87444eaac20744b95f86d73c17df1797df869fd2b61d5aa
P1_a07,4,2;3;4;10,III;aVR;aVL;V5,936,0.9145982000539493,0.6898550724637681,0.7810320781032078,0.6839146827436277,0.6910084564026259,binary;multiclass,0.9284119106699753,0.6127946127946128,0.7,0.5384615384615384,0.9648221634332746,0.8913649025069638,0.8888888888888888,0.9055555555555556,0.9071100106119562,0.662613981762918,0.6606060606060606,0.5818181818181818,0.9502422987830584,0.8477366255144033,0.8153034300791556,0.7862796833773087,0.868738218998115,0.4050632911392405,0.3902439024390244,0.3780487804878049,6.640245700000378,42,287148bfd01ac67b5192268c6c69cc4cc230c004bdfdf332285f38a3b43b08dd,c175815089a491399700d9c586c067665dd8b48251196512f77a0b7e2732d91c,34060e20ca6ca6de13d114a5b1b14cf4e1fd9ffccc3f7ec4453bb00d8b5646f1,cf928137a67189b8b9628f5929f3e9175ec964028b36dbef43e7604f5e54defd
P1_a07,4,2;3;4;11,III;aVR;aVL;V6,936,0.9137570808504378,0.6782608695652174,0.7932489451476793,0.6783573978214481,0.6865723940059482,binary;multiclass,0.9287745753006299,0.6242038216560509,0.7538461538461538,0.5461538461538461,0.9656452087007643,0.8969359331476323,0.8944444444444445,0.9,0.9013559721730928,0.65625,0.6363636363636364,0.593939393939394,0.9494749008777706,0.860655737704918,0.8311345646437994,0.7941952506596306,0.8705660592905695,0.35374149659863946,0.3170731707317073,0.34146341463414637,6.805082099999709,42,287148bfd01ac67b5192268c6c69cc4cc230c004bdfdf332285f38a3b43b08dd,c175815089a491399700d9c586c067665dd8b48251196512f77a0b7e2732d91c,34060e20ca6ca6de13d114a5b1b14cf4e1fd9ffccc3f7ec4453bb00d8b5646f1,ed8829b6b339ba8480fbbe4be992a5b32f491caeeb44408722fc738c3e9c27a1
P1_a07,4,2;3;5;6,III;aVR;aVF;V1,936,0.9146374359351628,0.6695652173913044,0.7867036011080333,0.691164829235554,0.698969186136314,binary;multiclass,0.9317331551822867,0.6421404682274248,0.7384615384615385,0.6153846153846154,0.9679894179894181,0.8919667590027701,0.8944444444444445,0.9,0.905011201509256,0.6829268292682927,0.6787878787878788,0.593939393939394,0.9593942293572332,0.8727770177838577,0.841688654353562,0.8311345646437994,0.8695378991260638,0.3660130718954248,0.34146341463414637,0.34146341463414637,6.741300699999556,42,287148bfd01ac67b5192268c6c69cc4cc230c004bdfdf332285f38a3b43b08dd,c175815089a491399700d9c586c067665dd8b48251196512f77a0b7e2732d91c,34060e20ca6ca6de13d114a5b1b14cf4e1fd9ffccc3f7ec4453bb00d8b5646f1,326a6e0f9cc842148876ff463c9015a89c626ec2e55158869281b9bdc12c4a84
P1_a07,4,2;3;5;7,III;aVR;aVF;V2,936,0.9142107457269674,0.6840579710144927,0.7865168539325843,0.6943003997280166,0.7023743156615284,binary;multiclass,0.9326589043710631,0.6490066225165563,0.7538461538461538,0.6076923076923076,0.9679673721340388,0.8919667590027701,0.8944444444444445,0.9,0.9034390598592933,0.6871165644171779,0.6787878787878788,0.5757575757575758,0.95616831594056,0.8618331053351573,0.8311345646437994,0.8153034300791556,0.8650825384132061,0.3815789473684211,0.35365853658536583,0.3780487804878049,6.660754000000452,42,287148bfd01ac67b5192268c6c69cc4cc230c004bdfdf332285f38a3b43b08dd,c175815089a491399700d9c586c067665dd8b48251196512f77a0b7e2732d91c,34060e20ca6ca6de13d114a5b1b14cf4e1fd9ffccc3f7ec4453bb00d8b5646f1,f554ae9dc7b41d2c3643a233f129c88a914f770b7dd5212125dbf6b94ec9234e
P1_a07,4,2;3;5;8,III;aVR;aVF;V3,936,0.9134750729542167,0.6695652173913044,0.7844228094575799,0.6817028903301843,0.6887245841515742,binary;multiclass,0.9280015270089712,0.621160409556314,0.7,0.5846153846153846,0.966115520282187,0.8864265927977839,0.8888888888888888,0.9,0.907958967102936,0.6865671641791045,0.696969696969697,0.5878787878787879,0.9535771637541863,0.8590971272229823,0.8284960422163589,0.7994722955145118,0.8605414976866397,0.35526315789473684,0.32926829268292684,0.32926829268292684,6.583276100001967,42,287148bfd01ac67b5192268c6c69cc4cc230c004bdfdf332285f38a3b43b08dd,c175815089a491399700d9c586c067665dd8b48251196512f77a0b7e2732d91c,34060e20ca6ca6de13d114a5b1b14cf4e1fd9ffccc3f7ec4453bb00d8b5646f1,537e3da9cd89222b787642004713c2efd77b7d4efb71ca8f0f77fda04a5271cf
P1_a07,4,2;3;5;9,III;aVR;aVF;V4,936,0.9151818337869984,0.6927536231884058,0.7808988764044944,0.6775789314985907,0.6848452801390571,binary;multiclass,0.9271807596869631,0.6169491525423729,0.7,0.5769230769230769,0.9634700176366843,0.8919667590027701,0.8944444444444445,0.9055555555555556,0.9104272294933774,0.6687306501547987,0.6545454545454545,0.6,0.951933416389156,0.8645690834473324,0.8337730870712401,0.8126649076517151,0.8533158165305307,0.345679012345679,0.34146341463414637,0.2926829268292683,6.61140819999855,42,287148bfd01ac67b5192268c6c69cc4cc230c004bdfdf332285f38a3b43b08dd,c175815089a491399700d9c586c067665dd8b48251196512f77a0b7e2732d91c,34060e20ca6ca6de13d114a5b1b14cf4e1fd9ffccc3f7ec4453bb00d8b5646f1,f7320dfff16b77b7cc1ec13d3b906bac050cf687deb29eb936893ef0b5df7587
P1_a07,4,2;3;5;10,III;aVR;aVF;V5,936,0.9151229799651781,0.7014492753623188,0.7832167832167832,0.6809183085346959,0.6890654004239177,binary;multiclass,0.9288032067188393,0.6262626262626263,0.7153846153846154,0.5615384615384615,0.9647707231040566,0.8938547486033519,0.8888888888888888,0.9055555555555556,0.9073065283182017,0.654320987654321,0.6424242424242425,0.5878787878787879,0.9508202157240778,0.8543956043956044,0.820580474934037,0.7862796833773087,0.8661249785799966,0.37575757575757573,0.3780487804878049,0.32926829268292684,6.594719000000623,42,287148bfd01ac67b5192268c6c69cc4cc230c004bdfdf332285f38a3b43b08dd,c175815089a491399700d9c586c067665dd8b48251196512f77a0b7e2732d91c,34060e20ca6ca6de13d114a5b1b14cf4e1fd9ffccc3f7ec4453bb00d8b5646f1,3947f1a9b71f47ceb77beaaf8a26c51ec4ac19c9dc0170eb08c1734ae8604151
P1_a07,4,2;3;5;11,III;aVR;aVF;V6,936,0.9138380048554402,0.672463768115942,0.7915492957746478,0.6822949861853722,0.6903245497093234,binary;multiclass,0.929309028440542,0.632258064516129,0.7538461538461538,0.5461538461538461,0.9658656672545561,0.8888888888888888,0.8888888888888888,0.9,0.9013559721730929,0.670846394984326,0.6484848484848484,0.593939393939394,0.9500480807946832,0.859481582537517,0.8311345646437994,0.7783641160949868,0.8686239789798367,0.36,0.32926829268292684,0.3170731707317073,6.618029200002638,42,287148bfd01ac67b5192268c6c69cc4cc230c004bdfdf332285f38a3b43b08dd,c175815089a491399700d9c586c067665dd8b48251196512f77a0b7e2732d91c,34060e20ca6ca6de13d114a5b1b14cf4e1fd9ffccc3f7ec4453bb00d8b5646f1,9616696fab6989e31260ea08947e94c36aa04240612c257e349fac7eafe4472f
P1_a07,4,2;3;6;7,III;aVR;V1;V2,936,0.9134995953799749,0.6869565217391305,0.7859154929577464,0.6962808311577142,0.7046119758926246,binary;multiclass,0.9318572246611949,0.6470588235294118,0.7615384615384615,0.5846153846153846,0.9679673721340388,0.8969359331476323,0.8944444444444445,0.9,0.9009079118028536,0.6747720364741642,0.6727272727272727,0.6060606060606061,0.9572673055333178,0.8626373626373627,0.8284960422163589,0.8232189973614775,0.8661321185811389,0.4,0.36585365853658536,0.36585365853658536,6.612297400002717,42,287148bfd01ac67b5192268c6c69cc4cc230c004bdfdf332285f38a3b43b08dd,c175815089a491399700d9c586c067665dd8b48251196512f77a0b7e2732d91c,34060e20ca6ca6de13d114a5b1b14cf4e1fd9ffccc3f7ec4453bb00d8b5646f1,6cb1030c9cc8194a4621415bffd3591645c6ec548d175c9cd2d6657b30fb581d
P1_a07,4,2;3;6;8,III;aVR;V1;V3,936,0.9127050687854042,0.6608695652173913,0.7877094972067039,0.6901058842850467,0.6977441490801424,binary;multiclass,0.9295380797862188,0.6354515050167224,0.7307692307692307,0.5769230769230769,0.9666152263374486,0.8944444444444445,0.8944444444444445,0.9055555555555556,0.9071414534449553,0.6805970149253732,0.6909090909090909,0.5818181818181818,0.9552256481433233,0.8641975308641975,0.8311345646437994,0.8100263852242744,0.8674672987947678,0.37583892617449666,0.34146341463414637,0.3048780487804878,6.598460600001999,42,287148bfd01ac67b5192268c6c69cc4cc230c004bdfdf332285f38a3b43b08dd,c175815089a491399700d9c586c067665dd8b48251196512f77a0b7e2732d91c,34060e20ca6ca6de13d114a5b1b14cf4e1fd9ffccc3f7ec4453bb00d8b5646f1,4615b63bc6dab335fa331d3d15995f10f14b74655a0ddd35787b89f81d64f989
P1_a07,4,2;3;6;9,III;aVR;V1;V4,936,0.9152308786385149,0.6782608695652174,0.7876230661040787,0.686211039658654,0.6946354899292669,binary;multiclass,0.9297098682954763,0.6333333333333333,0.7307692307692307,0.5153846153846153,0.9649323927101705,0.8969359331476323,0.8944444444444445,0.9055555555555556,0.912038674684589,0.6747720364741642,0.6727272727272727,0.5757575757575758,0.9555998730477538,0.8693259972489684,0.8337730870712401,0.8179419525065963,0.8593419774947164,0.35668789808917195,0.34146341463414637,0.3170731707317073,6.7134329000000434,42,287148bfd01ac67b5192268c6c69cc4cc230c004bdfdf332285f38a3b43b08dd,c175815089a491399700d9c586c067665dd8b48251196512f77a0b7e2732d91c,34060e20ca6ca6de13d114a5b1b14cf4e1fd9ffccc3f7ec4453bb00d8b5646f1,23cc5c99e5fd430e545c6a4c227f28b2faec360acb4838801ec2d1bc6f26151b
P1_a07,4,2;3;6;10,III;aVR;V1;V5,936,0.9153387773118516,0.6956521739130435,0.7752808988764045,0.6728538119716964,0.6805195579531123,binary;multiclass,0.9303493033021568,0.6163934426229508,0.7230769230769231,0.5230769230769231,0.9659905937683717,0.8913649025069638,0.8888888888888888,0.9055555555555556,0.9108045434893683,0.6503067484662577,0.6424242424242425,0.5818181818181818,0.9563388488084016,0.8618331053351573,0.8311345646437994,0.8311345646437994,0.8634546181527389,0.3443708609271523,0.3170731707317073,0.3170731707317073,6.775498500002868,42,287148bfd01ac67b5192268c6c69cc4cc230c004bdfdf332285f38a3b43b08dd,c175815089a491399700d9c586c067665dd8b48251196512f77a0b7e2732d91c,34060e20ca6ca6de13d114a5b1b14cf4e1fd9ffccc3f7ec4453bb00d8b5646f1,cd6df8f7559ee5feeac0395d242c03084ea8949a571cfb8f456b059f092c50b3
P1_a07,4,2;3;6;11,III;aVR;V1;V6,936,0.9140390887466587,0.6898550724637681,0.7893258426966292,0.6916870460868567,0.7009294002363055,binary;multiclass,0.9333842336323726,0.6535947712418301,0.7692307692307693,0.5384615384615384,0.9673574368018814,0.8994413407821229,0.8944444444444445,0.9055555555555556,0.9067641394489645,0.6827794561933535,0.6848484848484848,0.6242424242424243,0.9573857311359857,0.8736263736263736,0.8390501319261213,0.8337730870712401,0.8667818586850974,0.348993288590604,0.3170731707317073,0.32926829268292684,6.824731199998496,42,287148bfd01ac67b5192268c6c69cc4cc230c004bdfdf332285f38a3b43b08dd,c175815089a491399700d9c586c067665dd8b48251196512f77a0b7e2732d91c,34060e20ca6ca6de13d114a5b1b14cf4e1fd9ffccc3f7ec4453bb00d8b5646f1,854d77d53bedddb16be97e5726952257083c34439e3d27878c13149a77928dab
P1_a07,4,2;3;7;8,III;aVR;V2;V3,936,0.9138380048554402,0.6782608695652174,0.7877094972067039,0.6849296620924702,0.6921426295208392,binary;multiclass,0.9299770948654323,0.6308724832214765,0.7230769230769231,0.5692307692307692,0.9677910052910051,0.8913649025069638,0.8888888888888888,0.9,0.9063082183704753,0.6808510638297872,0.6787878787878788,0.6,0.9543256135630476,0.8579234972677595,0.8284960422163589,0.8047493403693932,0.8622693779631004,0.36363636363636365,0.34146341463414637,0.3170731707317073,6.784841400000005,42,287148bfd01ac67b5192268c6c69cc4cc230c004bdfdf332285f38a3b43b08dd,c175815089a491399700d9c586c067665dd8b48251196512f77a0b7e2732d91c,34060e20ca6ca6de13d114a5b1b14cf4e1fd9ffccc3f7ec4453bb00d8b5646f1,d45a2272cabd6f8d2b4877072f3bcb369e3e4e05f1250a4fc3b688b83d7f4190
P1_a07,4,2;3;7;9,III;aVR;V2;V4,936,0.9153927266485202,0.6840579710144927,0.7804195804195804,0.6866041310388152,0.6937497090434859,binary;multiclass,0.9302347776293185,0.6357615894039735,0.7384615384615385,0.5769230769230769,0.9647486772486772,0.8994413407821229,0.8944444444444445,0.9055555555555556,0.9096883229178949,0.6707692307692308,0.6606060606060606,0.6,0.954865634311213,0.8610354223433242,0.8337730870712401,0.8126649076517151,0.8583138173302107,0.3660130718954248,0.34146341463414637,0.32926829268292684,6.739248199999565,42,287148bfd01ac67b5192268c6c69cc4cc230c004bdfdf332285f38a3b43b08dd,c175815089a491399700d9c586c067665dd8b48251196512f77a0b7e2732d91c,34060e20ca6ca6de13d114a5b1b14cf4e1fd9ffccc3f7ec4453bb00d8b5646f1,83f3c41ef73a88dc9a24ff9bc79422522141c6434c9da915462cfec605bb191e
P1_a07,4,2;3;7;10,III;aVR;V2;V5,936,0.9151671203315431,0.6985507246376812,0.7810320781032078,0.6849535260040979,0.6924372337732271,binary;multiclass,0.931714067570147,0.6381578947368421,0.7461538461538462,0.5846153846153846,0.9652924750146973,0.898876404494382,0.8888888888888888,0.9055555555555556,0.9078174743544393,0.6646153846153846,0.6545454545454545,0.6,0.9548419491906794,0.859481582537517,0.8311345646437994,0.7994722955145118,0.8628691380590621,0.36363636363636365,0.34146341463414637,0.34146341463414637,6.7635460999990755,42,287148bfd01ac67b5192268c6c69cc4cc230c004bdfdf332285f38a3b43b08dd,c175815089a491399700d9c586c067665dd8b48251196512f77a0b7e2732d91c,34060e20ca6ca6de13d114a5b1b14cf4e1fd9ffccc3f7ec4453bb00d8b5646f1,0234565803ed67037e873c7eb835ae1b2dd0f38bff95e4e594a48c65f6bb516b
P1_a07,4,2;3;7;11,III;aVR;V2;V6,936,0.9144952058657642,0.6811594202898551,0.7815126050420168,0.6791953891448317,0.688027455594223,binary;multiclass,0.9337468982630273,0.6363636363636364,0.7538461538461538,0.5846153846153846,0.9667915931804821,0.898876404494382,0.8888888888888888,0.9055555555555556,0.9043037377667729,0.668693009118541,0.6666666666666666,0.6060606060606061,0.9545340426237429,0.8587105624142661,0.8258575197889182,0.7994722955145118,0.8643399782943966,0.3333333333333333,0.3048780487804878,0.34146341463414637,6.849311300000409,42,287148bfd01ac67b5192268c6c69cc4cc230c004bdfdf332285f38a3b43b08dd,c175815089a491399700d9c586c067665dd8b48251196512f77a0b7e2732d91c,34060e20ca6ca6de13d114a5b1b14cf4e1fd9ffccc3f7ec4453bb00d8b5646f1,6a4f26693c4693970803ec5998237f7c2198072c3a3e8879744320a72e7dd9f9
P1_a07,4,2;3;8;9,III;aVR;V3;V4,936,0.9132739890629982,0.6782608695652174,0.786013986013986,0.6831321770951535,0.6913522608702478,binary;multiclass,0.9284119106699751,0.6339869281045751,0.7461538461538462,0.5538461538461539,0.9638521457965903,0.896358543417367,0.8888888888888888,0.9,0.9094682230869,0.6787878787878788,0.6787878787878788,0.6060606060606061,0.9535061083925855,0.8575342465753425,0.8258575197889182,0.8021108179419525,0.8587564974010395,0.348993288590604,0.3170731707317073,0.3170731707317073,6.728597699999227,42,287148bfd01ac67b5192268c6c69cc4cc230c004bdfdf332285f38a3b43b08dd,c175815089a491399700d9c586c067665dd8b48251196512f77a0b7e2732d91c,34060e20ca6ca6de13d114a5b1b14cf4e1fd9ffccc3f7ec4453bb00d8b5646f1,276213c564252612e2db1bd6aaf8643ceb21cb86dcd3c360a2e19a9a6a4d601a
P1_a07,4,2;3;8;10,III;aVR;V3;V5,936,0.9139998528654455,0.6840579710144927,0.7899159663865546,0.681783984131201,0.6896737351785939,binary;multiclass,0.9294426417255202,0.6229508196721312,0.7307692307692307,0.5615384615384615,0.9646457965902412,0.8888888888888888,0.8888888888888888,0.9,0.9094996659198994,0.6790123456790124,0.6666666666666666,0.593939393939394,0.9534871602961588,0.852054794520548,0.820580474934037,0.7810026385224275,0.8623836179813789,0.3660130718954248,0.34146341463414637,0.32926829268292684,6.674893199997314,42,287148bfd01ac67b5192268c6c69cc4cc230c004bdfdf332285f38a3b43b08dd,c175815089a491399700d9c586c067665dd8b48251196512f77a0b7e2732d91c,34060e20ca6ca6de13d114a5b1b14cf4e1fd9ffccc3f7ec4453bb00d8b5646f1,3450348fa2352a5ed328174d703861f32ac455667b3f4d73ac42dbc502e33199
P1_a07,4,2;3;8;11,III;aVR;V3;V6,936,0.912768827092376,0.6666666666666666,0.7838214783821479,0.6764373510215045,0.685107244758445,binary;multiclass,0.9308264936056498,0.6254071661237784,0.7384615384615385,0.6,0.9656966490299823,0.8888888888888888,0.8888888888888888,0.9055555555555556,0.9069685178634594,0.676829268292683,0.6727272727272727,0.5696969696969697,0.9530513540783409,0.8532235939643347,0.820580474934037,0.7810026385224275,0.8635688581710173,0.33783783783783783,0.3048780487804878,0.3048780487804878,6.586742100000265,42,287148bfd01ac67b5192268c6c69cc4cc230c004bdfdf332285f38a3b43b08dd,c175815089a491399700d9c586c067665dd8b48251196512f77a0b7e2732d91c,34060e20ca6ca6de13d114a5b1b14cf4e1fd9ffccc3f7ec4453bb00d8b5646f1,68ba466b4bc2ac64983d19658be3d37c80d620651a0ca2eddc5617ef6a264068
P1_a07,4,2;3;9;10,III;aVR;V4;V5,936,0.9142401726378775,0.6985507246376812,0.7859154929577464,0.6769599368174993,0.6848960404562437,binary;multiclass,0.9268944455048673,0.6287625418060201,0.7230769230769231,0.5384615384615384,0.9633818342151674,0.8919667590027701,0.8944444444444445,0.9,0.9102935974531307,0.672782874617737,0.6666666666666666,0.5696969696969697,0.9511897036044016,0.853625170998632,0.8232189973614775,0.7994722955145118,0.8550294168047067,0.33766233766233766,0.3170731707317073,0.32926829268292684,6.664897200000269,42,287148bfd01ac67b5192268c6c69cc4cc230c004bdfdf332285f38a3b43b08dd,c175815089a491399700d9c586c067665dd8b48251196512f77a0b7e2732d91c,34060e20ca6ca6de13d114a5b1b14cf4e1fd9ffccc3f7ec4453bb00d8b5646f1,6f1c36bba2a6f65a8d883e41e4269ae39dfdc481bc9cd4e63bfb7a8cebbe7392
P1_a07,4,2;3;9;11,III;aVR;V4;V6,936,0.9132494666372397,0.6811594202898551,0.7815126050420168,0.6723108662089464,0.6795497210742723,binary;multiclass,0.9286886810460011,0.62,0.7153846153846154,0.5846153846153846,0.9635288065843621,0.8944444444444445,0.8944444444444445,0.9055555555555556,0.9091930982981566,0.6625766871165644,0.6545454545454545,0.5696969696969697,0.9522223748596658,0.8555858310626703,0.8284960422163589,0.7968337730870713,0.8570714571314332,0.32894736842105265,0.3048780487804878,0.2804878048780488,6.770718899999338,42,287148bfd01ac67b5192268c6c69cc4cc230c004bdfdf332285f38a3b43b08dd,c175815089a491399700d9c586c067665dd8b48251196512f77a0b7e2732d91c,34060e20ca6ca6de13d114a5b1b14cf4e1fd9ffccc3f7ec4453bb00d8b5646f1,b6a64632470e4eaf970daa92ee6e577105590fab577a30e5b87c5a9d8a2ea526
P1_a07,4,2;3;10;11,III;aVR;V5;V6,936,0.9130827141420829,0.6869565217391305,0.7815126050420168,0.6704135170074903,0.6790318567318374,binary;multiclass,0.9282687535789274,0.6378737541528239,0.7384615384615385,0.5307692307692308,0.9635141093474427,0.8888888888888888,0.8888888888888888,0.9055555555555556,0.906237471996227,0.6565349544072948,0.6545454545454545,0.5878787878787879,0.9504696759401808,0.8508891928864569,0.820580474934037,0.7915567282321899,0.8653966984634718,0.31788079470198677,0.2926829268292683,0.3170731707317073,6.6740339000025415,42,287148bfd01ac67b5192268c6c69cc4cc230c004bdfdf332285f38a3b43b08dd,c175815089a491399700d9c586c067665dd8b48251196512f77a0b7e2732d91c,34060e20ca6ca6de13d114a5b1b14cf4e1fd9ffccc3f7ec4453bb00d8b5646f1,1c20c24cae793ee1d3f2dc2755f94569ac379ec3e0a1a955ae9209ce3fef9e52
P1_a07,4,2;4;5;6,III;aVL;aVF;V1,936,0.9094239682189362,0.6695652173913044,0.7886524822695036,0.6780818957651178,0.6867180560249613,binary;multiclass,0.9285264363428135,0.6198083067092651,0.7461538461538462,0.5692307692307692,0.9653365667254556,0.8815426997245179,0.8888888888888888,0.9055555555555556,0.8991942774043941,0.654320987654321,0.6424242424242425,0.5454545454545454,0.9595884473456084,0.8736263736263736,0.8390501319261213,0.841688654353562,0.8658679385388702,0.3611111111111111,0.3170731707317073,0.36585365853658536,6.6644096999989415,42,287148bfd01ac67b5192268c6c69cc4cc230c004bdfdf332285f38a3b43b08dd,c175815089a491399700d9c586c067665dd8b48251196512f77a0b7e2732d91c,34060e20ca6ca6de13d114a5b1b14cf4e1fd9ffccc3f7ec4453bb00d8b5646f1,75c58481ea6e0d0e75b4f6e02dbd46c2d31c0d4499a4588b1c1a20426157be09
P1_a07,4,2;4;5;7,III;aVL;aVF;V2,936,0.9126952598151009,0.6898550724637681,0.7813822284908322,0.6927470573027616,0.702055643336292,binary;multiclass,0.9322198892918495,0.6644951140065146,0.7846153846153846,0.5615384615384615,0.9664682539682541,0.8938547486033519,0.8888888888888888,0.9055555555555556,0.8992335809456433,0.654320987654321,0.6424242424242425,0.5696969696969697,0.9562251602298405,0.8614540466392319,0.8284960422163589,0.8126649076517151,0.8688952990232479,0.38961038961038963,0.36585365853658536,0.34146341463414637,6.679309400002239,42,287148bfd01ac67b5192268c6c69cc4cc230c004bdfdf332285f38a3b43b08dd,c175815089a491399700d9c586c067665dd8b48251196512f77a0b7e2732d91c,34060e20ca6ca6de13d114a5b1b14cf4e1fd9ffccc3f7ec4453bb00d8b5646f1,2fbe34e7dd9b804cb539ec95455c5dc80feb1b537b68c9b8728552915bfd5ee5
P1_a07,4,2;4;5;8,III;aVL;aVF;V3,936,0.9119399691017437,0.672463768115942,0.7866108786610879,0.6770640626784872,0.6850974046153916,binary;multiclass,0.927066234014125,0.6179401993355482,0.7153846153846154,0.5692307692307692,0.9656084656084656,0.8944444444444445,0.8944444444444445,0.9055555555555556,0.9058837401249853,0.6686746987951807,0.6727272727272727,0.5636363636363636,0.9535297935131192,0.8598901098901099,0.8258575197889182,0.7994722955145118,0.8625978180156508,0.3443708609271523,0.3170731707317073,0.32926829268292684,6.775929100000212,42,287148bfd01ac67b5192268c6c69cc4cc230c004bdfdf332285f38a3b43b08dd,c175815089a491399700d9c586c067665dd8b48251196512f77a0b7e2732d91c,34060e20ca6ca6de13d114a5b1b14cf4e1fd9ffccc3f7ec4453bb00d8b5646f1,5ae6840cdd3b421eab5e3c598d1b6963290efd2bc1aca4fa23453210dc338dcd
P1_a07,4,2;4;5;9,III;aVL;aVF;V4,936,0.9149660364403248,0.6985507246376812,0.7832167832167832,0.6734847549662891,0.6822760317386741,binary;multiclass,0.9257873640007634,0.6179401993355482,0.7153846153846154,0.5615384615384615,0.9623015873015873,0.8888888888888888,0.8888888888888888,0.9111111111111111,0.9081319026844318,0.6563467492260062,0.6424242424242425,0.5696969696969697,0.9511944406285083,0.8606896551724138,0.8232189973614775,0.8100263852242744,0.8554863768778203,0.34355828220858897,0.34146341463414637,0.3170731707317073,6.810790499999712,42,287148bfd01ac67b5192268c6c69cc4cc230c004bdfdf332285f38a3b43b08dd,c175815089a491399700d9c586c067665dd8b48251196512f77a0b7e2732d91c,34060e20ca6ca6de13d114a5b1b14cf4e1fd9ffccc3f7ec4453bb00d8b5646f1,9b42c2cccc8ff9732481244d4500761c9302d2d458ac4dc01a7f2e2a50189e97
P1_a07,4,2;4;5;10,III;aVL;aVF;V5,936,0.9147845704897128,0.6695652173913044,0.7829787234042553,0.6797656680212832,0.6880804755590778,binary;multiclass,0.9280492460393205,0.6118421052631579,0.7153846153846154,0.5923076923076923,0.9644694297472075,0.8944444444444445,0.8944444444444445,0.9111111111111111,0.907872499312188,0.6479750778816199,0.6303030303030303,0.5636363636363636,0.9499059700714817,0.844566712517194,0.8100263852242744,0.7941952506596306,0.8702233392357343,0.4,0.3902439024390244,0.35365853658536583,6.7778667000020505,42,287148bfd01ac67b5192268c6c69cc4cc230c004bdfdf332285f38a3b43b08dd,c175815089a491399700d9c586c067665dd8b48251196512f77a0b7e2732d91c,34060e20ca6ca6de13d114a5b1b14cf4e1fd9ffccc3f7ec4453bb00d8b5646f1,8db193debf0b167c03ac89cdaf81577f73dc8f5e63b3b7ae8e9bb67bfe657e5f
P1_a07,4,2;4;5;11,III;aVL;aVF;V6,936,0.9134554550136099,0.6782608695652174,0.7948717948717948,0.675365968234196,0.6833951168708874,binary;multiclass,0.9275911433479671,0.6198083067092651,0.7461538461538462,0.5538461538461539,0.9657701352145797,0.8938547486033519,0.8888888888888888,0.9055555555555556,0.9019769681248282,0.65625,0.6363636363636364,0.5757575757575758,0.9498254406616675,0.8579234972677595,0.8284960422163589,0.7994722955145118,0.8707231393157023,0.348993288590604,0.3170731707317073,0.35365853658536583,6.745300700000371,42,287148bfd01ac67b5192268c6c69cc4cc230c004bdfdf332285f38a3b43b08dd,c175815089a491399700d9c586c067665dd8b48251196512f77a0b7e2732d91c,34060e20ca6ca6de13d114a5b1b14cf4e1fd9ffccc3f7ec4453bb00d8b5646f1,181cc7902ecc276131ebd18e8686d4775b1e5b4cb56510237d215c4d4b559e1c
P1_a07,4,2;4;6;7,III;aVL;V1;V2,936,0.9081929424458668,0.6782608695652174,0.7688022284122563,0.6805820751178133,0.6884567156463675,binary;multiclass,0.9244130559267036,0.6033898305084746,0.6846153846153846,0.4846153846153846,0.9660640799529688,0.8950276243093923,0.9,0.9111111111111111,0.8930629249695399,0.6407185628742516,0.6484848484848484,0.5818181818181818,0.9614169386508008,0.8713692946058091,0.8311345646437994,0.8548812664907651,0.8657822585251613,0.3924050632911392,0.3780487804878049,0.36585365853658536,6.728557099999307,42,287148bfd01ac67b5192268c6c69cc4cc230c004bdfdf332285f38a3b43b08dd,c175815089a491399700d9c586c067665dd8b48251196512f77a0b7e2732d91c,34060e20ca6ca6de13d114a5b1b14cf4e1fd9ffccc3f7ec4453bb00d8b5646f1,a234cabc730a01a73aa01166c8fe453d5f00269e113c49d6f5245dd77145d544
P1_a07,4,2;4;6;8,III;aVL;V1;V3,936,0.9102037813580519,0.672463768115942,0.7743732590529248,0.6727607393887738,0.681870781255555,binary;multiclass,0.9262645543042566,0.6209150326797386,0.7307692307692307,0.5461538461538461,0.9648074661963552,0.8975069252077562,0.9,0.9111111111111111,0.9017725897103328,0.6257668711656442,0.6181818181818182,0.5393939393939394,0.9579210148600447,0.8689655172413793,0.8311345646437994,0.8232189973614775,0.8708802193408351,0.35064935064935066,0.32926829268292684,0.32926829268292684,6.729109600000811,42,287148bfd01ac67b5192268c6c69cc4cc230c004bdfdf332285f38a3b43b08dd,c175815089a491399700d9c586c067665dd8b48251196512f77a0b7e2732d91c,34060e20ca6ca6de13d114a5b1b14cf4e1fd9ffccc3f7ec4453bb00d8b5646f1,684f6588409b629690930c8b965a9010b9aea00f07f1915e3cab57532fad63ae
P1_a07,4,2;4;6;9,III;aVL;V1;V4,936,0.9166286569067411,0.6840579710144927,0.7966339410939691,0.6835742816740155,0.6919683071288708,binary;multiclass,0.9264649742317236,0.6229508196721312,0.7307692307692307,0.5692307692307692,0.9635949441504997,0.9,0.9,0.9111111111111111,0.9104665330346263,0.6542056074766355,0.6363636363636364,0.5575757575757576,0.9574852086422269,0.8736263736263736,0.8390501319261213,0.8284960422163589,0.8619980579196892,0.3670886075949367,0.35365853658536583,0.32926829268292684,6.809796699999424,42,287148bfd01ac67b5192268c6c69cc4cc230c004bdfdf332285f38a3b43b08dd,c175815089a491399700d9c586c067665dd8b48251196512f77a0b7e2732d91c,34060e20ca6ca6de13d114a5b1b14cf4e1fd9ffccc3f7ec4453bb00d8b5646f1,fbcf812e728c8b8f4994afdac2c409e1b71fb373739e2d60c3558b3ae0f28af0
P1_a07,4,2;4;6;10,III;aVL;V1;V5,936,0.9167414600652297,0.6811594202898551,0.7955182072829131,0.6788745696952809,0.6878848692762072,binary;multiclass,0.9270089711777056,0.6178343949044586,0.7461538461538462,0.5461538461538461,0.9650058788947676,0.907563025210084,0.9,0.9166666666666666,0.910442950909877,0.6563467492260062,0.6424242424242425,0.5575757575757576,0.9575657380520408,0.8705234159779615,0.8337730870712401,0.8258575197889182,0.8623693379790941,0.34210526315789475,0.3170731707317073,0.32926829268292684,6.891418999999587,42,287148bfd01ac67b5192268c6c69cc4cc230c004bdfdf332285f38a3b43b08dd,c175815089a491399700d9c586c067665dd8b48251196512f77a0b7e2732d91c,34060e20ca6ca6de13d114a5b1b14cf4e1fd9ffccc3f7ec4453bb00d8b5646f1,9f306194b68d6fa51b6d218f54194b35d3db088d909f18203c4dc15ccb0b3457
P1_a07,4,2;4;6;11,III;aVL;V1;V6,936,0.9138674317663504,0.6811594202898551,0.7864214992927864,0.677781319774098,0.6877936993182504,binary;multiclass,0.9292899408284023,0.6329113924050633,0.7692307692307693,0.5538461538461539,0.967144326866549,0.9,0.9,0.9111111111111111,0.9054985654207443,0.6461538461538462,0.6363636363636364,0.5878787878787879,0.9586647276447989,0.8650137741046832,0.8284960422163589,0.8047493403693932,0.8639401382304221,0.3448275862068966,0.3048780487804878,0.3780487804878049,6.880706899999495,42,287148bfd01ac67b5192268c6c69cc4cc230c004bdfdf332285f38a3b43b08dd,c175815089a491399700d9c586c067665dd8b48251196512f77a0b7e2732d91c,34060e20ca6ca6de13d114a5b1b14cf4e1fd9ffccc3f7ec4453bb00d8b5646f1,46f4fd4f1cfdcde9fc7e3639831d649775f45deea1c37e5f9bdf043c7d310f43
P1_a07,4,2;4;7;8,III;aVL;V2;V3,936,0.9086147281689104,0.6521739130434783,0.7780898876404494,0.6824941676496037,0.6886497557615391,binary;multiclass,0.9281637717121588,0.6129032258064516,0.7307692307692307,0.5307692307692308,0.9653586125808348,0.895774647887324,0.8833333333333333,0.9111111111111111,0.895790590732225,0.64375,0.6242424242424243,0.5636363636363636,0.9543019284425138,0.8653061224489796,0.8390501319261213,0.8047493403693932,0.8687953390072541,0.39473684210526316,0.36585365853658536,0.3780487804878049,6.83723149999787,42,287148bfd01ac67b5192268c6c69cc4cc230c004bdfdf332285f38a3b43b08dd,c175815089a491399700d9c586c067665dd8b48251196512f77a0b7e2732d91c,34060e20ca6ca6de13d114a5b1b14cf4e1fd9ffccc3f7ec4453bb00d8b5646f1,271681e96b05009f33a4211085ea04ad88ddb868717a2d7a0db3fb6eff066c32
P1_a07,4,2;4;7;9,III;aVL;V2;V4,936,0.913499595379975,0.6753623188405797,0.7877094972067039,0.6851283768460978,0.6916721867774059,binary;multiclass,0.928221034548578,0.625,0.7307692307692307,0.5923076923076923,0.9635582010582011,0.898876404494382,0.8888888888888888,0.9111111111111111,0.9061352827889793,0.6417445482866043,0.6242424242424243,0.5818181818181818,0.9547045754915846,0.8625850340136054,0.8364116094986808,0.8126649076517151,0.8613268978123036,0.3974358974358974,0.3780487804878049,0.34146341463414637,6.839061599999695,42,287148bfd01ac67b5192268c6c69cc4cc230c004bdfdf332285f38a3b43b08dd,c175815089a491399700d9c586c067665dd8b48251196512f77a0b7e2732d91c,34060e20ca6ca6de13d114a5b1b14cf4e1fd9ffccc3f7ec4453bb00d8b5646f1,3af8931b62b45d2c6c88e4514e45b78a519609ba59cce548a0a0d3f22ba47e3d
P1_a07,4,2;4;7;10,III;aVL;V2;V5,936,0.9139949483802938,0.6811594202898551,0.7877094972067039,0.6821465669123998,0.6880527772489932,binary;multiclass,0.9277533880511548,0.6220735785953178,0.7153846153846154,0.5846153846153846,0.9650426219870665,0.896358543417367,0.8888888888888888,0.9055555555555556,0.9049404551350078,0.6501547987616099,0.6363636363636364,0.5636363636363636,0.9543398246353676,0.8575305291723202,0.8337730870712401,0.7968337730870713,0.8632689781230364,0.38461538461538464,0.36585365853658536,0.4024390243902439,6.766031099999964,42,287148bfd01ac67b5192268c6c69cc4cc230c004bdfdf332285f38a3b43b08dd,c175815089a491399700d9c586c067665dd8b48251196512f77a0b7e2732d91c,34060e20ca6ca6de13d114a5b1b14cf4e1fd9ffccc3f7ec4453bb00d8b5646f1,c65c1541d71d67a3b8962bb4701690f29767c1c0f1cac765fdb3389bd55e8791
P1_a07,4,2;4;7;11,III;aVL;V2;V6,936,0.9122342382108438,0.6753623188405797,0.7886524822695036,0.6782899356264673,0.6858489232271329,binary;multiclass,0.9306451612903225,0.6198083067092651,0.7461538461538462,0.5692307692307692,0.9660199882422105,0.903954802259887,0.8888888888888888,0.9111111111111111,0.9022599536218213,0.64375,0.6242424242424243,0.5575757575757576,0.954614572033557,0.8579234972677595,0.8284960422163589,0.8021108179419525,0.8655537784886045,0.3660130718954248,0.34146341463414637,0.35365853658536583,6.655651100001705,42,287148bfd01ac67b5192268c6c69cc4cc230c004bdfdf332285f38a3b43b08dd,c175815089a491399700d9c586c067665dd8b48251196512f77a0b7e2732d91c,34060e20ca6ca6de13d114a5b1b14cf4e1fd9ffccc3f7ec4453bb00d8b5646f1,86ce638d8b5df32780223dd80fdb4e9977d8c355239ca87cc8077916a99d860d
P1_a07,4,2;4;8;9,III;aVL;V3;V4,936,0.9099046077637998,0.6579710144927536,0.7854137447405329,0.6812459669109279,0.6895148507954995,binary;multiclass,0.9270280587898455,0.6258064516129033,0.7461538461538462,0.5692307692307692,0.9631981187536743,0.896358543417367,0.8888888888888888,0.9111111111111111,0.902440749911567,0.6355140186915887,0.6181818181818182,0.5454545454545454,0.9531697796810089,0.8614540466392319,0.8284960422163589,0.8179419525065963,0.8688238990118238,0.3870967741935484,0.36585365853658536,0.32926829268292684,6.641368399999919,42,287148bfd01ac67b5192268c6c69cc4cc230c004bdfdf332285f38a3b43b08dd,c175815089a491399700d9c586c067665dd8b48251196512f77a0b7e2732d91c,34060e20ca6ca6de13d114a5b1b14cf4e1fd9ffccc3f7ec4453bb00d8b5646f1,81b6aeb879b5cee6762d22b2bf0b3ca3e12606a6ef722604d197ede130aab910
P1_a07,4,2;4;8;10,III;aVL;V3;V5,936,0.9128620123102578,0.6753623188405797,0.7798036465638148,0.6816341602311735,0.6893231227660728,binary;multiclass,0.9280683336514602,0.6138613861386139,0.7153846153846154,0.5769230769230769,0.9640138154027043,0.888268156424581,0.8833333333333333,0.9111111111111111,0.9048146838030108,0.6585365853658537,0.6545454545454545,0.5454545454545454,0.9529802987167401,0.8500687757909215,0.8153034300791556,0.7783641160949868,0.866239218598275,0.3974358974358974,0.3780487804878049,0.3902439024390244,6.632196300000942,42,287148bfd01ac67b5192268c6c69cc4cc230c004bdfdf332285f38a3b43b08dd,c175815089a491399700d9c586c067665dd8b48251196512f77a0b7e2732d91c,34060e20ca6ca6de13d114a5b1b14cf4e1fd9ffccc3f7ec4453bb00d8b5646f1,2639af9399cc6b96d8dcef1e3228bbf88385b4031e1d09637d96180699024f82
P1_a07,4,2;4;8;11,III;aVL;V3;V6,936,0.9101498320213836,0.6608695652173913,0.7842031029619182,0.6849658659435007,0.6939923433996411,binary;multiclass,0.9291945027677038,0.6258064516129033,0.7461538461538462,0.5846153846153846,0.9652042915931804,0.8938547486033519,0.8888888888888888,0.9111111111111111,0.9024328892033173,0.656441717791411,0.6484848484848484,0.5393939393939394,0.9528381879935388,0.8591160220994475,0.820580474934037,0.7994722955145118,0.8684526189524191,0.38961038961038963,0.36585365853658536,0.3902439024390244,6.587475899999845,42,287148bfd01ac67b5192268c6c69cc4cc230c004bdfdf332285f38a3b43b08dd,c175815089a491399700d9c586c067665dd8b48251196512f77a0b7e2732d91c,34060e20ca6ca6de13d114a5b1b14cf4e1fd9ffccc3f7ec4453bb00d8b5646f1,8fe3bb59bf325a39f209652328b1e3beb359b628898f7afdbe580602018fb78a
P1_a07,4,2;4;9;10,III;aVL;V4;V5,936,0.9140930380833272,0.6811594202898551,0.7893258426966292,0.6752151525870091,0.681295144637702,binary;multiclass,0.9234300439015078,0.6026490066225165,0.7,0.5384615384615384,0.9625881834215168,0.8938547486033519,0.8888888888888888,0.9111111111111111,0.9069527964469599,0.6585365853658537,0.6545454545454545,0.5575757575757576,0.9495080600465176,0.8610354223433242,0.8337730870712401,0.8021108179419525,0.8584994573599132,0.36,0.32926829268292684,0.3170731707317073,6.599278300000151,42,287148bfd01ac67b5192268c6c69cc4cc230c004bdfdf332285f38a3b43b08dd,c175815089a491399700d9c586c067665dd8b48251196512f77a0b7e2732d91c,34060e20ca6ca6de13d114a5b1b14cf4e1fd9ffccc3f7ec4453bb00d8b5646f1,ceaf4023ad71f48a0d6a575879e8ac945364813250f5d7726a7df22e7a0a19e5
P1_a07,4,2;4;9;11,III;aVL;V4;V6,936,0.9126707373893425,0.6811594202898551,0.791023842917251,0.6737213181512204,0.6794395268730812,binary;multiclass,0.9252815422790609,0.6148648648648649,0.7,0.5076923076923077,0.9634626690182245,0.8994413407821229,0.8944444444444445,0.9111111111111111,0.9069213536139606,0.6585365853658537,0.6545454545454545,0.5393939393939394,0.951516558267765,0.8536585365853658,0.8311345646437994,0.8100263852242744,0.8595418975267035,0.34210526315789475,0.3170731707317073,0.32926829268292684,6.584288299996842,42,287148bfd01ac67b5192268c6c69cc4cc230c004bdfdf332285f38a3b43b08dd,c175815089a491399700d9c586c067665dd8b48251196512f77a0b7e2732d91c,34060e20ca6ca6de13d114a5b1b14cf4e1fd9ffccc3f7ec4453bb00d8b5646f1,28d21b16b306f6fbed81567db82835b70a0360c8ea39d60be45bf2b958123d30
P1_a07,4,2;4;10;11,III;aVL;V5;V6,936,0.9121165305672037,0.6608695652173913,0.7843137254901961,0.6670693814668262,0.6741049137561139,binary;multiclass,0.9265508684863523,0.609271523178808,0.7076923076923077,0.5538461538461539,0.9637860082304527,0.8888888888888888,0.8888888888888888,0.9055555555555556,0.9046338875132649,0.656441717791411,0.6484848484848484,0.5757575757575758,0.9491433091903005,0.8474114441416893,0.820580474934037,0.7810026385224275,0.866524818643971,0.3333333333333333,0.3048780487804878,0.32926829268292684,6.572645400003239,42,287148bfd01ac67b5192268c6c69cc4cc230c004bdfdf332285f38a3b43b08dd,c175815089a491399700d9c586c067665dd8b48251196512f77a0b7e2732d91c,34060e20ca6ca6de13d114a5b1b14cf4e1fd9ffccc3f7ec4453bb00d8b5646f1,91e3fea595ba91bdbbf239c4e9b29ea772450abd6d4ffd72a6b7989016888901
P1_a07,4,2;5;6;7,III;aVF;V1;V2,936,0.9119546825571987,0.6550724637681159,0.7876230661040787,0.6959004660864381,0.7040873471081335,binary;multiclass,0.9279060889482725,0.6381578947368421,0.7461538461538462,0.5076923076923077,0.9665123456790123,0.9,0.9,0.9055555555555556,0.8967731792634516,0.6585365853658537,0.6545454545454545,0.6,0.9609432362401293,0.8775790921595599,0.841688654353562,0.8443271767810027,0.8671959787513566,0.40522875816993464,0.3780487804878049,0.35365853658536583,6.580301699999836,42,287148bfd01ac67b5192268c6c69cc4cc230c004bdfdf332285f38a3b43b08dd,c175815089a491399700d9c586c067665dd8b48251196512f77a0b7e2732d91c,34060e20ca6ca6de13d114a5b1b14cf4e1fd9ffccc3f7ec4453bb00d8b5646f1,188982a2c27669124c00e1588cbb48a562e924b0f69bb3bd746515ba2ffb86de
P1_a07,4,2;5;6;8,III;aVF;V1;V3,936,0.9126609284190392,0.6608695652173913,0.782608695652174,0.6723400265131929,0.6798662212575592,binary;multiclass,0.9274861614811987,0.6127946127946128,0.7,0.5461538461538461,0.9663359788359789,0.8925619834710744,0.9,0.9111111111111111,0.9066933930747161,0.6484848484848484,0.6484848484848484,0.5757575757575758,0.9582715546439416,0.8657534246575342,0.8337730870712401,0.8126649076517151,0.8659821785571487,0.34210526315789475,0.3170731707317073,0.32926829268292684,6.592365299999074,42,287148bfd01ac67b5192268c6c69cc4cc230c004bdfdf332285f38a3b43b08dd,c175815089a491399700d9c586c067665dd8b48251196512f77a0b7e2732d91c,34060e20ca6ca6de13d114a5b1b14cf4e1fd9ffccc3f7ec4453bb00d8b5646f1,0149d3bcb92db3feb6e27597593f74216c264c7856db315681620cf8a7150321
P1_a07,4,2;5;6;9,III;aVF;V1;V4,936,0.9181196203928492,0.6956521739130435,0.7870239774330042,0.6911192256796517,0.6992539502456486,binary;multiclass,0.9274957052872685,0.631578947368421,0.7384615384615385,0.5615384615384615,0.9643151087595532,0.9050279329608939,0.9,0.9111111111111111,0.9125810635538262,0.6708074534161491,0.6545454545454545,0.5757575757575758,0.9582668176198348,0.8834019204389575,0.8496042216358839,0.8390501319261213,0.8613982978237277,0.36477987421383645,0.35365853658536583,0.2926829268292683,6.5829629999971075,42,287148bfd01ac67b5192268c6c69cc4cc230c004bdfdf332285f38a3b43b08dd,c175815089a491399700d9c586c067665dd8b48251196512f77a0b7e2732d91c,34060e20ca6ca6de13d114a5b1b14cf4e1fd9ffccc3f7ec4453bb00d8b5646f1,fe0003dcec849a890b7bbeac5c707925bce6910ae8ea01c6551064ba08c5173e
P1_a07,4,2;5;6;10,III;aVF;V1;V5,936,0.9171730547585768,0.6811594202898551,0.7864214992927864,0.672334719400167,0.68128208278411,binary;multiclass,0.9278011070815041,0.6233766233766234,0.7384615384615385,0.5307692307692308,0.9657039976484421,0.9,0.9,0.9111111111111111,0.9108595684471171,0.6749226006191951,0.6606060606060606,0.6,0.9578736446189773,0.8700410396716827,0.8390501319261213,0.8284960422163589,0.8650825384132061,0.29333333333333333,0.2682926829268293,0.32926829268292684,6.627201600000262,42,287148bfd01ac67b5192268c6c69cc4cc230c004bdfdf332285f38a3b43b08dd,c175815089a491399700d9c586c067665dd8b48251196512f77a0b7e2732d91c,34060e20ca6ca6de13d114a5b1b14cf4e1fd9ffccc3f7ec4453bb00d8b5646f1,692b5ae3ce8fdf347c8ccdd5745e0671fdf3dad1eb573e998b58060bbac62142
P1_a07,4,2;5;6;11,III;aVF;V1;V6,936,0.9151376934206332,0.6956521739130435,0.7915492957746478,0.6889485875863705,0.6971208863499229,binary;multiclass,0.9309123878602787,0.6428571428571429,0.7615384615384615,0.5461538461538461,0.9678497942386831,0.9080779944289693,0.9055555555555556,0.9111111111111111,0.9062296112879771,0.6790123456790124,0.6666666666666666,0.6,0.958863682657281,0.8746594005449592,0.8469656992084432,0.8047493403693932,0.8665676586508254,0.3401360544217687,0.3048780487804878,0.3170731707317073,6.646614400000544,42,287148bfd01ac67b5192268c6c69cc4cc230c004bdfdf332285f38a3b43b08dd,c175815089a491399700d9c586c067665dd8b48251196512f77a0b7e2732d91c,34060e20ca6ca6de13d114a5b1b14cf4e1fd9ffccc3f7ec4453bb00d8b5646f1,4038e6f7aaf6fdda11847d8a57998e95ee33a3fc660c73a1859efd4e4e6d9bb6
P1_a07,4,2;5;7;8,III;aVF;V2;V3,936,0.9120576767453835,0.6782608695652174,0.790436005625879,0.6796431122704106,0.686693127895908,binary;multiclass,0.9279919832029013,0.6270627062706271,0.7307692307692307,0.5923076923076923,0.9665196942974721,0.8944444444444445,0.8944444444444445,0.9111111111111111,0.9017018433360846,0.6375,0.6181818181818182,0.5757575757575758,0.9554956585174061,0.8625850340136054,0.8364116094986808,0.8073878627968337,0.8632832581253213,0.37662337662337664,0.35365853658536583,0.35365853658536583,6.599383299999317,42,287148bfd01ac67b5192268c6c69cc4cc230c004bdfdf332285f38a3b43b08dd,c175815089a491399700d9c586c067665dd8b48251196512f77a0b7e2732d91c,34060e20ca6ca6de13d114a5b1b14cf4e1fd9ffccc3f7ec4453bb00d8b5646f1,8f0079d9c05559b5c8a0143f6a8073c1c7c0c37422a2eef9c76d92fe5038bd69
P1_a07,4,2;5;7;9,III;aVF;V2;V4,936,0.9155741925991319,0.6840579710144927,0.7932489451476793,0.682765552571999,0.6893652525192522,binary;multiclass,0.9281542279060889,0.6216216216216216,0.7076923076923077,0.6,0.9639403292181069,0.9019607843137255,0.8944444444444445,0.9111111111111111,0.9080532956019338,0.6503067484662577,0.6424242424242425,0.593939393939394,0.9559646239039711,0.8649386084583902,0.8364116094986808,0.8153034300791556,0.8598417775746844,0.375,0.36585365853658536,0.34146341463414637,6.644362099999853,42,287148bfd01ac67b5192268c6c69cc4cc230c004bdfdf332285f38a3b43b08dd,c175815089a491399700d9c586c067665dd8b48251196512f77a0b7e2732d91c,34060e20ca6ca6de13d114a5b1b14cf4e1fd9ffccc3f7ec4453bb00d8b5646f1,b26f26dfa86e315105039d55ebecfb922bddee7b8d620cadfb1f461c91c5f1cc
P1_a07,4,2;5;7;10,III;aVF;V2;V5,936,0.9154564849554918,0.6782608695652174,0.7909604519774012,0.6895715835564719,0.6958759649943124,binary;multiclass,0.9292231341859134,0.6360655737704918,0.7461538461538462,0.5923076923076923,0.9650499706055261,0.8983050847457628,0.8833333333333333,0.9111111111111111,0.9077152851471917,0.6687306501547987,0.6545454545454545,0.5696969696969697,0.9551261706370824,0.8656716417910447,0.841688654353562,0.7994722955145118,0.8648826183812189,0.3790849673202614,0.35365853658536583,0.36585365853658536,6.602694000001065,42,287148bfd01ac67b5192268c6c69cc4cc230c004bdfdf332285f38a3b43b08dd,c175815089a491399700d9c586c067665dd8b48251196512f77a0b7e2732d91c,34060e20ca6ca6de13d114a5b1b14cf4e1fd9ffccc3f7ec4453bb00d8b5646f1,ad3a0f7573ca2ceacdffa30418e37e7405734ea72bc65349b7b573c0ba58f2f1
P1_a07,4,2;5;7;11,III;aVF;V2;V6,936,0.9140930380833273,0.672463768115942,0.7864214992927864,0.6854193475315975,0.6944587478791739,binary;multiclass,0.9315041038366101,0.6387096774193548,0.7615384615384615,0.6076923076923076,0.9661449147560258,0.9014084507042254,0.8888888888888888,0.9111111111111111,0.9042172699760248,0.6646153846153846,0.6545454545454545,0.5696969696969697,0.956097260578959,0.8610729023383769,0.8258575197889182,0.7941952506596306,0.8655109384817502,0.36129032258064514,0.34146341463414637,0.3170731707317073,6.6210845000023255,42,287148bfd01ac67b5192268c6c69cc4cc230c004bdfdf332285f38a3b43b08dd,c175815089a491399700d9c586c067665dd8b48251196512f77a0b7e2732d91c,34060e20ca6ca6de13d114a5b1b14cf4e1fd9ffccc3f7ec4453bb00d8b5646f1,88273e2f4afbe8315bee6dc6588bbdd028d039aa4aafcd5ae5190120975dc0ea
P1_a07,4,2;5;8;9,III;aVF;V3;V4,936,0.9137301061821035,0.6840579710144927,0.7819971870604782,0.6826036149001342,0.690500985739418,binary;multiclass,0.9272475663294522,0.6312292358803987,0.7307692307692307,0.5461538461538461,0.9636537330981775,0.8994413407821229,0.8944444444444445,0.9111111111111111,0.9074087175254492,0.6419753086419753,0.6303030303030303,0.5757575757575758,0.9543824578523279,0.863013698630137,0.8311345646437994,0.8153034300791556,0.861726737876278,0.37735849056603776,0.36585365853658536,0.2926829268292683,6.62194190000082,42,287148bfd01ac67b5192268c6c69cc4cc230c004bdfdf332285f38a3b43b08dd,c175815089a491399700d9c586c067665dd8b48251196512f77a0b7e2732d91c,34060e20ca6ca6de13d114a5b1b14cf4e1fd9ffccc3f7ec4453bb00d8b5646f1,c04cf7fd1e6ca7bd95c855b6a460fd6a74dd0fbea83de127ad72f472d4f1a78e
P1_a07,4,2;5;8;10,III;aVF;V3;V5,936,0.9152308786385149,0.6840579710144927,0.7824858757062146,0.6844862917922638,0.6923289056939871,binary;multiclass,0.9272284787173125,0.6225165562913907,0.7230769230769231,0.5923076923076923,0.9647339800117578,0.896358543417367,0.8888888888888888,0.9111111111111111,0.9086349880124199,0.6666666666666666,0.6606060606060606,0.5757575757575758,0.9541503436710989,0.8571428571428571,0.8232189973614775,0.7704485488126649,0.8638972982235678,0.379746835443038,0.36585365853658536,0.34146341463414637,6.609365000000253,42,287148bfd01ac67b5192268c6c69cc4cc230c004bdfdf332285f38a3b43b08dd,c175815089a491399700d9c586c067665dd8b48251196512f77a0b7e2732d91c,34060e20ca6ca6de13d114a5b1b14cf4e1fd9ffccc3f7ec4453bb00d8b5646f1,f78dfe5a45090efae82496727230109dbe29f1ea84ad161118309a06cd47c3f3
P1_a07,4,2;5;8;11,III;aVF;V3;V6,936,0.9127050687854042,0.6753623188405797,0.791023842917251,0.6807477740442984,0.68962721713864,binary;multiclass,0.9288795571673983,0.6339869281045751,0.7461538461538462,0.5846153846153846,0.9663433274544386,0.8938547486033519,0.8888888888888888,0.9111111111111111,0.9051919977990016,0.6646341463414634,0.6606060606060606,0.5818181818181818,0.9544866723826757,0.8583218707015131,0.8232189973614775,0.8021108179419525,0.8667247386759582,0.35294117647058826,0.32926829268292684,0.3170731707317073,6.631618899999012,42,287148bfd01ac67b5192268c6c69cc4cc230c004bdfdf332285f38a3b43b08dd,c175815089a491399700d9c586c067665dd8b48251196512f77a0b7e2732d91c,34060e20ca6ca6de13d114a5b1b14cf4e1fd9ffccc3f7ec4453bb00d8b5646f1,f84d1e7b21f7361931acf9464a93470afe42d923f9eb7a9607991ab00b9ab722
P1_a07,4,2;5;9;10,III;aVF;V4;V5,936,0.9152554010642733,0.6782608695652174,0.7875354107648725,0.6704266403437737,0.6774835550503225,binary;multiclass,0.9251956480244322,0.6133333333333333,0.7076923076923077,0.5538461538461539,0.9630805408583186,0.8994413407821229,0.8944444444444445,0.9111111111111111,0.9096332979601462,0.6585365853658537,0.6545454545454545,0.5636363636363636,0.9509812745437062,0.8540245566166439,0.8258575197889182,0.8073878627968337,0.8577140572342491,0.32679738562091504,0.3048780487804878,0.32926829268292684,6.607668399999966,42,287148bfd01ac67b5192268c6c69cc4cc230c004bdfdf332285f38a3b43b08dd,c175815089a491399700d9c586c067665dd8b48251196512f77a0b7e2732d91c,34060e20ca6ca6de13d114a5b1b14cf4e1fd9ffccc3f7ec4453bb00d8b5646f1,0da0f9c87838989ad7e02d1b0bfffcdaab9c02162d6797b0aac182cc3f44370f
P1_a07,4,2;5;9;11,III;aVF;V4;V6,936,0.9151180754800265,0.6782608695652174,0.7875354107648725,0.6769110115234512,0.6844277698547601,binary;multiclass,0.926989883565566,0.6241610738255033,0.7153846153846154,0.5615384615384615,0.9639329805996474,0.9019607843137255,0.8944444444444445,0.9111111111111111,0.9088000628856661,0.6585365853658537,0.6545454545454545,0.5636363636363636,0.9533261014765304,0.8602739726027397,0.8284960422163589,0.8126649076517151,0.8587707774033244,0.33962264150943394,0.32926829268292684,0.2926829268292683,6.624280199997884,42,287148bfd01ac67b5192268c6c69cc4cc230c004bdfdf332285f38a3b43b08dd,c175815089a491399700d9c586c067665dd8b48251196512f77a0b7e2732d91c,34060e20ca6ca6de13d114a5b1b14cf4e1fd9ffccc3f7ec4453bb00d8b5646f1,b40711a5265cd6c621e92de2eab68a3fe363bbb38e4263dfdcc52fdf4d6dd0a8
P1_a07,4,2;5;10;11,III;aVF;V5;V6,936,0.9136271119939183,0.672463768115942,0.7819971870604782,0.6629317868106279,0.6703992760926927,binary;multiclass,0.927600687154037,0.5980066445182725,0.6923076923076923,0.5307692307692308,0.9638815402704292,0.8895027624309392,0.8944444444444445,0.9055555555555556,0.9067562787407144,0.654320987654321,0.6424242424242425,0.5878787878787879,0.9507302122660503,0.8481532147742818,0.8179419525065963,0.7941952506596306,0.8672102587536414,0.3246753246753247,0.3048780487804878,0.3170731707317073,6.625593000000663,42,287148bfd01ac67b5192268c6c69cc4cc230c004bdfdf332285f38a3b43b08dd,c175815089a491399700d9c586c067665dd8b48251196512f77a0b7e2732d91c,34060e20ca6ca6de13d114a5b1b14cf4e1fd9ffccc3f7ec4453bb00d8b5646f1,79f72454f2fc5c0e01748d68104cecb46af9b1fbeec10729c2b94781200d6a73
P1_a07,4,2;6;7;8,III;V1;V2;V3,936,0.9070894332867409,0.6579710144927536,0.7696629213483146,0.6679286669848544,0.6755602228605639,binary;multiclass,0.9226856270280588,0.5986842105263158,0.7,0.5307692307692308,0.9655055849500294,0.8975069252077562,0.9,0.9111111111111111,0.8923633219353063,0.6196319018404908,0.6121212121212121,0.5393939393939394,0.9603274231062562,0.8708791208791209,0.8364116094986808,0.8311345646437994,0.8740503798480607,0.35294117647058826,0.32926829268292684,0.35365853658536583,6.6387084999987565,42,287148bfd01ac67b5192268c6c69cc4cc230c004bdfdf332285f38a3b43b08dd,c175815089a491399700d9c586c067665dd8b48251196512f77a0b7e2732d91c,34060e20ca6ca6de13d114a5b1b14cf4e1fd9ffccc3f7ec4453bb00d8b5646f1,43b2cf89369e061bc3d04741299fbd47c36bffb6ba3b67a08d1de9e6a43ef4fb
P1_a07,4,2;6;7;9,III;V1;V2;V4,936,0.9140096618357488,0.6608695652173913,0.7827298050139275,0.6770335847605289,0.6855908508621038,binary;multiclass,0.922943309791945,0.6229508196721312,0.7307692307692307,0.5230769230769231,0.962639623750735,0.9030470914127424,0.9055555555555556,0.9111111111111111,0.9048304052195103,0.6523076923076923,0.6424242424242425,0.5515151515151515,0.9593847553090198,0.877914951989026,0.8443271767810027,0.8390501319261213,0.8648112183697949,0.32894736842105265,0.3048780487804878,0.3780487804878049,6.5716233999992255,42,287148bfd01ac67b5192268c6c69cc4cc230c004bdfdf332285f38a3b43b08dd,c175815089a491399700d9c586c067665dd8b48251196512f77a0b7e2732d91c,34060e20ca6ca6de13d114a5b1b14cf4e1fd9ffccc3f7ec4453bb00d8b5646f1,d8da2b4fc22684658306b992980a8bf9eb9fb07afae51e18285cf135a801749f
P1_a07,4,2;6;7;10,III;V1;V2;V5,936,0.9148483287966847,0.6869565217391305,0.7916083916083916,0.6833137433551569,0.6903269693674482,binary;multiclass,0.9232487115861806,0.6148867313915858,0.7307692307692307,0.5538461538461539,0.9642195767195767,0.9080779944289693,0.9055555555555556,0.9166666666666666,0.9051684156742522,0.6477987421383647,0.6242424242424243,0.5696969696969697,0.9589963193322693,0.8773841961852861,0.8496042216358839,0.8284960422163589,0.8622693779631004,0.3684210526315789,0.34146341463414637,0.3170731707317073,6.578825499997038,42,287148bfd01ac67b5192268c6c69cc4cc230c004bdfdf332285f38a3b43b08dd,c175815089a491399700d9c586c067665dd8b48251196512f77a0b7e2732d91c,34060e20ca6ca6de13d114a5b1b14cf4e1fd9ffccc3f7ec4453bb00d8b5646f1,eea053db4b42bf33ef2245db0f4c22ffbbd3bcca1fbdc6132dc04b6a4bc38927
P1_a07,4,2;6;7;11,III;V1;V2;V6,936,0.913141567963903,0.6463768115942029,0.7832167832167832,0.6754794248431532,0.6843488596979813,binary;multiclass,0.9260641343767896,0.6075949367088608,0.7384615384615385,0.5615384615384615,0.9662992357436802,0.9055555555555556,0.9055555555555556,0.9111111111111111,0.9015367684628386,0.6477987421383647,0.6242424242424243,0.5636363636363636,0.9593989663813399,0.8720770288858322,0.8364116094986808,0.8179419525065963,0.8638544582167133,0.3443708609271523,0.3170731707317073,0.3902439024390244,6.577931499999977,42,287148bfd01ac67b5192268c6c69cc4cc230c004bdfdf332285f38a3b43b08dd,c175815089a491399700d9c586c067665dd8b48251196512f77a0b7e2732d91c,34060e20ca6ca6de13d114a5b1b14cf4e1fd9ffccc3f7ec4453bb00d8b5646f1,82e59036ed08f1d49334f9434e8522433a254481b0d9780c15c44739e779a9f2
P1_a07,4,2;6;8;9,III;V1;V3;V4,936,0.9115378013193065,0.6666666666666666,0.7821229050279329,0.6814578400287953,0.6889042998959981,binary;multiclass,0.9246993701087993,0.6143790849673203,0.7230769230769231,0.5615384615384615,0.9634479717813051,0.9025069637883009,0.9,0.9111111111111111,0.9044452305152695,0.6435331230283912,0.6181818181818182,0.5575757575757576,0.9583236619091154,0.8797814207650273,0.8496042216358839,0.841688654353562,0.8697949391671902,0.3670886075949367,0.35365853658536583,0.36585365853658536,6.596181400000205,42,287148bfd01ac67b5192268c6c69cc4cc230c004bdfdf332285f38a3b43b08dd,c175815089a491399700d9c586c067665dd8b48251196512f77a0b7e2732d91c,34060e20ca6ca6de13d114a5b1b14cf4e1fd9ffccc3f7ec4453bb00d8b5646f1,f08788d4f55e3c873c533dd164801f56d38b28d9b9c114139271869dafbf6ac1
P1_a07,4,2;6;8;10,III;V1;V3;V5,936,0.9132249442114814,0.6869565217391305,0.7838214783821479,0.6818070709078874,0.6917613451039024,binary;multiclass,0.9250143157091048,0.6282051282051282,0.7538461538461538,0.5615384615384615,0.9639476778365668,0.9030470914127424,0.9055555555555556,0.9166666666666666,0.9077310065636914,0.6542056074766355,0.6363636363636364,0.5393939393939394,0.9580441774868191,0.8729281767955801,0.8337730870712401,0.8258575197889182,0.8624692979950876,0.35064935064935066,0.32926829268292684,0.34146341463414637,6.570275199999742,42,287148bfd01ac67b5192268c6c69cc4cc230c004bdfdf332285f38a3b43b08dd,c175815089a491399700d9c586c067665dd8b48251196512f77a0b7e2732d91c,34060e20ca6ca6de13d114a5b1b14cf4e1fd9ffccc3f7ec4453bb00d8b5646f1,c40c9a626963cd54be51ca78fa2d1717cd5a4471dd581aa35c560dfc9d2f07a2
P1_a07,4,2;6;8;11,III;V1;V3;V6,936,0.9122391426959954,0.6811594202898551,0.7827298050139275,0.6744967028154045,0.6837525372283079,binary;multiclass,0.9273811796144302,0.6129032258064516,0.7307692307692307,0.5615384615384615,0.9655790711346266,0.9,0.9,0.9111111111111111,0.9044373698070196,0.6523076923076923,0.6424242424242425,0.5454545454545454,0.9585084058492773,0.8674033149171271,0.8284960422163589,0.8179419525065963,0.8666961786713887,0.33986928104575165,0.3170731707317073,0.3048780487804878,6.565934399997786,42,287148bfd01ac67b5192268c6c69cc4cc230c004bdfdf332285f38a3b43b08dd,c175815089a491399700d9c586c067665dd8b48251196512f77a0b7e2732d91c,34060e20ca6ca6de13d114a5b1b14cf4e1fd9ffccc3f7ec4453bb00d8b5646f1,766feeceb8f12e2bf92fc3101e04b6bf749ff0f9509ad5285f8e37e6e5169770
P1_a07,4,2;6;9;10,III;V1;V4;V5,936,0.9158439392824739,0.6840579710144927,0.7943262411347518,0.6774925174238032,0.685831619096308,binary;multiclass,0.9232582553922505,0.6158730158730159,0.7461538461538462,0.5538461538461539,0.9627865961199294,0.9101123595505618,0.9,0.9111111111111111,0.9100027512478874,0.6498422712933754,0.6242424242424243,0.5515151515151515,0.9565046446521367,0.873972602739726,0.841688654353562,0.8258575197889182,0.8564859770377563,0.33766233766233766,0.3170731707317073,0.2926829268292683,6.584204999999201,42,287148bfd01ac67b5192268c6c69cc4cc230c004bdfdf332285f38a3b43b08dd,c175815089a491399700d9c586c067665dd8b48251196512f77a0b7e2732d91c,34060e20ca6ca6de13d114a5b1b14cf4e1fd9ffccc3f7ec4453bb00d8b5646f1,0db0e11cd4f1e6d15e6c193979e4ae6245a54b613fc78124e11ce47c7ede2ce3
P1_a07,4,2;6;9;11,III;V1;V4;V6,936,0.9151573113612399,0.6898550724637681,0.788218793828892,0.6689864545616544,0.6785702480657111,binary;multiclass,0.9258446268371826,0.6217948717948718,0.7461538461538462,0.5615384615384615,0.9632422104644327,0.9106145251396648,0.9055555555555556,0.9111111111111111,0.9095232480446488,0.6417445482866043,0.6242424242424243,0.5393939393939394,0.9579778591493252,0.8720770288858322,0.8364116094986808,0.8179419525065963,0.8611555377848861,0.2987012987012987,0.2804878048780488,0.2926829268292683,6.575116500000149,42,287148bfd01ac67b5192268c6c69cc4cc230c004bdfdf332285f38a3b43b08dd,c175815089a491399700d9c586c067665dd8b48251196512f77a0b7e2732d91c,34060e20ca6ca6de13d114a5b1b14cf4e1fd9ffccc3f7ec4453bb00d8b5646f1,782495b45f1cf60387cb37a85a9c3e01c8624980e0ef18ff49fe83b7a64c247a
P1_a07,4,2;6;10;11,III;V1;V5;V6,936,0.9145197282915225,0.6869565217391305,0.786013986013986,0.6768576409095229,0.6872663008527609,binary;multiclass,0.9262072914678374,0.6325878594249201,0.7615384615384615,0.5230769230769231,0.9646678424456202,0.9050279329608939,0.9,0.9166666666666666,0.9073851354006996,0.676829268292683,0.6727272727272727,0.5454545454545454,0.9578452224743371,0.8705234159779615,0.8337730870712401,0.7994722955145118,0.8626406580225053,0.29931972789115646,0.2682926829268293,0.24390243902439024,6.562377599999309,42,287148bfd01ac67b5192268c6c69cc4cc230c004bdfdf332285f38a3b43b08dd,c175815089a491399700d9c586c067665dd8b48251196512f77a0b7e2732d91c,34060e20ca6ca6de13d114a5b1b14cf4e1fd9ffccc3f7ec4453bb00d8b5646f1,d48bc9b3c51822d11ca18a5e676b8f24992d7907196c38193f756e9263b5ca53
P1_a07,4,2;7;8;9,III;V2;V3;V4,936,0.9079967630397999,0.6521739130434783,0.7766990291262136,0.6718173321890353,0.6783262436200205,binary;multiclass,0.9221416300820768,0.6118421052631579,0.7153846153846154,0.5153846153846153,0.9647927689594356,0.898876404494382,0.8888888888888888,0.9111111111111111,0.8968439256377,0.617737003058104,0.6121212121212121,0.5515151515151515,0.9551782779022564,0.8622100954979536,0.8337730870712401,0.7941952506596306,0.8652538984406237,0.3684210526315789,0.34146341463414637,0.34146341463414637,6.585861599996861,42,287148bfd01ac67b5192268c6c69cc4cc230c004bdfdf332285f38a3b43b08dd,c175815089a491399700d9c586c067665dd8b48251196512f77a0b7e2732d91c,34060e20ca6ca6de13d114a5b1b14cf4e1fd9ffccc3f7ec4453bb00d8b5646f1,b84660fafb16b7d6e315555eb1017ec8e265d86782ca1a3d9ef84f9768994bf0
P1_a07,4,2;7;8;10,III;V2;V3;V5,936,0.9117486941808283,0.6666666666666666,0.7876230661040787,0.6785896010433016,0.6855894807725684,binary;multiclass,0.9239358656232106,0.6153846153846154,0.7076923076923077,0.5923076923076923,0.9655276308054085,0.8932584269662921,0.8833333333333333,0.9111111111111111,0.9030774672798018,0.6276923076923077,0.6181818181818182,0.5333333333333333,0.9549035305040667,0.8590971272229823,0.8284960422163589,0.783641160949868,0.8639401382304221,0.39751552795031053,0.3902439024390244,0.36585365853658536,6.568503899998177,42,287148bfd01ac67b5192268c6c69cc4cc230c004bdfdf332285f38a3b43b08dd,c175815089a491399700d9c586c067665dd8b48251196512f77a0b7e2732d91c,34060e20ca6ca6de13d114a5b1b14cf4e1fd9ffccc3f7ec4453bb00d8b5646f1,7ebd3459761e6e16e8fd5bf2823f6e2f49c1c2b46a5d64beb2a5e3f0e9943df1
P1_a07,4,2;7;8;11,III;V2;V3;V6,936,0.9089923735255891,0.663768115942029,0.7899159663865546,0.6760550477492134,0.683984121362331,binary;multiclass,0.9263695361710251,0.625,0.7307692307692307,0.5769230769230769,0.9666225749559083,0.8913649025069638,0.8888888888888888,0.9111111111111111,0.899202138112644,0.64,0.6303030303030303,0.5454545454545454,0.9552824924326041,0.8602739726027397,0.8284960422163589,0.7915567282321899,0.8659678985548638,0.36363636363636365,0.34146341463414637,0.35365853658536583,6.576698999997461,42,287148bfd01ac67b5192268c6c69cc4cc230c004bdfdf332285f38a3b43b08dd,c175815089a491399700d9c586c067665dd8b48251196512f77a0b7e2732d91c,34060e20ca6ca6de13d114a5b1b14cf4e1fd9ffccc3f7ec4453bb00d8b5646f1,47fa99ff12214583155987c3c4f93c0197bd0d49829732e341f47fda5590179c
P1_a07,4,2;7;9;10,III;V2;V4;V5,936,0.912440226587214,0.672463768115942,0.7830985915492957,0.6800446072463961,0.6880081253309903,binary;multiclass,0.9234586753197175,0.6204620462046204,0.7230769230769231,0.5692307692307692,0.9636904761904762,0.896358543417367,0.8888888888888888,0.9111111111111111,0.9037534881892859,0.6461538461538462,0.6363636363636364,0.5454545454545454,0.9537903298389886,0.8598901098901099,0.8258575197889182,0.783641160949868,0.8587850574056092,0.37735849056603776,0.36585365853658536,0.34146341463414637,6.570850000000064,42,287148bfd01ac67b5192268c6c69cc4cc230c004bdfdf332285f38a3b43b08dd,c175815089a491399700d9c586c067665dd8b48251196512f77a0b7e2732d91c,34060e20ca6ca6de13d114a5b1b14cf4e1fd9ffccc3f7ec4453bb00d8b5646f1,ee88b0238397da830e4e13735f75db141b5d21adf88154367add9052d5ca8cb8
P1_a07,4,2;7;9;11,III;V2;V4;V6,936,0.9122538561514505,0.6869565217391305,0.7830985915492957,0.6817709751596677,0.6916219369935825,binary;multiclass,0.927266653941592,0.6405228758169934,0.7538461538461538,0.5384615384615384,0.9639182833627278,0.8969359331476323,0.8944444444444445,0.9111111111111111,0.9046496089297646,0.6419753086419753,0.6303030303030303,0.5575757575757576,0.954832475142466,0.8646408839779005,0.8258575197889182,0.7941952506596306,0.861012737762038,0.36477987421383645,0.35365853658536583,0.3170731707317073,6.575116799998796,42,287148bfd01ac67b5192268c6c69cc4cc230c004bdfdf332285f38a3b43b08dd,c175815089a491399700d9c586c067665dd8b48251196512f77a0b7e2732d91c,34060e20ca6ca6de13d114a5b1b14cf4e1fd9ffccc3f7ec4453bb00d8b5646f1,598f71d7c7625f076e9a6697a33475f08a3360978e7b89005f24cde0ca0e7f7f
P1_a07,4,2;7;10;11,III;V2;V5;V6,936,0.9126069790823709,0.6956521739130435,0.790436005625879,0.6824022576469768,0.6900425552809876,binary;multiclass,0.9278011070815041,0.627831715210356,0.7461538461538462,0.5384615384615384,0.9639623750734861,0.9014084507042254,0.8888888888888888,0.9111111111111111,0.903619856149039,0.6375,0.6181818181818182,0.5515151515151515,0.9548182640701459,0.860655737704918,0.8311345646437994,0.7889182058047494,0.8642685782829724,0.38461538461538464,0.36585365853658536,0.36585365853658536,6.574050399998669,42,287148bfd01ac67b5192268c6c69cc4cc230c004bdfdf332285f38a3b43b08dd,c175815089a491399700d9c586c067665dd8b48251196512f77a0b7e2732d91c,34060e20ca6ca6de13d114a5b1b14cf4e1fd9ffccc3f7ec4453bb00d8b5646f1,079ce15e47fb2391acaa056300495bb3b15afb818df0aa3f9e23a19b7f746ec7
P1_a07,4,2;8;9;10,III;V3;V4;V5,936,0.9108855047941343,0.6666666666666666,0.7835926449787836,0.6689404209173248,0.6758352493335439,binary;multiclass,0.9237449895018133,0.5967213114754099,0.7,0.5153846153846153,0.9626984126984127,0.895774647887324,0.8833333333333333,0.9111111111111111,0.9021263215815745,0.6358024691358025,0.6242424242424243,0.5393939393939394,0.9516918281597135,0.8493150684931506,0.8179419525065963,0.7889182058047494,0.8622550979608157,0.3670886075949367,0.35365853658536583,0.3170731707317073,6.565859599999385,42,287148bfd01ac67b5192268c6c69cc4cc230c004bdfdf332285f38a3b43b08dd,c175815089a491399700d9c586c067665dd8b48251196512f77a0b7e2732d91c,34060e20ca6ca6de13d114a5b1b14cf4e1fd9ffccc3f7ec4453bb00d8b5646f1,645a7de5d15482201eb743dcdd670d6830457284ebb78af2acbb28d6b774d701
P1_a07,4,2;8;9;11,III;V3;V4;V6,936,0.909561293803183,0.6550724637681159,0.7837078651685393,0.6758846914757883,0.6849410423971206,binary;multiclass,0.9260832219889292,0.6209150326797386,0.7307692307692307,0.5538461538461539,0.9636390358612581,0.8857938718662952,0.8833333333333333,0.9111111111111111,0.9009707974688519,0.6441717791411042,0.6363636363636364,0.5636363636363636,0.9530608281265543,0.8591160220994475,0.820580474934037,0.7941952506596306,0.8654823784771806,0.36942675159235666,0.35365853658536583,0.34146341463414637,6.567888399997173,42,287148bfd01ac67b5192268c6c69cc4cc230c004bdfdf332285f38a3b43b08dd,c175815089a491399700d9c586c067665dd8b48251196512f77a0b7e2732d91c,34060e20ca6ca6de13d114a5b1b14cf4e1fd9ffccc3f7ec4453bb00d8b5646f1,627f018b7a39a845274e98bbf403ceb19ae0176301876ae10ed212c3852793e8
P1_a07,4,2;8;10;11,III;V3;V5;V6,936,0.9109688810417127,0.6840579710144927,0.7807637906647807,0.6829940531216271,0.6906503800023331,binary;multiclass,0.9271712158808932,0.6072607260726073,0.7076923076923077,0.5615384615384615,0.9637786596119929,0.8913649025069638,0.8888888888888888,0.9111111111111111,0.9020005502495774,0.6584615384615384,0.6484848484848484,0.5515151515151515,0.9527718696560445,0.8528198074277854,0.8179419525065963,0.7810026385224275,0.8667104586736735,0.4050632911392405,0.3902439024390244,0.3048780487804878,6.580366199999844,42,287148bfd01ac67b5192268c6c69cc4cc230c004bdfdf332285f38a3b43b08dd,c175815089a491399700d9c586c067665dd8b48251196512f77a0b7e2732d91c,34060e20ca6ca6de13d114a5b1b14cf4e1fd9ffccc3f7ec4453bb00d8b5646f1,24578cbce8defe6519616bb7ee21e5b43c104e8d40f0524257bac9d21ffeb5db
P1_a07,4,2;9;10;11,III;V4;V5;V6,936,0.9118614973393169,0.663768115942029,0.7785613540197461,0.6607196529699814,0.6696070413201503,binary;multiclass,0.9242221798053063,0.6045016077170418,0.7230769230769231,0.5153846153846153,0.9622134038800706,0.8969359331476323,0.8944444444444445,0.9111111111111111,0.9043115984750226,0.6481481481481481,0.6363636363636364,0.5333333333333333,0.9505928385669555,0.8587105624142661,0.8258575197889182,0.7968337730870713,0.8594562175129947,0.2953020134228188,0.2682926829268293,0.3048780487804878,6.582456299998739,42,287148bfd01ac67b5192268c6c69cc4cc230c004bdfdf332285f38a3b43b08dd,c175815089a491399700d9c586c067665dd8b48251196512f77a0b7e2732d91c,34060e20ca6ca6de13d114a5b1b14cf4e1fd9ffccc3f7ec4453bb00d8b5646f1,29b8ad453c83084ef77b37e80259b02d366a5cd708914947b275d241925adfd6
P1_a07,4,3;4;5;6,aVR;aVL;aVF;V1,936,0.9146668628460728,0.6666666666666666,0.787292817679558,0.6868704869214628,0.695957805342579,binary;multiclass,0.9317617866004962,0.6402640264026402,0.7461538461538462,0.6,0.9678791887125221,0.8919667590027701,0.8944444444444445,0.9,0.9056321974609911,0.676737160120846,0.6787878787878788,0.6060606060606061,0.9588589456331744,0.8677685950413223,0.8311345646437994,0.8258575197889182,0.8691808990689438,0.3576158940397351,0.32926829268292684,0.35365853658536583,6.56305870000142,42,287148bfd01ac67b5192268c6c69cc4cc230c004bdfdf332285f38a3b43b08dd,c175815089a491399700d9c586c067665dd8b48251196512f77a0b7e2732d91c,34060e20ca6ca6de13d114a5b1b14cf4e1fd9ffccc3f7ec4453bb00d8b5646f1,373e600e13ec0c571173bb36a9581a46faea58d20c01ac5ed5e5d414f18b7c03
P1_a07,4,3;4;5;7,aVR;aVL;aVF;V2,936,0.9142646950636357,0.6666666666666666,0.7848101265822784,0.6926661851152165,0.7009051281501245,binary;multiclass,0.9324393968314565,0.6534653465346535,0.7615384615384615,0.5846153846153846,0.9678497942386832,0.8913649025069638,0.8888888888888888,0.9,0.9036041347325394,0.6748466257668712,0.6666666666666666,0.5757575757575758,0.9559172536629039,0.8645690834473324,0.8337730870712401,0.820580474934037,0.8643399782943966,0.3790849673202614,0.35365853658536583,0.3780487804878049,6.5783846999984235,42,287148bfd01ac67b5192268c6c69cc4cc230c004bdfdf332285f38a3b43b08dd,c175815089a491399700d9c586c067665dd8b48251196512f77a0b7e2732d91c,34060e20ca6ca6de13d114a5b1b14cf4e1fd9ffccc3f7ec4453bb00d8b5646f1,b27ef454ceec5134c92be78ce6168dae10f15560ac2c10f26e1b03fe3ed86f5b
P1_a07,4,3;4;5;8,aVR;aVL;aVF;V3,936,0.9133524608254248,0.6666666666666666,0.7905686546463245,0.6836750480871866,0.6907590141015716,binary;multiclass,0.9284978049246039,0.6308724832214765,0.7230769230769231,0.5769230769230769,0.9657554379776602,0.8888888888888888,0.8888888888888888,0.9,0.9075580709821955,0.6787878787878788,0.6787878787878788,0.5636363636363636,0.9531792537292222,0.8622100954979536,0.8337730870712401,0.7915567282321899,0.8614411378305821,0.3576158940397351,0.32926829268292684,0.35365853658536583,6.560384899999917,42,287148bfd01ac67b5192268c6c69cc4cc230c004bdfdf332285f38a3b43b08dd,c175815089a491399700d9c586c067665dd8b48251196512f77a0b7e2732d91c,34060e20ca6ca6de13d114a5b1b14cf4e1fd9ffccc3f7ec4453bb00d8b5646f1,57601dc43ab1473675b0786a2a177e0f32d6e3a7da124cee356e3cbdf6878619
P1_a07,4,3;4;5;9,aVR;aVL;aVF;V4,936,0.9153632997376102,0.6985507246376812,0.7832167832167832,0.691530261327251,0.6998863970760489,binary;multiclass,0.9278488261118534,0.6416382252559727,0.7230769230769231,0.5769230769230769,0.963154027042916,0.8895027624309392,0.8944444444444445,0.9111111111111111,0.9102228510788821,0.683076923076923,0.6727272727272727,0.5878787878787879,0.952066053064144,0.8653846153846154,0.8311345646437994,0.8100263852242744,0.8528731364597018,0.3780487804878049,0.3780487804878049,0.3048780487804878,6.574294900001405,42,287148bfd01ac67b5192268c6c69cc4cc230c004bdfdf332285f38a3b43b08dd,c175815089a491399700d9c586c067665dd8b48251196512f77a0b7e2732d91c,34060e20ca6ca6de13d114a5b1b14cf4e1fd9ffccc3f7ec4453bb00d8b5646f1,234a689f18e3645dfebbffd2b26ac1648a60b7835a466086debc7976db1e7692
P1_a07,4,3;4;5;10,aVR;aVL;aVF;V5,936,0.9154417715000367,0.6927536231884058,0.7827298050139275,0.6822904064397436,0.6924853119151336,binary;multiclass,0.92945218553159,0.6291390728476821,0.7307692307692307,0.5615384615384615,0.9649323927101705,0.8913649025069638,0.8888888888888888,0.9111111111111111,0.9076523994811933,0.65,0.6303030303030303,0.5757575757575758,0.9513649734963501,0.850415512465374,0.8100263852242744,0.7941952506596306,0.8664391386302622,0.3905325443786982,0.4024390243902439,0.3170731707317073,6.564565500000754,42,287148bfd01ac67b5192268c6c69cc4cc230c004bdfdf332285f38a3b43b08dd,c175815089a491399700d9c586c067665dd8b48251196512f77a0b7e2732d91c,34060e20ca6ca6de13d114a5b1b14cf4e1fd9ffccc3f7ec4453bb00d8b5646f1,6b4f9215914edcf25b256da474d13322a93e5c8bc4b86fd6238b3abb7c646c09
P1_a07,4,3;4;5;11,aVR;aVL;aVF;V6,936,0.9147943794600162,0.6811594202898551,0.7955182072829131,0.6811392953229365,0.6896958351228253,binary;multiclass,0.9298339377743845,0.6302250803858521,0.7538461538461538,0.5307692307692308,0.9662551440329218,0.8944444444444445,0.8944444444444445,0.9055555555555556,0.901521047046339,0.6666666666666666,0.6424242424242425,0.593939393939394,0.9502754579518056,0.8590971272229823,0.8284960422163589,0.7915567282321899,0.8705374992859999,0.35526315789473684,0.32926829268292684,0.3048780487804878,6.568613899999036,42,287148bfd01ac67b5192268c6c69cc4cc230c004bdfdf332285f38a3b43b08dd,c175815089a491399700d9c586c067665dd8b48251196512f77a0b7e2732d91c,34060e20ca6ca6de13d114a5b1b14cf4e1fd9ffccc3f7ec4453bb00d8b5646f1,63a2441fa84e62b39bf75db7482c0075c55681a32d05fc4a351f6a2cc0887ec1
P1_a07,4,3;4;6;7,aVR;aVL;V1;V2,936,0.9139655214693838,0.6811594202898551,0.7858156028368795,0.6937321135642921,0.7011212742752739,binary;multiclass,0.9316663485397977,0.6426229508196721,0.7538461538461538,0.5692307692307692,0.9675558495002939,0.8938547486033519,0.8888888888888888,0.9,0.9013559721730928,0.6687116564417178,0.6606060606060606,0.6121212121212121,0.9572057242199304,0.8661202185792349,0.8364116094986808,0.8179419525065963,0.8667104586736734,0.3973509933774834,0.36585365853658536,0.34146341463414637,6.577131099998951,42,287148bfd01ac67b5192268c6c69cc4cc230c004bdfdf332285f38a3b43b08dd,c175815089a491399700d9c586c067665dd8b48251196512f77a0b7e2732d91c,34060e20ca6ca6de13d114a5b1b14cf4e1fd9ffccc3f7ec4453bb00d8b5646f1,39da0e2fd2e5392247ef79c1eac103b0585073102de1379a1375f222807aee95
P1_a07,4,3;4;6;8,aVR;aVL;V1;V3,936,0.9128669167954094,0.6695652173913044,0.7887323943661971,0.6905337130793053,0.69729066044466,binary;multiclass,0.9303970223325062,0.6287625418060201,0.7230769230769231,0.5615384615384615,0.9663800705467371,0.8969359331476323,0.8944444444444445,0.9055555555555556,0.9068506072397123,0.668693009118541,0.6666666666666666,0.5818181818181818,0.9540413921166444,0.8661202185792349,0.8364116094986808,0.8126649076517151,0.8681241788998686,0.39215686274509803,0.36585365853658536,0.32926829268292684,6.571139499999845,42,287148bfd01ac67b5192268c6c69cc4cc230c004bdfdf332285f38a3b43b08dd,c175815089a491399700d9c586c067665dd8b48251196512f77a0b7e2732d91c,34060e20ca6ca6de13d114a5b1b14cf4e1fd9ffccc3f7ec4453bb00d8b5646f1,31b89b5b2253ae22d0f7827317822748043d7aa105f5cf6a31d035f114e9f5a1
P1_a07,4,3;4;6;9,aVR;aVL;V1;V4,936,0.9156722823021654,0.6927536231884058,0.7909604519774012,0.6974041753981267,0.7062268254230413,binary;multiclass,0.9298339377743844,0.6402640264026402,0.7461538461538462,0.5538461538461539,0.9639991181657849,0.8919667590027701,0.8944444444444445,0.9055555555555556,0.9128797704673192,0.6909090909090909,0.6909090909090909,0.5757575757575758,0.9550977484924421,0.8717241379310345,0.8337730870712401,0.8232189973614775,0.8593276974924315,0.39215686274509803,0.36585365853658536,0.3170731707317073,6.569329699999798,42,287148bfd01ac67b5192268c6c69cc4cc230c004bdfdf332285f38a3b43b08dd,c175815089a491399700d9c586c067665dd8b48251196512f77a0b7e2732d91c,34060e20ca6ca6de13d114a5b1b14cf4e1fd9ffccc3f7ec4453bb00d8b5646f1,6030efd9436c21a37307bf575a81163ce6c24bd5b1250fd20bf500c3633c3989
P1_a07,4,3;4;6;10,aVR;aVL;V1;V5,936,0.9162166801540008,0.6956521739130435,0.7791842475386779,0.6813932816869605,0.6893137926563501,binary;multiclass,0.9305210918114143,0.6319218241042345,0.7461538461538462,0.5307692307692308,0.9654761904761905,0.8938547486033519,0.8888888888888888,0.9055555555555556,0.9127775812600715,0.6625386996904025,0.6484848484848484,0.593939393939394,0.9559788349762912,0.8633879781420765,0.8337730870712401,0.8284960422163589,0.8622550979608157,0.35526315789473684,0.32926829268292684,0.34146341463414637,6.563970200000767,42,287148bfd01ac67b5192268c6c69cc4cc230c004bdfdf332285f38a3b43b08dd,c175815089a491399700d9c586c067665dd8b48251196512f77a0b7e2732d91c,34060e20ca6ca6de13d114a5b1b14cf4e1fd9ffccc3f7ec4453bb00d8b5646f1,66032be827a6d0633e45d9df23db096adbc08975ffcb680e1d00a3028ba11ed3
P1_a07,4,3;4;6;11,aVR;aVL;V1;V6,936,0.9153731087079133,0.6927536231884058,0.790436005625879,0.6901614065616083,0.6998739912653291,binary;multiclass,0.9337850734873068,0.6472491909385113,0.7692307692307693,0.5307692307692308,0.9671075837742505,0.8944444444444445,0.8944444444444445,0.9055555555555556,0.908462052430924,0.6848484848484848,0.6848484848484848,0.6424242424242425,0.9570115062315552,0.8705234159779615,0.8337730870712401,0.8126649076517151,0.8667532986805278,0.35374149659863946,0.3170731707317073,0.3780487804878049,6.566943599998922,42,287148bfd01ac67b5192268c6c69cc4cc230c004bdfdf332285f38a3b43b08dd,c175815089a491399700d9c586c067665dd8b48251196512f77a0b7e2732d91c,34060e20ca6ca6de13d114a5b1b14cf4e1fd9ffccc3f7ec4453bb00d8b5646f1,e53832478d4c1c0a4430ddb46e1f61ab38555fe8cf2a73e7c00370d6cfaa5b13
P1_a07,4,3;4;7;8,aVR;aVL;V2;V3,936,0.9134211236175483,0.6811594202898551,0.7921348314606742,0.6889388254683578,0.6959486212423982,binary;multiclass,0.9300057262836419,0.6312292358803987,0.7307692307692307,0.5923076923076923,0.9674897119341563,0.898876404494382,0.8888888888888888,0.9,0.9071100106119562,0.6827794561933535,0.6848484848484848,0.6,0.9536624301881073,0.8633879781420765,0.8337730870712401,0.8021108179419525,0.8622979379676701,0.3684210526315789,0.34146341463414637,0.3048780487804878,6.596283300001232,42,287148bfd01ac67b5192268c6c69cc4cc230c004bdfdf332285f38a3b43b08dd,c175815089a491399700d9c586c067665dd8b48251196512f77a0b7e2732d91c,34060e20ca6ca6de13d114a5b1b14cf4e1fd9ffccc3f7ec4453bb00d8b5646f1,96207faf91cdea93636f7a5cb305888194e465456935c4dd8c66c4095702d089
P1_a07,4,3;4;7;9,aVR;aVL;V2;V4,936,0.9160793545697541,0.6956521739130435,0.7888111888111888,0.6878609464362604,0.6934141846169648,binary;multiclass,0.9298434815804544,0.6262626262626263,0.7153846153846154,0.5769230769230769,0.9644767783656673,0.896358543417367,0.8888888888888888,0.9,0.9117321070628465,0.6809815950920245,0.6727272727272727,0.6,0.9545719388165966,0.8590785907859079,0.8364116094986808,0.8153034300791556,0.857514137202262,0.37662337662337664,0.35365853658536583,0.34146341463414637,6.575500300001295,42,287148bfd01ac67b5192268c6c69cc4cc230c004bdfdf332285f38a3b43b08dd,c175815089a491399700d9c586c067665dd8b48251196512f77a0b7e2732d91c,34060e20ca6ca6de13d114a5b1b14cf4e1fd9ffccc3f7ec4453bb00d8b5646f1,d10930e8ba086d6746021aedfc2017dc9fd597a91a9b48e101435c6c7e711b3b
P1_a07,4,3;4;7;10,aVR;aVL;V2;V5,936,0.9164275730155227,0.7130434782608696,0.7843137254901961,0.685200763914879,0.6921108934468867,binary;multiclass,0.9313323153273525,0.6357615894039735,0.7384615384615385,0.5769230769230769,0.9649617871840095,0.898876404494382,0.8888888888888888,0.9055555555555556,0.9105372794088746,0.6646341463414634,0.6606060606060606,0.6060606060606061,0.9546050979853435,0.8583106267029973,0.8311345646437994,0.8021108179419525,0.8597418175586908,0.3684210526315789,0.34146341463414637,0.35365853658536583,6.568645399998786,42,287148bfd01ac67b5192268c6c69cc4cc230c004bdfdf332285f38a3b43b08dd,c175815089a491399700d9c586c067665dd8b48251196512f77a0b7e2732d91c,34060e20ca6ca6de13d114a5b1b14cf4e1fd9ffccc3f7ec4453bb00d8b5646f1,2b40545b8ea2d514b120a933f3085c2dfbb09f8090a9bdf33789b96c4627754a
P1_a07,4,3;4;7;11,aVR;aVL;V2;V6,936,0.9162362980946075,0.7043478260869566,0.7876230661040787,0.6838633106119236,0.6933737749761947,binary;multiclass,0.9338041610994465,0.6428571428571429,0.7615384615384615,0.6,0.9667548500881834,0.898876404494382,0.8888888888888888,0.9055555555555556,0.9073772746924498,0.6706586826347305,0.6787878787878788,0.6,0.9544961464308892,0.8579310344827586,0.820580474934037,0.8021108179419525,0.8634403381504541,0.348993288590604,0.3170731707317073,0.35365853658536583,6.598020600002201,42,287148bfd01ac67b5192268c6c69cc4cc230c004bdfdf332285f38a3b43b08dd,c175815089a491399700d9c586c067665dd8b48251196512f77a0b7e2732d91c,34060e20ca6ca6de13d114a5b1b14cf4e1fd9ffccc3f7ec4453bb00d8b5646f1,db47c54c7c98c92c87f7b5d7cfc7a7cb2af02f7c85b69ec4f7f6815ad1f79fc5
P1_a07,4,3;4;8;9,aVR;aVL;V3;V4,936,0.9127099732705559,0.6695652173913044,0.786013986013986,0.6903500571322669,0.6971903063865222,binary;multiclass,0.9288700133613285,0.6270627062706271,0.7307692307692307,0.5461538461538461,0.964050558495003,0.8938547486033519,0.8888888888888888,0.9,0.909601855127147,0.6790123456790124,0.6666666666666666,0.6121212121212121,0.9520850011605708,0.8622100954979536,0.8337730870712401,0.7968337730870713,0.858299537327926,0.38961038961038963,0.36585365853658536,0.3170731707317073,6.564930300002743,42,287148bfd01ac67b5192268c6c69cc4cc230c004bdfdf332285f38a3b43b08dd,c175815089a491399700d9c586c067665dd8b48251196512f77a0b7e2732d91c,34060e20ca6ca6de13d114a5b1b14cf4e1fd9ffccc3f7ec4453bb00d8b5646f1,e1e19053733eb74fb4753b0877c46ecdb8c31a443e58db51192d913f93b56610
P1_a07,4,3;4;8;10,aVR;aVL;V3;V5,936,0.9144363520439441,0.6753623188405797,0.7824858757062146,0.6852317854727227,0.6932931447070066,binary;multiclass,0.9302920404657377,0.6217948717948718,0.7461538461538462,0.5769230769230769,0.9646751910640801,0.898876404494382,0.8888888888888888,0.9,0.9108910112801164,0.6728971962616822,0.6545454545454545,0.6,0.9525302814266022,0.8559670781893004,0.8232189973614775,0.7810026385224275,0.8606842977094876,0.37662337662337664,0.35365853658536583,0.3170731707317073,6.574745599999005,42,287148bfd01ac67b5192268c6c69cc4cc230c004bdfdf332285f38a3b43b08dd,c175815089a491399700d9c586c067665dd8b48251196512f77a0b7e2732d91c,34060e20ca6ca6de13d114a5b1b14cf4e1fd9ffccc3f7ec4453bb00d8b5646f1,a2158275df0173142f1abd334cd78ab8821aebdef5ce8bb732fc0cffd6264f4c
P1_a07,4,3;4;8;11,aVR;aVL;V3;V6,936,0.913141567963903,0.663768115942029,0.7865168539325843,0.6799647939078033,0.6884150959265188,binary;multiclass,0.932000381752243,0.6217948717948718,0.7461538461538462,0.5923076923076923,0.9659832451499117,0.8938547486033519,0.8888888888888888,0.9055555555555556,0.9075895138151947,0.6646153846153846,0.6545454545454545,0.5757575757575758,0.9524260668962544,0.8571428571428571,0.8232189973614775,0.7757255936675461,0.8633403781344605,0.3624161073825503,0.32926829268292684,0.3170731707317073,6.597767800001748,42,287148bfd01ac67b5192268c6c69cc4cc230c004bdfdf332285f38a3b43b08dd,c175815089a491399700d9c586c067665dd8b48251196512f77a0b7e2732d91c,34060e20ca6ca6de13d114a5b1b14cf4e1fd9ffccc3f7ec4453bb00d8b5646f1,16e439e5df975bd2f36893c1eb3d36c292bc185c1f73b16d2aa5b89482820a2d
P1_a07,4,3;4;9;10,aVR;aVL;V4;V5,936,0.9146913852718312,0.6956521739130435,0.7830985915492957,0.6848386172915699,0.6908889320917122,binary;multiclass,0.927467073869059,0.6220735785953178,0.7153846153846154,0.5538461538461539,0.9634920634920635,0.8944444444444445,0.8944444444444445,0.9,0.9119757890185906,0.6708074534161491,0.6545454545454545,0.5575757575757576,0.9506923160731965,0.8602442333785617,0.8364116094986808,0.783641160949868,0.8526589364254298,0.37662337662337664,0.35365853658536583,0.32926829268292684,6.588700600001175,42,287148bfd01ac67b5192268c6c69cc4cc230c004bdfdf332285f38a3b43b08dd,c175815089a491399700d9c586c067665dd8b48251196512f77a0b7e2732d91c,34060e20ca6ca6de13d114a5b1b14cf4e1fd9ffccc3f7ec4453bb00d8b5646f1,632c930af4f395088952d0fbe78870537265bb54e59543195b757a0864cc52b5
P1_a07,4,3;4;9;11,aVR;aVL;V4;V6,936,0.9142058412418157,0.6869565217391305,0.7853107344632768,0.6860021359404614,0.6936096448902935,binary;multiclass,0.929118152319145,0.6312292358803987,0.7307692307692307,0.5615384615384615,0.963558201058201,0.8944444444444445,0.8944444444444445,0.9055555555555556,0.9109460362378652,0.6666666666666666,0.6484848484848484,0.5636363636363636,0.9520092087748635,0.8579234972677595,0.8284960422163589,0.7941952506596306,0.8553864168618267,0.379746835443038,0.36585365853658536,0.2804878048780488,6.589341399998375,42,287148bfd01ac67b5192268c6c69cc4cc230c004bdfdf332285f38a3b43b08dd,c175815089a491399700d9c586c067665dd8b48251196512f77a0b7e2732d91c,34060e20ca6ca6de13d114a5b1b14cf4e1fd9ffccc3f7ec4453bb00d8b5646f1,394cb2b9230285403d561e7aa3049b8e23ec41c837d862e8c7983818e7842277
P1_a07,4,3;4;10;11,aVR;aVL;V5;V6,936,0.9139459035287769,0.6840579710144927,0.788218793828892,0.6760870851439524,0.6834120709788384,binary;multiclass,0.927944264172552,0.6312292358803987,0.7307692307692307,0.5230769230769231,0.9636316872427985,0.8938547486033519,0.8888888888888888,0.9055555555555556,0.9079353849781865,0.6646525679758308,0.6666666666666666,0.5818181818181818,0.9502470358071652,0.8528610354223434,0.8258575197889182,0.7941952506596306,0.8629548180727709,0.33783783783783783,0.3048780487804878,0.3048780487804878,6.5746065999992425,42,287148bfd01ac67b5192268c6c69cc4cc230c004bdfdf332285f38a3b43b08dd,c175815089a491399700d9c586c067665dd8b48251196512f77a0b7e2732d91c,34060e20ca6ca6de13d114a5b1b14cf4e1fd9ffccc3f7ec4453bb00d8b5646f1,77f5c8d09f5e1755c360d35d7dec93f77e7e115872cdab835baa87b340e29621
P1_a07,4,3;5;6;7,aVR;aVF;V1;V2,936,0.9149513229848696,0.6753623188405797,0.7954545454545454,0.7021014792160087,0.7104841336381333,binary;multiclass,0.9325825539225042,0.6622950819672131,0.7769230769230769,0.5923076923076923,0.9677101704879482,0.8994413407821229,0.8944444444444445,0.9,0.9031639350705499,0.6829268292682927,0.6787878787878788,0.6121212121212121,0.957632056389535,0.8684931506849315,0.8364116094986808,0.820580474934037,0.8681241788998686,0.3973509933774834,0.36585365853658536,0.34146341463414637,6.568679600000905,42,287148bfd01ac67b5192268c6c69cc4cc230c004bdfdf332285f38a3b43b08dd,c175815089a491399700d9c586c067665dd8b48251196512f77a0b7e2732d91c,34060e20ca6ca6de13d114a5b1b14cf4e1fd9ffccc3f7ec4453bb00d8b5646f1,989a9b6461e9415135554d7e8a77a5f0c2a2a0956cd1b138af7ff94cf65fc5ed
P1_a07,4,3;5;6;8,aVR;aVF;V1;V3,936,0.9140881335981755,0.6811594202898551,0.7849162011173184,0.6912807051136247,0.6987678219771662,binary;multiclass,0.9296812368772668,0.6488294314381271,0.7461538461538462,0.5615384615384615,0.966629923574368,0.8994413407821229,0.8944444444444445,0.9055555555555556,0.9087922021774162,0.676829268292683,0.6727272727272727,0.5757575757575758,0.9562062121334135,0.8676671214188267,0.8390501319261213,0.8153034300791556,0.867952818872451,0.36363636363636365,0.34146341463414637,0.3048780487804878,6.572858899999119,42,287148bfd01ac67b5192268c6c69cc4cc230c004bdfdf332285f38a3b43b08dd,c175815089a491399700d9c586c067665dd8b48251196512f77a0b7e2732d91c,34060e20ca6ca6de13d114a5b1b14cf4e1fd9ffccc3f7ec4453bb00d8b5646f1,a88a4ac4bebfdb7d9a502395fdc54ce38c97a7c55fccd258e175af5934520804
P1_a07,4,3;5;6;9,aVR;aVF;V1;V4,936,0.9162853429461242,0.6898550724637681,0.7926136363636364,0.6964381873400527,0.7070639161269189,binary;multiclass,0.930005726283642,0.6535947712418301,0.7692307692307693,0.5538461538461539,0.9648001175778954,0.8944444444444445,0.8944444444444445,0.9055555555555556,0.9137130055417994,0.6728971962616822,0.6545454545454545,0.5696969696969697,0.9566041221583776,0.8808864265927978,0.8390501319261213,0.8284960422163589,0.8609984577597533,0.3803680981595092,0.3780487804878049,0.3170731707317073,6.5722468999993,42,287148bfd01ac67b5192268c6c69cc4cc230c004bdfdf332285f38a3b43b08dd,c175815089a491399700d9c586c067665dd8b48251196512f77a0b7e2732d91c,34060e20ca6ca6de13d114a5b1b14cf4e1fd9ffccc3f7ec4453bb00d8b5646f1,a0af8b7ff40df21a8fd5b793680b5609501a64ee1037782b2ecff0b1d6995bd7
P1_a07,4,3;5;6;10,aVR;aVF;V1;V5,936,0.9163687191937027,0.6985507246376812,0.7818696883852692,0.6814684295992255,0.6893750926623055,binary;multiclass,0.930750143157091,0.625,0.7307692307692307,0.5384615384615384,0.9662845385067608,0.8938547486033519,0.8888888888888888,0.9055555555555556,0.9120701175175884,0.6583850931677019,0.6424242424242425,0.5757575757575758,0.9573383608949185,0.863013698630137,0.8311345646437994,0.8337730870712401,0.8627548980407838,0.3670886075949367,0.35365853658536583,0.3048780487804878,6.571703500001604,42,287148bfd01ac67b5192268c6c69cc4cc230c004bdfdf332285f38a3b43b08dd,c175815089a491399700d9c586c067665dd8b48251196512f77a0b7e2732d91c,34060e20ca6ca6de13d114a5b1b14cf4e1fd9ffccc3f7ec4453bb00d8b5646f1,b3deeae34d6571fe052593802148805b523d79e8c0b983880bc5ce33edca45a2
P1_a07,4,3;5;6;11,aVR;aVF;V1;V6,936,0.9150199857769931,0.6811594202898551,0.7943262411347518,0.6955201210970923,0.7052184445253497,binary;multiclass,0.9346726474518039,0.6623376623376623,0.7846153846153846,0.5538461538461539,0.9678203997648442,0.9019607843137255,0.8944444444444445,0.9055555555555556,0.9073458318594506,0.6930091185410334,0.6909090909090909,0.6121212121212121,0.958148392017167,0.8736263736263736,0.8390501319261213,0.8311345646437994,0.8680670588907294,0.3466666666666667,0.3170731707317073,0.3048780487804878,6.578793099997711,42,287148bfd01ac67b5192268c6c69cc4cc230c004bdfdf332285f38a3b43b08dd,c175815089a491399700d9c586c067665dd8b48251196512f77a0b7e2732d91c,34060e20ca6ca6de13d114a5b1b14cf4e1fd9ffccc3f7ec4453bb00d8b5646f1,dbf3049c342d5257ac36f6c16295185beac83fc8cdaa9f25c735b0352e5c39d2
P1_a07,4,3;5;7;8,aVR;aVF;V2;V3,936,0.9143480713112141,0.6898550724637681,0.7866108786610879,0.678732406348793,0.6850712664072597,binary;multiclass,0.9301202519564802,0.62,0.7153846153846154,0.5692307692307692,0.9672619047619048,0.8938547486033519,0.8888888888888888,0.9055555555555556,0.9073772746924498,0.6625386996904025,0.6484848484848484,0.6,0.9544203540451818,0.8559782608695652,0.8311345646437994,0.8021108179419525,0.8602844576455132,0.36129032258064514,0.34146341463414637,0.34146341463414637,6.571190700000443,42,287148bfd01ac67b5192268c6c69cc4cc230c004bdfdf332285f38a3b43b08dd,c175815089a491399700d9c586c067665dd8b48251196512f77a0b7e2732d91c,34060e20ca6ca6de13d114a5b1b14cf4e1fd9ffccc3f7ec4453bb00d8b5646f1,190dd01fe2268721471e11443d385d2839fc6deef251db678c5f12a5680cee74
P1_a07,4,3;5;7;9,aVR;aVF;V2;V4,936,0.9157458495794404,0.6840579710144927,0.7796610169491526,0.6807632420164765,0.688530231950658,binary;multiclass,0.9307405993510213,0.6295081967213115,0.7384615384615385,0.5769230769230769,0.96440329218107,0.8994413407821229,0.8944444444444445,0.9055555555555556,0.9109460362378651,0.6583850931677019,0.6424242424242425,0.6060606060606061,0.9545908869130235,0.855191256830601,0.8258575197889182,0.8047493403693932,0.8581852973096475,0.36129032258064514,0.34146341463414637,0.3170731707317073,6.57665199999974,42,287148bfd01ac67b5192268c6c69cc4cc230c004bdfdf332285f38a3b43b08dd,c175815089a491399700d9c586c067665dd8b48251196512f77a0b7e2732d91c,34060e20ca6ca6de13d114a5b1b14cf4e1fd9ffccc3f7ec4453bb00d8b5646f1,1264c4cb32f5cdbbf1a0765b6e062c2462faaeea57e068b2d0c1c0d13279a895
P1_a07,4,3;5;7;10,aVR;aVF;V2;V5,936,0.9156183329654968,0.6956521739130435,0.7837078651685393,0.6857391283229801,0.6934627727922019,binary;multiclass,0.9324871158618057,0.6384364820846905,0.7538461538461538,0.5846153846153846,0.9657921810699589,0.898876404494382,0.8888888888888888,0.9055555555555556,0.9095468301693983,0.660436137071651,0.6424242424242425,0.593939393939394,0.9549414266969203,0.8567530695770805,0.8284960422163589,0.8047493403693932,0.8608270977323356,0.3741935483870968,0.35365853658536583,0.32926829268292684,6.567040400001133,42,287148bfd01ac67b5192268c6c69cc4cc230c004bdfdf332285f38a3b43b08dd,c175815089a491399700d9c586c067665dd8b48251196512f77a0b7e2732d91c,34060e20ca6ca6de13d114a5b1b14cf4e1fd9ffccc3f7ec4453bb00d8b5646f1,e48b6828e5971a5b26e95524edb2e41b08a5a7826749745b885fb9e33938244b
P1_a07,4,3;5;7;11,aVR;aVF;V2;V6,936,0.9150592216582065,0.6956521739130435,0.7837078651685393,0.6860573184699279,0.6957958452584876,binary;multiclass,0.9352261882038556,0.6495176848874598,0.7769230769230769,0.6,0.9671002351557907,0.898876404494382,0.8888888888888888,0.9055555555555556,0.9064182682859726,0.6645962732919255,0.6484848484848484,0.6,0.9548230010942526,0.8583218707015131,0.8232189973614775,0.8021108179419525,0.8643399782943966,0.358974358974359,0.34146341463414637,0.32926829268292684,6.565903500002605,42,287148bfd01ac67b5192268c6c69cc4cc230c004bdfdf332285f38a3b43b08dd,c175815089a491399700d9c586c067665dd8b48251196512f77a0b7e2732d91c,34060e20ca6ca6de13d114a5b1b14cf4e1fd9ffccc3f7ec4453bb00d8b5646f1,a50cd4b5d6da52f51acc670b3c7b07b77d2cf6d2c1903b566ea25559a5eb8358
P1_a07,4,3;5;8;9,aVR;aVF;V3;V4,936,0.9138821452218053,0.6840579710144927,0.7848101265822784,0.6836394928694486,0.6914412586862552,binary;multiclass,0.9287459438824205,0.6295081967213115,0.7384615384615385,0.5461538461538461,0.9635508524397414,0.8938547486033519,0.8888888888888888,0.9,0.9108359863223676,0.6666666666666666,0.6424242424242425,0.6,0.9536434820916804,0.8633879781420765,0.8337730870712401,0.8100263852242744,0.8601702176272349,0.36477987421383645,0.35365853658536583,0.3048780487804878,6.578701200000069,42,287148bfd01ac67b5192268c6c69cc4cc230c004bdfdf332285f38a3b43b08dd,c175815089a491399700d9c586c067665dd8b48251196512f77a0b7e2732d91c,34060e20ca6ca6de13d114a5b1b14cf4e1fd9ffccc3f7ec4453bb00d8b5646f1,d2b2a20fe97ede314d3b610633083f01d5f3e87f83651a26de14880497784c8e
P1_a07,4,3;5;8;10,aVR;aVF;V3;V5,936,0.9143137399151524,0.6869565217391305,0.7876230661040787,0.686071187255388,0.6945200478851292,binary;multiclass,0.9295285359801487,0.6319218241042345,0.7461538461538462,0.5615384615384615,0.9649323927101704,0.896358543417367,0.8888888888888888,0.9055555555555556,0.910655190032622,0.66875,0.6484848484848484,0.6,0.9540177069961108,0.8559670781893004,0.8232189973614775,0.7730870712401056,0.8627834580453533,0.37735849056603776,0.36585365853658536,0.32926829268292684,6.568855900000926,42,287148bfd01ac67b5192268c6c69cc4cc230c004bdfdf332285f38a3b43b08dd,c175815089a491399700d9c586c067665dd8b48251196512f77a0b7e2732d91c,34060e20ca6ca6de13d114a5b1b14cf4e1fd9ffccc3f7ec4453bb00d8b5646f1,37bf0d27035cf9960043589072774cb843ab4df75958fc26078a944a6538000c
P1_a07,4,3;5;8;11,aVR;aVF;V3;V6,936,0.9134603594987616,0.6782608695652174,0.7893258426966292,0.6735482624092293,0.6831808368676893,binary;multiclass,0.9314659286123307,0.6258064516129033,0.7461538461538462,0.5846153846153846,0.965814226925338,0.8913649025069638,0.8888888888888888,0.9055555555555556,0.9077545886884408,0.6604938271604939,0.6484848484848484,0.5818181818181818,0.9535582156577594,0.8524137931034482,0.8153034300791556,0.7757255936675461,0.8648968983835037,0.33766233766233766,0.3170731707317073,0.3048780487804878,6.569618899997295,42,287148bfd01ac67b5192268c6c69cc4cc230c004bdfdf332285f38a3b43b08dd,c175815089a491399700d9c586c067665dd8b48251196512f77a0b7e2732d91c,34060e20ca6ca6de13d114a5b1b14cf4e1fd9ffccc3f7ec4453bb00d8b5646f1,44f00e7b09fd6679912a40e1361a76f97c38fec77969d553770e8bbc4c554f23
P1_a07,4,3;5;9;10,aVR;aVF;V4;V5,936,0.9138576227960471,0.6840579710144927,0.7847025495750708,0.6799815256937908,0.6881183195321814,binary;multiclass,0.9268944455048673,0.631578947368421,0.7384615384615385,0.5384615384615384,0.9635802469135802,0.8913649025069638,0.8888888888888888,0.9,0.9112997681091066,0.65625,0.6363636363636364,0.593939393939394,0.951867098051662,0.853625170998632,0.8232189973614775,0.7941952506596306,0.8563717370194779,0.3670886075949367,0.35365853658536583,0.3048780487804878,6.5795614999988175,42,287148bfd01ac67b5192268c6c69cc4cc230c004bdfdf332285f38a3b43b08dd,c175815089a491399700d9c586c067665dd8b48251196512f77a0b7e2732d91c,34060e20ca6ca6de13d114a5b1b14cf4e1fd9ffccc3f7ec4453bb00d8b5646f1,5a1f5e58e5ac10b32741d960c96179928a623cae7fd3975685d2f9f2cf6a0087
P1_a07,4,3;5;9;11,aVR;aVF;V4;V6,936,0.9135682581720984,0.6927536231884058,0.7859154929577464,0.6784041136368673,0.6874896049456832,binary;multiclass,0.929662149265127,0.6378737541528239,0.7384615384615385,0.5846153846153846,0.9636831275720165,0.8895027624309392,0.8944444444444445,0.9055555555555556,0.9095389694611484,0.65,0.6303030303030303,0.5878787878787879,0.952932928475673,0.8543956043956044,0.820580474934037,0.8047493403693932,0.8590706574513052,0.36024844720496896,0.35365853658536583,0.2926829268292683,6.571547100000316,42,287148bfd01ac67b5192268c6c69cc4cc230c004bdfdf332285f38a3b43b08dd,c175815089a491399700d9c586c067665dd8b48251196512f77a0b7e2732d91c,34060e20ca6ca6de13d114a5b1b14cf4e1fd9ffccc3f7ec4453bb00d8b5646f1,2127e019f60128052dcf494298808da73327b8694a44704f5d58e00c83f9bf5d
P1_a07,4,3;5;10;11,aVR;aVF;V5;V6,936,0.9142254591824222,0.6927536231884058,0.7837078651685393,0.6762019405796305,0.6848661705042425,binary;multiclass,0.9303779347203666,0.6354515050167224,0.7307692307692307,0.5461538461538461,0.963558201058201,0.8870523415977961,0.8944444444444445,0.9055555555555556,0.9078960814369375,0.6646153846153846,0.6545454545454545,0.6060606060606061,0.9511754925320814,0.8477366255144033,0.8153034300791556,0.7994722955145118,0.8652681784429086,0.34615384615384615,0.32926829268292684,0.32926829268292684,6.587121100001241,42,287148bfd01ac67b5192268c6c69cc4cc230c004bdfdf332285f38a3b43b08dd,c175815089a491399700d9c586c067665dd8b48251196512f77a0b7e2732d91c,34060e20ca6ca6de13d114a5b1b14cf4e1fd9ffccc3f7ec4453bb00d8b5646f1,03479a0ae88568b3e2846e54482b0cc8606be72f8bfa3a09d5a5fadc6e08fe68
P1_a07,4,3;6;7;8,aVR;V1;V2;V3,936,0.9156085239951937,0.6695652173913044,0.7937853107344632,0.6886278586182917,0.6973562027278482,binary;multiclass,0.9300916205382708,0.6298701298701299,0.7461538461538462,0.5538461538461539,0.9661963550852439,0.8895027624309392,0.8944444444444445,0.9055555555555556,0.9090358841331604,0.6811145510835913,0.6666666666666666,0.6424242424242425,0.9568125512190733,0.8610729023383769,0.8258575197889182,0.8100263852242744,0.8650396984063518,0.3815789473684211,0.35365853658536583,0.32926829268292684,6.567935999999463,42,287148bfd01ac67b5192268c6c69cc4cc230c004bdfdf332285f38a3b43b08dd,c175815089a491399700d9c586c067665dd8b48251196512f77a0b7e2732d91c,34060e20ca6ca6de13d114a5b1b14cf4e1fd9ffccc3f7ec4453bb00d8b5646f1,23c737bf241adbc3b1f11eab0ae4853e143a96e7f0516f2d2f6c762ea2a3c169
P1_a07,4,3;6;7;9,aVR;V1;V2;V4,936,0.9195762524828955,0.7101449275362319,0.7938288920056101,0.6918506891331717,0.7008210721570654,binary;multiclass,0.9296621492651269,0.6319218241042345,0.7461538461538462,0.5538461538461539,0.9652116402116403,0.8969359331476323,0.8944444444444445,0.9111111111111111,0.9121801674330856,0.6930091185410334,0.6909090909090909,0.6545454545454545,0.958532090969811,0.8689655172413793,0.8311345646437994,0.8311345646437994,0.853858456617353,0.3684210526315789,0.34146341463414637,0.3048780487804878,6.565317500000674,42,287148bfd01ac67b5192268c6c69cc4cc230c004bdfdf332285f38a3b43b08dd,c175815089a491399700d9c586c067665dd8b48251196512f77a0b7e2732d91c,34060e20ca6ca6de13d114a5b1b14cf4e1fd9ffccc3f7ec4453bb00d8b5646f1,c1a24d3178e9e317b10f7e58af1d81e53f12e56768910c91ad7e054ce7941bc6
P1_a07,4,3;6;7;10,aVR;V1;V2;V5,936,0.9199882292356361,0.7014492753623188,0.800561797752809,0.6927043114498229,0.7019866753292326,binary;multiclass,0.9301584271807598,0.6387096774193548,0.7615384615384615,0.5538461538461539,0.9664609053497942,0.9019607843137255,0.8944444444444445,0.9166666666666666,0.9126596706363245,0.6993865030674846,0.6909090909090909,0.6303030303030303,0.9593563331643794,0.8705234159779615,0.8337730870712401,0.841688654353562,0.8521734163477466,0.35294117647058826,0.32926829268292684,0.3048780487804878,6.56943880000108,42,287148bfd01ac67b5192268c6c69cc4cc230c004bdfdf332285f38a3b43b08dd,c175815089a491399700d9c586c067665dd8b48251196512f77a0b7e2732d91c,34060e20ca6ca6de13d114a5b1b14cf4e1fd9ffccc3f7ec4453bb00d8b5646f1,e44593425ef51529c7ce54a6978e03dd1d1213b937584d8b57a85ee8e8cb103e
P1_a07,4,3;6;7;11,aVR;V1;V2;V6,936,0.920047083057456,0.6956521739130435,0.8045325779036827,0.6917684352311783,0.7004777777227741,binary;multiclass,0.933021569001718,0.6261980830670927,0.7538461538461538,0.5692307692307692,0.9680922986478542,0.9044943820224719,0.8944444444444445,0.9111111111111111,0.9098062335416421,0.6748466257668712,0.6666666666666666,0.6363636363636364,0.9601711013107346,0.8717241379310345,0.8337730870712401,0.8390501319261213,0.8597560975609756,0.3815789473684211,0.35365853658536583,0.35365853658536583,6.570695499998692,42,287148bfd01ac67b5192268c6c69cc4cc230c004bdfdf332285f38a3b43b08dd,c175815089a491399700d9c586c067665dd8b48251196512f77a0b7e2732d91c,34060e20ca6ca6de13d114a5b1b14cf4e1fd9ffccc3f7ec4453bb00d8b5646f1,a7e86a26bad589d3c04d1fd60243571636363e17c727f79bc45199850233871c
P1_a07,4,3;6;8;9,aVR;V1;V3;V4,936,0.916692415213713,0.6782608695652174,0.7954866008462623,0.6913252348868486,0.700252447497444,binary;multiclass,0.9309982821149073,0.6339869281045751,0.7461538461538462,0.5692307692307692,0.9647339800117578,0.8913649025069638,0.8888888888888888,0.9111111111111111,0.9120150925598397,0.6829268292682927,0.6787878787878788,0.6242424242424243,0.957632056389535,0.8717241379310345,0.8337730870712401,0.8364116094986808,0.8589564174330269,0.37662337662337664,0.35365853658536583,0.34146341463414637,6.574032000000443,42,287148bfd01ac67b5192268c6c69cc4cc230c004bdfdf332285f38a3b43b08dd,c175815089a491399700d9c586c067665dd8b48251196512f77a0b7e2732d91c,34060e20ca6ca6de13d114a5b1b14cf4e1fd9ffccc3f7ec4453bb00d8b5646f1,dc422907be1fa539390fbb7dbe31c4ca798ad15fb38114bd409803cc50ab8c71
P1_a07,4,3;6;8;10,aVR;V1;V3;V5,936,0.9176978346698055,0.6927536231884058,0.7943661971830986,0.6910179277436673,0.6999965912772399,binary;multiclass,0.9306737927085321,0.6193548387096774,0.7384615384615385,0.5692307692307692,0.9656084656084656,0.8944444444444445,0.8944444444444445,0.9166666666666666,0.9138780804150455,0.683076923076923,0.6727272727272727,0.6060606060606061,0.9571204577860096,0.8686030428769018,0.8284960422163589,0.8284960422163589,0.8553578568572571,0.38961038961038963,0.36585365853658536,0.32926829268292684,6.6049663000012515,42,287148bfd01ac67b5192268c6c69cc4cc230c004bdfdf332285f38a3b43b08dd,c175815089a491399700d9c586c067665dd8b48251196512f77a0b7e2732d91c,34060e20ca6ca6de13d114a5b1b14cf4e1fd9ffccc3f7ec4453bb00d8b5646f1,a0d8b780c1b34e6e0722f3a625ceb124d8955859b800f0e6580364ee35ccf577
P1_a07,4,3;6;8;11,aVR;V1;V3;V6,936,0.917197577184335,0.6753623188405797,0.8,0.6925037477279299,0.701549834781703,binary;multiclass,0.9328020614621111,0.6178343949044586,0.7461538461538462,0.5538461538461539,0.9662330981775428,0.8994413407821229,0.8944444444444445,0.9111111111111111,0.9122666352238337,0.6728395061728395,0.6606060606060606,0.6181818181818182,0.9579873331975387,0.8698060941828255,0.8284960422163589,0.841688654353562,0.86122693779631,0.4025974025974026,0.3780487804878049,0.35365853658536583,6.588476999997511,42,287148bfd01ac67b5192268c6c69cc4cc230c004bdfdf332285f38a3b43b08dd,c175815089a491399700d9c586c067665dd8b48251196512f77a0b7e2732d91c,34060e20ca6ca6de13d114a5b1b14cf4e1fd9ffccc3f7ec4453bb00d8b5646f1,1d98d47150390db3e9a79e1557537db112a54bb81abb5c5c1b0ef886455ecd55
P1_a07,4,3;6;9;10,aVR;V1;V4;V5,936,0.9207189975232352,0.7159420289855073,0.8,0.682501169919306,0.6909547803948988,binary;multiclass,0.928831838137049,0.6129032258064516,0.7307692307692307,0.5461538461538461,0.9641019988242211,0.9044943820224719,0.8944444444444445,0.9166666666666666,0.9151672365680147,0.6867469879518072,0.6909090909090909,0.593939393939394,0.9575183678109738,0.8705234159779615,0.8337730870712401,0.8153034300791556,0.8476752156280345,0.33783783783783783,0.3048780487804878,0.3170731707317073,6.6290516999979445,42,287148bfd01ac67b5192268c6c69cc4cc230c004bdfdf332285f38a3b43b08dd,c175815089a491399700d9c586c067665dd8b48251196512f77a0b7e2732d91c,34060e20ca6ca6de13d114a5b1b14cf4e1fd9ffccc3f7ec4453bb00d8b5646f1,07438fa9dd394c4b56387f91a6b9762b347e08cfeecec5e54d6c95e169c61f6a
P1_a07,4,3;6;9;11,aVR;V1;V4;V6,936,0.9192084160965203,0.7246376811594203,0.8011204481792717,0.6838069219792534,0.6935039989863336,binary;multiclass,0.9310078259209773,0.627831715210356,0.7461538461538462,0.5692307692307692,0.9644988242210465,0.9019607843137255,0.8944444444444445,0.9111111111111111,0.9150493259442676,0.6867469879518072,0.6909090909090909,0.6121212121212121,0.9585794612108781,0.8713692946058091,0.8311345646437994,0.8284960422163589,0.8531872965099675,0.33112582781456956,0.3048780487804878,0.3048780487804878,6.54916890000095,42,287148bfd01ac67b5192268c6c69cc4cc230c004bdfdf332285f38a3b43b08dd,c175815089a491399700d9c586c067665dd8b48251196512f77a0b7e2732d91c,34060e20ca6ca6de13d114a5b1b14cf4e1fd9ffccc3f7ec4453bb00d8b5646f1,dc18acd21b982f83cf570146009ad9648cac6ea213f1f07e0012f56c5db9742c
P1_a07,4,3;6;10;11,aVR;V1;V5;V6,936,0.9185855464822581,0.7043478260869566,0.7977369165487977,0.6830391997642822,0.691279254599288,binary;multiclass,0.9322008016797099,0.6298701298701299,0.7461538461538462,0.5461538461538461,0.9653292181069958,0.9044943820224719,0.8944444444444445,0.9111111111111111,0.9130369846323154,0.6787878787878788,0.6787878787878788,0.6424242424242425,0.9583378729814356,0.8755129958960328,0.8443271767810027,0.8258575197889182,0.8565859370537501,0.32653061224489793,0.2926829268292683,0.34146341463414637,6.670881999998528,42,287148bfd01ac67b5192268c6c69cc4cc230c004bdfdf332285f38a3b43b08dd,c175815089a491399700d9c586c067665dd8b48251196512f77a0b7e2732d91c,34060e20ca6ca6de13d114a5b1b14cf4e1fd9ffccc3f7ec4453bb00d8b5646f1,ff56fdcdef274ccf487c9f751e591db674d8cbab45ee97679a6bbd949df040ac
P1_a07,4,3;7;8;9,aVR;V2;V3;V4,936,0.9175212732043454,0.6840579710144927,0.7949790794979079,0.6945394539372023,0.7042862916091567,binary;multiclass,0.930750143157091,0.6366559485530546,0.7615384615384615,0.6,0.9657039976484422,0.8932584269662921,0.8833333333333333,0.9111111111111111,0.9129819596745667,0.691131498470948,0.6848484848484848,0.6242424242424243,0.9554767104209793,0.8670360110803325,0.8258575197889182,0.820580474934037,0.8519449363111898,0.38461538461538464,0.36585365853658536,0.34146341463414637,6.617426699998759,42,287148bfd01ac67b5192268c6c69cc4cc230c004bdfdf332285f38a3b43b08dd,c175815089a491399700d9c586c067665dd8b48251196512f77a0b7e2732d91c,34060e20ca6ca6de13d114a5b1b14cf4e1fd9ffccc3f7ec4453bb00d8b5646f1,ffe747144c2e0665cde8b7446a5a8d859775fe7b352b545248504bbb2d8e65c1
P1_a07,4,3;7;8;10,aVR;V2;V3;V5,936,0.9182422325216409,0.6753623188405797,0.7988826815642458,0.6896949920171264,0.698840828248126,binary;multiclass,0.9308264936056501,0.6258064516129033,0.7461538461538462,0.5846153846153846,0.9664241622574956,0.8938547486033519,0.8888888888888888,0.9166666666666666,0.9144126085760327,0.6788990825688074,0.6727272727272727,0.6242424242424243,0.954950900745134,0.8603042876901799,0.820580474934037,0.8126649076517151,0.8524161763865882,0.38961038961038963,0.36585365853658536,0.36585365853658536,6.634335200000351,42,287148bfd01ac67b5192268c6c69cc4cc230c004bdfdf332285f38a3b43b08dd,c175815089a491399700d9c586c067665dd8b48251196512f77a0b7e2732d91c,34060e20ca6ca6de13d114a5b1b14cf4e1fd9ffccc3f7ec4453bb00d8b5646f1,9982f42f2486298ce2b140a46aa7447443019400b3984edae9c5f62acacfb701
P1_a07,4,3;7;8;11,aVR;V2;V3;V6,936,0.9169670663822065,0.6550724637681159,0.7960893854748603,0.6838490229551386,0.6932931447070066,binary;multiclass,0.932534834892155,0.6178343949044586,0.7461538461538462,0.5538461538461539,0.9670047031158142,0.8938547486033519,0.8888888888888888,0.9055555555555556,0.9117163856463467,0.6666666666666666,0.6545454545454545,0.6303030303030303,0.9554009180352718,0.8642659279778393,0.8232189973614775,0.8126649076517151,0.8572142571542811,0.37662337662337664,0.35365853658536583,0.36585365853658536,6.611704900002223,42,287148bfd01ac67b5192268c6c69cc4cc230c004bdfdf332285f38a3b43b08dd,c175815089a491399700d9c586c067665dd8b48251196512f77a0b7e2732d91c,34060e20ca6ca6de13d114a5b1b14cf4e1fd9ffccc3f7ec4453bb00d8b5646f1,308b701f33abc5e916589deb0fdcaf38bb6aa538bfd0b96e073221537b9012aa
P1_a07,4,3;7;9;10,aVR;V2;V4;V5,936,0.9197626229186591,0.7130434782608696,0.7927677329624478,0.6893178505375837,0.697417808753802,binary;multiclass,0.9295857988165681,0.6123778501628665,0.7230769230769231,0.5461538461538461,0.9650205761316871,0.9019607843137255,0.8944444444444445,0.9166666666666666,0.9145147977832803,0.6948640483383686,0.696969696969697,0.6303030303030303,0.955983572000398,0.8689655172413793,0.8311345646437994,0.8258575197889182,0.8473039355686298,0.3684210526315789,0.34146341463414637,0.32926829268292684,6.642798300003051,42,287148bfd01ac67b5192268c6c69cc4cc230c004bdfdf332285f38a3b43b08dd,c175815089a491399700d9c586c067665dd8b48251196512f77a0b7e2732d91c,34060e20ca6ca6de13d114a5b1b14cf4e1fd9ffccc3f7ec4453bb00d8b5646f1,ccfca527215bb4aabec9237b2cfd506c6a87b740005dd33c6204a535d05f7c5d
P1_a07,4,3;7;9;11,aVR;V2;V4;V6,936,0.9193849775619805,0.7043478260869566,0.7927170868347339,0.6860904604651707,0.6958029592233852,binary;multiclass,0.9317426989883566,0.6233766233766234,0.7384615384615385,0.5461538461538461,0.9659391534391535,0.8969359331476323,0.8944444444444445,0.9055555555555556,0.9140117124552922,0.6829268292682927,0.6787878787878788,0.6363636363636364,0.9569878211110217,0.8682385575589459,0.8258575197889182,0.8153034300791556,0.8532729765236762,0.358974358974359,0.34146341463414637,0.3048780487804878,6.577849299999798,42,287148bfd01ac67b5192268c6c69cc4cc230c004bdfdf332285f38a3b43b08dd,c175815089a491399700d9c586c067665dd8b48251196512f77a0b7e2732d91c,34060e20ca6ca6de13d114a5b1b14cf4e1fd9ffccc3f7ec4453bb00d8b5646f1,20197f094ae8bcd5eca560a9487bd62c16099a8830a54dd69509fd7563efe194
P1_a07,4,3;7;10;11,aVR;V2;V5;V6,936,0.9190710905122735,0.6869565217391305,0.7916666666666666,0.6849971294210218,0.6947327682864075,binary;multiclass,0.9323725901889673,0.6193548387096774,0.7384615384615385,0.5692307692307692,0.9659758965314522,0.8994413407821229,0.8944444444444445,0.9111111111111111,0.9124002672640806,0.6846846846846847,0.6909090909090909,0.6060606060606061,0.9571062467136895,0.8638888888888889,0.820580474934037,0.8337730870712401,0.8528588564574171,0.3576158940397351,0.32926829268292684,0.36585365853658536,6.586544599998888,42,287148bfd01ac67b5192268c6c69cc4cc230c004bdfdf332285f38a3b43b08dd,c175815089a491399700d9c586c067665dd8b48251196512f77a0b7e2732d91c,34060e20ca6ca6de13d114a5b1b14cf4e1fd9ffccc3f7ec4453bb00d8b5646f1,32db49c1d0b17829fe69cf68f93a8ac9f748056759fd8b0fdb139ff31132dcac
P1_a07,4,3;8;9;10,aVR;V3;V4;V5,936,0.9173986610755536,0.6695652173913044,0.7876230661040787,0.6851557929377974,0.6939218592935048,binary;multiclass,0.9288127505249093,0.6198083067092651,0.7461538461538462,0.5615384615384615,0.9643518518518519,0.888268156424581,0.8833333333333333,0.9111111111111111,0.9138387768737963,0.68125,0.6606060606060606,0.6181818181818182,0.952947139547993,0.8622589531680441,0.8258575197889182,0.8179419525065963,0.8492031758725082,0.3741935483870968,0.35365853658536583,0.3048780487804878,6.611962099999801,42,287148bfd01ac67b5192268c6c69cc4cc230c004bdfdf332285f38a3b43b08dd,c175815089a491399700d9c586c067665dd8b48251196512f77a0b7e2732d91c,34060e20ca6ca6de13d114a5b1b14cf4e1fd9ffccc3f7ec4453bb00d8b5646f1,af7865bb867cb338355074d63e55ac4f9e948abb921575b3f9b4d6054ccedf6e
P1_a07,4,3;8;9;11,aVR;V3;V4;V6,936,0.9163883371343093,0.6695652173913044,0.790436005625879,0.6836373554263668,0.6916841990624086,binary;multiclass,0.9307692307692308,0.6193548387096774,0.7384615384615385,0.5846153846153846,0.9652263374485597,0.8932584269662921,0.8833333333333333,0.9055555555555556,0.9128561883425697,0.676923076923077,0.6666666666666666,0.6060606060606061,0.9538021723992554,0.8626373626373627,0.8284960422163589,0.8126649076517151,0.8544153767064603,0.3660130718954248,0.34146341463414637,0.3170731707317073,6.612653500000306,42,287148bfd01ac67b5192268c6c69cc4cc230c004bdfdf332285f38a3b43b08dd,c175815089a491399700d9c586c067665dd8b48251196512f77a0b7e2732d91c,34060e20ca6ca6de13d114a5b1b14cf4e1fd9ffccc3f7ec4453bb00d8b5646f1,22a49a00e4be167619ccd0cd4881f5c8da3c8a2d9bd43cd96adcf06fd0fcbc3c
P1_a07,4,3;8;10;11,aVR;V3;V5;V6,936,0.9171240099070601,0.6782608695652174,0.7909604519774012,0.6794302486230452,0.6885161060275289,binary;multiclass,0.9309601068906279,0.6198083067092651,0.7461538461538462,0.5846153846153846,0.9645061728395062,0.888268156424581,0.8833333333333333,0.9111111111111111,0.91284832763432,0.6707692307692308,0.6606060606060606,0.6242424242424243,0.9536766412604274,0.8606896551724138,0.8232189973614775,0.7889182058047494,0.8556006168960987,0.3576158940397351,0.32926829268292684,0.35365853658536583,6.652350399999705,42,287148bfd01ac67b5192268c6c69cc4cc230c004bdfdf332285f38a3b43b08dd,c175815089a491399700d9c586c067665dd8b48251196512f77a0b7e2732d91c,34060e20ca6ca6de13d114a5b1b14cf4e1fd9ffccc3f7ec4453bb00d8b5646f1,bc750c75a6258b0d1aa0e52a923cd97096bef1f710fef303e377a7ca3ad5502e
P1_a07,4,3;9;10;11,aVR;V4;V5;V6,936,0.9176144584222271,0.6666666666666666,0.7905027932960894,0.6696210602045877,0.677609493280386,binary;multiclass,0.9275434243176178,0.6064516129032258,0.7230769230769231,0.5692307692307692,0.9634847148736038,0.8932584269662921,0.8833333333333333,0.9055555555555556,0.9129269347168181,0.6827794561933535,0.6848484848484848,0.5878787878787879,0.9508960081097853,0.8579234972677595,0.8284960422163589,0.7889182058047494,0.8444479351116696,0.3076923076923077,0.2682926829268293,0.2926829268292683,6.654398599999695,42,287148bfd01ac67b5192268c6c69cc4cc230c004bdfdf332285f38a3b43b08dd,c175815089a491399700d9c586c067665dd8b48251196512f77a0b7e2732d91c,34060e20ca6ca6de13d114a5b1b14cf4e1fd9ffccc3f7ec4453bb00d8b5646f1,9b1877a47dc6e9741208d87951130c90d328bf1caeea5b1cb55fef5fef80610d
P1_a07,4,4;5;6;7,aVL;aVF;V1;V2,936,0.9147453346084996,0.6695652173913044,0.7859154929577464,0.6959104477606805,0.706049427330076,binary;multiclass,0.9297671311318954,0.6493506493506493,0.7692307692307693,0.5769230769230769,0.9673868312757201,0.8975069252077562,0.9,0.9055555555555556,0.9012459222575954,0.6707317073170732,0.6666666666666666,0.6,0.9598868798643317,0.8698060941828255,0.8284960422163589,0.8390501319261213,0.8691808990689438,0.39215686274509803,0.36585365853658536,0.35365853658536583,6.644674800001667,42,287148bfd01ac67b5192268c6c69cc4cc230c004bdfdf332285f38a3b43b08dd,c175815089a491399700d9c586c067665dd8b48251196512f77a0b7e2732d91c,34060e20ca6ca6de13d114a5b1b14cf4e1fd9ffccc3f7ec4453bb00d8b5646f1,329e98d5b06c29fedb174bf3705a50b660c927344600c8fbccfefdd739404b58
P1_a07,4,4;5;6;8,aVL;aVF;V1;V3,936,0.9144559699845508,0.6695652173913044,0.7888111888111888,0.6704648088728117,0.6794339290072606,binary;multiclass,0.9290895209009353,0.6098360655737705,0.7153846153846154,0.5384615384615384,0.9663506760728983,0.8975069252077562,0.9,0.9111111111111111,0.9085956844711709,0.6566265060240963,0.6606060606060606,0.5515151515151515,0.9570020321833418,0.8662068965517241,0.8284960422163589,0.820580474934037,0.8674101787856285,0.3221476510067114,0.2926829268292683,0.3170731707317073,6.5761878000012075,42,287148bfd01ac67b5192268c6c69cc4cc230c004bdfdf332285f38a3b43b08dd,c175815089a491399700d9c586c067665dd8b48251196512f77a0b7e2732d91c,34060e20ca6ca6de13d114a5b1b14cf4e1fd9ffccc3f7ec4453bb00d8b5646f1,0ada1189de1403a667e468969359955abe46f3aff7b7ffc2984a531adad38891
P1_a07,4,4;5;6;9,aVL;aVF;V1;V4,936,0.91891414698742,0.6927536231884058,0.7921348314606742,0.6926276674939522,0.701680058791842,binary;multiclass,0.9289177323916777,0.6333333333333333,0.7307692307692307,0.5384615384615384,0.9644473838918283,0.9,0.9,0.9111111111111111,0.9134378807530558,0.6809815950920245,0.6727272727272727,0.5757575757575758,0.9575562640038275,0.8784530386740331,0.8390501319261213,0.8179419525065963,0.8616124978579996,0.37037037037037035,0.36585365853658536,0.3048780487804878,6.5617622999998275,42,287148bfd01ac67b5192268c6c69cc4cc230c004bdfdf332285f38a3b43b08dd,c175815089a491399700d9c586c067665dd8b48251196512f77a0b7e2732d91c,34060e20ca6ca6de13d114a5b1b14cf4e1fd9ffccc3f7ec4453bb00d8b5646f1,4f40aabcdeeadcec6e32d032575d4098a9ad5dd285390351d4c9974987596feb
P1_a07,4,4;5;6;10,aVL;aVF;V1;V5,936,0.9176144584222272,0.6956521739130435,0.7864214992927864,0.6757795743507471,0.6844350878329899,binary;multiclass,0.9289940828402367,0.6274509803921569,0.7384615384615385,0.5307692307692308,0.9659391534391534,0.8975069252077562,0.9,0.9111111111111111,0.9119836497268402,0.654320987654321,0.6424242424242425,0.5878787878787879,0.9578025892573766,0.8684931506849315,0.8364116094986808,0.820580474934037,0.8652538984406237,0.33112582781456956,0.3048780487804878,0.3048780487804878,6.570740099999966,42,287148bfd01ac67b5192268c6c69cc4cc230c004bdfdf332285f38a3b43b08dd,c175815089a491399700d9c586c067665dd8b48251196512f77a0b7e2732d91c,34060e20ca6ca6de13d114a5b1b14cf4e1fd9ffccc3f7ec4453bb00d8b5646f1,73b39dda2646fa8303ef030d25b77baae4cf33d812fdcdfae3d1308c9194a74d
P1_a07,4,4;5;6;11,aVL;aVF;V1;V6,936,0.9155202432624635,0.6956521739130435,0.7926657263751763,0.6922675343188482,0.7018539291542703,binary;multiclass,0.9317331551822867,0.6516129032258065,0.7769230769230769,0.5384615384615384,0.9675558495002939,0.9,0.9,0.9055555555555556,0.9079982706441851,0.672782874617737,0.6666666666666666,0.6121212121212121,0.9580204923662856,0.8720770288858322,0.8364116094986808,0.8153034300791556,0.8675386988061918,0.36486486486486486,0.32926829268292684,0.3170731707317073,6.571103999998741,42,287148bfd01ac67b5192268c6c69cc4cc230c004bdfdf332285f38a3b43b08dd,c175815089a491399700d9c586c067665dd8b48251196512f77a0b7e2732d91c,34060e20ca6ca6de13d114a5b1b14cf4e1fd9ffccc3f7ec4453bb00d8b5646f1,6dc1308da6199af7fa323a85571d601fa111163acd3e61293214c1940f53ca16
P1_a07,4,4;5;7;8,aVL;aVF;V2;V3,936,0.9133377473699698,0.663768115942029,0.7871148459383753,0.6798968526716938,0.686950850238063,binary;multiclass,0.9296812368772667,0.6188925081433225,0.7307692307692307,0.5538461538461539,0.9661522633744857,0.8938547486033519,0.8888888888888888,0.9055555555555556,0.9042408521007743,0.6419753086419753,0.6303030303030303,0.5636363636363636,0.9549556377692405,0.860655737704918,0.8311345646437994,0.7968337730870713,0.8653252984520479,0.3841059602649007,0.35365853658536583,0.35365853658536583,6.570135400001163,42,287148bfd01ac67b5192268c6c69cc4cc230c004bdfdf332285f38a3b43b08dd,c175815089a491399700d9c586c067665dd8b48251196512f77a0b7e2732d91c,34060e20ca6ca6de13d114a5b1b14cf4e1fd9ffccc3f7ec4453bb00d8b5646f1,329b137a62e10029ca59cc1a3887a8ad5781e44d4ef246ee39e37660c2f6fd2d
P1_a07,4,4;5;7;9,aVL;aVF;V2;V4,936,0.9162608205203658,0.6840579710144927,0.788218793828892,0.6880299491254351,0.695619452731236,binary;multiclass,0.9294808169497996,0.625,0.7307692307692307,0.5846153846153846,0.9637125220458553,0.9025069637883009,0.9,0.9111111111111111,0.9087057343866682,0.660436137071651,0.6424242424242425,0.593939393939394,0.9558983055664771,0.8700410396716827,0.8390501319261213,0.820580474934037,0.860798537727766,0.3821656050955414,0.36585365853658536,0.32926829268292684,6.629292900001019,42,287148bfd01ac67b5192268c6c69cc4cc230c004bdfdf332285f38a3b43b08dd,c175815089a491399700d9c586c067665dd8b48251196512f77a0b7e2732d91c,34060e20ca6ca6de13d114a5b1b14cf4e1fd9ffccc3f7ec4453bb00d8b5646f1,c2631807129ca215d18a43e3701397b1ae3ce708a485024f34f30ddf3f15d728
P1_a07,4,4;5;7;10,aVL;aVF;V2;V5,936,0.9157115181833787,0.6898550724637681,0.7859154929577464,0.6828292428147235,0.6904323677552328,binary;multiclass,0.930272952853598,0.6225165562913907,0.7230769230769231,0.5846153846153846,0.9647633744855968,0.8938547486033519,0.8888888888888888,0.9111111111111111,0.9083913060566757,0.6604938271604939,0.6484848484848484,0.6,0.9552019630227898,0.8575342465753425,0.8258575197889182,0.8021108179419525,0.8654252584680413,0.379746835443038,0.36585365853658536,0.36585365853658536,6.585590800001228,42,287148bfd01ac67b5192268c6c69cc4cc230c004bdfdf332285f38a3b43b08dd,c175815089a491399700d9c586c067665dd8b48251196512f77a0b7e2732d91c,34060e20ca6ca6de13d114a5b1b14cf4e1fd9ffccc3f7ec4453bb00d8b5646f1,31920e199b02bd807101f9e1b14bc6f54cf446cd8bc024599e526100120f70c6
P1_a07,4,4;5;7;11,aVL;aVF;V2;V6,936,0.9146227224797077,0.6666666666666666,0.7859154929577464,0.683944620421034,0.6937835152527217,binary;multiclass,0.9326589043710632,0.643312101910828,0.7769230769230769,0.5846153846153846,0.9667254556143445,0.9019607843137255,0.8944444444444445,0.9111111111111111,0.9046889124710137,0.660436137071651,0.6424242424242425,0.5818181818181818,0.9555809249513271,0.8610729023383769,0.8258575197889182,0.8126649076517151,0.8675101388016222,0.35294117647058826,0.32926829268292684,0.32926829268292684,6.608544100003201,42,287148bfd01ac67b5192268c6c69cc4cc230c004bdfdf332285f38a3b43b08dd,c175815089a491399700d9c586c067665dd8b48251196512f77a0b7e2732d91c,34060e20ca6ca6de13d114a5b1b14cf4e1fd9ffccc3f7ec4453bb00d8b5646f1,cb64ae5869ee735dcb1a671aa6e67e54972b5ff0f549757a7f1116bd861ea229
P1_a07,4,4;5;8;9,aVL;aVF;V3;V4,936,0.9145344417469777,0.6695652173913044,0.7898448519040903,0.6827907776716721,0.6911854024660511,binary;multiclass,0.9288032067188394,0.6188925081433225,0.7307692307692307,0.5461538461538461,0.9635361552028219,0.8919667590027701,0.8944444444444445,0.9111111111111111,0.9086428487206698,0.6521739130434783,0.6363636363636364,0.5878787878787879,0.9543635097559011,0.8638239339752407,0.8284960422163589,0.8047493403693932,0.8626692180270749,0.3870967741935484,0.36585365853658536,0.32926829268292684,6.710074799997528,42,287148bfd01ac67b5192268c6c69cc4cc230c004bdfdf332285f38a3b43b08dd,c175815089a491399700d9c586c067665dd8b48251196512f77a0b7e2732d91c,34060e20ca6ca6de13d114a5b1b14cf4e1fd9ffccc3f7ec4453bb00d8b5646f1,9e7900396102d43d5b323de54cef596cab49ac09cef995a1ee69378674d04490
P1_a07,4,4;5;8;10,aVL;aVF;V3;V5,936,0.9150150812918414,0.6840579710144927,0.7876230661040787,0.6809270414871549,0.6900148574709357,binary;multiclass,0.9300057262836419,0.6274509803921569,0.7384615384615385,0.5769230769230769,0.9638668430335098,0.8913649025069638,0.8888888888888888,0.9111111111111111,0.9091695161734072,0.6584615384615384,0.6484848484848484,0.5636363636363636,0.954131395574672,0.8579310344827586,0.820580474934037,0.783641160949868,0.8659393385502941,0.36942675159235666,0.35365853658536583,0.36585365853658536,6.708815800000593,42,287148bfd01ac67b5192268c6c69cc4cc230c004bdfdf332285f38a3b43b08dd,c175815089a491399700d9c586c067665dd8b48251196512f77a0b7e2732d91c,34060e20ca6ca6de13d114a5b1b14cf4e1fd9ffccc3f7ec4453bb00d8b5646f1,40c248935c6eac5291abae3ba7d0de60ceacde01f8d12b772037e7812fa38020
P1_a07,4,4;5;8;11,aVL;aVF;V3;V6,936,0.9135388312611883,0.6695652173913044,0.7893258426966292,0.6713679198643352,0.6799324195836198,binary;multiclass,0.9301679709868296,0.6148867313915858,0.7307692307692307,0.6,0.9656893004115226,0.8938547486033519,0.8888888888888888,0.9111111111111111,0.905938765082734,0.6625766871165644,0.6545454545454545,0.5515151515151515,0.954202450936273,0.8543956043956044,0.820580474934037,0.7889182058047494,0.8678242988518878,0.33112582781456956,0.3048780487804878,0.3170731707317073,6.592008600000554,42,287148bfd01ac67b5192268c6c69cc4cc230c004bdfdf332285f38a3b43b08dd,c175815089a491399700d9c586c067665dd8b48251196512f77a0b7e2732d91c,34060e20ca6ca6de13d114a5b1b14cf4e1fd9ffccc3f7ec4453bb00d8b5646f1,7d2e4adf4c281ae34f93f7520c5477e1bc51577225430286539f868c01f59f3f
P1_a07,4,4;5;9;10,aVL;aVF;V4;V5,936,0.9160254052330856,0.6898550724637681,0.7837078651685393,0.6765978952232136,0.6837285711621254,binary;multiclass,0.9263218171406757,0.6220735785953178,0.7153846153846154,0.5461538461538461,0.962661669606114,0.8919667590027701,0.8944444444444445,0.9111111111111111,0.9111111111111112,0.6707692307692308,0.6606060606060606,0.5696969696969697,0.9515544544606187,0.8583106267029973,0.8311345646437994,0.8047493403693932,0.857442737190838,0.33986928104575165,0.3170731707317073,0.3170731707317073,6.58030940000026,42,287148bfd01ac67b5192268c6c69cc4cc230c004bdfdf332285f38a3b43b08dd,c175815089a491399700d9c586c067665dd8b48251196512f77a0b7e2732d91c,34060e20ca6ca6de13d114a5b1b14cf4e1fd9ffccc3f7ec4453bb00d8b5646f1,7bec136bd4df5421ae399b111947980bc01d9017c52cc3608dcaf148512d4393
P1_a07,4,4;5;9;11,aVL;aVF;V4;V6,936,0.9152799234900315,0.6840579710144927,0.7865168539325843,0.6882825834887452,0.696303869457869,binary;multiclass,0.9266272189349113,0.6397306397306397,0.7307692307692307,0.5846153846153846,0.9634185773074662,0.8925619834710744,0.9,0.9111111111111111,0.909515387336399,0.6584615384615384,0.6484848484848484,0.5636363636363636,0.9534303160068781,0.8684931506849315,0.8364116094986808,0.8100263852242744,0.858656537385046,0.3821656050955414,0.36585365853658536,0.2926829268292683,6.584662199999002,42,287148bfd01ac67b5192268c6c69cc4cc230c004bdfdf332285f38a3b43b08dd,c175815089a491399700d9c586c067665dd8b48251196512f77a0b7e2732d91c,34060e20ca6ca6de13d114a5b1b14cf4e1fd9ffccc3f7ec4453bb00d8b5646f1,be39c1b80383579a3751d0ffc03491b517f3a1972a72c50818763fcabcea17ee
P1_a07,4,4;5;10;11,aVL;aVF;V5;V6,936,0.9149022781333529,0.6869565217391305,0.7798036465638148,0.6746537205978621,0.6834132810579171,binary;multiclass,0.9275434243176178,0.6179401993355482,0.7153846153846154,0.5692307692307692,0.9638521457965903,0.8925619834710744,0.9,0.9111111111111111,0.9079432456864365,0.6666666666666666,0.6666666666666666,0.5878787878787879,0.9517155132802472,0.8539944903581267,0.8179419525065963,0.8073878627968337,0.8676957788313246,0.34210526315789475,0.3170731707317073,0.2926829268292683,6.565138100002514,42,287148bfd01ac67b5192268c6c69cc4cc230c004bdfdf332285f38a3b43b08dd,c175815089a491399700d9c586c067665dd8b48251196512f77a0b7e2732d91c,34060e20ca6ca6de13d114a5b1b14cf4e1fd9ffccc3f7ec4453bb00d8b5646f1,225f05af094160ad170822545f376e77ffb88d66eeac59be6c1c5496ebdf5574
P1_a07,4,4;6;7;8,aVL;V1;V2;V3,936,0.9040976973442213,0.6608695652173913,0.7735583684950773,0.6826964076871914,0.6888015696825788,binary;multiclass,0.9209963733536934,0.6033898305084746,0.6846153846153846,0.5230769230769231,0.9649764844209289,0.8969359331476323,0.8944444444444445,0.9222222222222223,0.888550878434147,0.6375,0.6181818181818182,0.5393939393939394,0.9606163815767658,0.8707482993197279,0.8443271767810027,0.8284960422163589,0.8730507796881247,0.4049079754601227,0.4024390243902439,0.36585365853658536,6.558184100002109,42,287148bfd01ac67b5192268c6c69cc4cc230c004bdfdf332285f38a3b43b08dd,c175815089a491399700d9c586c067665dd8b48251196512f77a0b7e2732d91c,34060e20ca6ca6de13d114a5b1b14cf4e1fd9ffccc3f7ec4453bb00d8b5646f1,2865b1a63ad68086a84e1d928eeb88c1d7be57658850dbe570018f326fcb403e
P1_a07,4,4;6;7;9,aVL;V1;V2;V4,936,0.9124304176169107,0.6782608695652174,0.7883008356545961,0.6889425961276858,0.696350387497823,binary;multiclass,0.9212826875357893,0.6179401993355482,0.7153846153846154,0.5,0.9637125220458553,0.8975069252077562,0.9,0.9166666666666666,0.9048539873442597,0.6585365853658537,0.6545454545454545,0.5878787878787879,0.9598205615268376,0.8681318681318682,0.8337730870712401,0.8126649076517151,0.860227337636374,0.4025974025974026,0.3780487804878049,0.35365853658536583,6.560483600002044,42,287148bfd01ac67b5192268c6c69cc4cc230c004bdfdf332285f38a3b43b08dd,c175815089a491399700d9c586c067665dd8b48251196512f77a0b7e2732d91c,34060e20ca6ca6de13d114a5b1b14cf4e1fd9ffccc3f7ec4453bb00d8b5646f1,10ac7f0cbacacb68783a943e1d439026d8f423580229a961772896d7316848fd
P1_a07,4,4;6;7;10,aVL;V1;V2;V5,936,0.9137889600039236,0.672463768115942,0.7887323943661971,0.6784360631625709,0.6858365609192559,binary;multiclass,0.9215499141057454,0.6064516129032258,0.7230769230769231,0.5384615384615384,0.9659318048206936,0.9106145251396648,0.9055555555555556,0.9222222222222223,0.9050426443422553,0.6332288401253918,0.6121212121212121,0.5878787878787879,0.9592094854170713,0.8782489740082079,0.8469656992084432,0.8284960422163589,0.8582709773233564,0.36363636363636365,0.34146341463414637,0.32926829268292684,6.552264999998442,42,287148bfd01ac67b5192268c6c69cc4cc230c004bdfdf332285f38a3b43b08dd,c175815089a491399700d9c586c067665dd8b48251196512f77a0b7e2732d91c,34060e20ca6ca6de13d114a5b1b14cf4e1fd9ffccc3f7ec4453bb00d8b5646f1,4383decfee3c104c4edd8d9b5c33e1ec601745a27a8a7720ad8652d450d17e38
P1_a07,4,4;6;7;11,aVL;V1;V2;V6,936,0.9130729051717796,0.663768115942029,0.788135593220339,0.6762698855582092,0.6845945697551336,binary;multiclass,0.9258064516129032,0.6070287539936102,0.7307692307692307,0.5384615384615384,0.9671149323927102,0.9030470914127424,0.9055555555555556,0.9166666666666666,0.9016704005030853,0.6222222222222222,0.593939393939394,0.5818181818181818,0.9599342501053988,0.8724279835390947,0.8390501319261213,0.8364116094986808,0.8606985777117724,0.37662337662337664,0.35365853658536583,0.35365853658536583,6.562567400000262,42,287148bfd01ac67b5192268c6c69cc4cc230c004bdfdf332285f38a3b43b08dd,c175815089a491399700d9c586c067665dd8b48251196512f77a0b7e2732d91c,34060e20ca6ca6de13d114a5b1b14cf4e1fd9ffccc3f7ec4453bb00d8b5646f1,cab7009ae967d6f35ebd55c84fe3a24bfda8c743d549bc2158a85d9bf7ac480b
P1_a07,4,4;6;8;9,aVL;V1;V3;V4,936,0.9093651143971162,0.6753623188405797,0.7843137254901961,0.6753735115208352,0.6826740657501967,binary;multiclass,0.9245657568238214,0.6058631921824105,0.7153846153846154,0.5384615384615384,0.9638962375073487,0.8950276243093923,0.9,0.9111111111111111,0.9031403529458004,0.6346153846153846,0.6,0.5393939393939394,0.9575657380520409,0.8719346049046321,0.8443271767810027,0.8179419525065963,0.8657536985205918,0.36942675159235666,0.35365853658536583,0.34146341463414637,6.545487800001865,42,287148bfd01ac67b5192268c6c69cc4cc230c004bdfdf332285f38a3b43b08dd,c175815089a491399700d9c586c067665dd8b48251196512f77a0b7e2732d91c,34060e20ca6ca6de13d114a5b1b14cf4e1fd9ffccc3f7ec4453bb00d8b5646f1,baeb0c24a2adf3e62d60504b148b954a856c6fa4881b4e7f92a9bcbecf93a877
P1_a07,4,4;6;8;10,aVL;V1;V3;V5,936,0.9124696534981241,0.6753623188405797,0.7830985915492957,0.6818083182640144,0.6907096678767958,binary;multiclass,0.9244130559267036,0.6217948717948718,0.7461538461538462,0.5769230769230769,0.9654688418577307,0.9,0.9,0.9166666666666666,0.906449711118972,0.6518987341772152,0.6242424242424243,0.5636363636363636,0.9575278418591873,0.8763736263736264,0.841688654353562,0.8311345646437994,0.8597418175586908,0.358974358974359,0.34146341463414637,0.32926829268292684,6.563329199998407,42,287148bfd01ac67b5192268c6c69cc4cc230c004bdfdf332285f38a3b43b08dd,c175815089a491399700d9c586c067665dd8b48251196512f77a0b7e2732d91c,34060e20ca6ca6de13d114a5b1b14cf4e1fd9ffccc3f7ec4453bb00d8b5646f1,b80ad37eec9b08f5e41aa01b431af39847f20fc41ebabfdc19bfcba6a541ba28
P1_a07,4,4;6;8;11,aVL;V1;V3;V6,936,0.9110816842002012,0.6753623188405797,0.7848101265822784,0.676138230616628,0.6870695724965625,binary;multiclass,0.9263695361710249,0.620253164556962,0.7538461538461538,0.5307692307692308,0.966791593180482,0.9005524861878453,0.9055555555555556,0.9111111111111111,0.9028180639075581,0.6415094339622641,0.6181818181818182,0.5575757575757576,0.958963160163522,0.8722222222222222,0.8284960422163589,0.8311345646437994,0.8631975781116125,0.34615384615384615,0.32926829268292684,0.32926829268292684,6.562954699998954,42,287148bfd01ac67b5192268c6c69cc4cc230c004bdfdf332285f38a3b43b08dd,c175815089a491399700d9c586c067665dd8b48251196512f77a0b7e2732d91c,34060e20ca6ca6de13d114a5b1b14cf4e1fd9ffccc3f7ec4453bb00d8b5646f1,4ae4e7805b7592b64de4655bb451f5f9629a62209eed0c950f5e1a388b269e83
P1_a07,4,4;6;9;10,aVL;V1;V4;V5,936,0.915603619510042,0.6869565217391305,0.7915492957746478,0.6828866654568156,0.6922481294152573,binary;multiclass,0.9228287841191067,0.6261980830670927,0.7538461538461538,0.5153846153846153,0.9641975308641973,0.9,0.9,0.9166666666666666,0.9110875289863617,0.653968253968254,0.6242424242424243,0.5696969696969697,0.9566609664476583,0.8775790921595599,0.841688654353562,0.8258575197889182,0.8543868167018907,0.35668789808917195,0.34146341463414637,0.3170731707317073,6.55929869999818,42,287148bfd01ac67b5192268c6c69cc4cc230c004bdfdf332285f38a3b43b08dd,c175815089a491399700d9c586c067665dd8b48251196512f77a0b7e2732d91c,34060e20ca6ca6de13d114a5b1b14cf4e1fd9ffccc3f7ec4453bb00d8b5646f1,4380514e0f21ac742b4f81d66cceb579c1af2cf2434c51724087f1fd8059c282
P1_a07,4,4;6;9;11,aVL;V1;V4;V6,936,0.9145932955687976,0.6782608695652174,0.7871148459383753,0.6865146102230321,0.6964678996772439,binary;multiclass,0.9245753006298912,0.632258064516129,0.7538461538461538,0.5230769230769231,0.9645723104056438,0.8980716253443526,0.9055555555555556,0.9166666666666666,0.909814094249892,0.6625,0.6424242424242425,0.5636363636363636,0.9588163124162139,0.8784530386740331,0.8390501319261213,0.8364116094986808,0.8579425372708059,0.36129032258064514,0.34146341463414637,0.34146341463414637,6.573541500001738,42,287148bfd01ac67b5192268c6c69cc4cc230c004bdfdf332285f38a3b43b08dd,c175815089a491399700d9c586c067665dd8b48251196512f77a0b7e2732d91c,34060e20ca6ca6de13d114a5b1b14cf4e1fd9ffccc3f7ec4453bb00d8b5646f1,8c02b9eebb212a83521750b33f8d3ed75b1a4620576cf072e7c0f37e2361f2c7
P1_a07,4,4;6;10;11,aVL;V1;V5;V6,936,0.9149317050442629,0.6666666666666666,0.7838214783821479,0.6813645155943682,0.6921292616472486,binary;multiclass,0.9257301011643444,0.6349206349206349,0.7692307692307693,0.5384615384615384,0.9656672545561436,0.8950276243093923,0.9,0.9111111111111111,0.9087686200526668,0.6666666666666666,0.6484848484848484,0.5818181818181818,0.9579873331975386,0.8658367911479945,0.8258575197889182,0.8364116094986808,0.8601130976180956,0.3443708609271523,0.3170731707317073,0.32926829268292684,6.568807699997706,42,287148bfd01ac67b5192268c6c69cc4cc230c004bdfdf332285f38a3b43b08dd,c175815089a491399700d9c586c067665dd8b48251196512f77a0b7e2732d91c,34060e20ca6ca6de13d114a5b1b14cf4e1fd9ffccc3f7ec4453bb00d8b5646f1,f48394b86867ad0d2cfb27cca445a6dc51be707dfd7ced56b3fd58e53a045db3
P1_a07,4,4;7;8;9,aVL;V2;V3;V4,936,0.9071482871085607,0.6492753623188405,0.7728531855955678,0.6738259683279474,0.6797249470252881,binary;multiclass,0.9217121588089331,0.6133333333333333,0.7076923076923077,0.49230769230769234,0.9644547325102879,0.898876404494382,0.8888888888888888,0.9166666666666666,0.897464921589435,0.6402439024390244,0.6363636363636364,0.5696969696969697,0.9545245685755295,0.8614130434782609,0.8364116094986808,0.8126649076517151,0.8610984177757468,0.35526315789473684,0.32926829268292684,0.35365853658536583,6.570903600000747,42,287148bfd01ac67b5192268c6c69cc4cc230c004bdfdf332285f38a3b43b08dd,c175815089a491399700d9c586c067665dd8b48251196512f77a0b7e2732d91c,34060e20ca6ca6de13d114a5b1b14cf4e1fd9ffccc3f7ec4453bb00d8b5646f1,4fed0e1e28b749145abceb88fb84c589be8b627e5440f4c69f8ff0458ce19193
P1_a07,4,4;7;8;10,aVL;V2;V3;V5,936,0.9101204051104735,0.6550724637681159,0.7832167832167832,0.6799128452132357,0.6884930440204268,binary;multiclass,0.9223802252338232,0.6143790849673203,0.7230769230769231,0.5692307692307692,0.9662845385067609,0.8913649025069638,0.8888888888888888,0.9111111111111111,0.9020005502495775,0.6483180428134556,0.6424242424242425,0.5333333333333333,0.9545150945273161,0.8480662983425414,0.8100263852242744,0.7810026385224275,0.8605557776889244,0.3974358974358974,0.3780487804878049,0.36585365853658536,6.582508499999676,42,287148bfd01ac67b5192268c6c69cc4cc230c004bdfdf332285f38a3b43b08dd,c175815089a491399700d9c586c067665dd8b48251196512f77a0b7e2732d91c,34060e20ca6ca6de13d114a5b1b14cf4e1fd9ffccc3f7ec4453bb00d8b5646f1,2055f1e18980ead82ebd6ebe1d1cd02571daf9797aba1812ad3fa3dd26609f56
P1_a07,4,4;7;8;11,aVL;V2;V3;V6,936,0.9071580960788642,0.6608695652173913,0.7842031029619182,0.6716818703204359,0.6809182485075399,binary;multiclass,0.9247184577209391,0.618421052631579,0.7230769230769231,0.5384615384615384,0.9670047031158142,0.8919667590027701,0.8944444444444445,0.9111111111111111,0.897897260543175,0.64,0.6303030303030303,0.5757575757575758,0.9547614197808654,0.8535911602209945,0.8153034300791556,0.7889182058047494,0.8630119380819101,0.35443037974683544,0.34146341463414637,0.35365853658536583,6.5620802999983425,42,287148bfd01ac67b5192268c6c69cc4cc230c004bdfdf332285f38a3b43b08dd,c175815089a491399700d9c586c067665dd8b48251196512f77a0b7e2732d91c,34060e20ca6ca6de13d114a5b1b14cf4e1fd9ffccc3f7ec4453bb00d8b5646f1,913b6470f1247f256bf9d0cea89a92d12e9f6ce7e912e54865293a6f1ff87ec6
P1_a07,4,4;7;9;10,aVL;V2;V4;V5,936,0.9116015596262783,0.6695652173913044,0.786013986013986,0.6890261658350431,0.6964067456808303,binary;multiclass,0.9222466119488452,0.6204620462046204,0.7230769230769231,0.5384615384615384,0.965138154027043,0.8969359331476323,0.8944444444444445,0.9111111111111111,0.9043037377667729,0.662613981762918,0.6606060606060606,0.5696969696969697,0.9539087554416564,0.8598901098901099,0.8258575197889182,0.7941952506596306,0.8557005769120923,0.40522875816993464,0.3780487804878049,0.32926829268292684,6.565697800000635,42,287148bfd01ac67b5192268c6c69cc4cc230c004bdfdf332285f38a3b43b08dd,c175815089a491399700d9c586c067665dd8b48251196512f77a0b7e2732d91c,34060e20ca6ca6de13d114a5b1b14cf4e1fd9ffccc3f7ec4453bb00d8b5646f1,35ac728df3cfb498fe54d6508a85e1040e55278a7c7c652c3cde4a0cbfd573b9
P1_a07,4,4;7;9;11,aVL;V2;V4;V6,936,0.9114887564677898,0.6695652173913044,0.7819971870604782,0.6812011174214732,0.6905268179275514,binary;multiclass,0.925214735636572,0.6254071661237784,0.7384615384615385,0.5230769230769231,0.9654394473838919,0.8975069252077562,0.9,0.9166666666666666,0.9046653303462642,0.6355140186915887,0.6181818181818182,0.5696969696969697,0.9543398246353675,0.8551724137931035,0.8179419525065963,0.783641160949868,0.8599131775861084,0.3924050632911392,0.3780487804878049,0.35365853658536583,6.559070499999507,42,287148bfd01ac67b5192268c6c69cc4cc230c004bdfdf332285f38a3b43b08dd,c175815089a491399700d9c586c067665dd8b48251196512f77a0b7e2732d91c,34060e20ca6ca6de13d114a5b1b14cf4e1fd9ffccc3f7ec4453bb00d8b5646f1,8dc0e439bcb641c92b7ec77d4e47ab7639ff4f2565d87651f87459abc1c6ac6b
P1_a07,4,4;7;10;11,aVL;V2;V5;V6,936,0.9111209200814144,0.6666666666666666,0.7870239774330042,0.6824953895020763,0.6895050106524462,binary;multiclass,0.9255487688490169,0.618421052631579,0.7230769230769231,0.5615384615384615,0.9651455026455026,0.8994413407821229,0.8944444444444445,0.9111111111111111,0.9036355775655386,0.6375,0.6181818181818182,0.5636363636363636,0.9539087554416564,0.8622100954979536,0.8337730870712401,0.7941952506596306,0.8621265779402525,0.39490445859872614,0.3780487804878049,0.3780487804878049,6.625185199998668,42,287148bfd01ac67b5192268c6c69cc4cc230c004bdfdf332285f38a3b43b08dd,c175815089a491399700d9c586c067665dd8b48251196512f77a0b7e2732d91c,34060e20ca6ca6de13d114a5b1b14cf4e1fd9ffccc3f7ec4453bb00d8b5646f1,a15083a9ba71ee6c516a3b8056ab79f473c18e1f2678653ce426e2d9385edace
P1_a07,4,4;8;9;10,aVL;V3;V4;V5,936,0.9094092547634813,0.6492753623188405,0.7785613540197461,0.6676599521610783,0.6764971140864054,binary;multiclass,0.9236304638289751,0.6109324758842444,0.7307692307692307,0.5307692307692308,0.963991769547325,0.8913649025069638,0.8888888888888888,0.9166666666666666,0.9017254254608341,0.6269592476489029,0.6060606060606061,0.5454545454545454,0.9504602018919674,0.8500687757909215,0.8153034300791556,0.8047493403693932,0.8565716570514652,0.358974358974359,0.34146341463414637,0.3048780487804878,6.640364900002169,42,287148bfd01ac67b5192268c6c69cc4cc230c004bdfdf332285f38a3b43b08dd,c175815089a491399700d9c586c067665dd8b48251196512f77a0b7e2732d91c,34060e20ca6ca6de13d114a5b1b14cf4e1fd9ffccc3f7ec4453bb00d8b5646f1,3bdb84602b590fc6a1a2dd9a99b50e961e1d481fcf7ad17186615e3969916cb3
P1_a07,4,4;8;9;11,aVL;V3;V4;V6,936,0.9080163809804066,0.6492753623188405,0.7785613540197461,0.6724121922205735,0.6819047334743324,binary;multiclass,0.9253960679518991,0.6123778501628665,0.7230769230769231,0.5538461538461539,0.9648515579071135,0.8864265927977839,0.8888888888888888,0.9111111111111111,0.8988012419919036,0.6292834890965732,0.6121212121212121,0.5393939393939394,0.9516444579186464,0.8464730290456431,0.8073878627968337,0.7994722955145118,0.8605414976866396,0.3875,0.3780487804878049,0.34146341463414637,6.6278079000003345,42,287148bfd01ac67b5192268c6c69cc4cc230c004bdfdf332285f38a3b43b08dd,c175815089a491399700d9c586c067665dd8b48251196512f77a0b7e2732d91c,34060e20ca6ca6de13d114a5b1b14cf4e1fd9ffccc3f7ec4453bb00d8b5646f1,d7987a1cc0d2d67b8b20c46da52c43deaddf6dac8c9702d509617245a6dc306d
P1_a07,4,4;8;10;11,aVL;V3;V5;V6,936,0.9083253635449619,0.6579710144927536,0.7853107344632768,0.6782126881132302,0.688144151720315,binary;multiclass,0.9258541706432526,0.6178343949044586,0.7461538461538462,0.5769230769230769,0.9646972369194591,0.8919667590027701,0.8944444444444445,0.9111111111111111,0.9004362693078646,0.64375,0.6242424242424243,0.5575757575757576,0.9510618039535204,0.850415512465374,0.8100263852242744,0.7757255936675461,0.8623122179699548,0.3870967741935484,0.36585365853658536,0.32926829268292684,6.627022399999987,42,287148bfd01ac67b5192268c6c69cc4cc230c004bdfdf332285f38a3b43b08dd,c175815089a491399700d9c586c067665dd8b48251196512f77a0b7e2732d91c,34060e20ca6ca6de13d114a5b1b14cf4e1fd9ffccc3f7ec4453bb00d8b5646f1,ab80ac51104b492a1c26aa32d92aa03fe532e78c089788276a47409f5a69b229
P1_a07,4,4;9;10;11,aVL;V4;V5;V6,936,0.911709458299615,0.6347826086956522,0.7880512091038406,0.6724925818893459,0.679199108661751,binary;multiclass,0.9231532735254819,0.6066666666666667,0.7,0.5307692307692308,0.9636096413874192,0.8888888888888888,0.8888888888888888,0.9111111111111111,0.9041150807687772,0.654320987654321,0.6424242424242425,0.5575757575757576,0.9491006759733399,0.8512960436562074,0.8232189973614775,0.7915567282321899,0.853715656594505,0.36129032258064514,0.34146341463414637,0.32926829268292684,6.646708899999794,42,287148bfd01ac67b5192268c6c69cc4cc230c004bdfdf332285f38a3b43b08dd,c175815089a491399700d9c586c067665dd8b48251196512f77a0b7e2732d91c,34060e20ca6ca6de13d114a5b1b14cf4e1fd9ffccc3f7ec4453bb00d8b5646f1,fea3d7609b9f2f45be8354ba76c5e2c5c4b36db79cbaa1866e3fdc55100bb0fd
P1_a07,4,5;6;7;8,aVF;V1;V2;V3,936,0.9111454425071729,0.6840579710144927,0.7791842475386779,0.6806378526067892,0.688945876113004,binary;multiclass,0.926369536171025,0.6229508196721312,0.7307692307692307,0.5692307692307692,0.9660640799529688,0.8944444444444445,0.8944444444444445,0.9111111111111111,0.8993986558188893,0.6422018348623854,0.6363636363636364,0.5454545454545454,0.9612653538793858,0.8775790921595599,0.841688654353562,0.8337730870712401,0.8766207802593249,0.3660130718954248,0.34146341463414637,0.36585365853658536,6.5915576000006695,42,287148bfd01ac67b5192268c6c69cc4cc230c004bdfdf332285f38a3b43b08dd,c175815089a491399700d9c586c067665dd8b48251196512f77a0b7e2732d91c,34060e20ca6ca6de13d114a5b1b14cf4e1fd9ffccc3f7ec4453bb00d8b5646f1,ea33ed6ef2c5d102f50c495ad8535a5b30701ce4f4bc6c39aadd5243c5c771ef
P1_a07,4,5;6;7;9,aVF;V1;V2;V4,936,0.9162755339758208,0.6782608695652174,0.7894002789400278,0.6798091731114462,0.6884015235395633,binary;multiclass,0.9265794999045619,0.6274509803921569,0.7384615384615385,0.5461538461538461,0.9634259259259259,0.9019607843137255,0.8944444444444445,0.9111111111111111,0.9059309043744842,0.6483180428134556,0.6424242424242425,0.5696969696969697,0.9604884819258845,0.8858321870701513,0.8496042216358839,0.8522427440633246,0.868095618895299,0.33548387096774196,0.3170731707317073,0.34146341463414637,6.60343759999887,42,287148bfd01ac67b5192268c6c69cc4cc230c004bdfdf332285f38a3b43b08dd,c175815089a491399700d9c586c067665dd8b48251196512f77a0b7e2732d91c,34060e20ca6ca6de13d114a5b1b14cf4e1fd9ffccc3f7ec4453bb00d8b5646f1,e1c8b604fa6cc42f0f55735d0ad97dee9a32efb49849c300a97904a41932ebd8
P1_a07,4,5;6;7;10,aVF;V1;V2;V5,936,0.9170161112337233,0.7014492753623188,0.7903682719546742,0.6794783564055265,0.6862642173666049,binary;multiclass,0.9275338805115481,0.618421052631579,0.7230769230769231,0.5538461538461539,0.9646384479717814,0.907563025210084,0.9,0.9111111111111111,0.9075580709821957,0.656441717791411,0.6484848484848484,0.5575757575757576,0.9598205615268375,0.8816326530612245,0.8548812664907651,0.8390501319261213,0.8678528588564574,0.3333333333333333,0.3048780487804878,0.3170731707317073,6.621198299999378,42,287148bfd01ac67b5192268c6c69cc4cc230c004bdfdf332285f38a3b43b08dd,c175815089a491399700d9c586c067665dd8b48251196512f77a0b7e2732d91c,34060e20ca6ca6de13d114a5b1b14cf4e1fd9ffccc3f7ec4453bb00d8b5646f1,e3f7560fa7df11e69b5ca2230844a716a8ef5c568de4877964e2bf0fdae685a8
P1_a07,4,5;6;7;11,aVF;V1;V2;V6,936,0.9160155962627823,0.672463768115942,0.7859154929577464,0.6847435640585486,0.6928318420608786,binary;multiclass,0.9306260736781828,0.6217948717948718,0.7461538461538462,0.5769230769230769,0.9666960611405055,0.9106145251396648,0.9055555555555556,0.9111111111111111,0.9045788625555161,0.6646341463414634,0.6606060606060606,0.5757575757575758,0.9604174265642839,0.8794520547945206,0.8469656992084432,0.8496042216358839,0.8684811789569887,0.3472222222222222,0.3048780487804878,0.34146341463414637,6.624659299999621,42,287148bfd01ac67b5192268c6c69cc4cc230c004bdfdf332285f38a3b43b08dd,c175815089a491399700d9c586c067665dd8b48251196512f77a0b7e2732d91c,34060e20ca6ca6de13d114a5b1b14cf4e1fd9ffccc3f7ec4453bb00d8b5646f1,09243d96e0f087a167c86fe0c0af7fddc5f6eb69f20387b2db830b2b72c5a489
P1_a07,4,5;6;8;9,aVF;V1;V3;V4,936,0.9127001643002527,0.6956521739130435,0.7830985915492957,0.6840857806908877,0.6921065051601122,binary;multiclass,0.9269039893109372,0.6402640264026402,0.7461538461538462,0.5384615384615384,0.9638962375073485,0.9025069637883009,0.9,0.9111111111111111,0.9055614510867428,0.6503067484662577,0.6424242424242425,0.5575757575757576,0.959763717237557,0.8852459016393442,0.8548812664907651,0.8548812664907651,0.8692094590735134,0.34210526315789475,0.3170731707317073,0.32926829268292684,6.597435300001962,42,287148bfd01ac67b5192268c6c69cc4cc230c004bdfdf332285f38a3b43b08dd,c175815089a491399700d9c586c067665dd8b48251196512f77a0b7e2732d91c,34060e20ca6ca6de13d114a5b1b14cf4e1fd9ffccc3f7ec4453bb00d8b5646f1,c54d028e4abb484a2fa2f15d0084961e0ed82ef0bbe2590e2504173787cd24d7
P1_a07,4,5;6;8;10,aVF;V1;V3;V5,936,0.9146864807866796,0.6985507246376812,0.7815126050420168,0.6829195907630923,0.6899005810029685,binary;multiclass,0.9280874212635998,0.618421052631579,0.7230769230769231,0.5461538461538461,0.9648148148148148,0.9101123595505618,0.9,0.9111111111111111,0.9088550878434147,0.668693009118541,0.6666666666666666,0.5454545454545454,0.9589394750429885,0.8840381991814461,0.8548812664907651,0.841688654353562,0.8657965385274461,0.3333333333333333,0.3048780487804878,0.3048780487804878,6.594401000002108,42,287148bfd01ac67b5192268c6c69cc4cc230c004bdfdf332285f38a3b43b08dd,c175815089a491399700d9c586c067665dd8b48251196512f77a0b7e2732d91c,34060e20ca6ca6de13d114a5b1b14cf4e1fd9ffccc3f7ec4453bb00d8b5646f1,50c04ce2c280a7f3a228bed3659b8bb3efec46a78e630bece76051653c42acc2
P1_a07,4,5;6;8;11,aVF;V1;V3;V6,936,0.9139802349248387,0.663768115942029,0.7849162011173184,0.6799643120132846,0.686995152133192,binary;multiclass,0.9300152700897117,0.6133333333333333,0.7076923076923077,0.5615384615384615,0.9665343915343915,0.9050279329608939,0.9,0.9111111111111111,0.9074873246079472,0.6606060606060606,0.6606060606060606,0.5515151515151515,0.9592047483929645,0.8809849521203831,0.8496042216358839,0.8364116094986808,0.8697806591649054,0.33986928104575165,0.3170731707317073,0.2926829268292683,6.597860699999728,42,287148bfd01ac67b5192268c6c69cc4cc230c004bdfdf332285f38a3b43b08dd,c175815089a491399700d9c586c067665dd8b48251196512f77a0b7e2732d91c,34060e20ca6ca6de13d114a5b1b14cf4e1fd9ffccc3f7ec4453bb00d8b5646f1,c3639d444eab4dff44d8efd3fd9b2bd2bb7687604ef273a708fb98225221d6b9
P1_a07,4,5;6;9;10,aVF;V1;V4;V5,936,0.9169131170455381,0.7072463768115942,0.7914893617021277,0.6675100449186271,0.6762938398024311,binary;multiclass,0.9267322008016797,0.618421052631579,0.7230769230769231,0.5461538461538461,0.9631687242798355,0.9050279329608939,0.9,0.9111111111111111,0.9111111111111111,0.662613981762918,0.6606060606060606,0.5515151515151515,0.9577031117511356,0.8751714677640604,0.841688654353562,0.8179419525065963,0.8593705374992859,0.27631578947368424,0.25609756097560976,0.2682926829268293,6.5992998000001535,42,287148bfd01ac67b5192268c6c69cc4cc230c004bdfdf332285f38a3b43b08dd,c175815089a491399700d9c586c067665dd8b48251196512f77a0b7e2732d91c,34060e20ca6ca6de13d114a5b1b14cf4e1fd9ffccc3f7ec4453bb00d8b5646f1,b552cf1632fdfa2681263577ac3fbfeaab72506ba40a54a731f02b96eb653273
P1_a07,4,5;6;9;11,aVF;V1;V4;V6,936,0.9165109492631013,0.6985507246376812,0.7849162011173184,0.6712584521003349,0.6811662907170983,binary;multiclass,0.9289177323916777,0.631578947368421,0.7384615384615385,0.5307692307692308,0.9635655496766609,0.9080779944289693,0.9055555555555556,0.9111111111111111,0.9108045434893683,0.6666666666666666,0.6666666666666666,0.5696969696969697,0.9588021013438937,0.8772413793103448,0.8390501319261213,0.8311345646437994,0.8625549780087964,0.2727272727272727,0.25609756097560976,0.24390243902439024,6.602374000001873,42,287148bfd01ac67b5192268c6c69cc4cc230c004bdfdf332285f38a3b43b08dd,c175815089a491399700d9c586c067665dd8b48251196512f77a0b7e2732d91c,34060e20ca6ca6de13d114a5b1b14cf4e1fd9ffccc3f7ec4453bb00d8b5646f1,b6e3830ddb8013a0a3e506220ef8ab0fc1013e3e91bb1947f2ea178b2144ce7a
P1_a07,4,5;6;10;11,aVF;V1;V5;V6,936,0.9156281419358002,0.6840579710144927,0.7843137254901961,0.6746422254712561,0.6836351850593436,binary;multiclass,0.9293949226951709,0.6229508196721312,0.7307692307692307,0.5384615384615384,0.9655349794238682,0.9080779944289693,0.9055555555555556,0.9111111111111111,0.9096568800848956,0.6808510638297872,0.6787878787878788,0.593939393939394,0.9587405200305064,0.8794520547945206,0.8469656992084432,0.8284960422163589,0.8665962186553949,0.28187919463087246,0.25609756097560976,0.25609756097560976,6.615555100001075,42,287148bfd01ac67b5192268c6c69cc4cc230c004bdfdf332285f38a3b43b08dd,c175815089a491399700d9c586c067665dd8b48251196512f77a0b7e2732d91c,34060e20ca6ca6de13d114a5b1b14cf4e1fd9ffccc3f7ec4453bb00d8b5646f1,e8d7686496662bb6602b9c92fdd29d4ed8fc1cbfd44d480821679747cd983dec
P1_a07,4,5;7;8;9,aVF;V2;V3;V4,936,0.9118614973393169,0.672463768115942,0.7838214783821479,0.6828106744970044,0.6897386209188769,binary;multiclass,0.9252433670547815,0.6468646864686468,0.7538461538461538,0.5384615384615384,0.9657113462669019,0.9044943820224719,0.8944444444444445,0.9111111111111111,0.9005227370986127,0.6402439024390244,0.6363636363636364,0.5515151515151515,0.9566704404958716,0.8710990502035278,0.8469656992084432,0.8232189973614775,0.8649111783857886,0.35135135135135137,0.3170731707317073,0.32926829268292684,6.6025792000000365,42,287148bfd01ac67b5192268c6c69cc4cc230c004bdfdf332285f38a3b43b08dd,c175815089a491399700d9c586c067665dd8b48251196512f77a0b7e2732d91c,34060e20ca6ca6de13d114a5b1b14cf4e1fd9ffccc3f7ec4453bb00d8b5646f1,e2a774d59afca3e8a3e2eb5b7f67ef004f59de1961a49c50ea40152db3c62fe4
P1_a07,4,5;7;8;10,aVF;V2;V3;V5,936,0.9140636111724173,0.6753623188405797,0.7909604519774012,0.6823915381449865,0.6888772581288187,binary;multiclass,0.9277056690208054,0.6287625418060201,0.7230769230769231,0.5461538461538461,0.966328630217519,0.898876404494382,0.8888888888888888,0.9111111111111111,0.9056086153362417,0.6545454545454545,0.6545454545454545,0.5696969696969697,0.9559267277111173,0.8637602179836512,0.8364116094986808,0.7994722955145118,0.8653681384589021,0.3660130718954248,0.34146341463414637,0.3170731707317073,6.617261999999755,42,287148bfd01ac67b5192268c6c69cc4cc230c004bdfdf332285f38a3b43b08dd,c175815089a491399700d9c586c067665dd8b48251196512f77a0b7e2732d91c,34060e20ca6ca6de13d114a5b1b14cf4e1fd9ffccc3f7ec4453bb00d8b5646f1,30f75d28031141248a41c5ad143ba08446dc7045d8437e2146b9043681a63c9b
P1_a07,4,5;7;8;11,aVF;V2;V3;V6,936,0.9128129674587409,0.6753623188405797,0.7988748241912799,0.6725282801394618,0.680985962432645,binary;multiclass,0.9286218744035122,0.6254071661237784,0.7384615384615385,0.5461538461538461,0.9671957671957673,0.898876404494382,0.8888888888888888,0.9111111111111111,0.9040679165192783,0.6465256797583081,0.6484848484848484,0.5515151515151515,0.9565709629896306,0.869684499314129,0.8364116094986808,0.8073878627968337,0.8676243788199006,0.3221476510067114,0.2926829268292683,0.3048780487804878,6.626147100003436,42,287148bfd01ac67b5192268c6c69cc4cc230c004bdfdf332285f38a3b43b08dd,c175815089a491399700d9c586c067665dd8b48251196512f77a0b7e2732d91c,34060e20ca6ca6de13d114a5b1b14cf4e1fd9ffccc3f7ec4453bb00d8b5646f1,658cd93830c2c9dde756a789a16882ac97f97da0363665521dd070e01fdf8afe
P1_a07,4,5;7;9;10,aVF;V2;V4;V5,936,0.9155496701733735,0.7072463768115942,0.7926657263751763,0.6816907323850823,0.6899975533401108,binary;multiclass,0.9286218744035121,0.6336633663366337,0.7384615384615385,0.5615384615384615,0.9634479717813051,0.9050279329608939,0.9,0.9111111111111111,0.9077388672719412,0.654434250764526,0.6484848484848484,0.593939393939394,0.9552114370710033,0.8669410150891632,0.8337730870712401,0.8073878627968337,0.8615982178557149,0.34838709677419355,0.32926829268292684,0.34146341463414637,6.6158743999985745,42,287148bfd01ac67b5192268c6c69cc4cc230c004bdfdf332285f38a3b43b08dd,c175815089a491399700d9c586c067665dd8b48251196512f77a0b7e2732d91c,34060e20ca6ca6de13d114a5b1b14cf4e1fd9ffccc3f7ec4453bb00d8b5646f1,ffc8fd7aabe300924cae6b193464f58c8df9f74d1ff61f1a41730788a4f69645
P1_a07,4,5;7;9;11,aVF;V2;V4;V6,936,0.9154908163515535,0.6927536231884058,0.7875354107648725,0.6819712419616704,0.6899418511999759,binary;multiclass,0.9308455812177895,0.631578947368421,0.7384615384615385,0.5538461538461539,0.9639697236919459,0.9019607843137255,0.8944444444444445,0.9111111111111111,0.9079904099359352,0.654434250764526,0.6484848484848484,0.5818181818181818,0.9561967380852,0.8712328767123287,0.8390501319261213,0.820580474934037,0.8650111384017821,0.35064935064935066,0.32926829268292684,0.3170731707317073,6.639867400001094,42,287148bfd01ac67b5192268c6c69cc4cc230c004bdfdf332285f38a3b43b08dd,c175815089a491399700d9c586c067665dd8b48251196512f77a0b7e2732d91c,34060e20ca6ca6de13d114a5b1b14cf4e1fd9ffccc3f7ec4453bb00d8b5646f1,cca903c11619900fb49f0c77a2c4148b9c58bde7ac5127f31096a0175943956e
P1_a07,4,5;7;10;11,aVF;V2;V5;V6,936,0.9151131709948748,0.6985507246376812,0.7932489451476793,0.6858055545288888,0.6942699495412025,binary;multiclass,0.9312177896545143,0.6491803278688525,0.7615384615384615,0.5692307692307692,0.9643371546149325,0.907563025210084,0.9,0.9111111111111111,0.9076445387729436,0.6646341463414634,0.6606060606060606,0.5696969696969697,0.9563246377360815,0.8743169398907104,0.8443271767810027,0.8073878627968337,0.8658393785343006,0.3333333333333333,0.3048780487804878,0.34146341463414637,6.621377199997369,42,287148bfd01ac67b5192268c6c69cc4cc230c004bdfdf332285f38a3b43b08dd,c175815089a491399700d9c586c067665dd8b48251196512f77a0b7e2732d91c,34060e20ca6ca6de13d114a5b1b14cf4e1fd9ffccc3f7ec4453bb00d8b5646f1,d99194002583f73d402d1d34b922bc75c063eb958ec372fd73c643816ddb0c77
P1_a07,4,5;8;9;10,aVF;V3;V4;V5,936,0.9123274234287255,0.6811594202898551,0.7798036465638148,0.6713525764494895,0.680047555607759,binary;multiclass,0.9253483489215498,0.6204620462046204,0.7230769230769231,0.5461538461538461,0.9631907701352145,0.8969359331476323,0.8944444444444445,0.9111111111111111,0.9050033408010062,0.6443768996960486,0.6424242424242425,0.5757575757575758,0.9518244648347016,0.859504132231405,0.8232189973614775,0.7915567282321899,0.8601702176272348,0.33548387096774196,0.3170731707317073,0.34146341463414637,6.632510999999795,42,287148bfd01ac67b5192268c6c69cc4cc230c004bdfdf332285f38a3b43b08dd,c175815089a491399700d9c586c067665dd8b48251196512f77a0b7e2732d91c,34060e20ca6ca6de13d114a5b1b14cf4e1fd9ffccc3f7ec4453bb00d8b5646f1,96c2e5221e208bac0d303d2e7b34a24f36576eaff7b39eccd8e8231c50816daa
P1_a07,4,5;8;9;11,aVF;V3;V4;V6,936,0.9117634076362834,0.6840579710144927,0.7837078651685393,0.6733240189265939,0.6815303150060856,binary;multiclass,0.9280015270089713,0.6291390728476821,0.7307692307692307,0.5384615384615384,0.9638374485596708,0.898876404494382,0.8888888888888888,0.9111111111111111,0.9045002554730182,0.6404833836858006,0.6424242424242425,0.5636363636363636,0.9539798108032572,0.8626373626373627,0.8284960422163589,0.8047493403693932,0.8651967784314845,0.33548387096774196,0.3170731707317073,0.32926829268292684,6.6292420999998285,42,287148bfd01ac67b5192268c6c69cc4cc230c004bdfdf332285f38a3b43b08dd,c175815089a491399700d9c586c067665dd8b48251196512f77a0b7e2732d91c,34060e20ca6ca6de13d114a5b1b14cf4e1fd9ffccc3f7ec4453bb00d8b5646f1,d6dba4dd0c6bb7683187e51f8f4371399c28220c815ded4d351068aab187e226
P1_a07,4,5;8;10;11,aVF;V3;V5;V6,936,0.9131955173005715,0.6898550724637681,0.7892503536067893,0.6761329322948982,0.6846389741569612,binary;multiclass,0.9288795571673983,0.6291390728476821,0.7307692307692307,0.5230769230769231,0.9642269253380363,0.896358543417367,0.8888888888888888,0.9111111111111111,0.9063318004952247,0.6586102719033232,0.6606060606060606,0.5818181818181818,0.9538140149595222,0.8610729023383769,0.8258575197889182,0.8073878627968337,0.8666390586622494,0.33548387096774196,0.3170731707317073,0.34146341463414637,6.629212700001517,42,287148bfd01ac67b5192268c6c69cc4cc230c004bdfdf332285f38a3b43b08dd,c175815089a491399700d9c586c067665dd8b48251196512f77a0b7e2732d91c,34060e20ca6ca6de13d114a5b1b14cf4e1fd9ffccc3f7ec4453bb00d8b5646f1,27b48bafa8423e4634474b38e10d304550628e8bb10459f9ddcb8b91d1a3a966
P1_a07,4,5;9;10;11,aVF;V4;V5;V6,936,0.9141469874199957,0.6666666666666666,0.7824858757062146,0.6662456556957166,0.6754338911047837,binary;multiclass,0.927323916778011,0.631578947368421,0.7384615384615385,0.5153846153846153,0.9623456790123457,0.9030470914127424,0.9055555555555556,0.9111111111111111,0.9069999606964587,0.6441717791411042,0.6363636363636364,0.5575757575757576,0.9513270773034964,0.8590971272229823,0.8284960422163589,0.8100263852242744,0.8584280573484891,0.29333333333333333,0.2682926829268293,0.3048780487804878,6.602889800000412,42,287148bfd01ac67b5192268c6c69cc4cc230c004bdfdf332285f38a3b43b08dd,c175815089a491399700d9c586c067665dd8b48251196512f77a0b7e2732d91c,34060e20ca6ca6de13d114a5b1b14cf4e1fd9ffccc3f7ec4453bb00d8b5646f1,4ca71ed62b9c3732eb68630374c0e4e923e21e53d0b13ddf21bedd1f78a9c271
P1_a07,4,6;7;8;9,V1;V2;V3;V4,936,0.9127835405478311,0.6869565217391305,0.7922437673130194,0.6789417898986678,0.6874018167087219,binary;multiclass,0.9245371254056117,0.6153846153846154,0.7384615384615385,0.49230769230769234,0.9622134038800706,0.907563025210084,0.9,0.9166666666666666,0.9047675195535119,0.6443768996960486,0.6424242424242425,0.5818181818181818,0.9587452570546131,0.8760330578512396,0.8390501319261213,0.8443271767810027,0.8571714171474267,0.35135135135135137,0.3170731707317073,0.3048780487804878,6.608885699999519,42,287148bfd01ac67b5192268c6c69cc4cc230c004bdfdf332285f38a3b43b08dd,c175815089a491399700d9c586c067665dd8b48251196512f77a0b7e2732d91c,34060e20ca6ca6de13d114a5b1b14cf4e1fd9ffccc3f7ec4453bb00d8b5646f1,6e85e2cc585c3d63768d728da4d73b1885ef7dfb5c9b158842fdacccb07c67f1
P1_a07,4,6;7;8;10,V1;V2;V3;V5,936,0.9159567424409624,0.6869565217391305,0.8039492242595204,0.6737165731762753,0.682967766443537,binary;multiclass,0.925138385188013,0.6018808777429467,0.7384615384615385,0.5307692307692308,0.9641975308641975,0.9044943820224719,0.8944444444444445,0.9222222222222223,0.9090673269661596,0.6422018348623854,0.6363636363636364,0.5757575757575758,0.9587405200305064,0.871012482662968,0.8284960422163589,0.8364116094986808,0.8580567772890844,0.348993288590604,0.3170731707317073,0.2926829268292683,6.605232800000522,42,287148bfd01ac67b5192268c6c69cc4cc230c004bdfdf332285f38a3b43b08dd,c175815089a491399700d9c586c067665dd8b48251196512f77a0b7e2732d91c,34060e20ca6ca6de13d114a5b1b14cf4e1fd9ffccc3f7ec4453bb00d8b5646f1,8d5776b9de2d3933f619d6dac95a7845697e05804a9f2f20fc460aedb1851be3
P1_a07,4,6;7;8;11,V1;V2;V3;V6,936,0.9143578802815175,0.6753623188405797,0.8022284122562674,0.6801458948678658,0.6899683394309818,binary;multiclass,0.9271330406566138,0.6105919003115264,0.7538461538461538,0.5307692307692308,0.9648515579071134,0.898876404494382,0.8888888888888888,0.9222222222222223,0.9060881185394805,0.6463414634146342,0.6424242424242425,0.5757575757575758,0.9604269006124972,0.8690807799442897,0.8232189973614775,0.841688654353562,0.8596132975381275,0.37583892617449666,0.34146341463414637,0.32926829268292684,6.5899762000008195,42,287148bfd01ac67b5192268c6c69cc4cc230c004bdfdf332285f38a3b43b08dd,c175815089a491399700d9c586c067665dd8b48251196512f77a0b7e2732d91c,34060e20ca6ca6de13d114a5b1b14cf4e1fd9ffccc3f7ec4453bb00d8b5646f1,a9628e86696a2757565542749c9a94d82f771378e8ffa354760a7675fe64f1d1
P1_a07,4,6;7;9;10,V1;V2;V4;V5,936,0.9147600480639545,0.6985507246376812,0.8022440392706872,0.667861963166212,0.67797458163891,binary;multiclass,0.9228860469555259,0.61198738170347,0.7461538461538462,0.5076923076923077,0.9631540270429159,0.898876404494382,0.8888888888888888,0.9166666666666666,0.9097197657508942,0.6484848484848484,0.6484848484848484,0.5818181818181818,0.956533066796777,0.8670360110803325,0.8258575197889182,0.8311345646437994,0.8496315759410521,0.3129251700680272,0.2804878048780488,0.2926829268292683,6.636995299999398,42,287148bfd01ac67b5192268c6c69cc4cc230c004bdfdf332285f38a3b43b08dd,c175815089a491399700d9c586c067665dd8b48251196512f77a0b7e2732d91c,34060e20ca6ca6de13d114a5b1b14cf4e1fd9ffccc3f7ec4453bb00d8b5646f1,d1f45d4aee11aaaf40fb8a79a4bb759ec6f08524ea5892799f46af09a8135ceb
P1_a07,4,6;7;9;11,V1;V2;V4;V6,936,0.9159322200152038,0.6782608695652174,0.806136680613668,0.6738189021615503,0.6835272070029776,binary;multiclass,0.9250429471273143,0.6025641025641025,0.7230769230769231,0.5230769230769231,0.963668430335097,0.8994413407821229,0.8944444444444445,0.9222222222222223,0.9104508116181268,0.6525679758308157,0.6545454545454545,0.6060606060606061,0.9589963193322691,0.8746518105849582,0.8284960422163589,0.8469656992084432,0.8528731364597018,0.33986928104575165,0.3170731707317073,0.3048780487804878,6.608258600001136,42,287148bfd01ac67b5192268c6c69cc4cc230c004bdfdf332285f38a3b43b08dd,c175815089a491399700d9c586c067665dd8b48251196512f77a0b7e2732d91c,34060e20ca6ca6de13d114a5b1b14cf4e1fd9ffccc3f7ec4453bb00d8b5646f1,bcd0883409bd42f84c1961d591c054bb2143734a80d4f4878d11f22dfbd34352
P1_a07,4,6;7;10;11,V1;V2;V5;V6,936,0.9157752764903504,0.672463768115942,0.7977839335180056,0.6748502280574014,0.6834249868228889,binary;multiclass,0.9253197175033403,0.5981308411214953,0.7384615384615385,0.5307692307692308,0.9651234567901235,0.903954802259887,0.8888888888888888,0.9111111111111111,0.9084070274731754,0.6407185628742516,0.6484848484848484,0.5696969696969697,0.9586173574037318,0.8793342579750347,0.8364116094986808,0.8522427440633246,0.854572456731593,0.352112676056338,0.3048780487804878,0.32926829268292684,6.623307800000475,42,287148bfd01ac67b5192268c6c69cc4cc230c004bdfdf332285f38a3b43b08dd,c175815089a491399700d9c586c067665dd8b48251196512f77a0b7e2732d91c,34060e20ca6ca6de13d114a5b1b14cf4e1fd9ffccc3f7ec4453bb00d8b5646f1,e107107e5e92413fb64ee0d9c0ceeca4f9859776418bfd9cc4089cb70b3716b1
P1_a07,4,6;8;9;10,V1;V3;V4;V5,936,0.9137350106672553,0.672463768115942,0.8016877637130801,0.6735041063425735,0.684516068125052,binary;multiclass,0.9230196602405039,0.6172839506172839,0.7692307692307693,0.5153846153846153,0.961743092298648,0.898876404494382,0.8888888888888888,0.9166666666666666,0.9085956844711709,0.6501547987616099,0.6363636363636364,0.593939393939394,0.9563625339289351,0.8678720445062587,0.8232189973614775,0.8258575197889182,0.8528017364482778,0.3333333333333333,0.3048780487804878,0.2926829268292683,6.621916000000056,42,287148bfd01ac67b5192268c6c69cc4cc230c004bdfdf332285f38a3b43b08dd,c175815089a491399700d9c586c067665dd8b48251196512f77a0b7e2732d91c,34060e20ca6ca6de13d114a5b1b14cf4e1fd9ffccc3f7ec4453bb00d8b5646f1,c8c0c5d20732df424564c13ed8b9da64765ff1afe15fd9abdb13bec8ef1a4081
P1_a07,4,6;8;9;11,V1;V3;V4;V6,936,0.9146227224797077,0.6840579710144927,0.803347280334728,0.6860726487320398,0.6972798147358931,binary;multiclass,0.926235922886047,0.625,0.7692307692307693,0.5692307692307692,0.9622501469723692,0.9019607843137255,0.8944444444444445,0.9166666666666666,0.9095468301693983,0.6604938271604939,0.6484848484848484,0.593939393939394,0.9583189248850087,0.8687150837988827,0.820580474934037,0.8364116094986808,0.857728337236534,0.3741935483870968,0.35365853658536583,0.3170731707317073,6.606163500000548,42,287148bfd01ac67b5192268c6c69cc4cc230c004bdfdf332285f38a3b43b08dd,c175815089a491399700d9c586c067665dd8b48251196512f77a0b7e2732d91c,34060e20ca6ca6de13d114a5b1b14cf4e1fd9ffccc3f7ec4453bb00d8b5646f1,cc9e4facdded004ae93b6e390f1afb12f44aea012aaea3d8d539c02c30368bfb
P1_a07,4,6;8;10;11,V1;V3;V5;V6,936,0.9145050148360676,0.6608695652173913,0.8089887640449438,0.6811363134858713,0.6917490853027245,binary;multiclass,0.9262645543042566,0.6068111455108359,0.7538461538461538,0.5615384615384615,0.9637198706643151,0.8994413407821229,0.8944444444444445,0.9166666666666666,0.9091930982981566,0.6646341463414634,0.6606060606060606,0.6,0.9573715200636655,0.8699300699300699,0.820580474934037,0.8390501319261213,0.8571856971497114,0.36486486486486486,0.32926829268292684,0.32926829268292684,6.611374699998123,42,287148bfd01ac67b5192268c6c69cc4cc230c004bdfdf332285f38a3b43b08dd,c175815089a491399700d9c586c067665dd8b48251196512f77a0b7e2732d91c,34060e20ca6ca6de13d114a5b1b14cf4e1fd9ffccc3f7ec4453bb00d8b5646f1,36d160b2e0d3d7cbbeb405c982c9bde95c17b773fd9ab9a4fc81c81021bcccae
P1_a07,4,6;9;10;11,V1;V4;V5;V6,936,0.9167071286691679,0.6840579710144927,0.7927170868347339,0.6666327451890999,0.6785678284075864,binary;multiclass,0.9247566329452186,0.6172839506172839,0.7692307692307693,0.5384615384615384,0.9632642563198119,0.896358543417367,0.8888888888888888,0.9166666666666666,0.9121015603505875,0.6504559270516718,0.6484848484848484,0.6121212121212121,0.9569404508699545,0.8635097493036211,0.8179419525065963,0.8073878627968337,0.8496886959501914,0.3055555555555556,0.2682926829268293,0.3170731707317073,6.60953900000095,42,287148bfd01ac67b5192268c6c69cc4cc230c004bdfdf332285f38a3b43b08dd,c175815089a491399700d9c586c067665dd8b48251196512f77a0b7e2732d91c,34060e20ca6ca6de13d114a5b1b14cf4e1fd9ffccc3f7ec4453bb00d8b5646f1,9954e354efb6d18092c4297157e637c7593b28ddb949fdf386fc1a000981f2d7
P1_a07,4,7;8;9;10,V2;V3;V4;V5,936,0.912812967458741,0.6666666666666666,0.7819971870604782,0.680325931760671,0.6885075779702203,binary;multiclass,0.9213494941782783,0.617363344051447,0.7384615384615385,0.5307692307692308,0.9624853027630805,0.8888888888888888,0.8666666666666667,0.9111111111111111,0.9061038399559801,0.6686746987951807,0.6727272727272727,0.5818181818181818,0.9500386067464698,0.8606896551724138,0.8232189973614775,0.7941952506596306,0.8479608156737305,0.3660130718954248,0.34146341463414637,0.34146341463414637,6.5918366000005335,42,287148bfd01ac67b5192268c6c69cc4cc230c004bdfdf332285f38a3b43b08dd,c175815089a491399700d9c586c067665dd8b48251196512f77a0b7e2732d91c,34060e20ca6ca6de13d114a5b1b14cf4e1fd9ffccc3f7ec4453bb00d8b5646f1,e7dcbd1665666311f05ce81237af3ef9db4d9870d76ae7d6a1d56bdd83278593
P1_a07,4,7;8;9;11,V2;V3;V4;V6,936,0.913798768974227,0.6579710144927536,0.7937853107344632,0.67874039034141,0.6884305339353927,binary;multiclass,0.9249475090666157,0.6086956521739131,0.7538461538461538,0.5230769230769231,0.9630511463844798,0.8901408450704226,0.8777777777777778,0.9111111111111111,0.9079275242699367,0.656441717791411,0.6484848484848484,0.6060606060606061,0.9533213644524237,0.8650904033379694,0.820580474934037,0.820580474934037,0.8544010967041755,0.37333333333333335,0.34146341463414637,0.32926829268292684,6.600027299999056,42,287148bfd01ac67b5192268c6c69cc4cc230c004bdfdf332285f38a3b43b08dd,c175815089a491399700d9c586c067665dd8b48251196512f77a0b7e2732d91c,34060e20ca6ca6de13d114a5b1b14cf4e1fd9ffccc3f7ec4453bb00d8b5646f1,0cfc1246ea7f000169894c445ac8fc3ae4df147a22f221c678fb05905ef588d5
P1_a07,4,7;8;10;11,V2;V3;V5;V6,936,0.9136614433899801,0.6434782608695652,0.7870239774330042,0.675159778482245,0.6846097602478322,binary;multiclass,0.9261023096010689,0.610062893081761,0.7461538461538462,0.5461538461538461,0.9648662551440329,0.8876404494382022,0.8777777777777778,0.9166666666666666,0.908045434893684,0.6585365853658537,0.6545454545454545,0.593939393939394,0.9514976101713382,0.8571428571428571,0.8153034300791556,0.8047493403693932,0.8567572970811674,0.3624161073825503,0.32926829268292684,0.32926829268292684,6.5773786999998265,42,287148bfd01ac67b5192268c6c69cc4cc230c004bdfdf332285f38a3b43b08dd,c175815089a491399700d9c586c067665dd8b48251196512f77a0b7e2732d91c,34060e20ca6ca6de13d114a5b1b14cf4e1fd9ffccc3f7ec4453bb00d8b5646f1,7080dec5a9c937093c7946c44ffa18bfaf29d67c1e25d436ff75abee63eb01b3
P1_a07,4,7;9;10;11,V2;V4;V5;V6,936,0.9155840015694353,0.6695652173913044,0.7932011331444759,0.6801193276604083,0.6896993193505195,binary;multiclass,0.9260068715403702,0.6182965299684543,0.7538461538461538,0.5461538461538461,0.9639623750734861,0.8920454545454546,0.8722222222222222,0.9055555555555556,0.9094603623786504,0.688622754491018,0.696969696969697,0.5696969696969697,0.9522602710525194,0.8614958448753463,0.820580474934037,0.7783641160949868,0.8520306163248986,0.3401360544217687,0.3048780487804878,0.32926829268292684,6.598711300001014,42,287148bfd01ac67b5192268c6c69cc4cc230c004bdfdf332285f38a3b43b08dd,c175815089a491399700d9c586c067665dd8b48251196512f77a0b7e2732d91c,34060e20ca6ca6de13d114a5b1b14cf4e1fd9ffccc3f7ec4453bb00d8b5646f1,74e9ea7b124b60c606bdc31f51f54d0bbde8367e896a4ddca02835806f8ea574
P1_a07,4,8;9;10;11,V3;V4;V5;V6,936,0.9138478138257438,0.6608695652173913,0.7887323943661971,0.6839536518666329,0.693847643443499,binary;multiclass,0.92465165107845,0.6242038216560509,0.7538461538461538,0.5307692307692308,0.9633818342151674,0.895774647887324,0.8833333333333333,0.9111111111111111,0.9081397633926817,0.6786786786786787,0.6848484848484848,0.5636363636363636,0.9498207036375608,0.8611111111111112,0.8179419525065963,0.7915567282321899,0.8560147369623579,0.36,0.32926829268292684,0.3170731707317073,6.626949600002263,42,287148bfd01ac67b5192268c6c69cc4cc230c004bdfdf332285f38a3b43b08dd,c175815089a491399700d9c586c067665dd8b48251196512f77a0b7e2732d91c,34060e20ca6ca6de13d114a5b1b14cf4e1fd9ffccc3f7ec4453bb00d8b5646f1,1ffe43d0d3bcfa3f1f51dc909979a1309e81d6a361786d856f27db283028ab1f
reference_iii,1,0,I,474,0.9337438250649684,0.7252124645892352,0.8980797636632201,,,binary,,,,,,,,,,,,,,,,,,,,,3.353557800000999,42,ecdb2816fbfecf3ce41ff2e3263e3bdaefd75a5bba81a8e030b7390f03e8d244,cb2cb2e442afa8d7158b02e4fe0114cf68696a9bf9f10f2a89c0ed63bc1301d2,34060e20ca6ca6de13d114a5b1b14cf4e1fd9ffccc3f7ec4453bb00d8b5646f1,256977737f0ad9c7dfb0b0494afbe2891b40126f8a9a1ec5511b7abda7822552
reference_iii,1,1,II,474,0.945309390583663,0.7620396600566572,0.9257142857142857,,,binary,,,,,,,,,,,,,,,,,,,,,3.329922199998691,42,ecdb2816fbfecf3ce41ff2e3263e3bdaefd75a5bba81a8e030b7390f03e8d244,cb2cb2e442afa8d7158b02e4fe0114cf68696a9bf9f10f2a89c0ed63bc1301d2,34060e20ca6ca6de13d114a5b1b14cf4e1fd9ffccc3f7ec4453bb00d8b5646f1,73106452187ec28406b1e9cac6999f66e2ca99f6b70d32761de765cea721b8b6
reference_iii,1,2,III,474,0.8601596703579706,0.5750708215297451,0.8521739130434782,,,binary,,,,,,,,,,,,,,,,,,,,,3.3355583999982628,42,ecdb2816fbfecf3ce41ff2e3263e3bdaefd75a5bba81a8e030b7390f03e8d244,cb2cb2e442afa8d7158b02e4fe0114cf68696a9bf9f10f2a89c0ed63bc1301d2,34060e20ca6ca6de13d114a5b1b14cf4e1fd9ffccc3f7ec4453bb00d8b5646f1,3b3a6282de5f2a228ccd0e211b3c1a979a74525cf1f7377cbf263be2bfe428e6
reference_iii,1,3,aVR,474,0.9564067145833821,0.773371104815864,0.9215116279069767,,,binary,,,,,,,,,,,,,,,,,,,,,3.3420363000004727,42,ecdb2816fbfecf3ce41ff2e3263e3bdaefd75a5bba81a8e030b7390f03e8d244,cb2cb2e442afa8d7158b02e4fe0114cf68696a9bf9f10f2a89c0ed63bc1301d2,34060e20ca6ca6de13d114a5b1b14cf4e1fd9ffccc3f7ec4453bb00d8b5646f1,9060f4694b046a1a039638be332effba15735cb3757352f72cf0fda68b9f452c
reference_iii,1,4,aVL,474,0.8506309554468197,0.6203966005665722,0.8274809160305343,,,binary,,,,,,,,,,,,,,,,,,,,,3.3340917999994417,42,ecdb2816fbfecf3ce41ff2e3263e3bdaefd75a5bba81a8e030b7390f03e8d244,cb2cb2e442afa8d7158b02e4fe0114cf68696a9bf9f10f2a89c0ed63bc1301d2,34060e20ca6ca6de13d114a5b1b14cf4e1fd9ffccc3f7ec4453bb00d8b5646f1,d56cf928363fdc4e9ee1a193fea500b6234a5e1140c9a21191d2449591b08482
reference_iii,1,5,aVF,474,0.9064219324327488,0.6458923512747875,0.8927536231884058,,,binary,,,,,,,,,,,,,,,,,,,,,3.331505800000741,42,ecdb2816fbfecf3ce41ff2e3263e3bdaefd75a5bba81a8e030b7390f03e8d244,cb2cb2e442afa8d7158b02e4fe0114cf68696a9bf9f10f2a89c0ed63bc1301d2,34060e20ca6ca6de13d114a5b1b14cf4e1fd9ffccc3f7ec4453bb00d8b5646f1,8e5ccb573617450b2f18eb8a0396200fc969243b9ff53ee332422d38dc83f040
reference_iii,1,6,V1,474,0.8685646056235806,0.6628895184135978,0.8361408882082695,,,binary,,,,,,,,,,,,,,,,,,,,,3.344946400000481,42,ecdb2816fbfecf3ce41ff2e3263e3bdaefd75a5bba81a8e030b7390f03e8d244,cb2cb2e442afa8d7158b02e4fe0114cf68696a9bf9f10f2a89c0ed63bc1301d2,34060e20ca6ca6de13d114a5b1b14cf4e1fd9ffccc3f7ec4453bb00d8b5646f1,90042e8a20a5f87531ab02669c5e88da76958d11a66f99e1c88318895ae5107e
reference_iii,1,7,V2,474,0.8894247652939387,0.6515580736543909,0.8794326241134752,,,binary,,,,,,,,,,,,,,,,,,,,,3.3346098999973037,42,ecdb2816fbfecf3ce41ff2e3263e3bdaefd75a5bba81a8e030b7390f03e8d244,cb2cb2e442afa8d7158b02e4fe0114cf68696a9bf9f10f2a89c0ed63bc1301d2,34060e20ca6ca6de13d114a5b1b14cf4e1fd9ffccc3f7ec4453bb00d8b5646f1,987c2ff0a0fb9dca78b2fa404e7b0c5920981b1ea7aa69ba47db8fbd81df771d
reference_iii,1,8,V3,474,0.9019970500784305,0.6260623229461756,0.8815028901734104,,,binary,,,,,,,,,,,,,,,,,,,,,3.3451252999984717,42,ecdb2816fbfecf3ce41ff2e3263e3bdaefd75a5bba81a8e030b7390f03e8d244,cb2cb2e442afa8d7158b02e4fe0114cf68696a9bf9f10f2a89c0ed63bc1301d2,34060e20ca6ca6de13d114a5b1b14cf4e1fd9ffccc3f7ec4453bb00d8b5646f1,5d8461c223bbb3bd0ffc2b9ae944c11f995c44918f67173890cdc8a28fdb47f2
reference_iii,1,9,V4,474,0.9311684967106033,0.7507082152974505,0.9032258064516129,,,binary,,,,,,,,,,,,,,,,,,,,,3.3334407999973337,42,ecdb2816fbfecf3ce41ff2e3263e3bdaefd75a5bba81a8e030b7390f03e8d244,cb2cb2e442afa8d7158b02e4fe0114cf68696a9bf9f10f2a89c0ed63bc1301d2,34060e20ca6ca6de13d114a5b1b14cf4e1fd9ffccc3f7ec4453bb00d8b5646f1,fbe81651e30b2faf477f21bddd7e788f4f39a1ddd37ca41a0fd190958ea07b7f
reference_iii,1,10,V5,474,0.9403928546344203,0.7422096317280453,0.908029197080292,,,binary,,,,,,,,,,,,,,,,,,,,,3.343223999996553,42,ecdb2816fbfecf3ce41ff2e3263e3bdaefd75a5bba81a8e030b7390f03e8d244,cb2cb2e442afa8d7158b02e4fe0114cf68696a9bf9f10f2a89c0ed63bc1301d2,34060e20ca6ca6de13d114a5b1b14cf4e1fd9ffccc3f7ec4453bb00d8b5646f1,5ed48b5d76a6b77d07131a633e0b517c1dc9b49fde44c46abc103ed376a3f493
reference_iii,1,11,V6,474,0.9447240886849437,0.7903682719546742,0.9013254786450663,,,binary,,,,,,,,,,,,,,,,,,,,,3.3450724000031187,42,ecdb2816fbfecf3ce41ff2e3263e3bdaefd75a5bba81a8e030b7390f03e8d244,cb2cb2e442afa8d7158b02e4fe0114cf68696a9bf9f10f2a89c0ed63bc1301d2,34060e20ca6ca6de13d114a5b1b14cf4e1fd9ffccc3f7ec4453bb00d8b5646f1,8deadc512a4450ee67aa2c2efe3d415f49b4f640b113a5ef30d911d6f0793884
reference_iii,2,0;1,I;II,474,0.95090487673542,0.7507082152974505,0.9279538904899135,,,binary,,,,,,,,,,,,,,,,,,,,,3.3800794999988284,42,ecdb2816fbfecf3ce41ff2e3263e3bdaefd75a5bba81a8e030b7390f03e8d244,cb2cb2e442afa8d7158b02e4fe0114cf68696a9bf9f10f2a89c0ed63bc1301d2,34060e20ca6ca6de13d114a5b1b14cf4e1fd9ffccc3f7ec4453bb00d8b5646f1,6cb154912156768180dd7a3739c4f61a50f3d8186bb31f18997089757b6069fd
reference_iii,2,0;2,I;III,474,0.948938262355723,0.7592067988668555,0.9154518950437318,,,binary,,,,,,,,,,,,,,,,,,,,,3.359387299999071,42,ecdb2816fbfecf3ce41ff2e3263e3bdaefd75a5bba81a8e030b7390f03e8d244,cb2cb2e442afa8d7158b02e4fe0114cf68696a9bf9f10f2a89c0ed63bc1301d2,34060e20ca6ca6de13d114a5b1b14cf4e1fd9ffccc3f7ec4453bb00d8b5646f1,624ce31203844883c0ad6324c3d92754d260207e34ed1cb21899353f4a406098
reference_iii,2,0;3,I;aVR,474,0.9519115960012173,0.7677053824362606,0.926829268292683,,,binary,,,,,,,,,,,,,,,,,,,,,3.3825603000004776,42,ecdb2816fbfecf3ce41ff2e3263e3bdaefd75a5bba81a8e030b7390f03e8d244,cb2cb2e442afa8d7158b02e4fe0114cf68696a9bf9f10f2a89c0ed63bc1301d2,34060e20ca6ca6de13d114a5b1b14cf4e1fd9ffccc3f7ec4453bb00d8b5646f1,1ae0a03f8d5769c28151f75cc26caeb093b9990aafc81cf0619a7f8e34e36404
reference_iii,2,0;4,I;aVL,474,0.9489850865076206,0.7620396600566572,0.9170305676855895,,,binary,,,,,,,,,,,,,,,,,,,,,3.3681362999996054,42,ecdb2816fbfecf3ce41ff2e3263e3bdaefd75a5bba81a8e030b7390f03e8d244,cb2cb2e442afa8d7158b02e4fe0114cf68696a9bf9f10f2a89c0ed63bc1301d2,34060e20ca6ca6de13d114a5b1b14cf4e1fd9ffccc3f7ec4453bb00d8b5646f1,f69e0e2ed9eba94bb40845bbe286968912559c1776865d5b2e462bf2ff980626
reference_iii,2,0;5,I;aVF,474,0.949664036710135,0.7563739376770539,0.9167883211678832,,,binary,,,,,,,,,,,,,,,,,,,,,3.403885200001241,42,ecdb2816fbfecf3ce41ff2e3263e3bdaefd75a5bba81a8e030b7390f03e8d244,cb2cb2e442afa8d7158b02e4fe0114cf68696a9bf9f10f2a89c0ed63bc1301d2,34060e20ca6ca6de13d114a5b1b14cf4e1fd9ffccc3f7ec4453bb00d8b5646f1,690de046b9d41767ca374adc8bbc2b90b904ae867f610bb0f38361fc96e569a6
reference_iii,2,0;6,I;V1,474,0.9390115421534428,0.7308781869688386,0.9138686131386862,,,binary,,,,,,,,,,,,,,,,,,,,,3.4000469999991765,42,ecdb2816fbfecf3ce41ff2e3263e3bdaefd75a5bba81a8e030b7390f03e8d244,cb2cb2e442afa8d7158b02e4fe0114cf68696a9bf9f10f2a89c0ed63bc1301d2,34060e20ca6ca6de13d114a5b1b14cf4e1fd9ffccc3f7ec4453bb00d8b5646f1,c127b04b783a76607009987b47d85f38af51adbcc6501ae8f6af415d526e0c5b
reference_iii,2,0;7,I;V2,474,0.9343291269636879,0.7025495750708215,0.9051094890510949,,,binary,,,,,,,,,,,,,,,,,,,,,3.3584669999981998,42,ecdb2816fbfecf3ce41ff2e3263e3bdaefd75a5bba81a8e030b7390f03e8d244,cb2cb2e442afa8d7158b02e4fe0114cf68696a9bf9f10f2a89c0ed63bc1301d2,34060e20ca6ca6de13d114a5b1b14cf4e1fd9ffccc3f7ec4453bb00d8b5646f1,9fbcd0ad3bca54aa68ef4f9eb9643e6a1a430f786ea7ec398b658682f20279d9
reference_iii,2,0;8,I;V3,474,0.9351251375459462,0.7252124645892352,0.9085545722713865,,,binary,,,,,,,,,,,,,,,,,,,,,3.3690320999994583,42,ecdb2816fbfecf3ce41ff2e3263e3bdaefd75a5bba81a8e030b7390f03e8d244,cb2cb2e442afa8d7158b02e4fe0114cf68696a9bf9f10f2a89c0ed63bc1301d2,34060e20ca6ca6de13d114a5b1b14cf4e1fd9ffccc3f7ec4453bb00d8b5646f1,e2ec674c129fe179caa8bfe22d4bc52ed83a74c5857662ff5279650e0d2c8ab9
reference_iii,2,0;9,I;V4,474,0.9420551120267834,0.7677053824362606,0.9056047197640118,,,binary,,,,,,,,,,,,,,,,,,,,,3.350515099999029,42,ecdb2816fbfecf3ce41ff2e3263e3bdaefd75a5bba81a8e030b7390f03e8d244,cb2cb2e442afa8d7158b02e4fe0114cf68696a9bf9f10f2a89c0ed63bc1301d2,34060e20ca6ca6de13d114a5b1b14cf4e1fd9ffccc3f7ec4453bb00d8b5646f1,807823dc574a45053c233bfadcb2d4552d14ddf5e8a59722ab754436551e36dc
reference_iii,2,0;10,I;V5,474,0.9453562147355605,0.7365439093484419,0.9141193595342066,,,binary,,,,,,,,,,,,,,,,,,,,,3.349588599998242,42,ecdb2816fbfecf3ce41ff2e3263e3bdaefd75a5bba81a8e030b7390f03e8d244,cb2cb2e442afa8d7158b02e4fe0114cf68696a9bf9f10f2a89c0ed63bc1301d2,34060e20ca6ca6de13d114a5b1b14cf4e1fd9ffccc3f7ec4453bb00d8b5646f1,da327db040a90e7648d9135254ff19c8f77c775584673a57ff23b276281b1970
reference_iii,2,0;11,I;V6,474,0.9442324350900194,0.7535410764872521,0.9080118694362018,,,binary,,,,,,,,,,,,,,,,,,,,,3.3680711000015435,42,ecdb2816fbfecf3ce41ff2e3263e3bdaefd75a5bba81a8e030b7390f03e8d244,cb2cb2e442afa8d7158b02e4fe0114cf68696a9bf9f10f2a89c0ed63bc1301d2,34060e20ca6ca6de13d114a5b1b14cf4e1fd9ffccc3f7ec4453bb00d8b5646f1,8250d3d4aebdf4db3a1a88dd72ab8de3b413a2ed4532e7b87462ebd9070bec56
reference_iii,2,1;2,II;III,474,0.9494767401025449,0.7507082152974505,0.9286754002911208,,,binary,,,,,,,,,,,,,,,,,,,,,3.3421123000007356,42,ecdb2816fbfecf3ce41ff2e3263e3bdaefd75a5bba81a8e030b7390f03e8d244,cb2cb2e442afa8d7158b02e4fe0114cf68696a9bf9f10f2a89c0ed63bc1301d2,34060e20ca6ca6de13d114a5b1b14cf4e1fd9ffccc3f7ec4453bb00d8b5646f1,9b086030155d505551df9a5ccf178c9c0932c4ec5e24480324a7d9997812e7b1
reference_iii,2,1;3,II;aVR,474,0.9487275536721841,0.7053824362606232,0.9264069264069265,,,binary,,,,,,,,,,,,,,,,,,,,,3.3371483000009903,42,ecdb2816fbfecf3ce41ff2e3263e3bdaefd75a5bba81a8e030b7390f03e8d244,cb2cb2e442afa8d7158b02e4fe0114cf68696a9bf9f10f2a89c0ed63bc1301d2,34060e20ca6ca6de13d114a5b1b14cf4e1fd9ffccc3f7ec4453bb00d8b5646f1,5b52fe4021d89ec722d8567431bd663b0d590911fb171b80e82f6d7a593c880b
reference_iii,2,1;4,II;aVL,474,0.9510921733430103,0.7308781869688386,0.9304347826086956,,,binary,,,,,,,,,,,,,,,,,,,,,3.3304110999997647,42,ecdb2816fbfecf3ce41ff2e3263e3bdaefd75a5bba81a8e030b7390f03e8d244,cb2cb2e442afa8d7158b02e4fe0114cf68696a9bf9f10f2a89c0ed63bc1301d2,34060e20ca6ca6de13d114a5b1b14cf4e1fd9ffccc3f7ec4453bb00d8b5646f1,3b806f1982308e84119ac33cc890c29686e18cadb86bbf3b9b7f651bd23cdc25
reference_iii,2,1;5,II;aVF,474,0.9470184721279236,0.7252124645892352,0.9237410071942446,,,binary,,,,,,,,,,,,,,,,,,,,,3.3119664000005287,42,ecdb2816fbfecf3ce41ff2e3263e3bdaefd75a5bba81a8e030b7390f03e8d244,cb2cb2e442afa8d7158b02e4fe0114cf68696a9bf9f10f2a89c0ed63bc1301d2,34060e20ca6ca6de13d114a5b1b14cf4e1fd9ffccc3f7ec4453bb00d8b5646f1,9cb35d079e5cd2e59748a4f2189e8a8f508f7452742c8f06dd8ac10915728227
reference_iii,2,1;6,II;V1,474,0.9477208344063869,0.7705382436260623,0.919605077574048,,,binary,,,,,,,,,,,,,,,,,,,,,3.314335500002926,42,ecdb2816fbfecf3ce41ff2e3263e3bdaefd75a5bba81a8e030b7390f03e8d244,cb2cb2e442afa8d7158b02e4fe0114cf68696a9bf9f10f2a89c0ed63bc1301d2,34060e20ca6ca6de13d114a5b1b14cf4e1fd9ffccc3f7ec4453bb00d8b5646f1,baddccca7d28d319e537e9a76339174f3d7a7d32903ca800a26b93eb4efe568a
reference_iii,2,1;7,II;V2,474,0.9421487603305784,0.7563739376770539,0.9101449275362319,,,binary,,,,,,,,,,,,,,,,,,,,,3.3130883000012545,42,ecdb2816fbfecf3ce41ff2e3263e3bdaefd75a5bba81a8e030b7390f03e8d244,cb2cb2e442afa8d7158b02e4fe0114cf68696a9bf9f10f2a89c0ed63bc1301d2,34060e20ca6ca6de13d114a5b1b14cf4e1fd9ffccc3f7ec4453bb00d8b5646f1,9aca7d0d2106ae86b42feee0f2efdb42969425e56a513dea4ebbb04a31741b0f
reference_iii,2,1;8,II;V3,474,0.9414229859761665,0.7393767705382436,0.9213161659513591,,,binary,,,,,,,,,,,,,,,,,,,,,3.3214157999973395,42,ecdb2816fbfecf3ce41ff2e3263e3bdaefd75a5bba81a8e030b7390f03e8d244,cb2cb2e442afa8d7158b02e4fe0114cf68696a9bf9f10f2a89c0ed63bc1301d2,34060e20ca6ca6de13d114a5b1b14cf4e1fd9ffccc3f7ec4453bb00d8b5646f1,937185b8b67a4bc17f5c9d7d97d7cc6d823a35033ebd6f532d9ca6cca227f4f5
reference_iii,2,1;9,II;V4,474,0.9449816215203802,0.7790368271954674,0.9159420289855073,,,binary,,,,,,,,,,,,,,,,,,,,,3.320429299998068,42,ecdb2816fbfecf3ce41ff2e3263e3bdaefd75a5bba81a8e030b7390f03e8d244,cb2cb2e442afa8d7158b02e4fe0114cf68696a9bf9f10f2a89c0ed63bc1301d2,34060e20ca6ca6de13d114a5b1b14cf4e1fd9ffccc3f7ec4453bb00d8b5646f1,156530da04991107ba3b2f434ee0f05b127fef2b75e1f2a890a91dd1134d4668
reference_iii,2,1;10,II;V5,474,0.9477676585582843,0.7818696883852692,0.9170305676855895,,,binary,,,,,,,,,,,,,,,,,,,,,3.3173937999999907,42,ecdb2816fbfecf3ce41ff2e3263e3bdaefd75a5bba81a8e030b7390f03e8d244,cb2cb2e442afa8d7158b02e4fe0114cf68696a9bf9f10f2a89c0ed63bc1301d2,34060e20ca6ca6de13d114a5b1b14cf4e1fd9ffccc3f7ec4453bb00d8b5646f1,e63c7abebe9abac864b33b68867547342506aa0211fb5f4d7aa618e4da46c654
reference_iii,2,1;11,II;V6,474,0.9490787348114158,0.7988668555240793,0.911976911976912,,,binary,,,,,,,,,,,,,,,,,,,,,3.3137162999992142,42,ecdb2816fbfecf3ce41ff2e3263e3bdaefd75a5bba81a8e030b7390f03e8d244,cb2cb2e442afa8d7158b02e4fe0114cf68696a9bf9f10f2a89c0ed63bc1301d2,34060e20ca6ca6de13d114a5b1b14cf4e1fd9ffccc3f7ec4453bb00d8b5646f1,db7ec062c42d7fe1d658b84b105e4c66e05914ce2981db21b01c3dddf6450a94
reference_iii,2,2;3,III;aVR,474,0.950811228431625,0.7365439093484419,0.9261939218523878,,,binary,,,,,,,,,,,,,,,,,,,,,3.324954899999284,42,ecdb2816fbfecf3ce41ff2e3263e3bdaefd75a5bba81a8e030b7390f03e8d244,cb2cb2e442afa8d7158b02e4fe0114cf68696a9bf9f10f2a89c0ed63bc1301d2,34060e20ca6ca6de13d114a5b1b14cf4e1fd9ffccc3f7ec4453bb00d8b5646f1,79130a861208548535326819234a95f86f06fa667fccd735c788f36153bbd99e
reference_iii,2,2;4,III;aVL,474,0.9428745346849905,0.6940509915014165,0.9101620029455081,,,binary,,,,,,,,,,,,,,,,,,,,,3.3297870000023977,42,ecdb2816fbfecf3ce41ff2e3263e3bdaefd75a5bba81a8e030b7390f03e8d244,cb2cb2e442afa8d7158b02e4fe0114cf68696a9bf9f10f2a89c0ed63bc1301d2,34060e20ca6ca6de13d114a5b1b14cf4e1fd9ffccc3f7ec4453bb00d8b5646f1,cf8615ce3cfa3b1c9ff5447c7d6ae61770f094d701d0488088c6fad602c1adcf
reference_iii,2,2;5,III;aVF,474,0.9439046660267366,0.7308781869688386,0.9031296572280179,,,binary,,,,,,,,,,,,,,,,,,,,,3.337532099998498,42,ecdb2816fbfecf3ce41ff2e3263e3bdaefd75a5bba81a8e030b7390f03e8d244,cb2cb2e442afa8d7158b02e4fe0114cf68696a9bf9f10f2a89c0ed63bc1301d2,34060e20ca6ca6de13d114a5b1b14cf4e1fd9ffccc3f7ec4453bb00d8b5646f1,2f745458b163e10b344251cc784fd0d14e2834317207907237f18cb37c42a1f2
reference_iii,2,2;6,III;V1,474,0.8874581509142416,0.6827195467422096,0.851963746223565,,,binary,,,,,,,,,,,,,,,,,,,,,3.3317575000000943,42,ecdb2816fbfecf3ce41ff2e3263e3bdaefd75a5bba81a8e030b7390f03e8d244,cb2cb2e442afa8d7158b02e4fe0114cf68696a9bf9f10f2a89c0ed63bc1301d2,34060e20ca6ca6de13d114a5b1b14cf4e1fd9ffccc3f7ec4453bb00d8b5646f1,f24cc76147e2342a211694a8e4b4b2c39e6ae7c445c4c4805984ebd74dabe4b2
reference_iii,2,2;7,III;V2,474,0.9045021422049493,0.6572237960339944,0.8857142857142857,,,binary,,,,,,,,,,,,,,,,,,,,,3.3320954000009806,42,ecdb2816fbfecf3ce41ff2e3263e3bdaefd75a5bba81a8e030b7390f03e8d244,cb2cb2e442afa8d7158b02e4fe0114cf68696a9bf9f10f2a89c0ed63bc1301d2,34060e20ca6ca6de13d114a5b1b14cf4e1fd9ffccc3f7ec4453bb00d8b5646f1,d91db05aebcae5d83859d3341ae4128e02f29c79b4da35698f8bd32c02314c79
reference_iii,2,2;8,III;V3,474,0.9117130615971719,0.6742209631728046,0.8942857142857142,,,binary,,,,,,,,,,,,,,,,,,,,,3.3328293999984453,42,ecdb2816fbfecf3ce41ff2e3263e3bdaefd75a5bba81a8e030b7390f03e8d244,cb2cb2e442afa8d7158b02e4fe0114cf68696a9bf9f10f2a89c0ed63bc1301d2,34060e20ca6ca6de13d114a5b1b14cf4e1fd9ffccc3f7ec4453bb00d8b5646f1,52db6a80b5225841ac6fed8f37c04fd0fed8b7f6e174131be36ad2af3481d1b0
reference_iii,2,2;9,III;V4,474,0.934539835647227,0.7252124645892352,0.9104046242774566,,,binary,,,,,,,,,,,,,,,,,,,,,3.330001499998616,42,ecdb2816fbfecf3ce41ff2e3263e3bdaefd75a5bba81a8e030b7390f03e8d244,cb2cb2e442afa8d7158b02e4fe0114cf68696a9bf9f10f2a89c0ed63bc1301d2,34060e20ca6ca6de13d114a5b1b14cf4e1fd9ffccc3f7ec4453bb00d8b5646f1,b980bb95f195d19299001b51a5e964432592fceeabacb0aa6170dee0c6ce8c82
reference_iii,2,2;10,III;V5,474,0.9399714372673426,0.71671388101983,0.9098837209302325,,,binary,,,,,,,,,,,,,,,,,,,,,3.3297328999979072,42,ecdb2816fbfecf3ce41ff2e3263e3bdaefd75a5bba81a8e030b7390f03e8d244,cb2cb2e442afa8d7158b02e4fe0114cf68696a9bf9f10f2a89c0ed63bc1301d2,34060e20ca6ca6de13d114a5b1b14cf4e1fd9ffccc3f7ec4453bb00d8b5646f1,88cc4d9adde41cd66e67553c491309049871595ff1d76a46b2551093ea515a88
reference_iii,2,2;11,III;V6,474,0.9426404139255027,0.7648725212464589,0.9032258064516129,,,binary,,,,,,,,,,,,,,,,,,,,,3.3147033999994164,42,ecdb2816fbfecf3ce41ff2e3263e3bdaefd75a5bba81a8e030b7390f03e8d244,cb2cb2e442afa8d7158b02e4fe0114cf68696a9bf9f10f2a89c0ed63bc1301d2,34060e20ca6ca6de13d114a5b1b14cf4e1fd9ffccc3f7ec4453bb00d8b5646f1,922182541d99910bf706409f288bb6cefd1c2b838764b4b9e44c6c793fd90849
reference_iii,2,3;4,aVR;aVL,474,0.95186477184932,0.7535410764872521,0.9296987087517934,,,binary,,,,,,,,,,,,,,,,,,,,,3.3218992999973125,42,ecdb2816fbfecf3ce41ff2e3263e3bdaefd75a5bba81a8e030b7390f03e8d244,cb2cb2e442afa8d7158b02e4fe0114cf68696a9bf9f10f2a89c0ed63bc1301d2,34060e20ca6ca6de13d114a5b1b14cf4e1fd9ffccc3f7ec4453bb00d8b5646f1,64c79f8df16eecb8d3b86e3939691b0aa49659296ddf3ef01860f345c6016071
reference_iii,2,3;5,aVR;aVF,474,0.9489616744316718,0.7223796033994334,0.9246376811594202,,,binary,,,,,,,,,,,,,,,,,,,,,3.3362756999995327,42,ecdb2816fbfecf3ce41ff2e3263e3bdaefd75a5bba81a8e030b7390f03e8d244,cb2cb2e442afa8d7158b02e4fe0114cf68696a9bf9f10f2a89c0ed63bc1301d2,34060e20ca6ca6de13d114a5b1b14cf4e1fd9ffccc3f7ec4453bb00d8b5646f1,c41a07eefe05ea7809d505f213ab010f178335974d646b16852ed80ad23fb136
reference_iii,2,3;6,aVR;V1,474,0.9536675016973756,0.8073654390934845,0.920863309352518,,,binary,,,,,,,,,,,,,,,,,,,,,3.3245530999993207,42,ecdb2816fbfecf3ce41ff2e3263e3bdaefd75a5bba81a8e030b7390f03e8d244,cb2cb2e442afa8d7158b02e4fe0114cf68696a9bf9f10f2a89c0ed63bc1301d2,34060e20ca6ca6de13d114a5b1b14cf4e1fd9ffccc3f7ec4453bb00d8b5646f1,eb51648dc33d4bcc332dcf4c6314f55318b1f4c262d4ef3bb4b7437e8503e9b6
reference_iii,2,3;7,aVR;V2,474,0.9477910706342332,0.7648725212464589,0.9177489177489178,,,binary,,,,,,,,,,,,,,,,,,,,,3.316441800001485,42,ecdb2816fbfecf3ce41ff2e3263e3bdaefd75a5bba81a8e030b7390f03e8d244,cb2cb2e442afa8d7158b02e4fe0114cf68696a9bf9f10f2a89c0ed63bc1301d2,34060e20ca6ca6de13d114a5b1b14cf4e1fd9ffccc3f7ec4453bb00d8b5646f1,52a2d61d66f61652403f3a1417b7e3a13a28a32c248a8e4b33e6bea5a632ae79
reference_iii,2,3;8,aVR;V3,474,0.9448645611406364,0.7280453257790368,0.9221902017291066,,,binary,,,,,,,,,,,,,,,,,,,,,3.3255420999994385,42,ecdb2816fbfecf3ce41ff2e3263e3bdaefd75a5bba81a8e030b7390f03e8d244,cb2cb2e442afa8d7158b02e4fe0114cf68696a9bf9f10f2a89c0ed63bc1301d2,34060e20ca6ca6de13d114a5b1b14cf4e1fd9ffccc3f7ec4453bb00d8b5646f1,3e6bf5d9cea1376ffc579ae363fab1d7cef15756684485993c3d77632333558a
reference_iii,2,3;9,aVR;V4,474,0.9480954276215672,0.7818696883852692,0.9246376811594202,,,binary,,,,,,,,,,,,,,,,,,,,,3.31684359999781,42,ecdb2816fbfecf3ce41ff2e3263e3bdaefd75a5bba81a8e030b7390f03e8d244,cb2cb2e442afa8d7158b02e4fe0114cf68696a9bf9f10f2a89c0ed63bc1301d2,34060e20ca6ca6de13d114a5b1b14cf4e1fd9ffccc3f7ec4453bb00d8b5646f1,332c8855783ac873a82f354fa1da0bc48659206148e007da7b56712137720fea
reference_iii,2,3;10,aVR;V5,474,0.9485168449886451,0.7648725212464589,0.9204052098408104,,,binary,,,,,,,,,,,,,,,,,,,,,3.315880800000741,42,ecdb2816fbfecf3ce41ff2e3263e3bdaefd75a5bba81a8e030b7390f03e8d244,cb2cb2e442afa8d7158b02e4fe0114cf68696a9bf9f10f2a89c0ed63bc1301d2,34060e20ca6ca6de13d114a5b1b14cf4e1fd9ffccc3f7ec4453bb00d8b5646f1,ccd54f6f14ffe195c182fd4b963f44da46d33773defe68e712e6850471ac0a0a
reference_iii,2,3;11,aVR;V6,474,0.9493128555709034,0.773371104815864,0.9190751445086706,,,binary,,,,,,,,,,,,,,,,,,,,,3.3228572999978496,42,ecdb2816fbfecf3ce41ff2e3263e3bdaefd75a5bba81a8e030b7390f03e8d244,cb2cb2e442afa8d7158b02e4fe0114cf68696a9bf9f10f2a89c0ed63bc1301d2,34060e20ca6ca6de13d114a5b1b14cf4e1fd9ffccc3f7ec4453bb00d8b5646f1,c871f00ceb4522bbc327873bf2a5b59d72c81fa16a21d5068938029a3eb05bcd
reference_iii,2,4;5,aVL;aVF,474,0.9466672909886921,0.7535410764872521,0.9117647058823529,,,binary,,,,,,,,,,,,,,,,,,,,,3.313912400000845,42,ecdb2816fbfecf3ce41ff2e3263e3bdaefd75a5bba81a8e030b7390f03e8d244,cb2cb2e442afa8d7158b02e4fe0114cf68696a9bf9f10f2a89c0ed63bc1301d2,34060e20ca6ca6de13d114a5b1b14cf4e1fd9ffccc3f7ec4453bb00d8b5646f1,6ec3415ea3675e3b65b418f8a23074e307e2df74195686042ffd6c70c82cdb38
reference_iii,2,4;6,aVL;V1,474,0.8871303818509587,0.6827195467422096,0.851063829787234,,,binary,,,,,,,,,,,,,,,,,,,,,3.3209023000017623,42,ecdb2816fbfecf3ce41ff2e3263e3bdaefd75a5bba81a8e030b7390f03e8d244,cb2cb2e442afa8d7158b02e4fe0114cf68696a9bf9f10f2a89c0ed63bc1301d2,34060e20ca6ca6de13d114a5b1b14cf4e1fd9ffccc3f7ec4453bb00d8b5646f1,bc903504c56bc3ece47b4b2133d6ce6cc19d59e7e238d5bc0c8209f0555d6f2b
reference_iii,2,4;7,aVL;V2,474,0.8968229812937513,0.6203966005665722,0.8945868945868946,,,binary,,,,,,,,,,,,,,,,,,,,,3.3237230999984604,42,ecdb2816fbfecf3ce41ff2e3263e3bdaefd75a5bba81a8e030b7390f03e8d244,cb2cb2e442afa8d7158b02e4fe0114cf68696a9bf9f10f2a89c0ed63bc1301d2,34060e20ca6ca6de13d114a5b1b14cf4e1fd9ffccc3f7ec4453bb00d8b5646f1,38b83b4938f5fe0d3dcddc0ab0a9d2de5d291f96b7595033b0eb189d27c5adea
reference_iii,2,4;8,aVL;V3,474,0.9098166834453212,0.6515580736543909,0.8936781609195402,,,binary,,,,,,,,,,,,,,,,,,,,,3.315404300003138,42,ecdb2816fbfecf3ce41ff2e3263e3bdaefd75a5bba81a8e030b7390f03e8d244,cb2cb2e442afa8d7158b02e4fe0114cf68696a9bf9f10f2a89c0ed63bc1301d2,34060e20ca6ca6de13d114a5b1b14cf4e1fd9ffccc3f7ec4453bb00d8b5646f1,3ce7f0bc9d5244a51c170d8f8ef6679a4c492a0b83d897fa059156f93d46c6b4
reference_iii,2,4;9,aVL;V4,474,0.9331116990143515,0.7535410764872521,0.9024745269286754,,,binary,,,,,,,,,,,,,,,,,,,,,3.3174572000025364,42,ecdb2816fbfecf3ce41ff2e3263e3bdaefd75a5bba81a8e030b7390f03e8d244,cb2cb2e442afa8d7158b02e4fe0114cf68696a9bf9f10f2a89c0ed63bc1301d2,34060e20ca6ca6de13d114a5b1b14cf4e1fd9ffccc3f7ec4453bb00d8b5646f1,1414b8d0158255886745801ac0c0b3f4ed0a68729971e82b7fcc48168359d9f8
reference_iii,2,4;10,aVL;V5,474,0.9396670802800084,0.7053824362606232,0.9101449275362319,,,binary,,,,,,,,,,,,,,,,,,,,,3.3211231999994197,42,ecdb2816fbfecf3ce41ff2e3263e3bdaefd75a5bba81a8e030b7390f03e8d244,cb2cb2e442afa8d7158b02e4fe0114cf68696a9bf9f10f2a89c0ed63bc1301d2,34060e20ca6ca6de13d114a5b1b14cf4e1fd9ffccc3f7ec4453bb00d8b5646f1,7afc5ecedd3a169ded2df53b2126603b59e18643eac3b5ee57f1375a5b92db4a
reference_iii,2,4;11,aVL;V6,474,0.9429915950647344,0.7478753541076487,0.8938053097345132,,,binary,,,,,,,,,,,,,,,,,,,,,3.3154181000027165,42,ecdb2816fbfecf3ce41ff2e3263e3bdaefd75a5bba81a8e030b7390f03e8d244,cb2cb2e442afa8d7158b02e4fe0114cf68696a9bf9f10f2a89c0ed63bc1301d2,34060e20ca6ca6de13d114a5b1b14cf4e1fd9ffccc3f7ec4453bb00d8b5646f1,2a76142378cfab8ce21dd2cb1de2410f78b0710bd21ca2022c7fd55c33440bff
reference_iii,2,5;6,aVF;V1,474,0.9315899140776814,0.6855524079320113,0.9017341040462428,,,binary,,,,,,,,,,,,,,,,,,,,,3.312753899997915,42,ecdb2816fbfecf3ce41ff2e3263e3bdaefd75a5bba81a8e030b7390f03e8d244,cb2cb2e442afa8d7158b02e4fe0114cf68696a9bf9f10f2a89c0ed63bc1301d2,34060e20ca6ca6de13d114a5b1b14cf4e1fd9ffccc3f7ec4453bb00d8b5646f1,fa2dec2050261899747f4041aaad7cc12534a539d4f16df33213414c00cd06e8
reference_iii,2,5;7,aVF;V2,474,0.9269543230398238,0.7308781869688386,0.9010043041606887,,,binary,,,,,,,,,,,,,,,,,,,,,3.3171593000006396,42,ecdb2816fbfecf3ce41ff2e3263e3bdaefd75a5bba81a8e030b7390f03e8d244,cb2cb2e442afa8d7158b02e4fe0114cf68696a9bf9f10f2a89c0ed63bc1301d2,34060e20ca6ca6de13d114a5b1b14cf4e1fd9ffccc3f7ec4453bb00d8b5646f1,ed76c7902c02cebd63e675e5d13bed12e10d19ba517cdeab01fe266ffaab1e57
reference_iii,2,5;8,aVF;V3,474,0.9263221969892069,0.6968838526912181,0.8920863309352518,,,binary,,,,,,,,,,,,,,,,,,,,,3.3127170000007027,42,ecdb2816fbfecf3ce41ff2e3263e3bdaefd75a5bba81a8e030b7390f03e8d244,cb2cb2e442afa8d7158b02e4fe0114cf68696a9bf9f10f2a89c0ed63bc1301d2,34060e20ca6ca6de13d114a5b1b14cf4e1fd9ffccc3f7ec4453bb00d8b5646f1,14a8da69e7c51eb4fe1983c39e6c5e8da1ef1c64758a5ea0fca0c7e8db9bbb39
reference_iii,2,5;9,aVF;V4,474,0.9373024606091823,0.7592067988668555,0.9101449275362319,,,binary,,,,,,,,,,,,,,,,,,,,,3.316586600001756,42,ecdb2816fbfecf3ce41ff2e3263e3bdaefd75a5bba81a8e030b7390f03e8d244,cb2cb2e442afa8d7158b02e4fe0114cf68696a9bf9f10f2a89c0ed63bc1301d2,34060e20ca6ca6de13d114a5b1b14cf4e1fd9ffccc3f7ec4453bb00d8b5646f1,eb4408ad30c80b993f7281ff5f208d82a4f09278f15a7ec48c0778a6cac0f5be
reference_iii,2,5;10,aVF;V5,474,0.9436003090394025,0.7563739376770539,0.9114658925979681,,,binary,,,,,,,,,,,,,,,,,,,,,3.315218300002016,42,ecdb2816fbfecf3ce41ff2e3263e3bdaefd75a5bba81a8e030b7390f03e8d244,cb2cb2e442afa8d7158b02e4fe0114cf68696a9bf9f10f2a89c0ed63bc1301d2,34060e20ca6ca6de13d114a5b1b14cf4e1fd9ffccc3f7ec4453bb00d8b5646f1,07cbd8e8e7817f301a4272e6f13d286ab56ae45f859fbef68b3cc3f3adcc7cfc
reference_iii,2,5;11,aVF;V6,474,0.9450752698241753,0.7705382436260623,0.9067055393586005,,,binary,,,,,,,,,,,,,,,,,,,,,3.3200354000000516,42,ecdb2816fbfecf3ce41ff2e3263e3bdaefd75a5bba81a8e030b7390f03e8d244,cb2cb2e442afa8d7158b02e4fe0114cf68696a9bf9f10f2a89c0ed63bc1301d2,34060e20ca6ca6de13d114a5b1b14cf4e1fd9ffccc3f7ec4453bb00d8b5646f1,81590ba24f633ad5682595476ed7216dd11d406cda97b8056c5b084df981fb00
reference_iii,2,6;7,V1;V2,474,0.9168168941540047,0.6940509915014165,0.8895348837209303,,,binary,,,,,,,,,,,,,,,,,,,,,3.3130782000007457,42,ecdb2816fbfecf3ce41ff2e3263e3bdaefd75a5bba81a8e030b7390f03e8d244,cb2cb2e442afa8d7158b02e4fe0114cf68696a9bf9f10f2a89c0ed63bc1301d2,34060e20ca6ca6de13d114a5b1b14cf4e1fd9ffccc3f7ec4453bb00d8b5646f1,8218d7b7f4fb01824358e9ad42a86c378ffe2bc5e11adc3c3e4d89c7103f6207
reference_iii,2,6;8,V1;V3,474,0.9278673940018262,0.71671388101983,0.8954344624447718,,,binary,,,,,,,,,,,,,,,,,,,,,3.315697899997758,42,ecdb2816fbfecf3ce41ff2e3263e3bdaefd75a5bba81a8e030b7390f03e8d244,cb2cb2e442afa8d7158b02e4fe0114cf68696a9bf9f10f2a89c0ed63bc1301d2,34060e20ca6ca6de13d114a5b1b14cf4e1fd9ffccc3f7ec4453bb00d8b5646f1,f0533703c3724a4f9870a491d68c4e176f8cb1ae58583e44f7ee0986851a5bbb
reference_iii,2,6;9,V1;V4,474,0.9386369489382624,0.7847025495750708,0.9104258443465492,,,binary,,,,,,,,,,,,,,,,,,,,,3.321049700000003,42,ecdb2816fbfecf3ce41ff2e3263e3bdaefd75a5bba81a8e030b7390f03e8d244,cb2cb2e442afa8d7158b02e4fe0114cf68696a9bf9f10f2a89c0ed63bc1301d2,34060e20ca6ca6de13d114a5b1b14cf4e1fd9ffccc3f7ec4453bb00d8b5646f1,be60e4c4b086d85c0b56ff8e9f2005c1930af6dddc7d5a47547613ed9a477a8f
reference_iii,2,6;10,V1;V5,474,0.9470418842038724,0.7818696883852692,0.9093567251461988,,,binary,,,,,,,,,,,,,,,,,,,,,3.3137300000016694,42,ecdb2816fbfecf3ce41ff2e3263e3bdaefd75a5bba81a8e030b7390f03e8d244,cb2cb2e442afa8d7158b02e4fe0114cf68696a9bf9f10f2a89c0ed63bc1301d2,34060e20ca6ca6de13d114a5b1b14cf4e1fd9ffccc3f7ec4453bb00d8b5646f1,84485577887d5a4f52b3ec0d895fb51fbdeb02c38feeb14a7f5eb29f84299055
reference_iii,2,6;11,V1;V6,474,0.947908131013977,0.8130311614730878,0.9042709867452136,,,binary,,,,,,,,,,,,,,,,,,,,,3.3176907999986724,42,ecdb2816fbfecf3ce41ff2e3263e3bdaefd75a5bba81a8e030b7390f03e8d244,cb2cb2e442afa8d7158b02e4fe0114cf68696a9bf9f10f2a89c0ed63bc1301d2,34060e20ca6ca6de13d114a5b1b14cf4e1fd9ffccc3f7ec4453bb00d8b5646f1,ab508cfdd7cc6df505a0fa29fa332e51f7ef2988d330d573b98d9e41a65f68b1
reference_iii,2,7;8,V2;V3,474,0.9122281272680447,0.6968838526912181,0.8885672937771346,,,binary,,,,,,,,,,,,,,,,,,,,,3.3145497999976214,42,ecdb2816fbfecf3ce41ff2e3263e3bdaefd75a5bba81a8e030b7390f03e8d244,cb2cb2e442afa8d7158b02e4fe0114cf68696a9bf9f10f2a89c0ed63bc1301d2,34060e20ca6ca6de13d114a5b1b14cf4e1fd9ffccc3f7ec4453bb00d8b5646f1,52649a18ba1e7a264ef8b4d4227e9d1936687b38254b67e975630407db493948
reference_iii,2,7;9,V2;V4,474,0.9334628801535834,0.7903682719546742,0.8998548621190131,,,binary,,,,,,,,,,,,,,,,,,,,,3.314824100001715,42,ecdb2816fbfecf3ce41ff2e3263e3bdaefd75a5bba81a8e030b7390f03e8d244,cb2cb2e442afa8d7158b02e4fe0114cf68696a9bf9f10f2a89c0ed63bc1301d2,34060e20ca6ca6de13d114a5b1b14cf4e1fd9ffccc3f7ec4453bb00d8b5646f1,c13d250aff8a8ee974308d654b0a082fab1cc4720cc24efab25b9eaa5f7fd225
reference_iii,2,7;10,V2;V5,474,0.9444431437735583,0.7847025495750708,0.9125364431486881,,,binary,,,,,,,,,,,,,,,,,,,,,3.318925899999158,42,ecdb2816fbfecf3ce41ff2e3263e3bdaefd75a5bba81a8e030b7390f03e8d244,cb2cb2e442afa8d7158b02e4fe0114cf68696a9bf9f10f2a89c0ed63bc1301d2,34060e20ca6ca6de13d114a5b1b14cf4e1fd9ffccc3f7ec4453bb00d8b5646f1,ae34111f426134be2dba96e3496a2bdcd25ada0a690adb85428166398f4bd0f0
reference_iii,2,7;11,V2;V6,474,0.9421721724065274,0.7422096317280453,0.9053857350800583,,,binary,,,,,,,,,,,,,,,,,,,,,3.3139017000030435,42,ecdb2816fbfecf3ce41ff2e3263e3bdaefd75a5bba81a8e030b7390f03e8d244,cb2cb2e442afa8d7158b02e4fe0114cf68696a9bf9f10f2a89c0ed63bc1301d2,34060e20ca6ca6de13d114a5b1b14cf4e1fd9ffccc3f7ec4453bb00d8b5646f1,b2d998df7a2d3377baccaa8ad4f9f2525d01bf8fc7cdd1f460eedd6cf84a297f
reference_iii,2,8;9,V3;V4,474,0.9335565284573782,0.7592067988668555,0.9045521292217328,,,binary,,,,,,,,,,,,,,,,,,,,,3.318909800000256,42,ecdb2816fbfecf3ce41ff2e3263e3bdaefd75a5bba81a8e030b7390f03e8d244,cb2cb2e442afa8d7158b02e4fe0114cf68696a9bf9f10f2a89c0ed63bc1301d2,34060e20ca6ca6de13d114a5b1b14cf4e1fd9ffccc3f7ec4453bb00d8b5646f1,a63cd37873bbea0a61cefaa3a4e1d4c90db0e7c7f5e6b985c35e4d7c718a6aa4
reference_iii,2,8;10,V3;V5,474,0.9429681829887855,0.7563739376770539,0.9077598828696926,,,binary,,,,,,,,,,,,,,,,,,,,,3.3213654999999562,42,ecdb2816fbfecf3ce41ff2e3263e3bdaefd75a5bba81a8e030b7390f03e8d244,cb2cb2e442afa8d7158b02e4fe0114cf68696a9bf9f10f2a89c0ed63bc1301d2,34060e20ca6ca6de13d114a5b1b14cf4e1fd9ffccc3f7ec4453bb00d8b5646f1,cf0c8e1634082cf5e9b24703807d825f1db3e2dd192d38723835d39433751b09
reference_iii,2,8;11,V3;V6,474,0.9432725399761198,0.7507082152974505,0.9064327485380117,,,binary,,,,,,,,,,,,,,,,,,,,,3.3133192999994208,42,ecdb2816fbfecf3ce41ff2e3263e3bdaefd75a5bba81a8e030b7390f03e8d244,cb2cb2e442afa8d7158b02e4fe0114cf68696a9bf9f10f2a89c0ed63bc1301d2,34060e20ca6ca6de13d114a5b1b14cf4e1fd9ffccc3f7ec4453bb00d8b5646f1,0640a038258aac112767c6d684dbdb66d4371d5f512ee645bdfe0365dc1a14da
reference_iii,2,9;10,V4;V5,474,0.9423828810900663,0.7478753541076487,0.9201741654571843,,,binary,,,,,,,,,,,,,,,,,,,,,3.3160620000016934,42,ecdb2816fbfecf3ce41ff2e3263e3bdaefd75a5bba81a8e030b7390f03e8d244,cb2cb2e442afa8d7158b02e4fe0114cf68696a9bf9f10f2a89c0ed63bc1301d2,34060e20ca6ca6de13d114a5b1b14cf4e1fd9ffccc3f7ec4453bb00d8b5646f1,3772a6c344ea9cebe6306efe48fe53c631c2799d56ba959868c03b2f40b0bcdb
reference_iii,2,9;11,V4;V6,474,0.9425701776976565,0.7762039660056658,0.9117221418234442,,,binary,,,,,,,,,,,,,,,,,,,,,3.316414099997928,42,ecdb2816fbfecf3ce41ff2e3263e3bdaefd75a5bba81a8e030b7390f03e8d244,cb2cb2e442afa8d7158b02e4fe0114cf68696a9bf9f10f2a89c0ed63bc1301d2,34060e20ca6ca6de13d114a5b1b14cf4e1fd9ffccc3f7ec4453bb00d8b5646f1,93b9f394a7aed6dbc7e5c2f94cfcfea9de3f88a3a256d8fe6bb3f725fb16fb9f
reference_iii,2,10;11,V5;V6,474,0.944279259241917,0.773371104815864,0.9135446685878963,,,binary,,,,,,,,,,,,,,,,,,,,,3.315548700000363,42,ecdb2816fbfecf3ce41ff2e3263e3bdaefd75a5bba81a8e030b7390f03e8d244,cb2cb2e442afa8d7158b02e4fe0114cf68696a9bf9f10f2a89c0ed63bc1301d2,34060e20ca6ca6de13d114a5b1b14cf4e1fd9ffccc3f7ec4453bb00d8b5646f1,b3bc493d510c92816182378d7f95975e223f001e2e859ee59ea0892a4815aa23
reference_iii,3,0;1;2,I;II;III,474,0.9502025144569569,0.7422096317280453,0.9325681492109039,,,binary,,,,,,,,,,,,,,,,,,,,,3.322899299997516,42,ecdb2816fbfecf3ce41ff2e3263e3bdaefd75a5bba81a8e030b7390f03e8d244,cb2cb2e442afa8d7158b02e4fe0114cf68696a9bf9f10f2a89c0ed63bc1301d2,34060e20ca6ca6de13d114a5b1b14cf4e1fd9ffccc3f7ec4453bb00d8b5646f1,48fe84b3cea859ed7e6c08a47a5a30670bd1408e7f76cca243f81a9c429e6f33
reference_iii,3,0;1;3,I;II;aVR,474,0.9495469763303911,0.7535410764872521,0.9325681492109039,,,binary,,,,,,,,,,,,,,,,,,,,,3.315804099998786,42,ecdb2816fbfecf3ce41ff2e3263e3bdaefd75a5bba81a8e030b7390f03e8d244,cb2cb2e442afa8d7158b02e4fe0114cf68696a9bf9f10f2a89c0ed63bc1301d2,34060e20ca6ca6de13d114a5b1b14cf4e1fd9ffccc3f7ec4453bb00d8b5646f1,8c2458a9980d0bb5ba42bc3c81de50c1b2089c36f2892febb6b013125ec9e3f9
reference_iii,3,0;1;4,I;II;aVL,474,0.9505302835202397,0.7365439093484419,0.9325681492109039,,,binary,,,,,,,,,,,,,,,,,,,,,3.3142498999986856,42,ecdb2816fbfecf3ce41ff2e3263e3bdaefd75a5bba81a8e030b7390f03e8d244,cb2cb2e442afa8d7158b02e4fe0114cf68696a9bf9f10f2a89c0ed63bc1301d2,34060e20ca6ca6de13d114a5b1b14cf4e1fd9ffccc3f7ec4453bb00d8b5646f1,139d0682fd59b88c62853c3f6954969f9f97547ecb52d3b03ca6c64833b50cd0
reference_iii,3,0;1;5,I;II;aVF,474,0.9499449816215204,0.7393767705382436,0.9310344827586207,,,binary,,,,,,,,,,,,,,,,,,,,,3.320715800000471,42,ecdb2816fbfecf3ce41ff2e3263e3bdaefd75a5bba81a8e030b7390f03e8d244,cb2cb2e442afa8d7158b02e4fe0114cf68696a9bf9f10f2a89c0ed63bc1301d2,34060e20ca6ca6de13d114a5b1b14cf4e1fd9ffccc3f7ec4453bb00d8b5646f1,74650e10092d37497b8be98d79846a52efc4aafe9c45106cc5981d6e89ece683
reference_iii,3,0;1;6,I;II;V1,474,0.9532226722543488,0.7960339943342776,0.930835734870317,,,binary,,,,,,,,,,,,,,,,,,,,,3.314347800001997,42,ecdb2816fbfecf3ce41ff2e3263e3bdaefd75a5bba81a8e030b7390f03e8d244,cb2cb2e442afa8d7158b02e4fe0114cf68696a9bf9f10f2a89c0ed63bc1301d2,34060e20ca6ca6de13d114a5b1b14cf4e1fd9ffccc3f7ec4453bb00d8b5646f1,809e7f1828ae58330c40f1e307a45e3c5c5dae0a2d72d2d1668bb43b611f24bc
reference_iii,3,0;1;7,I;II;V2,474,0.9465268185329995,0.7592067988668555,0.9082969432314411,,,binary,,,,,,,,,,,,,,,,,,,,,3.32540489999883,42,ecdb2816fbfecf3ce41ff2e3263e3bdaefd75a5bba81a8e030b7390f03e8d244,cb2cb2e442afa8d7158b02e4fe0114cf68696a9bf9f10f2a89c0ed63bc1301d2,34060e20ca6ca6de13d114a5b1b14cf4e1fd9ffccc3f7ec4453bb00d8b5646f1,9101b20f117e23dba1d3467b5a6ff43f7a6c966f3b8c1cac7122d01bdb1fc95e
reference_iii,3,0;1;8,I;II;V3,474,0.9429915950647344,0.7563739376770539,0.914616497829233,,,binary,,,,,,,,,,,,,,,,,,,,,3.322149499999796,42,ecdb2816fbfecf3ce41ff2e3263e3bdaefd75a5bba81a8e030b7390f03e8d244,cb2cb2e442afa8d7158b02e4fe0114cf68696a9bf9f10f2a89c0ed63bc1301d2,34060e20ca6ca6de13d114a5b1b14cf4e1fd9ffccc3f7ec4453bb00d8b5646f1,480dab0a7ce7e71783fb060df14b3c8b866b3148be7c9f2e4edf61d326f7c905
reference_iii,3,0;1;9,I;II;V4,474,0.9469950600519748,0.7620396600566572,0.9204052098408104,,,binary,,,,,,,,,,,,,,,,,,,,,3.3133742999998503,42,ecdb2816fbfecf3ce41ff2e3263e3bdaefd75a5bba81a8e030b7390f03e8d244,cb2cb2e442afa8d7158b02e4fe0114cf68696a9bf9f10f2a89c0ed63bc1301d2,34060e20ca6ca6de13d114a5b1b14cf4e1fd9ffccc3f7ec4453bb00d8b5646f1,85aac201b03fa8e0905d68c97457c0f9afc38b3bd747816c8d796ac657bb6084
reference_iii,3,0;1;10,I;II;V5,474,0.9469248238241286,0.773371104815864,0.9175108538350217,,,binary,,,,,,,,,,,,,,,,,,,,,3.313128699999652,42,ecdb2816fbfecf3ce41ff2e3263e3bdaefd75a5bba81a8e030b7390f03e8d244,cb2cb2e442afa8d7158b02e4fe0114cf68696a9bf9f10f2a89c0ed63bc1301d2,34060e20ca6ca6de13d114a5b1b14cf4e1fd9ffccc3f7ec4453bb00d8b5646f1,ae696c6eed80d1cdd3c0d4d8559ffeca0d2009bc1e49393173337d04dc1ac916
reference_iii,3,0;1;11,I;II;V6,474,0.9477910706342331,0.7705382436260623,0.9156976744186046,,,binary,,,,,,,,,,,,,,,,,,,,,3.316710299997794,42,ecdb2816fbfecf3ce41ff2e3263e3bdaefd75a5bba81a8e030b7390f03e8d244,cb2cb2e442afa8d7158b02e4fe0114cf68696a9bf9f10f2a89c0ed63bc1301d2,34060e20ca6ca6de13d114a5b1b14cf4e1fd9ffccc3f7ec4453bb00d8b5646f1,a760be447da54a91998e1592109e41418d7b36a7b9edabcb08f0aa8a66170570
reference_iii,3,0;2;3,I;III;aVR,474,0.9495235642544425,0.7478753541076487,0.9266187050359712,,,binary,,,,,,,,,,,,,,,,,,,,,3.318309099999169,42,ecdb2816fbfecf3ce41ff2e3263e3bdaefd75a5bba81a8e030b7390f03e8d244,cb2cb2e442afa8d7158b02e4fe0114cf68696a9bf9f10f2a89c0ed63bc1301d2,34060e20ca6ca6de13d114a5b1b14cf4e1fd9ffccc3f7ec4453bb00d8b5646f1,d7ce51bfea9fd6ef37428b030aa6747fbfbebd751b08507038553049a730be96
reference_iii,3,0;2;4,I;III;aVL,474,0.9472760049633601,0.7535410764872521,0.9125364431486881,,,binary,,,,,,,,,,,,,,,,,,,,,3.313753499998711,42,ecdb2816fbfecf3ce41ff2e3263e3bdaefd75a5bba81a8e030b7390f03e8d244,cb2cb2e442afa8d7158b02e4fe0114cf68696a9bf9f10f2a89c0ed63bc1301d2,34060e20ca6ca6de13d114a5b1b14cf4e1fd9ffccc3f7ec4453bb00d8b5646f1,f6edac5805a090ad0910f90857ef9bfb3244a967b581f14775084082990a3c9c
reference_iii,3,0;2;5,I;III;aVF,474,0.9502727506848032,0.7450424929178471,0.9248554913294798,,,binary,,,,,,,,,,,,,,,,,,,,,3.31126679999943,42,ecdb2816fbfecf3ce41ff2e3263e3bdaefd75a5bba81a8e030b7390f03e8d244,cb2cb2e442afa8d7158b02e4fe0114cf68696a9bf9f10f2a89c0ed63bc1301d2,34060e20ca6ca6de13d114a5b1b14cf4e1fd9ffccc3f7ec4453bb00d8b5646f1,15c63dd9b649fe453b175f3e40570f47010867168cb02e144656fce833f36237
reference_iii,3,0;2;6,I;III;V1,474,0.9502259265329056,0.7422096317280453,0.9217391304347826,,,binary,,,,,,,,,,,,,,,,,,,,,3.3132750000004307,42,ecdb2816fbfecf3ce41ff2e3263e3bdaefd75a5bba81a8e030b7390f03e8d244,cb2cb2e442afa8d7158b02e4fe0114cf68696a9bf9f10f2a89c0ed63bc1301d2,34060e20ca6ca6de13d114a5b1b14cf4e1fd9ffccc3f7ec4453bb00d8b5646f1,f14577896ed5dd8c10a07cf0850d10d78b3556f89b0b9a82139dad4d003688a8
reference_iii,3,0;2;7,I;III;V2,474,0.9457776321026385,0.7507082152974505,0.9161849710982659,,,binary,,,,,,,,,,,,,,,,,,,,,3.317423600001348,42,ecdb2816fbfecf3ce41ff2e3263e3bdaefd75a5bba81a8e030b7390f03e8d244,cb2cb2e442afa8d7158b02e4fe0114cf68696a9bf9f10f2a89c0ed63bc1301d2,34060e20ca6ca6de13d114a5b1b14cf4e1fd9ffccc3f7ec4453bb00d8b5646f1,12ad0a392a5715e4cde8747cf488f205e297cb5e5b04df0f33c445f64f1f767a
reference_iii,3,0;2;8,I;III;V3,474,0.9422189965584249,0.7195467422096318,0.9021897810218978,,,binary,,,,,,,,,,,,,,,,,,,,,3.331747999996878,42,ecdb2816fbfecf3ce41ff2e3263e3bdaefd75a5bba81a8e030b7390f03e8d244,cb2cb2e442afa8d7158b02e4fe0114cf68696a9bf9f10f2a89c0ed63bc1301d2,34060e20ca6ca6de13d114a5b1b14cf4e1fd9ffccc3f7ec4453bb00d8b5646f1,8137e62553274393afebd0ce40f1f287f98e2326a093ef9312e2a95dc696e8e7
reference_iii,3,0;2;9,I;III;V4,474,0.9465268185329994,0.7705382436260623,0.9219653179190751,,,binary,,,,,,,,,,,,,,,,,,,,,3.3388434999978926,42,ecdb2816fbfecf3ce41ff2e3263e3bdaefd75a5bba81a8e030b7390f03e8d244,cb2cb2e442afa8d7158b02e4fe0114cf68696a9bf9f10f2a89c0ed63bc1301d2,34060e20ca6ca6de13d114a5b1b14cf4e1fd9ffccc3f7ec4453bb00d8b5646f1,043d9c9e0471ee65c10bb715d8c1892d6217ccef7a002d3fa222bec6f2af786e
reference_iii,3,0;2;10,I;III;V5,474,0.9455903354950483,0.7535410764872521,0.9148629148629148,,,binary,,,,,,,,,,,,,,,,,,,,,3.330947300000844,42,ecdb2816fbfecf3ce41ff2e3263e3bdaefd75a5bba81a8e030b7390f03e8d244,cb2cb2e442afa8d7158b02e4fe0114cf68696a9bf9f10f2a89c0ed63bc1301d2,34060e20ca6ca6de13d114a5b1b14cf4e1fd9ffccc3f7ec4453bb00d8b5646f1,5856a5b985e438fffa7809372d4556c0a84d9c20a5762133e7f884f76e93bddf
reference_iii,3,0;2;11,I;III;V6,474,0.9457776321026384,0.7762039660056658,0.9183673469387755,,,binary,,,,,,,,,,,,,,,,,,,,,3.3204155000021274,42,ecdb2816fbfecf3ce41ff2e3263e3bdaefd75a5bba81a8e030b7390f03e8d244,cb2cb2e442afa8d7158b02e4fe0114cf68696a9bf9f10f2a89c0ed63bc1301d2,34060e20ca6ca6de13d114a5b1b14cf4e1fd9ffccc3f7ec4453bb00d8b5646f1,be65a2f2d45ba5e154237b57eb0d21b36321aa8df98673c2b2dc0a0ec4e82b10
reference_iii,3,0;3;4,I;aVR;aVL,474,0.9510687612670615,0.7478753541076487,0.9239598278335724,,,binary,,,,,,,,,,,,,,,,,,,,,3.3290307999996003,42,ecdb2816fbfecf3ce41ff2e3263e3bdaefd75a5bba81a8e030b7390f03e8d244,cb2cb2e442afa8d7158b02e4fe0114cf68696a9bf9f10f2a89c0ed63bc1301d2,34060e20ca6ca6de13d114a5b1b14cf4e1fd9ffccc3f7ec4453bb00d8b5646f1,d92615aca6a075d213a4a06976ae1e486f09d179776564fbcdaf6d7e07a933ec
reference_iii,3,0;3;5,I;aVR;aVF,474,0.9485402570645939,0.7535410764872521,0.9219653179190751,,,binary,,,,,,,,,,,,,,,,,,,,,3.314060000000609,42,ecdb2816fbfecf3ce41ff2e3263e3bdaefd75a5bba81a8e030b7390f03e8d244,cb2cb2e442afa8d7158b02e4fe0114cf68696a9bf9f10f2a89c0ed63bc1301d2,34060e20ca6ca6de13d114a5b1b14cf4e1fd9ffccc3f7ec4453bb00d8b5646f1,35e61b27e627c211ed451365285b8e7d2558e669fa5cfef87c89cfc85e10aa37
reference_iii,3,0;3;6,I;aVR;V1,474,0.9529885514948611,0.7762039660056658,0.9239598278335724,,,binary,,,,,,,,,,,,,,,,,,,,,3.326526600001671,42,ecdb2816fbfecf3ce41ff2e3263e3bdaefd75a5bba81a8e030b7390f03e8d244,cb2cb2e442afa8d7158b02e4fe0114cf68696a9bf9f10f2a89c0ed63bc1301d2,34060e20ca6ca6de13d114a5b1b14cf4e1fd9ffccc3f7ec4453bb00d8b5646f1,1a9e8f1c02c463d05ca75d939b8adbbd4f08320a5048dfff44a52d477df5be61
reference_iii,3,0;3;7,I;aVR;V2,474,0.9464331702292043,0.7563739376770539,0.9177489177489178,,,binary,,,,,,,,,,,,,,,,,,,,,3.3159104000005755,42,ecdb2816fbfecf3ce41ff2e3263e3bdaefd75a5bba81a8e030b7390f03e8d244,cb2cb2e442afa8d7158b02e4fe0114cf68696a9bf9f10f2a89c0ed63bc1301d2,34060e20ca6ca6de13d114a5b1b14cf4e1fd9ffccc3f7ec4453bb00d8b5646f1,a54af4714f98ac635be2d30434d301147c6b65ea8798ad24cc2d00cb6b0c0eab
reference_iii,3,0;3;8,I;aVR;V3,474,0.9435300728115563,0.7308781869688386,0.9190751445086706,,,binary,,,,,,,,,,,,,,,,,,,,,3.3124615000015183,42,ecdb2816fbfecf3ce41ff2e3263e3bdaefd75a5bba81a8e030b7390f03e8d244,cb2cb2e442afa8d7158b02e4fe0114cf68696a9bf9f10f2a89c0ed63bc1301d2,34060e20ca6ca6de13d114a5b1b14cf4e1fd9ffccc3f7ec4453bb00d8b5646f1,75edfe3c9e69649fa282dbef75cbc2894d59d9dbea77f55bd069a34e5dfda766
reference_iii,3,0;3;9,I;aVR;V4,474,0.947814482710182,0.7592067988668555,0.9232995658465991,,,binary,,,,,,,,,,,,,,,,,,,,,3.327936400000908,42,ecdb2816fbfecf3ce41ff2e3263e3bdaefd75a5bba81a8e030b7390f03e8d244,cb2cb2e442afa8d7158b02e4fe0114cf68696a9bf9f10f2a89c0ed63bc1301d2,34060e20ca6ca6de13d114a5b1b14cf4e1fd9ffccc3f7ec4453bb00d8b5646f1,4775ee9e53a7aa72e97fe61ca27ab614bace431c296f7351571d78308accf9b1
reference_iii,3,0;3;10,I;aVR;V5,474,0.9475335377987966,0.7563739376770539,0.9177489177489178,,,binary,,,,,,,,,,,,,,,,,,,,,3.3158179000020027,42,ecdb2816fbfecf3ce41ff2e3263e3bdaefd75a5bba81a8e030b7390f03e8d244,cb2cb2e442afa8d7158b02e4fe0114cf68696a9bf9f10f2a89c0ed63bc1301d2,34060e20ca6ca6de13d114a5b1b14cf4e1fd9ffccc3f7ec4453bb00d8b5646f1,fedc57fbbbef767b179b210a4a3d793080bf166e961c5cc834614193c9b695b4
reference_iii,3,0;3;11,I;aVR;V6,474,0.9481422517734647,0.7790368271954674,0.9228529839883551,,,binary,,,,,,,,,,,,,,,,,,,,,3.3135277000001224,42,ecdb2816fbfecf3ce41ff2e3263e3bdaefd75a5bba81a8e030b7390f03e8d244,cb2cb2e442afa8d7158b02e4fe0114cf68696a9bf9f10f2a89c0ed63bc1301d2,34060e20ca6ca6de13d114a5b1b14cf4e1fd9ffccc3f7ec4453bb00d8b5646f1,7fe8aee3a4aa9c8df26b4ab012878d20c2c0d7f8e102dbefa5cca68ee09349a7
reference_iii,3,0;4;5,I;aVL;aVF,474,0.948118839697516,0.7422096317280453,0.9188405797101449,,,binary,,,,,,,,,,,,,,,,,,,,,3.3271554999992077,42,ecdb2816fbfecf3ce41ff2e3263e3bdaefd75a5bba81a8e030b7390f03e8d244,cb2cb2e442afa8d7158b02e4fe0114cf68696a9bf9f10f2a89c0ed63bc1301d2,34060e20ca6ca6de13d114a5b1b14cf4e1fd9ffccc3f7ec4453bb00d8b5646f1,0e31b868720048be3c7bab40e723b317297f85061dbe1fd878aed73f8ed347bb
reference_iii,3,0;4;6,I;aVL;V1,474,0.9507878163556763,0.7393767705382436,0.9264069264069265,,,binary,,,,,,,,,,,,,,,,,,,,,3.3159842999994,42,ecdb2816fbfecf3ce41ff2e3263e3bdaefd75a5bba81a8e030b7390f03e8d244,cb2cb2e442afa8d7158b02e4fe0114cf68696a9bf9f10f2a89c0ed63bc1301d2,34060e20ca6ca6de13d114a5b1b14cf4e1fd9ffccc3f7ec4453bb00d8b5646f1,8b27fbd7f256756d7f64a7f5b4b5ac778f97a3bfbbc9757446a5eabac37f9750
reference_iii,3,0;4;7,I;aVL;V2,474,0.9439280781026853,0.7223796033994334,0.9179856115107914,,,binary,,,,,,,,,,,,,,,,,,,,,3.3271828000033565,42,ecdb2816fbfecf3ce41ff2e3263e3bdaefd75a5bba81a8e030b7390f03e8d244,cb2cb2e442afa8d7158b02e4fe0114cf68696a9bf9f10f2a89c0ed63bc1301d2,34060e20ca6ca6de13d114a5b1b14cf4e1fd9ffccc3f7ec4453bb00d8b5646f1,e44dddeca4d109ea7247f3746bf756832f6742c715f922dcba8896a7b796109b
reference_iii,3,0;4;8,I;aVL;V3,474,0.9414932222040128,0.7082152974504249,0.9093567251461988,,,binary,,,,,,,,,,,,,,,,,,,,,3.317562199998065,42,ecdb2816fbfecf3ce41ff2e3263e3bdaefd75a5bba81a8e030b7390f03e8d244,cb2cb2e442afa8d7158b02e4fe0114cf68696a9bf9f10f2a89c0ed63bc1301d2,34060e20ca6ca6de13d114a5b1b14cf4e1fd9ffccc3f7ec4453bb00d8b5646f1,aeb52bd62bd4d035dfba08a2b859a9745691921783b18c75112526be04d273bc
reference_iii,3,0;4;9,I;aVL;V4,474,0.9468077634443846,0.7648725212464589,0.9199417758369723,,,binary,,,,,,,,,,,,,,,,,,,,,3.313959800001612,42,ecdb2816fbfecf3ce41ff2e3263e3bdaefd75a5bba81a8e030b7390f03e8d244,cb2cb2e442afa8d7158b02e4fe0114cf68696a9bf9f10f2a89c0ed63bc1301d2,34060e20ca6ca6de13d114a5b1b14cf4e1fd9ffccc3f7ec4453bb00d8b5646f1,2f27de07d6054b2dfee86974c68f554442056ac26106e18d2e906cb1221e17bf
reference_iii,3,0;4;10,I;aVL;V5,474,0.9472760049633601,0.7535410764872521,0.9177489177489178,,,binary,,,,,,,,,,,,,,,,,,,,,3.315148199999385,42,ecdb2816fbfecf3ce41ff2e3263e3bdaefd75a5bba81a8e030b7390f03e8d244,cb2cb2e442afa8d7158b02e4fe0114cf68696a9bf9f10f2a89c0ed63bc1301d2,34060e20ca6ca6de13d114a5b1b14cf4e1fd9ffccc3f7ec4453bb00d8b5646f1,ed9a82e85eb2a62696a0cde07d777e73d0a67ec5c016828b64e650cb96269411
reference_iii,3,0;4;11,I;aVL;V6,474,0.9475569498747454,0.7705382436260623,0.9186046511627907,,,binary,,,,,,,,,,,,,,,,,,,,,3.3200710999990406,42,ecdb2816fbfecf3ce41ff2e3263e3bdaefd75a5bba81a8e030b7390f03e8d244,cb2cb2e442afa8d7158b02e4fe0114cf68696a9bf9f10f2a89c0ed63bc1301d2,34060e20ca6ca6de13d114a5b1b14cf4e1fd9ffccc3f7ec4453bb00d8b5646f1,63d22a5ee4213af8ea7f205d45eb318d2e406ddb5f815de323434aba077e409d
reference_iii,3,0;5;6,I;aVF;V1,474,0.9519584201531149,0.7790368271954674,0.9215116279069767,,,binary,,,,,,,,,,,,,,,,,,,,,3.3268238000018755,42,ecdb2816fbfecf3ce41ff2e3263e3bdaefd75a5bba81a8e030b7390f03e8d244,cb2cb2e442afa8d7158b02e4fe0114cf68696a9bf9f10f2a89c0ed63bc1301d2,34060e20ca6ca6de13d114a5b1b14cf4e1fd9ffccc3f7ec4453bb00d8b5646f1,1c8ac7e0fa50a4634149ca6f61ec8b629208b51af26fb105a909d42e2a31a205
reference_iii,3,0;5;7,I;aVF;V2,474,0.9461288132418701,0.7393767705382436,0.9219653179190751,,,binary,,,,,,,,,,,,,,,,,,,,,3.3378249000015785,42,ecdb2816fbfecf3ce41ff2e3263e3bdaefd75a5bba81a8e030b7390f03e8d244,cb2cb2e442afa8d7158b02e4fe0114cf68696a9bf9f10f2a89c0ed63bc1301d2,34060e20ca6ca6de13d114a5b1b14cf4e1fd9ffccc3f7ec4453bb00d8b5646f1,f30d6ebbb2fd9236355292b91b89a6ff57074665a63bd016def50945fcf323fe
reference_iii,3,0;5;8,I;aVF;V3,474,0.9443260833938145,0.7393767705382436,0.9177489177489178,,,binary,,,,,,,,,,,,,,,,,,,,,3.3209263000026112,42,ecdb2816fbfecf3ce41ff2e3263e3bdaefd75a5bba81a8e030b7390f03e8d244,cb2cb2e442afa8d7158b02e4fe0114cf68696a9bf9f10f2a89c0ed63bc1301d2,34060e20ca6ca6de13d114a5b1b14cf4e1fd9ffccc3f7ec4453bb00d8b5646f1,bf419cbd30da9a5e77de1aa72e0eff61efebc2cb7e22b2e6267ec571f64c5388
reference_iii,3,0;5;9,I;aVF;V4,474,0.9464331702292041,0.7592067988668555,0.9204052098408104,,,binary,,,,,,,,,,,,,,,,,,,,,3.3222860999994737,42,ecdb2816fbfecf3ce41ff2e3263e3bdaefd75a5bba81a8e030b7390f03e8d244,cb2cb2e442afa8d7158b02e4fe0114cf68696a9bf9f10f2a89c0ed63bc1301d2,34060e20ca6ca6de13d114a5b1b14cf4e1fd9ffccc3f7ec4453bb00d8b5646f1,0b37afcd33a35f96bc803f34bca508ce667c5d942c4e22de1efbc2698fad375a
reference_iii,3,0;5;10,I;aVF;V5,474,0.946456582305153,0.7478753541076487,0.9177489177489178,,,binary,,,,,,,,,,,,,,,,,,,,,3.315746300002502,42,ecdb2816fbfecf3ce41ff2e3263e3bdaefd75a5bba81a8e030b7390f03e8d244,cb2cb2e442afa8d7158b02e4fe0114cf68696a9bf9f10f2a89c0ed63bc1301d2,34060e20ca6ca6de13d114a5b1b14cf4e1fd9ffccc3f7ec4453bb00d8b5646f1,3bc094c0863d92261f09ff7edcb1c1d2863dbce8decd0e95f95e0781956d5f50
reference_iii,3,0;5;11,I;aVF;V6,474,0.946245873621614,0.7592067988668555,0.9228529839883551,,,binary,,,,,,,,,,,,,,,,,,,,,3.3131690000009257,42,ecdb2816fbfecf3ce41ff2e3263e3bdaefd75a5bba81a8e030b7390f03e8d244,cb2cb2e442afa8d7158b02e4fe0114cf68696a9bf9f10f2a89c0ed63bc1301d2,34060e20ca6ca6de13d114a5b1b14cf4e1fd9ffccc3f7ec4453bb00d8b5646f1,f3ef74be35d65ca6bca6726eebbe793503d802df6ebdd00480d1dbb50a0238b6
reference_iii,3,0;6;7,I;V1;V2,474,0.9377238779762601,0.71671388101983,0.9016152716593245,,,binary,,,,,,,,,,,,,,,,,,,,,3.3161814999984927,42,ecdb2816fbfecf3ce41ff2e3263e3bdaefd75a5bba81a8e030b7390f03e8d244,cb2cb2e442afa8d7158b02e4fe0114cf68696a9bf9f10f2a89c0ed63bc1301d2,34060e20ca6ca6de13d114a5b1b14cf4e1fd9ffccc3f7ec4453bb00d8b5646f1,a3c5e47c287e55622f820d4bf7314e5e4838815110df76bb583fc14c2af95cb2
reference_iii,3,0;6;8,I;V1;V3,474,0.9399480251913938,0.7252124645892352,0.9138686131386862,,,binary,,,,,,,,,,,,,,,,,,,,,3.3183776999976544,42,ecdb2816fbfecf3ce41ff2e3263e3bdaefd75a5bba81a8e030b7390f03e8d244,cb2cb2e442afa8d7158b02e4fe0114cf68696a9bf9f10f2a89c0ed63bc1301d2,34060e20ca6ca6de13d114a5b1b14cf4e1fd9ffccc3f7ec4453bb00d8b5646f1,3d6056f8fd9ebf98e1616a6f0807721280e35fc9f8d8ef346d108d2cd27b58f5
reference_iii,3,0;6;9,I;V1;V4,474,0.9450986819001241,0.7620396600566572,0.9120234604105572,,,binary,,,,,,,,,,,,,,,,,,,,,3.321969900000113,42,ecdb2816fbfecf3ce41ff2e3263e3bdaefd75a5bba81a8e030b7390f03e8d244,cb2cb2e442afa8d7158b02e4fe0114cf68696a9bf9f10f2a89c0ed63bc1301d2,34060e20ca6ca6de13d114a5b1b14cf4e1fd9ffccc3f7ec4453bb00d8b5646f1,ccc5c2af7e7ccd7c511aa1b98043f79478983ef472b1d0d6b2823b0c2323bb69
reference_iii,3,0;6;10,I;V1;V5,474,0.9485402570645939,0.7592067988668555,0.9077598828696926,,,binary,,,,,,,,,,,,,,,,,,,,,3.3230927999975393,42,ecdb2816fbfecf3ce41ff2e3263e3bdaefd75a5bba81a8e030b7390f03e8d244,cb2cb2e442afa8d7158b02e4fe0114cf68696a9bf9f10f2a89c0ed63bc1301d2,34060e20ca6ca6de13d114a5b1b14cf4e1fd9ffccc3f7ec4453bb00d8b5646f1,a2a0629b248f61b4986ee8d065d70c0454a7566ad6900e0ff4a6abe4cc5141e3
reference_iii,3,0;6;11,I;V1;V6,474,0.9468779996722309,0.7875354107648725,0.9133627019089574,,,binary,,,,,,,,,,,,,,,,,,,,,3.3187101000003167,42,ecdb2816fbfecf3ce41ff2e3263e3bdaefd75a5bba81a8e030b7390f03e8d244,cb2cb2e442afa8d7158b02e4fe0114cf68696a9bf9f10f2a89c0ed63bc1301d2,34060e20ca6ca6de13d114a5b1b14cf4e1fd9ffccc3f7ec4453bb00d8b5646f1,ff55f199eebfd038eef13b55bb5086bcdf02dbb2b5054e1916371a9d485ae198
reference_iii,3,0;7;8,I;V2;V3,474,0.9364128017231288,0.7365439093484419,0.9096209912536443,,,binary,,,,,,,,,,,,,,,,,,,,,3.3285523999984434,42,ecdb2816fbfecf3ce41ff2e3263e3bdaefd75a5bba81a8e030b7390f03e8d244,cb2cb2e442afa8d7158b02e4fe0114cf68696a9bf9f10f2a89c0ed63bc1301d2,34060e20ca6ca6de13d114a5b1b14cf4e1fd9ffccc3f7ec4453bb00d8b5646f1,db2899208f2316a55109006a87e4e31c3523268f5acb001615b38b51649c098b
reference_iii,3,0;7;9,I;V2;V4,474,0.944489967925456,0.7847025495750708,0.9188405797101449,,,binary,,,,,,,,,,,,,,,,,,,,,3.3222351999975217,42,ecdb2816fbfecf3ce41ff2e3263e3bdaefd75a5bba81a8e030b7390f03e8d244,cb2cb2e442afa8d7158b02e4fe0114cf68696a9bf9f10f2a89c0ed63bc1301d2,34060e20ca6ca6de13d114a5b1b14cf4e1fd9ffccc3f7ec4453bb00d8b5646f1,9b817a579b89c518d19f5b1e32d2bd95d93d7372fbff5032bff4664c57586d16
reference_iii,3,0;7;10,I;V2;V5,474,0.9471589445836162,0.7535410764872521,0.9101449275362319,,,binary,,,,,,,,,,,,,,,,,,,,,3.317181899998104,42,ecdb2816fbfecf3ce41ff2e3263e3bdaefd75a5bba81a8e030b7390f03e8d244,cb2cb2e442afa8d7158b02e4fe0114cf68696a9bf9f10f2a89c0ed63bc1301d2,34060e20ca6ca6de13d114a5b1b14cf4e1fd9ffccc3f7ec4453bb00d8b5646f1,fab0c4d2a85104e37c5cb2b1d05ae604c39c5aa28ea7c69e1e1f4669dbc6f422
reference_iii,3,0;7;11,I;V2;V6,474,0.9449347973684826,0.7535410764872521,0.9117647058823529,,,binary,,,,,,,,,,,,,,,,,,,,,3.3294079000006604,42,ecdb2816fbfecf3ce41ff2e3263e3bdaefd75a5bba81a8e030b7390f03e8d244,cb2cb2e442afa8d7158b02e4fe0114cf68696a9bf9f10f2a89c0ed63bc1301d2,34060e20ca6ca6de13d114a5b1b14cf4e1fd9ffccc3f7ec4453bb00d8b5646f1,54b3b1f5b2260ff46e51ad1971361e27fe1ee5c746f38d296a44c806a3f44803
reference_iii,3,0;8;9,I;V3;V4,474,0.940111909723035,0.7762039660056658,0.8994082840236687,,,binary,,,,,,,,,,,,,,,,,,,,,3.3238715000006778,42,ecdb2816fbfecf3ce41ff2e3263e3bdaefd75a5bba81a8e030b7390f03e8d244,cb2cb2e442afa8d7158b02e4fe0114cf68696a9bf9f10f2a89c0ed63bc1301d2,34060e20ca6ca6de13d114a5b1b14cf4e1fd9ffccc3f7ec4453bb00d8b5646f1,b5e6670d8bcd2d278f85e1a5b3105ad2d4b3f5be78449b7a6bd9c9f910747fcd
reference_iii,3,0;8;10,I;V3;V5,474,0.9436939573431977,0.7620396600566572,0.9085545722713865,,,binary,,,,,,,,,,,,,,,,,,,,,3.313302599999588,42,ecdb2816fbfecf3ce41ff2e3263e3bdaefd75a5bba81a8e030b7390f03e8d244,cb2cb2e442afa8d7158b02e4fe0114cf68696a9bf9f10f2a89c0ed63bc1301d2,34060e20ca6ca6de13d114a5b1b14cf4e1fd9ffccc3f7ec4453bb00d8b5646f1,320b4faca861cbf4620f193ed8e7e55c9a74438facd5b42af04e7b37797cab11
reference_iii,3,0;8;11,I;V3;V6,474,0.9426638260014516,0.7620396600566572,0.9029411764705882,,,binary,,,,,,,,,,,,,,,,,,,,,3.3177574000001187,42,ecdb2816fbfecf3ce41ff2e3263e3bdaefd75a5bba81a8e030b7390f03e8d244,cb2cb2e442afa8d7158b02e4fe0114cf68696a9bf9f10f2a89c0ed63bc1301d2,34060e20ca6ca6de13d114a5b1b14cf4e1fd9ffccc3f7ec4453bb00d8b5646f1,6b1a8df9a8bf812282046154979aadad68cfda76e773e21a55a43a7c85e37b11
reference_iii,3,0;9;10,I;V4;V5,474,0.9422892327862712,0.7393767705382436,0.9098837209302325,,,binary,,,,,,,,,,,,,,,,,,,,,3.3140554999990854,42,ecdb2816fbfecf3ce41ff2e3263e3bdaefd75a5bba81a8e030b7390f03e8d244,cb2cb2e442afa8d7158b02e4fe0114cf68696a9bf9f10f2a89c0ed63bc1301d2,34060e20ca6ca6de13d114a5b1b14cf4e1fd9ffccc3f7ec4453bb00d8b5646f1,8d73c56288fc4b5e420c68727756d4ef76d4267d32d259565e1cd92c3858040c
reference_iii,3,0;9;11,I;V4;V6,474,0.9422892327862713,0.7535410764872521,0.9090909090909091,,,binary,,,,,,,,,,,,,,,,,,,,,3.3306759000006423,42,ecdb2816fbfecf3ce41ff2e3263e3bdaefd75a5bba81a8e030b7390f03e8d244,cb2cb2e442afa8d7158b02e4fe0114cf68696a9bf9f10f2a89c0ed63bc1301d2,34060e20ca6ca6de13d114a5b1b14cf4e1fd9ffccc3f7ec4453bb00d8b5646f1,307d7867fd2928877d0aed27e5b8958322bc7cde45ae1edaff929c0f6c4b1a40
reference_iii,3,0;10;11,I;V5;V6,474,0.9434832486596586,0.7507082152974505,0.9093567251461988,,,binary,,,,,,,,,,,,,,,,,,,,,3.339238900000055,42,ecdb2816fbfecf3ce41ff2e3263e3bdaefd75a5bba81a8e030b7390f03e8d244,cb2cb2e442afa8d7158b02e4fe0114cf68696a9bf9f10f2a89c0ed63bc1301d2,34060e20ca6ca6de13d114a5b1b14cf4e1fd9ffccc3f7ec4453bb00d8b5646f1,b803efd5dd5d4e0b7350c2f16778577cf7bcb4ddb1e4334a1dd0752cda854fc1
reference_iii,3,1;2;3,II;III;aVR,474,0.9499449816215204,0.7422096317280453,0.9325681492109039,,,binary,,,,,,,,,,,,,,,,,,,,,3.330339100000856,42,ecdb2816fbfecf3ce41ff2e3263e3bdaefd75a5bba81a8e030b7390f03e8d244,cb2cb2e442afa8d7158b02e4fe0114cf68696a9bf9f10f2a89c0ed63bc1301d2,34060e20ca6ca6de13d114a5b1b14cf4e1fd9ffccc3f7ec4453bb00d8b5646f1,f69dad124b566a080565fbeb64d04b4c5ba6cda4366bd9f116fc27a2bdb526fb
reference_iii,3,1;2;4,II;III;aVL,474,0.9506473438999836,0.7252124645892352,0.9333333333333333,,,binary,,,,,,,,,,,,,,,,,,,,,3.333145400003559,42,ecdb2816fbfecf3ce41ff2e3263e3bdaefd75a5bba81a8e030b7390f03e8d244,cb2cb2e442afa8d7158b02e4fe0114cf68696a9bf9f10f2a89c0ed63bc1301d2,34060e20ca6ca6de13d114a5b1b14cf4e1fd9ffccc3f7ec4453bb00d8b5646f1,433cf42a4cc548e7959a9caf067795b4359e1f48c6c8d82a1346a9263c758df6
reference_iii,3,1;2;5,II;III;aVF,474,0.9483763725329525,0.7507082152974505,0.9277456647398844,,,binary,,,,,,,,,,,,,,,,,,,,,3.3301192999970226,42,ecdb2816fbfecf3ce41ff2e3263e3bdaefd75a5bba81a8e030b7390f03e8d244,cb2cb2e442afa8d7158b02e4fe0114cf68696a9bf9f10f2a89c0ed63bc1301d2,34060e20ca6ca6de13d114a5b1b14cf4e1fd9ffccc3f7ec4453bb00d8b5646f1,7aeef541117409b169be2948aee729e0373b1275598ad8f0c609eaeabec8efa9
reference_iii,3,1;2;6,II;III;V1,474,0.9506239318240348,0.7592067988668555,0.9264069264069265,,,binary,,,,,,,,,,,,,,,,,,,,,3.3297302999999374,42,ecdb2816fbfecf3ce41ff2e3263e3bdaefd75a5bba81a8e030b7390f03e8d244,cb2cb2e442afa8d7158b02e4fe0114cf68696a9bf9f10f2a89c0ed63bc1301d2,34060e20ca6ca6de13d114a5b1b14cf4e1fd9ffccc3f7ec4453bb00d8b5646f1,652ef8359b784bf96c2caf87f4e48ee006f2420a94091a6c03a734899e88860d
reference_iii,3,1;2;7,II;III;V2,474,0.9461288132418701,0.7507082152974505,0.9122807017543859,,,binary,,,,,,,,,,,,,,,,,,,,,3.3370527000006405,42,ecdb2816fbfecf3ce41ff2e3263e3bdaefd75a5bba81a8e030b7390f03e8d244,cb2cb2e442afa8d7158b02e4fe0114cf68696a9bf9f10f2a89c0ed63bc1301d2,34060e20ca6ca6de13d114a5b1b14cf4e1fd9ffccc3f7ec4453bb00d8b5646f1,50ef574e237b831bc7598caee7d7763ae70346c54dffa8e04cef13a5b15cd7e0
reference_iii,3,1;2;8,II;III;V3,474,0.943857841874839,0.7450424929178471,0.9159420289855073,,,binary,,,,,,,,,,,,,,,,,,,,,3.3162407999989227,42,ecdb2816fbfecf3ce41ff2e3263e3bdaefd75a5bba81a8e030b7390f03e8d244,cb2cb2e442afa8d7158b02e4fe0114cf68696a9bf9f10f2a89c0ed63bc1301d2,34060e20ca6ca6de13d114a5b1b14cf4e1fd9ffccc3f7ec4453bb00d8b5646f1,1487a81bdb0a036eb5188497be9f0799b64cbd920d5b17e2d6ab3dfca1b438d2
reference_iii,3,1;2;9,II;III;V4,474,0.9464799943811019,0.7790368271954674,0.9161849710982659,,,binary,,,,,,,,,,,,,,,,,,,,,3.3168516000005184,42,ecdb2816fbfecf3ce41ff2e3263e3bdaefd75a5bba81a8e030b7390f03e8d244,cb2cb2e442afa8d7158b02e4fe0114cf68696a9bf9f10f2a89c0ed63bc1301d2,34060e20ca6ca6de13d114a5b1b14cf4e1fd9ffccc3f7ec4453bb00d8b5646f1,05f7dc56a87f733b8c7db73b33cddc8525935333e36ed447d20f761a71d300cb
reference_iii,3,1;2;10,II;III;V5,474,0.9477442464823356,0.7762039660056658,0.9188405797101449,,,binary,,,,,,,,,,,,,,,,,,,,,3.331738699998823,42,ecdb2816fbfecf3ce41ff2e3263e3bdaefd75a5bba81a8e030b7390f03e8d244,cb2cb2e442afa8d7158b02e4fe0114cf68696a9bf9f10f2a89c0ed63bc1301d2,34060e20ca6ca6de13d114a5b1b14cf4e1fd9ffccc3f7ec4453bb00d8b5646f1,cca2328a0f0f0fabf5500c0a825619de35b45840ddb00591892f17f6b4f00a81
reference_iii,3,1;2;11,II;III;V6,474,0.9474867136468992,0.7818696883852692,0.9172714078374455,,,binary,,,,,,,,,,,,,,,,,,,,,3.3319403999994393,42,ecdb2816fbfecf3ce41ff2e3263e3bdaefd75a5bba81a8e030b7390f03e8d244,cb2cb2e442afa8d7158b02e4fe0114cf68696a9bf9f10f2a89c0ed63bc1301d2,34060e20ca6ca6de13d114a5b1b14cf4e1fd9ffccc3f7ec4453bb00d8b5646f1,778be534073b3e4615affb712676417d5b3518d6171282baf2c3fc6ba8aca66e
reference_iii,3,1;3;4,II;aVR;aVL,474,0.9498747453936741,0.7422096317280453,0.932761087267525,,,binary,,,,,,,,,,,,,,,,,,,,,3.338351300000795,42,ecdb2816fbfecf3ce41ff2e3263e3bdaefd75a5bba81a8e030b7390f03e8d244,cb2cb2e442afa8d7158b02e4fe0114cf68696a9bf9f10f2a89c0ed63bc1301d2,34060e20ca6ca6de13d114a5b1b14cf4e1fd9ffccc3f7ec4453bb00d8b5646f1,4675c927bda1d26b0368e8dc3b537005b13c67c96e649cd9b07bbf2302d6d9fa
reference_iii,3,1;3;5,II;aVR;aVF,474,0.948329548381055,0.7223796033994334,0.9292929292929293,,,binary,,,,,,,,,,,,,,,,,,,,,3.3302588000005926,42,ecdb2816fbfecf3ce41ff2e3263e3bdaefd75a5bba81a8e030b7390f03e8d244,cb2cb2e442afa8d7158b02e4fe0114cf68696a9bf9f10f2a89c0ed63bc1301d2,34060e20ca6ca6de13d114a5b1b14cf4e1fd9ffccc3f7ec4453bb00d8b5646f1,614b2287e2fd1c01abb36951ec0c1bbe4db654713c8320abf0c65cc1284262d7
reference_iii,3,1;3;6,II;aVR;V1,474,0.9525437220518344,0.7988668555240793,0.9279538904899135,,,binary,,,,,,,,,,,,,,,,,,,,,3.327806999997847,42,ecdb2816fbfecf3ce41ff2e3263e3bdaefd75a5bba81a8e030b7390f03e8d244,cb2cb2e442afa8d7158b02e4fe0114cf68696a9bf9f10f2a89c0ed63bc1301d2,34060e20ca6ca6de13d114a5b1b14cf4e1fd9ffccc3f7ec4453bb00d8b5646f1,0d9dad0f817e8ba021936c2f947666d9c305237478fc4f91d56e23f9832d9711
reference_iii,3,1;3;7,II;aVR;V2,474,0.9462692856975627,0.7478753541076487,0.9156976744186046,,,binary,,,,,,,,,,,,,,,,,,,,,3.326635299999907,42,ecdb2816fbfecf3ce41ff2e3263e3bdaefd75a5bba81a8e030b7390f03e8d244,cb2cb2e442afa8d7158b02e4fe0114cf68696a9bf9f10f2a89c0ed63bc1301d2,34060e20ca6ca6de13d114a5b1b14cf4e1fd9ffccc3f7ec4453bb00d8b5646f1,faf4daedc83ef8697abb8a13c9fffbb7506490616d58890bf98546bcbd92681e
reference_iii,3,1;3;8,II;aVR;V3,474,0.9442792592419169,0.7252124645892352,0.9186046511627907,,,binary,,,,,,,,,,,,,,,,,,,,,3.3161216999978933,42,ecdb2816fbfecf3ce41ff2e3263e3bdaefd75a5bba81a8e030b7390f03e8d244,cb2cb2e442afa8d7158b02e4fe0114cf68696a9bf9f10f2a89c0ed63bc1301d2,34060e20ca6ca6de13d114a5b1b14cf4e1fd9ffccc3f7ec4453bb00d8b5646f1,bdfa19f42cd3a8fec78897f7a1c455c6b612c80a81f43ca657991aa33cee6c95
reference_iii,3,1;3;9,II;aVR;V4,474,0.9468311755203335,0.7705382436260623,0.9204052098408104,,,binary,,,,,,,,,,,,,,,,,,,,,3.3297367000013764,42,ecdb2816fbfecf3ce41ff2e3263e3bdaefd75a5bba81a8e030b7390f03e8d244,cb2cb2e442afa8d7158b02e4fe0114cf68696a9bf9f10f2a89c0ed63bc1301d2,34060e20ca6ca6de13d114a5b1b14cf4e1fd9ffccc3f7ec4453bb00d8b5646f1,48ed66de465a5fa18df290fa5ebcd42bcc1be276160b919530c8ace6e8a55c94
reference_iii,3,1;3;10,II;aVR;V5,474,0.9455435113431507,0.7563739376770539,0.914616497829233,,,binary,,,,,,,,,,,,,,,,,,,,,3.335878000001685,42,ecdb2816fbfecf3ce41ff2e3263e3bdaefd75a5bba81a8e030b7390f03e8d244,cb2cb2e442afa8d7158b02e4fe0114cf68696a9bf9f10f2a89c0ed63bc1301d2,34060e20ca6ca6de13d114a5b1b14cf4e1fd9ffccc3f7ec4453bb00d8b5646f1,4424837dfcef00c83f1334ea467a0a6fe7b3cf505774ca1c157fd59c7695d834
reference_iii,3,1;3;11,II;aVR;V6,474,0.9477442464823356,0.7818696883852692,0.910948905109489,,,binary,,,,,,,,,,,,,,,,,,,,,3.328910600001109,42,ecdb2816fbfecf3ce41ff2e3263e3bdaefd75a5bba81a8e030b7390f03e8d244,cb2cb2e442afa8d7158b02e4fe0114cf68696a9bf9f10f2a89c0ed63bc1301d2,34060e20ca6ca6de13d114a5b1b14cf4e1fd9ffccc3f7ec4453bb00d8b5646f1,de89171a7f0bbcc162160ab8cae52b358429293ee8d4aa9bd51ec9fd996a89eb
reference_iii,3,1;4;5,II;aVL;aVF,474,0.9500386299253154,0.7365439093484419,0.9244186046511628,,,binary,,,,,,,,,,,,,,,,,,,,,3.3338721000000078,42,ecdb2816fbfecf3ce41ff2e3263e3bdaefd75a5bba81a8e030b7390f03e8d244,cb2cb2e442afa8d7158b02e4fe0114cf68696a9bf9f10f2a89c0ed63bc1301d2,34060e20ca6ca6de13d114a5b1b14cf4e1fd9ffccc3f7ec4453bb00d8b5646f1,f8e074efd4d68ae85d49c06a5db89c4925383cba04ca36bba12ae43095196c27
reference_iii,3,1;4;6,II;aVL;V1,474,0.9517945356214735,0.7762039660056658,0.9250720461095101,,,binary,,,,,,,,,,,,,,,,,,,,,3.3301142000018444,42,ecdb2816fbfecf3ce41ff2e3263e3bdaefd75a5bba81a8e030b7390f03e8d244,cb2cb2e442afa8d7158b02e4fe0114cf68696a9bf9f10f2a89c0ed63bc1301d2,34060e20ca6ca6de13d114a5b1b14cf4e1fd9ffccc3f7ec4453bb00d8b5646f1,8af7f157050410ea2ae21088902de353363e11a55e98511f0ded75920523594d
reference_iii,3,1;4;7,II;aVL;V2,474,0.9454030388874582,0.7762039660056658,0.9112081513828238,,,binary,,,,,,,,,,,,,,,,,,,,,3.330085199999303,42,ecdb2816fbfecf3ce41ff2e3263e3bdaefd75a5bba81a8e030b7390f03e8d244,cb2cb2e442afa8d7158b02e4fe0114cf68696a9bf9f10f2a89c0ed63bc1301d2,34060e20ca6ca6de13d114a5b1b14cf4e1fd9ffccc3f7ec4453bb00d8b5646f1,afae5b0e56ade8f8f5ab5299e74f606f1fde530f9d661f89de14b456654eb166
reference_iii,3,1;4;8,II;aVL;V3,474,0.9434832486596587,0.7563739376770539,0.9172714078374455,,,binary,,,,,,,,,,,,,,,,,,,,,3.330529499999102,42,ecdb2816fbfecf3ce41ff2e3263e3bdaefd75a5bba81a8e030b7390f03e8d244,cb2cb2e442afa8d7158b02e4fe0114cf68696a9bf9f10f2a89c0ed63bc1301d2,34060e20ca6ca6de13d114a5b1b14cf4e1fd9ffccc3f7ec4453bb00d8b5646f1,41fa340a74e9376ac42dfaabe4b0e50c684de3783ee36a95286412eb85bb2488
reference_iii,3,1;4;9,II;aVL;V4,474,0.9464097581532555,0.773371104815864,0.920863309352518,,,binary,,,,,,,,,,,,,,,,,,,,,3.317564199998742,42,ecdb2816fbfecf3ce41ff2e3263e3bdaefd75a5bba81a8e030b7390f03e8d244,cb2cb2e442afa8d7158b02e4fe0114cf68696a9bf9f10f2a89c0ed63bc1301d2,34060e20ca6ca6de13d114a5b1b14cf4e1fd9ffccc3f7ec4453bb00d8b5646f1,20522fb346e4d4c8b262906152e4d86d04da0ff81006d83288c11fa8bcc94140
reference_iii,3,1;4;10,II;aVL;V5,474,0.9473696532671553,0.7960339943342776,0.9175108538350217,,,binary,,,,,,,,,,,,,,,,,,,,,3.324015900001541,42,ecdb2816fbfecf3ce41ff2e3263e3bdaefd75a5bba81a8e030b7390f03e8d244,cb2cb2e442afa8d7158b02e4fe0114cf68696a9bf9f10f2a89c0ed63bc1301d2,34060e20ca6ca6de13d114a5b1b14cf4e1fd9ffccc3f7ec4453bb00d8b5646f1,c9e0c830df0234a5c6c559934154119c86ed7ec8a64131f2d9a01c79fe8d262d
reference_iii,3,1;4;11,II;aVL;V6,474,0.947908131013977,0.7875354107648725,0.9183673469387755,,,binary,,,,,,,,,,,,,,,,,,,,,3.3375747999998566,42,ecdb2816fbfecf3ce41ff2e3263e3bdaefd75a5bba81a8e030b7390f03e8d244,cb2cb2e442afa8d7158b02e4fe0114cf68696a9bf9f10f2a89c0ed63bc1301d2,34060e20ca6ca6de13d114a5b1b14cf4e1fd9ffccc3f7ec4453bb00d8b5646f1,b1b0fb4b123812c32ede8a4ed98345b75cad595723d7759c72a81dc99a0209cc
reference_iii,3,1;5;6,II;aVF;V1,474,0.9491021468873645,0.7507082152974505,0.925035360678925,,,binary,,,,,,,,,,,,,,,,,,,,,3.3291687999990245,42,ecdb2816fbfecf3ce41ff2e3263e3bdaefd75a5bba81a8e030b7390f03e8d244,cb2cb2e442afa8d7158b02e4fe0114cf68696a9bf9f10f2a89c0ed63bc1301d2,34060e20ca6ca6de13d114a5b1b14cf4e1fd9ffccc3f7ec4453bb00d8b5646f1,56b0412bea4465b3f5125969021b0f204e6b33083a187dd7034cb2baeaefed37
reference_iii,3,1;5;7,II;aVF;V2,474,0.9443963196216608,0.7507082152974505,0.9190751445086706,,,binary,,,,,,,,,,,,,,,,,,,,,3.3353134999997565,42,ecdb2816fbfecf3ce41ff2e3263e3bdaefd75a5bba81a8e030b7390f03e8d244,cb2cb2e442afa8d7158b02e4fe0114cf68696a9bf9f10f2a89c0ed63bc1301d2,34060e20ca6ca6de13d114a5b1b14cf4e1fd9ffccc3f7ec4453bb00d8b5646f1,502ecef752bb5fa82cf80bb0c6cd7037630b4793e7e23e38e69c59c61ee0459c
reference_iii,3,1;5;8,II;aVF;V3,474,0.9425233535457589,0.7025495750708215,0.9161849710982659,,,binary,,,,,,,,,,,,,,,,,,,,,3.329046400001971,42,ecdb2816fbfecf3ce41ff2e3263e3bdaefd75a5bba81a8e030b7390f03e8d244,cb2cb2e442afa8d7158b02e4fe0114cf68696a9bf9f10f2a89c0ed63bc1301d2,34060e20ca6ca6de13d114a5b1b14cf4e1fd9ffccc3f7ec4453bb00d8b5646f1,eeb681e45f0e2c7b72cc5d23dbb41ed7c206e2c1a9c513b01b495dc5ba86feb3
reference_iii,3,1;5;9,II;aVF;V4,474,0.9456371596469458,0.7620396600566572,0.9161849710982659,,,binary,,,,,,,,,,,,,,,,,,,,,3.326691700000083,42,ecdb2816fbfecf3ce41ff2e3263e3bdaefd75a5bba81a8e030b7390f03e8d244,cb2cb2e442afa8d7158b02e4fe0114cf68696a9bf9f10f2a89c0ed63bc1301d2,34060e20ca6ca6de13d114a5b1b14cf4e1fd9ffccc3f7ec4453bb00d8b5646f1,1f7f1ccbb802fb32943c629a3e84391b7f8a6f45127e7d83ac3d45b4cfa1b60b
reference_iii,3,1;5;10,II;aVF;V5,474,0.9470652962798211,0.7620396600566572,0.9188405797101449,,,binary,,,,,,,,,,,,,,,,,,,,,3.321373400001903,42,ecdb2816fbfecf3ce41ff2e3263e3bdaefd75a5bba81a8e030b7390f03e8d244,cb2cb2e442afa8d7158b02e4fe0114cf68696a9bf9f10f2a89c0ed63bc1301d2,34060e20ca6ca6de13d114a5b1b14cf4e1fd9ffccc3f7ec4453bb00d8b5646f1,512239b8aac373ac1e32e90de27fccec094a99a135773c05812501ddee38458b
reference_iii,3,1;5;11,II;aVF;V6,474,0.9473696532671552,0.7903682719546742,0.9130434782608695,,,binary,,,,,,,,,,,,,,,,,,,,,3.3153629999978875,42,ecdb2816fbfecf3ce41ff2e3263e3bdaefd75a5bba81a8e030b7390f03e8d244,cb2cb2e442afa8d7158b02e4fe0114cf68696a9bf9f10f2a89c0ed63bc1301d2,34060e20ca6ca6de13d114a5b1b14cf4e1fd9ffccc3f7ec4453bb00d8b5646f1,1af0e380be781e5dfd3ddd7d192060e76756b75a1ce7929405e92afa67998d85
reference_iii,3,1;6;7,II;V1;V2,474,0.9454966871912532,0.7762039660056658,0.9193083573487032,,,binary,,,,,,,,,,,,,,,,,,,,,3.3134819000006246,42,ecdb2816fbfecf3ce41ff2e3263e3bdaefd75a5bba81a8e030b7390f03e8d244,cb2cb2e442afa8d7158b02e4fe0114cf68696a9bf9f10f2a89c0ed63bc1301d2,34060e20ca6ca6de13d114a5b1b14cf4e1fd9ffccc3f7ec4453bb00d8b5646f1,cf0ecd4519c7421bd0556b694520ae07dd4cf4b9c9efb6b241b3961a562e148b
reference_iii,3,1;6;8,II;V1;V3,474,0.9427106501533491,0.7252124645892352,0.9164265129682997,,,binary,,,,,,,,,,,,,,,,,,,,,3.319173399999272,42,ecdb2816fbfecf3ce41ff2e3263e3bdaefd75a5bba81a8e030b7390f03e8d244,cb2cb2e442afa8d7158b02e4fe0114cf68696a9bf9f10f2a89c0ed63bc1301d2,34060e20ca6ca6de13d114a5b1b14cf4e1fd9ffccc3f7ec4453bb00d8b5646f1,30b084cabe17fee8258847f98d8ac03335777363cdfe299a45f26eca9fd46045
reference_iii,3,1;6;9,II;V1;V4,474,0.9491957951911596,0.7847025495750708,0.9159420289855073,,,binary,,,,,,,,,,,,,,,,,,,,,3.314376300000731,42,ecdb2816fbfecf3ce41ff2e3263e3bdaefd75a5bba81a8e030b7390f03e8d244,cb2cb2e442afa8d7158b02e4fe0114cf68696a9bf9f10f2a89c0ed63bc1301d2,34060e20ca6ca6de13d114a5b1b14cf4e1fd9ffccc3f7ec4453bb00d8b5646f1,5f3cc10c1a7f8a3be033219edfd6b851ab2244e84d924f204a6fd876f150056e
reference_iii,3,1;6;10,II;V1;V5,474,0.9508346405075737,0.7677053824362606,0.9161849710982659,,,binary,,,,,,,,,,,,,,,,,,,,,3.318974800000433,42,ecdb2816fbfecf3ce41ff2e3263e3bdaefd75a5bba81a8e030b7390f03e8d244,cb2cb2e442afa8d7158b02e4fe0114cf68696a9bf9f10f2a89c0ed63bc1301d2,34060e20ca6ca6de13d114a5b1b14cf4e1fd9ffccc3f7ec4453bb00d8b5646f1,1274e313ad05cd1be8af980324f4dc834106ae01e43dfe8781860daa0a7f0ef1
reference_iii,3,1;6;11,II;V1;V6,474,0.9518179476974223,0.8130311614730878,0.9179856115107914,,,binary,,,,,,,,,,,,,,,,,,,,,3.315254899996944,42,ecdb2816fbfecf3ce41ff2e3263e3bdaefd75a5bba81a8e030b7390f03e8d244,cb2cb2e442afa8d7158b02e4fe0114cf68696a9bf9f10f2a89c0ed63bc1301d2,34060e20ca6ca6de13d114a5b1b14cf4e1fd9ffccc3f7ec4453bb00d8b5646f1,c0e99446d4e8670f1435b2694391376be3ab8452e8a85adede2a0a22cfcbbcc4
reference_iii,3,1;7;8,II;V2;V3,474,0.9431086554444783,0.7592067988668555,0.9122302158273381,,,binary,,,,,,,,,,,,,,,,,,,,,3.34376169999814,42,ecdb2816fbfecf3ce41ff2e3263e3bdaefd75a5bba81a8e030b7390f03e8d244,cb2cb2e442afa8d7158b02e4fe0114cf68696a9bf9f10f2a89c0ed63bc1301d2,34060e20ca6ca6de13d114a5b1b14cf4e1fd9ffccc3f7ec4453bb00d8b5646f1,0196fa2c7f20e73f716dbac6ba51932687496f8281e4cdf02b67a7065b47dbdf
reference_iii,3,1;7;9,II;V2;V4,474,0.9471355325076675,0.7790368271954674,0.9175108538350217,,,binary,,,,,,,,,,,,,,,,,,,,,3.357648800003517,42,ecdb2816fbfecf3ce41ff2e3263e3bdaefd75a5bba81a8e030b7390f03e8d244,cb2cb2e442afa8d7158b02e4fe0114cf68696a9bf9f10f2a89c0ed63bc1301d2,34060e20ca6ca6de13d114a5b1b14cf4e1fd9ffccc3f7ec4453bb00d8b5646f1,d87a5a153abc0acfe742c56c1ef88ae13a26af20ae0972e0cf79fd9bd73c05e8
reference_iii,3,1;7;10,II;V2;V5,474,0.9498279212417765,0.7903682719546742,0.9217391304347826,,,binary,,,,,,,,,,,,,,,,,,,,,3.344408900000417,42,ecdb2816fbfecf3ce41ff2e3263e3bdaefd75a5bba81a8e030b7390f03e8d244,cb2cb2e442afa8d7158b02e4fe0114cf68696a9bf9f10f2a89c0ed63bc1301d2,34060e20ca6ca6de13d114a5b1b14cf4e1fd9ffccc3f7ec4453bb00d8b5646f1,df6830a9bcf245b4905f579dc381e510bc6fbd76bd12437d74f71f03217dea43
reference_iii,3,1;7;11,II;V2;V6,474,0.949991805773418,0.7847025495750708,0.9172714078374455,,,binary,,,,,,,,,,,,,,,,,,,,,3.3295543999993242,42,ecdb2816fbfecf3ce41ff2e3263e3bdaefd75a5bba81a8e030b7390f03e8d244,cb2cb2e442afa8d7158b02e4fe0114cf68696a9bf9f10f2a89c0ed63bc1301d2,34060e20ca6ca6de13d114a5b1b14cf4e1fd9ffccc3f7ec4453bb00d8b5646f1,713c716448946b666f6be021c9c6f5cbe00e1d4b37912cf8cf31edf9a7d02b1e
reference_iii,3,1;8;9,II;V3;V4,474,0.9448645611406363,0.7592067988668555,0.9195402298850575,,,binary,,,,,,,,,,,,,,,,,,,,,3.3175789000015357,42,ecdb2816fbfecf3ce41ff2e3263e3bdaefd75a5bba81a8e030b7390f03e8d244,cb2cb2e442afa8d7158b02e4fe0114cf68696a9bf9f10f2a89c0ed63bc1301d2,34060e20ca6ca6de13d114a5b1b14cf4e1fd9ffccc3f7ec4453bb00d8b5646f1,06715c37f0ced311b1a99d2d0d89229c2f84b7e80dfa77ebc97843e369cedf0f
reference_iii,3,1;8;10,II;V3;V5,474,0.9471589445836162,0.7563739376770539,0.9219653179190751,,,binary,,,,,,,,,,,,,,,,,,,,,3.313792299999477,42,ecdb2816fbfecf3ce41ff2e3263e3bdaefd75a5bba81a8e030b7390f03e8d244,cb2cb2e442afa8d7158b02e4fe0114cf68696a9bf9f10f2a89c0ed63bc1301d2,34060e20ca6ca6de13d114a5b1b14cf4e1fd9ffccc3f7ec4453bb00d8b5646f1,621681844bb11b3327fa707292c9a85a0b328704ed153bba232609ccb34c6f34
reference_iii,3,1;8;11,II;V3;V6,474,0.9477910706342332,0.7620396600566572,0.9188405797101449,,,binary,,,,,,,,,,,,,,,,,,,,,3.320888999998715,42,ecdb2816fbfecf3ce41ff2e3263e3bdaefd75a5bba81a8e030b7390f03e8d244,cb2cb2e442afa8d7158b02e4fe0114cf68696a9bf9f10f2a89c0ed63bc1301d2,34060e20ca6ca6de13d114a5b1b14cf4e1fd9ffccc3f7ec4453bb00d8b5646f1,c242684dac59cb8c86cf4ed131e4f41c8dec217f9a81637fa626f6006359b929
reference_iii,3,1;9;10,II;V4;V5,474,0.947182356659565,0.7903682719546742,0.9130434782608695,,,binary,,,,,,,,,,,,,,,,,,,,,3.3565152999981365,42,ecdb2816fbfecf3ce41ff2e3263e3bdaefd75a5bba81a8e030b7390f03e8d244,cb2cb2e442afa8d7158b02e4fe0114cf68696a9bf9f10f2a89c0ed63bc1301d2,34060e20ca6ca6de13d114a5b1b14cf4e1fd9ffccc3f7ec4453bb00d8b5646f1,8c2c14a038ed9ddbb7791494dafdfdce4ecbc188b6cb7b7f80bba644b9916edf
reference_iii,3,1;9;11,II;V4;V6,474,0.9467141151405895,0.7818696883852692,0.9177489177489178,,,binary,,,,,,,,,,,,,,,,,,,,,3.3174496999999974,42,ecdb2816fbfecf3ce41ff2e3263e3bdaefd75a5bba81a8e030b7390f03e8d244,cb2cb2e442afa8d7158b02e4fe0114cf68696a9bf9f10f2a89c0ed63bc1301d2,34060e20ca6ca6de13d114a5b1b14cf4e1fd9ffccc3f7ec4453bb00d8b5646f1,ba0d099ed37e95fa092831b614c00c9f041c03f8edb2ec1f347d07405a199d9f
reference_iii,3,1;10;11,II;V5;V6,474,0.9463161098494604,0.7563739376770539,0.9090909090909091,,,binary,,,,,,,,,,,,,,,,,,,,,3.3170109000020602,42,ecdb2816fbfecf3ce41ff2e3263e3bdaefd75a5bba81a8e030b7390f03e8d244,cb2cb2e442afa8d7158b02e4fe0114cf68696a9bf9f10f2a89c0ed63bc1301d2,34060e20ca6ca6de13d114a5b1b14cf4e1fd9ffccc3f7ec4453bb00d8b5646f1,b80e36466ba62d73a3a3ae17c70e6d92764e1b2fbbf3ecff34d5119ddcdddee9
reference_iii,3,2;3;4,III;aVR;aVL,474,0.9510453491911127,0.7478753541076487,0.9294964028776979,,,binary,,,,,,,,,,,,,,,,,,,,,3.3315357999999833,42,ecdb2816fbfecf3ce41ff2e3263e3bdaefd75a5bba81a8e030b7390f03e8d244,cb2cb2e442afa8d7158b02e4fe0114cf68696a9bf9f10f2a89c0ed63bc1301d2,34060e20ca6ca6de13d114a5b1b14cf4e1fd9ffccc3f7ec4453bb00d8b5646f1,21003151552f1ad06a476ee50bd66bad7b64f3e6b50fd553c0c2bd63c3e0336c
reference_iii,3,2;3;5,III;aVR;aVF,474,0.9504834593683421,0.7365439093484419,0.9279538904899135,,,binary,,,,,,,,,,,,,,,,,,,,,3.3184094999996887,42,ecdb2816fbfecf3ce41ff2e3263e3bdaefd75a5bba81a8e030b7390f03e8d244,cb2cb2e442afa8d7158b02e4fe0114cf68696a9bf9f10f2a89c0ed63bc1301d2,34060e20ca6ca6de13d114a5b1b14cf4e1fd9ffccc3f7ec4453bb00d8b5646f1,c6ada836867cb92c021099867d0019bd89af095b14aa760ca99ae17a924ea3eb
reference_iii,3,2;3;6,III;aVR;V1,474,0.9512326457987029,0.7648725212464589,0.9219653179190751,,,binary,,,,,,,,,,,,,,,,,,,,,3.326516000000993,42,ecdb2816fbfecf3ce41ff2e3263e3bdaefd75a5bba81a8e030b7390f03e8d244,cb2cb2e442afa8d7158b02e4fe0114cf68696a9bf9f10f2a89c0ed63bc1301d2,34060e20ca6ca6de13d114a5b1b14cf4e1fd9ffccc3f7ec4453bb00d8b5646f1,dc57a42678cf026ca0234901785064bae7446aa6d83621e5ec8600cddf8e2d17
reference_iii,3,2;3;7,III;aVR;V2,474,0.9459181045583311,0.7648725212464589,0.914616497829233,,,binary,,,,,,,,,,,,,,,,,,,,,3.3223785999980464,42,ecdb2816fbfecf3ce41ff2e3263e3bdaefd75a5bba81a8e030b7390f03e8d244,cb2cb2e442afa8d7158b02e4fe0114cf68696a9bf9f10f2a89c0ed63bc1301d2,34060e20ca6ca6de13d114a5b1b14cf4e1fd9ffccc3f7ec4453bb00d8b5646f1,eb6ddec6150531469b199a8ee9b298c1390d59740d3dc489a597c46dd30ad4d2
reference_iii,3,2;3;8,III;aVR;V3,474,0.9428979467609392,0.7648725212464589,0.9135446685878963,,,binary,,,,,,,,,,,,,,,,,,,,,3.3316286000008404,42,ecdb2816fbfecf3ce41ff2e3263e3bdaefd75a5bba81a8e030b7390f03e8d244,cb2cb2e442afa8d7158b02e4fe0114cf68696a9bf9f10f2a89c0ed63bc1301d2,34060e20ca6ca6de13d114a5b1b14cf4e1fd9ffccc3f7ec4453bb00d8b5646f1,c19dcee47ea36c1b0a4b31b0cc38e1a68a656f74e2679a04cb0e75a6ef3b11f2
reference_iii,3,2;3;9,III;aVR;V4,474,0.9464565823051531,0.773371104815864,0.9161849710982659,,,binary,,,,,,,,,,,,,,,,,,,,,3.3389793999995163,42,ecdb2816fbfecf3ce41ff2e3263e3bdaefd75a5bba81a8e030b7390f03e8d244,cb2cb2e442afa8d7158b02e4fe0114cf68696a9bf9f10f2a89c0ed63bc1301d2,34060e20ca6ca6de13d114a5b1b14cf4e1fd9ffccc3f7ec4453bb00d8b5646f1,93b1e7d31224987a18f2d9ca0622b7e0cd993b62ff4825d17d14ac71ea02be84
reference_iii,3,2;3;10,III;aVR;V5,474,0.945520099267202,0.7847025495750708,0.9177489177489178,,,binary,,,,,,,,,,,,,,,,,,,,,3.363649399998394,42,ecdb2816fbfecf3ce41ff2e3263e3bdaefd75a5bba81a8e030b7390f03e8d244,cb2cb2e442afa8d7158b02e4fe0114cf68696a9bf9f10f2a89c0ed63bc1301d2,34060e20ca6ca6de13d114a5b1b14cf4e1fd9ffccc3f7ec4453bb00d8b5646f1,6716c69bc2a41185a1467fbedb23a80ac30a74fbb088d50356661f96e3c6e6da
reference_iii,3,2;3;11,III;aVR;V6,474,0.9455903354950483,0.7790368271954674,0.9156976744186046,,,binary,,,,,,,,,,,,,,,,,,,,,3.3309953000025416,42,ecdb2816fbfecf3ce41ff2e3263e3bdaefd75a5bba81a8e030b7390f03e8d244,cb2cb2e442afa8d7158b02e4fe0114cf68696a9bf9f10f2a89c0ed63bc1301d2,34060e20ca6ca6de13d114a5b1b14cf4e1fd9ffccc3f7ec4453bb00d8b5646f1,990f0f2b0c12bafd7d7fcb63c3ec0ce7fda3e8105466aeaef2b8ce51991ca2e5
reference_iii,3,2;4;5,III;aVL;aVF,474,0.9477910706342332,0.7960339943342776,0.9122807017543859,,,binary,,,,,,,,,,,,,,,,,,,,,3.3326336999998603,42,ecdb2816fbfecf3ce41ff2e3263e3bdaefd75a5bba81a8e030b7390f03e8d244,cb2cb2e442afa8d7158b02e4fe0114cf68696a9bf9f10f2a89c0ed63bc1301d2,34060e20ca6ca6de13d114a5b1b14cf4e1fd9ffccc3f7ec4453bb00d8b5646f1,d5986b41b4fc7fba0c04ce3b873d5bf17b9315b1e8583534d8e78703e269cbdd
reference_iii,3,2;4;6,III;aVL;V1,474,0.9349846650902537,0.7337110481586402,0.8970588235294118,,,binary,,,,,,,,,,,,,,,,,,,,,3.3348444999974163,42,ecdb2816fbfecf3ce41ff2e3263e3bdaefd75a5bba81a8e030b7390f03e8d244,cb2cb2e442afa8d7158b02e4fe0114cf68696a9bf9f10f2a89c0ed63bc1301d2,34060e20ca6ca6de13d114a5b1b14cf4e1fd9ffccc3f7ec4453bb00d8b5646f1,8b85a1db1542fde4343ed6531dd29c3dcc3c294b1f265a6d895a9ed643158f5e
reference_iii,3,2;4;7,III;aVL;V2,474,0.9344695994193806,0.7563739376770539,0.9072463768115943,,,binary,,,,,,,,,,,,,,,,,,,,,3.330599099997926,42,ecdb2816fbfecf3ce41ff2e3263e3bdaefd75a5bba81a8e030b7390f03e8d244,cb2cb2e442afa8d7158b02e4fe0114cf68696a9bf9f10f2a89c0ed63bc1301d2,34060e20ca6ca6de13d114a5b1b14cf4e1fd9ffccc3f7ec4453bb00d8b5646f1,204ecf44996146ddcaf807870a2448520a1b6311ac786f84c32278864f32cdb3
reference_iii,3,2;4;8,III;aVL;V3,474,0.9356870273687168,0.7110481586402266,0.911976911976912,,,binary,,,,,,,,,,,,,,,,,,,,,3.3274572000009357,42,ecdb2816fbfecf3ce41ff2e3263e3bdaefd75a5bba81a8e030b7390f03e8d244,cb2cb2e442afa8d7158b02e4fe0114cf68696a9bf9f10f2a89c0ed63bc1301d2,34060e20ca6ca6de13d114a5b1b14cf4e1fd9ffccc3f7ec4453bb00d8b5646f1,3776db9de68d1bf11d6cb68f195bbd049a8be2aaaeef0de717da0d844289ce13
reference_iii,3,2;4;9,III;aVL;V4,474,0.9459181045583313,0.7705382436260623,0.914616497829233,,,binary,,,,,,,,,,,,,,,,,,,,,3.3371809999989637,42,ecdb2816fbfecf3ce41ff2e3263e3bdaefd75a5bba81a8e030b7390f03e8d244,cb2cb2e442afa8d7158b02e4fe0114cf68696a9bf9f10f2a89c0ed63bc1301d2,34060e20ca6ca6de13d114a5b1b14cf4e1fd9ffccc3f7ec4453bb00d8b5646f1,aee35f0be12b1e674486a3504787cab4f9a0e6cc3e84287962b6f1532b523c22
reference_iii,3,2;4;10,III;aVL;V5,474,0.9456605717228946,0.7308781869688386,0.9138686131386862,,,binary,,,,,,,,,,,,,,,,,,,,,3.340293900000688,42,ecdb2816fbfecf3ce41ff2e3263e3bdaefd75a5bba81a8e030b7390f03e8d244,cb2cb2e442afa8d7158b02e4fe0114cf68696a9bf9f10f2a89c0ed63bc1301d2,34060e20ca6ca6de13d114a5b1b14cf4e1fd9ffccc3f7ec4453bb00d8b5646f1,b2cafc480ed39b51b542f977977fd353e23f6b4dbe25985ad7cee396a968fc0a
reference_iii,3,2;4;11,III;aVL;V6,474,0.9471121204317187,0.7507082152974505,0.9149560117302052,,,binary,,,,,,,,,,,,,,,,,,,,,3.3286870999982057,42,ecdb2816fbfecf3ce41ff2e3263e3bdaefd75a5bba81a8e030b7390f03e8d244,cb2cb2e442afa8d7158b02e4fe0114cf68696a9bf9f10f2a89c0ed63bc1301d2,34060e20ca6ca6de13d114a5b1b14cf4e1fd9ffccc3f7ec4453bb00d8b5646f1,dbfcee074cb18e7afa1e43a66fcd8b3148a976be293f916b6c7e655eeea2eaab
reference_iii,3,2;5;6,III;aVF;V1,474,0.9440451384824292,0.7507082152974505,0.9160530191458026,,,binary,,,,,,,,,,,,,,,,,,,,,3.330537199999526,42,ecdb2816fbfecf3ce41ff2e3263e3bdaefd75a5bba81a8e030b7390f03e8d244,cb2cb2e442afa8d7158b02e4fe0114cf68696a9bf9f10f2a89c0ed63bc1301d2,34060e20ca6ca6de13d114a5b1b14cf4e1fd9ffccc3f7ec4453bb00d8b5646f1,e42a7afa25fa87e7fe99ee9194054f50a3638ede8ed61fd538e4d73d11936975
reference_iii,3,2;5;7,III;aVF;V2,474,0.9398309648116498,0.7280453257790368,0.9008746355685131,,,binary,,,,,,,,,,,,,,,,,,,,,3.34122650000063,42,ecdb2816fbfecf3ce41ff2e3263e3bdaefd75a5bba81a8e030b7390f03e8d244,cb2cb2e442afa8d7158b02e4fe0114cf68696a9bf9f10f2a89c0ed63bc1301d2,34060e20ca6ca6de13d114a5b1b14cf4e1fd9ffccc3f7ec4453bb00d8b5646f1,20ec797e7c8b2b0f44ca51ccad7925a1a20853c7d0e87fe20515350a1f013568
reference_iii,3,2;5;8,III;aVF;V3,474,0.9391520146091354,0.7195467422096318,0.9030390738060782,,,binary,,,,,,,,,,,,,,,,,,,,,3.338464799999201,42,ecdb2816fbfecf3ce41ff2e3263e3bdaefd75a5bba81a8e030b7390f03e8d244,cb2cb2e442afa8d7158b02e4fe0114cf68696a9bf9f10f2a89c0ed63bc1301d2,34060e20ca6ca6de13d114a5b1b14cf4e1fd9ffccc3f7ec4453bb00d8b5646f1,45f6b4c6b0077d1bc48cc537872ba0a70544eb6c938b86f9f537a50bda12929b
reference_iii,3,2;5;9,III;aVF;V4,474,0.9421487603305785,0.7592067988668555,0.9104046242774566,,,binary,,,,,,,,,,,,,,,,,,,,,3.333534500001406,42,ecdb2816fbfecf3ce41ff2e3263e3bdaefd75a5bba81a8e030b7390f03e8d244,cb2cb2e442afa8d7158b02e4fe0114cf68696a9bf9f10f2a89c0ed63bc1301d2,34060e20ca6ca6de13d114a5b1b14cf4e1fd9ffccc3f7ec4453bb00d8b5646f1,1d72355542321d92a7888d1d87a82f6541a634003b2e8dbfc9036d76d253ff76
reference_iii,3,2;5;10,III;aVF;V5,474,0.9456371596469458,0.7478753541076487,0.9127906976744186,,,binary,,,,,,,,,,,,,,,,,,,,,3.337270500000159,42,ecdb2816fbfecf3ce41ff2e3263e3bdaefd75a5bba81a8e030b7390f03e8d244,cb2cb2e442afa8d7158b02e4fe0114cf68696a9bf9f10f2a89c0ed63bc1301d2,34060e20ca6ca6de13d114a5b1b14cf4e1fd9ffccc3f7ec4453bb00d8b5646f1,7670c9a737a3da39d4f34ec0c0149588008c14baebbae879ae140edd71284826
reference_iii,3,2;5;11,III;aVF;V6,474,0.9443026713178657,0.7677053824362606,0.9093567251461988,,,binary,,,,,,,,,,,,,,,,,,,,,3.3541036999995413,42,ecdb2816fbfecf3ce41ff2e3263e3bdaefd75a5bba81a8e030b7390f03e8d244,cb2cb2e442afa8d7158b02e4fe0114cf68696a9bf9f10f2a89c0ed63bc1301d2,34060e20ca6ca6de13d114a5b1b14cf4e1fd9ffccc3f7ec4453bb00d8b5646f1,9315cd6fdd06f8520c69af802fb219e2615e724b0bd81f88430a1c86165fbd1d
reference_iii,3,2;6;7,III;V1;V2,474,0.9305831948118839,0.7308781869688386,0.9062049062049062,,,binary,,,,,,,,,,,,,,,,,,,,,3.3457618999964325,42,ecdb2816fbfecf3ce41ff2e3263e3bdaefd75a5bba81a8e030b7390f03e8d244,cb2cb2e442afa8d7158b02e4fe0114cf68696a9bf9f10f2a89c0ed63bc1301d2,34060e20ca6ca6de13d114a5b1b14cf4e1fd9ffccc3f7ec4453bb00d8b5646f1,4994d7e87152aa70cc769dd7901f726b5a44a7f6ed5f35fef7a74456463960f6
reference_iii,3,2;6;8,III;V1;V3,474,0.9344461873434318,0.7677053824362606,0.9085631349782293,,,binary,,,,,,,,,,,,,,,,,,,,,3.3296726000007766,42,ecdb2816fbfecf3ce41ff2e3263e3bdaefd75a5bba81a8e030b7390f03e8d244,cb2cb2e442afa8d7158b02e4fe0114cf68696a9bf9f10f2a89c0ed63bc1301d2,34060e20ca6ca6de13d114a5b1b14cf4e1fd9ffccc3f7ec4453bb00d8b5646f1,d2078a2c6ade7a82e472ee307041829816f7a6f77ca0177896890a4794093b2a
reference_iii,3,2;6;9,III;V1;V4,474,0.9444665558495071,0.8073654390934845,0.9096209912536443,,,binary,,,,,,,,,,,,,,,,,,,,,3.33268500000122,42,ecdb2816fbfecf3ce41ff2e3263e3bdaefd75a5bba81a8e030b7390f03e8d244,cb2cb2e442afa8d7158b02e4fe0114cf68696a9bf9f10f2a89c0ed63bc1301d2,34060e20ca6ca6de13d114a5b1b14cf4e1fd9ffccc3f7ec4453bb00d8b5646f1,7af09ab305e36b46adea103bee172cbb5b0b1a1b560861afe8e6427d4b1e9c9c
reference_iii,3,2;6;10,III;V1;V5,474,0.9483061363051062,0.7648725212464589,0.9141193595342066,,,binary,,,,,,,,,,,,,,,,,,,,,3.3352889999987383,42,ecdb2816fbfecf3ce41ff2e3263e3bdaefd75a5bba81a8e030b7390f03e8d244,cb2cb2e442afa8d7158b02e4fe0114cf68696a9bf9f10f2a89c0ed63bc1301d2,34060e20ca6ca6de13d114a5b1b14cf4e1fd9ffccc3f7ec4453bb00d8b5646f1,b3c6fefd85bfaaf12c4764100a18a3fd1e409650e9d4a5cccb5f74d6399c4574
reference_iii,3,2;6;11,III;V1;V6,474,0.9470652962798212,0.7648725212464589,0.9090909090909091,,,binary,,,,,,,,,,,,,,,,,,,,,3.3314721999995527,42,ecdb2816fbfecf3ce41ff2e3263e3bdaefd75a5bba81a8e030b7390f03e8d244,cb2cb2e442afa8d7158b02e4fe0114cf68696a9bf9f10f2a89c0ed63bc1301d2,34060e20ca6ca6de13d114a5b1b14cf4e1fd9ffccc3f7ec4453bb00d8b5646f1,9eb38b2eb5a44ab833b5ca125990710fb826d8b221172aebd5562f51a0f7321b
reference_iii,3,2;7;8,III;V2;V3,474,0.9217334301032472,0.6968838526912181,0.897841726618705,,,binary,,,,,,,,,,,,,,,,,,,,,3.3363930999985314,42,ecdb2816fbfecf3ce41ff2e3263e3bdaefd75a5bba81a8e030b7390f03e8d244,cb2cb2e442afa8d7158b02e4fe0114cf68696a9bf9f10f2a89c0ed63bc1301d2,34060e20ca6ca6de13d114a5b1b14cf4e1fd9ffccc3f7ec4453bb00d8b5646f1,bf7f204532b238a5a8b7ea226d05826e15a2bdc9b322ee9467e3493ba584c2b1
reference_iii,3,2;7;9,III;V2;V4,474,0.9373961089129773,0.7648725212464589,0.9062049062049062,,,binary,,,,,,,,,,,,,,,,,,,,,3.3333535999991,42,ecdb2816fbfecf3ce41ff2e3263e3bdaefd75a5bba81a8e030b7390f03e8d244,cb2cb2e442afa8d7158b02e4fe0114cf68696a9bf9f10f2a89c0ed63bc1301d2,34060e20ca6ca6de13d114a5b1b14cf4e1fd9ffccc3f7ec4453bb00d8b5646f1,45fb81db3e6aa770d86d08e20f8758f0e7fb879e0ea8cc6aac9189c63006649d
reference_iii,3,2;7;10,III;V2;V5,474,0.9438812539507878,0.7705382436260623,0.9159420289855073,,,binary,,,,,,,,,,,,,,,,,,,,,3.3318180999995093,42,ecdb2816fbfecf3ce41ff2e3263e3bdaefd75a5bba81a8e030b7390f03e8d244,cb2cb2e442afa8d7158b02e4fe0114cf68696a9bf9f10f2a89c0ed63bc1301d2,34060e20ca6ca6de13d114a5b1b14cf4e1fd9ffccc3f7ec4453bb00d8b5646f1,ad49a11ee6abda10c18342c0b1110f10e9b90e545afd25a5c2511c8dbb9b25e2
reference_iii,3,2;7;11,III;V2;V6,474,0.9432491279001709,0.7705382436260623,0.9037900874635568,,,binary,,,,,,,,,,,,,,,,,,,,,3.3317440999999235,42,ecdb2816fbfecf3ce41ff2e3263e3bdaefd75a5bba81a8e030b7390f03e8d244,cb2cb2e442afa8d7158b02e4fe0114cf68696a9bf9f10f2a89c0ed63bc1301d2,34060e20ca6ca6de13d114a5b1b14cf4e1fd9ffccc3f7ec4453bb00d8b5646f1,27fa2698730b998ae7664f42a3e8d6be0d401a361e99843171e20f8db6371cfc
reference_iii,3,2;8;9,III;V3;V4,474,0.9356402032168193,0.7847025495750708,0.9082969432314411,,,binary,,,,,,,,,,,,,,,,,,,,,3.3265826999995625,42,ecdb2816fbfecf3ce41ff2e3263e3bdaefd75a5bba81a8e030b7390f03e8d244,cb2cb2e442afa8d7158b02e4fe0114cf68696a9bf9f10f2a89c0ed63bc1301d2,34060e20ca6ca6de13d114a5b1b14cf4e1fd9ffccc3f7ec4453bb00d8b5646f1,8ab1b3ad9ef629be7182b27ec8bd008440d067eedcb4be54e3476d19d3012892
reference_iii,3,2;8;10,III;V3;V5,474,0.9423360569381688,0.7790368271954674,0.9093567251461988,,,binary,,,,,,,,,,,,,,,,,,,,,3.3356101000026683,42,ecdb2816fbfecf3ce41ff2e3263e3bdaefd75a5bba81a8e030b7390f03e8d244,cb2cb2e442afa8d7158b02e4fe0114cf68696a9bf9f10f2a89c0ed63bc1301d2,34060e20ca6ca6de13d114a5b1b14cf4e1fd9ffccc3f7ec4453bb00d8b5646f1,d44b13e609c7956395b9a62b25b3d421fda9359531127a386bcd5e99c0b75f71
reference_iii,3,2;8;11,III;V3;V6,474,0.9427574743052466,0.773371104815864,0.9053857350800583,,,binary,,,,,,,,,,,,,,,,,,,,,3.335555800000293,42,ecdb2816fbfecf3ce41ff2e3263e3bdaefd75a5bba81a8e030b7390f03e8d244,cb2cb2e442afa8d7158b02e4fe0114cf68696a9bf9f10f2a89c0ed63bc1301d2,34060e20ca6ca6de13d114a5b1b14cf4e1fd9ffccc3f7ec4453bb00d8b5646f1,95f47a3e7dc4a1afa2b06bb6e470cf37d9dd27fd6ea007bde36b207deecd0fac
reference_iii,3,2;9;10,III;V4;V5,474,0.9434598365837099,0.773371104815864,0.9130434782608695,,,binary,,,,,,,,,,,,,,,,,,,,,3.3303970000015397,42,ecdb2816fbfecf3ce41ff2e3263e3bdaefd75a5bba81a8e030b7390f03e8d244,cb2cb2e442afa8d7158b02e4fe0114cf68696a9bf9f10f2a89c0ed63bc1301d2,34060e20ca6ca6de13d114a5b1b14cf4e1fd9ffccc3f7ec4453bb00d8b5646f1,7a1788c12dfc3d80e2b70d299c650961a6368e24babeb40e24787b41069c010c
reference_iii,3,2;9;11,III;V4;V6,474,0.9419380516470396,0.7790368271954674,0.9104046242774566,,,binary,,,,,,,,,,,,,,,,,,,,,3.3297450999998546,42,ecdb2816fbfecf3ce41ff2e3263e3bdaefd75a5bba81a8e030b7390f03e8d244,cb2cb2e442afa8d7158b02e4fe0114cf68696a9bf9f10f2a89c0ed63bc1301d2,34060e20ca6ca6de13d114a5b1b14cf4e1fd9ffccc3f7ec4453bb00d8b5646f1,9588c2976506a7790b811bdef13c798dab4598e9ce91a8b1f1741c976c20f397
reference_iii,3,2;10;11,III;V5;V6,474,0.9437407814950951,0.7535410764872521,0.9098837209302325,,,binary,,,,,,,,,,,,,,,,,,,,,3.33001030000014,42,ecdb2816fbfecf3ce41ff2e3263e3bdaefd75a5bba81a8e030b7390f03e8d244,cb2cb2e442afa8d7158b02e4fe0114cf68696a9bf9f10f2a89c0ed63bc1301d2,34060e20ca6ca6de13d114a5b1b14cf4e1fd9ffccc3f7ec4453bb00d8b5646f1,b8209f5bdbe1d5709ab3e1d56edfccd9522d56c20e319d9c69f594bd83e151b1
reference_iii,3,3;4;5,aVR;aVL;aVF,474,0.9503429869126495,0.7450424929178471,0.9266187050359712,,,binary,,,,,,,,,,,,,,,,,,,,,3.335253699999157,42,ecdb2816fbfecf3ce41ff2e3263e3bdaefd75a5bba81a8e030b7390f03e8d244,cb2cb2e442afa8d7158b02e4fe0114cf68696a9bf9f10f2a89c0ed63bc1301d2,34060e20ca6ca6de13d114a5b1b14cf4e1fd9ffccc3f7ec4453bb00d8b5646f1,ad42ebb06cc343d538fe63ed343257e3ebda69a3987b72de95a1d49308cfa8bc
reference_iii,3,3;4;6,aVR;aVL;V1,474,0.9532226722543488,0.7790368271954674,0.9248554913294798,,,binary,,,,,,,,,,,,,,,,,,,,,3.332901400000992,42,ecdb2816fbfecf3ce41ff2e3263e3bdaefd75a5bba81a8e030b7390f03e8d244,cb2cb2e442afa8d7158b02e4fe0114cf68696a9bf9f10f2a89c0ed63bc1301d2,34060e20ca6ca6de13d114a5b1b14cf4e1fd9ffccc3f7ec4453bb00d8b5646f1,630adcb832f6474951f48aee5d487284871b77b1ab4016fbc31c8164ddac154c
reference_iii,3,3;4;7,aVR;aVL;V2,474,0.9458712804064338,0.7563739376770539,0.9114658925979681,,,binary,,,,,,,,,,,,,,,,,,,,,3.328259000001708,42,ecdb2816fbfecf3ce41ff2e3263e3bdaefd75a5bba81a8e030b7390f03e8d244,cb2cb2e442afa8d7158b02e4fe0114cf68696a9bf9f10f2a89c0ed63bc1301d2,34060e20ca6ca6de13d114a5b1b14cf4e1fd9ffccc3f7ec4453bb00d8b5646f1,2629ac41cc5107a62cb31cb2a6e97594c1f3b225ed5501e98c3b803c00a6fa53
reference_iii,3,3;4;8,aVR;aVL;V3,474,0.9432725399761197,0.7422096317280453,0.9117221418234442,,,binary,,,,,,,,,,,,,,,,,,,,,3.330861800001003,42,ecdb2816fbfecf3ce41ff2e3263e3bdaefd75a5bba81a8e030b7390f03e8d244,cb2cb2e442afa8d7158b02e4fe0114cf68696a9bf9f10f2a89c0ed63bc1301d2,34060e20ca6ca6de13d114a5b1b14cf4e1fd9ffccc3f7ec4453bb00d8b5646f1,12cdb02c2eab7d03a27de7f13fe5cb2483a47b41127934ac4b3c6138cb885477
reference_iii,3,3;4;9,aVR;aVL;V4,474,0.9471121204317187,0.7762039660056658,0.9190751445086706,,,binary,,,,,,,,,,,,,,,,,,,,,3.324478200000158,42,ecdb2816fbfecf3ce41ff2e3263e3bdaefd75a5bba81a8e030b7390f03e8d244,cb2cb2e442afa8d7158b02e4fe0114cf68696a9bf9f10f2a89c0ed63bc1301d2,34060e20ca6ca6de13d114a5b1b14cf4e1fd9ffccc3f7ec4453bb00d8b5646f1,2df425e36c6854ee1f81101ad5dd74f2693ed6cbf6b19f57530efd46310c3604
reference_iii,3,3;4;10,aVR;aVL;V5,474,0.9472057687355138,0.7535410764872521,0.9161849710982659,,,binary,,,,,,,,,,,,,,,,,,,,,3.3159755999986373,42,ecdb2816fbfecf3ce41ff2e3263e3bdaefd75a5bba81a8e030b7390f03e8d244,cb2cb2e442afa8d7158b02e4fe0114cf68696a9bf9f10f2a89c0ed63bc1301d2,34060e20ca6ca6de13d114a5b1b14cf4e1fd9ffccc3f7ec4453bb00d8b5646f1,94e3147460b38fa5f5eda1cd2cac9d3802d4ef3f02963f6a2a472fbd6b89335d
reference_iii,3,3;4;11,aVR;aVL;V6,474,0.9473462411912064,0.7875354107648725,0.9212827988338192,,,binary,,,,,,,,,,,,,,,,,,,,,3.328467000003002,42,ecdb2816fbfecf3ce41ff2e3263e3bdaefd75a5bba81a8e030b7390f03e8d244,cb2cb2e442afa8d7158b02e4fe0114cf68696a9bf9f10f2a89c0ed63bc1301d2,34060e20ca6ca6de13d114a5b1b14cf4e1fd9ffccc3f7ec4453bb00d8b5646f1,3e79761f28b8bfaebcfc2e3b9fcd78d980696a52e06651f9c10db901477f9c47
reference_iii,3,3;5;6,aVR;aVF;V1,474,0.9510219371151639,0.7988668555240793,0.9221902017291066,,,binary,,,,,,,,,,,,,,,,,,,,,3.316608900000574,42,ecdb2816fbfecf3ce41ff2e3263e3bdaefd75a5bba81a8e030b7390f03e8d244,cb2cb2e442afa8d7158b02e4fe0114cf68696a9bf9f10f2a89c0ed63bc1301d2,34060e20ca6ca6de13d114a5b1b14cf4e1fd9ffccc3f7ec4453bb00d8b5646f1,49ccc3ac1e400b2a2518cec8447c59eb57e790625850b2a37b02b4d2fcb46390
reference_iii,3,3;5;7,aVR;aVF;V2,474,0.9449113852925339,0.7478753541076487,0.9096209912536443,,,binary,,,,,,,,,,,,,,,,,,,,,3.3165165999998862,42,ecdb2816fbfecf3ce41ff2e3263e3bdaefd75a5bba81a8e030b7390f03e8d244,cb2cb2e442afa8d7158b02e4fe0114cf68696a9bf9f10f2a89c0ed63bc1301d2,34060e20ca6ca6de13d114a5b1b14cf4e1fd9ffccc3f7ec4453bb00d8b5646f1,0272253550045a51deeade2281607e570d7eee8284f78e96ea5df9bc51f49fb3
reference_iii,3,3;5;8,aVR;aVF;V3,474,0.9424999414698101,0.7507082152974505,0.9164265129682997,,,binary,,,,,,,,,,,,,,,,,,,,,3.3270276999974158,42,ecdb2816fbfecf3ce41ff2e3263e3bdaefd75a5bba81a8e030b7390f03e8d244,cb2cb2e442afa8d7158b02e4fe0114cf68696a9bf9f10f2a89c0ed63bc1301d2,34060e20ca6ca6de13d114a5b1b14cf4e1fd9ffccc3f7ec4453bb00d8b5646f1,b08d01c57aefcd97ae5c7b56d62d1f388f3a6d91216cbf060a63ae1e33695631
reference_iii,3,3;5;9,aVR;aVF;V4,474,0.9458712804064335,0.7677053824362606,0.9188405797101449,,,binary,,,,,,,,,,,,,,,,,,,,,3.3123547000031976,42,ecdb2816fbfecf3ce41ff2e3263e3bdaefd75a5bba81a8e030b7390f03e8d244,cb2cb2e442afa8d7158b02e4fe0114cf68696a9bf9f10f2a89c0ed63bc1301d2,34060e20ca6ca6de13d114a5b1b14cf4e1fd9ffccc3f7ec4453bb00d8b5646f1,8325267790b57a9638dc6b13e8cb355b9700a990465b49351109d5e97340c5ce
reference_iii,3,3;5;10,aVR;aVF;V5,474,0.9460819890899727,0.7705382436260623,0.9161849710982659,,,binary,,,,,,,,,,,,,,,,,,,,,3.315429700000095,42,ecdb2816fbfecf3ce41ff2e3263e3bdaefd75a5bba81a8e030b7390f03e8d244,cb2cb2e442afa8d7158b02e4fe0114cf68696a9bf9f10f2a89c0ed63bc1301d2,34060e20ca6ca6de13d114a5b1b14cf4e1fd9ffccc3f7ec4453bb00d8b5646f1,212e831f9cb3785941e5eb06324f80661f8f4e477656f88f6152b7c27a6c8971
reference_iii,3,3;5;11,aVR;aVF;V6,474,0.9456371596469458,0.7762039660056658,0.9152046783625731,,,binary,,,,,,,,,,,,,,,,,,,,,3.3155508000018017,42,ecdb2816fbfecf3ce41ff2e3263e3bdaefd75a5bba81a8e030b7390f03e8d244,cb2cb2e442afa8d7158b02e4fe0114cf68696a9bf9f10f2a89c0ed63bc1301d2,34060e20ca6ca6de13d114a5b1b14cf4e1fd9ffccc3f7ec4453bb00d8b5646f1,2524841e21dab0e2a0a6b5c0adcc503b80ec8ecd80ea99f64e15f4742fb9adf6
reference_iii,3,3;6;7,aVR;V1;V2,474,0.9482124880013111,0.7648725212464589,0.9224137931034483,,,binary,,,,,,,,,,,,,,,,,,,,,3.321758599999157,42,ecdb2816fbfecf3ce41ff2e3263e3bdaefd75a5bba81a8e030b7390f03e8d244,cb2cb2e442afa8d7158b02e4fe0114cf68696a9bf9f10f2a89c0ed63bc1301d2,34060e20ca6ca6de13d114a5b1b14cf4e1fd9ffccc3f7ec4453bb00d8b5646f1,2ead9b50f818fdf9a8ad15df53217abcba617917d3509e36ea93fb461d2c070d
reference_iii,3,3;6;8,aVR;V1;V3,474,0.9445133800014048,0.7422096317280453,0.9230769230769231,,,binary,,,,,,,,,,,,,,,,,,,,,3.3355870000013965,42,ecdb2816fbfecf3ce41ff2e3263e3bdaefd75a5bba81a8e030b7390f03e8d244,cb2cb2e442afa8d7158b02e4fe0114cf68696a9bf9f10f2a89c0ed63bc1301d2,34060e20ca6ca6de13d114a5b1b14cf4e1fd9ffccc3f7ec4453bb00d8b5646f1,c0e1649441f9e528ad1e0de834e774fd41b732804196df62a2ec7521178225ab
reference_iii,3,3;6;9,aVR;V1;V4,474,0.9496172125582375,0.7762039660056658,0.9183673469387755,,,binary,,,,,,,,,,,,,,,,,,,,,3.3206657000009727,42,ecdb2816fbfecf3ce41ff2e3263e3bdaefd75a5bba81a8e030b7390f03e8d244,cb2cb2e442afa8d7158b02e4fe0114cf68696a9bf9f10f2a89c0ed63bc1301d2,34060e20ca6ca6de13d114a5b1b14cf4e1fd9ffccc3f7ec4453bb00d8b5646f1,07156ee5ecf4f1b867662d2139cf68bbcdd938a80c69f47d60f80109d5514f0b
reference_iii,3,3;6;10,aVR;V1;V5,474,0.951326294102498,0.7790368271954674,0.9199417758369723,,,binary,,,,,,,,,,,,,,,,,,,,,3.3116483999983757,42,ecdb2816fbfecf3ce41ff2e3263e3bdaefd75a5bba81a8e030b7390f03e8d244,cb2cb2e442afa8d7158b02e4fe0114cf68696a9bf9f10f2a89c0ed63bc1301d2,34060e20ca6ca6de13d114a5b1b14cf4e1fd9ffccc3f7ec4453bb00d8b5646f1,f97390689cefcd35f9c6b476bfb7acf0503659c917f830b7adf929dd071f9f86
reference_iii,3,3;6;11,aVR;V1;V6,474,0.9516072390138834,0.7818696883852692,0.9217391304347826,,,binary,,,,,,,,,,,,,,,,,,,,,3.3213372999998683,42,ecdb2816fbfecf3ce41ff2e3263e3bdaefd75a5bba81a8e030b7390f03e8d244,cb2cb2e442afa8d7158b02e4fe0114cf68696a9bf9f10f2a89c0ed63bc1301d2,34060e20ca6ca6de13d114a5b1b14cf4e1fd9ffccc3f7ec4453bb00d8b5646f1,0cf70c898ca3ce5cefc6e2f4b61b98cbec39008425ffb05b6cc22075c0ff84eb
reference_iii,3,3;7;8,aVR;V2;V3,474,0.9467141151405896,0.7535410764872521,0.9143686502177069,,,binary,,,,,,,,,,,,,,,,,,,,,3.328877100000682,42,ecdb2816fbfecf3ce41ff2e3263e3bdaefd75a5bba81a8e030b7390f03e8d244,cb2cb2e442afa8d7158b02e4fe0114cf68696a9bf9f10f2a89c0ed63bc1301d2,34060e20ca6ca6de13d114a5b1b14cf4e1fd9ffccc3f7ec4453bb00d8b5646f1,30951920dc522a3c26162e4a4e210f905a5434e2c44f067b1d9764e84100584c
reference_iii,3,3;7;9,aVR;V2;V4,474,0.9499918057734179,0.7535410764872521,0.9246376811594202,,,binary,,,,,,,,,,,,,,,,,,,,,3.3255069999977422,42,ecdb2816fbfecf3ce41ff2e3263e3bdaefd75a5bba81a8e030b7390f03e8d244,cb2cb2e442afa8d7158b02e4fe0114cf68696a9bf9f10f2a89c0ed63bc1301d2,34060e20ca6ca6de13d114a5b1b14cf4e1fd9ffccc3f7ec4453bb00d8b5646f1,f175d6523e799d4c304e09fc66e13ed360579b9af6c51f6096b982b5e844e4c9
reference_iii,3,3;7;10,aVR;V2;V5,474,0.9516306510898321,0.7677053824362606,0.9190751445086706,,,binary,,,,,,,,,,,,,,,,,,,,,3.318562100001145,42,ecdb2816fbfecf3ce41ff2e3263e3bdaefd75a5bba81a8e030b7390f03e8d244,cb2cb2e442afa8d7158b02e4fe0114cf68696a9bf9f10f2a89c0ed63bc1301d2,34060e20ca6ca6de13d114a5b1b14cf4e1fd9ffccc3f7ec4453bb00d8b5646f1,030b30d3fdaede8c7bd3295e4451ef22eec7170b682872cdf6a2c6c4ba1f2635
reference_iii,3,3;7;11,aVR;V2;V6,474,0.9521457167607053,0.7762039660056658,0.9215116279069767,,,binary,,,,,,,,,,,,,,,,,,,,,3.32523829999991,42,ecdb2816fbfecf3ce41ff2e3263e3bdaefd75a5bba81a8e030b7390f03e8d244,cb2cb2e442afa8d7158b02e4fe0114cf68696a9bf9f10f2a89c0ed63bc1301d2,34060e20ca6ca6de13d114a5b1b14cf4e1fd9ffccc3f7ec4453bb00d8b5646f1,f0df4b262b043950343d7493ca903d60cf00e79508359491594c3bc7e41e1092
reference_iii,3,3;8;9,aVR;V3;V4,474,0.9465268185329994,0.7705382436260623,0.9248554913294798,,,binary,,,,,,,,,,,,,,,,,,,,,3.320418100000097,42,ecdb2816fbfecf3ce41ff2e3263e3bdaefd75a5bba81a8e030b7390f03e8d244,cb2cb2e442afa8d7158b02e4fe0114cf68696a9bf9f10f2a89c0ed63bc1301d2,34060e20ca6ca6de13d114a5b1b14cf4e1fd9ffccc3f7ec4453bb00d8b5646f1,187155b7bd4c7e811d0483fd98722ef31843f465c0342b564d91d06478015a51
reference_iii,3,3;8;10,aVR;V3;V5,474,0.9483997846089013,0.7960339943342776,0.9167883211678832,,,binary,,,,,,,,,,,,,,,,,,,,,3.315360200002033,42,ecdb2816fbfecf3ce41ff2e3263e3bdaefd75a5bba81a8e030b7390f03e8d244,cb2cb2e442afa8d7158b02e4fe0114cf68696a9bf9f10f2a89c0ed63bc1301d2,34060e20ca6ca6de13d114a5b1b14cf4e1fd9ffccc3f7ec4453bb00d8b5646f1,91eb2908b15e493a07bf59a4d3bde4549065aa48e2b68d4921b72881b13c096f
reference_iii,3,3;8;11,aVR;V3;V6,474,0.9485636691405427,0.7677053824362606,0.9120234604105572,,,binary,,,,,,,,,,,,,,,,,,,,,3.331490099997609,42,ecdb2816fbfecf3ce41ff2e3263e3bdaefd75a5bba81a8e030b7390f03e8d244,cb2cb2e442afa8d7158b02e4fe0114cf68696a9bf9f10f2a89c0ed63bc1301d2,34060e20ca6ca6de13d114a5b1b14cf4e1fd9ffccc3f7ec4453bb00d8b5646f1,79c1be46314c06a7c8bf4cc17baf1d3b52bd4bef0f885b9835e2b955ed14a5b5
reference_iii,3,3;9;10,aVR;V4;V5,474,0.9474633015709503,0.8130311614730878,0.9204052098408104,,,binary,,,,,,,,,,,,,,,,,,,,,3.3166563999984646,42,ecdb2816fbfecf3ce41ff2e3263e3bdaefd75a5bba81a8e030b7390f03e8d244,cb2cb2e442afa8d7158b02e4fe0114cf68696a9bf9f10f2a89c0ed63bc1301d2,34060e20ca6ca6de13d114a5b1b14cf4e1fd9ffccc3f7ec4453bb00d8b5646f1,5fa7e1570d61223365a4d3e6f3fd0e59516311fb3d486d4971af195a620aba55
reference_iii,3,3;9;11,aVR;V4;V6,474,0.9480720155456185,0.7988668555240793,0.9259796806966618,,,binary,,,,,,,,,,,,,,,,,,,,,3.3176372999987507,42,ecdb2816fbfecf3ce41ff2e3263e3bdaefd75a5bba81a8e030b7390f03e8d244,cb2cb2e442afa8d7158b02e4fe0114cf68696a9bf9f10f2a89c0ed63bc1301d2,34060e20ca6ca6de13d114a5b1b14cf4e1fd9ffccc3f7ec4453bb00d8b5646f1,079f5d4b8aba646b8bc0be5715c5fcb5d6db25051312aaad045faa81919d2e98
reference_iii,3,3;10;11,aVR;V5;V6,474,0.948212488001311,0.7790368271954674,0.9206349206349206,,,binary,,,,,,,,,,,,,,,,,,,,,3.3182997000003525,42,ecdb2816fbfecf3ce41ff2e3263e3bdaefd75a5bba81a8e030b7390f03e8d244,cb2cb2e442afa8d7158b02e4fe0114cf68696a9bf9f10f2a89c0ed63bc1301d2,34060e20ca6ca6de13d114a5b1b14cf4e1fd9ffccc3f7ec4453bb00d8b5646f1,76da85cac9fcc91a2d9f049bf89f517ca6a8987c180c80f0d1bc1245b8a8573b
reference_iii,3,4;5;6,aVL;aVF;V1,474,0.9465502306089482,0.7563739376770539,0.9197080291970803,,,binary,,,,,,,,,,,,,,,,,,,,,3.31306499999846,42,ecdb2816fbfecf3ce41ff2e3263e3bdaefd75a5bba81a8e030b7390f03e8d244,cb2cb2e442afa8d7158b02e4fe0114cf68696a9bf9f10f2a89c0ed63bc1301d2,34060e20ca6ca6de13d114a5b1b14cf4e1fd9ffccc3f7ec4453bb00d8b5646f1,00093d52f0697d65c2056ae3d83097fc207efba1f336bad3313a66c18454f89d
reference_iii,3,4;5;7,aVL;aVF;V2,474,0.9420785241027323,0.7280453257790368,0.9096209912536443,,,binary,,,,,,,,,,,,,,,,,,,,,3.3122478000004776,42,ecdb2816fbfecf3ce41ff2e3263e3bdaefd75a5bba81a8e030b7390f03e8d244,cb2cb2e442afa8d7158b02e4fe0114cf68696a9bf9f10f2a89c0ed63bc1301d2,34060e20ca6ca6de13d114a5b1b14cf4e1fd9ffccc3f7ec4453bb00d8b5646f1,664fedc29702d30c7144fd582af4dd1d655f53599bb770a89df8ee669209650c
reference_iii,3,4;5;8,aVL;aVF;V3,474,0.9423594690141175,0.71671388101983,0.9114658925979681,,,binary,,,,,,,,,,,,,,,,,,,,,3.3377030000010564,42,ecdb2816fbfecf3ce41ff2e3263e3bdaefd75a5bba81a8e030b7390f03e8d244,cb2cb2e442afa8d7158b02e4fe0114cf68696a9bf9f10f2a89c0ed63bc1301d2,34060e20ca6ca6de13d114a5b1b14cf4e1fd9ffccc3f7ec4453bb00d8b5646f1,711d91a619f69e86c57b958ab16a1af585ee188e0d6b0fce6099abef0712e0b0
reference_iii,3,4;5;9,aVL;aVF;V4,474,0.9445367920773535,0.7592067988668555,0.9148629148629148,,,binary,,,,,,,,,,,,,,,,,,,,,3.338099399999919,42,ecdb2816fbfecf3ce41ff2e3263e3bdaefd75a5bba81a8e030b7390f03e8d244,cb2cb2e442afa8d7158b02e4fe0114cf68696a9bf9f10f2a89c0ed63bc1301d2,34060e20ca6ca6de13d114a5b1b14cf4e1fd9ffccc3f7ec4453bb00d8b5646f1,9c181bdacc42f00034743e416b5d59a4fb826974806f4b7ed2e8fcfd4129a50c
reference_iii,3,4;5;10,aVL;aVF;V5,474,0.9456839837988434,0.7705382436260623,0.9161849710982659,,,binary,,,,,,,,,,,,,,,,,,,,,3.3207541999981913,42,ecdb2816fbfecf3ce41ff2e3263e3bdaefd75a5bba81a8e030b7390f03e8d244,cb2cb2e442afa8d7158b02e4fe0114cf68696a9bf9f10f2a89c0ed63bc1301d2,34060e20ca6ca6de13d114a5b1b14cf4e1fd9ffccc3f7ec4453bb00d8b5646f1,bb1a332b4b32f70566c107f258d993fd3cde80a835e39587056b6a87dc8fdadf
reference_iii,3,4;5;11,aVL;aVF;V6,474,0.945520099267202,0.7790368271954674,0.9138686131386862,,,binary,,,,,,,,,,,,,,,,,,,,,3.317752200000541,42,ecdb2816fbfecf3ce41ff2e3263e3bdaefd75a5bba81a8e030b7390f03e8d244,cb2cb2e442afa8d7158b02e4fe0114cf68696a9bf9f10f2a89c0ed63bc1301d2,34060e20ca6ca6de13d114a5b1b14cf4e1fd9ffccc3f7ec4453bb00d8b5646f1,f67d7337b9ea31369ba74ddf73eda0b07e2e5940a08c77bed31ee94098477403
reference_iii,3,4;6;7,aVL;V1;V2,474,0.9207735349893476,0.7025495750708215,0.9033189033189033,,,binary,,,,,,,,,,,,,,,,,,,,,3.312104399999953,42,ecdb2816fbfecf3ce41ff2e3263e3bdaefd75a5bba81a8e030b7390f03e8d244,cb2cb2e442afa8d7158b02e4fe0114cf68696a9bf9f10f2a89c0ed63bc1301d2,34060e20ca6ca6de13d114a5b1b14cf4e1fd9ffccc3f7ec4453bb00d8b5646f1,12cdb1bac71fd2379f980659d8fe69ac47f230e13cc437a81c28845bcb8d02b5
reference_iii,3,4;6;8,aVL;V1;V3,474,0.9323625125839908,0.7393767705382436,0.9,,,binary,,,,,,,,,,,,,,,,,,,,,3.3213321000002907,42,ecdb2816fbfecf3ce41ff2e3263e3bdaefd75a5bba81a8e030b7390f03e8d244,cb2cb2e442afa8d7158b02e4fe0114cf68696a9bf9f10f2a89c0ed63bc1301d2,34060e20ca6ca6de13d114a5b1b14cf4e1fd9ffccc3f7ec4453bb00d8b5646f1,e7aa8979fabf7b9beaf77bf763bc7b9e9a9d716278ca8e018aa45c8b6f0076d1
reference_iii,3,4;6;9,aVL;V1;V4,474,0.9414463980521154,0.7818696883852692,0.9077598828696926,,,binary,,,,,,,,,,,,,,,,,,,,,3.314748000000691,42,ecdb2816fbfecf3ce41ff2e3263e3bdaefd75a5bba81a8e030b7390f03e8d244,cb2cb2e442afa8d7158b02e4fe0114cf68696a9bf9f10f2a89c0ed63bc1301d2,34060e20ca6ca6de13d114a5b1b14cf4e1fd9ffccc3f7ec4453bb00d8b5646f1,53ae407029a31a40dcd3cea4ef2701d5159688e975ded2bdb30292e5149150c5
reference_iii,3,4;6;10,aVL;V1;V5,474,0.9463395219254092,0.7422096317280453,0.9106881405563689,,,binary,,,,,,,,,,,,,,,,,,,,,3.3162626000012096,42,ecdb2816fbfecf3ce41ff2e3263e3bdaefd75a5bba81a8e030b7390f03e8d244,cb2cb2e442afa8d7158b02e4fe0114cf68696a9bf9f10f2a89c0ed63bc1301d2,34060e20ca6ca6de13d114a5b1b14cf4e1fd9ffccc3f7ec4453bb00d8b5646f1,9c2ddb7a53b18198536dbb599104d046c89488a58da7de789665f209e800c066
reference_iii,3,4;6;11,aVL;V1;V6,474,0.9467609392924872,0.8016997167138811,0.9077598828696926,,,binary,,,,,,,,,,,,,,,,,,,,,3.3272834999988845,42,ecdb2816fbfecf3ce41ff2e3263e3bdaefd75a5bba81a8e030b7390f03e8d244,cb2cb2e442afa8d7158b02e4fe0114cf68696a9bf9f10f2a89c0ed63bc1301d2,34060e20ca6ca6de13d114a5b1b14cf4e1fd9ffccc3f7ec4453bb00d8b5646f1,42ac0bd5544592df9f4908ca6d80e2b5bbba1ca5be71b35ed69cabde5247d70a
reference_iii,3,4;7;8,aVL;V2;V3,474,0.9162784164071828,0.6968838526912181,0.8984263233190272,,,binary,,,,,,,,,,,,,,,,,,,,,3.3468395999989298,42,ecdb2816fbfecf3ce41ff2e3263e3bdaefd75a5bba81a8e030b7390f03e8d244,cb2cb2e442afa8d7158b02e4fe0114cf68696a9bf9f10f2a89c0ed63bc1301d2,34060e20ca6ca6de13d114a5b1b14cf4e1fd9ffccc3f7ec4453bb00d8b5646f1,174c76fb90aabe2134efc45081fd988840d103faaa89e299e0614c2ec4050b80
reference_iii,3,4;7;9,aVL;V2;V4,474,0.9372790485332334,0.7705382436260623,0.9137931034482759,,,binary,,,,,,,,,,,,,,,,,,,,,3.327833200000896,42,ecdb2816fbfecf3ce41ff2e3263e3bdaefd75a5bba81a8e030b7390f03e8d244,cb2cb2e442afa8d7158b02e4fe0114cf68696a9bf9f10f2a89c0ed63bc1301d2,34060e20ca6ca6de13d114a5b1b14cf4e1fd9ffccc3f7ec4453bb00d8b5646f1,15b6d3edce386f023b87e3393349bc1930bdafe4ded91b86bc9fc1e03afcc71d
reference_iii,3,4;7;10,aVL;V2;V5,474,0.9444899679254559,0.7762039660056658,0.9117221418234442,,,binary,,,,,,,,,,,,,,,,,,,,,3.330101999999897,42,ecdb2816fbfecf3ce41ff2e3263e3bdaefd75a5bba81a8e030b7390f03e8d244,cb2cb2e442afa8d7158b02e4fe0114cf68696a9bf9f10f2a89c0ed63bc1301d2,34060e20ca6ca6de13d114a5b1b14cf4e1fd9ffccc3f7ec4453bb00d8b5646f1,1d86ac15c1a721389d197f72d6af16c261e4f344891cd3ce20791f022449e326
reference_iii,3,4;7;11,aVL;V2;V6,474,0.9420082878748859,0.7450424929178471,0.9096209912536443,,,binary,,,,,,,,,,,,,,,,,,,,,3.32691049999994,42,ecdb2816fbfecf3ce41ff2e3263e3bdaefd75a5bba81a8e030b7390f03e8d244,cb2cb2e442afa8d7158b02e4fe0114cf68696a9bf9f10f2a89c0ed63bc1301d2,34060e20ca6ca6de13d114a5b1b14cf4e1fd9ffccc3f7ec4453bb00d8b5646f1,4477349c7c03c00b27b667128165a3dd1547db554004f5c517c81093259e2ee6
reference_iii,3,4;8;9,aVL;V3;V4,474,0.9344930114953294,0.7705382436260623,0.9005847953216374,,,binary,,,,,,,,,,,,,,,,,,,,,3.340640500002337,42,ecdb2816fbfecf3ce41ff2e3263e3bdaefd75a5bba81a8e030b7390f03e8d244,cb2cb2e442afa8d7158b02e4fe0114cf68696a9bf9f10f2a89c0ed63bc1301d2,34060e20ca6ca6de13d114a5b1b14cf4e1fd9ffccc3f7ec4453bb00d8b5646f1,a5e06c8175ea3bf27ebbab106b7fe4fd4afe59b72abf145072e6d4ec77b07d56
reference_iii,3,4;8;10,aVL;V3;V5,474,0.9415400463559105,0.7535410764872521,0.9069423929098966,,,binary,,,,,,,,,,,,,,,,,,,,,3.353422899999714,42,ecdb2816fbfecf3ce41ff2e3263e3bdaefd75a5bba81a8e030b7390f03e8d244,cb2cb2e442afa8d7158b02e4fe0114cf68696a9bf9f10f2a89c0ed63bc1301d2,34060e20ca6ca6de13d114a5b1b14cf4e1fd9ffccc3f7ec4453bb00d8b5646f1,44b250c4c805731f2dd1b781416974254283295cba492c52bc846da97b31fc48
reference_iii,3,4;8;11,aVL;V3;V6,474,0.9408142720014984,0.7648725212464589,0.8967551622418879,,,binary,,,,,,,,,,,,,,,,,,,,,3.3371900000020105,42,ecdb2816fbfecf3ce41ff2e3263e3bdaefd75a5bba81a8e030b7390f03e8d244,cb2cb2e442afa8d7158b02e4fe0114cf68696a9bf9f10f2a89c0ed63bc1301d2,34060e20ca6ca6de13d114a5b1b14cf4e1fd9ffccc3f7ec4453bb00d8b5646f1,eb0527a235dad04c7638e05ce508fef21aa1caa30c5f7505eadfeb335f476bba
reference_iii,3,4;9;10,aVL;V4;V5,474,0.941680518811603,0.7365439093484419,0.9088277858176556,,,binary,,,,,,,,,,,,,,,,,,,,,3.324368100002175,42,ecdb2816fbfecf3ce41ff2e3263e3bdaefd75a5bba81a8e030b7390f03e8d244,cb2cb2e442afa8d7158b02e4fe0114cf68696a9bf9f10f2a89c0ed63bc1301d2,34060e20ca6ca6de13d114a5b1b14cf4e1fd9ffccc3f7ec4453bb00d8b5646f1,bfdb0c16e14e52808b73eacaa351dec4c515d028102424365f5cf7d71a0bce44
reference_iii,3,4;9;11,aVL;V4;V6,474,0.9416102825837567,0.7563739376770539,0.9056603773584906,,,binary,,,,,,,,,,,,,,,,,,,,,3.329146000000037,42,ecdb2816fbfecf3ce41ff2e3263e3bdaefd75a5bba81a8e030b7390f03e8d244,cb2cb2e442afa8d7158b02e4fe0114cf68696a9bf9f10f2a89c0ed63bc1301d2,34060e20ca6ca6de13d114a5b1b14cf4e1fd9ffccc3f7ec4453bb00d8b5646f1,347d2235adc8a7c30ad5b1a7c4092d557671ddc872f175d0bc945d4e3a43d535
reference_iii,3,4;10;11,aVL;V5;V6,474,0.9428745346849905,0.7478753541076487,0.9035087719298246,,,binary,,,,,,,,,,,,,,,,,,,,,3.3275179999982356,42,ecdb2816fbfecf3ce41ff2e3263e3bdaefd75a5bba81a8e030b7390f03e8d244,cb2cb2e442afa8d7158b02e4fe0114cf68696a9bf9f10f2a89c0ed63bc1301d2,34060e20ca6ca6de13d114a5b1b14cf4e1fd9ffccc3f7ec4453bb00d8b5646f1,53ffbb699005bced4ae9bdfca15f91b9e6d5ce37aa036cba87b5d8d6f98c075b
reference_iii,3,5;6;7,aVF;V1;V2,474,0.9418444033432445,0.7960339943342776,0.9104046242774566,,,binary,,,,,,,,,,,,,,,,,,,,,3.334819799998513,42,ecdb2816fbfecf3ce41ff2e3263e3bdaefd75a5bba81a8e030b7390f03e8d244,cb2cb2e442afa8d7158b02e4fe0114cf68696a9bf9f10f2a89c0ed63bc1301d2,34060e20ca6ca6de13d114a5b1b14cf4e1fd9ffccc3f7ec4453bb00d8b5646f1,1e9982a25681c2ce67b3cc6b6fab6b18e00132b4dd7ee5c639fade8fb43c55f3
reference_iii,3,5;6;8,aVF;V1;V3,474,0.9412825135204739,0.7847025495750708,0.9075144508670521,,,binary,,,,,,,,,,,,,,,,,,,,,3.3260315000006813,42,ecdb2816fbfecf3ce41ff2e3263e3bdaefd75a5bba81a8e030b7390f03e8d244,cb2cb2e442afa8d7158b02e4fe0114cf68696a9bf9f10f2a89c0ed63bc1301d2,34060e20ca6ca6de13d114a5b1b14cf4e1fd9ffccc3f7ec4453bb00d8b5646f1,bbaff7c0024f4d0466ed927339ee6a2dbc641853e88aa65e8b15a3f04c41508a
reference_iii,3,5;6;9,aVF;V1;V4,474,0.9479315430899257,0.8045325779036827,0.9154518950437318,,,binary,,,,,,,,,,,,,,,,,,,,,3.3277892000005522,42,ecdb2816fbfecf3ce41ff2e3263e3bdaefd75a5bba81a8e030b7390f03e8d244,cb2cb2e442afa8d7158b02e4fe0114cf68696a9bf9f10f2a89c0ed63bc1301d2,34060e20ca6ca6de13d114a5b1b14cf4e1fd9ffccc3f7ec4453bb00d8b5646f1,925c3099893e68bba1cfaf6a5684d51347cc9acbd528ec54e5694c79e2646562
reference_iii,3,5;6;10,aVF;V1;V5,474,0.9504132231404958,0.7818696883852692,0.9186046511627907,,,binary,,,,,,,,,,,,,,,,,,,,,3.3286756000015885,42,ecdb2816fbfecf3ce41ff2e3263e3bdaefd75a5bba81a8e030b7390f03e8d244,cb2cb2e442afa8d7158b02e4fe0114cf68696a9bf9f10f2a89c0ed63bc1301d2,34060e20ca6ca6de13d114a5b1b14cf4e1fd9ffccc3f7ec4453bb00d8b5646f1,0114bf109e67ca2058e426272b2bf3eb775b3bf768478b45f10e2fc2e77d2a49
reference_iii,3,5;6;11,aVF;V1;V6,474,0.9512794699506005,0.7960339943342776,0.9156976744186046,,,binary,,,,,,,,,,,,,,,,,,,,,3.3274939000002632,42,ecdb2816fbfecf3ce41ff2e3263e3bdaefd75a5bba81a8e030b7390f03e8d244,cb2cb2e442afa8d7158b02e4fe0114cf68696a9bf9f10f2a89c0ed63bc1301d2,34060e20ca6ca6de13d114a5b1b14cf4e1fd9ffccc3f7ec4453bb00d8b5646f1,d81abe4f1950aae10d74dc67eb1bcdb02cac7043e73525f4658488e16a08ab85
reference_iii,3,5;7;8,aVF;V2;V3,474,0.9319410952169128,0.7507082152974505,0.896551724137931,,,binary,,,,,,,,,,,,,,,,,,,,,3.326747400002205,42,ecdb2816fbfecf3ce41ff2e3263e3bdaefd75a5bba81a8e030b7390f03e8d244,cb2cb2e442afa8d7158b02e4fe0114cf68696a9bf9f10f2a89c0ed63bc1301d2,34060e20ca6ca6de13d114a5b1b14cf4e1fd9ffccc3f7ec4453bb00d8b5646f1,471c4a5ee062ddd8aed5b7d019aefb4074cc83aa2fab098562fc96997bd9f441
reference_iii,3,5;7;9,aVF;V2;V4,474,0.9410483927609862,0.7818696883852692,0.9011627906976745,,,binary,,,,,,,,,,,,,,,,,,,,,3.327156700001069,42,ecdb2816fbfecf3ce41ff2e3263e3bdaefd75a5bba81a8e030b7390f03e8d244,cb2cb2e442afa8d7158b02e4fe0114cf68696a9bf9f10f2a89c0ed63bc1301d2,34060e20ca6ca6de13d114a5b1b14cf4e1fd9ffccc3f7ec4453bb00d8b5646f1,234a0d67b11fd3edcaff3fefc17b544480e841324b16f5bfe5e3697008b755b7
reference_iii,3,5;7;10,aVF;V2;V5,474,0.9477676585582844,0.7648725212464589,0.9172714078374455,,,binary,,,,,,,,,,,,,,,,,,,,,3.3417826000004425,42,ecdb2816fbfecf3ce41ff2e3263e3bdaefd75a5bba81a8e030b7390f03e8d244,cb2cb2e442afa8d7158b02e4fe0114cf68696a9bf9f10f2a89c0ed63bc1301d2,34060e20ca6ca6de13d114a5b1b14cf4e1fd9ffccc3f7ec4453bb00d8b5646f1,0a99444c26cde83fb5183774c74f1fa2afcb3d510a7e3b3e503eee0aa0508c5c
reference_iii,3,5;7;11,aVF;V2;V6,474,0.9470418842038725,0.7875354107648725,0.9051094890510949,,,binary,,,,,,,,,,,,,,,,,,,,,3.3282459000001836,42,ecdb2816fbfecf3ce41ff2e3263e3bdaefd75a5bba81a8e030b7390f03e8d244,cb2cb2e442afa8d7158b02e4fe0114cf68696a9bf9f10f2a89c0ed63bc1301d2,34060e20ca6ca6de13d114a5b1b14cf4e1fd9ffccc3f7ec4453bb00d8b5646f1,fdd63c3d830d10eedf82ffff253169e272d302d5d9071c172d4fe6e737d80dd8
reference_iii,3,5;8;9,aVF;V3;V4,474,0.9392690749888792,0.7337110481586402,0.9040697674418605,,,binary,,,,,,,,,,,,,,,,,,,,,3.3314470000004803,42,ecdb2816fbfecf3ce41ff2e3263e3bdaefd75a5bba81a8e030b7390f03e8d244,cb2cb2e442afa8d7158b02e4fe0114cf68696a9bf9f10f2a89c0ed63bc1301d2,34060e20ca6ca6de13d114a5b1b14cf4e1fd9ffccc3f7ec4453bb00d8b5646f1,6ff952c3958eab6f22f712f9eb0a9cd4a55891d55ffbf06584e41c03d25de79b
reference_iii,3,5;8;10,aVF;V3;V5,474,0.9453562147355605,0.7393767705382436,0.9122807017543859,,,binary,,,,,,,,,,,,,,,,,,,,,3.3278758999986167,42,ecdb2816fbfecf3ce41ff2e3263e3bdaefd75a5bba81a8e030b7390f03e8d244,cb2cb2e442afa8d7158b02e4fe0114cf68696a9bf9f10f2a89c0ed63bc1301d2,34060e20ca6ca6de13d114a5b1b14cf4e1fd9ffccc3f7ec4453bb00d8b5646f1,eb80711a96bfcebd5f341b0b7d07e30ee64c234ce9de0364d324a8896f9ad43c
reference_iii,3,5;8;11,aVF;V3;V6,474,0.9455200992672019,0.773371104815864,0.9117221418234442,,,binary,,,,,,,,,,,,,,,,,,,,,3.327235099997779,42,ecdb2816fbfecf3ce41ff2e3263e3bdaefd75a5bba81a8e030b7390f03e8d244,cb2cb2e442afa8d7158b02e4fe0114cf68696a9bf9f10f2a89c0ed63bc1301d2,34060e20ca6ca6de13d114a5b1b14cf4e1fd9ffccc3f7ec4453bb00d8b5646f1,6d8321cdd9d6985185f7079bb379a31997857caeb9a7b042b4580c0c5e2e1216
reference_iii,3,5;9;10,aVF;V4;V5,474,0.9448645611406363,0.7875354107648725,0.9190751445086706,,,binary,,,,,,,,,,,,,,,,,,,,,3.3280831999982183,42,ecdb2816fbfecf3ce41ff2e3263e3bdaefd75a5bba81a8e030b7390f03e8d244,cb2cb2e442afa8d7158b02e4fe0114cf68696a9bf9f10f2a89c0ed63bc1301d2,34060e20ca6ca6de13d114a5b1b14cf4e1fd9ffccc3f7ec4453bb00d8b5646f1,1dfa12aa22f57db79f17c1b3487c9700d173a1de54d6edf6b5a9c4cd5bd37bdf
reference_iii,3,5;9;11,aVF;V4;V6,474,0.9447475007608925,0.7818696883852692,0.9132947976878613,,,binary,,,,,,,,,,,,,,,,,,,,,3.3268264999969688,42,ecdb2816fbfecf3ce41ff2e3263e3bdaefd75a5bba81a8e030b7390f03e8d244,cb2cb2e442afa8d7158b02e4fe0114cf68696a9bf9f10f2a89c0ed63bc1301d2,34060e20ca6ca6de13d114a5b1b14cf4e1fd9ffccc3f7ec4453bb00d8b5646f1,efc387cfe086054385a48fcef727ab41c3111918a31874587829e12d71f76103
reference_iii,3,5;10;11,aVF;V5;V6,474,0.9469248238241286,0.7790368271954674,0.9161849710982659,,,binary,,,,,,,,,,,,,,,,,,,,,3.329398499998206,42,ecdb2816fbfecf3ce41ff2e3263e3bdaefd75a5bba81a8e030b7390f03e8d244,cb2cb2e442afa8d7158b02e4fe0114cf68696a9bf9f10f2a89c0ed63bc1301d2,34060e20ca6ca6de13d114a5b1b14cf4e1fd9ffccc3f7ec4453bb00d8b5646f1,185c3ab84cdfb21df20c3e0814b6f7f695d6669ca00c8550281be78b8155178e
reference_iii,3,6;7;8,V1;V2;V3,474,0.9275864490904407,0.7138810198300283,0.895741556534508,,,binary,,,,,,,,,,,,,,,,,,,,,3.3301526000032027,42,ecdb2816fbfecf3ce41ff2e3263e3bdaefd75a5bba81a8e030b7390f03e8d244,cb2cb2e442afa8d7158b02e4fe0114cf68696a9bf9f10f2a89c0ed63bc1301d2,34060e20ca6ca6de13d114a5b1b14cf4e1fd9ffccc3f7ec4453bb00d8b5646f1,f3e43aca84cf2fbf39e9db6f16ab530e8e821166bf9115393066760dea2c02d0
reference_iii,3,6;7;9,V1;V2;V4,474,0.9377941142041065,0.7818696883852692,0.9112081513828238,,,binary,,,,,,,,,,,,,,,,,,,,,3.326836000000185,42,ecdb2816fbfecf3ce41ff2e3263e3bdaefd75a5bba81a8e030b7390f03e8d244,cb2cb2e442afa8d7158b02e4fe0114cf68696a9bf9f10f2a89c0ed63bc1301d2,34060e20ca6ca6de13d114a5b1b14cf4e1fd9ffccc3f7ec4453bb00d8b5646f1,5c049422b3e1436d93ee842738905d3e6a8db19dea19476397ea6286d39a76b6
reference_iii,3,6;7;10,V1;V2;V5,474,0.9440217264064805,0.7790368271954674,0.9093567251461988,,,binary,,,,,,,,,,,,,,,,,,,,,3.329406299999391,42,ecdb2816fbfecf3ce41ff2e3263e3bdaefd75a5bba81a8e030b7390f03e8d244,cb2cb2e442afa8d7158b02e4fe0114cf68696a9bf9f10f2a89c0ed63bc1301d2,34060e20ca6ca6de13d114a5b1b14cf4e1fd9ffccc3f7ec4453bb00d8b5646f1,24c874665f4ff71ba3a1220d02f0725a06d307de0ce9f0ba394404f03855c510
reference_iii,3,6;7;11,V1;V2;V6,474,0.9426404139255028,0.7620396600566572,0.9058823529411765,,,binary,,,,,,,,,,,,,,,,,,,,,3.329456499999651,42,ecdb2816fbfecf3ce41ff2e3263e3bdaefd75a5bba81a8e030b7390f03e8d244,cb2cb2e442afa8d7158b02e4fe0114cf68696a9bf9f10f2a89c0ed63bc1301d2,34060e20ca6ca6de13d114a5b1b14cf4e1fd9ffccc3f7ec4453bb00d8b5646f1,f396be95db56b960cb732c9bf5d75068b8cc735554e1ccf137138623ced2d1af
reference_iii,3,6;8;9,V1;V3;V4,474,0.9381452953433381,0.7790368271954674,0.906158357771261,,,binary,,,,,,,,,,,,,,,,,,,,,3.3280987000034656,42,ecdb2816fbfecf3ce41ff2e3263e3bdaefd75a5bba81a8e030b7390f03e8d244,cb2cb2e442afa8d7158b02e4fe0114cf68696a9bf9f10f2a89c0ed63bc1301d2,34060e20ca6ca6de13d114a5b1b14cf4e1fd9ffccc3f7ec4453bb00d8b5646f1,09625ed43cc0c2e3d560d38ee06f0abe1d257037f98a7ec69d83a11e88d6c338
reference_iii,3,6;8;10,V1;V3;V5,474,0.9423126448622199,0.7648725212464589,0.9048316251830161,,,binary,,,,,,,,,,,,,,,,,,,,,3.33190839999952,42,ecdb2816fbfecf3ce41ff2e3263e3bdaefd75a5bba81a8e030b7390f03e8d244,cb2cb2e442afa8d7158b02e4fe0114cf68696a9bf9f10f2a89c0ed63bc1301d2,34060e20ca6ca6de13d114a5b1b14cf4e1fd9ffccc3f7ec4453bb00d8b5646f1,5cb15bdb5ecb9beb212a08f16481f2367f7ea58457a1d15660f7b6bd8ea84ee1
reference_iii,3,6;8;11,V1;V3;V6,474,0.9424297052419638,0.7507082152974505,0.9029411764705882,,,binary,,,,,,,,,,,,,,,,,,,,,3.328978499997902,42,ecdb2816fbfecf3ce41ff2e3263e3bdaefd75a5bba81a8e030b7390f03e8d244,cb2cb2e442afa8d7158b02e4fe0114cf68696a9bf9f10f2a89c0ed63bc1301d2,34060e20ca6ca6de13d114a5b1b14cf4e1fd9ffccc3f7ec4453bb00d8b5646f1,b877738adf4959d13a0083fc53fa2a3069c8ff6debf212cf69ccfcb8c02c7e27
reference_iii,3,6;9;10,V1;V4;V5,474,0.9423828810900662,0.7903682719546742,0.9147058823529411,,,binary,,,,,,,,,,,,,,,,,,,,,3.3369969000013953,42,ecdb2816fbfecf3ce41ff2e3263e3bdaefd75a5bba81a8e030b7390f03e8d244,cb2cb2e442afa8d7158b02e4fe0114cf68696a9bf9f10f2a89c0ed63bc1301d2,34060e20ca6ca6de13d114a5b1b14cf4e1fd9ffccc3f7ec4453bb00d8b5646f1,71040f0f68a8323565e65d77cca8458d90ca35b979acd2fb3f83a1aac35e0373
reference_iii,3,6;9;11,V1;V4;V6,474,0.9443963196216609,0.7875354107648725,0.9104258443465492,,,binary,,,,,,,,,,,,,,,,,,,,,3.330173399997875,42,ecdb2816fbfecf3ce41ff2e3263e3bdaefd75a5bba81a8e030b7390f03e8d244,cb2cb2e442afa8d7158b02e4fe0114cf68696a9bf9f10f2a89c0ed63bc1301d2,34060e20ca6ca6de13d114a5b1b14cf4e1fd9ffccc3f7ec4453bb00d8b5646f1,a90e0dcf1115a7131f82ae8980262a1c727d1e38a0166ec6486b7d1ea3065b87
reference_iii,3,6;10;11,V1;V5;V6,474,0.9459883407861774,0.773371104815864,0.9067055393586005,,,binary,,,,,,,,,,,,,,,,,,,,,3.3304853000008734,42,ecdb2816fbfecf3ce41ff2e3263e3bdaefd75a5bba81a8e030b7390f03e8d244,cb2cb2e442afa8d7158b02e4fe0114cf68696a9bf9f10f2a89c0ed63bc1301d2,34060e20ca6ca6de13d114a5b1b14cf4e1fd9ffccc3f7ec4453bb00d8b5646f1,d9d5a21486d1858868a4ab30b8a234f415cc28ea3e9968a4a546907a49367b8d
reference_iii,3,7;8;9,V2;V3;V4,474,0.9329712265586589,0.7705382436260623,0.9069767441860465,,,binary,,,,,,,,,,,,,,,,,,,,,3.330433600000106,42,ecdb2816fbfecf3ce41ff2e3263e3bdaefd75a5bba81a8e030b7390f03e8d244,cb2cb2e442afa8d7158b02e4fe0114cf68696a9bf9f10f2a89c0ed63bc1301d2,34060e20ca6ca6de13d114a5b1b14cf4e1fd9ffccc3f7ec4453bb00d8b5646f1,b9c1f32604300982b8191d450f215bdffca16108d68f95146b753d9b66b41bd9
reference_iii,3,7;8;10,V2;V3;V5,474,0.9413059255964228,0.7280453257790368,0.906158357771261,,,binary,,,,,,,,,,,,,,,,,,,,,3.3290751999993518,42,ecdb2816fbfecf3ce41ff2e3263e3bdaefd75a5bba81a8e030b7390f03e8d244,cb2cb2e442afa8d7158b02e4fe0114cf68696a9bf9f10f2a89c0ed63bc1301d2,34060e20ca6ca6de13d114a5b1b14cf4e1fd9ffccc3f7ec4453bb00d8b5646f1,607f984278a863c905987bb3532dccc6bd911beead496e7cb4feed72d7ac29b2
reference_iii,3,7;8;11,V2;V3;V6,474,0.9395031957483669,0.71671388101983,0.9043478260869565,,,binary,,,,,,,,,,,,,,,,,,,,,3.326950000002398,42,ecdb2816fbfecf3ce41ff2e3263e3bdaefd75a5bba81a8e030b7390f03e8d244,cb2cb2e442afa8d7158b02e4fe0114cf68696a9bf9f10f2a89c0ed63bc1301d2,34060e20ca6ca6de13d114a5b1b14cf4e1fd9ffccc3f7ec4453bb00d8b5646f1,e7670a6ef0e9a00a89607dc8e04099e36a56e16d61f8b8ee434e8f6d3bd482c1
reference_iii,3,7;9;10,V2;V4;V5,474,0.942710650153349,0.7535410764872521,0.9143686502177069,,,binary,,,,,,,,,,,,,,,,,,,,,3.3313557999972545,42,ecdb2816fbfecf3ce41ff2e3263e3bdaefd75a5bba81a8e030b7390f03e8d244,cb2cb2e442afa8d7158b02e4fe0114cf68696a9bf9f10f2a89c0ed63bc1301d2,34060e20ca6ca6de13d114a5b1b14cf4e1fd9ffccc3f7ec4453bb00d8b5646f1,422a6e2b9064f05aeaadccddd5539c1ee9bc79315ee4011fe0bfb09a96d2ee92
reference_iii,3,7;9;11,V2;V4;V6,474,0.941891227495142,0.7592067988668555,0.9059334298118669,,,binary,,,,,,,,,,,,,,,,,,,,,3.3384198999992805,42,ecdb2816fbfecf3ce41ff2e3263e3bdaefd75a5bba81a8e030b7390f03e8d244,cb2cb2e442afa8d7158b02e4fe0114cf68696a9bf9f10f2a89c0ed63bc1301d2,34060e20ca6ca6de13d114a5b1b14cf4e1fd9ffccc3f7ec4453bb00d8b5646f1,fe3b71e72e17be7c10c49080c0722d8ebb5ac6261df97071b28f545a6c744345
reference_iii,3,7;10;11,V2;V5;V6,474,0.9469482359000773,0.7563739376770539,0.9088277858176556,,,binary,,,,,,,,,,,,,,,,,,,,,3.3328786000020045,42,ecdb2816fbfecf3ce41ff2e3263e3bdaefd75a5bba81a8e030b7390f03e8d244,cb2cb2e442afa8d7158b02e4fe0114cf68696a9bf9f10f2a89c0ed63bc1301d2,34060e20ca6ca6de13d114a5b1b14cf4e1fd9ffccc3f7ec4453bb00d8b5646f1,7a4b774fcf4c2dd40bed4137537372e894b69150f60095c6e90eb6d5b583b1f1
reference_iii,3,8;9;10,V3;V4;V5,474,0.9415166342799616,0.7478753541076487,0.9125364431486881,,,binary,,,,,,,,,,,,,,,,,,,,,3.3096608000014385,42,ecdb2816fbfecf3ce41ff2e3263e3bdaefd75a5bba81a8e030b7390f03e8d244,cb2cb2e442afa8d7158b02e4fe0114cf68696a9bf9f10f2a89c0ed63bc1301d2,34060e20ca6ca6de13d114a5b1b14cf4e1fd9ffccc3f7ec4453bb00d8b5646f1,57c1b8bccb5fb46cd5b3cc8557946417a50b3605394d41ad83337fd670a59035
reference_iii,3,8;9;11,V3;V4;V6,474,0.941071804836935,0.7535410764872521,0.9067055393586005,,,binary,,,,,,,,,,,,,,,,,,,,,3.316606700002012,42,ecdb2816fbfecf3ce41ff2e3263e3bdaefd75a5bba81a8e030b7390f03e8d244,cb2cb2e442afa8d7158b02e4fe0114cf68696a9bf9f10f2a89c0ed63bc1301d2,34060e20ca6ca6de13d114a5b1b14cf4e1fd9ffccc3f7ec4453bb00d8b5646f1,303518f8bdd603a69a1ff4d0a7ddab2625d0f5c29373062b527d20b4044e4b9b
reference_iii,3,8;10;11,V3;V5;V6,474,0.9443963196216609,0.7592067988668555,0.9125364431486881,,,binary,,,,,,,,,,,,,,,,,,,,,3.3152296999978716,42,ecdb2816fbfecf3ce41ff2e3263e3bdaefd75a5bba81a8e030b7390f03e8d244,cb2cb2e442afa8d7158b02e4fe0114cf68696a9bf9f10f2a89c0ed63bc1301d2,34060e20ca6ca6de13d114a5b1b14cf4e1fd9ffccc3f7ec4453bb00d8b5646f1,584afddcedf4a3fb234c412b8d31b10f0f38cd241fc0734871b736254cb55127
reference_iii,3,9;10;11,V4;V5;V6,474,0.944583616229251,0.773371104815864,0.9104046242774566,,,binary,,,,,,,,,,,,,,,,,,,,,3.3205325999988418,42,ecdb2816fbfecf3ce41ff2e3263e3bdaefd75a5bba81a8e030b7390f03e8d244,cb2cb2e442afa8d7158b02e4fe0114cf68696a9bf9f10f2a89c0ed63bc1301d2,34060e20ca6ca6de13d114a5b1b14cf4e1fd9ffccc3f7ec4453bb00d8b5646f1,bfc35770860d76db4e1fc5aa265c29eec8d3ce9cba5b268ff8891cc66e09e6d3
reference_iii,4,0;1;2;3,I;II;III;aVR,474,0.9500386299253154,0.7393767705382436,0.932761087267525,,,binary,,,,,,,,,,,,,,,,,,,,,3.326449699998193,42,ecdb2816fbfecf3ce41ff2e3263e3bdaefd75a5bba81a8e030b7390f03e8d244,cb2cb2e442afa8d7158b02e4fe0114cf68696a9bf9f10f2a89c0ed63bc1301d2,34060e20ca6ca6de13d114a5b1b14cf4e1fd9ffccc3f7ec4453bb00d8b5646f1,676e3cc6de3c543d2d22fee6cdfb73a2b7d3bcb0b5f2c1211dc723b63054d7c3
reference_iii,4,0;1;2;4,I;II;III;aVL,474,0.9500854540772129,0.7337110481586402,0.9310344827586207,,,binary,,,,,,,,,,,,,,,,,,,,,3.328036399998382,42,ecdb2816fbfecf3ce41ff2e3263e3bdaefd75a5bba81a8e030b7390f03e8d244,cb2cb2e442afa8d7158b02e4fe0114cf68696a9bf9f10f2a89c0ed63bc1301d2,34060e20ca6ca6de13d114a5b1b14cf4e1fd9ffccc3f7ec4453bb00d8b5646f1,3e5acd95dc1afb42ca17e307c5d591e4c37de1653148c542bde52f1f8594b716
reference_iii,4,0;1;2;5,I;II;III;aVF,474,0.9498981574696228,0.7280453257790368,0.9340974212034384,,,binary,,,,,,,,,,,,,,,,,,,,,3.34946889999992,42,ecdb2816fbfecf3ce41ff2e3263e3bdaefd75a5bba81a8e030b7390f03e8d244,cb2cb2e442afa8d7158b02e4fe0114cf68696a9bf9f10f2a89c0ed63bc1301d2,34060e20ca6ca6de13d114a5b1b14cf4e1fd9ffccc3f7ec4453bb00d8b5646f1,d3581479fac90aab0a57394f14fecffa66bdb958d340c2721266a50355efce70
reference_iii,4,0;1;2;6,I;II;III;V1,474,0.9520520684569101,0.7903682719546742,0.9250720461095101,,,binary,,,,,,,,,,,,,,,,,,,,,3.3546102000000246,42,ecdb2816fbfecf3ce41ff2e3263e3bdaefd75a5bba81a8e030b7390f03e8d244,cb2cb2e442afa8d7158b02e4fe0114cf68696a9bf9f10f2a89c0ed63bc1301d2,34060e20ca6ca6de13d114a5b1b14cf4e1fd9ffccc3f7ec4453bb00d8b5646f1,2b8a89978b853d4e50293aea4cfe5d6f3a958c9d48c314b190a2039498f0130f
reference_iii,4,0;1;2;7,I;II;III;V2,474,0.9476037740266429,0.7393767705382436,0.9085631349782293,,,binary,,,,,,,,,,,,,,,,,,,,,3.3455079999985173,42,ecdb2816fbfecf3ce41ff2e3263e3bdaefd75a5bba81a8e030b7390f03e8d244,cb2cb2e442afa8d7158b02e4fe0114cf68696a9bf9f10f2a89c0ed63bc1301d2,34060e20ca6ca6de13d114a5b1b14cf4e1fd9ffccc3f7ec4453bb00d8b5646f1,f34935937e9fecf0c71b94b5049cda53dcda1c66f1c1d34ecf9bc10e9030a5ec
reference_iii,4,0;1;2;8,I;II;III;V3,474,0.9436939573431976,0.7563739376770539,0.9175108538350217,,,binary,,,,,,,,,,,,,,,,,,,,,3.3351165000021865,42,ecdb2816fbfecf3ce41ff2e3263e3bdaefd75a5bba81a8e030b7390f03e8d244,cb2cb2e442afa8d7158b02e4fe0114cf68696a9bf9f10f2a89c0ed63bc1301d2,34060e20ca6ca6de13d114a5b1b14cf4e1fd9ffccc3f7ec4453bb00d8b5646f1,3a138cc4d8b4aec5afc2b739f792a329975205c88275ed96dd82e1a7258a07e0
reference_iii,4,0;1;2;9,I;II;III;V4,474,0.9469014117481797,0.773371104815864,0.9224137931034483,,,binary,,,,,,,,,,,,,,,,,,,,,3.3372062999987975,42,ecdb2816fbfecf3ce41ff2e3263e3bdaefd75a5bba81a8e030b7390f03e8d244,cb2cb2e442afa8d7158b02e4fe0114cf68696a9bf9f10f2a89c0ed63bc1301d2,34060e20ca6ca6de13d114a5b1b14cf4e1fd9ffccc3f7ec4453bb00d8b5646f1,db84ed5665d9bbcdbd00df2126e283d8b7d6839c7fbe548529a6cd7e7f7cb576
reference_iii,4,0;1;2;10,I;II;III;V5,474,0.9469950600519749,0.7762039660056658,0.9161849710982659,,,binary,,,,,,,,,,,,,,,,,,,,,3.3426994000001287,42,ecdb2816fbfecf3ce41ff2e3263e3bdaefd75a5bba81a8e030b7390f03e8d244,cb2cb2e442afa8d7158b02e4fe0114cf68696a9bf9f10f2a89c0ed63bc1301d2,34060e20ca6ca6de13d114a5b1b14cf4e1fd9ffccc3f7ec4453bb00d8b5646f1,4b3e3bca41e9400b54a4531b2f5b8cb8838663323efc5b1e8d0d27aafe7351f7
reference_iii,4,0;1;2;11,I;II;III;V6,474,0.9475803619506942,0.7818696883852692,0.9172714078374455,,,binary,,,,,,,,,,,,,,,,,,,,,3.351044800001546,42,ecdb2816fbfecf3ce41ff2e3263e3bdaefd75a5bba81a8e030b7390f03e8d244,cb2cb2e442afa8d7158b02e4fe0114cf68696a9bf9f10f2a89c0ed63bc1301d2,34060e20ca6ca6de13d114a5b1b14cf4e1fd9ffccc3f7ec4453bb00d8b5646f1,ab9e067d8554822b3d20071a296542c6fe880c92327d69efae8745efbc892ffe
reference_iii,4,0;1;3;4,I;II;aVR;aVL,474,0.9501088661531618,0.7365439093484419,0.9312320916905444,,,binary,,,,,,,,,,,,,,,,,,,,,3.3478959999993094,42,ecdb2816fbfecf3ce41ff2e3263e3bdaefd75a5bba81a8e030b7390f03e8d244,cb2cb2e442afa8d7158b02e4fe0114cf68696a9bf9f10f2a89c0ed63bc1301d2,34060e20ca6ca6de13d114a5b1b14cf4e1fd9ffccc3f7ec4453bb00d8b5646f1,cfac9636ad8243d12c4cf307a8e6e6dc03ab30d9e634c0a06f05ea686641ce32
reference_iii,4,0;1;3;5,I;II;aVR;aVF,474,0.9497342729379814,0.7450424929178471,0.9310344827586207,,,binary,,,,,,,,,,,,,,,,,,,,,3.355475499996828,42,ecdb2816fbfecf3ce41ff2e3263e3bdaefd75a5bba81a8e030b7390f03e8d244,cb2cb2e442afa8d7158b02e4fe0114cf68696a9bf9f10f2a89c0ed63bc1301d2,34060e20ca6ca6de13d114a5b1b14cf4e1fd9ffccc3f7ec4453bb00d8b5646f1,c398a4997d45465360bdbec25de502a96436067da52cd30ac157252fe0eb3bf0
reference_iii,4,0;1;3;6,I;II;aVR;V1,474,0.9527076065834758,0.7988668555240793,0.9292929292929293,,,binary,,,,,,,,,,,,,,,,,,,,,3.339420100001007,42,ecdb2816fbfecf3ce41ff2e3263e3bdaefd75a5bba81a8e030b7390f03e8d244,cb2cb2e442afa8d7158b02e4fe0114cf68696a9bf9f10f2a89c0ed63bc1301d2,34060e20ca6ca6de13d114a5b1b14cf4e1fd9ffccc3f7ec4453bb00d8b5646f1,9cbfd3a01725e210f520bda3eedc2dac76f2cb0f8b79c6b8362cc1dc7c9e20e0
reference_iii,4,0;1;3;7,I;II;aVR;V2,474,0.9471823566595651,0.7705382436260623,0.9127906976744186,,,binary,,,,,,,,,,,,,,,,,,,,,3.3433624999997846,42,ecdb2816fbfecf3ce41ff2e3263e3bdaefd75a5bba81a8e030b7390f03e8d244,cb2cb2e442afa8d7158b02e4fe0114cf68696a9bf9f10f2a89c0ed63bc1301d2,34060e20ca6ca6de13d114a5b1b14cf4e1fd9ffccc3f7ec4453bb00d8b5646f1,c6d5ba0abdd3687452b783b1971d75fd0ddd0342eef7c2c9a28fbf0af3f1a4e0
reference_iii,4,0;1;3;8,I;II;aVR;V3,474,0.9447006766089949,0.7507082152974505,0.9159420289855073,,,binary,,,,,,,,,,,,,,,,,,,,,3.3429794000003312,42,ecdb2816fbfecf3ce41ff2e3263e3bdaefd75a5bba81a8e030b7390f03e8d244,cb2cb2e442afa8d7158b02e4fe0114cf68696a9bf9f10f2a89c0ed63bc1301d2,34060e20ca6ca6de13d114a5b1b14cf4e1fd9ffccc3f7ec4453bb00d8b5646f1,fed44ede3f4f1f5bfbb7214230e5072ee09602d07d9391700965d8311b5394f4
reference_iii,4,0;1;3;9,I;II;aVR;V4,474,0.9478847189380282,0.7677053824362606,0.9219653179190751,,,binary,,,,,,,,,,,,,,,,,,,,,3.336281299998518,42,ecdb2816fbfecf3ce41ff2e3263e3bdaefd75a5bba81a8e030b7390f03e8d244,cb2cb2e442afa8d7158b02e4fe0114cf68696a9bf9f10f2a89c0ed63bc1301d2,34060e20ca6ca6de13d114a5b1b14cf4e1fd9ffccc3f7ec4453bb00d8b5646f1,fc3374e0c95cb99c3bc42015f2147720a665e4de02726840a77a796fce775146
reference_iii,4,0;1;3;10,I;II;aVR;V5,474,0.9472760049633602,0.773371104815864,0.9177489177489178,,,binary,,,,,,,,,,,,,,,,,,,,,3.3345579000015277,42,ecdb2816fbfecf3ce41ff2e3263e3bdaefd75a5bba81a8e030b7390f03e8d244,cb2cb2e442afa8d7158b02e4fe0114cf68696a9bf9f10f2a89c0ed63bc1301d2,34060e20ca6ca6de13d114a5b1b14cf4e1fd9ffccc3f7ec4453bb00d8b5646f1,e6f502f1053cc30a0c7a5e1aa15977e3cdcfbb5cd59fc5803a54f86dd511fc70
reference_iii,4,0;1;3;11,I;II;aVR;V6,474,0.9481422517734649,0.7818696883852692,0.9170305676855895,,,binary,,,,,,,,,,,,,,,,,,,,,3.3349235000023327,42,ecdb2816fbfecf3ce41ff2e3263e3bdaefd75a5bba81a8e030b7390f03e8d244,cb2cb2e442afa8d7158b02e4fe0114cf68696a9bf9f10f2a89c0ed63bc1301d2,34060e20ca6ca6de13d114a5b1b14cf4e1fd9ffccc3f7ec4453bb00d8b5646f1,1174a64b2078ff35e4400d6eb32c101b0642a37e8745ae297f2733da4a19202b
reference_iii,4,0;1;4;5,I;II;aVL;aVF,474,0.9497108608620327,0.7422096317280453,0.9312320916905444,,,binary,,,,,,,,,,,,,,,,,,,,,3.3324778999995033,42,ecdb2816fbfecf3ce41ff2e3263e3bdaefd75a5bba81a8e030b7390f03e8d244,cb2cb2e442afa8d7158b02e4fe0114cf68696a9bf9f10f2a89c0ed63bc1301d2,34060e20ca6ca6de13d114a5b1b14cf4e1fd9ffccc3f7ec4453bb00d8b5646f1,1ea25c26c741551abb592855eca6ba52914f9eb93bef35fec11a446623928f44
reference_iii,4,0;1;4;6,I;II;aVL;V1,474,0.9527778428113222,0.7960339943342776,0.9281609195402298,,,binary,,,,,,,,,,,,,,,,,,,,,3.3416293999980553,42,ecdb2816fbfecf3ce41ff2e3263e3bdaefd75a5bba81a8e030b7390f03e8d244,cb2cb2e442afa8d7158b02e4fe0114cf68696a9bf9f10f2a89c0ed63bc1301d2,34060e20ca6ca6de13d114a5b1b14cf4e1fd9ffccc3f7ec4453bb00d8b5646f1,4f8b31e1ecf2cf08cc07e0f62cb8b47354493fa22e1a5068d0d1cb8482b6f0ba
reference_iii,4,0;1;4;7,I;II;aVL;V2,474,0.9468545875962823,0.7620396600566572,0.9117221418234442,,,binary,,,,,,,,,,,,,,,,,,,,,3.3422901000012644,42,ecdb2816fbfecf3ce41ff2e3263e3bdaefd75a5bba81a8e030b7390f03e8d244,cb2cb2e442afa8d7158b02e4fe0114cf68696a9bf9f10f2a89c0ed63bc1301d2,34060e20ca6ca6de13d114a5b1b14cf4e1fd9ffccc3f7ec4453bb00d8b5646f1,2f84dcb033587f946dc73d138bf94b2efef76daa3f57882d68d4762878b7d074
reference_iii,4,0;1;4;8,I;II;aVL;V3,474,0.9431086554444783,0.7705382436260623,0.9175108538350217,,,binary,,,,,,,,,,,,,,,,,,,,,3.328304599999683,42,ecdb2816fbfecf3ce41ff2e3263e3bdaefd75a5bba81a8e030b7390f03e8d244,cb2cb2e442afa8d7158b02e4fe0114cf68696a9bf9f10f2a89c0ed63bc1301d2,34060e20ca6ca6de13d114a5b1b14cf4e1fd9ffccc3f7ec4453bb00d8b5646f1,f9ab82a93491f21c0a5be00902e258b349662bea480901d577d93e15b54235fb
reference_iii,4,0;1;4;9,I;II;aVL;V4,474,0.9474633015709503,0.773371104815864,0.920863309352518,,,binary,,,,,,,,,,,,,,,,,,,,,3.3336950999982946,42,ecdb2816fbfecf3ce41ff2e3263e3bdaefd75a5bba81a8e030b7390f03e8d244,cb2cb2e442afa8d7158b02e4fe0114cf68696a9bf9f10f2a89c0ed63bc1301d2,34060e20ca6ca6de13d114a5b1b14cf4e1fd9ffccc3f7ec4453bb00d8b5646f1,b585a225fa76228e9cdf859e9d1590484ac38586656b74c9d3d5c62f2e2ecf35
reference_iii,4,0;1;4;10,I;II;aVL;V5,474,0.9474867136468991,0.7847025495750708,0.9161849710982659,,,binary,,,,,,,,,,,,,,,,,,,,,3.3555951999987883,42,ecdb2816fbfecf3ce41ff2e3263e3bdaefd75a5bba81a8e030b7390f03e8d244,cb2cb2e442afa8d7158b02e4fe0114cf68696a9bf9f10f2a89c0ed63bc1301d2,34060e20ca6ca6de13d114a5b1b14cf4e1fd9ffccc3f7ec4453bb00d8b5646f1,d3b5373d038d9997576b5cbec1ab9b1db543bf1b1ce29378fdce49aacd73f0e9
reference_iii,4,0;1;4;11,I;II;aVL;V6,474,0.9489616744316719,0.7847025495750708,0.9201741654571843,,,binary,,,,,,,,,,,,,,,,,,,,,3.342226299999311,42,ecdb2816fbfecf3ce41ff2e3263e3bdaefd75a5bba81a8e030b7390f03e8d244,cb2cb2e442afa8d7158b02e4fe0114cf68696a9bf9f10f2a89c0ed63bc1301d2,34060e20ca6ca6de13d114a5b1b14cf4e1fd9ffccc3f7ec4453bb00d8b5646f1,6946ac876fcd2891f2aba02235db968cf72fde0961b12e88801f7a6cf9de0b27
reference_iii,4,0;1;5;6,I;II;aVF;V1,474,0.9523330133682953,0.7875354107648725,0.9292929292929293,,,binary,,,,,,,,,,,,,,,,,,,,,3.3450854000002437,42,ecdb2816fbfecf3ce41ff2e3263e3bdaefd75a5bba81a8e030b7390f03e8d244,cb2cb2e442afa8d7158b02e4fe0114cf68696a9bf9f10f2a89c0ed63bc1301d2,34060e20ca6ca6de13d114a5b1b14cf4e1fd9ffccc3f7ec4453bb00d8b5646f1,5792132a778e294d1c5f02ec1e47a1121f2aee0f370d5dc84e72b4c6af31f651
reference_iii,4,0;1;5;7,I;II;aVF;V2,474,0.9476037740266429,0.7592067988668555,0.9101449275362319,,,binary,,,,,,,,,,,,,,,,,,,,,3.3344691999991483,42,ecdb2816fbfecf3ce41ff2e3263e3bdaefd75a5bba81a8e030b7390f03e8d244,cb2cb2e442afa8d7158b02e4fe0114cf68696a9bf9f10f2a89c0ed63bc1301d2,34060e20ca6ca6de13d114a5b1b14cf4e1fd9ffccc3f7ec4453bb00d8b5646f1,e4d1386d26ac2b9897a8f775a2dadf897c1c870669ccb5a63db27a9ace46c60e
reference_iii,4,0;1;5;8,I;II;aVF;V3,474,0.9438344297988903,0.7535410764872521,0.9177489177489178,,,binary,,,,,,,,,,,,,,,,,,,,,3.32586220000303,42,ecdb2816fbfecf3ce41ff2e3263e3bdaefd75a5bba81a8e030b7390f03e8d244,cb2cb2e442afa8d7158b02e4fe0114cf68696a9bf9f10f2a89c0ed63bc1301d2,34060e20ca6ca6de13d114a5b1b14cf4e1fd9ffccc3f7ec4453bb00d8b5646f1,6825808a870540e8dbf822357bda290cd7a5c4c4e467d2d9900f4d20c62fd60a
reference_iii,4,0;1;5;9,I;II;aVF;V4,474,0.947182356659565,0.7648725212464589,0.9219653179190751,,,binary,,,,,,,,,,,,,,,,,,,,,3.326121800000692,42,ecdb2816fbfecf3ce41ff2e3263e3bdaefd75a5bba81a8e030b7390f03e8d244,cb2cb2e442afa8d7158b02e4fe0114cf68696a9bf9f10f2a89c0ed63bc1301d2,34060e20ca6ca6de13d114a5b1b14cf4e1fd9ffccc3f7ec4453bb00d8b5646f1,72e4b181cafa925e93573a43df309fc3c0dad4c09b5a5834cfe6ba7512264cc7
reference_iii,4,0;1;5;10,I;II;aVF;V5,474,0.9469482359000774,0.7762039660056658,0.9161849710982659,,,binary,,,,,,,,,,,,,,,,,,,,,3.3324897999991663,42,ecdb2816fbfecf3ce41ff2e3263e3bdaefd75a5bba81a8e030b7390f03e8d244,cb2cb2e442afa8d7158b02e4fe0114cf68696a9bf9f10f2a89c0ed63bc1301d2,34060e20ca6ca6de13d114a5b1b14cf4e1fd9ffccc3f7ec4453bb00d8b5646f1,4d07dbd1727d4fffe8ed0839f2ce843f9a28400aa2328a0a78c200ffc6371454
reference_iii,4,0;1;5;11,I;II;aVF;V6,474,0.9475803619506942,0.7818696883852692,0.9186046511627907,,,binary,,,,,,,,,,,,,,,,,,,,,3.3350048000029346,42,ecdb2816fbfecf3ce41ff2e3263e3bdaefd75a5bba81a8e030b7390f03e8d244,cb2cb2e442afa8d7158b02e4fe0114cf68696a9bf9f10f2a89c0ed63bc1301d2,34060e20ca6ca6de13d114a5b1b14cf4e1fd9ffccc3f7ec4453bb00d8b5646f1,c3ace85cc74d67f81e857aa0cfad27351ac3f74fd5686948bc177bbea1ec1944
reference_iii,4,0;1;6;7,I;II;V1;V2,474,0.9503663989885983,0.7932011331444759,0.9183673469387755,,,binary,,,,,,,,,,,,,,,,,,,,,3.33270000000266,42,ecdb2816fbfecf3ce41ff2e3263e3bdaefd75a5bba81a8e030b7390f03e8d244,cb2cb2e442afa8d7158b02e4fe0114cf68696a9bf9f10f2a89c0ed63bc1301d2,34060e20ca6ca6de13d114a5b1b14cf4e1fd9ffccc3f7ec4453bb00d8b5646f1,485fbc9f78aefdf7d58544450696f42b5630a5a732cb4641aa6146a13dbd8134
reference_iii,4,0;1;6;8,I;II;V1;V3,474,0.9446772645330461,0.7507082152974505,0.9096209912536443,,,binary,,,,,,,,,,,,,,,,,,,,,3.327088599999115,42,ecdb2816fbfecf3ce41ff2e3263e3bdaefd75a5bba81a8e030b7390f03e8d244,cb2cb2e442afa8d7158b02e4fe0114cf68696a9bf9f10f2a89c0ed63bc1301d2,34060e20ca6ca6de13d114a5b1b14cf4e1fd9ffccc3f7ec4453bb00d8b5646f1,fe76213eccc84f82e221c579d830df31ef63cd92dac4010e1f6172b053b2d732
reference_iii,4,0;1;6;9,I;II;V1;V4,474,0.9493128555709034,0.7507082152974505,0.9201741654571843,,,binary,,,,,,,,,,,,,,,,,,,,,3.3273148000007495,42,ecdb2816fbfecf3ce41ff2e3263e3bdaefd75a5bba81a8e030b7390f03e8d244,cb2cb2e442afa8d7158b02e4fe0114cf68696a9bf9f10f2a89c0ed63bc1301d2,34060e20ca6ca6de13d114a5b1b14cf4e1fd9ffccc3f7ec4453bb00d8b5646f1,49162b8962657dd512d90e951db063195b7ea1e68450246b2a5e6c4c96d8538e
reference_iii,4,0;1;6;10,I;II;V1;V5,474,0.9509751129632665,0.7648725212464589,0.9212827988338192,,,binary,,,,,,,,,,,,,,,,,,,,,3.3453628999996,42,ecdb2816fbfecf3ce41ff2e3263e3bdaefd75a5bba81a8e030b7390f03e8d244,cb2cb2e442afa8d7158b02e4fe0114cf68696a9bf9f10f2a89c0ed63bc1301d2,34060e20ca6ca6de13d114a5b1b14cf4e1fd9ffccc3f7ec4453bb00d8b5646f1,30dfbfbba45799eb59ae47f78fef5ac1dbd6267c59e065719bea535b8f0edc0a
reference_iii,4,0;1;6;11,I;II;V1;V6,474,0.9505771076721374,0.8186968838526912,0.9288824383164006,,,binary,,,,,,,,,,,,,,,,,,,,,3.3714505000025383,42,ecdb2816fbfecf3ce41ff2e3263e3bdaefd75a5bba81a8e030b7390f03e8d244,cb2cb2e442afa8d7158b02e4fe0114cf68696a9bf9f10f2a89c0ed63bc1301d2,34060e20ca6ca6de13d114a5b1b14cf4e1fd9ffccc3f7ec4453bb00d8b5646f1,73c879e9c01c504d2e7e0ea48a5f12ebb506e46bb615ad4a12e066b0e1bf893c
reference_iii,4,0;1;7;8,I;II;V2;V3,474,0.9442324350900194,0.7365439093484419,0.9098837209302325,,,binary,,,,,,,,,,,,,,,,,,,,,3.35736739999993,42,ecdb2816fbfecf3ce41ff2e3263e3bdaefd75a5bba81a8e030b7390f03e8d244,cb2cb2e442afa8d7158b02e4fe0114cf68696a9bf9f10f2a89c0ed63bc1301d2,34060e20ca6ca6de13d114a5b1b14cf4e1fd9ffccc3f7ec4453bb00d8b5646f1,13a36b77a181a0cf4b49b32a46a5e064bf3a6d2a8339a7506012d1fc42fd6627
reference_iii,4,0;1;7;9,I;II;V2;V4,474,0.9481656638494136,0.7450424929178471,0.9156976744186046,,,binary,,,,,,,,,,,,,,,,,,,,,3.335468299999775,42,ecdb2816fbfecf3ce41ff2e3263e3bdaefd75a5bba81a8e030b7390f03e8d244,cb2cb2e442afa8d7158b02e4fe0114cf68696a9bf9f10f2a89c0ed63bc1301d2,34060e20ca6ca6de13d114a5b1b14cf4e1fd9ffccc3f7ec4453bb00d8b5646f1,5781940981087f4e7ed0743c8124721b7131a2012718997b6709b5bef6172acf
reference_iii,4,0;1;7;10,I;II;V2;V5,474,0.9489850865076206,0.7790368271954674,0.9141193595342066,,,binary,,,,,,,,,,,,,,,,,,,,,3.335501199999271,42,ecdb2816fbfecf3ce41ff2e3263e3bdaefd75a5bba81a8e030b7390f03e8d244,cb2cb2e442afa8d7158b02e4fe0114cf68696a9bf9f10f2a89c0ed63bc1301d2,34060e20ca6ca6de13d114a5b1b14cf4e1fd9ffccc3f7ec4453bb00d8b5646f1,5ae981543c30680be0effdff5afc56f8a773eebd5f5d7337a7bb218de0aa4bcb
reference_iii,4,0;1;7;11,I;II;V2;V6,474,0.9503429869126496,0.7648725212464589,0.9149560117302052,,,binary,,,,,,,,,,,,,,,,,,,,,3.3438453000017034,42,ecdb2816fbfecf3ce41ff2e3263e3bdaefd75a5bba81a8e030b7390f03e8d244,cb2cb2e442afa8d7158b02e4fe0114cf68696a9bf9f10f2a89c0ed63bc1301d2,34060e20ca6ca6de13d114a5b1b14cf4e1fd9ffccc3f7ec4453bb00d8b5646f1,8ae593fe487cf2ab5175246dc30cb24ab624e10f8fd6c632604dbda43052d493
reference_iii,4,0;1;8;9,I;II;V3;V4,474,0.9451689181279704,0.7478753541076487,0.9172714078374455,,,binary,,,,,,,,,,,,,,,,,,,,,3.3366950000017823,42,ecdb2816fbfecf3ce41ff2e3263e3bdaefd75a5bba81a8e030b7390f03e8d244,cb2cb2e442afa8d7158b02e4fe0114cf68696a9bf9f10f2a89c0ed63bc1301d2,34060e20ca6ca6de13d114a5b1b14cf4e1fd9ffccc3f7ec4453bb00d8b5646f1,0e5567fd355025f99846da53bec7b6c791f34b661ba5c55b657344aefd142ce2
reference_iii,4,0;1;8;10,I;II;V3;V5,474,0.9464565823051528,0.7507082152974505,0.9141193595342066,,,binary,,,,,,,,,,,,,,,,,,,,,3.3431325999990804,42,ecdb2816fbfecf3ce41ff2e3263e3bdaefd75a5bba81a8e030b7390f03e8d244,cb2cb2e442afa8d7158b02e4fe0114cf68696a9bf9f10f2a89c0ed63bc1301d2,34060e20ca6ca6de13d114a5b1b14cf4e1fd9ffccc3f7ec4453bb00d8b5646f1,acbb3e2da842f02c4b125ed39536705b30dd6928d1f6d0ddb67e05f06d7fcb77
reference_iii,4,0;1;8;11,I;II;V3;V6,474,0.9465502306089482,0.7705382436260623,0.9120234604105572,,,binary,,,,,,,,,,,,,,,,,,,,,3.3273533999999927,42,ecdb2816fbfecf3ce41ff2e3263e3bdaefd75a5bba81a8e030b7390f03e8d244,cb2cb2e442afa8d7158b02e4fe0114cf68696a9bf9f10f2a89c0ed63bc1301d2,34060e20ca6ca6de13d114a5b1b14cf4e1fd9ffccc3f7ec4453bb00d8b5646f1,c439f7f83ccb7874abe34ca644db013351d3a2a44bbd96044aa059ca6a1cfb3f
reference_iii,4,0;1;9;10,I;II;V4;V5,474,0.9472760049633601,0.7478753541076487,0.9175108538350217,,,binary,,,,,,,,,,,,,,,,,,,,,3.3252592999997432,42,ecdb2816fbfecf3ce41ff2e3263e3bdaefd75a5bba81a8e030b7390f03e8d244,cb2cb2e442afa8d7158b02e4fe0114cf68696a9bf9f10f2a89c0ed63bc1301d2,34060e20ca6ca6de13d114a5b1b14cf4e1fd9ffccc3f7ec4453bb00d8b5646f1,d18e7719804bae6ba019d530af00e7d4106c33ea8d047082b8a98e581761e06e
reference_iii,4,0;1;9;11,I;II;V4;V6,474,0.9472760049633601,0.7875354107648725,0.9172714078374455,,,binary,,,,,,,,,,,,,,,,,,,,,3.3357868999992206,42,ecdb2816fbfecf3ce41ff2e3263e3bdaefd75a5bba81a8e030b7390f03e8d244,cb2cb2e442afa8d7158b02e4fe0114cf68696a9bf9f10f2a89c0ed63bc1301d2,34060e20ca6ca6de13d114a5b1b14cf4e1fd9ffccc3f7ec4453bb00d8b5646f1,7b9c234c2494d40aa6990f6f9136096461d5ac797bdb0f737d89481b399b2d6c
reference_iii,4,0;1;10;11,I;II;V5;V6,474,0.944372907545712,0.7535410764872521,0.914616497829233,,,binary,,,,,,,,,,,,,,,,,,,,,3.338454200002161,42,ecdb2816fbfecf3ce41ff2e3263e3bdaefd75a5bba81a8e030b7390f03e8d244,cb2cb2e442afa8d7158b02e4fe0114cf68696a9bf9f10f2a89c0ed63bc1301d2,34060e20ca6ca6de13d114a5b1b14cf4e1fd9ffccc3f7ec4453bb00d8b5646f1,b33a5c69aa86216af25eeef2b96c18113f973ab6977842323090447b54d7e7bf
reference_iii,4,0;2;3;4,I;III;aVR;aVL,474,0.9495938004822887,0.7393767705382436,0.9250720461095101,,,binary,,,,,,,,,,,,,,,,,,,,,3.3322949999965203,42,ecdb2816fbfecf3ce41ff2e3263e3bdaefd75a5bba81a8e030b7390f03e8d244,cb2cb2e442afa8d7158b02e4fe0114cf68696a9bf9f10f2a89c0ed63bc1301d2,34060e20ca6ca6de13d114a5b1b14cf4e1fd9ffccc3f7ec4453bb00d8b5646f1,75ac7075a40443cc1a473d033063ea2e16d69d13f9cae9983f3b0294f540fd8f
reference_iii,4,0;2;3;5,I;III;aVR;aVF,474,0.9491723831152108,0.7393767705382436,0.9283667621776505,,,binary,,,,,,,,,,,,,,,,,,,,,3.327929999999469,42,ecdb2816fbfecf3ce41ff2e3263e3bdaefd75a5bba81a8e030b7390f03e8d244,cb2cb2e442afa8d7158b02e4fe0114cf68696a9bf9f10f2a89c0ed63bc1301d2,34060e20ca6ca6de13d114a5b1b14cf4e1fd9ffccc3f7ec4453bb00d8b5646f1,cfd3edd86247f5ad12060f00cb101821220f0e9eeee444e9d2207b7b8653c83a
reference_iii,4,0;2;3;6,I;III;aVR;V1,474,0.9515604148619858,0.7620396600566572,0.9206349206349206,,,binary,,,,,,,,,,,,,,,,,,,,,3.3380440000000817,42,ecdb2816fbfecf3ce41ff2e3263e3bdaefd75a5bba81a8e030b7390f03e8d244,cb2cb2e442afa8d7158b02e4fe0114cf68696a9bf9f10f2a89c0ed63bc1301d2,34060e20ca6ca6de13d114a5b1b14cf4e1fd9ffccc3f7ec4453bb00d8b5646f1,c1556b093ebfb6b6ee2cdc9cf664c2ebd8aba08f8b39f023109712d035b18e30
reference_iii,4,0;2;3;7,I;III;aVR;V2,474,0.9469014117481798,0.7648725212464589,0.914616497829233,,,binary,,,,,,,,,,,,,,,,,,,,,3.3403894000002765,42,ecdb2816fbfecf3ce41ff2e3263e3bdaefd75a5bba81a8e030b7390f03e8d244,cb2cb2e442afa8d7158b02e4fe0114cf68696a9bf9f10f2a89c0ed63bc1301d2,34060e20ca6ca6de13d114a5b1b14cf4e1fd9ffccc3f7ec4453bb00d8b5646f1,5b7e5af7b5c17707f6404a32dd323c644f14e21aeb338d55c62e0fccdd3c4469
reference_iii,4,0;2;3;8,I;III;aVR;V3,474,0.9432725399761197,0.7648725212464589,0.9177489177489178,,,binary,,,,,,,,,,,,,,,,,,,,,3.343582099998457,42,ecdb2816fbfecf3ce41ff2e3263e3bdaefd75a5bba81a8e030b7390f03e8d244,cb2cb2e442afa8d7158b02e4fe0114cf68696a9bf9f10f2a89c0ed63bc1301d2,34060e20ca6ca6de13d114a5b1b14cf4e1fd9ffccc3f7ec4453bb00d8b5646f1,39d2c052332e388fb5801ab94ec9c73b8a920bfce38c66baea58599b1ada82a9
reference_iii,4,0;2;3;9,I;III;aVR;V4,474,0.9472525928874114,0.7818696883852692,0.9221902017291066,,,binary,,,,,,,,,,,,,,,,,,,,,3.343106500000431,42,ecdb2816fbfecf3ce41ff2e3263e3bdaefd75a5bba81a8e030b7390f03e8d244,cb2cb2e442afa8d7158b02e4fe0114cf68696a9bf9f10f2a89c0ed63bc1301d2,34060e20ca6ca6de13d114a5b1b14cf4e1fd9ffccc3f7ec4453bb00d8b5646f1,27bde25a75449e725b85f6f928116fd2049d3a6ced9d02da6be87dc0adfd0bd3
reference_iii,4,0;2;3;10,I;III;aVR;V5,474,0.9462926977735115,0.7535410764872521,0.9135446685878963,,,binary,,,,,,,,,,,,,,,,,,,,,3.340795199997956,42,ecdb2816fbfecf3ce41ff2e3263e3bdaefd75a5bba81a8e030b7390f03e8d244,cb2cb2e442afa8d7158b02e4fe0114cf68696a9bf9f10f2a89c0ed63bc1301d2,34060e20ca6ca6de13d114a5b1b14cf4e1fd9ffccc3f7ec4453bb00d8b5646f1,e851157d677925fde2a58a9cb5e7f5d3cb5fee4cbaf43fb31555a7efa9537fa4
reference_iii,4,0;2;3;11,I;III;aVR;V6,474,0.9471121204317187,0.7818696883852692,0.9201741654571843,,,binary,,,,,,,,,,,,,,,,,,,,,3.3261648999978206,42,ecdb2816fbfecf3ce41ff2e3263e3bdaefd75a5bba81a8e030b7390f03e8d244,cb2cb2e442afa8d7158b02e4fe0114cf68696a9bf9f10f2a89c0ed63bc1301d2,34060e20ca6ca6de13d114a5b1b14cf4e1fd9ffccc3f7ec4453bb00d8b5646f1,76c469eed9573e0c88826c2edcf78c430656b58d7e9e7f1cd9075d65c64d0031
reference_iii,4,0;2;4;5,I;III;aVL;aVF,474,0.9489850865076207,0.7365439093484419,0.9217391304347826,,,binary,,,,,,,,,,,,,,,,,,,,,3.332144200001494,42,ecdb2816fbfecf3ce41ff2e3263e3bdaefd75a5bba81a8e030b7390f03e8d244,cb2cb2e442afa8d7158b02e4fe0114cf68696a9bf9f10f2a89c0ed63bc1301d2,34060e20ca6ca6de13d114a5b1b14cf4e1fd9ffccc3f7ec4453bb00d8b5646f1,6bf5a1291ea58c9f2f1d0235f7b6d0109a821e3da5757481c395f860d1574212
reference_iii,4,0;2;4;6,I;III;aVL;V1,474,0.9501322782291105,0.7223796033994334,0.9204052098408104,,,binary,,,,,,,,,,,,,,,,,,,,,3.3378608000020904,42,ecdb2816fbfecf3ce41ff2e3263e3bdaefd75a5bba81a8e030b7390f03e8d244,cb2cb2e442afa8d7158b02e4fe0114cf68696a9bf9f10f2a89c0ed63bc1301d2,34060e20ca6ca6de13d114a5b1b14cf4e1fd9ffccc3f7ec4453bb00d8b5646f1,d32a738d6757f3926d5414c8b2234c7f7b062888ceb2fc40d4164a1b17c4711f
reference_iii,4,0;2;4;7,I;III;aVL;V2,474,0.9456839837988434,0.7422096317280453,0.9172714078374455,,,binary,,,,,,,,,,,,,,,,,,,,,3.338109299998905,42,ecdb2816fbfecf3ce41ff2e3263e3bdaefd75a5bba81a8e030b7390f03e8d244,cb2cb2e442afa8d7158b02e4fe0114cf68696a9bf9f10f2a89c0ed63bc1301d2,34060e20ca6ca6de13d114a5b1b14cf4e1fd9ffccc3f7ec4453bb00d8b5646f1,f8a056583fff41166a2599b73429c0c0a02e42b316ff03aaa7bbe63b35c430ee
reference_iii,4,0;2;4;8,I;III;aVL;V3,474,0.9424297052419637,0.7337110481586402,0.9037900874635568,,,binary,,,,,,,,,,,,,,,,,,,,,3.328642200001923,42,ecdb2816fbfecf3ce41ff2e3263e3bdaefd75a5bba81a8e030b7390f03e8d244,cb2cb2e442afa8d7158b02e4fe0114cf68696a9bf9f10f2a89c0ed63bc1301d2,34060e20ca6ca6de13d114a5b1b14cf4e1fd9ffccc3f7ec4453bb00d8b5646f1,444cc42e30282ce9e228598775f6698b57879768e332f86f0d3cd376f0355f07
reference_iii,4,0;2;4;9,I;III;aVL;V4,474,0.9465034064570506,0.7762039660056658,0.9206349206349206,,,binary,,,,,,,,,,,,,,,,,,,,,3.3397550999980012,42,ecdb2816fbfecf3ce41ff2e3263e3bdaefd75a5bba81a8e030b7390f03e8d244,cb2cb2e442afa8d7158b02e4fe0114cf68696a9bf9f10f2a89c0ed63bc1301d2,34060e20ca6ca6de13d114a5b1b14cf4e1fd9ffccc3f7ec4453bb00d8b5646f1,97527f376a7d631eb9b167a2002f7b8c51821ff138336eb7d580a026be6d0127
reference_iii,4,0;2;4;10,I;III;aVL;V5,474,0.9464331702292041,0.7450424929178471,0.9148629148629148,,,binary,,,,,,,,,,,,,,,,,,,,,3.3316100999982154,42,ecdb2816fbfecf3ce41ff2e3263e3bdaefd75a5bba81a8e030b7390f03e8d244,cb2cb2e442afa8d7158b02e4fe0114cf68696a9bf9f10f2a89c0ed63bc1301d2,34060e20ca6ca6de13d114a5b1b14cf4e1fd9ffccc3f7ec4453bb00d8b5646f1,bd9dd0c1fe8fd2a7814f4bd20e079f5fb6853f45b73a1a73913e234195cb580b
reference_iii,4,0;2;4;11,I;III;aVL;V6,474,0.9472057687355138,0.7705382436260623,0.9172714078374455,,,binary,,,,,,,,,,,,,,,,,,,,,3.340735700003279,42,ecdb2816fbfecf3ce41ff2e3263e3bdaefd75a5bba81a8e030b7390f03e8d244,cb2cb2e442afa8d7158b02e4fe0114cf68696a9bf9f10f2a89c0ed63bc1301d2,34060e20ca6ca6de13d114a5b1b14cf4e1fd9ffccc3f7ec4453bb00d8b5646f1,8e8585346b62cb6c40257917f95b6b9ec91fc4328122e28cf78144a9e772a6e6
reference_iii,4,0;2;5;6,I;III;aVF;V1,474,0.9514901786341394,0.7563739376770539,0.9217391304347826,,,binary,,,,,,,,,,,,,,,,,,,,,3.3488632000007783,42,ecdb2816fbfecf3ce41ff2e3263e3bdaefd75a5bba81a8e030b7390f03e8d244,cb2cb2e442afa8d7158b02e4fe0114cf68696a9bf9f10f2a89c0ed63bc1301d2,34060e20ca6ca6de13d114a5b1b14cf4e1fd9ffccc3f7ec4453bb00d8b5646f1,80c295f54f61e038534b05e748809bab1b42ce078ee9f4230b5d4044efbb4ab9
reference_iii,4,0;2;5;7,I;III;aVF;V2,474,0.946573642684897,0.7478753541076487,0.9172714078374455,,,binary,,,,,,,,,,,,,,,,,,,,,3.335578500002157,42,ecdb2816fbfecf3ce41ff2e3263e3bdaefd75a5bba81a8e030b7390f03e8d244,cb2cb2e442afa8d7158b02e4fe0114cf68696a9bf9f10f2a89c0ed63bc1301d2,34060e20ca6ca6de13d114a5b1b14cf4e1fd9ffccc3f7ec4453bb00d8b5646f1,bca02e2662ebb4a6054aee1341dbf922b0e79443b1dea196ca42b681c4e99cbb
reference_iii,4,0;2;5;8,I;III;aVF;V3,474,0.944279259241917,0.7082152974504249,0.9135446685878963,,,binary,,,,,,,,,,,,,,,,,,,,,3.3457414000004064,42,ecdb2816fbfecf3ce41ff2e3263e3bdaefd75a5bba81a8e030b7390f03e8d244,cb2cb2e442afa8d7158b02e4fe0114cf68696a9bf9f10f2a89c0ed63bc1301d2,34060e20ca6ca6de13d114a5b1b14cf4e1fd9ffccc3f7ec4453bb00d8b5646f1,7abdff19efd73a8e20d20acc6218c289850923b3a0920d2ab57cb98ee2189540
reference_iii,4,0;2;5;9,I;III;aVF;V4,474,0.9459181045583311,0.7535410764872521,0.9159420289855073,,,binary,,,,,,,,,,,,,,,,,,,,,3.340165599998727,42,ecdb2816fbfecf3ce41ff2e3263e3bdaefd75a5bba81a8e030b7390f03e8d244,cb2cb2e442afa8d7158b02e4fe0114cf68696a9bf9f10f2a89c0ed63bc1301d2,34060e20ca6ca6de13d114a5b1b14cf4e1fd9ffccc3f7ec4453bb00d8b5646f1,84d9d2734bc45838fd4177dc585883bae641f1d4a1195de6cc40ba073659ff20
reference_iii,4,0;2;5;10,I;III;aVF;V5,474,0.946456582305153,0.7648725212464589,0.9190751445086706,,,binary,,,,,,,,,,,,,,,,,,,,,3.3343885999966005,42,ecdb2816fbfecf3ce41ff2e3263e3bdaefd75a5bba81a8e030b7390f03e8d244,cb2cb2e442afa8d7158b02e4fe0114cf68696a9bf9f10f2a89c0ed63bc1301d2,34060e20ca6ca6de13d114a5b1b14cf4e1fd9ffccc3f7ec4453bb00d8b5646f1,36eb35e24b1aec7259af3b049f478eba25540a076b0a2ca71970c84b87bfcd04
reference_iii,4,0;2;5;11,I;III;aVF;V6,474,0.9465034064570506,0.7648725212464589,0.9170305676855895,,,binary,,,,,,,,,,,,,,,,,,,,,3.3552667000003566,42,ecdb2816fbfecf3ce41ff2e3263e3bdaefd75a5bba81a8e030b7390f03e8d244,cb2cb2e442afa8d7158b02e4fe0114cf68696a9bf9f10f2a89c0ed63bc1301d2,34060e20ca6ca6de13d114a5b1b14cf4e1fd9ffccc3f7ec4453bb00d8b5646f1,9dbe053fa37f96aaab57a8bd22a3eac8d1469d0a2c736f783e0d6dc8b70517f5
reference_iii,4,0;2;6;7,I;III;V1;V2,474,0.9482827242291573,0.7648725212464589,0.9132947976878613,,,binary,,,,,,,,,,,,,,,,,,,,,3.343411099998775,42,ecdb2816fbfecf3ce41ff2e3263e3bdaefd75a5bba81a8e030b7390f03e8d244,cb2cb2e442afa8d7158b02e4fe0114cf68696a9bf9f10f2a89c0ed63bc1301d2,34060e20ca6ca6de13d114a5b1b14cf4e1fd9ffccc3f7ec4453bb00d8b5646f1,9baa3c0bdc6d5533710ec6a0adf481ce69bfac1dab7a5419d2b4c97214df0c9e
reference_iii,4,0;2;6;8,I;III;V1;V3,474,0.9434598365837098,0.7450424929178471,0.9154518950437318,,,binary,,,,,,,,,,,,,,,,,,,,,3.3642952000009245,42,ecdb2816fbfecf3ce41ff2e3263e3bdaefd75a5bba81a8e030b7390f03e8d244,cb2cb2e442afa8d7158b02e4fe0114cf68696a9bf9f10f2a89c0ed63bc1301d2,34060e20ca6ca6de13d114a5b1b14cf4e1fd9ffccc3f7ec4453bb00d8b5646f1,9d58315a0d7f75cf5fa25d944ce34df22d6fc275d483c6bbed5b5cabd8be9167
reference_iii,4,0;2;6;9,I;III;V1;V4,474,0.948118839697516,0.7762039660056658,0.9172714078374455,,,binary,,,,,,,,,,,,,,,,,,,,,3.409909499998321,42,ecdb2816fbfecf3ce41ff2e3263e3bdaefd75a5bba81a8e030b7390f03e8d244,cb2cb2e442afa8d7158b02e4fe0114cf68696a9bf9f10f2a89c0ed63bc1301d2,34060e20ca6ca6de13d114a5b1b14cf4e1fd9ffccc3f7ec4453bb00d8b5646f1,e8a45f31fdb07cca728548cafcd582f464d8d302686487bb2645def5d240640a
reference_iii,4,0;2;6;10,I;III;V1;V5,474,0.9487275536721841,0.7818696883852692,0.9170305676855895,,,binary,,,,,,,,,,,,,,,,,,,,,3.4075776999998197,42,ecdb2816fbfecf3ce41ff2e3263e3bdaefd75a5bba81a8e030b7390f03e8d244,cb2cb2e442afa8d7158b02e4fe0114cf68696a9bf9f10f2a89c0ed63bc1301d2,34060e20ca6ca6de13d114a5b1b14cf4e1fd9ffccc3f7ec4453bb00d8b5646f1,33f3ec8986fcf57f3e13380a32830ccc1025121ae3f132cd526aeaa64fee9cb7
reference_iii,4,0;2;6;11,I;III;V1;V6,474,0.9501791023810082,0.7790368271954674,0.9154518950437318,,,binary,,,,,,,,,,,,,,,,,,,,,3.4064668999999412,42,ecdb2816fbfecf3ce41ff2e3263e3bdaefd75a5bba81a8e030b7390f03e8d244,cb2cb2e442afa8d7158b02e4fe0114cf68696a9bf9f10f2a89c0ed63bc1301d2,34060e20ca6ca6de13d114a5b1b14cf4e1fd9ffccc3f7ec4453bb00d8b5646f1,a3016f5a6c7f813755b16a1d968c32a9a149ad300eb78e8eb5afc27fd65ce3bc
reference_iii,4,0;2;7;8,I;III;V2;V3,474,0.9435300728115562,0.7620396600566572,0.9045521292217328,,,binary,,,,,,,,,,,,,,,,,,,,,3.416886800001521,42,ecdb2816fbfecf3ce41ff2e3263e3bdaefd75a5bba81a8e030b7390f03e8d244,cb2cb2e442afa8d7158b02e4fe0114cf68696a9bf9f10f2a89c0ed63bc1301d2,34060e20ca6ca6de13d114a5b1b14cf4e1fd9ffccc3f7ec4453bb00d8b5646f1,7c2e07a7c95a9def2be8ccae427269641b2a03223bbf6acfa63c7de17c8ac6f2
reference_iii,4,0;2;7;9,I;III;V2;V4,474,0.948212488001311,0.7875354107648725,0.9186046511627907,,,binary,,,,,,,,,,,,,,,,,,,,,3.4040576000006695,42,ecdb2816fbfecf3ce41ff2e3263e3bdaefd75a5bba81a8e030b7390f03e8d244,cb2cb2e442afa8d7158b02e4fe0114cf68696a9bf9f10f2a89c0ed63bc1301d2,34060e20ca6ca6de13d114a5b1b14cf4e1fd9ffccc3f7ec4453bb00d8b5646f1,9e2e3c9f124c8d7d0d8040880e8aad9b841603fcd65d284fa56f933a5506ac84
reference_iii,4,0;2;7;10,I;III;V2;V5,474,0.9482593121532087,0.7818696883852692,0.9161849710982659,,,binary,,,,,,,,,,,,,,,,,,,,,3.4467724000023736,42,ecdb2816fbfecf3ce41ff2e3263e3bdaefd75a5bba81a8e030b7390f03e8d244,cb2cb2e442afa8d7158b02e4fe0114cf68696a9bf9f10f2a89c0ed63bc1301d2,34060e20ca6ca6de13d114a5b1b14cf4e1fd9ffccc3f7ec4453bb00d8b5646f1,5895b6c7f1878cd6f2fbf9bb8d622a37fc97190da083100d6c1adcfadf222a76
reference_iii,4,0;2;7;11,I;III;V2;V6,474,0.9490084985835695,0.7875354107648725,0.9138686131386862,,,binary,,,,,,,,,,,,,,,,,,,,,3.2982326000019384,42,ecdb2816fbfecf3ce41ff2e3263e3bdaefd75a5bba81a8e030b7390f03e8d244,cb2cb2e442afa8d7158b02e4fe0114cf68696a9bf9f10f2a89c0ed63bc1301d2,34060e20ca6ca6de13d114a5b1b14cf4e1fd9ffccc3f7ec4453bb00d8b5646f1,cecfcb5fd20bc984b78ce725338ace1b7b9e34d523a086943c04d31b80b54b62
reference_iii,4,0;2;8;9,I;III;V3;V4,474,0.9433661882799147,0.7847025495750708,0.9141193595342066,,,binary,,,,,,,,,,,,,,,,,,,,,3.4067291999999725,42,ecdb2816fbfecf3ce41ff2e3263e3bdaefd75a5bba81a8e030b7390f03e8d244,cb2cb2e442afa8d7158b02e4fe0114cf68696a9bf9f10f2a89c0ed63bc1301d2,34060e20ca6ca6de13d114a5b1b14cf4e1fd9ffccc3f7ec4453bb00d8b5646f1,9f2a4093fd6cf28ea3840b969233db9e502fc00452b7580235101936b7285625
reference_iii,4,0;2;8;10,I;III;V3;V5,474,0.9445133800014047,0.7847025495750708,0.9090909090909091,,,binary,,,,,,,,,,,,,,,,,,,,,3.3984384999967006,42,ecdb2816fbfecf3ce41ff2e3263e3bdaefd75a5bba81a8e030b7390f03e8d244,cb2cb2e442afa8d7158b02e4fe0114cf68696a9bf9f10f2a89c0ed63bc1301d2,34060e20ca6ca6de13d114a5b1b14cf4e1fd9ffccc3f7ec4453bb00d8b5646f1,95cd1109751d7f5910447472ff1727fef0de86beef12d51d522bb31d37ceff64
reference_iii,4,0;2;8;11,I;III;V3;V6,474,0.9450518577482266,0.7847025495750708,0.906158357771261,,,binary,,,,,,,,,,,,,,,,,,,,,3.3785179999977117,42,ecdb2816fbfecf3ce41ff2e3263e3bdaefd75a5bba81a8e030b7390f03e8d244,cb2cb2e442afa8d7158b02e4fe0114cf68696a9bf9f10f2a89c0ed63bc1301d2,34060e20ca6ca6de13d114a5b1b14cf4e1fd9ffccc3f7ec4453bb00d8b5646f1,8d0ea329d451b95cdf8f9a441ef9b3238da02888cb61d7817822905387034a15
reference_iii,4,0;2;9;10,I;III;V4;V5,474,0.9450518577482265,0.7875354107648725,0.9159420289855073,,,binary,,,,,,,,,,,,,,,,,,,,,3.3702258999983314,42,ecdb2816fbfecf3ce41ff2e3263e3bdaefd75a5bba81a8e030b7390f03e8d244,cb2cb2e442afa8d7158b02e4fe0114cf68696a9bf9f10f2a89c0ed63bc1301d2,34060e20ca6ca6de13d114a5b1b14cf4e1fd9ffccc3f7ec4453bb00d8b5646f1,22be73f75c2a59c8af98fdad321425915eb3f5038cac756db9db76757d12a604
reference_iii,4,0;2;9;11,I;III;V4;V6,474,0.9454030388874581,0.7960339943342776,0.9204052098408104,,,binary,,,,,,,,,,,,,,,,,,,,,3.3647281999983534,42,ecdb2816fbfecf3ce41ff2e3263e3bdaefd75a5bba81a8e030b7390f03e8d244,cb2cb2e442afa8d7158b02e4fe0114cf68696a9bf9f10f2a89c0ed63bc1301d2,34060e20ca6ca6de13d114a5b1b14cf4e1fd9ffccc3f7ec4453bb00d8b5646f1,922c037166a931c9a185cc414a0641196a81d469472be8786d9056bab555e9d3
reference_iii,4,0;2;10;11,I;III;V5;V6,474,0.943553484887505,0.773371104815864,0.9130434782608695,,,binary,,,,,,,,,,,,,,,,,,,,,3.355389300002571,42,ecdb2816fbfecf3ce41ff2e3263e3bdaefd75a5bba81a8e030b7390f03e8d244,cb2cb2e442afa8d7158b02e4fe0114cf68696a9bf9f10f2a89c0ed63bc1301d2,34060e20ca6ca6de13d114a5b1b14cf4e1fd9ffccc3f7ec4453bb00d8b5646f1,21967f45b34bf5323399426aa4c3e5bb6b3ae56769cd9b6308e61935b6310381
reference_iii,4,0;3;4;5,I;aVR;aVL;aVF,474,0.9491489710392621,0.7450424929178471,0.9252873563218391,,,binary,,,,,,,,,,,,,,,,,,,,,3.3706019000019296,42,ecdb2816fbfecf3ce41ff2e3263e3bdaefd75a5bba81a8e030b7390f03e8d244,cb2cb2e442afa8d7158b02e4fe0114cf68696a9bf9f10f2a89c0ed63bc1301d2,34060e20ca6ca6de13d114a5b1b14cf4e1fd9ffccc3f7ec4453bb00d8b5646f1,73d1ea60fa157ae088e1db2d1cca84e5573dd7a5cdc0d9f777bbec791aa08836
reference_iii,4,0;3;4;6,I;aVR;aVL;V1,474,0.9528949031910658,0.7818696883852692,0.9239598278335724,,,binary,,,,,,,,,,,,,,,,,,,,,3.397385200001736,42,ecdb2816fbfecf3ce41ff2e3263e3bdaefd75a5bba81a8e030b7390f03e8d244,cb2cb2e442afa8d7158b02e4fe0114cf68696a9bf9f10f2a89c0ed63bc1301d2,34060e20ca6ca6de13d114a5b1b14cf4e1fd9ffccc3f7ec4453bb00d8b5646f1,9956d674f9450da2342e35523bc87c712aa3e7f87c50afbbf235b0ac1112a40b
reference_iii,4,0;3;4;7,I;aVR;aVL;V2,474,0.9464799943811019,0.7648725212464589,0.9101449275362319,,,binary,,,,,,,,,,,,,,,,,,,,,3.353859000002558,42,ecdb2816fbfecf3ce41ff2e3263e3bdaefd75a5bba81a8e030b7390f03e8d244,cb2cb2e442afa8d7158b02e4fe0114cf68696a9bf9f10f2a89c0ed63bc1301d2,34060e20ca6ca6de13d114a5b1b14cf4e1fd9ffccc3f7ec4453bb00d8b5646f1,5e197508994f17f81b43e38fa857135c8e82d303fcb522c44d0c0f602180e020
reference_iii,4,0;3;4;8,I;aVR;aVL;V3,474,0.9432257158242222,0.7620396600566572,0.914616497829233,,,binary,,,,,,,,,,,,,,,,,,,,,3.3713742999971146,42,ecdb2816fbfecf3ce41ff2e3263e3bdaefd75a5bba81a8e030b7390f03e8d244,cb2cb2e442afa8d7158b02e4fe0114cf68696a9bf9f10f2a89c0ed63bc1301d2,34060e20ca6ca6de13d114a5b1b14cf4e1fd9ffccc3f7ec4453bb00d8b5646f1,edfc6bf9c0b91607a0473499774bdd344772cfa1fed19e6b845aa05b086041d4
reference_iii,4,0;3;4;9,I;aVR;aVL;V4,474,0.9480720155456184,0.7790368271954674,0.9190751445086706,,,binary,,,,,,,,,,,,,,,,,,,,,3.379652099996747,42,ecdb2816fbfecf3ce41ff2e3263e3bdaefd75a5bba81a8e030b7390f03e8d244,cb2cb2e442afa8d7158b02e4fe0114cf68696a9bf9f10f2a89c0ed63bc1301d2,34060e20ca6ca6de13d114a5b1b14cf4e1fd9ffccc3f7ec4453bb00d8b5646f1,6a2ff9a5bbb06815aad0a4e231068669f3ff746c25411be474cdc9bf3202f8d0
reference_iii,4,0;3;4;10,I;aVR;aVL;V5,474,0.9472057687355139,0.7648725212464589,0.9193083573487032,,,binary,,,,,,,,,,,,,,,,,,,,,3.3685998000000836,42,ecdb2816fbfecf3ce41ff2e3263e3bdaefd75a5bba81a8e030b7390f03e8d244,cb2cb2e442afa8d7158b02e4fe0114cf68696a9bf9f10f2a89c0ed63bc1301d2,34060e20ca6ca6de13d114a5b1b14cf4e1fd9ffccc3f7ec4453bb00d8b5646f1,45d3b10845ad87adda31299bc17dae305221eb2e6aec4382ddada293b373f424
reference_iii,4,0;3;4;11,I;aVR;aVL;V6,474,0.9491255589633133,0.7875354107648725,0.9259796806966618,,,binary,,,,,,,,,,,,,,,,,,,,,3.3538973000031547,42,ecdb2816fbfecf3ce41ff2e3263e3bdaefd75a5bba81a8e030b7390f03e8d244,cb2cb2e442afa8d7158b02e4fe0114cf68696a9bf9f10f2a89c0ed63bc1301d2,34060e20ca6ca6de13d114a5b1b14cf4e1fd9ffccc3f7ec4453bb00d8b5646f1,b1ab9811ae0755733fbe0ea12817ee9b2849131f60cecd3647f7481a8c6a8d63
reference_iii,4,0;3;5;6,I;aVR;aVF;V1,474,0.9516072390138833,0.7903682719546742,0.9264069264069265,,,binary,,,,,,,,,,,,,,,,,,,,,3.3418093000000226,42,ecdb2816fbfecf3ce41ff2e3263e3bdaefd75a5bba81a8e030b7390f03e8d244,cb2cb2e442afa8d7158b02e4fe0114cf68696a9bf9f10f2a89c0ed63bc1301d2,34060e20ca6ca6de13d114a5b1b14cf4e1fd9ffccc3f7ec4453bb00d8b5646f1,dca4bbd22107f9af3ce3b010cf7e2222854b83f3934314074fecbb8be00f2c3d
reference_iii,4,0;3;5;7,I;aVR;aVF;V2,474,0.9459415166342799,0.7450424929178471,0.9117221418234442,,,binary,,,,,,,,,,,,,,,,,,,,,3.3581393000022217,42,ecdb2816fbfecf3ce41ff2e3263e3bdaefd75a5bba81a8e030b7390f03e8d244,cb2cb2e442afa8d7158b02e4fe0114cf68696a9bf9f10f2a89c0ed63bc1301d2,34060e20ca6ca6de13d114a5b1b14cf4e1fd9ffccc3f7ec4453bb00d8b5646f1,abf85fe36e85f531c104ce0d6a5b2fb74d3d4202a12c617eb5cf09db3cc44418
reference_iii,4,0;3;5;8,I;aVR;aVF;V3,474,0.9436471331913001,0.7592067988668555,0.9235209235209235,,,binary,,,,,,,,,,,,,,,,,,,,,3.3496426999990945,42,ecdb2816fbfecf3ce41ff2e3263e3bdaefd75a5bba81a8e030b7390f03e8d244,cb2cb2e442afa8d7158b02e4fe0114cf68696a9bf9f10f2a89c0ed63bc1301d2,34060e20ca6ca6de13d114a5b1b14cf4e1fd9ffccc3f7ec4453bb00d8b5646f1,6e57423b802309abe8d97dd522dbebbc86931d9014dcd545f026a7cdf4b1ed18
reference_iii,4,0;3;5;9,I;aVR;aVF;V4,474,0.9465268185329992,0.7620396600566572,0.9206349206349206,,,binary,,,,,,,,,,,,,,,,,,,,,3.3781884999989416,42,ecdb2816fbfecf3ce41ff2e3263e3bdaefd75a5bba81a8e030b7390f03e8d244,cb2cb2e442afa8d7158b02e4fe0114cf68696a9bf9f10f2a89c0ed63bc1301d2,34060e20ca6ca6de13d114a5b1b14cf4e1fd9ffccc3f7ec4453bb00d8b5646f1,bffcc4792a977e77960264f2e8e799fc2a1d33dd92a678be0fcbec9de0f2c2f1
reference_iii,4,0;3;5;10,I;aVR;aVF;V5,474,0.9468077634443847,0.7592067988668555,0.9161849710982659,,,binary,,,,,,,,,,,,,,,,,,,,,3.3880147999989276,42,ecdb2816fbfecf3ce41ff2e3263e3bdaefd75a5bba81a8e030b7390f03e8d244,cb2cb2e442afa8d7158b02e4fe0114cf68696a9bf9f10f2a89c0ed63bc1301d2,34060e20ca6ca6de13d114a5b1b14cf4e1fd9ffccc3f7ec4453bb00d8b5646f1,eaf0c7bd64dd5b20488639b86e3f0c010e66c46f672e1c12f6392e2145884183
reference_iii,4,0;3;5;11,I;aVR;aVF;V6,474,0.9471121204317187,0.7620396600566572,0.9167883211678832,,,binary,,,,,,,,,,,,,,,,,,,,,3.399814200001856,42,ecdb2816fbfecf3ce41ff2e3263e3bdaefd75a5bba81a8e030b7390f03e8d244,cb2cb2e442afa8d7158b02e4fe0114cf68696a9bf9f10f2a89c0ed63bc1301d2,34060e20ca6ca6de13d114a5b1b14cf4e1fd9ffccc3f7ec4453bb00d8b5646f1,14a698b9956291fae6fe727a2fff3fba02fca3a537f61a863931ab9ec0ccc233
reference_iii,4,0;3;6;7,I;aVR;V1;V2,474,0.9502259265329057,0.7847025495750708,0.9206349206349206,,,binary,,,,,,,,,,,,,,,,,,,,,3.3346079000002646,42,ecdb2816fbfecf3ce41ff2e3263e3bdaefd75a5bba81a8e030b7390f03e8d244,cb2cb2e442afa8d7158b02e4fe0114cf68696a9bf9f10f2a89c0ed63bc1301d2,34060e20ca6ca6de13d114a5b1b14cf4e1fd9ffccc3f7ec4453bb00d8b5646f1,3ad9e9be882a94c5d4b96c95f4debee270d1bfeec3eed169bf5456ee69422f29
reference_iii,4,0;3;6;8,I;aVR;V1;V3,474,0.9449816215203802,0.7393767705382436,0.9127906976744186,,,binary,,,,,,,,,,,,,,,,,,,,,3.374907000001258,42,ecdb2816fbfecf3ce41ff2e3263e3bdaefd75a5bba81a8e030b7390f03e8d244,cb2cb2e442afa8d7158b02e4fe0114cf68696a9bf9f10f2a89c0ed63bc1301d2,34060e20ca6ca6de13d114a5b1b14cf4e1fd9ffccc3f7ec4453bb00d8b5646f1,9eb11d4ff729da6738da58d431ba62140ae96f297611f38549198d1646e08faa
reference_iii,4,0;3;6;9,I;aVR;V1;V4,474,0.9504132231404958,0.7648725212464589,0.9248554913294798,,,binary,,,,,,,,,,,,,,,,,,,,,3.3661594999975932,42,ecdb2816fbfecf3ce41ff2e3263e3bdaefd75a5bba81a8e030b7390f03e8d244,cb2cb2e442afa8d7158b02e4fe0114cf68696a9bf9f10f2a89c0ed63bc1301d2,34060e20ca6ca6de13d114a5b1b14cf4e1fd9ffccc3f7ec4453bb00d8b5646f1,1ebc7aa3a3936a9920750fab70a7867a402e989cdd70e73a08c9cf4ea8e5fbee
reference_iii,4,0;3;6;10,I;aVR;V1;V5,474,0.951537002786037,0.7563739376770539,0.9201741654571843,,,binary,,,,,,,,,,,,,,,,,,,,,3.364338299998053,42,ecdb2816fbfecf3ce41ff2e3263e3bdaefd75a5bba81a8e030b7390f03e8d244,cb2cb2e442afa8d7158b02e4fe0114cf68696a9bf9f10f2a89c0ed63bc1301d2,34060e20ca6ca6de13d114a5b1b14cf4e1fd9ffccc3f7ec4453bb00d8b5646f1,652cf09f3b528ea77e490a75fa7523909098773d472e037d3f62adf3a39dbb21
reference_iii,4,0;3;6;11,I;aVR;V1;V6,474,0.950811228431625,0.8016997167138811,0.9230769230769231,,,binary,,,,,,,,,,,,,,,,,,,,,3.327691300000879,42,ecdb2816fbfecf3ce41ff2e3263e3bdaefd75a5bba81a8e030b7390f03e8d244,cb2cb2e442afa8d7158b02e4fe0114cf68696a9bf9f10f2a89c0ed63bc1301d2,34060e20ca6ca6de13d114a5b1b14cf4e1fd9ffccc3f7ec4453bb00d8b5646f1,e3299786eb8947f1874adc489a4da64d4578c5b85bcaeadd849006d13c01c417
reference_iii,4,0;3;7;8,I;aVR;V2;V3,474,0.9452625664317655,0.7507082152974505,0.9112081513828238,,,binary,,,,,,,,,,,,,,,,,,,,,3.341214399999444,42,ecdb2816fbfecf3ce41ff2e3263e3bdaefd75a5bba81a8e030b7390f03e8d244,cb2cb2e442afa8d7158b02e4fe0114cf68696a9bf9f10f2a89c0ed63bc1301d2,34060e20ca6ca6de13d114a5b1b14cf4e1fd9ffccc3f7ec4453bb00d8b5646f1,014f48145352d5acfed344ae8e3fecdf8601da8b40ec155419b794eb50bb1682
reference_iii,4,0;3;7;9,I;aVR;V2;V4,474,0.9500386299253155,0.7422096317280453,0.9246376811594202,,,binary,,,,,,,,,,,,,,,,,,,,,3.3353493999966304,42,ecdb2816fbfecf3ce41ff2e3263e3bdaefd75a5bba81a8e030b7390f03e8d244,cb2cb2e442afa8d7158b02e4fe0114cf68696a9bf9f10f2a89c0ed63bc1301d2,34060e20ca6ca6de13d114a5b1b14cf4e1fd9ffccc3f7ec4453bb00d8b5646f1,7b7225b948e3e99e52f4183de291cf7ea4928c69e0a6a076093a79727695147f
reference_iii,4,0;3;7;10,I;aVR;V2;V5,474,0.9499449816215204,0.7280453257790368,0.9156976744186046,,,binary,,,,,,,,,,,,,,,,,,,,,3.335858800001006,42,ecdb2816fbfecf3ce41ff2e3263e3bdaefd75a5bba81a8e030b7390f03e8d244,cb2cb2e442afa8d7158b02e4fe0114cf68696a9bf9f10f2a89c0ed63bc1301d2,34060e20ca6ca6de13d114a5b1b14cf4e1fd9ffccc3f7ec4453bb00d8b5646f1,7061502357cf4535bb11f8c6079abf0827fc61b3148a5a5c8a90d785ed28bd11
reference_iii,4,0;3;7;11,I;aVR;V2;V6,474,0.9506473438999836,0.7790368271954674,0.9181286549707602,,,binary,,,,,,,,,,,,,,,,,,,,,3.3712221999994654,42,ecdb2816fbfecf3ce41ff2e3263e3bdaefd75a5bba81a8e030b7390f03e8d244,cb2cb2e442afa8d7158b02e4fe0114cf68696a9bf9f10f2a89c0ed63bc1301d2,34060e20ca6ca6de13d114a5b1b14cf4e1fd9ffccc3f7ec4453bb00d8b5646f1,999b7eab0252ca527cce328adbe51986bac546d58e3f25e0499763e05bd9a56b
reference_iii,4,0;3;8;9,I;aVR;V3;V4,474,0.945730807950741,0.7478753541076487,0.9219653179190751,,,binary,,,,,,,,,,,,,,,,,,,,,3.363141199999518,42,ecdb2816fbfecf3ce41ff2e3263e3bdaefd75a5bba81a8e030b7390f03e8d244,cb2cb2e442afa8d7158b02e4fe0114cf68696a9bf9f10f2a89c0ed63bc1301d2,34060e20ca6ca6de13d114a5b1b14cf4e1fd9ffccc3f7ec4453bb00d8b5646f1,b17031af22b2e5e1668c3692bac1e601f1eed2c18432573012b04f195a3e8913
reference_iii,4,0;3;8;10,I;aVR;V3;V5,474,0.9469248238241285,0.7507082152974505,0.9127906976744186,,,binary,,,,,,,,,,,,,,,,,,,,,3.334534999998141,42,ecdb2816fbfecf3ce41ff2e3263e3bdaefd75a5bba81a8e030b7390f03e8d244,cb2cb2e442afa8d7158b02e4fe0114cf68696a9bf9f10f2a89c0ed63bc1301d2,34060e20ca6ca6de13d114a5b1b14cf4e1fd9ffccc3f7ec4453bb00d8b5646f1,a11cc865a9576a7aa367c6a333af528421e5ec9941eaeca0d691069f649c9f51
reference_iii,4,0;3;8;11,I;aVR;V3;V6,474,0.9458946924823823,0.7620396600566572,0.9152046783625731,,,binary,,,,,,,,,,,,,,,,,,,,,3.355425199999445,42,ecdb2816fbfecf3ce41ff2e3263e3bdaefd75a5bba81a8e030b7390f03e8d244,cb2cb2e442afa8d7158b02e4fe0114cf68696a9bf9f10f2a89c0ed63bc1301d2,34060e20ca6ca6de13d114a5b1b14cf4e1fd9ffccc3f7ec4453bb00d8b5646f1,087e13e789e70a0f857489e8572de0e048b59d3620bfeac7150ddcc9cb0e73bc
reference_iii,4,0;3;9;10,I;aVR;V4;V5,474,0.9468077634443846,0.7478753541076487,0.9175108538350217,,,binary,,,,,,,,,,,,,,,,,,,,,3.3624835000009625,42,ecdb2816fbfecf3ce41ff2e3263e3bdaefd75a5bba81a8e030b7390f03e8d244,cb2cb2e442afa8d7158b02e4fe0114cf68696a9bf9f10f2a89c0ed63bc1301d2,34060e20ca6ca6de13d114a5b1b14cf4e1fd9ffccc3f7ec4453bb00d8b5646f1,63505f136b2edcebaa5b3c70263d17169d293e978d7b851e94900a850ab81335
reference_iii,4,0;3;9;11,I;aVR;V4;V6,474,0.946550230608948,0.7648725212464589,0.9186046511627907,,,binary,,,,,,,,,,,,,,,,,,,,,3.379768900002091,42,ecdb2816fbfecf3ce41ff2e3263e3bdaefd75a5bba81a8e030b7390f03e8d244,cb2cb2e442afa8d7158b02e4fe0114cf68696a9bf9f10f2a89c0ed63bc1301d2,34060e20ca6ca6de13d114a5b1b14cf4e1fd9ffccc3f7ec4453bb00d8b5646f1,32277098e4faebc7c255b2f282c9273cb94389ead3608270868d2f8bbadc0b3b
reference_iii,4,0;3;10;11,I;aVR;V5;V6,474,0.9456839837988434,0.7648725212464589,0.9161849710982659,,,binary,,,,,,,,,,,,,,,,,,,,,3.3723341999975673,42,ecdb2816fbfecf3ce41ff2e3263e3bdaefd75a5bba81a8e030b7390f03e8d244,cb2cb2e442afa8d7158b02e4fe0114cf68696a9bf9f10f2a89c0ed63bc1301d2,34060e20ca6ca6de13d114a5b1b14cf4e1fd9ffccc3f7ec4453bb00d8b5646f1,ad78af03882c5f5b3250de2f90d23d9cb709ea614a9292dbb496a87a0f0fc63a
reference_iii,4,0;4;5;6,I;aVL;aVF;V1,474,0.9512794699506004,0.7393767705382436,0.9217391304347826,,,binary,,,,,,,,,,,,,,,,,,,,,3.3435177999999723,42,ecdb2816fbfecf3ce41ff2e3263e3bdaefd75a5bba81a8e030b7390f03e8d244,cb2cb2e442afa8d7158b02e4fe0114cf68696a9bf9f10f2a89c0ed63bc1301d2,34060e20ca6ca6de13d114a5b1b14cf4e1fd9ffccc3f7ec4453bb00d8b5646f1,ec6981e739fe107a14b399c8b363e1b0c36fa7617998546fcb40dc562c996bd2
reference_iii,4,0;4;5;7,I;aVL;aVF;V2,474,0.9462926977735115,0.7365439093484419,0.9190751445086706,,,binary,,,,,,,,,,,,,,,,,,,,,3.3561122999999498,42,ecdb2816fbfecf3ce41ff2e3263e3bdaefd75a5bba81a8e030b7390f03e8d244,cb2cb2e442afa8d7158b02e4fe0114cf68696a9bf9f10f2a89c0ed63bc1301d2,34060e20ca6ca6de13d114a5b1b14cf4e1fd9ffccc3f7ec4453bb00d8b5646f1,5e29681e685ad6013deb4e5489796cf864fbd5556d5ecdc70fef5cfe0cdea0f7
reference_iii,4,0;4;5;8,I;aVL;aVF;V3,474,0.944887973216585,0.7308781869688386,0.9117221418234442,,,binary,,,,,,,,,,,,,,,,,,,,,3.3826069999995525,42,ecdb2816fbfecf3ce41ff2e3263e3bdaefd75a5bba81a8e030b7390f03e8d244,cb2cb2e442afa8d7158b02e4fe0114cf68696a9bf9f10f2a89c0ed63bc1301d2,34060e20ca6ca6de13d114a5b1b14cf4e1fd9ffccc3f7ec4453bb00d8b5646f1,729ff5572eb9746e749994d36f0919b50d757934b9f36746dabc6bbf7548db24
reference_iii,4,0;4;5;9,I;aVL;aVF;V4,474,0.9466907030646408,0.7648725212464589,0.9148629148629148,,,binary,,,,,,,,,,,,,,,,,,,,,3.3605089000011503,42,ecdb2816fbfecf3ce41ff2e3263e3bdaefd75a5bba81a8e030b7390f03e8d244,cb2cb2e442afa8d7158b02e4fe0114cf68696a9bf9f10f2a89c0ed63bc1301d2,34060e20ca6ca6de13d114a5b1b14cf4e1fd9ffccc3f7ec4453bb00d8b5646f1,2f32e9f3ddc4abc29f39f4a8abd6c71c43673d95f44c44a53c5900d96817366d
reference_iii,4,0;4;5;10,I;aVL;aVF;V5,474,0.9466438789127433,0.7592067988668555,0.9177489177489178,,,binary,,,,,,,,,,,,,,,,,,,,,3.334260399999039,42,ecdb2816fbfecf3ce41ff2e3263e3bdaefd75a5bba81a8e030b7390f03e8d244,cb2cb2e442afa8d7158b02e4fe0114cf68696a9bf9f10f2a89c0ed63bc1301d2,34060e20ca6ca6de13d114a5b1b14cf4e1fd9ffccc3f7ec4453bb00d8b5646f1,4e554d6132ff05b5f0c2ab13149afbc36e4ff30dc3ad76e93bcb47d42542d2c7
reference_iii,4,0;4;5;11,I;aVL;aVF;V6,474,0.9474398894950015,0.7592067988668555,0.9201741654571843,,,binary,,,,,,,,,,,,,,,,,,,,,3.3405478000022413,42,ecdb2816fbfecf3ce41ff2e3263e3bdaefd75a5bba81a8e030b7390f03e8d244,cb2cb2e442afa8d7158b02e4fe0114cf68696a9bf9f10f2a89c0ed63bc1301d2,34060e20ca6ca6de13d114a5b1b14cf4e1fd9ffccc3f7ec4453bb00d8b5646f1,d88040d57a5a7dee17ba3e2f815151782126113b8d45da70b74ae6c83261f016
reference_iii,4,0;4;6;7,I;aVL;V1;V2,474,0.9454498630393556,0.7365439093484419,0.9219858156028369,,,binary,,,,,,,,,,,,,,,,,,,,,3.4147514999967825,42,ecdb2816fbfecf3ce41ff2e3263e3bdaefd75a5bba81a8e030b7390f03e8d244,cb2cb2e442afa8d7158b02e4fe0114cf68696a9bf9f10f2a89c0ed63bc1301d2,34060e20ca6ca6de13d114a5b1b14cf4e1fd9ffccc3f7ec4453bb00d8b5646f1,ea6e37c0245c082bfccc7d978036d368a0e9cc9a15dbef4b9ff2bb368677b0fc
reference_iii,4,0;4;6;8,I;aVL;V1;V3,474,0.9425467656217077,0.7478753541076487,0.910948905109489,,,binary,,,,,,,,,,,,,,,,,,,,,3.436105300002964,42,ecdb2816fbfecf3ce41ff2e3263e3bdaefd75a5bba81a8e030b7390f03e8d244,cb2cb2e442afa8d7158b02e4fe0114cf68696a9bf9f10f2a89c0ed63bc1301d2,34060e20ca6ca6de13d114a5b1b14cf4e1fd9ffccc3f7ec4453bb00d8b5646f1,9d27853ca31a530198aea7adef196e998940281c16f507cff6558ab0548bebcc
reference_iii,4,0;4;6;9,I;aVL;V1;V4,474,0.9495001521784937,0.773371104815864,0.9201741654571843,,,binary,,,,,,,,,,,,,,,,,,,,,3.4419377999984135,42,ecdb2816fbfecf3ce41ff2e3263e3bdaefd75a5bba81a8e030b7390f03e8d244,cb2cb2e442afa8d7158b02e4fe0114cf68696a9bf9f10f2a89c0ed63bc1301d2,34060e20ca6ca6de13d114a5b1b14cf4e1fd9ffccc3f7ec4453bb00d8b5646f1,a2a5e6f28bdee1ea309a11c10412ff43751bcbf6b26326237cfcaa4029118bcb
reference_iii,4,0;4;6;10,I;aVL;V1;V5,474,0.9501088661531617,0.7535410764872521,0.9204052098408104,,,binary,,,,,,,,,,,,,,,,,,,,,3.45192329999918,42,ecdb2816fbfecf3ce41ff2e3263e3bdaefd75a5bba81a8e030b7390f03e8d244,cb2cb2e442afa8d7158b02e4fe0114cf68696a9bf9f10f2a89c0ed63bc1301d2,34060e20ca6ca6de13d114a5b1b14cf4e1fd9ffccc3f7ec4453bb00d8b5646f1,d685a33f5dc801986e3ded1b7ddf4e4431a78c1ab6d97d4df3cab5f1b9dce02d
reference_iii,4,0;4;6;11,I;aVL;V1;V6,474,0.9500386299253156,0.7762039660056658,0.9186046511627907,,,binary,,,,,,,,,,,,,,,,,,,,,3.3896347999980208,42,ecdb2816fbfecf3ce41ff2e3263e3bdaefd75a5bba81a8e030b7390f03e8d244,cb2cb2e442afa8d7158b02e4fe0114cf68696a9bf9f10f2a89c0ed63bc1301d2,34060e20ca6ca6de13d114a5b1b14cf4e1fd9ffccc3f7ec4453bb00d8b5646f1,9f46cd5a7564a3aa76aedec4ce68932bf6cbace33144e192297c15ea6163d308
reference_iii,4,0;4;7;8,I;aVL;V2;V3,474,0.9410952169128837,0.7337110481586402,0.910948905109489,,,binary,,,,,,,,,,,,,,,,,,,,,3.348140500002046,42,ecdb2816fbfecf3ce41ff2e3263e3bdaefd75a5bba81a8e030b7390f03e8d244,cb2cb2e442afa8d7158b02e4fe0114cf68696a9bf9f10f2a89c0ed63bc1301d2,34060e20ca6ca6de13d114a5b1b14cf4e1fd9ffccc3f7ec4453bb00d8b5646f1,3197fce9eb642c8a017be8d32c6b5b205f6b13959e0ae55159777460fbc3e7df
reference_iii,4,0;4;7;9,I;aVL;V2;V4,474,0.9490084985835694,0.7847025495750708,0.9188405797101449,,,binary,,,,,,,,,,,,,,,,,,,,,3.346067200000107,42,ecdb2816fbfecf3ce41ff2e3263e3bdaefd75a5bba81a8e030b7390f03e8d244,cb2cb2e442afa8d7158b02e4fe0114cf68696a9bf9f10f2a89c0ed63bc1301d2,34060e20ca6ca6de13d114a5b1b14cf4e1fd9ffccc3f7ec4453bb00d8b5646f1,4a930f797c9e956020d0be19b88c0ff0aebad8a919d30595cb231f5453ba74cd
reference_iii,4,0;4;7;10,I;aVL;V2;V5,474,0.9494299159506474,0.7677053824362606,0.9182209469153515,,,binary,,,,,,,,,,,,,,,,,,,,,3.327448000000004,42,ecdb2816fbfecf3ce41ff2e3263e3bdaefd75a5bba81a8e030b7390f03e8d244,cb2cb2e442afa8d7158b02e4fe0114cf68696a9bf9f10f2a89c0ed63bc1301d2,34060e20ca6ca6de13d114a5b1b14cf4e1fd9ffccc3f7ec4453bb00d8b5646f1,4c7f50c6798faff4bbe124f4f1a62b6437eec8d269639f239b52ad3278a880a1
reference_iii,4,0;4;7;11,I;aVL;V2;V6,474,0.9479783672418233,0.7620396600566572,0.9141193595342066,,,binary,,,,,,,,,,,,,,,,,,,,,3.3713572999986354,42,ecdb2816fbfecf3ce41ff2e3263e3bdaefd75a5bba81a8e030b7390f03e8d244,cb2cb2e442afa8d7158b02e4fe0114cf68696a9bf9f10f2a89c0ed63bc1301d2,34060e20ca6ca6de13d114a5b1b14cf4e1fd9ffccc3f7ec4453bb00d8b5646f1,3dd4c1b9a710ec9640805c628582579854f85a42240f4d280a0f0bc6234b7588
reference_iii,4,0;4;8;9,I;aVL;V3;V4,474,0.9438344297988903,0.7790368271954674,0.9167883211678832,,,binary,,,,,,,,,,,,,,,,,,,,,3.3650446999999986,42,ecdb2816fbfecf3ce41ff2e3263e3bdaefd75a5bba81a8e030b7390f03e8d244,cb2cb2e442afa8d7158b02e4fe0114cf68696a9bf9f10f2a89c0ed63bc1301d2,34060e20ca6ca6de13d114a5b1b14cf4e1fd9ffccc3f7ec4453bb00d8b5646f1,9f740162b69a00afd829ef5a219453c4449fcd3ecc649f0f44a5dcf6c6c86ba4
reference_iii,4,0;4;8;10,I;aVL;V3;V5,474,0.9444431437735584,0.7648725212464589,0.9165446559297218,,,binary,,,,,,,,,,,,,,,,,,,,,3.4448116999992635,42,ecdb2816fbfecf3ce41ff2e3263e3bdaefd75a5bba81a8e030b7390f03e8d244,cb2cb2e442afa8d7158b02e4fe0114cf68696a9bf9f10f2a89c0ed63bc1301d2,34060e20ca6ca6de13d114a5b1b14cf4e1fd9ffccc3f7ec4453bb00d8b5646f1,feef73c5bfbfcffb98955702c809bcd347f4f9cf1d7336b5ee98f05ad91ac760
reference_iii,4,0;4;8;11,I;aVL;V3;V6,474,0.9444197316976096,0.773371104815864,0.9045521292217328,,,binary,,,,,,,,,,,,,,,,,,,,,3.398550099998829,42,ecdb2816fbfecf3ce41ff2e3263e3bdaefd75a5bba81a8e030b7390f03e8d244,cb2cb2e442afa8d7158b02e4fe0114cf68696a9bf9f10f2a89c0ed63bc1301d2,34060e20ca6ca6de13d114a5b1b14cf4e1fd9ffccc3f7ec4453bb00d8b5646f1,eeb080023012c04aa0efa080e648a863d8393a3baaa961119a4534cc3755e634
reference_iii,4,0;4;9;10,I;aVL;V4;V5,474,0.9465034064570506,0.7422096317280453,0.9159420289855073,,,binary,,,,,,,,,,,,,,,,,,,,,3.392047499997716,42,ecdb2816fbfecf3ce41ff2e3263e3bdaefd75a5bba81a8e030b7390f03e8d244,cb2cb2e442afa8d7158b02e4fe0114cf68696a9bf9f10f2a89c0ed63bc1301d2,34060e20ca6ca6de13d114a5b1b14cf4e1fd9ffccc3f7ec4453bb00d8b5646f1,5cfb786020058eeae8d44817197f52c3e28d202520b66f7eda2352f5d95097e7
reference_iii,4,0;4;9;11,I;aVL;V4;V6,474,0.9455903354950485,0.7592067988668555,0.9141193595342066,,,binary,,,,,,,,,,,,,,,,,,,,,3.378623199998401,42,ecdb2816fbfecf3ce41ff2e3263e3bdaefd75a5bba81a8e030b7390f03e8d244,cb2cb2e442afa8d7158b02e4fe0114cf68696a9bf9f10f2a89c0ed63bc1301d2,34060e20ca6ca6de13d114a5b1b14cf4e1fd9ffccc3f7ec4453bb00d8b5646f1,29dc966ae49c437b0376b4fb497febcce926f238b9e62c7174c2ac61ea094cc5
reference_iii,4,0;4;10;11,I;aVL;V5;V6,474,0.9443260833938145,0.7478753541076487,0.914616497829233,,,binary,,,,,,,,,,,,,,,,,,,,,3.3642598999977054,42,ecdb2816fbfecf3ce41ff2e3263e3bdaefd75a5bba81a8e030b7390f03e8d244,cb2cb2e442afa8d7158b02e4fe0114cf68696a9bf9f10f2a89c0ed63bc1301d2,34060e20ca6ca6de13d114a5b1b14cf4e1fd9ffccc3f7ec4453bb00d8b5646f1,c84ff852e4ffd2c99451bb16ddcebefa90b0924a9abfb06d07d3a338602b7be4
reference_iii,4,0;5;6;7,I;aVF;V1;V2,474,0.949781097089879,0.7648725212464589,0.9183673469387755,,,binary,,,,,,,,,,,,,,,,,,,,,3.3463649000004807,42,ecdb2816fbfecf3ce41ff2e3263e3bdaefd75a5bba81a8e030b7390f03e8d244,cb2cb2e442afa8d7158b02e4fe0114cf68696a9bf9f10f2a89c0ed63bc1301d2,34060e20ca6ca6de13d114a5b1b14cf4e1fd9ffccc3f7ec4453bb00d8b5646f1,6a62486f3394f809dbd24f4d3bc29fd84eed9e3f243636469a93d20d767b35b8
reference_iii,4,0;5;6;8,I;aVF;V1;V3,474,0.9463863460773065,0.7507082152974505,0.9138686131386862,,,binary,,,,,,,,,,,,,,,,,,,,,3.357841600001848,42,ecdb2816fbfecf3ce41ff2e3263e3bdaefd75a5bba81a8e030b7390f03e8d244,cb2cb2e442afa8d7158b02e4fe0114cf68696a9bf9f10f2a89c0ed63bc1301d2,34060e20ca6ca6de13d114a5b1b14cf4e1fd9ffccc3f7ec4453bb00d8b5646f1,50dfd7f527c238fbfe5352af8db64d889c357588b095d74ec2361da1b8c5f084
reference_iii,4,0;5;6;9,I;aVF;V1;V4,474,0.9484466087607988,0.7478753541076487,0.9199417758369723,,,binary,,,,,,,,,,,,,,,,,,,,,3.3498397000003024,42,ecdb2816fbfecf3ce41ff2e3263e3bdaefd75a5bba81a8e030b7390f03e8d244,cb2cb2e442afa8d7158b02e4fe0114cf68696a9bf9f10f2a89c0ed63bc1301d2,34060e20ca6ca6de13d114a5b1b14cf4e1fd9ffccc3f7ec4453bb00d8b5646f1,374dced9c53030cb785b0c887b1879eaeff92639100a19d3357b0432fba0e25f
reference_iii,4,0;5;6;10,I;aVF;V1;V5,474,0.950085454077213,0.7450424929178471,0.9212827988338192,,,binary,,,,,,,,,,,,,,,,,,,,,3.347498800001631,42,ecdb2816fbfecf3ce41ff2e3263e3bdaefd75a5bba81a8e030b7390f03e8d244,cb2cb2e442afa8d7158b02e4fe0114cf68696a9bf9f10f2a89c0ed63bc1301d2,34060e20ca6ca6de13d114a5b1b14cf4e1fd9ffccc3f7ec4453bb00d8b5646f1,8693a2172f9d93d9832fc09f61a116861bae7b6f44f6b21a11107e641cdd5ab0
reference_iii,4,0;5;6;11,I;aVF;V1;V6,474,0.9504132231404959,0.7903682719546742,0.9232995658465991,,,binary,,,,,,,,,,,,,,,,,,,,,3.3529499000032956,42,ecdb2816fbfecf3ce41ff2e3263e3bdaefd75a5bba81a8e030b7390f03e8d244,cb2cb2e442afa8d7158b02e4fe0114cf68696a9bf9f10f2a89c0ed63bc1301d2,34060e20ca6ca6de13d114a5b1b14cf4e1fd9ffccc3f7ec4453bb00d8b5646f1,50fa9a337118872c66ff8e839ce67d24238c11e6931ca9314e5c9259add3d85d
reference_iii,4,0;5;7;8,I;aVF;V2;V3,474,0.9452391543558167,0.7507082152974505,0.9093567251461988,,,binary,,,,,,,,,,,,,,,,,,,,,3.3639284999990196,42,ecdb2816fbfecf3ce41ff2e3263e3bdaefd75a5bba81a8e030b7390f03e8d244,cb2cb2e442afa8d7158b02e4fe0114cf68696a9bf9f10f2a89c0ed63bc1301d2,34060e20ca6ca6de13d114a5b1b14cf4e1fd9ffccc3f7ec4453bb00d8b5646f1,8ed130a31aaf647a16eef2f7fb69a530dbb8ed47cc514e97e154ee87c91e80b5
reference_iii,4,0;5;7;9,I;aVF;V2;V4,474,0.9484231966848499,0.7620396600566572,0.9188405797101449,,,binary,,,,,,,,,,,,,,,,,,,,,3.3624495000003662,42,ecdb2816fbfecf3ce41ff2e3263e3bdaefd75a5bba81a8e030b7390f03e8d244,cb2cb2e442afa8d7158b02e4fe0114cf68696a9bf9f10f2a89c0ed63bc1301d2,34060e20ca6ca6de13d114a5b1b14cf4e1fd9ffccc3f7ec4453bb00d8b5646f1,85e6e9111fcf35d0c26033ffadd2218663763c91cc0a8a234eee94b0d8b4d8ce
reference_iii,4,0;5;7;10,I;aVF;V2;V5,474,0.9495469763303912,0.7620396600566572,0.9143686502177069,,,binary,,,,,,,,,,,,,,,,,,,,,3.3520663999988756,42,ecdb2816fbfecf3ce41ff2e3263e3bdaefd75a5bba81a8e030b7390f03e8d244,cb2cb2e442afa8d7158b02e4fe0114cf68696a9bf9f10f2a89c0ed63bc1301d2,34060e20ca6ca6de13d114a5b1b14cf4e1fd9ffccc3f7ec4453bb00d8b5646f1,9f2af4b2d2dea53c31e92d4c2408578e5baf0a21f6cec727e33963f4aa54ac77
reference_iii,4,0;5;7;11,I;aVF;V2;V6,474,0.9499918057734179,0.7648725212464589,0.9104258443465492,,,binary,,,,,,,,,,,,,,,,,,,,,3.370688200000586,42,ecdb2816fbfecf3ce41ff2e3263e3bdaefd75a5bba81a8e030b7390f03e8d244,cb2cb2e442afa8d7158b02e4fe0114cf68696a9bf9f10f2a89c0ed63bc1301d2,34060e20ca6ca6de13d114a5b1b14cf4e1fd9ffccc3f7ec4453bb00d8b5646f1,ca9ca44fa179ceb1663e0ef041963900c4d0648c7c2b6fb281d6ed9a3f77f3e5
reference_iii,4,0;5;8;9,I;aVF;V3;V4,474,0.9448411490646876,0.7422096317280453,0.9183673469387755,,,binary,,,,,,,,,,,,,,,,,,,,,3.364171699999133,42,ecdb2816fbfecf3ce41ff2e3263e3bdaefd75a5bba81a8e030b7390f03e8d244,cb2cb2e442afa8d7158b02e4fe0114cf68696a9bf9f10f2a89c0ed63bc1301d2,34060e20ca6ca6de13d114a5b1b14cf4e1fd9ffccc3f7ec4453bb00d8b5646f1,9e593506ffd3a7d841ddc2912ec12e72b539db20484b4eb28b0bb2fd81e9024d
reference_iii,4,0;5;8;10,I;aVF;V3;V5,474,0.9459883407861776,0.7648725212464589,0.9141193595342066,,,binary,,,,,,,,,,,,,,,,,,,,,3.3637488999993366,42,ecdb2816fbfecf3ce41ff2e3263e3bdaefd75a5bba81a8e030b7390f03e8d244,cb2cb2e442afa8d7158b02e4fe0114cf68696a9bf9f10f2a89c0ed63bc1301d2,34060e20ca6ca6de13d114a5b1b14cf4e1fd9ffccc3f7ec4453bb00d8b5646f1,28a4dfe064062841966cfb359dd49f6f6f78dac79ae7b4e9329372bfb81f7aa0
reference_iii,4,0;5;8;11,I;aVF;V3;V6,474,0.9468311755203334,0.7648725212464589,0.9106881405563689,,,binary,,,,,,,,,,,,,,,,,,,,,3.3575178000028245,42,ecdb2816fbfecf3ce41ff2e3263e3bdaefd75a5bba81a8e030b7390f03e8d244,cb2cb2e442afa8d7158b02e4fe0114cf68696a9bf9f10f2a89c0ed63bc1301d2,34060e20ca6ca6de13d114a5b1b14cf4e1fd9ffccc3f7ec4453bb00d8b5646f1,490ca23c28ed11fb583d6d3cd36f294bf66b6011fbc35e0cbbf8fa58cc0831ea
reference_iii,4,0;5;9;10,I;aVF;V4;V5,474,0.9455903354950485,0.7393767705382436,0.9175108538350217,,,binary,,,,,,,,,,,,,,,,,,,,,3.3587271999967925,42,ecdb2816fbfecf3ce41ff2e3263e3bdaefd75a5bba81a8e030b7390f03e8d244,cb2cb2e442afa8d7158b02e4fe0114cf68696a9bf9f10f2a89c0ed63bc1301d2,34060e20ca6ca6de13d114a5b1b14cf4e1fd9ffccc3f7ec4453bb00d8b5646f1,f48c71e14f9a0e0cdb20e8ab653a1d367a2e55a84ff3a7fd32088b9722e66ab9
reference_iii,4,0;5;9;11,I;aVF;V4;V6,474,0.9454498630393559,0.7818696883852692,0.9154518950437318,,,binary,,,,,,,,,,,,,,,,,,,,,3.3365202999993926,42,ecdb2816fbfecf3ce41ff2e3263e3bdaefd75a5bba81a8e030b7390f03e8d244,cb2cb2e442afa8d7158b02e4fe0114cf68696a9bf9f10f2a89c0ed63bc1301d2,34060e20ca6ca6de13d114a5b1b14cf4e1fd9ffccc3f7ec4453bb00d8b5646f1,a10884f245af7f81806ed58e0f6c9f821ea4ed14b0c83173b0ca66f1f1f56e03
reference_iii,4,0;5;10;11,I;aVF;V5;V6,474,0.9446070283051999,0.773371104815864,0.914616497829233,,,binary,,,,,,,,,,,,,,,,,,,,,3.351152600000205,42,ecdb2816fbfecf3ce41ff2e3263e3bdaefd75a5bba81a8e030b7390f03e8d244,cb2cb2e442afa8d7158b02e4fe0114cf68696a9bf9f10f2a89c0ed63bc1301d2,34060e20ca6ca6de13d114a5b1b14cf4e1fd9ffccc3f7ec4453bb00d8b5646f1,ce7cc606b5d3b737517775e35b05c37e269ef608c5b6d949d8112a7aaed9a36a
reference_iii,4,0;6;7;8,I;V1;V2;V3,474,0.9388944817736989,0.6968838526912181,0.9141193595342066,,,binary,,,,,,,,,,,,,,,,,,,,,3.345007500000065,42,ecdb2816fbfecf3ce41ff2e3263e3bdaefd75a5bba81a8e030b7390f03e8d244,cb2cb2e442afa8d7158b02e4fe0114cf68696a9bf9f10f2a89c0ed63bc1301d2,34060e20ca6ca6de13d114a5b1b14cf4e1fd9ffccc3f7ec4453bb00d8b5646f1,7f4f5dbc91eed662ecc03d3e9a7573ba6f07744eff215f4f04fb08f1e0a04ade
reference_iii,4,0;6;7;9,I;V1;V2;V4,474,0.9459883407861774,0.7648725212464589,0.9159420289855073,,,binary,,,,,,,,,,,,,,,,,,,,,3.3995738999983587,42,ecdb2816fbfecf3ce41ff2e3263e3bdaefd75a5bba81a8e030b7390f03e8d244,cb2cb2e442afa8d7158b02e4fe0114cf68696a9bf9f10f2a89c0ed63bc1301d2,34060e20ca6ca6de13d114a5b1b14cf4e1fd9ffccc3f7ec4453bb00d8b5646f1,3a7568a39d30a89f84dd92f0af3cb3eb6e60237410e9a4dc8f25fcf2fdf79f94
reference_iii,4,0;6;7;10,I;V1;V2;V5,474,0.9477442464823357,0.7365439093484419,0.9096209912536443,,,binary,,,,,,,,,,,,,,,,,,,,,3.3515789000011864,42,ecdb2816fbfecf3ce41ff2e3263e3bdaefd75a5bba81a8e030b7390f03e8d244,cb2cb2e442afa8d7158b02e4fe0114cf68696a9bf9f10f2a89c0ed63bc1301d2,34060e20ca6ca6de13d114a5b1b14cf4e1fd9ffccc3f7ec4453bb00d8b5646f1,f3bcd8ff8a1df4f3aedb079bba2dc588c71daa49d1915f9486f9adce8b885cbd
reference_iii,4,0;6;7;11,I;V1;V2;V6,474,0.9458946924823824,0.7592067988668555,0.9117647058823529,,,binary,,,,,,,,,,,,,,,,,,,,,3.3920646000005945,42,ecdb2816fbfecf3ce41ff2e3263e3bdaefd75a5bba81a8e030b7390f03e8d244,cb2cb2e442afa8d7158b02e4fe0114cf68696a9bf9f10f2a89c0ed63bc1301d2,34060e20ca6ca6de13d114a5b1b14cf4e1fd9ffccc3f7ec4453bb00d8b5646f1,9dc21fdd8d44ac4842d8c9d0c2ecc5881f74a2f92c9fdb50353ca9f7aab7e2af
reference_iii,4,0;6;8;9,I;V1;V3;V4,474,0.9441153747102756,0.7450424929178471,0.9064327485380117,,,binary,,,,,,,,,,,,,,,,,,,,,3.434829300000274,42,ecdb2816fbfecf3ce41ff2e3263e3bdaefd75a5bba81a8e030b7390f03e8d244,cb2cb2e442afa8d7158b02e4fe0114cf68696a9bf9f10f2a89c0ed63bc1301d2,34060e20ca6ca6de13d114a5b1b14cf4e1fd9ffccc3f7ec4453bb00d8b5646f1,8d5597a7735e6188a77e0eba82aedbb70da4e8f2c18422685f1cef3a8156d6ce
reference_iii,4,0;6;8;10,I;V1;V3;V5,474,0.9441621988621731,0.7450424929178471,0.9058823529411765,,,binary,,,,,,,,,,,,,,,,,,,,,3.4229325000014796,42,ecdb2816fbfecf3ce41ff2e3263e3bdaefd75a5bba81a8e030b7390f03e8d244,cb2cb2e442afa8d7158b02e4fe0114cf68696a9bf9f10f2a89c0ed63bc1301d2,34060e20ca6ca6de13d114a5b1b14cf4e1fd9ffccc3f7ec4453bb00d8b5646f1,6e79592a54ae2d5b706eea2e603eb6cfdc98d2404c721addbcf4367b1cef0dad
reference_iii,4,0;6;8;11,I;V1;V3;V6,474,0.9431086554444782,0.7393767705382436,0.9074889867841409,,,binary,,,,,,,,,,,,,,,,,,,,,3.4342579999974987,42,ecdb2816fbfecf3ce41ff2e3263e3bdaefd75a5bba81a8e030b7390f03e8d244,cb2cb2e442afa8d7158b02e4fe0114cf68696a9bf9f10f2a89c0ed63bc1301d2,34060e20ca6ca6de13d114a5b1b14cf4e1fd9ffccc3f7ec4453bb00d8b5646f1,b3f32264a2a0114aaadb877dff17f4ce31ea9c4d58e4c1767ee88a3f6f7b5ab5
reference_iii,4,0;6;9;10,I;V1;V4;V5,474,0.9463161098494604,0.7592067988668555,0.9093567251461988,,,binary,,,,,,,,,,,,,,,,,,,,,3.3617508000024827,42,ecdb2816fbfecf3ce41ff2e3263e3bdaefd75a5bba81a8e030b7390f03e8d244,cb2cb2e442afa8d7158b02e4fe0114cf68696a9bf9f10f2a89c0ed63bc1301d2,34060e20ca6ca6de13d114a5b1b14cf4e1fd9ffccc3f7ec4453bb00d8b5646f1,9332682a82cd8c29feb200f9bdb214802637507fcf2020967b5fdf820da29ee3
reference_iii,4,0;6;9;11,I;V1;V4;V6,474,0.9461288132418701,0.7478753541076487,0.9125364431486881,,,binary,,,,,,,,,,,,,,,,,,,,,3.3406051999991178,42,ecdb2816fbfecf3ce41ff2e3263e3bdaefd75a5bba81a8e030b7390f03e8d244,cb2cb2e442afa8d7158b02e4fe0114cf68696a9bf9f10f2a89c0ed63bc1301d2,34060e20ca6ca6de13d114a5b1b14cf4e1fd9ffccc3f7ec4453bb00d8b5646f1,d77989fc44001b6ba2ba484fc042ef0ca23a9be594f1b64e0f217784c48752ec
reference_iii,4,0;6;10;11,I;V1;V5;V6,474,0.9473696532671552,0.7705382436260623,0.9064327485380117,,,binary,,,,,,,,,,,,,,,,,,,,,3.359073100000387,42,ecdb2816fbfecf3ce41ff2e3263e3bdaefd75a5bba81a8e030b7390f03e8d244,cb2cb2e442afa8d7158b02e4fe0114cf68696a9bf9f10f2a89c0ed63bc1301d2,34060e20ca6ca6de13d114a5b1b14cf4e1fd9ffccc3f7ec4453bb00d8b5646f1,555ab7ee62cabe7cd51e4283fb472fa9fd36f25ccb8d526008e437314070a0d2
reference_iii,4,0;7;8;9,I;V2;V3;V4,474,0.9429447709128369,0.7903682719546742,0.910948905109489,,,binary,,,,,,,,,,,,,,,,,,,,,3.35791440000321,42,ecdb2816fbfecf3ce41ff2e3263e3bdaefd75a5bba81a8e030b7390f03e8d244,cb2cb2e442afa8d7158b02e4fe0114cf68696a9bf9f10f2a89c0ed63bc1301d2,34060e20ca6ca6de13d114a5b1b14cf4e1fd9ffccc3f7ec4453bb00d8b5646f1,dc6501d7613786d2da73364767a6725c491f6c44b90482b560d731134d38c07c
reference_iii,4,0;7;8;10,I;V2;V3;V5,474,0.9447240886849436,0.7365439093484419,0.908029197080292,,,binary,,,,,,,,,,,,,,,,,,,,,3.341844400001719,42,ecdb2816fbfecf3ce41ff2e3263e3bdaefd75a5bba81a8e030b7390f03e8d244,cb2cb2e442afa8d7158b02e4fe0114cf68696a9bf9f10f2a89c0ed63bc1301d2,34060e20ca6ca6de13d114a5b1b14cf4e1fd9ffccc3f7ec4453bb00d8b5646f1,f084aa675b7b5823fb76e3dd1033cbdeeee5b7836742f4109bdadb3bdbc9de79
reference_iii,4,0;7;8;11,I;V2;V3;V6,474,0.9442090230140707,0.7337110481586402,0.9019033674963397,,,binary,,,,,,,,,,,,,,,,,,,,,3.3276082999982464,42,ecdb2816fbfecf3ce41ff2e3263e3bdaefd75a5bba81a8e030b7390f03e8d244,cb2cb2e442afa8d7158b02e4fe0114cf68696a9bf9f10f2a89c0ed63bc1301d2,34060e20ca6ca6de13d114a5b1b14cf4e1fd9ffccc3f7ec4453bb00d8b5646f1,67cb9e7628ff326e24b9501d0bc0cf32818d06bf4deec8c501f2a3af841958b1
reference_iii,4,0;7;9;10,I;V2;V4;V5,474,0.9459649287102287,0.7592067988668555,0.9117221418234442,,,binary,,,,,,,,,,,,,,,,,,,,,3.3348272000002908,42,ecdb2816fbfecf3ce41ff2e3263e3bdaefd75a5bba81a8e030b7390f03e8d244,cb2cb2e442afa8d7158b02e4fe0114cf68696a9bf9f10f2a89c0ed63bc1301d2,34060e20ca6ca6de13d114a5b1b14cf4e1fd9ffccc3f7ec4453bb00d8b5646f1,98aaee3bd7f3b827fa933112a72fa6520e8aee086aa1e4e07db85c7e2e9693d9
reference_iii,4,0;7;9;11,I;V2;V4;V6,474,0.9464565823051531,0.7563739376770539,0.9125364431486881,,,binary,,,,,,,,,,,,,,,,,,,,,3.3525843000024906,42,ecdb2816fbfecf3ce41ff2e3263e3bdaefd75a5bba81a8e030b7390f03e8d244,cb2cb2e442afa8d7158b02e4fe0114cf68696a9bf9f10f2a89c0ed63bc1301d2,34060e20ca6ca6de13d114a5b1b14cf4e1fd9ffccc3f7ec4453bb00d8b5646f1,740e75af70c65d97dbf8181fe49b4aeb27d2eb098ff924598f63e025aef1e9c0
reference_iii,4,0;7;10;11,I;V2;V5;V6,474,0.9465034064570507,0.7365439093484419,0.908029197080292,,,binary,,,,,,,,,,,,,,,,,,,,,3.346169500000542,42,ecdb2816fbfecf3ce41ff2e3263e3bdaefd75a5bba81a8e030b7390f03e8d244,cb2cb2e442afa8d7158b02e4fe0114cf68696a9bf9f10f2a89c0ed63bc1301d2,34060e20ca6ca6de13d114a5b1b14cf4e1fd9ffccc3f7ec4453bb00d8b5646f1,457fb9f39c87c5b6b534acfa13fe9a12742590e922a44d5c3dd79ff42c73f388
reference_iii,4,0;8;9;10,I;V3;V4;V5,474,0.9438812539507878,0.7535410764872521,0.9101620029455081,,,binary,,,,,,,,,,,,,,,,,,,,,3.331722800001444,42,ecdb2816fbfecf3ce41ff2e3263e3bdaefd75a5bba81a8e030b7390f03e8d244,cb2cb2e442afa8d7158b02e4fe0114cf68696a9bf9f10f2a89c0ed63bc1301d2,34060e20ca6ca6de13d114a5b1b14cf4e1fd9ffccc3f7ec4453bb00d8b5646f1,d6122c72d2ac4acc6802a89fb2eadef465845b2f2c1dd92cb3d2ecf4d54f6f52
reference_iii,4,0;8;9;11,I;V3;V4;V6,474,0.9425233535457589,0.7393767705382436,0.906158357771261,,,binary,,,,,,,,,,,,,,,,,,,,,3.3283902000002854,42,ecdb2816fbfecf3ce41ff2e3263e3bdaefd75a5bba81a8e030b7390f03e8d244,cb2cb2e442afa8d7158b02e4fe0114cf68696a9bf9f10f2a89c0ed63bc1301d2,34060e20ca6ca6de13d114a5b1b14cf4e1fd9ffccc3f7ec4453bb00d8b5646f1,83f9bbbec27dd823f174488a02b57fd1fba8b2a62e0ec321cb1e41778ef19602
reference_iii,4,0;8;10;11,I;V3;V5;V6,474,0.9426872380774004,0.7337110481586402,0.9053254437869822,,,binary,,,,,,,,,,,,,,,,,,,,,3.3635106000001542,42,ecdb2816fbfecf3ce41ff2e3263e3bdaefd75a5bba81a8e030b7390f03e8d244,cb2cb2e442afa8d7158b02e4fe0114cf68696a9bf9f10f2a89c0ed63bc1301d2,34060e20ca6ca6de13d114a5b1b14cf4e1fd9ffccc3f7ec4453bb00d8b5646f1,f6fc5aad650e331bc68c4226838d599e7dbcbeeabf4112434ed4de826bb79ccb
reference_iii,4,0;9;10;11,I;V4;V5;V6,474,0.9428511226090418,0.7478753541076487,0.9122807017543859,,,binary,,,,,,,,,,,,,,,,,,,,,3.345550499998353,42,ecdb2816fbfecf3ce41ff2e3263e3bdaefd75a5bba81a8e030b7390f03e8d244,cb2cb2e442afa8d7158b02e4fe0114cf68696a9bf9f10f2a89c0ed63bc1301d2,34060e20ca6ca6de13d114a5b1b14cf4e1fd9ffccc3f7ec4453bb00d8b5646f1,59bc4681004d7725957af2ce6e8675165c7bec3e666b4a1b38bb3ff2d02563b2
reference_iii,4,1;2;3;4,II;III;aVR;aVL,474,0.9502727506848032,0.7422096317280453,0.9340974212034384,,,binary,,,,,,,,,,,,,,,,,,,,,3.330018000000564,42,ecdb2816fbfecf3ce41ff2e3263e3bdaefd75a5bba81a8e030b7390f03e8d244,cb2cb2e442afa8d7158b02e4fe0114cf68696a9bf9f10f2a89c0ed63bc1301d2,34060e20ca6ca6de13d114a5b1b14cf4e1fd9ffccc3f7ec4453bb00d8b5646f1,77def9f00d79b4119e3f8c38e302762d1e61193fcf480219295e541a50aa04c0
reference_iii,4,1;2;3;5,II;III;aVR;aVF,474,0.9501322782291105,0.7450424929178471,0.9369627507163324,,,binary,,,,,,,,,,,,,,,,,,,,,3.3372496999982104,42,ecdb2816fbfecf3ce41ff2e3263e3bdaefd75a5bba81a8e030b7390f03e8d244,cb2cb2e442afa8d7158b02e4fe0114cf68696a9bf9f10f2a89c0ed63bc1301d2,34060e20ca6ca6de13d114a5b1b14cf4e1fd9ffccc3f7ec4453bb00d8b5646f1,b8b8c68f5356e876b99a9dbd05aa7408b34ff6b11e2652c6d6ec786190737ab4
reference_iii,4,1;2;3;6,II;III;aVR;V1,474,0.9512794699506005,0.7960339943342776,0.9281609195402298,,,binary,,,,,,,,,,,,,,,,,,,,,3.323010500000237,42,ecdb2816fbfecf3ce41ff2e3263e3bdaefd75a5bba81a8e030b7390f03e8d244,cb2cb2e442afa8d7158b02e4fe0114cf68696a9bf9f10f2a89c0ed63bc1301d2,34060e20ca6ca6de13d114a5b1b14cf4e1fd9ffccc3f7ec4453bb00d8b5646f1,1fbf318aeb20827f6cc22c9683456403df765cae44511e0037dc24465f42f58d
reference_iii,4,1;2;3;7,II;III;aVR;V2,474,0.9475803619506942,0.7195467422096318,0.9117221418234442,,,binary,,,,,,,,,,,,,,,,,,,,,3.3326469999992696,42,ecdb2816fbfecf3ce41ff2e3263e3bdaefd75a5bba81a8e030b7390f03e8d244,cb2cb2e442afa8d7158b02e4fe0114cf68696a9bf9f10f2a89c0ed63bc1301d2,34060e20ca6ca6de13d114a5b1b14cf4e1fd9ffccc3f7ec4453bb00d8b5646f1,380003d8beab43b2675c14c29de8cdb9604a480b4d0780f1fe1cc18d5ad33e56
reference_iii,4,1;2;3;8,II;III;aVR;V3,474,0.9438812539507879,0.7535410764872521,0.9175108538350217,,,binary,,,,,,,,,,,,,,,,,,,,,3.3322111000015866,42,ecdb2816fbfecf3ce41ff2e3263e3bdaefd75a5bba81a8e030b7390f03e8d244,cb2cb2e442afa8d7158b02e4fe0114cf68696a9bf9f10f2a89c0ed63bc1301d2,34060e20ca6ca6de13d114a5b1b14cf4e1fd9ffccc3f7ec4453bb00d8b5646f1,1ea8cbabf903a81aa32d82f4648719e6d52a9135a562462c00acaf48b62b26a5
reference_iii,4,1;2;3;9,II;III;aVR;V4,474,0.9471589445836163,0.7677053824362606,0.9206349206349206,,,binary,,,,,,,,,,,,,,,,,,,,,3.3298047999996925,42,ecdb2816fbfecf3ce41ff2e3263e3bdaefd75a5bba81a8e030b7390f03e8d244,cb2cb2e442afa8d7158b02e4fe0114cf68696a9bf9f10f2a89c0ed63bc1301d2,34060e20ca6ca6de13d114a5b1b14cf4e1fd9ffccc3f7ec4453bb00d8b5646f1,a99e877c78b8f83a197dedf919732f17fec73e9de3790d10aed9d8ff244f332c
reference_iii,4,1;2;3;10,II;III;aVR;V5,474,0.9464097581532556,0.7705382436260623,0.914616497829233,,,binary,,,,,,,,,,,,,,,,,,,,,3.3384014000002935,42,ecdb2816fbfecf3ce41ff2e3263e3bdaefd75a5bba81a8e030b7390f03e8d244,cb2cb2e442afa8d7158b02e4fe0114cf68696a9bf9f10f2a89c0ed63bc1301d2,34060e20ca6ca6de13d114a5b1b14cf4e1fd9ffccc3f7ec4453bb00d8b5646f1,0bb3db480f528857e7b6c9f2fd07650b6402e2fb311efbe523fd37f58fc3aba4
reference_iii,4,1;2;3;11,II;III;aVR;V6,474,0.9472525928874113,0.7847025495750708,0.9172714078374455,,,binary,,,,,,,,,,,,,,,,,,,,,3.3299935000031837,42,ecdb2816fbfecf3ce41ff2e3263e3bdaefd75a5bba81a8e030b7390f03e8d244,cb2cb2e442afa8d7158b02e4fe0114cf68696a9bf9f10f2a89c0ed63bc1301d2,34060e20ca6ca6de13d114a5b1b14cf4e1fd9ffccc3f7ec4453bb00d8b5646f1,3c9b905ef1e4be5410eb80d571f01433f98c56f51d8ad0710c517df43ca5fa59
reference_iii,4,1;2;4;5,II;III;aVL;aVF,474,0.9503663989885983,0.7507082152974505,0.9319826338639653,,,binary,,,,,,,,,,,,,,,,,,,,,3.3420341000019107,42,ecdb2816fbfecf3ce41ff2e3263e3bdaefd75a5bba81a8e030b7390f03e8d244,cb2cb2e442afa8d7158b02e4fe0114cf68696a9bf9f10f2a89c0ed63bc1301d2,34060e20ca6ca6de13d114a5b1b14cf4e1fd9ffccc3f7ec4453bb00d8b5646f1,bfc825fb3bb3a7eaab9dd793cecbaec2e6b3f9ebc967daf6ecad8c204d399efc
reference_iii,4,1;2;4;6,II;III;aVL;V1,474,0.950600519748086,0.7705382436260623,0.9188405797101449,,,binary,,,,,,,,,,,,,,,,,,,,,3.355054600000585,42,ecdb2816fbfecf3ce41ff2e3263e3bdaefd75a5bba81a8e030b7390f03e8d244,cb2cb2e442afa8d7158b02e4fe0114cf68696a9bf9f10f2a89c0ed63bc1301d2,34060e20ca6ca6de13d114a5b1b14cf4e1fd9ffccc3f7ec4453bb00d8b5646f1,aa88b4caa62ec9e4103dfe23c71b94d1456a586f071bfcf24f37925f0cc9496f
reference_iii,4,1;2;4;7,II;III;aVL;V2,474,0.946245873621614,0.7648725212464589,0.9051094890510949,,,binary,,,,,,,,,,,,,,,,,,,,,3.350336800001969,42,ecdb2816fbfecf3ce41ff2e3263e3bdaefd75a5bba81a8e030b7390f03e8d244,cb2cb2e442afa8d7158b02e4fe0114cf68696a9bf9f10f2a89c0ed63bc1301d2,34060e20ca6ca6de13d114a5b1b14cf4e1fd9ffccc3f7ec4453bb00d8b5646f1,f0f6b4a08164dc0a96a11136fed00e4db8a3646f5ed01ca9aeb29a90c688e344
reference_iii,4,1;2;4;8,II;III;aVL;V3,474,0.9444899679254558,0.773371104815864,0.9177489177489178,,,binary,,,,,,,,,,,,,,,,,,,,,3.3489738999996916,42,ecdb2816fbfecf3ce41ff2e3263e3bdaefd75a5bba81a8e030b7390f03e8d244,cb2cb2e442afa8d7158b02e4fe0114cf68696a9bf9f10f2a89c0ed63bc1301d2,34060e20ca6ca6de13d114a5b1b14cf4e1fd9ffccc3f7ec4453bb00d8b5646f1,7f38f449dea693a2cc1a047b9fc69594b93ea267008e58581b373d2e87ba71d5
reference_iii,4,1;2;4;9,II;III;aVL;V4,474,0.9462224615456652,0.7847025495750708,0.9224137931034483,,,binary,,,,,,,,,,,,,,,,,,,,,3.354846999998699,42,ecdb2816fbfecf3ce41ff2e3263e3bdaefd75a5bba81a8e030b7390f03e8d244,cb2cb2e442afa8d7158b02e4fe0114cf68696a9bf9f10f2a89c0ed63bc1301d2,34060e20ca6ca6de13d114a5b1b14cf4e1fd9ffccc3f7ec4453bb00d8b5646f1,bf15d33589fdb643c7d08a6cf1357ea0cc0de09a66fcf7048210a07b6913514f
reference_iii,4,1;2;4;10,II;III;aVL;V5,474,0.9472760049633601,0.7818696883852692,0.9188405797101449,,,binary,,,,,,,,,,,,,,,,,,,,,3.3431739999978163,42,ecdb2816fbfecf3ce41ff2e3263e3bdaefd75a5bba81a8e030b7390f03e8d244,cb2cb2e442afa8d7158b02e4fe0114cf68696a9bf9f10f2a89c0ed63bc1301d2,34060e20ca6ca6de13d114a5b1b14cf4e1fd9ffccc3f7ec4453bb00d8b5646f1,381026b5f569a056ea4de72cdb809026ba2c3f4f5dc273f7060285bf5fbc3b1f
reference_iii,4,1;2;4;11,II;III;aVL;V6,474,0.9472057687355138,0.7790368271954674,0.9170305676855895,,,binary,,,,,,,,,,,,,,,,,,,,,3.3539981999965676,42,ecdb2816fbfecf3ce41ff2e3263e3bdaefd75a5bba81a8e030b7390f03e8d244,cb2cb2e442afa8d7158b02e4fe0114cf68696a9bf9f10f2a89c0ed63bc1301d2,34060e20ca6ca6de13d114a5b1b14cf4e1fd9ffccc3f7ec4453bb00d8b5646f1,cb4b2ee57dd1e757dc685b266183e3bbb2ec69e1ad343cae02fd098c44cf9860
reference_iii,4,1;2;5;6,II;III;aVF;V1,474,0.9505536955961885,0.7592067988668555,0.9310344827586207,,,binary,,,,,,,,,,,,,,,,,,,,,3.3416251999988162,42,ecdb2816fbfecf3ce41ff2e3263e3bdaefd75a5bba81a8e030b7390f03e8d244,cb2cb2e442afa8d7158b02e4fe0114cf68696a9bf9f10f2a89c0ed63bc1301d2,34060e20ca6ca6de13d114a5b1b14cf4e1fd9ffccc3f7ec4453bb00d8b5646f1,35b8690e39e935b4d9a285b269d521e69c66d9e915c404426b0be44a952c7bbd
reference_iii,4,1;2;5;7,II;III;aVF;V2,474,0.9460585770140237,0.7308781869688386,0.9170305676855895,,,binary,,,,,,,,,,,,,,,,,,,,,3.3316238000006706,42,ecdb2816fbfecf3ce41ff2e3263e3bdaefd75a5bba81a8e030b7390f03e8d244,cb2cb2e442afa8d7158b02e4fe0114cf68696a9bf9f10f2a89c0ed63bc1301d2,34060e20ca6ca6de13d114a5b1b14cf4e1fd9ffccc3f7ec4453bb00d8b5646f1,13fe8bb8e1ca8c4b3d18f913e33e1ba1db30ed16e82e0cf3a5fa19ed9be3735a
reference_iii,4,1;2;5;8,II;III;aVF;V3,474,0.9434130124318123,0.7507082152974505,0.914616497829233,,,binary,,,,,,,,,,,,,,,,,,,,,3.3387608000011824,42,ecdb2816fbfecf3ce41ff2e3263e3bdaefd75a5bba81a8e030b7390f03e8d244,cb2cb2e442afa8d7158b02e4fe0114cf68696a9bf9f10f2a89c0ed63bc1301d2,34060e20ca6ca6de13d114a5b1b14cf4e1fd9ffccc3f7ec4453bb00d8b5646f1,f377274910c4abac0e589abc3e942d410a99bee70fe62abf83e1f0c694ea7a51
reference_iii,4,1;2;5;9,II;III;aVF;V4,474,0.9456839837988434,0.773371104815864,0.9177489177489178,,,binary,,,,,,,,,,,,,,,,,,,,,3.339784600000712,42,ecdb2816fbfecf3ce41ff2e3263e3bdaefd75a5bba81a8e030b7390f03e8d244,cb2cb2e442afa8d7158b02e4fe0114cf68696a9bf9f10f2a89c0ed63bc1301d2,34060e20ca6ca6de13d114a5b1b14cf4e1fd9ffccc3f7ec4453bb00d8b5646f1,c866939fb798350bf1853cf50f33f4ae659753d69330ced0d8ce016fca97b244
reference_iii,4,1;2;5;10,II;III;aVF;V5,474,0.9472525928874113,0.7563739376770539,0.9175108538350217,,,binary,,,,,,,,,,,,,,,,,,,,,3.35185029999775,42,ecdb2816fbfecf3ce41ff2e3263e3bdaefd75a5bba81a8e030b7390f03e8d244,cb2cb2e442afa8d7158b02e4fe0114cf68696a9bf9f10f2a89c0ed63bc1301d2,34060e20ca6ca6de13d114a5b1b14cf4e1fd9ffccc3f7ec4453bb00d8b5646f1,717eca11aafbe7819d3e586341bef1a8b64b85bba555b005ac8e611b0538b18a
reference_iii,4,1;2;5;11,II;III;aVF;V6,474,0.9463395219254093,0.7818696883852692,0.9154518950437318,,,binary,,,,,,,,,,,,,,,,,,,,,3.3496340999990935,42,ecdb2816fbfecf3ce41ff2e3263e3bdaefd75a5bba81a8e030b7390f03e8d244,cb2cb2e442afa8d7158b02e4fe0114cf68696a9bf9f10f2a89c0ed63bc1301d2,34060e20ca6ca6de13d114a5b1b14cf4e1fd9ffccc3f7ec4453bb00d8b5646f1,02f6da345aaa24e4f0b2f8749e704531a324825bf24ba7a3ead8e4ab52c6d8ec
reference_iii,4,1;2;6;7,II;III;V1;V2,474,0.9494065038746987,0.7932011331444759,0.9248554913294798,,,binary,,,,,,,,,,,,,,,,,,,,,3.342787400000816,42,ecdb2816fbfecf3ce41ff2e3263e3bdaefd75a5bba81a8e030b7390f03e8d244,cb2cb2e442afa8d7158b02e4fe0114cf68696a9bf9f10f2a89c0ed63bc1301d2,34060e20ca6ca6de13d114a5b1b14cf4e1fd9ffccc3f7ec4453bb00d8b5646f1,df42efed0286ddb4317daa6a6d235126f26afe0fd9d63a7de756e57ee033d35c
reference_iii,4,1;2;6;8,II;III;V1;V3,474,0.9443260833938146,0.7110481586402266,0.9164265129682997,,,binary,,,,,,,,,,,,,,,,,,,,,3.3500013000011677,42,ecdb2816fbfecf3ce41ff2e3263e3bdaefd75a5bba81a8e030b7390f03e8d244,cb2cb2e442afa8d7158b02e4fe0114cf68696a9bf9f10f2a89c0ed63bc1301d2,34060e20ca6ca6de13d114a5b1b14cf4e1fd9ffccc3f7ec4453bb00d8b5646f1,a321a38e77dbac8ec263ade51c4ba26f8c0f09e8329172fd569252bcf402076e
reference_iii,4,1;2;6;9,II;III;V1;V4,474,0.9490787348114159,0.7507082152974505,0.9204052098408104,,,binary,,,,,,,,,,,,,,,,,,,,,3.3346705000003567,42,ecdb2816fbfecf3ce41ff2e3263e3bdaefd75a5bba81a8e030b7390f03e8d244,cb2cb2e442afa8d7158b02e4fe0114cf68696a9bf9f10f2a89c0ed63bc1301d2,34060e20ca6ca6de13d114a5b1b14cf4e1fd9ffccc3f7ec4453bb00d8b5646f1,bc903cbc291ee2640e28cad57fd5261bf434701ad99ca2968c4cc7829bfe5fb3
reference_iii,4,1;2;6;10,II;III;V1;V5,474,0.9505771076721372,0.7818696883852692,0.9232995658465991,,,binary,,,,,,,,,,,,,,,,,,,,,3.3262603000002855,42,ecdb2816fbfecf3ce41ff2e3263e3bdaefd75a5bba81a8e030b7390f03e8d244,cb2cb2e442afa8d7158b02e4fe0114cf68696a9bf9f10f2a89c0ed63bc1301d2,34060e20ca6ca6de13d114a5b1b14cf4e1fd9ffccc3f7ec4453bb00d8b5646f1,20dbaea0ff0c2eef89dcd825045b17c79e16bff1c58650b1c8c579ad8c298c6b
reference_iii,4,1;2;6;11,II;III;V1;V6,474,0.9499215695455717,0.7932011331444759,0.9215116279069767,,,binary,,,,,,,,,,,,,,,,,,,,,3.3295245000008435,42,ecdb2816fbfecf3ce41ff2e3263e3bdaefd75a5bba81a8e030b7390f03e8d244,cb2cb2e442afa8d7158b02e4fe0114cf68696a9bf9f10f2a89c0ed63bc1301d2,34060e20ca6ca6de13d114a5b1b14cf4e1fd9ffccc3f7ec4453bb00d8b5646f1,29f1b4bac40edc41689e2d3b829d415dacd45596fd75342febe28cd41edd271c
reference_iii,4,1;2;7;8,II;III;V2;V3,474,0.9444665558495071,0.7592067988668555,0.9117221418234442,,,binary,,,,,,,,,,,,,,,,,,,,,3.331719100002374,42,ecdb2816fbfecf3ce41ff2e3263e3bdaefd75a5bba81a8e030b7390f03e8d244,cb2cb2e442afa8d7158b02e4fe0114cf68696a9bf9f10f2a89c0ed63bc1301d2,34060e20ca6ca6de13d114a5b1b14cf4e1fd9ffccc3f7ec4453bb00d8b5646f1,97ddbe518b76e975eb7e118047a37c74135542fb35869e7063e23c4eef8ba45f
reference_iii,4,1;2;7;9,II;III;V2;V4,474,0.9480486034696696,0.773371104815864,0.9143686502177069,,,binary,,,,,,,,,,,,,,,,,,,,,3.3389983999986725,42,ecdb2816fbfecf3ce41ff2e3263e3bdaefd75a5bba81a8e030b7390f03e8d244,cb2cb2e442afa8d7158b02e4fe0114cf68696a9bf9f10f2a89c0ed63bc1301d2,34060e20ca6ca6de13d114a5b1b14cf4e1fd9ffccc3f7ec4453bb00d8b5646f1,8274f29f33d7b04b734f0f3ebce05c44356b816820973eac08c7aecbb894bd43
reference_iii,4,1;2;7;10,II;III;V2;V5,474,0.9498981574696228,0.7790368271954674,0.9199417758369723,,,binary,,,,,,,,,,,,,,,,,,,,,3.3383212000007916,42,ecdb2816fbfecf3ce41ff2e3263e3bdaefd75a5bba81a8e030b7390f03e8d244,cb2cb2e442afa8d7158b02e4fe0114cf68696a9bf9f10f2a89c0ed63bc1301d2,34060e20ca6ca6de13d114a5b1b14cf4e1fd9ffccc3f7ec4453bb00d8b5646f1,4f9d3299e40048eb7dced663a0859d38f4d0d384df10fe67932cd9d277ee528d
reference_iii,4,1;2;7;11,II;III;V2;V6,474,0.9506473438999836,0.773371104815864,0.9178885630498533,,,binary,,,,,,,,,,,,,,,,,,,,,3.3286275999998907,42,ecdb2816fbfecf3ce41ff2e3263e3bdaefd75a5bba81a8e030b7390f03e8d244,cb2cb2e442afa8d7158b02e4fe0114cf68696a9bf9f10f2a89c0ed63bc1301d2,34060e20ca6ca6de13d114a5b1b14cf4e1fd9ffccc3f7ec4453bb00d8b5646f1,a552ef35f734952da4da6f9a3cc3772fa22221940ba53179fe7adf09c3e1a701
reference_iii,4,1;2;8;9,II;III;V3;V4,474,0.9455435113431507,0.7705382436260623,0.9219653179190751,,,binary,,,,,,,,,,,,,,,,,,,,,3.333828300001187,42,ecdb2816fbfecf3ce41ff2e3263e3bdaefd75a5bba81a8e030b7390f03e8d244,cb2cb2e442afa8d7158b02e4fe0114cf68696a9bf9f10f2a89c0ed63bc1301d2,34060e20ca6ca6de13d114a5b1b14cf4e1fd9ffccc3f7ec4453bb00d8b5646f1,4c0a9f2bffcc91896ee9be0dcdf5f835a9eff739495b4aa9bef337c2674de970
reference_iii,4,1;2;8;10,II;III;V3;V5,474,0.9468077634443846,0.773371104815864,0.9138686131386862,,,binary,,,,,,,,,,,,,,,,,,,,,3.3361138999971445,42,ecdb2816fbfecf3ce41ff2e3263e3bdaefd75a5bba81a8e030b7390f03e8d244,cb2cb2e442afa8d7158b02e4fe0114cf68696a9bf9f10f2a89c0ed63bc1301d2,34060e20ca6ca6de13d114a5b1b14cf4e1fd9ffccc3f7ec4453bb00d8b5646f1,a49057f8aa6721e3bb1162f724689e1cf19944233e1d597320645dae8185c518
reference_iii,4,1;2;8;11,II;III;V3;V6,474,0.9478144827101819,0.7818696883852692,0.9186046511627907,,,binary,,,,,,,,,,,,,,,,,,,,,3.328617800001666,42,ecdb2816fbfecf3ce41ff2e3263e3bdaefd75a5bba81a8e030b7390f03e8d244,cb2cb2e442afa8d7158b02e4fe0114cf68696a9bf9f10f2a89c0ed63bc1301d2,34060e20ca6ca6de13d114a5b1b14cf4e1fd9ffccc3f7ec4453bb00d8b5646f1,03658a3a799304dac13bb5d7fe436fa0d695b25071a0338066e7fd7a86cf9a3e
reference_iii,4,1;2;9;10,II;III;V4;V5,474,0.9473696532671552,0.7705382436260623,0.9177489177489178,,,binary,,,,,,,,,,,,,,,,,,,,,3.337360199999239,42,ecdb2816fbfecf3ce41ff2e3263e3bdaefd75a5bba81a8e030b7390f03e8d244,cb2cb2e442afa8d7158b02e4fe0114cf68696a9bf9f10f2a89c0ed63bc1301d2,34060e20ca6ca6de13d114a5b1b14cf4e1fd9ffccc3f7ec4453bb00d8b5646f1,c1395246f78e69f253b6d8c00f5bec7fc15d984e2e57fe474f1ab8fd7408f9f6
reference_iii,4,1;2;9;11,II;III;V4;V6,474,0.9470184721279236,0.7790368271954674,0.9177489177489178,,,binary,,,,,,,,,,,,,,,,,,,,,3.324227900000551,42,ecdb2816fbfecf3ce41ff2e3263e3bdaefd75a5bba81a8e030b7390f03e8d244,cb2cb2e442afa8d7158b02e4fe0114cf68696a9bf9f10f2a89c0ed63bc1301d2,34060e20ca6ca6de13d114a5b1b14cf4e1fd9ffccc3f7ec4453bb00d8b5646f1,32fca1844ef24ee80070e4ce7c94eac0ada972114e68a5072b51932a0fcd483e
reference_iii,4,1;2;10;11,II;III;V5;V6,474,0.9454732751153045,0.7365439093484419,0.914616497829233,,,binary,,,,,,,,,,,,,,,,,,,,,3.328988400000526,42,ecdb2816fbfecf3ce41ff2e3263e3bdaefd75a5bba81a8e030b7390f03e8d244,cb2cb2e442afa8d7158b02e4fe0114cf68696a9bf9f10f2a89c0ed63bc1301d2,34060e20ca6ca6de13d114a5b1b14cf4e1fd9ffccc3f7ec4453bb00d8b5646f1,844b3d064ccf06a96203be9f43f1f31c72fb02827230a77829f54224074c5f18
reference_iii,4,1;3;4;5,II;aVR;aVL;aVF,474,0.949781097089879,0.7308781869688386,0.932761087267525,,,binary,,,,,,,,,,,,,,,,,,,,,3.3306816999975126,42,ecdb2816fbfecf3ce41ff2e3263e3bdaefd75a5bba81a8e030b7390f03e8d244,cb2cb2e442afa8d7158b02e4fe0114cf68696a9bf9f10f2a89c0ed63bc1301d2,34060e20ca6ca6de13d114a5b1b14cf4e1fd9ffccc3f7ec4453bb00d8b5646f1,cdcb96acf82816c7a28446d600357076e07df459711d174fae1ae9f3d5b851ce
reference_iii,4,1;3;4;6,II;aVR;aVL;V1,474,0.9524032495961418,0.7932011331444759,0.930835734870317,,,binary,,,,,,,,,,,,,,,,,,,,,3.3306274999995367,42,ecdb2816fbfecf3ce41ff2e3263e3bdaefd75a5bba81a8e030b7390f03e8d244,cb2cb2e442afa8d7158b02e4fe0114cf68696a9bf9f10f2a89c0ed63bc1301d2,34060e20ca6ca6de13d114a5b1b14cf4e1fd9ffccc3f7ec4453bb00d8b5646f1,14d91be4092f56082664b4ed55252c4b2e83f13f59bdfb5ced74422cf92b5229
reference_iii,4,1;3;4;7,II;aVR;aVL;V2,474,0.9469014117481797,0.7563739376770539,0.9114658925979681,,,binary,,,,,,,,,,,,,,,,,,,,,3.338484799998696,42,ecdb2816fbfecf3ce41ff2e3263e3bdaefd75a5bba81a8e030b7390f03e8d244,cb2cb2e442afa8d7158b02e4fe0114cf68696a9bf9f10f2a89c0ed63bc1301d2,34060e20ca6ca6de13d114a5b1b14cf4e1fd9ffccc3f7ec4453bb00d8b5646f1,a5402e10ef994635a51d02790e4b056a07e961c37feec58dc7459708c9d5633b
reference_iii,4,1;3;4;8,II;aVR;aVL;V3,474,0.943974902254583,0.7592067988668555,0.9175108538350217,,,binary,,,,,,,,,,,,,,,,,,,,,3.333419899998262,42,ecdb2816fbfecf3ce41ff2e3263e3bdaefd75a5bba81a8e030b7390f03e8d244,cb2cb2e442afa8d7158b02e4fe0114cf68696a9bf9f10f2a89c0ed63bc1301d2,34060e20ca6ca6de13d114a5b1b14cf4e1fd9ffccc3f7ec4453bb00d8b5646f1,8fdcf0d6e5c5fbacdd60015055a690773aee267e6b13885404913eb873a0358d
reference_iii,4,1;3;4;9,II;aVR;aVL;V4,474,0.9475335377987967,0.7818696883852692,0.9206349206349206,,,binary,,,,,,,,,,,,,,,,,,,,,3.3218051999974705,42,ecdb2816fbfecf3ce41ff2e3263e3bdaefd75a5bba81a8e030b7390f03e8d244,cb2cb2e442afa8d7158b02e4fe0114cf68696a9bf9f10f2a89c0ed63bc1301d2,34060e20ca6ca6de13d114a5b1b14cf4e1fd9ffccc3f7ec4453bb00d8b5646f1,f9d99833c8571fc87f55d5d203b90dc3df1db1ca46e2ec2e4e06d06a0b641837
reference_iii,4,1;3;4;10,II;aVR;aVL;V5,474,0.9462926977735115,0.773371104815864,0.914616497829233,,,binary,,,,,,,,,,,,,,,,,,,,,3.329300500001409,42,ecdb2816fbfecf3ce41ff2e3263e3bdaefd75a5bba81a8e030b7390f03e8d244,cb2cb2e442afa8d7158b02e4fe0114cf68696a9bf9f10f2a89c0ed63bc1301d2,34060e20ca6ca6de13d114a5b1b14cf4e1fd9ffccc3f7ec4453bb00d8b5646f1,02e9bff726a4277bf679b575b00bdd421625ecdd0dd4d83aa461b47041e5986d
reference_iii,4,1;3;4;11,II;aVR;aVL;V6,474,0.9487275536721841,0.7875354107648725,0.9201741654571843,,,binary,,,,,,,,,,,,,,,,,,,,,3.3331853000017873,42,ecdb2816fbfecf3ce41ff2e3263e3bdaefd75a5bba81a8e030b7390f03e8d244,cb2cb2e442afa8d7158b02e4fe0114cf68696a9bf9f10f2a89c0ed63bc1301d2,34060e20ca6ca6de13d114a5b1b14cf4e1fd9ffccc3f7ec4453bb00d8b5646f1,7477812b8b8bb8587a1138801a4ea91234b2cb7ca81a841e3ce76745f0e88f76
reference_iii,4,1;3;5;6,II;aVR;aVF;V1,474,0.9503195748367008,0.7818696883852692,0.9266187050359712,,,binary,,,,,,,,,,,,,,,,,,,,,3.331265099997836,42,ecdb2816fbfecf3ce41ff2e3263e3bdaefd75a5bba81a8e030b7390f03e8d244,cb2cb2e442afa8d7158b02e4fe0114cf68696a9bf9f10f2a89c0ed63bc1301d2,34060e20ca6ca6de13d114a5b1b14cf4e1fd9ffccc3f7ec4453bb00d8b5646f1,99de7683d41ed523a5bb02e80360a50e73e6947581d704cdd319bdcf8a2878da
reference_iii,4,1;3;5;7,II;aVR;aVF;V2,474,0.9469014117481798,0.7478753541076487,0.9141193595342066,,,binary,,,,,,,,,,,,,,,,,,,,,3.3328239000002213,42,ecdb2816fbfecf3ce41ff2e3263e3bdaefd75a5bba81a8e030b7390f03e8d244,cb2cb2e442afa8d7158b02e4fe0114cf68696a9bf9f10f2a89c0ed63bc1301d2,34060e20ca6ca6de13d114a5b1b14cf4e1fd9ffccc3f7ec4453bb00d8b5646f1,dbbc58ab3e264deed1e58d2e2ef564e74a220089500570ed55e3b8bbcac34ce2
reference_iii,4,1;3;5;8,II;aVR;aVF;V3,474,0.9433896003558635,0.7422096317280453,0.9190751445086706,,,binary,,,,,,,,,,,,,,,,,,,,,3.3234064999996917,42,ecdb2816fbfecf3ce41ff2e3263e3bdaefd75a5bba81a8e030b7390f03e8d244,cb2cb2e442afa8d7158b02e4fe0114cf68696a9bf9f10f2a89c0ed63bc1301d2,34060e20ca6ca6de13d114a5b1b14cf4e1fd9ffccc3f7ec4453bb00d8b5646f1,cea557a7c4af08934678b1feea7b6abcdc6359dad616a216bc198f4b06d7c9b1
reference_iii,4,1;3;5;9,II;aVR;aVF;V4,474,0.9463161098494604,0.7563739376770539,0.9177489177489178,,,binary,,,,,,,,,,,,,,,,,,,,,3.3252544999995735,42,ecdb2816fbfecf3ce41ff2e3263e3bdaefd75a5bba81a8e030b7390f03e8d244,cb2cb2e442afa8d7158b02e4fe0114cf68696a9bf9f10f2a89c0ed63bc1301d2,34060e20ca6ca6de13d114a5b1b14cf4e1fd9ffccc3f7ec4453bb00d8b5646f1,0ef89b0415700de3e1951ee60b89a178fa7327502447ba2a17ee93c8190ad40f
reference_iii,4,1;3;5;10,II;aVR;aVF;V5,474,0.9460819890899725,0.7705382436260623,0.9179856115107914,,,binary,,,,,,,,,,,,,,,,,,,,,3.3264747000030184,42,ecdb2816fbfecf3ce41ff2e3263e3bdaefd75a5bba81a8e030b7390f03e8d244,cb2cb2e442afa8d7158b02e4fe0114cf68696a9bf9f10f2a89c0ed63bc1301d2,34060e20ca6ca6de13d114a5b1b14cf4e1fd9ffccc3f7ec4453bb00d8b5646f1,be5a062f45be51fbf54b3555532b690f9b5115a0eed78b2ea7df6f9e7abc7f54
reference_iii,4,1;3;5;11,II;aVR;aVF;V6,474,0.946877999672231,0.7903682719546742,0.9152046783625731,,,binary,,,,,,,,,,,,,,,,,,,,,3.3349309000004723,42,ecdb2816fbfecf3ce41ff2e3263e3bdaefd75a5bba81a8e030b7390f03e8d244,cb2cb2e442afa8d7158b02e4fe0114cf68696a9bf9f10f2a89c0ed63bc1301d2,34060e20ca6ca6de13d114a5b1b14cf4e1fd9ffccc3f7ec4453bb00d8b5646f1,49b27e4095047d6a05f11eb1172fe08200b9c9cb0f3882b4dd3d9ed0726da574
reference_iii,4,1;3;6;7,II;aVR;V1;V2,474,0.9491021468873646,0.7592067988668555,0.9190751445086706,,,binary,,,,,,,,,,,,,,,,,,,,,3.3375959000004514,42,ecdb2816fbfecf3ce41ff2e3263e3bdaefd75a5bba81a8e030b7390f03e8d244,cb2cb2e442afa8d7158b02e4fe0114cf68696a9bf9f10f2a89c0ed63bc1301d2,34060e20ca6ca6de13d114a5b1b14cf4e1fd9ffccc3f7ec4453bb00d8b5646f1,6465724f174cdc2fd2ffa442c53cbcae8dcb795a380e0b12e64d8be2f15f5569
reference_iii,4,1;3;6;8,II;aVR;V1;V3,474,0.9445133800014047,0.7393767705382436,0.9204052098408104,,,binary,,,,,,,,,,,,,,,,,,,,,3.3299870000009832,42,ecdb2816fbfecf3ce41ff2e3263e3bdaefd75a5bba81a8e030b7390f03e8d244,cb2cb2e442afa8d7158b02e4fe0114cf68696a9bf9f10f2a89c0ed63bc1301d2,34060e20ca6ca6de13d114a5b1b14cf4e1fd9ffccc3f7ec4453bb00d8b5646f1,6e1315ea5a0d3291e9732ea1090899911a489d9ce2f3c7d7c585a37b197012dd
reference_iii,4,1;3;6;9,II;aVR;V1;V4,474,0.9501088661531617,0.7790368271954674,0.9170305676855895,,,binary,,,,,,,,,,,,,,,,,,,,,3.3251149999996414,42,ecdb2816fbfecf3ce41ff2e3263e3bdaefd75a5bba81a8e030b7390f03e8d244,cb2cb2e442afa8d7158b02e4fe0114cf68696a9bf9f10f2a89c0ed63bc1301d2,34060e20ca6ca6de13d114a5b1b14cf4e1fd9ffccc3f7ec4453bb00d8b5646f1,c376d6bd311bb48a107fee070b269fd8a2c9412639d6d2f6b895274234c46128
reference_iii,4,1;3;6;10,II;aVR;V1;V5,474,0.9512092337227541,0.7592067988668555,0.9190751445086706,,,binary,,,,,,,,,,,,,,,,,,,,,3.33084659999804,42,ecdb2816fbfecf3ce41ff2e3263e3bdaefd75a5bba81a8e030b7390f03e8d244,cb2cb2e442afa8d7158b02e4fe0114cf68696a9bf9f10f2a89c0ed63bc1301d2,34060e20ca6ca6de13d114a5b1b14cf4e1fd9ffccc3f7ec4453bb00d8b5646f1,b17fe2435c77373842c9362c8cb524d3890cf1ff708aee254803d72c70529186
reference_iii,4,1;3;6;11,II;aVR;V1;V6,474,0.9504132231404958,0.8045325779036827,0.9230769230769231,,,binary,,,,,,,,,,,,,,,,,,,,,3.327676099997916,42,ecdb2816fbfecf3ce41ff2e3263e3bdaefd75a5bba81a8e030b7390f03e8d244,cb2cb2e442afa8d7158b02e4fe0114cf68696a9bf9f10f2a89c0ed63bc1301d2,34060e20ca6ca6de13d114a5b1b14cf4e1fd9ffccc3f7ec4453bb00d8b5646f1,93e2031b4f538b3f6d308eab4c0ea98ca826aa67bf7a6fe53f4457729c76beb3
reference_iii,4,1;3;7;8,II;aVR;V2;V3,474,0.9446538524570973,0.7620396600566572,0.9127906976744186,,,binary,,,,,,,,,,,,,,,,,,,,,3.330708199999208,42,ecdb2816fbfecf3ce41ff2e3263e3bdaefd75a5bba81a8e030b7390f03e8d244,cb2cb2e442afa8d7158b02e4fe0114cf68696a9bf9f10f2a89c0ed63bc1301d2,34060e20ca6ca6de13d114a5b1b14cf4e1fd9ffccc3f7ec4453bb00d8b5646f1,9f17789581109cef9b8efabd77a7316733855828904baebc22f2d00b31b3aa30
reference_iii,4,1;3;7;9,II;aVR;V2;V4,474,0.9484466087607988,0.7847025495750708,0.9215116279069767,,,binary,,,,,,,,,,,,,,,,,,,,,3.3383791000014753,42,ecdb2816fbfecf3ce41ff2e3263e3bdaefd75a5bba81a8e030b7390f03e8d244,cb2cb2e442afa8d7158b02e4fe0114cf68696a9bf9f10f2a89c0ed63bc1301d2,34060e20ca6ca6de13d114a5b1b14cf4e1fd9ffccc3f7ec4453bb00d8b5646f1,991b48880e4ad87294aa265fc1e4a36599a645ca94ef33760a8c465ea874fd4c
reference_iii,4,1;3;7;10,II;aVR;V2;V5,474,0.9499918057734179,0.7762039660056658,0.9226277372262773,,,binary,,,,,,,,,,,,,,,,,,,,,3.332372299999406,42,ecdb2816fbfecf3ce41ff2e3263e3bdaefd75a5bba81a8e030b7390f03e8d244,cb2cb2e442afa8d7158b02e4fe0114cf68696a9bf9f10f2a89c0ed63bc1301d2,34060e20ca6ca6de13d114a5b1b14cf4e1fd9ffccc3f7ec4453bb00d8b5646f1,adf014b116552676635cdf5d6f0b85330d52db42d62967d81fac4e277f702019
reference_iii,4,1;3;7;11,II;aVR;V2;V6,474,0.9504132231404959,0.7818696883852692,0.9147058823529411,,,binary,,,,,,,,,,,,,,,,,,,,,3.327043600002071,42,ecdb2816fbfecf3ce41ff2e3263e3bdaefd75a5bba81a8e030b7390f03e8d244,cb2cb2e442afa8d7158b02e4fe0114cf68696a9bf9f10f2a89c0ed63bc1301d2,34060e20ca6ca6de13d114a5b1b14cf4e1fd9ffccc3f7ec4453bb00d8b5646f1,2532032d435f8ad55c04ea7698a7c86e0ec9fd352e7d4bad9847ab2bbc41a6b3
reference_iii,4,1;3;8;9,II;aVR;V3;V4,474,0.9450518577482265,0.7677053824362606,0.9250720461095101,,,binary,,,,,,,,,,,,,,,,,,,,,3.343221299997822,42,ecdb2816fbfecf3ce41ff2e3263e3bdaefd75a5bba81a8e030b7390f03e8d244,cb2cb2e442afa8d7158b02e4fe0114cf68696a9bf9f10f2a89c0ed63bc1301d2,34060e20ca6ca6de13d114a5b1b14cf4e1fd9ffccc3f7ec4453bb00d8b5646f1,546f22320e7b85c5116732d785f79fd32b211ffe708735fc08042b7e3a9f7e91
reference_iii,4,1;3;8;10,II;aVR;V3;V5,474,0.9463161098494604,0.7535410764872521,0.9186046511627907,,,binary,,,,,,,,,,,,,,,,,,,,,3.331167699998332,42,ecdb2816fbfecf3ce41ff2e3263e3bdaefd75a5bba81a8e030b7390f03e8d244,cb2cb2e442afa8d7158b02e4fe0114cf68696a9bf9f10f2a89c0ed63bc1301d2,34060e20ca6ca6de13d114a5b1b14cf4e1fd9ffccc3f7ec4453bb00d8b5646f1,51bfee82722e34fc0c77535f7bde39ed06ac33d94d1b461fa447b78e658033ca
reference_iii,4,1;3;8;11,II;aVR;V3;V6,474,0.9477676585582843,0.7677053824362606,0.9149560117302052,,,binary,,,,,,,,,,,,,,,,,,,,,3.3386649999993097,42,ecdb2816fbfecf3ce41ff2e3263e3bdaefd75a5bba81a8e030b7390f03e8d244,cb2cb2e442afa8d7158b02e4fe0114cf68696a9bf9f10f2a89c0ed63bc1301d2,34060e20ca6ca6de13d114a5b1b14cf4e1fd9ffccc3f7ec4453bb00d8b5646f1,bf03fc975fe8abf5a395c386a4c7e06987ddb03f44477d3b4d019c9362624922
reference_iii,4,1;3;9;10,II;aVR;V4;V5,474,0.9470652962798211,0.7818696883852692,0.9232995658465991,,,binary,,,,,,,,,,,,,,,,,,,,,3.33815599999798,42,ecdb2816fbfecf3ce41ff2e3263e3bdaefd75a5bba81a8e030b7390f03e8d244,cb2cb2e442afa8d7158b02e4fe0114cf68696a9bf9f10f2a89c0ed63bc1301d2,34060e20ca6ca6de13d114a5b1b14cf4e1fd9ffccc3f7ec4453bb00d8b5646f1,f51334ddf061c4e0e1faa6b60f4e3b7938d4eff27f9f0791f56947b5ec56306b
reference_iii,4,1;3;9;11,II;aVR;V4;V6,474,0.9469014117481798,0.773371104815864,0.9190751445086706,,,binary,,,,,,,,,,,,,,,,,,,,,3.3548167000008107,42,ecdb2816fbfecf3ce41ff2e3263e3bdaefd75a5bba81a8e030b7390f03e8d244,cb2cb2e442afa8d7158b02e4fe0114cf68696a9bf9f10f2a89c0ed63bc1301d2,34060e20ca6ca6de13d114a5b1b14cf4e1fd9ffccc3f7ec4453bb00d8b5646f1,b01c5fc8c04c7fe24fbf4a9e45faa7b58fadd4f559987537fd4c36acbd17deea
reference_iii,4,1;3;10;11,II;aVR;V5;V6,474,0.944372907545712,0.7365439093484419,0.9132947976878613,,,binary,,,,,,,,,,,,,,,,,,,,,3.355208400000265,42,ecdb2816fbfecf3ce41ff2e3263e3bdaefd75a5bba81a8e030b7390f03e8d244,cb2cb2e442afa8d7158b02e4fe0114cf68696a9bf9f10f2a89c0ed63bc1301d2,34060e20ca6ca6de13d114a5b1b14cf4e1fd9ffccc3f7ec4453bb00d8b5646f1,e7153007608a9dde165e73246cb420a4e2af592989827b9342626625c28708d8
reference_iii,4,1;4;5;6,II;aVL;aVF;V1,474,0.9508112284316249,0.7847025495750708,0.9294964028776979,,,binary,,,,,,,,,,,,,,,,,,,,,3.3436326000010013,42,ecdb2816fbfecf3ce41ff2e3263e3bdaefd75a5bba81a8e030b7390f03e8d244,cb2cb2e442afa8d7158b02e4fe0114cf68696a9bf9f10f2a89c0ed63bc1301d2,34060e20ca6ca6de13d114a5b1b14cf4e1fd9ffccc3f7ec4453bb00d8b5646f1,be3901e2e275d9e27a20d8e36b934b3b0ac9cb62114cf3530ddcf5937675e430
reference_iii,4,1;4;5;7,II;aVL;aVF;V2,474,0.9460117528621262,0.7592067988668555,0.9069767441860465,,,binary,,,,,,,,,,,,,,,,,,,,,3.3459738999990805,42,ecdb2816fbfecf3ce41ff2e3263e3bdaefd75a5bba81a8e030b7390f03e8d244,cb2cb2e442afa8d7158b02e4fe0114cf68696a9bf9f10f2a89c0ed63bc1301d2,34060e20ca6ca6de13d114a5b1b14cf4e1fd9ffccc3f7ec4453bb00d8b5646f1,f7da06ea3204913e1ef37cd1bb71ce3bd197ef5ef0ee49e963dde8b11529165c
reference_iii,4,1;4;5;8,II;aVL;aVF;V3,474,0.9440919626343268,0.7762039660056658,0.9206349206349206,,,binary,,,,,,,,,,,,,,,,,,,,,3.3459962000015366,42,ecdb2816fbfecf3ce41ff2e3263e3bdaefd75a5bba81a8e030b7390f03e8d244,cb2cb2e442afa8d7158b02e4fe0114cf68696a9bf9f10f2a89c0ed63bc1301d2,34060e20ca6ca6de13d114a5b1b14cf4e1fd9ffccc3f7ec4453bb00d8b5646f1,1aaf88021cdb91982fe3d223962d2fd02a65722a909f7eeb02fb33c599db9b8e
reference_iii,4,1;4;5;9,II;aVL;aVF;V4,474,0.9462692856975627,0.7762039660056658,0.9224137931034483,,,binary,,,,,,,,,,,,,,,,,,,,,3.349153999999544,42,ecdb2816fbfecf3ce41ff2e3263e3bdaefd75a5bba81a8e030b7390f03e8d244,cb2cb2e442afa8d7158b02e4fe0114cf68696a9bf9f10f2a89c0ed63bc1301d2,34060e20ca6ca6de13d114a5b1b14cf4e1fd9ffccc3f7ec4453bb00d8b5646f1,2129553eee60d683d21bb1550525811cb64ab5572b85a3a3f2efd9f1eab2c7e5
reference_iii,4,1;4;5;10,II;aVL;aVF;V5,474,0.9469248238241285,0.7818696883852692,0.9175108538350217,,,binary,,,,,,,,,,,,,,,,,,,,,3.346657599999162,42,ecdb2816fbfecf3ce41ff2e3263e3bdaefd75a5bba81a8e030b7390f03e8d244,cb2cb2e442afa8d7158b02e4fe0114cf68696a9bf9f10f2a89c0ed63bc1301d2,34060e20ca6ca6de13d114a5b1b14cf4e1fd9ffccc3f7ec4453bb00d8b5646f1,7319ffb0780535bbbbe1f223adefb1217092a3b893e9452a7292145e82412263
reference_iii,4,1;4;5;11,II;aVL;aVF;V6,474,0.9472291808114626,0.7847025495750708,0.9170305676855895,,,binary,,,,,,,,,,,,,,,,,,,,,3.335941900000762,42,ecdb2816fbfecf3ce41ff2e3263e3bdaefd75a5bba81a8e030b7390f03e8d244,cb2cb2e442afa8d7158b02e4fe0114cf68696a9bf9f10f2a89c0ed63bc1301d2,34060e20ca6ca6de13d114a5b1b14cf4e1fd9ffccc3f7ec4453bb00d8b5646f1,cca76a6b33d017295342dda24a76feb237258fe047828782ee92b86948619344
reference_iii,4,1;4;6;7,II;aVL;V1;V2,474,0.9493830917987499,0.7960339943342776,0.9172714078374455,,,binary,,,,,,,,,,,,,,,,,,,,,3.326673000003211,42,ecdb2816fbfecf3ce41ff2e3263e3bdaefd75a5bba81a8e030b7390f03e8d244,cb2cb2e442afa8d7158b02e4fe0114cf68696a9bf9f10f2a89c0ed63bc1301d2,34060e20ca6ca6de13d114a5b1b14cf4e1fd9ffccc3f7ec4453bb00d8b5646f1,85d5ca245e49bcdb440ab000e9fab4d766d0724105f1bc4794efa27f617d9526
reference_iii,4,1;4;6;8,II;aVL;V1;V3,474,0.9450986819001241,0.7280453257790368,0.9159420289855073,,,binary,,,,,,,,,,,,,,,,,,,,,3.341279400003259,42,ecdb2816fbfecf3ce41ff2e3263e3bdaefd75a5bba81a8e030b7390f03e8d244,cb2cb2e442afa8d7158b02e4fe0114cf68696a9bf9f10f2a89c0ed63bc1301d2,34060e20ca6ca6de13d114a5b1b14cf4e1fd9ffccc3f7ec4453bb00d8b5646f1,b59595b891c7f391018cbdf65a46d64c27b087b9b4e2d8433b84c51deb28b778
reference_iii,4,1;4;6;9,II;aVL;V1;V4,474,0.9496640367101352,0.7677053824362606,0.9248554913294798,,,binary,,,,,,,,,,,,,,,,,,,,,3.3447814999999537,42,ecdb2816fbfecf3ce41ff2e3263e3bdaefd75a5bba81a8e030b7390f03e8d244,cb2cb2e442afa8d7158b02e4fe0114cf68696a9bf9f10f2a89c0ed63bc1301d2,34060e20ca6ca6de13d114a5b1b14cf4e1fd9ffccc3f7ec4453bb00d8b5646f1,01ebc4188d2f983832aae7cee747addd3170a3ac57abc2ab623d22f3833c4299
reference_iii,4,1;4;6;10,II;aVL;V1;V5,474,0.9506473438999836,0.7818696883852692,0.9217391304347826,,,binary,,,,,,,,,,,,,,,,,,,,,3.3521989999971993,42,ecdb2816fbfecf3ce41ff2e3263e3bdaefd75a5bba81a8e030b7390f03e8d244,cb2cb2e442afa8d7158b02e4fe0114cf68696a9bf9f10f2a89c0ed63bc1301d2,34060e20ca6ca6de13d114a5b1b14cf4e1fd9ffccc3f7ec4453bb00d8b5646f1,83af466af2f94571df99c6ecb9c7af3637cb2bed176022a9b95fcc5ba6acd1b5
reference_iii,4,1;4;6;11,II;aVL;V1;V6,474,0.9505536955961885,0.7960339943342776,0.9244186046511628,,,binary,,,,,,,,,,,,,,,,,,,,,3.345549799996661,42,ecdb2816fbfecf3ce41ff2e3263e3bdaefd75a5bba81a8e030b7390f03e8d244,cb2cb2e442afa8d7158b02e4fe0114cf68696a9bf9f10f2a89c0ed63bc1301d2,34060e20ca6ca6de13d114a5b1b14cf4e1fd9ffccc3f7ec4453bb00d8b5646f1,b6e1e7ade790e87873d839155394da1df2d79e9d0a27ec3048294cfb5f13a90e
reference_iii,4,1;4;7;8,II;aVL;V2;V3,474,0.9436939573431977,0.7422096317280453,0.9130434782608695,,,binary,,,,,,,,,,,,,,,,,,,,,3.345005699997273,42,ecdb2816fbfecf3ce41ff2e3263e3bdaefd75a5bba81a8e030b7390f03e8d244,cb2cb2e442afa8d7158b02e4fe0114cf68696a9bf9f10f2a89c0ed63bc1301d2,34060e20ca6ca6de13d114a5b1b14cf4e1fd9ffccc3f7ec4453bb00d8b5646f1,8461d8ba84115807790b03f5d8b2d7e3052f654cd4677b28d62e49c4952edc1c
reference_iii,4,1;4;7;9,II;aVL;V2;V4,474,0.9484700208367476,0.7705382436260623,0.9143686502177069,,,binary,,,,,,,,,,,,,,,,,,,,,3.348768399999244,42,ecdb2816fbfecf3ce41ff2e3263e3bdaefd75a5bba81a8e030b7390f03e8d244,cb2cb2e442afa8d7158b02e4fe0114cf68696a9bf9f10f2a89c0ed63bc1301d2,34060e20ca6ca6de13d114a5b1b14cf4e1fd9ffccc3f7ec4453bb00d8b5646f1,c0e5c68986b8d19f1843baa0e004964ab4cb5f7c15415da06398d3ff57973dae
reference_iii,4,1;4;7;10,II;aVL;V2;V5,474,0.949266031419006,0.7847025495750708,0.9215116279069767,,,binary,,,,,,,,,,,,,,,,,,,,,3.335189600002195,42,ecdb2816fbfecf3ce41ff2e3263e3bdaefd75a5bba81a8e030b7390f03e8d244,cb2cb2e442afa8d7158b02e4fe0114cf68696a9bf9f10f2a89c0ed63bc1301d2,34060e20ca6ca6de13d114a5b1b14cf4e1fd9ffccc3f7ec4453bb00d8b5646f1,a31c4dde9346773b207b8386530fc4f01a968827850edb01624694aef2a516e1
reference_iii,4,1;4;7;11,II;aVL;V2;V6,474,0.9506239318240348,0.7705382436260623,0.9178885630498533,,,binary,,,,,,,,,,,,,,,,,,,,,3.3283424000001105,42,ecdb2816fbfecf3ce41ff2e3263e3bdaefd75a5bba81a8e030b7390f03e8d244,cb2cb2e442afa8d7158b02e4fe0114cf68696a9bf9f10f2a89c0ed63bc1301d2,34060e20ca6ca6de13d114a5b1b14cf4e1fd9ffccc3f7ec4453bb00d8b5646f1,b88ffacc48be4a08b8e70de0fea04901c1e4722005721f16fc16039dca89f54b
reference_iii,4,1;4;8;9,II;aVL;V3;V4,474,0.9463161098494604,0.7677053824362606,0.9204052098408104,,,binary,,,,,,,,,,,,,,,,,,,,,3.3270355999993626,42,ecdb2816fbfecf3ce41ff2e3263e3bdaefd75a5bba81a8e030b7390f03e8d244,cb2cb2e442afa8d7158b02e4fe0114cf68696a9bf9f10f2a89c0ed63bc1301d2,34060e20ca6ca6de13d114a5b1b14cf4e1fd9ffccc3f7ec4453bb00d8b5646f1,0a662d284c7ff6a63d051234d52cf64babecaabedfb03b7d77c82e7140813bd6
reference_iii,4,1;4;8;10,II;aVL;V3;V5,474,0.9459415166342799,0.7450424929178471,0.9199417758369723,,,binary,,,,,,,,,,,,,,,,,,,,,3.326857599997311,42,ecdb2816fbfecf3ce41ff2e3263e3bdaefd75a5bba81a8e030b7390f03e8d244,cb2cb2e442afa8d7158b02e4fe0114cf68696a9bf9f10f2a89c0ed63bc1301d2,34060e20ca6ca6de13d114a5b1b14cf4e1fd9ffccc3f7ec4453bb00d8b5646f1,9910fed0e325646fbd9c609d21a786a9a31c0ff754448e00284e163914690103
reference_iii,4,1;4;8;11,II;aVL;V3;V6,474,0.9466438789127433,0.7705382436260623,0.9199417758369723,,,binary,,,,,,,,,,,,,,,,,,,,,3.3364604000016698,42,ecdb2816fbfecf3ce41ff2e3263e3bdaefd75a5bba81a8e030b7390f03e8d244,cb2cb2e442afa8d7158b02e4fe0114cf68696a9bf9f10f2a89c0ed63bc1301d2,34060e20ca6ca6de13d114a5b1b14cf4e1fd9ffccc3f7ec4453bb00d8b5646f1,0801036150a1f80c79d9d672e2e050298efb0d4f34509c5a2e3e02b430a2c3d3
reference_iii,4,1;4;9;10,II;aVL;V4;V5,474,0.9469482359000772,0.7818696883852692,0.9219653179190751,,,binary,,,,,,,,,,,,,,,,,,,,,3.335996999998315,42,ecdb2816fbfecf3ce41ff2e3263e3bdaefd75a5bba81a8e030b7390f03e8d244,cb2cb2e442afa8d7158b02e4fe0114cf68696a9bf9f10f2a89c0ed63bc1301d2,34060e20ca6ca6de13d114a5b1b14cf4e1fd9ffccc3f7ec4453bb00d8b5646f1,551ff612e2150179f445308e32410c2f94d9ba2fd91b4a5c35829e0434cf4cd3
reference_iii,4,1;4;9;11,II;aVL;V4;V6,474,0.9467609392924871,0.7847025495750708,0.9193083573487032,,,binary,,,,,,,,,,,,,,,,,,,,,3.3290202999996836,42,ecdb2816fbfecf3ce41ff2e3263e3bdaefd75a5bba81a8e030b7390f03e8d244,cb2cb2e442afa8d7158b02e4fe0114cf68696a9bf9f10f2a89c0ed63bc1301d2,34060e20ca6ca6de13d114a5b1b14cf4e1fd9ffccc3f7ec4453bb00d8b5646f1,c77e32344449beed4b42dff2e48060c1bce65647eb414c4255dce440c5ac8069
reference_iii,4,1;4;10;11,II;aVL;V5;V6,474,0.9450986819001239,0.7422096317280453,0.9177489177489178,,,binary,,,,,,,,,,,,,,,,,,,,,3.327030399999785,42,ecdb2816fbfecf3ce41ff2e3263e3bdaefd75a5bba81a8e030b7390f03e8d244,cb2cb2e442afa8d7158b02e4fe0114cf68696a9bf9f10f2a89c0ed63bc1301d2,34060e20ca6ca6de13d114a5b1b14cf4e1fd9ffccc3f7ec4453bb00d8b5646f1,68f504c8943f1841885205b75a3a69b7fb992316af0b5461f536fa83fde5507d
reference_iii,4,1;5;6;7,II;aVF;V1;V2,474,0.9465268185329995,0.7620396600566572,0.9255014326647565,,,binary,,,,,,,,,,,,,,,,,,,,,3.3287482999985514,42,ecdb2816fbfecf3ce41ff2e3263e3bdaefd75a5bba81a8e030b7390f03e8d244,cb2cb2e442afa8d7158b02e4fe0114cf68696a9bf9f10f2a89c0ed63bc1301d2,34060e20ca6ca6de13d114a5b1b14cf4e1fd9ffccc3f7ec4453bb00d8b5646f1,780657842bc6efc67d8a389080c85fbbd9c54841eccb3f20680815a2bf3d0c63
reference_iii,4,1;5;6;8,II;aVF;V1;V3,474,0.9435768969634537,0.6940509915014165,0.9182209469153515,,,binary,,,,,,,,,,,,,,,,,,,,,3.3312250999988464,42,ecdb2816fbfecf3ce41ff2e3263e3bdaefd75a5bba81a8e030b7390f03e8d244,cb2cb2e442afa8d7158b02e4fe0114cf68696a9bf9f10f2a89c0ed63bc1301d2,34060e20ca6ca6de13d114a5b1b14cf4e1fd9ffccc3f7ec4453bb00d8b5646f1,ffbbb97968232cf8969fff60ec735e98225989280942eda7d010c31acab04b69
reference_iii,4,1;5;6;9,II;aVF;V1;V4,474,0.9488680261278769,0.7450424929178471,0.9179856115107914,,,binary,,,,,,,,,,,,,,,,,,,,,3.3410958999993454,42,ecdb2816fbfecf3ce41ff2e3263e3bdaefd75a5bba81a8e030b7390f03e8d244,cb2cb2e442afa8d7158b02e4fe0114cf68696a9bf9f10f2a89c0ed63bc1301d2,34060e20ca6ca6de13d114a5b1b14cf4e1fd9ffccc3f7ec4453bb00d8b5646f1,940374771ac6fe569337776198deff64ce5f7f8bbafee1b5842007a8476422b6
reference_iii,4,1;5;6;10,II;aVF;V1;V5,474,0.9505536955961885,0.7762039660056658,0.9193083573487032,,,binary,,,,,,,,,,,,,,,,,,,,,3.329010500001459,42,ecdb2816fbfecf3ce41ff2e3263e3bdaefd75a5bba81a8e030b7390f03e8d244,cb2cb2e442afa8d7158b02e4fe0114cf68696a9bf9f10f2a89c0ed63bc1301d2,34060e20ca6ca6de13d114a5b1b14cf4e1fd9ffccc3f7ec4453bb00d8b5646f1,f0cace636e6c8f6f143ee3ec85c494d081ada460c8731f78f530fefe12eaed45
reference_iii,4,1;5;6;11,II;aVF;V1;V6,474,0.9506707559759323,0.8073654390934845,0.9179856115107914,,,binary,,,,,,,,,,,,,,,,,,,,,3.329987600001914,42,ecdb2816fbfecf3ce41ff2e3263e3bdaefd75a5bba81a8e030b7390f03e8d244,cb2cb2e442afa8d7158b02e4fe0114cf68696a9bf9f10f2a89c0ed63bc1301d2,34060e20ca6ca6de13d114a5b1b14cf4e1fd9ffccc3f7ec4453bb00d8b5646f1,6203baab631aa7cf7116026440370efc59ac056e4018d51e1498cb4597036180
reference_iii,4,1;5;7;8,II;aVF;V2;V3,474,0.9430150071406831,0.7507082152974505,0.9137931034482759,,,binary,,,,,,,,,,,,,,,,,,,,,3.3308787000023585,42,ecdb2816fbfecf3ce41ff2e3263e3bdaefd75a5bba81a8e030b7390f03e8d244,cb2cb2e442afa8d7158b02e4fe0114cf68696a9bf9f10f2a89c0ed63bc1301d2,34060e20ca6ca6de13d114a5b1b14cf4e1fd9ffccc3f7ec4453bb00d8b5646f1,06b0a998150b89252dcd56bee8947c7ed43f100720ddddb93467b203764a4bfd
reference_iii,4,1;5;7;9,II;aVF;V2;V4,474,0.9471121204317187,0.7677053824362606,0.9232995658465991,,,binary,,,,,,,,,,,,,,,,,,,,,3.3313257999980124,42,ecdb2816fbfecf3ce41ff2e3263e3bdaefd75a5bba81a8e030b7390f03e8d244,cb2cb2e442afa8d7158b02e4fe0114cf68696a9bf9f10f2a89c0ed63bc1301d2,34060e20ca6ca6de13d114a5b1b14cf4e1fd9ffccc3f7ec4453bb00d8b5646f1,457073340741ade37fc78c858d27bf410a3dece0cd6f3bfe08b120f7dbbcfe2f
reference_iii,4,1;5;7;10,II;aVF;V2;V5,474,0.9499683936974691,0.7563739376770539,0.9246376811594202,,,binary,,,,,,,,,,,,,,,,,,,,,3.326196499998332,42,ecdb2816fbfecf3ce41ff2e3263e3bdaefd75a5bba81a8e030b7390f03e8d244,cb2cb2e442afa8d7158b02e4fe0114cf68696a9bf9f10f2a89c0ed63bc1301d2,34060e20ca6ca6de13d114a5b1b14cf4e1fd9ffccc3f7ec4453bb00d8b5646f1,656e7b5efb1b2b007acad8c0b0eb8d15f559b654d9335583c55ecd4ffe60ec39
reference_iii,4,1;5;7;11,II;aVF;V2;V6,474,0.9502025144569568,0.7705382436260623,0.9156976744186046,,,binary,,,,,,,,,,,,,,,,,,,,,3.3285237999989477,42,ecdb2816fbfecf3ce41ff2e3263e3bdaefd75a5bba81a8e030b7390f03e8d244,cb2cb2e442afa8d7158b02e4fe0114cf68696a9bf9f10f2a89c0ed63bc1301d2,34060e20ca6ca6de13d114a5b1b14cf4e1fd9ffccc3f7ec4453bb00d8b5646f1,9290f3a96b25e00c6698ac92958eea2f2512abead0f1dab1d8433c95664f3a5c
reference_iii,4,1;5;8;9,II;aVF;V3;V4,474,0.9449582094444314,0.7592067988668555,0.9235209235209235,,,binary,,,,,,,,,,,,,,,,,,,,,3.333061599998473,42,ecdb2816fbfecf3ce41ff2e3263e3bdaefd75a5bba81a8e030b7390f03e8d244,cb2cb2e442afa8d7158b02e4fe0114cf68696a9bf9f10f2a89c0ed63bc1301d2,34060e20ca6ca6de13d114a5b1b14cf4e1fd9ffccc3f7ec4453bb00d8b5646f1,67555ece03f4ac0c5bd5c892b3fd86fb26d5f8779f50cee8cd42181272660665
reference_iii,4,1;5;8;10,II;aVF;V3;V5,474,0.9468311755203334,0.7422096317280453,0.9206349206349206,,,binary,,,,,,,,,,,,,,,,,,,,,3.3269733999986784,42,ecdb2816fbfecf3ce41ff2e3263e3bdaefd75a5bba81a8e030b7390f03e8d244,cb2cb2e442afa8d7158b02e4fe0114cf68696a9bf9f10f2a89c0ed63bc1301d2,34060e20ca6ca6de13d114a5b1b14cf4e1fd9ffccc3f7ec4453bb00d8b5646f1,2a7ea2c2635be077a00ea5247b25ffcaba4738f6819e1a38bbb74f84b815ebdb
reference_iii,4,1;5;8;11,II;aVF;V3;V6,474,0.9478144827101819,0.7648725212464589,0.9230769230769231,,,binary,,,,,,,,,,,,,,,,,,,,,3.332398099999409,42,ecdb2816fbfecf3ce41ff2e3263e3bdaefd75a5bba81a8e030b7390f03e8d244,cb2cb2e442afa8d7158b02e4fe0114cf68696a9bf9f10f2a89c0ed63bc1301d2,34060e20ca6ca6de13d114a5b1b14cf4e1fd9ffccc3f7ec4453bb00d8b5646f1,7e6ab9f9c158cea36f395b11d95047220576b491e9dc97232df609f3724d6ba2
reference_iii,4,1;5;9;10,II;aVF;V4;V5,474,0.9469014117481798,0.7790368271954674,0.9175108538350217,,,binary,,,,,,,,,,,,,,,,,,,,,3.334657300001709,42,ecdb2816fbfecf3ce41ff2e3263e3bdaefd75a5bba81a8e030b7390f03e8d244,cb2cb2e442afa8d7158b02e4fe0114cf68696a9bf9f10f2a89c0ed63bc1301d2,34060e20ca6ca6de13d114a5b1b14cf4e1fd9ffccc3f7ec4453bb00d8b5646f1,eaefefa75fe3bfc48b1d3ffc0fb6bdee511becf6758125c23a973060a62189fc
reference_iii,4,1;5;9;11,II;aVF;V4;V6,474,0.9471823566595651,0.7847025495750708,0.9177489177489178,,,binary,,,,,,,,,,,,,,,,,,,,,3.3241519999974116,42,ecdb2816fbfecf3ce41ff2e3263e3bdaefd75a5bba81a8e030b7390f03e8d244,cb2cb2e442afa8d7158b02e4fe0114cf68696a9bf9f10f2a89c0ed63bc1301d2,34060e20ca6ca6de13d114a5b1b14cf4e1fd9ffccc3f7ec4453bb00d8b5646f1,67ddaae09d6fc06052345526c1bac0c9fdec9e4d2f09521d0709544727535eee
reference_iii,4,1;5;10;11,II;aVF;V5;V6,474,0.9466204668367945,0.7422096317280453,0.9085631349782293,,,binary,,,,,,,,,,,,,,,,,,,,,3.3189579999998386,42,ecdb2816fbfecf3ce41ff2e3263e3bdaefd75a5bba81a8e030b7390f03e8d244,cb2cb2e442afa8d7158b02e4fe0114cf68696a9bf9f10f2a89c0ed63bc1301d2,34060e20ca6ca6de13d114a5b1b14cf4e1fd9ffccc3f7ec4453bb00d8b5646f1,176924e374514d989f272dbd3221a09c3679b042cffa1d109228182c76a1c1f0
reference_iii,4,1;6;7;8,II;V1;V2;V3,474,0.9429213588368881,0.7507082152974505,0.9156976744186046,,,binary,,,,,,,,,,,,,,,,,,,,,3.3308907999999064,42,ecdb2816fbfecf3ce41ff2e3263e3bdaefd75a5bba81a8e030b7390f03e8d244,cb2cb2e442afa8d7158b02e4fe0114cf68696a9bf9f10f2a89c0ed63bc1301d2,34060e20ca6ca6de13d114a5b1b14cf4e1fd9ffccc3f7ec4453bb00d8b5646f1,099034a97be999e9ae383ba900b6e913684cf6df06e49e24ec9a2c76f559321e
reference_iii,4,1;6;7;9,II;V1;V2;V4,474,0.9480486034696697,0.7648725212464589,0.9212827988338192,,,binary,,,,,,,,,,,,,,,,,,,,,3.335002700001496,42,ecdb2816fbfecf3ce41ff2e3263e3bdaefd75a5bba81a8e030b7390f03e8d244,cb2cb2e442afa8d7158b02e4fe0114cf68696a9bf9f10f2a89c0ed63bc1301d2,34060e20ca6ca6de13d114a5b1b14cf4e1fd9ffccc3f7ec4453bb00d8b5646f1,df833412f7cec4c33220d22c0ae1e73893f677751cf662679651b5e33abf4be9
reference_iii,4,1;6;7;10,II;V1;V2;V5,474,0.9498981574696228,0.7762039660056658,0.9212827988338192,,,binary,,,,,,,,,,,,,,,,,,,,,3.344894800000475,42,ecdb2816fbfecf3ce41ff2e3263e3bdaefd75a5bba81a8e030b7390f03e8d244,cb2cb2e442afa8d7158b02e4fe0114cf68696a9bf9f10f2a89c0ed63bc1301d2,34060e20ca6ca6de13d114a5b1b14cf4e1fd9ffccc3f7ec4453bb00d8b5646f1,78473a321943f74823ee705ad9598875e0d8e23201bb1098d40059f653ad9e9d
reference_iii,4,1;6;7;11,II;V1;V2;V6,474,0.9501791023810081,0.7762039660056658,0.9152046783625731,,,binary,,,,,,,,,,,,,,,,,,,,,3.3345556000022043,42,ecdb2816fbfecf3ce41ff2e3263e3bdaefd75a5bba81a8e030b7390f03e8d244,cb2cb2e442afa8d7158b02e4fe0114cf68696a9bf9f10f2a89c0ed63bc1301d2,34060e20ca6ca6de13d114a5b1b14cf4e1fd9ffccc3f7ec4453bb00d8b5646f1,67f038d7b96daee29085a56991274659ab87c7f15a2c8ac3019f6f3202c5ff5f
reference_iii,4,1;6;8;9,II;V1;V3;V4,474,0.9466907030646408,0.7620396600566572,0.9172714078374455,,,binary,,,,,,,,,,,,,,,,,,,,,3.32317029999831,42,ecdb2816fbfecf3ce41ff2e3263e3bdaefd75a5bba81a8e030b7390f03e8d244,cb2cb2e442afa8d7158b02e4fe0114cf68696a9bf9f10f2a89c0ed63bc1301d2,34060e20ca6ca6de13d114a5b1b14cf4e1fd9ffccc3f7ec4453bb00d8b5646f1,1e50c1423abb342156a59fc88589cf27cfaea60de0ca1b22dc89eb592fcd639a
reference_iii,4,1;6;8;10,II;V1;V3;V5,474,0.9473930653431041,0.773371104815864,0.9141193595342066,,,binary,,,,,,,,,,,,,,,,,,,,,3.3432519000016327,42,ecdb2816fbfecf3ce41ff2e3263e3bdaefd75a5bba81a8e030b7390f03e8d244,cb2cb2e442afa8d7158b02e4fe0114cf68696a9bf9f10f2a89c0ed63bc1301d2,34060e20ca6ca6de13d114a5b1b14cf4e1fd9ffccc3f7ec4453bb00d8b5646f1,d0459715ce3b95e5ca805c7aac2970a338edc66541d4db5bbb1150af6b11beda
reference_iii,4,1;6;8;11,II;V1;V3;V6,474,0.9474867136468991,0.7422096317280453,0.9175108538350217,,,binary,,,,,,,,,,,,,,,,,,,,,3.334809399999358,42,ecdb2816fbfecf3ce41ff2e3263e3bdaefd75a5bba81a8e030b7390f03e8d244,cb2cb2e442afa8d7158b02e4fe0114cf68696a9bf9f10f2a89c0ed63bc1301d2,34060e20ca6ca6de13d114a5b1b14cf4e1fd9ffccc3f7ec4453bb00d8b5646f1,26c474a71d56bd7b62a24a3af40f1adfa89e7ad7d48dcc3d0f502c35f3685793
reference_iii,4,1;6;9;10,II;V1;V4;V5,474,0.9498045091658278,0.773371104815864,0.9170305676855895,,,binary,,,,,,,,,,,,,,,,,,,,,3.341702500001702,42,ecdb2816fbfecf3ce41ff2e3263e3bdaefd75a5bba81a8e030b7390f03e8d244,cb2cb2e442afa8d7158b02e4fe0114cf68696a9bf9f10f2a89c0ed63bc1301d2,34060e20ca6ca6de13d114a5b1b14cf4e1fd9ffccc3f7ec4453bb00d8b5646f1,5a08f47d7bfd02c8924a8831262bc29070bad8209850e07a9e0721216cee934b
reference_iii,4,1;6;9;11,II;V1;V4;V6,474,0.9500386299253155,0.7903682719546742,0.9143686502177069,,,binary,,,,,,,,,,,,,,,,,,,,,3.3268141000007745,42,ecdb2816fbfecf3ce41ff2e3263e3bdaefd75a5bba81a8e030b7390f03e8d244,cb2cb2e442afa8d7158b02e4fe0114cf68696a9bf9f10f2a89c0ed63bc1301d2,34060e20ca6ca6de13d114a5b1b14cf4e1fd9ffccc3f7ec4453bb00d8b5646f1,409e806070c3b29bbd15174ebb7a006203c1d756f0549621b168309416fdb25e
reference_iii,4,1;6;10;11,II;V1;V5;V6,474,0.9488212019759793,0.7790368271954674,0.9151079136690647,,,binary,,,,,,,,,,,,,,,,,,,,,3.3232079000008525,42,ecdb2816fbfecf3ce41ff2e3263e3bdaefd75a5bba81a8e030b7390f03e8d244,cb2cb2e442afa8d7158b02e4fe0114cf68696a9bf9f10f2a89c0ed63bc1301d2,34060e20ca6ca6de13d114a5b1b14cf4e1fd9ffccc3f7ec4453bb00d8b5646f1,8a75a8330a4f7768fe49cd642da12de44cbdb4a3a4d1c9f2e1398a562bf96d53
reference_iii,4,1;7;8;9,II;V2;V3;V4,474,0.9474633015709505,0.7875354107648725,0.914616497829233,,,binary,,,,,,,,,,,,,,,,,,,,,3.3274510000010196,42,ecdb2816fbfecf3ce41ff2e3263e3bdaefd75a5bba81a8e030b7390f03e8d244,cb2cb2e442afa8d7158b02e4fe0114cf68696a9bf9f10f2a89c0ed63bc1301d2,34060e20ca6ca6de13d114a5b1b14cf4e1fd9ffccc3f7ec4453bb00d8b5646f1,ed894f8bcf56527537a9109dc963b3019066da1c3ea16991e12026f7a3a272af
reference_iii,4,1;7;8;10,II;V2;V3;V5,474,0.949266031419006,0.7648725212464589,0.9232995658465991,,,binary,,,,,,,,,,,,,,,,,,,,,3.329271599999629,42,ecdb2816fbfecf3ce41ff2e3263e3bdaefd75a5bba81a8e030b7390f03e8d244,cb2cb2e442afa8d7158b02e4fe0114cf68696a9bf9f10f2a89c0ed63bc1301d2,34060e20ca6ca6de13d114a5b1b14cf4e1fd9ffccc3f7ec4453bb00d8b5646f1,2c8536ebcbca77dac616132c77f0318e91bce18dae790bb29f4fdf37b7c83c54
reference_iii,4,1;7;8;11,II;V2;V3;V6,474,0.9479315430899258,0.7762039660056658,0.9138686131386862,,,binary,,,,,,,,,,,,,,,,,,,,,3.324714300000778,42,ecdb2816fbfecf3ce41ff2e3263e3bdaefd75a5bba81a8e030b7390f03e8d244,cb2cb2e442afa8d7158b02e4fe0114cf68696a9bf9f10f2a89c0ed63bc1301d2,34060e20ca6ca6de13d114a5b1b14cf4e1fd9ffccc3f7ec4453bb00d8b5646f1,b71a39f408c636f05ce1b2b34e41b52a18dde67fcb8537cf9fabafb898114b0e
reference_iii,4,1;7;9;10,II;V2;V4;V5,474,0.949266031419006,0.8016997167138811,0.9217391304347826,,,binary,,,,,,,,,,,,,,,,,,,,,3.3286780000016734,42,ecdb2816fbfecf3ce41ff2e3263e3bdaefd75a5bba81a8e030b7390f03e8d244,cb2cb2e442afa8d7158b02e4fe0114cf68696a9bf9f10f2a89c0ed63bc1301d2,34060e20ca6ca6de13d114a5b1b14cf4e1fd9ffccc3f7ec4453bb00d8b5646f1,39e2e327043aa080d029d44e0f4821c1c92a990ec683f90a5bc80814a08145ac
reference_iii,4,1;7;9;11,II;V2;V4;V6,474,0.949148971039262,0.7762039660056658,0.9175108538350217,,,binary,,,,,,,,,,,,,,,,,,,,,3.336330199999793,42,ecdb2816fbfecf3ce41ff2e3263e3bdaefd75a5bba81a8e030b7390f03e8d244,cb2cb2e442afa8d7158b02e4fe0114cf68696a9bf9f10f2a89c0ed63bc1301d2,34060e20ca6ca6de13d114a5b1b14cf4e1fd9ffccc3f7ec4453bb00d8b5646f1,f423c36f6513f1e99f3dd20fc39654f89674e871921bfee0b1024e73a3a6f6b0
reference_iii,4,1;7;10;11,II;V2;V5;V6,474,0.9492426193430571,0.7705382436260623,0.9141193595342066,,,binary,,,,,,,,,,,,,,,,,,,,,3.330197400002362,42,ecdb2816fbfecf3ce41ff2e3263e3bdaefd75a5bba81a8e030b7390f03e8d244,cb2cb2e442afa8d7158b02e4fe0114cf68696a9bf9f10f2a89c0ed63bc1301d2,34060e20ca6ca6de13d114a5b1b14cf4e1fd9ffccc3f7ec4453bb00d8b5646f1,874fd1d73faa863a407f146e70c3ceacdb8cd18d16c2650b729923e6de510743
reference_iii,4,1;8;9;10,II;V3;V4;V5,474,0.9474867136468991,0.7648725212464589,0.9193083573487032,,,binary,,,,,,,,,,,,,,,,,,,,,3.3336644000009983,42,ecdb2816fbfecf3ce41ff2e3263e3bdaefd75a5bba81a8e030b7390f03e8d244,cb2cb2e442afa8d7158b02e4fe0114cf68696a9bf9f10f2a89c0ed63bc1301d2,34060e20ca6ca6de13d114a5b1b14cf4e1fd9ffccc3f7ec4453bb00d8b5646f1,01de9e7d29cbdd556062175033d088238798bc3767eeae9bc93633a83a915998
reference_iii,4,1;8;9;11,II;V3;V4;V6,474,0.9467375272165383,0.7563739376770539,0.9161849710982659,,,binary,,,,,,,,,,,,,,,,,,,,,3.3254207000027236,42,ecdb2816fbfecf3ce41ff2e3263e3bdaefd75a5bba81a8e030b7390f03e8d244,cb2cb2e442afa8d7158b02e4fe0114cf68696a9bf9f10f2a89c0ed63bc1301d2,34060e20ca6ca6de13d114a5b1b14cf4e1fd9ffccc3f7ec4453bb00d8b5646f1,1c824c43f17f2dc7ac264fe5f358f246e88baea4d52da26bc079865bb090b272
reference_iii,4,1;8;10;11,II;V3;V5;V6,474,0.9475803619506942,0.7478753541076487,0.9177489177489178,,,binary,,,,,,,,,,,,,,,,,,,,,3.33453659999941,42,ecdb2816fbfecf3ce41ff2e3263e3bdaefd75a5bba81a8e030b7390f03e8d244,cb2cb2e442afa8d7158b02e4fe0114cf68696a9bf9f10f2a89c0ed63bc1301d2,34060e20ca6ca6de13d114a5b1b14cf4e1fd9ffccc3f7ec4453bb00d8b5646f1,d8b43f5ea0a5c9a0e1073942c8c58224ebb90a5fdaaa86e7350cccce93a90780
reference_iii,4,1;9;10;11,II;V4;V5;V6,474,0.9467609392924871,0.7932011331444759,0.9179856115107914,,,binary,,,,,,,,,,,,,,,,,,,,,3.3363317000003008,42,ecdb2816fbfecf3ce41ff2e3263e3bdaefd75a5bba81a8e030b7390f03e8d244,cb2cb2e442afa8d7158b02e4fe0114cf68696a9bf9f10f2a89c0ed63bc1301d2,34060e20ca6ca6de13d114a5b1b14cf4e1fd9ffccc3f7ec4453bb00d8b5646f1,098fb5ead6771ece25a71bf814a17416cb749967896da2c2ac902a47477a4ecb
reference_iii,4,2;3;4;5,III;aVR;aVL;aVF,474,0.9500620420012643,0.7393767705382436,0.9279538904899135,,,binary,,,,,,,,,,,,,,,,,,,,,3.3262137999990955,42,ecdb2816fbfecf3ce41ff2e3263e3bdaefd75a5bba81a8e030b7390f03e8d244,cb2cb2e442afa8d7158b02e4fe0114cf68696a9bf9f10f2a89c0ed63bc1301d2,34060e20ca6ca6de13d114a5b1b14cf4e1fd9ffccc3f7ec4453bb00d8b5646f1,ac5bb029a9f0d25fe6d32e83f0a38350d1fef8ed33b765c0fc45abfa55967569
reference_iii,4,2;3;4;6,III;aVR;aVL;V1,474,0.9513731182543956,0.7705382436260623,0.9219653179190751,,,binary,,,,,,,,,,,,,,,,,,,,,3.3278839999984484,42,ecdb2816fbfecf3ce41ff2e3263e3bdaefd75a5bba81a8e030b7390f03e8d244,cb2cb2e442afa8d7158b02e4fe0114cf68696a9bf9f10f2a89c0ed63bc1301d2,34060e20ca6ca6de13d114a5b1b14cf4e1fd9ffccc3f7ec4453bb00d8b5646f1,8a503a4c00de65c6fca23f405a29a7bffa0e0bcaec8bc9ee04002e377b14edee
reference_iii,4,2;3;4;7,III;aVR;aVL;V2,474,0.9456839837988434,0.7620396600566572,0.9098837209302325,,,binary,,,,,,,,,,,,,,,,,,,,,3.3350769999997283,42,ecdb2816fbfecf3ce41ff2e3263e3bdaefd75a5bba81a8e030b7390f03e8d244,cb2cb2e442afa8d7158b02e4fe0114cf68696a9bf9f10f2a89c0ed63bc1301d2,34060e20ca6ca6de13d114a5b1b14cf4e1fd9ffccc3f7ec4453bb00d8b5646f1,ee701d0812658aa0271119d6f30eee29cf67641b26d417cb9233c7b3b7523100
reference_iii,4,2;3;4;8,III;aVR;aVL;V3,474,0.9429447709128368,0.7790368271954674,0.9148629148629148,,,binary,,,,,,,,,,,,,,,,,,,,,3.3293271999973513,42,ecdb2816fbfecf3ce41ff2e3263e3bdaefd75a5bba81a8e030b7390f03e8d244,cb2cb2e442afa8d7158b02e4fe0114cf68696a9bf9f10f2a89c0ed63bc1301d2,34060e20ca6ca6de13d114a5b1b14cf4e1fd9ffccc3f7ec4453bb00d8b5646f1,b796c4449ffeb04e1052818014af3ea30d87c436e64e15cacf06fa3e32f18409
reference_iii,4,2;3;4;9,III;aVR;aVL;V4,474,0.9468077634443847,0.7790368271954674,0.926829268292683,,,binary,,,,,,,,,,,,,,,,,,,,,3.3375961000019743,42,ecdb2816fbfecf3ce41ff2e3263e3bdaefd75a5bba81a8e030b7390f03e8d244,cb2cb2e442afa8d7158b02e4fe0114cf68696a9bf9f10f2a89c0ed63bc1301d2,34060e20ca6ca6de13d114a5b1b14cf4e1fd9ffccc3f7ec4453bb00d8b5646f1,45d1b660f216125b79a22a8def48c314d354706610ff5edac8f355090983c277
reference_iii,4,2;3;4;10,III;aVR;aVL;V5,474,0.9472291808114625,0.7847025495750708,0.9135446685878963,,,binary,,,,,,,,,,,,,,,,,,,,,3.3257580999998027,42,ecdb2816fbfecf3ce41ff2e3263e3bdaefd75a5bba81a8e030b7390f03e8d244,cb2cb2e442afa8d7158b02e4fe0114cf68696a9bf9f10f2a89c0ed63bc1301d2,34060e20ca6ca6de13d114a5b1b14cf4e1fd9ffccc3f7ec4453bb00d8b5646f1,47519165e8ce9fc9853cca8b7a7a29d48566d0a5dcf0f3eb166a184150c7bdf0
reference_iii,4,2;3;4;11,III;aVR;aVL;V6,474,0.9470652962798211,0.7847025495750708,0.9186046511627907,,,binary,,,,,,,,,,,,,,,,,,,,,3.3243661999986216,42,ecdb2816fbfecf3ce41ff2e3263e3bdaefd75a5bba81a8e030b7390f03e8d244,cb2cb2e442afa8d7158b02e4fe0114cf68696a9bf9f10f2a89c0ed63bc1301d2,34060e20ca6ca6de13d114a5b1b14cf4e1fd9ffccc3f7ec4453bb00d8b5646f1,a03ecb233c0a05de322d55de48f08397b1057822a586211ac423b878b2cd6ae0
reference_iii,4,2;3;5;6,III;aVR;aVF;V1,474,0.9511389974949079,0.7818696883852692,0.9248554913294798,,,binary,,,,,,,,,,,,,,,,,,,,,3.3361189999995986,42,ecdb2816fbfecf3ce41ff2e3263e3bdaefd75a5bba81a8e030b7390f03e8d244,cb2cb2e442afa8d7158b02e4fe0114cf68696a9bf9f10f2a89c0ed63bc1301d2,34060e20ca6ca6de13d114a5b1b14cf4e1fd9ffccc3f7ec4453bb00d8b5646f1,415df194c49b1bdd95b1001ce955dd2db5e88fe20bb23b3b051629879b7a6cbf
reference_iii,4,2;3;5;7,III;aVR;aVF;V2,474,0.9463863460773068,0.7592067988668555,0.9114658925979681,,,binary,,,,,,,,,,,,,,,,,,,,,3.3275191000029736,42,ecdb2816fbfecf3ce41ff2e3263e3bdaefd75a5bba81a8e030b7390f03e8d244,cb2cb2e442afa8d7158b02e4fe0114cf68696a9bf9f10f2a89c0ed63bc1301d2,34060e20ca6ca6de13d114a5b1b14cf4e1fd9ffccc3f7ec4453bb00d8b5646f1,dcf8dbda255bae65d761eaea6f2b7517475b6bab08571e126ccc3e0729910cdb
reference_iii,4,2;3;5;8,III;aVR;aVF;V3,474,0.9426404139255028,0.7280453257790368,0.9182209469153515,,,binary,,,,,,,,,,,,,,,,,,,,,3.3360073000003467,42,ecdb2816fbfecf3ce41ff2e3263e3bdaefd75a5bba81a8e030b7390f03e8d244,cb2cb2e442afa8d7158b02e4fe0114cf68696a9bf9f10f2a89c0ed63bc1301d2,34060e20ca6ca6de13d114a5b1b14cf4e1fd9ffccc3f7ec4453bb00d8b5646f1,d4cdb562ea9ec4a7efab32fce519159f73474829187c1cbee73e0afa18af787f
reference_iii,4,2;3;5;9,III;aVR;aVF;V4,474,0.9458010441785873,0.7705382436260623,0.9177489177489178,,,binary,,,,,,,,,,,,,,,,,,,,,3.3256471999993664,42,ecdb2816fbfecf3ce41ff2e3263e3bdaefd75a5bba81a8e030b7390f03e8d244,cb2cb2e442afa8d7158b02e4fe0114cf68696a9bf9f10f2a89c0ed63bc1301d2,34060e20ca6ca6de13d114a5b1b14cf4e1fd9ffccc3f7ec4453bb00d8b5646f1,e4171199a4116b857d66306641ef173cb9d87fccbb3729e5eda2eaebbf2a7759
reference_iii,4,2;3;5;10,III;aVR;aVF;V5,474,0.9460585770140237,0.7762039660056658,0.9161849710982659,,,binary,,,,,,,,,,,,,,,,,,,,,3.3246561999985715,42,ecdb2816fbfecf3ce41ff2e3263e3bdaefd75a5bba81a8e030b7390f03e8d244,cb2cb2e442afa8d7158b02e4fe0114cf68696a9bf9f10f2a89c0ed63bc1301d2,34060e20ca6ca6de13d114a5b1b14cf4e1fd9ffccc3f7ec4453bb00d8b5646f1,3a5a4d77815d39a75a9dd930e98bad52fcd687004166bfc08ef6a806f79259d2
reference_iii,4,2;3;5;11,III;aVR;aVF;V6,474,0.9457776321026387,0.7563739376770539,0.9127906976744186,,,binary,,,,,,,,,,,,,,,,,,,,,3.327203599998029,42,ecdb2816fbfecf3ce41ff2e3263e3bdaefd75a5bba81a8e030b7390f03e8d244,cb2cb2e442afa8d7158b02e4fe0114cf68696a9bf9f10f2a89c0ed63bc1301d2,34060e20ca6ca6de13d114a5b1b14cf4e1fd9ffccc3f7ec4453bb00d8b5646f1,b11a45b9c06aaf47e330e6e1cff6b501f27c8585207c8b71297aedcb98890f5a
reference_iii,4,2;3;6;7,III;aVR;V1;V2,474,0.9492894434949547,0.773371104815864,0.9175108538350217,,,binary,,,,,,,,,,,,,,,,,,,,,3.3317288999969605,42,ecdb2816fbfecf3ce41ff2e3263e3bdaefd75a5bba81a8e030b7390f03e8d244,cb2cb2e442afa8d7158b02e4fe0114cf68696a9bf9f10f2a89c0ed63bc1301d2,34060e20ca6ca6de13d114a5b1b14cf4e1fd9ffccc3f7ec4453bb00d8b5646f1,36b4a555c150ccc440052bbb9ee5a33469aeeb7b0882959b7f3c8aa682fe9ef6
reference_iii,4,2;3;6;8,III;aVR;V1;V3,474,0.9439983143305317,0.7507082152974505,0.9132947976878613,,,binary,,,,,,,,,,,,,,,,,,,,,3.3275208000013663,42,ecdb2816fbfecf3ce41ff2e3263e3bdaefd75a5bba81a8e030b7390f03e8d244,cb2cb2e442afa8d7158b02e4fe0114cf68696a9bf9f10f2a89c0ed63bc1301d2,34060e20ca6ca6de13d114a5b1b14cf4e1fd9ffccc3f7ec4453bb00d8b5646f1,44b00b57a836f489ecc9560a16fffc79176817b1a856b741c792124fdda3893c
reference_iii,4,2;3;6;9,III;aVR;V1;V4,474,0.9494299159506474,0.7790368271954674,0.9156976744186046,,,binary,,,,,,,,,,,,,,,,,,,,,3.3403098999988288,42,ecdb2816fbfecf3ce41ff2e3263e3bdaefd75a5bba81a8e030b7390f03e8d244,cb2cb2e442afa8d7158b02e4fe0114cf68696a9bf9f10f2a89c0ed63bc1301d2,34060e20ca6ca6de13d114a5b1b14cf4e1fd9ffccc3f7ec4453bb00d8b5646f1,2537daece644f97af72546fd9c70f76c05dd97f0023e9008dad71480af5646e5
reference_iii,4,2;3;6;10,III;aVR;V1;V5,474,0.9497576850139302,0.7592067988668555,0.9125364431486881,,,binary,,,,,,,,,,,,,,,,,,,,,3.3246146000019507,42,ecdb2816fbfecf3ce41ff2e3263e3bdaefd75a5bba81a8e030b7390f03e8d244,cb2cb2e442afa8d7158b02e4fe0114cf68696a9bf9f10f2a89c0ed63bc1301d2,34060e20ca6ca6de13d114a5b1b14cf4e1fd9ffccc3f7ec4453bb00d8b5646f1,dd2769ac8731005523aaf5a5c752ba4a057877a7201b397be9dfee14eb79a6e1
reference_iii,4,2;3;6;11,III;aVR;V1;V6,474,0.9496406246341863,0.7818696883852692,0.9188405797101449,,,binary,,,,,,,,,,,,,,,,,,,,,3.3324726999999257,42,ecdb2816fbfecf3ce41ff2e3263e3bdaefd75a5bba81a8e030b7390f03e8d244,cb2cb2e442afa8d7158b02e4fe0114cf68696a9bf9f10f2a89c0ed63bc1301d2,34060e20ca6ca6de13d114a5b1b14cf4e1fd9ffccc3f7ec4453bb00d8b5646f1,b330a27ef3273f596249c9301cef4593a92151c3d7d2ce05f5d3eccc715aa4ce
reference_iii,4,2;3;7;8,III;aVR;V2;V3,474,0.944162198862173,0.7535410764872521,0.9104046242774566,,,binary,,,,,,,,,,,,,,,,,,,,,3.3263737999986915,42,ecdb2816fbfecf3ce41ff2e3263e3bdaefd75a5bba81a8e030b7390f03e8d244,cb2cb2e442afa8d7158b02e4fe0114cf68696a9bf9f10f2a89c0ed63bc1301d2,34060e20ca6ca6de13d114a5b1b14cf4e1fd9ffccc3f7ec4453bb00d8b5646f1,a76df3ad4c69c5799b87e80e0b991f22dd4d00c8e2519b5657004b329bed0208
reference_iii,4,2;3;7;9,III;aVR;V2;V4,474,0.9485636691405427,0.7790368271954674,0.9183673469387755,,,binary,,,,,,,,,,,,,,,,,,,,,3.32723420000184,42,ecdb2816fbfecf3ce41ff2e3263e3bdaefd75a5bba81a8e030b7390f03e8d244,cb2cb2e442afa8d7158b02e4fe0114cf68696a9bf9f10f2a89c0ed63bc1301d2,34060e20ca6ca6de13d114a5b1b14cf4e1fd9ffccc3f7ec4453bb00d8b5646f1,f9ef07dd58dd3f5e6ea3cd63d00540cf44ee5c6f2a73ed9613a645220f77c6e6
reference_iii,4,2;3;7;10,III;aVR;V2;V5,474,0.9491255589633133,0.7648725212464589,0.9201741654571843,,,binary,,,,,,,,,,,,,,,,,,,,,3.321600799998123,42,ecdb2816fbfecf3ce41ff2e3263e3bdaefd75a5bba81a8e030b7390f03e8d244,cb2cb2e442afa8d7158b02e4fe0114cf68696a9bf9f10f2a89c0ed63bc1301d2,34060e20ca6ca6de13d114a5b1b14cf4e1fd9ffccc3f7ec4453bb00d8b5646f1,d2b5c9b924ae5054bc6496ca5f5b6a7acf184c96693a657b81bf63df958435d0
reference_iii,4,2;3;7;11,III;aVR;V2;V6,474,0.9500620420012642,0.773371104815864,0.9165446559297218,,,binary,,,,,,,,,,,,,,,,,,,,,3.3295823999978893,42,ecdb2816fbfecf3ce41ff2e3263e3bdaefd75a5bba81a8e030b7390f03e8d244,cb2cb2e442afa8d7158b02e4fe0114cf68696a9bf9f10f2a89c0ed63bc1301d2,34060e20ca6ca6de13d114a5b1b14cf4e1fd9ffccc3f7ec4453bb00d8b5646f1,1519ac070f5773f9bc9130daf231839ade12e0c9902a1b578ded63bef01639b2
reference_iii,4,2;3;8;9,III;aVR;V3;V4,474,0.9446070283051998,0.7762039660056658,0.9159420289855073,,,binary,,,,,,,,,,,,,,,,,,,,,3.328866099996958,42,ecdb2816fbfecf3ce41ff2e3263e3bdaefd75a5bba81a8e030b7390f03e8d244,cb2cb2e442afa8d7158b02e4fe0114cf68696a9bf9f10f2a89c0ed63bc1301d2,34060e20ca6ca6de13d114a5b1b14cf4e1fd9ffccc3f7ec4453bb00d8b5646f1,f96eae454c28659d1e93a11370d197afdf7b6b308c881087ccc0ba252c851730
reference_iii,4,2;3;8;10,III;aVR;V3;V5,474,0.9457073958747921,0.7592067988668555,0.914616497829233,,,binary,,,,,,,,,,,,,,,,,,,,,3.3320278999999573,42,ecdb2816fbfecf3ce41ff2e3263e3bdaefd75a5bba81a8e030b7390f03e8d244,cb2cb2e442afa8d7158b02e4fe0114cf68696a9bf9f10f2a89c0ed63bc1301d2,34060e20ca6ca6de13d114a5b1b14cf4e1fd9ffccc3f7ec4453bb00d8b5646f1,c480fdd2bbd56bb8ef70ce2e4d73cd8a9ab308c8ec3701f9b3f6b6bf87b717f5
reference_iii,4,2;3;8;11,III;aVR;V3;V6,474,0.9461756373937678,0.7847025495750708,0.9154518950437318,,,binary,,,,,,,,,,,,,,,,,,,,,3.34309900000153,42,ecdb2816fbfecf3ce41ff2e3263e3bdaefd75a5bba81a8e030b7390f03e8d244,cb2cb2e442afa8d7158b02e4fe0114cf68696a9bf9f10f2a89c0ed63bc1301d2,34060e20ca6ca6de13d114a5b1b14cf4e1fd9ffccc3f7ec4453bb00d8b5646f1,43147ad92a674404e54880664f1f499c78779e84676dbc559281b73d33ee9e9c
reference_iii,4,2;3;9;10,III;aVR;V4;V5,474,0.9454732751153043,0.7705382436260623,0.9188405797101449,,,binary,,,,,,,,,,,,,,,,,,,,,3.3281963000008545,42,ecdb2816fbfecf3ce41ff2e3263e3bdaefd75a5bba81a8e030b7390f03e8d244,cb2cb2e442afa8d7158b02e4fe0114cf68696a9bf9f10f2a89c0ed63bc1301d2,34060e20ca6ca6de13d114a5b1b14cf4e1fd9ffccc3f7ec4453bb00d8b5646f1,946cd749e3c704de51d0b26e184c785365600139e96181f1169ba3064dfc7460
reference_iii,4,2;3;9;11,III;aVR;V4;V6,474,0.9461756373937676,0.7903682719546742,0.9204052098408104,,,binary,,,,,,,,,,,,,,,,,,,,,3.3271683000020857,42,ecdb2816fbfecf3ce41ff2e3263e3bdaefd75a5bba81a8e030b7390f03e8d244,cb2cb2e442afa8d7158b02e4fe0114cf68696a9bf9f10f2a89c0ed63bc1301d2,34060e20ca6ca6de13d114a5b1b14cf4e1fd9ffccc3f7ec4453bb00d8b5646f1,f7ed0a5dc489f2a04cb18cd04c23ea8ed518a5bdbe96b5869a852d670513561f
reference_iii,4,2;3;10;11,III;aVR;V5;V6,474,0.9430618312925806,0.7450424929178471,0.9104046242774566,,,binary,,,,,,,,,,,,,,,,,,,,,3.338135499998316,42,ecdb2816fbfecf3ce41ff2e3263e3bdaefd75a5bba81a8e030b7390f03e8d244,cb2cb2e442afa8d7158b02e4fe0114cf68696a9bf9f10f2a89c0ed63bc1301d2,34060e20ca6ca6de13d114a5b1b14cf4e1fd9ffccc3f7ec4453bb00d8b5646f1,438abff0db6412427460f780c5f2d5f211c2488800379ed4396de85ac20e93e5
reference_iii,4,2;4;5;6,III;aVL;aVF;V1,474,0.9474164774190528,0.7648725212464589,0.9165446559297218,,,binary,,,,,,,,,,,,,,,,,,,,,3.326846799998748,42,ecdb2816fbfecf3ce41ff2e3263e3bdaefd75a5bba81a8e030b7390f03e8d244,cb2cb2e442afa8d7158b02e4fe0114cf68696a9bf9f10f2a89c0ed63bc1301d2,34060e20ca6ca6de13d114a5b1b14cf4e1fd9ffccc3f7ec4453bb00d8b5646f1,58d299170e73104db90b6c9c9ab181da900b6331b4c6e4994719aa6c59e86948
reference_iii,4,2;4;5;7,III;aVL;aVF;V2,474,0.9422189965584248,0.7592067988668555,0.9112081513828238,,,binary,,,,,,,,,,,,,,,,,,,,,3.319800799999939,42,ecdb2816fbfecf3ce41ff2e3263e3bdaefd75a5bba81a8e030b7390f03e8d244,cb2cb2e442afa8d7158b02e4fe0114cf68696a9bf9f10f2a89c0ed63bc1301d2,34060e20ca6ca6de13d114a5b1b14cf4e1fd9ffccc3f7ec4453bb00d8b5646f1,50d32aa4840423a93fdab21b084d0f0e541c45b180596d47cd58ae24d0222854
reference_iii,4,2;4;5;8,III;aVL;aVF;V3,474,0.9422658207103224,0.7337110481586402,0.9135446685878963,,,binary,,,,,,,,,,,,,,,,,,,,,3.3224637000021175,42,ecdb2816fbfecf3ce41ff2e3263e3bdaefd75a5bba81a8e030b7390f03e8d244,cb2cb2e442afa8d7158b02e4fe0114cf68696a9bf9f10f2a89c0ed63bc1301d2,34060e20ca6ca6de13d114a5b1b14cf4e1fd9ffccc3f7ec4453bb00d8b5646f1,ca90833e3184277cafcb49062ad896397d4c7c82407c2eed8014629a5b22af53
reference_iii,4,2;4;5;9,III;aVL;aVF;V4,474,0.9452391543558167,0.7592067988668555,0.914616497829233,,,binary,,,,,,,,,,,,,,,,,,,,,3.32932670000082,42,ecdb2816fbfecf3ce41ff2e3263e3bdaefd75a5bba81a8e030b7390f03e8d244,cb2cb2e442afa8d7158b02e4fe0114cf68696a9bf9f10f2a89c0ed63bc1301d2,34060e20ca6ca6de13d114a5b1b14cf4e1fd9ffccc3f7ec4453bb00d8b5646f1,438d7afffb5d0515cfa9ae0de7f77c66a385f0fe1878904aa28043cd1c133a8f
reference_iii,4,2;4;5;10,III;aVL;aVF;V5,474,0.9458946924823824,0.7648725212464589,0.9156976744186046,,,binary,,,,,,,,,,,,,,,,,,,,,3.319884499996988,42,ecdb2816fbfecf3ce41ff2e3263e3bdaefd75a5bba81a8e030b7390f03e8d244,cb2cb2e442afa8d7158b02e4fe0114cf68696a9bf9f10f2a89c0ed63bc1301d2,34060e20ca6ca6de13d114a5b1b14cf4e1fd9ffccc3f7ec4453bb00d8b5646f1,b30e4175e0cbb867c3ff2b1d0fde7753b334813b0782fe69f7ff8733d6e1182a
reference_iii,4,2;4;5;11,III;aVL;aVF;V6,474,0.9449582094444314,0.7818696883852692,0.9120234604105572,,,binary,,,,,,,,,,,,,,,,,,,,,3.329790799998591,42,ecdb2816fbfecf3ce41ff2e3263e3bdaefd75a5bba81a8e030b7390f03e8d244,cb2cb2e442afa8d7158b02e4fe0114cf68696a9bf9f10f2a89c0ed63bc1301d2,34060e20ca6ca6de13d114a5b1b14cf4e1fd9ffccc3f7ec4453bb00d8b5646f1,5541f594483a652d30f393cf5dfb617ecf6cabd200fa1039dc58f324fc999887
reference_iii,4,2;4;6;7,III;aVL;V1;V2,474,0.9426404139255027,0.7563739376770539,0.9142857142857143,,,binary,,,,,,,,,,,,,,,,,,,,,3.3231102999998257,42,ecdb2816fbfecf3ce41ff2e3263e3bdaefd75a5bba81a8e030b7390f03e8d244,cb2cb2e442afa8d7158b02e4fe0114cf68696a9bf9f10f2a89c0ed63bc1301d2,34060e20ca6ca6de13d114a5b1b14cf4e1fd9ffccc3f7ec4453bb00d8b5646f1,8d65a380307b6fd7f50ac19d9da98648956bd2230c34087d08aa6cf698e90c3e
reference_iii,4,2;4;6;8,III;aVL;V1;V3,474,0.9419614637229883,0.7677053824362606,0.9127906976744186,,,binary,,,,,,,,,,,,,,,,,,,,,3.3374782999999297,42,ecdb2816fbfecf3ce41ff2e3263e3bdaefd75a5bba81a8e030b7390f03e8d244,cb2cb2e442afa8d7158b02e4fe0114cf68696a9bf9f10f2a89c0ed63bc1301d2,34060e20ca6ca6de13d114a5b1b14cf4e1fd9ffccc3f7ec4453bb00d8b5646f1,90db11b21e39d8fcd838156c8b9dbcdf7436acce5362e29613389c3bf71ac224
reference_iii,4,2;4;6;9,III;aVL;V1;V4,474,0.9485636691405427,0.8045325779036827,0.9156976744186046,,,binary,,,,,,,,,,,,,,,,,,,,,3.350585999996838,42,ecdb2816fbfecf3ce41ff2e3263e3bdaefd75a5bba81a8e030b7390f03e8d244,cb2cb2e442afa8d7158b02e4fe0114cf68696a9bf9f10f2a89c0ed63bc1301d2,34060e20ca6ca6de13d114a5b1b14cf4e1fd9ffccc3f7ec4453bb00d8b5646f1,d9b00f821f5e21163b88ec9c2122105fdc82d2d2d658ed285b421cd1ca161399
reference_iii,4,2;4;6;10,III;aVL;V1;V5,474,0.949148971039262,0.7932011331444759,0.9181286549707602,,,binary,,,,,,,,,,,,,,,,,,,,,3.40430429999833,42,ecdb2816fbfecf3ce41ff2e3263e3bdaefd75a5bba81a8e030b7390f03e8d244,cb2cb2e442afa8d7158b02e4fe0114cf68696a9bf9f10f2a89c0ed63bc1301d2,34060e20ca6ca6de13d114a5b1b14cf4e1fd9ffccc3f7ec4453bb00d8b5646f1,906c017ddbcc79f5ad6e316379856fffe500a513c914b58832b5ab0891d090d5
reference_iii,4,2;4;6;11,III;aVL;V1;V6,474,0.9486104932924403,0.7563739376770539,0.9149560117302052,,,binary,,,,,,,,,,,,,,,,,,,,,3.3173380000007455,42,ecdb2816fbfecf3ce41ff2e3263e3bdaefd75a5bba81a8e030b7390f03e8d244,cb2cb2e442afa8d7158b02e4fe0114cf68696a9bf9f10f2a89c0ed63bc1301d2,34060e20ca6ca6de13d114a5b1b14cf4e1fd9ffccc3f7ec4453bb00d8b5646f1,54575ca1af08c136e49a4e2587ad459030d9e007cd1b1a9c41c4a0115b54cabc
reference_iii,4,2;4;7;8,III;aVL;V2;V3,474,0.9369981036218482,0.7563739376770539,0.908029197080292,,,binary,,,,,,,,,,,,,,,,,,,,,3.2550625999974727,42,ecdb2816fbfecf3ce41ff2e3263e3bdaefd75a5bba81a8e030b7390f03e8d244,cb2cb2e442afa8d7158b02e4fe0114cf68696a9bf9f10f2a89c0ed63bc1301d2,34060e20ca6ca6de13d114a5b1b14cf4e1fd9ffccc3f7ec4453bb00d8b5646f1,66df0ee84262b222c633be48f3c50964494dc83310a49f17f7266bc40d91d0c7
reference_iii,4,2;4;7;9,III;aVL;V2;V4,474,0.9458712804064336,0.8073654390934845,0.9127906976744186,,,binary,,,,,,,,,,,,,,,,,,,,,3.2533605999997235,42,ecdb2816fbfecf3ce41ff2e3263e3bdaefd75a5bba81a8e030b7390f03e8d244,cb2cb2e442afa8d7158b02e4fe0114cf68696a9bf9f10f2a89c0ed63bc1301d2,34060e20ca6ca6de13d114a5b1b14cf4e1fd9ffccc3f7ec4453bb00d8b5646f1,3162dad567e1bb0493a786492bf7e548937123a63a86de58862c11831670761b
reference_iii,4,2;4;7;10,III;aVL;V2;V5,474,0.9472525928874114,0.7705382436260623,0.9132947976878613,,,binary,,,,,,,,,,,,,,,,,,,,,3.229218000000401,42,ecdb2816fbfecf3ce41ff2e3263e3bdaefd75a5bba81a8e030b7390f03e8d244,cb2cb2e442afa8d7158b02e4fe0114cf68696a9bf9f10f2a89c0ed63bc1301d2,34060e20ca6ca6de13d114a5b1b14cf4e1fd9ffccc3f7ec4453bb00d8b5646f1,7e8d9ce37adcfb4de2751c3b9464db7f666544e181a229c7516a7a98ef964885
reference_iii,4,2;4;7;11,III;aVL;V2;V6,474,0.9473462411912065,0.7790368271954674,0.910948905109489,,,binary,,,,,,,,,,,,,,,,,,,,,3.2313477999996394,42,ecdb2816fbfecf3ce41ff2e3263e3bdaefd75a5bba81a8e030b7390f03e8d244,cb2cb2e442afa8d7158b02e4fe0114cf68696a9bf9f10f2a89c0ed63bc1301d2,34060e20ca6ca6de13d114a5b1b14cf4e1fd9ffccc3f7ec4453bb00d8b5646f1,c93f9f05b0d2353c8bbe9c233303c5a985ff0c91326accbaf00bdd5a42f24a81
reference_iii,4,2;4;8;9,III;aVL;V3;V4,474,0.943038419216632,0.7422096317280453,0.9125364431486881,,,binary,,,,,,,,,,,,,,,,,,,,,3.225112200001604,42,ecdb2816fbfecf3ce41ff2e3263e3bdaefd75a5bba81a8e030b7390f03e8d244,cb2cb2e442afa8d7158b02e4fe0114cf68696a9bf9f10f2a89c0ed63bc1301d2,34060e20ca6ca6de13d114a5b1b14cf4e1fd9ffccc3f7ec4453bb00d8b5646f1,5e19fbf67528dc276afef7ad8caf93ba85d3d82782eeab6b754ea1d2d7e7049d
reference_iii,4,2;4;8;10,III;aVL;V3;V5,474,0.9454732751153045,0.7648725212464589,0.9090909090909091,,,binary,,,,,,,,,,,,,,,,,,,,,3.2299892000010004,42,ecdb2816fbfecf3ce41ff2e3263e3bdaefd75a5bba81a8e030b7390f03e8d244,cb2cb2e442afa8d7158b02e4fe0114cf68696a9bf9f10f2a89c0ed63bc1301d2,34060e20ca6ca6de13d114a5b1b14cf4e1fd9ffccc3f7ec4453bb00d8b5646f1,56c7a947c98768b081de69a33232ef7844ae5f7c4aa5404531ffb126c0f43d59
reference_iii,4,2;4;8;11,III;aVL;V3;V6,474,0.946035164938075,0.7847025495750708,0.9090909090909091,,,binary,,,,,,,,,,,,,,,,,,,,,3.2313108000016655,42,ecdb2816fbfecf3ce41ff2e3263e3bdaefd75a5bba81a8e030b7390f03e8d244,cb2cb2e442afa8d7158b02e4fe0114cf68696a9bf9f10f2a89c0ed63bc1301d2,34060e20ca6ca6de13d114a5b1b14cf4e1fd9ffccc3f7ec4453bb00d8b5646f1,2e36654d557b604ae7ce427c18d6638c8c5600c836abcca49380268c036704df
reference_iii,4,2;4;9;10,III;aVL;V4;V5,474,0.9469482359000773,0.7762039660056658,0.9188405797101449,,,binary,,,,,,,,,,,,,,,,,,,,,3.239761799999542,42,ecdb2816fbfecf3ce41ff2e3263e3bdaefd75a5bba81a8e030b7390f03e8d244,cb2cb2e442afa8d7158b02e4fe0114cf68696a9bf9f10f2a89c0ed63bc1301d2,34060e20ca6ca6de13d114a5b1b14cf4e1fd9ffccc3f7ec4453bb00d8b5646f1,ac4830fbf491c26e31f8c1bd26f5b5a484403ae847120bb86d3868e7094b3a43
reference_iii,4,2;4;9;11,III;aVL;V4;V6,474,0.9466204668367945,0.7903682719546742,0.9130434782608695,,,binary,,,,,,,,,,,,,,,,,,,,,3.244124400000146,42,ecdb2816fbfecf3ce41ff2e3263e3bdaefd75a5bba81a8e030b7390f03e8d244,cb2cb2e442afa8d7158b02e4fe0114cf68696a9bf9f10f2a89c0ed63bc1301d2,34060e20ca6ca6de13d114a5b1b14cf4e1fd9ffccc3f7ec4453bb00d8b5646f1,7e218100e5e9fc728e2ba8e539635b25a39e05b4d61ee94d414e38a32bb37e4e
reference_iii,4,2;4;10;11,III;aVL;V5;V6,474,0.9455903354950483,0.7592067988668555,0.9048316251830161,,,binary,,,,,,,,,,,,,,,,,,,,,3.3168643999997585,42,ecdb2816fbfecf3ce41ff2e3263e3bdaefd75a5bba81a8e030b7390f03e8d244,cb2cb2e442afa8d7158b02e4fe0114cf68696a9bf9f10f2a89c0ed63bc1301d2,34060e20ca6ca6de13d114a5b1b14cf4e1fd9ffccc3f7ec4453bb00d8b5646f1,8ee352cce1091c338052d3b89b06d6a921bf2f3c23463a255074c68b807e745d
reference_iii,4,2;5;6;7,III;aVF;V1;V2,474,0.9480486034696696,0.7847025495750708,0.9248554913294798,,,binary,,,,,,,,,,,,,,,,,,,,,3.3220757999988564,42,ecdb2816fbfecf3ce41ff2e3263e3bdaefd75a5bba81a8e030b7390f03e8d244,cb2cb2e442afa8d7158b02e4fe0114cf68696a9bf9f10f2a89c0ed63bc1301d2,34060e20ca6ca6de13d114a5b1b14cf4e1fd9ffccc3f7ec4453bb00d8b5646f1,a7c3a229749e0a92e30687cb79feb089c27fae9ebe62c8b0300b00b6e86f8db1
reference_iii,4,2;5;6;8,III;aVF;V1;V3,474,0.943764193571044,0.773371104815864,0.9159420289855073,,,binary,,,,,,,,,,,,,,,,,,,,,3.3245313999977952,42,ecdb2816fbfecf3ce41ff2e3263e3bdaefd75a5bba81a8e030b7390f03e8d244,cb2cb2e442afa8d7158b02e4fe0114cf68696a9bf9f10f2a89c0ed63bc1301d2,34060e20ca6ca6de13d114a5b1b14cf4e1fd9ffccc3f7ec4453bb00d8b5646f1,86537041fa4ee015b4519aba901758c397d23380a38afd0558fe6fc94b424b36
reference_iii,4,2;5;6;9,III;aVF;V1;V4,474,0.9467843513684358,0.8130311614730878,0.9122807017543859,,,binary,,,,,,,,,,,,,,,,,,,,,3.3234044999990147,42,ecdb2816fbfecf3ce41ff2e3263e3bdaefd75a5bba81a8e030b7390f03e8d244,cb2cb2e442afa8d7158b02e4fe0114cf68696a9bf9f10f2a89c0ed63bc1301d2,34060e20ca6ca6de13d114a5b1b14cf4e1fd9ffccc3f7ec4453bb00d8b5646f1,d3666bf6e23ff483a0982db67ff163568b568c348127f529812b466920dad7a8
reference_iii,4,2;5;6;10,III;aVF;V1;V5,474,0.9485168449886452,0.7677053824362606,0.9154518950437318,,,binary,,,,,,,,,,,,,,,,,,,,,3.3174502000001667,42,ecdb2816fbfecf3ce41ff2e3263e3bdaefd75a5bba81a8e030b7390f03e8d244,cb2cb2e442afa8d7158b02e4fe0114cf68696a9bf9f10f2a89c0ed63bc1301d2,34060e20ca6ca6de13d114a5b1b14cf4e1fd9ffccc3f7ec4453bb00d8b5646f1,202288a0f54c363f1db24b837c178e868d9a93128d48d407e50552c67ddc74b1
reference_iii,4,2;5;6;11,III;aVF;V1;V6,474,0.9480720155456184,0.7818696883852692,0.9122807017543859,,,binary,,,,,,,,,,,,,,,,,,,,,3.320317999998224,42,ecdb2816fbfecf3ce41ff2e3263e3bdaefd75a5bba81a8e030b7390f03e8d244,cb2cb2e442afa8d7158b02e4fe0114cf68696a9bf9f10f2a89c0ed63bc1301d2,34060e20ca6ca6de13d114a5b1b14cf4e1fd9ffccc3f7ec4453bb00d8b5646f1,cc5c8bd0e3207c8405f7d7a63feb29a758e9e21434a4d1e999cc66a52064152e
reference_iii,4,2;5;7;8,III;aVF;V2;V3,474,0.9404630908622668,0.7592067988668555,0.9085631349782293,,,binary,,,,,,,,,,,,,,,,,,,,,3.3207304999996268,42,ecdb2816fbfecf3ce41ff2e3263e3bdaefd75a5bba81a8e030b7390f03e8d244,cb2cb2e442afa8d7158b02e4fe0114cf68696a9bf9f10f2a89c0ed63bc1301d2,34060e20ca6ca6de13d114a5b1b14cf4e1fd9ffccc3f7ec4453bb00d8b5646f1,cac5946d207876e02fe2eb25e8de778bb645f80ef7293b7981704ef64033bd62
reference_iii,4,2;5;7;9,III;aVF;V2;V4,474,0.9425467656217078,0.773371104815864,0.908029197080292,,,binary,,,,,,,,,,,,,,,,,,,,,3.3194990000010876,42,ecdb2816fbfecf3ce41ff2e3263e3bdaefd75a5bba81a8e030b7390f03e8d244,cb2cb2e442afa8d7158b02e4fe0114cf68696a9bf9f10f2a89c0ed63bc1301d2,34060e20ca6ca6de13d114a5b1b14cf4e1fd9ffccc3f7ec4453bb00d8b5646f1,441cc8f962fc83960b07e417ebf833500752d5ed861150df4ef70451d837cdf6
reference_iii,4,2;5;7;10,III;aVF;V2;V5,474,0.947908131013977,0.773371104815864,0.9141193595342066,,,binary,,,,,,,,,,,,,,,,,,,,,3.337295199999062,42,ecdb2816fbfecf3ce41ff2e3263e3bdaefd75a5bba81a8e030b7390f03e8d244,cb2cb2e442afa8d7158b02e4fe0114cf68696a9bf9f10f2a89c0ed63bc1301d2,34060e20ca6ca6de13d114a5b1b14cf4e1fd9ffccc3f7ec4453bb00d8b5646f1,ba8565e8dc142c84b95754e49ffe42ca84c1c20967c8c39b1fd2705be71fa540
reference_iii,4,2;5;7;11,III;aVF;V2;V6,474,0.9470418842038724,0.7818696883852692,0.9077598828696926,,,binary,,,,,,,,,,,,,,,,,,,,,3.3402406999994128,42,ecdb2816fbfecf3ce41ff2e3263e3bdaefd75a5bba81a8e030b7390f03e8d244,cb2cb2e442afa8d7158b02e4fe0114cf68696a9bf9f10f2a89c0ed63bc1301d2,34060e20ca6ca6de13d114a5b1b14cf4e1fd9ffccc3f7ec4453bb00d8b5646f1,10c833c0504beba675f861570dcb5063229fd9cda7ab85a98c0ec464d7c5daf7
reference_iii,4,2;5;8;9,III;aVF;V3;V4,474,0.9400884976470864,0.7507082152974505,0.9114658925979681,,,binary,,,,,,,,,,,,,,,,,,,,,3.322186299999885,42,ecdb2816fbfecf3ce41ff2e3263e3bdaefd75a5bba81a8e030b7390f03e8d244,cb2cb2e442afa8d7158b02e4fe0114cf68696a9bf9f10f2a89c0ed63bc1301d2,34060e20ca6ca6de13d114a5b1b14cf4e1fd9ffccc3f7ec4453bb00d8b5646f1,450ce1782d78644a41d40916cc7c7cecf02f67c7654291146611012b2a9af12b
reference_iii,4,2;5;8;10,III;aVF;V3;V5,474,0.9449113852925339,0.7252124645892352,0.908029197080292,,,binary,,,,,,,,,,,,,,,,,,,,,3.342947400000412,42,ecdb2816fbfecf3ce41ff2e3263e3bdaefd75a5bba81a8e030b7390f03e8d244,cb2cb2e442afa8d7158b02e4fe0114cf68696a9bf9f10f2a89c0ed63bc1301d2,34060e20ca6ca6de13d114a5b1b14cf4e1fd9ffccc3f7ec4453bb00d8b5646f1,20d1ff61b8cb5dad75d35bac4f28a0e51d4d3014e494ffc68ecbaa1c248d45d5
reference_iii,4,2;5;8;11,III;aVF;V3;V6,474,0.945730807950741,0.7563739376770539,0.9112081513828238,,,binary,,,,,,,,,,,,,,,,,,,,,3.335855500001344,42,ecdb2816fbfecf3ce41ff2e3263e3bdaefd75a5bba81a8e030b7390f03e8d244,cb2cb2e442afa8d7158b02e4fe0114cf68696a9bf9f10f2a89c0ed63bc1301d2,34060e20ca6ca6de13d114a5b1b14cf4e1fd9ffccc3f7ec4453bb00d8b5646f1,1ef322ad214fb90195214235a52eee558287d8e92f8dd15652be7e9df97014c7
reference_iii,4,2;5;9;10,III;aVF;V4;V5,474,0.9451455060520216,0.7818696883852692,0.9190751445086706,,,binary,,,,,,,,,,,,,,,,,,,,,3.376482699997723,42,ecdb2816fbfecf3ce41ff2e3263e3bdaefd75a5bba81a8e030b7390f03e8d244,cb2cb2e442afa8d7158b02e4fe0114cf68696a9bf9f10f2a89c0ed63bc1301d2,34060e20ca6ca6de13d114a5b1b14cf4e1fd9ffccc3f7ec4453bb00d8b5646f1,897a8c2b94665f51711b90f9d3a9755f68db2d27992c96fa11505c9bf625692b
reference_iii,4,2;5;9;11,III;aVF;V4;V6,474,0.9447709128368412,0.7875354107648725,0.914616497829233,,,binary,,,,,,,,,,,,,,,,,,,,,3.3750373999973817,42,ecdb2816fbfecf3ce41ff2e3263e3bdaefd75a5bba81a8e030b7390f03e8d244,cb2cb2e442afa8d7158b02e4fe0114cf68696a9bf9f10f2a89c0ed63bc1301d2,34060e20ca6ca6de13d114a5b1b14cf4e1fd9ffccc3f7ec4453bb00d8b5646f1,eb87e0a5883aafe492f931672d8dbe630940dbec283ab892bf370e75b99d1f8b
reference_iii,4,2;5;10;11,III;aVF;V5;V6,474,0.9454966871912532,0.7450424929178471,0.9098837209302325,,,binary,,,,,,,,,,,,,,,,,,,,,3.3783323999996355,42,ecdb2816fbfecf3ce41ff2e3263e3bdaefd75a5bba81a8e030b7390f03e8d244,cb2cb2e442afa8d7158b02e4fe0114cf68696a9bf9f10f2a89c0ed63bc1301d2,34060e20ca6ca6de13d114a5b1b14cf4e1fd9ffccc3f7ec4453bb00d8b5646f1,be7ed7d8a3cf231cf1509673862de60c1c57bdc6825f27e7e61ca1a78373891d
reference_iii,4,2;6;7;8,III;V1;V2;V3,474,0.9349612530143048,0.7677053824362606,0.9067055393586005,,,binary,,,,,,,,,,,,,,,,,,,,,3.2603897000008146,42,ecdb2816fbfecf3ce41ff2e3263e3bdaefd75a5bba81a8e030b7390f03e8d244,cb2cb2e442afa8d7158b02e4fe0114cf68696a9bf9f10f2a89c0ed63bc1301d2,34060e20ca6ca6de13d114a5b1b14cf4e1fd9ffccc3f7ec4453bb00d8b5646f1,23bd223cad59c391681542955dcea48815f447cec876e94304a82d28fb424f00
reference_iii,4,2;6;7;9,III;V1;V2;V4,474,0.9443260833938145,0.7648725212464589,0.9143686502177069,,,binary,,,,,,,,,,,,,,,,,,,,,3.2892012000011164,42,ecdb2816fbfecf3ce41ff2e3263e3bdaefd75a5bba81a8e030b7390f03e8d244,cb2cb2e442afa8d7158b02e4fe0114cf68696a9bf9f10f2a89c0ed63bc1301d2,34060e20ca6ca6de13d114a5b1b14cf4e1fd9ffccc3f7ec4453bb00d8b5646f1,6238d743e16e93b703c4e9876bd4de286e3d12e21cc5b4f583095bd1f38336e5
reference_iii,4,2;6;7;10,III;V1;V2;V5,474,0.9473462411912065,0.7875354107648725,0.9114658925979681,,,binary,,,,,,,,,,,,,,,,,,,,,3.331740500001615,42,ecdb2816fbfecf3ce41ff2e3263e3bdaefd75a5bba81a8e030b7390f03e8d244,cb2cb2e442afa8d7158b02e4fe0114cf68696a9bf9f10f2a89c0ed63bc1301d2,34060e20ca6ca6de13d114a5b1b14cf4e1fd9ffccc3f7ec4453bb00d8b5646f1,d5e5bd04f69132f1190aceaad4eb1be7fea7dfca129ae756b9f463979c7ce8f2
reference_iii,4,2;6;7;11,III;V1;V2;V6,474,0.9470652962798211,0.7903682719546742,0.9088235294117647,,,binary,,,,,,,,,,,,,,,,,,,,,3.247833900000842,42,ecdb2816fbfecf3ce41ff2e3263e3bdaefd75a5bba81a8e030b7390f03e8d244,cb2cb2e442afa8d7158b02e4fe0114cf68696a9bf9f10f2a89c0ed63bc1301d2,34060e20ca6ca6de13d114a5b1b14cf4e1fd9ffccc3f7ec4453bb00d8b5646f1,6c56637c8db3b6e00e6b25db34e66e8f2b5f108aade9803c4b9123c139316c89
reference_iii,4,2;6;8;9,III;V1;V3;V4,474,0.9423828810900663,0.7790368271954674,0.9114658925979681,,,binary,,,,,,,,,,,,,,,,,,,,,3.2563559000009263,42,ecdb2816fbfecf3ce41ff2e3263e3bdaefd75a5bba81a8e030b7390f03e8d244,cb2cb2e442afa8d7158b02e4fe0114cf68696a9bf9f10f2a89c0ed63bc1301d2,34060e20ca6ca6de13d114a5b1b14cf4e1fd9ffccc3f7ec4453bb00d8b5646f1,716301523d46b765ca2d03504bd3658ad14bcad370e95d9633375e79797fae49
reference_iii,4,2;6;8;10,III;V1;V3;V5,474,0.9442558471659681,0.7705382436260623,0.908029197080292,,,binary,,,,,,,,,,,,,,,,,,,,,3.333667000002606,42,ecdb2816fbfecf3ce41ff2e3263e3bdaefd75a5bba81a8e030b7390f03e8d244,cb2cb2e442afa8d7158b02e4fe0114cf68696a9bf9f10f2a89c0ed63bc1301d2,34060e20ca6ca6de13d114a5b1b14cf4e1fd9ffccc3f7ec4453bb00d8b5646f1,68bf89ea280ccad8da69c925b40fc99cff63365b14e26bbd501b9149db9aa8c1
reference_iii,4,2;6;8;11,III;V1;V3;V6,474,0.9446304403811484,0.7762039660056658,0.9067055393586005,,,binary,,,,,,,,,,,,,,,,,,,,,3.3512413000025845,42,ecdb2816fbfecf3ce41ff2e3263e3bdaefd75a5bba81a8e030b7390f03e8d244,cb2cb2e442afa8d7158b02e4fe0114cf68696a9bf9f10f2a89c0ed63bc1301d2,34060e20ca6ca6de13d114a5b1b14cf4e1fd9ffccc3f7ec4453bb00d8b5646f1,95ff4b0e4b56db8e717143cffca4de82b7c92544af10535fe73e5814306bae94
reference_iii,4,2;6;9;10,III;V1;V4;V5,474,0.9455669234190995,0.7648725212464589,0.9122807017543859,,,binary,,,,,,,,,,,,,,,,,,,,,3.3454400000009628,42,ecdb2816fbfecf3ce41ff2e3263e3bdaefd75a5bba81a8e030b7390f03e8d244,cb2cb2e442afa8d7158b02e4fe0114cf68696a9bf9f10f2a89c0ed63bc1301d2,34060e20ca6ca6de13d114a5b1b14cf4e1fd9ffccc3f7ec4453bb00d8b5646f1,93619d26e961cb54d9e7284ba2b4837ccbe9c3e3378f9a783496c20ba855ffca
reference_iii,4,2;6;9;11,III;V1;V4;V6,474,0.9464799943811019,0.7988668555240793,0.9138686131386862,,,binary,,,,,,,,,,,,,,,,,,,,,3.331741599999077,42,ecdb2816fbfecf3ce41ff2e3263e3bdaefd75a5bba81a8e030b7390f03e8d244,cb2cb2e442afa8d7158b02e4fe0114cf68696a9bf9f10f2a89c0ed63bc1301d2,34060e20ca6ca6de13d114a5b1b14cf4e1fd9ffccc3f7ec4453bb00d8b5646f1,38bcd3da48fdaa0089b1e30df4415e1843d35637bdf09d8a49e768cd05514707
reference_iii,4,2;6;10;11,III;V1;V5;V6,474,0.9471355325076675,0.7790368271954674,0.9122807017543859,,,binary,,,,,,,,,,,,,,,,,,,,,3.336337900000217,42,ecdb2816fbfecf3ce41ff2e3263e3bdaefd75a5bba81a8e030b7390f03e8d244,cb2cb2e442afa8d7158b02e4fe0114cf68696a9bf9f10f2a89c0ed63bc1301d2,34060e20ca6ca6de13d114a5b1b14cf4e1fd9ffccc3f7ec4453bb00d8b5646f1,12da6b225e0edb98a43db0cafea814807408cfbd81095e787860f5bb0297c22e
reference_iii,4,2;7;8;9,III;V2;V3;V4,474,0.9362489171914874,0.7818696883852692,0.9101449275362319,,,binary,,,,,,,,,,,,,,,,,,,,,3.3509573999981512,42,ecdb2816fbfecf3ce41ff2e3263e3bdaefd75a5bba81a8e030b7390f03e8d244,cb2cb2e442afa8d7158b02e4fe0114cf68696a9bf9f10f2a89c0ed63bc1301d2,34060e20ca6ca6de13d114a5b1b14cf4e1fd9ffccc3f7ec4453bb00d8b5646f1,a0cd6fbfb619c9068045925b46054a5366239e49d251321ae0192621f5b1e6c5
reference_iii,4,2;7;8;10,III;V2;V3;V5,474,0.9418209912672957,0.7648725212464589,0.9141193595342066,,,binary,,,,,,,,,,,,,,,,,,,,,3.3501309999992372,42,ecdb2816fbfecf3ce41ff2e3263e3bdaefd75a5bba81a8e030b7390f03e8d244,cb2cb2e442afa8d7158b02e4fe0114cf68696a9bf9f10f2a89c0ed63bc1301d2,34060e20ca6ca6de13d114a5b1b14cf4e1fd9ffccc3f7ec4453bb00d8b5646f1,c91f2f8b9eef06e40ec0ecab04bd1d2c7deacdb2dd2d4e4d441d71a409a6baee
reference_iii,4,2;7;8;11,III;V2;V3;V6,474,0.9401119097230352,0.7393767705382436,0.9040697674418605,,,binary,,,,,,,,,,,,,,,,,,,,,3.335821399999986,42,ecdb2816fbfecf3ce41ff2e3263e3bdaefd75a5bba81a8e030b7390f03e8d244,cb2cb2e442afa8d7158b02e4fe0114cf68696a9bf9f10f2a89c0ed63bc1301d2,34060e20ca6ca6de13d114a5b1b14cf4e1fd9ffccc3f7ec4453bb00d8b5646f1,dd80225304317b0d2f53c7371c6e27e033dcff0da9c9f241e76228a54628250c
reference_iii,4,2;7;9;10,III;V2;V4;V5,474,0.9431320675204271,0.7847025495750708,0.9114658925979681,,,binary,,,,,,,,,,,,,,,,,,,,,3.3271626999994623,42,ecdb2816fbfecf3ce41ff2e3263e3bdaefd75a5bba81a8e030b7390f03e8d244,cb2cb2e442afa8d7158b02e4fe0114cf68696a9bf9f10f2a89c0ed63bc1301d2,34060e20ca6ca6de13d114a5b1b14cf4e1fd9ffccc3f7ec4453bb00d8b5646f1,a1b2e8313b082641798124c9a2583f21f25b64974438f04f22b5212c30768199
reference_iii,4,2;7;9;11,III;V2;V4;V6,474,0.9420785241027322,0.7875354107648725,0.9117221418234442,,,binary,,,,,,,,,,,,,,,,,,,,,3.323193500000343,42,ecdb2816fbfecf3ce41ff2e3263e3bdaefd75a5bba81a8e030b7390f03e8d244,cb2cb2e442afa8d7158b02e4fe0114cf68696a9bf9f10f2a89c0ed63bc1301d2,34060e20ca6ca6de13d114a5b1b14cf4e1fd9ffccc3f7ec4453bb00d8b5646f1,10b51c61a684b0a6754b8f82bf979e29e241f2414766175927eaf57269cf9dbb
reference_iii,4,2;7;10;11,III;V2;V5;V6,474,0.9452625664317655,0.7903682719546742,0.9037900874635568,,,binary,,,,,,,,,,,,,,,,,,,,,3.322757300000376,42,ecdb2816fbfecf3ce41ff2e3263e3bdaefd75a5bba81a8e030b7390f03e8d244,cb2cb2e442afa8d7158b02e4fe0114cf68696a9bf9f10f2a89c0ed63bc1301d2,34060e20ca6ca6de13d114a5b1b14cf4e1fd9ffccc3f7ec4453bb00d8b5646f1,a4766d14a0183a4146c1d1a76275bc6af5f73c405f8fcfd24ac57f5bdc25bd91
reference_iii,4,2;8;9;10,III;V3;V4;V5,474,0.9423594690141175,0.7620396600566572,0.9112081513828238,,,binary,,,,,,,,,,,,,,,,,,,,,3.327425100000255,42,ecdb2816fbfecf3ce41ff2e3263e3bdaefd75a5bba81a8e030b7390f03e8d244,cb2cb2e442afa8d7158b02e4fe0114cf68696a9bf9f10f2a89c0ed63bc1301d2,34060e20ca6ca6de13d114a5b1b14cf4e1fd9ffccc3f7ec4453bb00d8b5646f1,ece8eb343475f5b4de015c7009f25313e2b79bd83f505d87a8948e9e9ab4921c
reference_iii,4,2;8;9;11,III;V3;V4;V6,474,0.9414229859761665,0.7592067988668555,0.9114658925979681,,,binary,,,,,,,,,,,,,,,,,,,,,3.319444900000235,42,ecdb2816fbfecf3ce41ff2e3263e3bdaefd75a5bba81a8e030b7390f03e8d244,cb2cb2e442afa8d7158b02e4fe0114cf68696a9bf9f10f2a89c0ed63bc1301d2,34060e20ca6ca6de13d114a5b1b14cf4e1fd9ffccc3f7ec4453bb00d8b5646f1,ae6218da03076d0ce7802ebd80626b95e418fd47f3256326152a2b38ac13d449
reference_iii,4,2;8;10;11,III;V3;V5;V6,474,0.9441387867862243,0.7507082152974505,0.9114658925979681,,,binary,,,,,,,,,,,,,,,,,,,,,3.3462459000002127,42,ecdb2816fbfecf3ce41ff2e3263e3bdaefd75a5bba81a8e030b7390f03e8d244,cb2cb2e442afa8d7158b02e4fe0114cf68696a9bf9f10f2a89c0ed63bc1301d2,34060e20ca6ca6de13d114a5b1b14cf4e1fd9ffccc3f7ec4453bb00d8b5646f1,49c7290acf494efae753d7e33d619a5e7b18b471a0b953d69986c4fb1a2b0a87
reference_iii,4,2;9;10;11,III;V4;V5;V6,474,0.9434598365837099,0.7818696883852692,0.9098837209302325,,,binary,,,,,,,,,,,,,,,,,,,,,3.3271386999986134,42,ecdb2816fbfecf3ce41ff2e3263e3bdaefd75a5bba81a8e030b7390f03e8d244,cb2cb2e442afa8d7158b02e4fe0114cf68696a9bf9f10f2a89c0ed63bc1301d2,34060e20ca6ca6de13d114a5b1b14cf4e1fd9ffccc3f7ec4453bb00d8b5646f1,90c4c9b591191ffcaa26107c72163ab75d4c2ec6e0802d157663b4ba6b52edff
reference_iii,4,3;4;5;6,aVR;aVL;aVF;V1,474,0.951630651089832,0.7875354107648725,0.9219653179190751,,,binary,,,,,,,,,,,,,,,,,,,,,3.3287985999995726,42,ecdb2816fbfecf3ce41ff2e3263e3bdaefd75a5bba81a8e030b7390f03e8d244,cb2cb2e442afa8d7158b02e4fe0114cf68696a9bf9f10f2a89c0ed63bc1301d2,34060e20ca6ca6de13d114a5b1b14cf4e1fd9ffccc3f7ec4453bb00d8b5646f1,ae4721af6b04f549c6452ac5f08272a41b4646ebde2c1646901d04d69ea33ef6
reference_iii,4,3;4;5;7,aVR;aVL;aVF;V2,474,0.946245873621614,0.7563739376770539,0.9117221418234442,,,binary,,,,,,,,,,,,,,,,,,,,,3.3291360000002896,42,ecdb2816fbfecf3ce41ff2e3263e3bdaefd75a5bba81a8e030b7390f03e8d244,cb2cb2e442afa8d7158b02e4fe0114cf68696a9bf9f10f2a89c0ed63bc1301d2,34060e20ca6ca6de13d114a5b1b14cf4e1fd9ffccc3f7ec4453bb00d8b5646f1,a623d698a4b4fdde1528bc652dc03d23740a36db9b48c045f3cb8d0b592957ec
reference_iii,4,3;4;5;8,aVR;aVL;aVF;V3,474,0.9432959520520685,0.7677053824362606,0.9151079136690647,,,binary,,,,,,,,,,,,,,,,,,,,,3.327008800002659,42,ecdb2816fbfecf3ce41ff2e3263e3bdaefd75a5bba81a8e030b7390f03e8d244,cb2cb2e442afa8d7158b02e4fe0114cf68696a9bf9f10f2a89c0ed63bc1301d2,34060e20ca6ca6de13d114a5b1b14cf4e1fd9ffccc3f7ec4453bb00d8b5646f1,9e594497b4ce0908779da13bdca0042406cb10c9938321d2d9bf1d75fe0717e6
reference_iii,4,3;4;5;9,aVR;aVL;aVF;V4,474,0.9461756373937676,0.773371104815864,0.9224137931034483,,,binary,,,,,,,,,,,,,,,,,,,,,3.3283255999995163,42,ecdb2816fbfecf3ce41ff2e3263e3bdaefd75a5bba81a8e030b7390f03e8d244,cb2cb2e442afa8d7158b02e4fe0114cf68696a9bf9f10f2a89c0ed63bc1301d2,34060e20ca6ca6de13d114a5b1b14cf4e1fd9ffccc3f7ec4453bb00d8b5646f1,cf5dc093a6c81957bee5480dbd34f78f0488779531fd26b54848173b4f9bcda6
reference_iii,4,3;4;5;10,aVR;aVL;aVF;V5,474,0.9463395219254092,0.773371104815864,0.914616497829233,,,binary,,,,,,,,,,,,,,,,,,,,,3.3293298999997205,42,ecdb2816fbfecf3ce41ff2e3263e3bdaefd75a5bba81a8e030b7390f03e8d244,cb2cb2e442afa8d7158b02e4fe0114cf68696a9bf9f10f2a89c0ed63bc1301d2,34060e20ca6ca6de13d114a5b1b14cf4e1fd9ffccc3f7ec4453bb00d8b5646f1,5ca1c5406b57b43952b04ba7ee46e0ca2a57bc87427375af30619492423be4b5
reference_iii,4,3;4;5;11,aVR;aVL;aVF;V6,474,0.9468077634443846,0.7648725212464589,0.9186046511627907,,,binary,,,,,,,,,,,,,,,,,,,,,3.3284542999972473,42,ecdb2816fbfecf3ce41ff2e3263e3bdaefd75a5bba81a8e030b7390f03e8d244,cb2cb2e442afa8d7158b02e4fe0114cf68696a9bf9f10f2a89c0ed63bc1301d2,34060e20ca6ca6de13d114a5b1b14cf4e1fd9ffccc3f7ec4453bb00d8b5646f1,20089c7eba62a3635eb5be4f1d1787e67f8f0cefec11ab567341b99466034163
reference_iii,4,3;4;6;7,aVR;aVL;V1;V2,474,0.9491255589633134,0.7960339943342776,0.9143686502177069,,,binary,,,,,,,,,,,,,,,,,,,,,3.32475279999926,42,ecdb2816fbfecf3ce41ff2e3263e3bdaefd75a5bba81a8e030b7390f03e8d244,cb2cb2e442afa8d7158b02e4fe0114cf68696a9bf9f10f2a89c0ed63bc1301d2,34060e20ca6ca6de13d114a5b1b14cf4e1fd9ffccc3f7ec4453bb00d8b5646f1,1e566c9b8b2a53560510481cfb269f4e6b354fbae759b7367dabe6c8718499ed
reference_iii,4,3;4;6;8,aVR;aVL;V1;V3,474,0.9444665558495071,0.7507082152974505,0.9125364431486881,,,binary,,,,,,,,,,,,,,,,,,,,,3.327132000002166,42,ecdb2816fbfecf3ce41ff2e3263e3bdaefd75a5bba81a8e030b7390f03e8d244,cb2cb2e442afa8d7158b02e4fe0114cf68696a9bf9f10f2a89c0ed63bc1301d2,34060e20ca6ca6de13d114a5b1b14cf4e1fd9ffccc3f7ec4453bb00d8b5646f1,94a8529d6b308e88929119f8fc76b01d4e304fd528110129b262c418588bbba4
reference_iii,4,3;4;6;9,aVR;aVL;V1;V4,474,0.9506239318240348,0.7818696883852692,0.9186046511627907,,,binary,,,,,,,,,,,,,,,,,,,,,3.3303288000024622,42,ecdb2816fbfecf3ce41ff2e3263e3bdaefd75a5bba81a8e030b7390f03e8d244,cb2cb2e442afa8d7158b02e4fe0114cf68696a9bf9f10f2a89c0ed63bc1301d2,34060e20ca6ca6de13d114a5b1b14cf4e1fd9ffccc3f7ec4453bb00d8b5646f1,8f380de02c43e160201d461f7219173db5fe515b470683701a94c661dec71564
reference_iii,4,3;4;6;10,aVR;aVL;V1;V5,474,0.9513731182543955,0.773371104815864,0.9230769230769231,,,binary,,,,,,,,,,,,,,,,,,,,,3.353929500000959,42,ecdb2816fbfecf3ce41ff2e3263e3bdaefd75a5bba81a8e030b7390f03e8d244,cb2cb2e442afa8d7158b02e4fe0114cf68696a9bf9f10f2a89c0ed63bc1301d2,34060e20ca6ca6de13d114a5b1b14cf4e1fd9ffccc3f7ec4453bb00d8b5646f1,5bb5b8d083b95cecd5d83fd0cf8cee0e5fe5b4d563c943141e1cc37a17007543
reference_iii,4,3;4;6;11,aVR;aVL;V1;V6,474,0.9516540631657808,0.7847025495750708,0.9244186046511628,,,binary,,,,,,,,,,,,,,,,,,,,,3.37262919999921,42,ecdb2816fbfecf3ce41ff2e3263e3bdaefd75a5bba81a8e030b7390f03e8d244,cb2cb2e442afa8d7158b02e4fe0114cf68696a9bf9f10f2a89c0ed63bc1301d2,34060e20ca6ca6de13d114a5b1b14cf4e1fd9ffccc3f7ec4453bb00d8b5646f1,3b50ad765f0dd36d37afcc5498a1471d41b1685fb3101ef29238366999b235fb
reference_iii,4,3;4;7;8,aVR;aVL;V2;V3,474,0.9439280781026853,0.7365439093484419,0.9101449275362319,,,binary,,,,,,,,,,,,,,,,,,,,,3.3764021000024513,42,ecdb2816fbfecf3ce41ff2e3263e3bdaefd75a5bba81a8e030b7390f03e8d244,cb2cb2e442afa8d7158b02e4fe0114cf68696a9bf9f10f2a89c0ed63bc1301d2,34060e20ca6ca6de13d114a5b1b14cf4e1fd9ffccc3f7ec4453bb00d8b5646f1,ea124b6171ffca1c85da17b3c3b7af332f4a553e74581378449ae8e507208abb
reference_iii,4,3;4;7;9,aVR;aVL;V2;V4,474,0.9491957951911595,0.7507082152974505,0.9170305676855895,,,binary,,,,,,,,,,,,,,,,,,,,,3.352560600000288,42,ecdb2816fbfecf3ce41ff2e3263e3bdaefd75a5bba81a8e030b7390f03e8d244,cb2cb2e442afa8d7158b02e4fe0114cf68696a9bf9f10f2a89c0ed63bc1301d2,34060e20ca6ca6de13d114a5b1b14cf4e1fd9ffccc3f7ec4453bb00d8b5646f1,60a377d8d6a775bfd32cb9d79234f9510dd1a65ea572b5a3350319d5e182f88d
reference_iii,4,3;4;7;10,aVR;aVL;V2;V5,474,0.9502493386088545,0.7620396600566572,0.9156976744186046,,,binary,,,,,,,,,,,,,,,,,,,,,3.3295118999994884,42,ecdb2816fbfecf3ce41ff2e3263e3bdaefd75a5bba81a8e030b7390f03e8d244,cb2cb2e442afa8d7158b02e4fe0114cf68696a9bf9f10f2a89c0ed63bc1301d2,34060e20ca6ca6de13d114a5b1b14cf4e1fd9ffccc3f7ec4453bb00d8b5646f1,2ce4b9c7cc55b28dd7fcd6ea312272f23553f0cd1328a8c44f01494c4b845da2
reference_iii,4,3;4;7;11,aVR;aVL;V2;V6,474,0.9508814646594713,0.7875354107648725,0.9199417758369723,,,binary,,,,,,,,,,,,,,,,,,,,,3.330557500001305,42,ecdb2816fbfecf3ce41ff2e3263e3bdaefd75a5bba81a8e030b7390f03e8d244,cb2cb2e442afa8d7158b02e4fe0114cf68696a9bf9f10f2a89c0ed63bc1301d2,34060e20ca6ca6de13d114a5b1b14cf4e1fd9ffccc3f7ec4453bb00d8b5646f1,506dc6228140783d221c8ea4b262690da40b94127553a80b44048c3779bd9287
reference_iii,4,3;4;8;9,aVR;aVL;V3;V4,474,0.945309390583663,0.7677053824362606,0.9186046511627907,,,binary,,,,,,,,,,,,,,,,,,,,,3.3443002000021806,42,ecdb2816fbfecf3ce41ff2e3263e3bdaefd75a5bba81a8e030b7390f03e8d244,cb2cb2e442afa8d7158b02e4fe0114cf68696a9bf9f10f2a89c0ed63bc1301d2,34060e20ca6ca6de13d114a5b1b14cf4e1fd9ffccc3f7ec4453bb00d8b5646f1,ce6b11746f10128783b3424d4e74e07ad8e312e498aca6941c82275abbc28600
reference_iii,4,3;4;8;10,aVR;aVL;V3;V5,474,0.9461756373937678,0.7507082152974505,0.9098837209302325,,,binary,,,,,,,,,,,,,,,,,,,,,3.3842733000019507,42,ecdb2816fbfecf3ce41ff2e3263e3bdaefd75a5bba81a8e030b7390f03e8d244,cb2cb2e442afa8d7158b02e4fe0114cf68696a9bf9f10f2a89c0ed63bc1301d2,34060e20ca6ca6de13d114a5b1b14cf4e1fd9ffccc3f7ec4453bb00d8b5646f1,76f213bb87a43c9445703a118a200b9b1c05685ee85e7f8f6248884c00fa45fa
reference_iii,4,3;4;8;11,aVR;aVL;V3;V6,474,0.9464097581532555,0.7677053824362606,0.9104258443465492,,,binary,,,,,,,,,,,,,,,,,,,,,3.3802378000000317,42,ecdb2816fbfecf3ce41ff2e3263e3bdaefd75a5bba81a8e030b7390f03e8d244,cb2cb2e442afa8d7158b02e4fe0114cf68696a9bf9f10f2a89c0ed63bc1301d2,34060e20ca6ca6de13d114a5b1b14cf4e1fd9ffccc3f7ec4453bb00d8b5646f1,a1e1aa4b106c3469c8e355e476c213c59368d0a3cc522b2b4809c6450f5b6657
reference_iii,4,3;4;9;10,aVR;aVL;V4;V5,474,0.946035164938075,0.7393767705382436,0.9188405797101449,,,binary,,,,,,,,,,,,,,,,,,,,,3.3947504999996454,42,ecdb2816fbfecf3ce41ff2e3263e3bdaefd75a5bba81a8e030b7390f03e8d244,cb2cb2e442afa8d7158b02e4fe0114cf68696a9bf9f10f2a89c0ed63bc1301d2,34060e20ca6ca6de13d114a5b1b14cf4e1fd9ffccc3f7ec4453bb00d8b5646f1,6d252dc4aa2c7eff920a40d37cef154b9e8b6977784c730ffa4507b770351e81
reference_iii,4,3;4;9;11,aVR;aVL;V4;V6,474,0.9470887083557699,0.7875354107648725,0.9141193595342066,,,binary,,,,,,,,,,,,,,,,,,,,,3.3917256999993697,42,ecdb2816fbfecf3ce41ff2e3263e3bdaefd75a5bba81a8e030b7390f03e8d244,cb2cb2e442afa8d7158b02e4fe0114cf68696a9bf9f10f2a89c0ed63bc1301d2,34060e20ca6ca6de13d114a5b1b14cf4e1fd9ffccc3f7ec4453bb00d8b5646f1,09c184487d9539bcf1a71a5d3bb520576d373e27bc4577c03060c3c78af39ace
reference_iii,4,3;4;10;11,aVR;aVL;V5;V6,474,0.9445602041533022,0.7762039660056658,0.9135446685878963,,,binary,,,,,,,,,,,,,,,,,,,,,3.3992096999973,42,ecdb2816fbfecf3ce41ff2e3263e3bdaefd75a5bba81a8e030b7390f03e8d244,cb2cb2e442afa8d7158b02e4fe0114cf68696a9bf9f10f2a89c0ed63bc1301d2,34060e20ca6ca6de13d114a5b1b14cf4e1fd9ffccc3f7ec4453bb00d8b5646f1,58dbc9f78658da9ef47aed25c3daf791ce0570f9392cf70c90a8bde4b4edae99
reference_iii,4,3;5;6;7,aVR;aVF;V1;V2,474,0.9486573174443377,0.7648725212464589,0.9156976744186046,,,binary,,,,,,,,,,,,,,,,,,,,,3.4325857000003452,42,ecdb2816fbfecf3ce41ff2e3263e3bdaefd75a5bba81a8e030b7390f03e8d244,cb2cb2e442afa8d7158b02e4fe0114cf68696a9bf9f10f2a89c0ed63bc1301d2,34060e20ca6ca6de13d114a5b1b14cf4e1fd9ffccc3f7ec4453bb00d8b5646f1,4fb9b984dd519c674325635588355d7b26e72e06dc491805ff0266cc89df09b3
reference_iii,4,3;5;6;8,aVR;aVF;V1;V3,474,0.9443963196216608,0.7110481586402266,0.9206349206349206,,,binary,,,,,,,,,,,,,,,,,,,,,3.3940324999966833,42,ecdb2816fbfecf3ce41ff2e3263e3bdaefd75a5bba81a8e030b7390f03e8d244,cb2cb2e442afa8d7158b02e4fe0114cf68696a9bf9f10f2a89c0ed63bc1301d2,34060e20ca6ca6de13d114a5b1b14cf4e1fd9ffccc3f7ec4453bb00d8b5646f1,ef6c4e103b41c8f237f0df20bd0fc875749d4c62246f8db6bdcc057ea6f43c18
reference_iii,4,3;5;6;9,aVR;aVF;V1;V4,474,0.9484700208367476,0.7393767705382436,0.9199417758369723,,,binary,,,,,,,,,,,,,,,,,,,,,3.3563355000005686,42,ecdb2816fbfecf3ce41ff2e3263e3bdaefd75a5bba81a8e030b7390f03e8d244,cb2cb2e442afa8d7158b02e4fe0114cf68696a9bf9f10f2a89c0ed63bc1301d2,34060e20ca6ca6de13d114a5b1b14cf4e1fd9ffccc3f7ec4453bb00d8b5646f1,2c63aa9f7d996c50a0f88fd90bff28a6402263e371055aab44fbcd0d078079a5
reference_iii,4,3;5;6;10,aVR;aVF;V1;V5,474,0.9500386299253155,0.7620396600566572,0.9201741654571843,,,binary,,,,,,,,,,,,,,,,,,,,,3.4155443999989075,42,ecdb2816fbfecf3ce41ff2e3263e3bdaefd75a5bba81a8e030b7390f03e8d244,cb2cb2e442afa8d7158b02e4fe0114cf68696a9bf9f10f2a89c0ed63bc1301d2,34060e20ca6ca6de13d114a5b1b14cf4e1fd9ffccc3f7ec4453bb00d8b5646f1,22077585b1a5229e6655703a1bdd3df4fbb157c190cbc6ad3855d271dcc10523
reference_iii,4,3;5;6;11,aVR;aVF;V1;V6,474,0.9495938004822887,0.7847025495750708,0.9230769230769231,,,binary,,,,,,,,,,,,,,,,,,,,,3.4618314999970607,42,ecdb2816fbfecf3ce41ff2e3263e3bdaefd75a5bba81a8e030b7390f03e8d244,cb2cb2e442afa8d7158b02e4fe0114cf68696a9bf9f10f2a89c0ed63bc1301d2,34060e20ca6ca6de13d114a5b1b14cf4e1fd9ffccc3f7ec4453bb00d8b5646f1,2640d8b6eb3072b6d6fd1b80e06866416688dd4a85448db07f6ebd5c7773f928
reference_iii,4,3;5;7;8,aVR;aVF;V2;V3,474,0.9438344297988903,0.7393767705382436,0.9143686502177069,,,binary,,,,,,,,,,,,,,,,,,,,,3.4469382999996014,42,ecdb2816fbfecf3ce41ff2e3263e3bdaefd75a5bba81a8e030b7390f03e8d244,cb2cb2e442afa8d7158b02e4fe0114cf68696a9bf9f10f2a89c0ed63bc1301d2,34060e20ca6ca6de13d114a5b1b14cf4e1fd9ffccc3f7ec4453bb00d8b5646f1,feba9b2bc81b2f42e3e84e9a6a1deccf5308bb7492dce69d09c156ff60688990
reference_iii,4,3;5;7;9,aVR;aVF;V2;V4,474,0.9474633015709503,0.7677053824362606,0.9183673469387755,,,binary,,,,,,,,,,,,,,,,,,,,,3.471151200003078,42,ecdb2816fbfecf3ce41ff2e3263e3bdaefd75a5bba81a8e030b7390f03e8d244,cb2cb2e442afa8d7158b02e4fe0114cf68696a9bf9f10f2a89c0ed63bc1301d2,34060e20ca6ca6de13d114a5b1b14cf4e1fd9ffccc3f7ec4453bb00d8b5646f1,a25ac292497f2a6aa4651613daf2c464c72b0eaec639359320cc6479bc122bda
reference_iii,4,3;5;7;10,aVR;aVF;V2;V5,474,0.9491957951911597,0.7705382436260623,0.9215116279069767,,,binary,,,,,,,,,,,,,,,,,,,,,3.478663800000504,42,ecdb2816fbfecf3ce41ff2e3263e3bdaefd75a5bba81a8e030b7390f03e8d244,cb2cb2e442afa8d7158b02e4fe0114cf68696a9bf9f10f2a89c0ed63bc1301d2,34060e20ca6ca6de13d114a5b1b14cf4e1fd9ffccc3f7ec4453bb00d8b5646f1,6b6dfd2c80dd065b37f21b410bfeeddac9e5a72f40560adef771318d1a5d45e8
reference_iii,4,3;5;7;11,aVR;aVF;V2;V6,474,0.9497576850139302,0.773371104815864,0.9147058823529411,,,binary,,,,,,,,,,,,,,,,,,,,,3.4330561999995552,42,ecdb2816fbfecf3ce41ff2e3263e3bdaefd75a5bba81a8e030b7390f03e8d244,cb2cb2e442afa8d7158b02e4fe0114cf68696a9bf9f10f2a89c0ed63bc1301d2,34060e20ca6ca6de13d114a5b1b14cf4e1fd9ffccc3f7ec4453bb00d8b5646f1,3d3736487ee1e2de9fe4052499d3c96c4808bfaa64019b515fdd9ed8d52c7179
reference_iii,4,3;5;8;9,aVR;aVF;V3;V4,474,0.9445367920773534,0.7620396600566572,0.9261939218523878,,,binary,,,,,,,,,,,,,,,,,,,,,3.4353670999989845,42,ecdb2816fbfecf3ce41ff2e3263e3bdaefd75a5bba81a8e030b7390f03e8d244,cb2cb2e442afa8d7158b02e4fe0114cf68696a9bf9f10f2a89c0ed63bc1301d2,34060e20ca6ca6de13d114a5b1b14cf4e1fd9ffccc3f7ec4453bb00d8b5646f1,2a09649b51f97a1b31c761e8c0468ccfafe18083d278c2c0c4365d87f371bef1
reference_iii,4,3;5;8;10,aVR;aVF;V3;V5,474,0.9458010441785872,0.7478753541076487,0.9159420289855073,,,binary,,,,,,,,,,,,,,,,,,,,,3.4149203000015405,42,ecdb2816fbfecf3ce41ff2e3263e3bdaefd75a5bba81a8e030b7390f03e8d244,cb2cb2e442afa8d7158b02e4fe0114cf68696a9bf9f10f2a89c0ed63bc1301d2,34060e20ca6ca6de13d114a5b1b14cf4e1fd9ffccc3f7ec4453bb00d8b5646f1,1473f15417899722a974b1a42818fbac58c6c4583eeece7a4a261f56a52acf4f
reference_iii,4,3;5;8;11,aVR;aVF;V3;V6,474,0.9469248238241285,0.7592067988668555,0.9136163982430454,,,binary,,,,,,,,,,,,,,,,,,,,,3.4026398999994854,42,ecdb2816fbfecf3ce41ff2e3263e3bdaefd75a5bba81a8e030b7390f03e8d244,cb2cb2e442afa8d7158b02e4fe0114cf68696a9bf9f10f2a89c0ed63bc1301d2,34060e20ca6ca6de13d114a5b1b14cf4e1fd9ffccc3f7ec4453bb00d8b5646f1,9f472e98cc49c6f41643a2d4ac4000e72d682a3738d7ff23cb48c77adbc4b307
reference_iii,4,3;5;9;10,aVR;aVF;V4;V5,474,0.945005033596329,0.7337110481586402,0.9143686502177069,,,binary,,,,,,,,,,,,,,,,,,,,,3.4008262000024843,42,ecdb2816fbfecf3ce41ff2e3263e3bdaefd75a5bba81a8e030b7390f03e8d244,cb2cb2e442afa8d7158b02e4fe0114cf68696a9bf9f10f2a89c0ed63bc1301d2,34060e20ca6ca6de13d114a5b1b14cf4e1fd9ffccc3f7ec4453bb00d8b5646f1,8fc9b9bd798677985803aea3d8f466dec67052731fe131beef9c4f2ab531c953
reference_iii,4,3;5;9;11,aVR;aVF;V4;V6,474,0.9458712804064336,0.7847025495750708,0.9177489177489178,,,binary,,,,,,,,,,,,,,,,,,,,,3.3353387999995903,42,ecdb2816fbfecf3ce41ff2e3263e3bdaefd75a5bba81a8e030b7390f03e8d244,cb2cb2e442afa8d7158b02e4fe0114cf68696a9bf9f10f2a89c0ed63bc1301d2,34060e20ca6ca6de13d114a5b1b14cf4e1fd9ffccc3f7ec4453bb00d8b5646f1,a1636780fc646dfcfbfa9ce5b322503ca1c05fa511471ab9f7aa849effa42f5a
reference_iii,4,3;5;10;11,aVR;aVF;V5;V6,474,0.944372907545712,0.7422096317280453,0.9085631349782293,,,binary,,,,,,,,,,,,,,,,,,,,,3.3350925000013376,42,ecdb2816fbfecf3ce41ff2e3263e3bdaefd75a5bba81a8e030b7390f03e8d244,cb2cb2e442afa8d7158b02e4fe0114cf68696a9bf9f10f2a89c0ed63bc1301d2,34060e20ca6ca6de13d114a5b1b14cf4e1fd9ffccc3f7ec4453bb00d8b5646f1,437f335d8273d3e41b391c9bb873d5d008fb803d64900254ef3c28565e4f267f
reference_iii,4,3;6;7;8,aVR;V1;V2;V3,474,0.944068550558378,0.7563739376770539,0.9197080291970803,,,binary,,,,,,,,,,,,,,,,,,,,,3.34181929999977,42,ecdb2816fbfecf3ce41ff2e3263e3bdaefd75a5bba81a8e030b7390f03e8d244,cb2cb2e442afa8d7158b02e4fe0114cf68696a9bf9f10f2a89c0ed63bc1301d2,34060e20ca6ca6de13d114a5b1b14cf4e1fd9ffccc3f7ec4453bb00d8b5646f1,01d85910c92bce813914233b90c3e93fcc5ca6044f294af8d8e2efdd4f1aa77a
reference_iii,4,3;6;7;9,aVR;V1;V2;V4,474,0.9497342729379814,0.7450424929178471,0.927536231884058,,,binary,,,,,,,,,,,,,,,,,,,,,3.334052000001975,42,ecdb2816fbfecf3ce41ff2e3263e3bdaefd75a5bba81a8e030b7390f03e8d244,cb2cb2e442afa8d7158b02e4fe0114cf68696a9bf9f10f2a89c0ed63bc1301d2,34060e20ca6ca6de13d114a5b1b14cf4e1fd9ffccc3f7ec4453bb00d8b5646f1,24c4bee35613162c5c77ab1bcfb76e02e6f6c2169fc4295c6d47a2e26442eada
reference_iii,4,3;6;7;10,aVR;V1;V2;V5,474,0.9503663989885983,0.7563739376770539,0.9246376811594202,,,binary,,,,,,,,,,,,,,,,,,,,,3.2851885999989463,42,ecdb2816fbfecf3ce41ff2e3263e3bdaefd75a5bba81a8e030b7390f03e8d244,cb2cb2e442afa8d7158b02e4fe0114cf68696a9bf9f10f2a89c0ed63bc1301d2,34060e20ca6ca6de13d114a5b1b14cf4e1fd9ffccc3f7ec4453bb00d8b5646f1,bd6a4e10147a948e081faa8cb8fd848b86406b4d2395162f70a30e37d61fc416
reference_iii,4,3;6;7;11,aVR;V1;V2;V6,474,0.9500152178493666,0.773371104815864,0.9244186046511628,,,binary,,,,,,,,,,,,,,,,,,,,,3.280515499998728,42,ecdb2816fbfecf3ce41ff2e3263e3bdaefd75a5bba81a8e030b7390f03e8d244,cb2cb2e442afa8d7158b02e4fe0114cf68696a9bf9f10f2a89c0ed63bc1301d2,34060e20ca6ca6de13d114a5b1b14cf4e1fd9ffccc3f7ec4453bb00d8b5646f1,0be329786217a4769cf7eeab8b5a50dd6c174842a91121baa3192993b51ecbec
reference_iii,4,3;6;8;9,aVR;V1;V3;V4,474,0.9476974223304381,0.7478753541076487,0.9154518950437318,,,binary,,,,,,,,,,,,,,,,,,,,,3.2220844000003126,42,ecdb2816fbfecf3ce41ff2e3263e3bdaefd75a5bba81a8e030b7390f03e8d244,cb2cb2e442afa8d7158b02e4fe0114cf68696a9bf9f10f2a89c0ed63bc1301d2,34060e20ca6ca6de13d114a5b1b14cf4e1fd9ffccc3f7ec4453bb00d8b5646f1,f6216a6a20ceb92e0f71b370c79015fa88f7ce8a864843482b7e87e1ec308306
reference_iii,4,3;6;8;10,aVR;V1;V3;V5,474,0.9476505981785405,0.7818696883852692,0.9162995594713657,,,binary,,,,,,,,,,,,,,,,,,,,,3.2207300000009127,42,ecdb2816fbfecf3ce41ff2e3263e3bdaefd75a5bba81a8e030b7390f03e8d244,cb2cb2e442afa8d7158b02e4fe0114cf68696a9bf9f10f2a89c0ed63bc1301d2,34060e20ca6ca6de13d114a5b1b14cf4e1fd9ffccc3f7ec4453bb00d8b5646f1,3d7948295091b94a7550406951a37357396e45568a6b7d165125902c64b71fc3
reference_iii,4,3;6;8;11,aVR;V1;V3;V6,474,0.9473228291152577,0.7677053824362606,0.9181286549707602,,,binary,,,,,,,,,,,,,,,,,,,,,3.2262995000019146,42,ecdb2816fbfecf3ce41ff2e3263e3bdaefd75a5bba81a8e030b7390f03e8d244,cb2cb2e442afa8d7158b02e4fe0114cf68696a9bf9f10f2a89c0ed63bc1301d2,34060e20ca6ca6de13d114a5b1b14cf4e1fd9ffccc3f7ec4453bb00d8b5646f1,91550a12f78be06242800de9c5cbf62cf926be148fef83e88ec14ac9280dec74
reference_iii,4,3;6;9;10,aVR;V1;V4;V5,474,0.9495938004822887,0.8016997167138811,0.9212827988338192,,,binary,,,,,,,,,,,,,,,,,,,,,3.218685200001346,42,ecdb2816fbfecf3ce41ff2e3263e3bdaefd75a5bba81a8e030b7390f03e8d244,cb2cb2e442afa8d7158b02e4fe0114cf68696a9bf9f10f2a89c0ed63bc1301d2,34060e20ca6ca6de13d114a5b1b14cf4e1fd9ffccc3f7ec4453bb00d8b5646f1,c1c13d1fdf20113cd8ad0c18da8925cd3169b5edf43827d5932c30c2e1235ddb
reference_iii,4,3;6;9;11,aVR;V1;V4;V6,474,0.9505302835202398,0.8073654390934845,0.9141193595342066,,,binary,,,,,,,,,,,,,,,,,,,,,3.216445499998372,42,ecdb2816fbfecf3ce41ff2e3263e3bdaefd75a5bba81a8e030b7390f03e8d244,cb2cb2e442afa8d7158b02e4fe0114cf68696a9bf9f10f2a89c0ed63bc1301d2,34060e20ca6ca6de13d114a5b1b14cf4e1fd9ffccc3f7ec4453bb00d8b5646f1,ff776a8bc05a2f186e05d742b0c8aaff1a6e1d363749435ceae90dd42df98ad5
reference_iii,4,3;6;10;11,aVR;V1;V5;V6,474,0.9509517008873176,0.7932011331444759,0.9175108538350217,,,binary,,,,,,,,,,,,,,,,,,,,,3.2170532000018284,42,ecdb2816fbfecf3ce41ff2e3263e3bdaefd75a5bba81a8e030b7390f03e8d244,cb2cb2e442afa8d7158b02e4fe0114cf68696a9bf9f10f2a89c0ed63bc1301d2,34060e20ca6ca6de13d114a5b1b14cf4e1fd9ffccc3f7ec4453bb00d8b5646f1,01cc71fe72ffa7722f31387fb9a1db40a335ea06fd6508251c64a4625ff491b1
reference_iii,4,3;7;8;9,aVR;V2;V3;V4,474,0.9492192072671084,0.773371104815864,0.9215116279069767,,,binary,,,,,,,,,,,,,,,,,,,,,3.2198564000027545,42,ecdb2816fbfecf3ce41ff2e3263e3bdaefd75a5bba81a8e030b7390f03e8d244,cb2cb2e442afa8d7158b02e4fe0114cf68696a9bf9f10f2a89c0ed63bc1301d2,34060e20ca6ca6de13d114a5b1b14cf4e1fd9ffccc3f7ec4453bb00d8b5646f1,f4b4eed466c1a9110451db8d168eee960da4d2afa1d42e7cca7d15b490a19c5d
reference_iii,4,3;7;8;10,aVR;V2;V3;V5,474,0.9501322782291106,0.7875354107648725,0.9167883211678832,,,binary,,,,,,,,,,,,,,,,,,,,,3.220378099998925,42,ecdb2816fbfecf3ce41ff2e3263e3bdaefd75a5bba81a8e030b7390f03e8d244,cb2cb2e442afa8d7158b02e4fe0114cf68696a9bf9f10f2a89c0ed63bc1301d2,34060e20ca6ca6de13d114a5b1b14cf4e1fd9ffccc3f7ec4453bb00d8b5646f1,d9169142fafa43c033e64b0926f70ab4351b2caead82f98ea882c4d06f8c4d1b
reference_iii,4,3;7;8;11,aVR;V2;V3;V6,474,0.9506707559759325,0.7847025495750708,0.9122807017543859,,,binary,,,,,,,,,,,,,,,,,,,,,3.3120600000002014,42,ecdb2816fbfecf3ce41ff2e3263e3bdaefd75a5bba81a8e030b7390f03e8d244,cb2cb2e442afa8d7158b02e4fe0114cf68696a9bf9f10f2a89c0ed63bc1301d2,34060e20ca6ca6de13d114a5b1b14cf4e1fd9ffccc3f7ec4453bb00d8b5646f1,974a0d2660bd2b17435f8dc286650ac639ad8509e727ca2b8fc57552a981b30a
reference_iii,4,3;7;9;10,aVR;V2;V4;V5,474,0.9503429869126495,0.7875354107648725,0.9172714078374455,,,binary,,,,,,,,,,,,,,,,,,,,,3.2945885000008275,42,ecdb2816fbfecf3ce41ff2e3263e3bdaefd75a5bba81a8e030b7390f03e8d244,cb2cb2e442afa8d7158b02e4fe0114cf68696a9bf9f10f2a89c0ed63bc1301d2,34060e20ca6ca6de13d114a5b1b14cf4e1fd9ffccc3f7ec4453bb00d8b5646f1,a85c46ba3d7f0254daf507f7f3b2a2ef16174b85c78cfe97f77d278dc1850c83
reference_iii,4,3;7;9;11,aVR;V2;V4;V6,474,0.9521691288366539,0.8016997167138811,0.9199417758369723,,,binary,,,,,,,,,,,,,,,,,,,,,3.2173516000002564,42,ecdb2816fbfecf3ce41ff2e3263e3bdaefd75a5bba81a8e030b7390f03e8d244,cb2cb2e442afa8d7158b02e4fe0114cf68696a9bf9f10f2a89c0ed63bc1301d2,34060e20ca6ca6de13d114a5b1b14cf4e1fd9ffccc3f7ec4453bb00d8b5646f1,92b704f1ede00b9838c9c4867763a37c7c6f5c705448a746bb486f1f0d1635af
reference_iii,4,3;7;10;11,aVR;V2;V5;V6,474,0.952169128836654,0.7875354107648725,0.9186046511627907,,,binary,,,,,,,,,,,,,,,,,,,,,3.2189390000021376,42,ecdb2816fbfecf3ce41ff2e3263e3bdaefd75a5bba81a8e030b7390f03e8d244,cb2cb2e442afa8d7158b02e4fe0114cf68696a9bf9f10f2a89c0ed63bc1301d2,34060e20ca6ca6de13d114a5b1b14cf4e1fd9ffccc3f7ec4453bb00d8b5646f1,fe7e07e80dcc3f764111e01f0e3e14240f58877b679d2d411b18b8ec295be522
reference_iii,4,3;8;9;10,aVR;V3;V4;V5,474,0.9477910706342333,0.7903682719546742,0.9183673469387755,,,binary,,,,,,,,,,,,,,,,,,,,,3.2201404999977967,42,ecdb2816fbfecf3ce41ff2e3263e3bdaefd75a5bba81a8e030b7390f03e8d244,cb2cb2e442afa8d7158b02e4fe0114cf68696a9bf9f10f2a89c0ed63bc1301d2,34060e20ca6ca6de13d114a5b1b14cf4e1fd9ffccc3f7ec4453bb00d8b5646f1,15fa4a6e4bbb5add567ffc54101ef9b1a4370e7ebad83541074658eff6dfafc9
reference_iii,4,3;8;9;11,aVR;V3;V4;V6,474,0.9484700208367476,0.7677053824362606,0.9181286549707602,,,binary,,,,,,,,,,,,,,,,,,,,,3.2217392999991716,42,ecdb2816fbfecf3ce41ff2e3263e3bdaefd75a5bba81a8e030b7390f03e8d244,cb2cb2e442afa8d7158b02e4fe0114cf68696a9bf9f10f2a89c0ed63bc1301d2,34060e20ca6ca6de13d114a5b1b14cf4e1fd9ffccc3f7ec4453bb00d8b5646f1,2c7fb819c3a6f003925717c64b9558296f78b7eacf3e5a603407c47e095f3e16
reference_iii,4,3;8;10;11,aVR;V3;V5;V6,474,0.9485636691405427,0.7903682719546742,0.9106881405563689,,,binary,,,,,,,,,,,,,,,,,,,,,3.2264958000014303,42,ecdb2816fbfecf3ce41ff2e3263e3bdaefd75a5bba81a8e030b7390f03e8d244,cb2cb2e442afa8d7158b02e4fe0114cf68696a9bf9f10f2a89c0ed63bc1301d2,34060e20ca6ca6de13d114a5b1b14cf4e1fd9ffccc3f7ec4453bb00d8b5646f1,b45645d9cb116373e4b2f06e8df3be9a62925f6bb2400545828e068e84f23a08
reference_iii,4,3;9;10;11,aVR;V4;V5;V6,474,0.9478378947861307,0.8271954674220963,0.9235209235209235,,,binary,,,,,,,,,,,,,,,,,,,,,3.2904015999993135,42,ecdb2816fbfecf3ce41ff2e3263e3bdaefd75a5bba81a8e030b7390f03e8d244,cb2cb2e442afa8d7158b02e4fe0114cf68696a9bf9f10f2a89c0ed63bc1301d2,34060e20ca6ca6de13d114a5b1b14cf4e1fd9ffccc3f7ec4453bb00d8b5646f1,b647c3100ab5e3ccf56239a8cc12f5378b766cacc1a39e306807f0f6f3942590
reference_iii,4,4;5;6;7,aVL;aVF;V1;V2,474,0.9480720155456186,0.7847025495750708,0.9215116279069767,,,binary,,,,,,,,,,,,,,,,,,,,,3.278066200000467,42,ecdb2816fbfecf3ce41ff2e3263e3bdaefd75a5bba81a8e030b7390f03e8d244,cb2cb2e442afa8d7158b02e4fe0114cf68696a9bf9f10f2a89c0ed63bc1301d2,34060e20ca6ca6de13d114a5b1b14cf4e1fd9ffccc3f7ec4453bb00d8b5646f1,58fb7af062e7bb31443d02d576012ba0238427ba360ced66f01d38edcc668379
reference_iii,4,4;5;6;8,aVL;aVF;V1;V3,474,0.9454264509634068,0.7563739376770539,0.9172714078374455,,,binary,,,,,,,,,,,,,,,,,,,,,3.2982733999997436,42,ecdb2816fbfecf3ce41ff2e3263e3bdaefd75a5bba81a8e030b7390f03e8d244,cb2cb2e442afa8d7158b02e4fe0114cf68696a9bf9f10f2a89c0ed63bc1301d2,34060e20ca6ca6de13d114a5b1b14cf4e1fd9ffccc3f7ec4453bb00d8b5646f1,8b10c634332c8f3e2cd6ffda9e601c8760d41ffbe4be37da32467c91b58bbc3d
reference_iii,4,4;5;6;9,aVL;aVF;V1;V4,474,0.948329548381055,0.7762039660056658,0.9199417758369723,,,binary,,,,,,,,,,,,,,,,,,,,,3.3483182999989367,42,ecdb2816fbfecf3ce41ff2e3263e3bdaefd75a5bba81a8e030b7390f03e8d244,cb2cb2e442afa8d7158b02e4fe0114cf68696a9bf9f10f2a89c0ed63bc1301d2,34060e20ca6ca6de13d114a5b1b14cf4e1fd9ffccc3f7ec4453bb00d8b5646f1,4ee48be0da6d7f1add872129646dc28af1bcdf89d44d800e9d96595ab156df74
reference_iii,4,4;5;6;10,aVL;aVF;V1;V5,474,0.9485870812164914,0.7705382436260623,0.9152046783625731,,,binary,,,,,,,,,,,,,,,,,,,,,3.2305656999997154,42,ecdb2816fbfecf3ce41ff2e3263e3bdaefd75a5bba81a8e030b7390f03e8d244,cb2cb2e442afa8d7158b02e4fe0114cf68696a9bf9f10f2a89c0ed63bc1301d2,34060e20ca6ca6de13d114a5b1b14cf4e1fd9ffccc3f7ec4453bb00d8b5646f1,69b86e11dd7b19cac1590403eb50bc4460bae9fb109e560897b7de3384c3a0ed
reference_iii,4,4;5;6;11,aVL;aVF;V1;V6,474,0.9493128555709034,0.7790368271954674,0.9183673469387755,,,binary,,,,,,,,,,,,,,,,,,,,,3.2333484000009776,42,ecdb2816fbfecf3ce41ff2e3263e3bdaefd75a5bba81a8e030b7390f03e8d244,cb2cb2e442afa8d7158b02e4fe0114cf68696a9bf9f10f2a89c0ed63bc1301d2,34060e20ca6ca6de13d114a5b1b14cf4e1fd9ffccc3f7ec4453bb00d8b5646f1,9936c588330f86d0d04e7c78a8d92ce2f19bb1df9fcecc7592b2f5fb9a701a55
reference_iii,4,4;5;7;8,aVL;aVF;V2;V3,474,0.9414229859761666,0.7393767705382436,0.906158357771261,,,binary,,,,,,,,,,,,,,,,,,,,,3.222145499999897,42,ecdb2816fbfecf3ce41ff2e3263e3bdaefd75a5bba81a8e030b7390f03e8d244,cb2cb2e442afa8d7158b02e4fe0114cf68696a9bf9f10f2a89c0ed63bc1301d2,34060e20ca6ca6de13d114a5b1b14cf4e1fd9ffccc3f7ec4453bb00d8b5646f1,20405595eaf9d9c6b091b4c28ce35e692753d92fc0916d50ac4c9c050eb8be54
reference_iii,4,4;5;7;9,aVL;aVF;V2;V4,474,0.9443963196216609,0.7847025495750708,0.910948905109489,,,binary,,,,,,,,,,,,,,,,,,,,,3.2217856999996,42,ecdb2816fbfecf3ce41ff2e3263e3bdaefd75a5bba81a8e030b7390f03e8d244,cb2cb2e442afa8d7158b02e4fe0114cf68696a9bf9f10f2a89c0ed63bc1301d2,34060e20ca6ca6de13d114a5b1b14cf4e1fd9ffccc3f7ec4453bb00d8b5646f1,901ca119033d8bf69840bb91501c9466031f44f0adbb9c4519ee896f5ac35130
reference_iii,4,4;5;7;10,aVL;aVF;V2;V5,474,0.948329548381055,0.7563739376770539,0.9183673469387755,,,binary,,,,,,,,,,,,,,,,,,,,,3.2221831000024395,42,ecdb2816fbfecf3ce41ff2e3263e3bdaefd75a5bba81a8e030b7390f03e8d244,cb2cb2e442afa8d7158b02e4fe0114cf68696a9bf9f10f2a89c0ed63bc1301d2,34060e20ca6ca6de13d114a5b1b14cf4e1fd9ffccc3f7ec4453bb00d8b5646f1,822b5a33e8021390a0addba34b0a48b60ed3a29cff64955fbbc69f3a51f6cfe0
reference_iii,4,4;5;7;11,aVL;aVF;V2;V6,474,0.9487275536721842,0.7762039660056658,0.9133627019089574,,,binary,,,,,,,,,,,,,,,,,,,,,3.228171499999007,42,ecdb2816fbfecf3ce41ff2e3263e3bdaefd75a5bba81a8e030b7390f03e8d244,cb2cb2e442afa8d7158b02e4fe0114cf68696a9bf9f10f2a89c0ed63bc1301d2,34060e20ca6ca6de13d114a5b1b14cf4e1fd9ffccc3f7ec4453bb00d8b5646f1,46bb07b59b0dda4b499c5bdd1ff32c58029abe83f43d9977888bd1b256538242
reference_iii,4,4;5;8;9,aVL;aVF;V3;V4,474,0.9429447709128368,0.7592067988668555,0.9154518950437318,,,binary,,,,,,,,,,,,,,,,,,,,,3.281772700000147,42,ecdb2816fbfecf3ce41ff2e3263e3bdaefd75a5bba81a8e030b7390f03e8d244,cb2cb2e442afa8d7158b02e4fe0114cf68696a9bf9f10f2a89c0ed63bc1301d2,34060e20ca6ca6de13d114a5b1b14cf4e1fd9ffccc3f7ec4453bb00d8b5646f1,1b92138464bce738f0099bf880209be47921bae2616811274cdaaafae41f50a8
reference_iii,4,4;5;8;10,aVL;aVF;V3;V5,474,0.9446538524570973,0.7677053824362606,0.9125364431486881,,,binary,,,,,,,,,,,,,,,,,,,,,3.3138017000019317,42,ecdb2816fbfecf3ce41ff2e3263e3bdaefd75a5bba81a8e030b7390f03e8d244,cb2cb2e442afa8d7158b02e4fe0114cf68696a9bf9f10f2a89c0ed63bc1301d2,34060e20ca6ca6de13d114a5b1b14cf4e1fd9ffccc3f7ec4453bb00d8b5646f1,2fd79d0bc155218fbda1365bf56dccddb5b20fbcdc907ec7899f0c74093b2bcd
reference_iii,4,4;5;8;11,aVL;aVF;V3;V6,474,0.946152225317819,0.7677053824362606,0.9120234604105572,,,binary,,,,,,,,,,,,,,,,,,,,,3.2939975000008417,42,ecdb2816fbfecf3ce41ff2e3263e3bdaefd75a5bba81a8e030b7390f03e8d244,cb2cb2e442afa8d7158b02e4fe0114cf68696a9bf9f10f2a89c0ed63bc1301d2,34060e20ca6ca6de13d114a5b1b14cf4e1fd9ffccc3f7ec4453bb00d8b5646f1,fd64c47091643f2d859ad59a189948bd89405ed0750db5e2c138a0290ee4dbdd
reference_iii,4,4;5;9;10,aVL;aVF;V4;V5,474,0.9461990494697164,0.7563739376770539,0.9188405797101449,,,binary,,,,,,,,,,,,,,,,,,,,,3.4100412000007054,42,ecdb2816fbfecf3ce41ff2e3263e3bdaefd75a5bba81a8e030b7390f03e8d244,cb2cb2e442afa8d7158b02e4fe0114cf68696a9bf9f10f2a89c0ed63bc1301d2,34060e20ca6ca6de13d114a5b1b14cf4e1fd9ffccc3f7ec4453bb00d8b5646f1,6dd538ddf946c4dd487c31e6a3b4cd6de42652d5376ced7997cbae66246ced6f
reference_iii,4,4;5;9;11,aVL;aVF;V4;V6,474,0.9452157422798679,0.773371104815864,0.9127906976744186,,,binary,,,,,,,,,,,,,,,,,,,,,3.4234450000003562,42,ecdb2816fbfecf3ce41ff2e3263e3bdaefd75a5bba81a8e030b7390f03e8d244,cb2cb2e442afa8d7158b02e4fe0114cf68696a9bf9f10f2a89c0ed63bc1301d2,34060e20ca6ca6de13d114a5b1b14cf4e1fd9ffccc3f7ec4453bb00d8b5646f1,434e29f82f09c3a8145058c3e4d23f232c4d19b0f31d9adad05a801e0e58d9b2
reference_iii,4,4;5;10;11,aVL;aVF;V5;V6,474,0.9447006766089949,0.7393767705382436,0.9127906976744186,,,binary,,,,,,,,,,,,,,,,,,,,,3.3944274999994377,42,ecdb2816fbfecf3ce41ff2e3263e3bdaefd75a5bba81a8e030b7390f03e8d244,cb2cb2e442afa8d7158b02e4fe0114cf68696a9bf9f10f2a89c0ed63bc1301d2,34060e20ca6ca6de13d114a5b1b14cf4e1fd9ffccc3f7ec4453bb00d8b5646f1,f635bd050774f93e4b78647f38497d28e26e8e63b3b5dce3e0eb2487340c0843
reference_iii,4,4;6;7;8,aVL;V1;V2;V3,474,0.932034743520708,0.71671388101983,0.9021897810218978,,,binary,,,,,,,,,,,,,,,,,,,,,3.337453899999673,42,ecdb2816fbfecf3ce41ff2e3263e3bdaefd75a5bba81a8e030b7390f03e8d244,cb2cb2e442afa8d7158b02e4fe0114cf68696a9bf9f10f2a89c0ed63bc1301d2,34060e20ca6ca6de13d114a5b1b14cf4e1fd9ffccc3f7ec4453bb00d8b5646f1,02744d74f36d4a9f1710cc600be5be26d84dc3a540f0c5a1a59d47c51ffb8fbf
reference_iii,4,4;6;7;9,aVL;V1;V2;V4,474,0.9420551120267833,0.7507082152974505,0.9159420289855073,,,binary,,,,,,,,,,,,,,,,,,,,,3.3551881999992474,42,ecdb2816fbfecf3ce41ff2e3263e3bdaefd75a5bba81a8e030b7390f03e8d244,cb2cb2e442afa8d7158b02e4fe0114cf68696a9bf9f10f2a89c0ed63bc1301d2,34060e20ca6ca6de13d114a5b1b14cf4e1fd9ffccc3f7ec4453bb00d8b5646f1,62700ecdedacda2e7447f3464e62c620138cc7411ae7ce1590a89a0a1918e056
reference_iii,4,4;6;7;10,aVL;V1;V2;V5,474,0.946152225317819,0.773371104815864,0.9130434782608695,,,binary,,,,,,,,,,,,,,,,,,,,,3.3505977999993775,42,ecdb2816fbfecf3ce41ff2e3263e3bdaefd75a5bba81a8e030b7390f03e8d244,cb2cb2e442afa8d7158b02e4fe0114cf68696a9bf9f10f2a89c0ed63bc1301d2,34060e20ca6ca6de13d114a5b1b14cf4e1fd9ffccc3f7ec4453bb00d8b5646f1,9ca0d74044f6fc61be87993855ce9422941ebf07880e2c579961a5b220b88992
reference_iii,4,4;6;7;11,aVL;V1;V2;V6,474,0.9450986819001241,0.7337110481586402,0.9104258443465492,,,binary,,,,,,,,,,,,,,,,,,,,,3.331226100002823,42,ecdb2816fbfecf3ce41ff2e3263e3bdaefd75a5bba81a8e030b7390f03e8d244,cb2cb2e442afa8d7158b02e4fe0114cf68696a9bf9f10f2a89c0ed63bc1301d2,34060e20ca6ca6de13d114a5b1b14cf4e1fd9ffccc3f7ec4453bb00d8b5646f1,7b1955d3e79d6fef4458225b410d010896b0eb2fc7b82e8076bfa38abc403115
reference_iii,4,4;6;8;9,aVL;V1;V3;V4,474,0.9395968440521622,0.7620396600566572,0.908029197080292,,,binary,,,,,,,,,,,,,,,,,,,,,3.364603999998508,42,ecdb2816fbfecf3ce41ff2e3263e3bdaefd75a5bba81a8e030b7390f03e8d244,cb2cb2e442afa8d7158b02e4fe0114cf68696a9bf9f10f2a89c0ed63bc1301d2,34060e20ca6ca6de13d114a5b1b14cf4e1fd9ffccc3f7ec4453bb00d8b5646f1,ee1e097619c719bae8bee063a18eff5d6796c3ff8dab7a4fccf4323ed1d8735e
reference_iii,4,4;6;8;10,aVL;V1;V3;V5,474,0.9426872380774004,0.7592067988668555,0.8980797636632201,,,binary,,,,,,,,,,,,,,,,,,,,,3.3808067999998457,42,ecdb2816fbfecf3ce41ff2e3263e3bdaefd75a5bba81a8e030b7390f03e8d244,cb2cb2e442afa8d7158b02e4fe0114cf68696a9bf9f10f2a89c0ed63bc1301d2,34060e20ca6ca6de13d114a5b1b14cf4e1fd9ffccc3f7ec4453bb00d8b5646f1,09c723c526abdaba1c4c39137dacc9e64729206f1c9d70a534317a09bc0fcd07
reference_iii,4,4;6;8;11,aVL;V1;V3;V6,474,0.9421721724065274,0.7535410764872521,0.8997050147492626,,,binary,,,,,,,,,,,,,,,,,,,,,3.364130499998282,42,ecdb2816fbfecf3ce41ff2e3263e3bdaefd75a5bba81a8e030b7390f03e8d244,cb2cb2e442afa8d7158b02e4fe0114cf68696a9bf9f10f2a89c0ed63bc1301d2,34060e20ca6ca6de13d114a5b1b14cf4e1fd9ffccc3f7ec4453bb00d8b5646f1,eaeec6881ff8b55e15697031f046b8cade5063b491dfafaa1ec58277e62af9fd
reference_iii,4,4;6;9;10,aVL;V1;V4;V5,474,0.9438812539507878,0.7478753541076487,0.9077598828696926,,,binary,,,,,,,,,,,,,,,,,,,,,3.3455365000008896,42,ecdb2816fbfecf3ce41ff2e3263e3bdaefd75a5bba81a8e030b7390f03e8d244,cb2cb2e442afa8d7158b02e4fe0114cf68696a9bf9f10f2a89c0ed63bc1301d2,34060e20ca6ca6de13d114a5b1b14cf4e1fd9ffccc3f7ec4453bb00d8b5646f1,9fb6372a6327b4fe3c6a0288158d3bf0570271bf71e6004c57a87133f9aba816
reference_iii,4,4;6;9;11,aVL;V1;V4;V6,474,0.9440685505583781,0.7677053824362606,0.908029197080292,,,binary,,,,,,,,,,,,,,,,,,,,,3.3380361999988963,42,ecdb2816fbfecf3ce41ff2e3263e3bdaefd75a5bba81a8e030b7390f03e8d244,cb2cb2e442afa8d7158b02e4fe0114cf68696a9bf9f10f2a89c0ed63bc1301d2,34060e20ca6ca6de13d114a5b1b14cf4e1fd9ffccc3f7ec4453bb00d8b5646f1,2be3b7ed2667f4a909c2ed609a7347a0fdf567635b7b9098a04e7fd3294e7f95
reference_iii,4,4;6;10;11,aVL;V1;V5;V6,474,0.9457542200266897,0.7535410764872521,0.9058823529411765,,,binary,,,,,,,,,,,,,,,,,,,,,3.3351091999975324,42,ecdb2816fbfecf3ce41ff2e3263e3bdaefd75a5bba81a8e030b7390f03e8d244,cb2cb2e442afa8d7158b02e4fe0114cf68696a9bf9f10f2a89c0ed63bc1301d2,34060e20ca6ca6de13d114a5b1b14cf4e1fd9ffccc3f7ec4453bb00d8b5646f1,e305750802026e58fe7c18e525edc4ebb242d0d514e8893c5806cd39ec018b6e
reference_iii,4,4;7;8;9,aVL;V2;V3;V4,474,0.9365532741788215,0.7450424929178471,0.9075144508670521,,,binary,,,,,,,,,,,,,,,,,,,,,3.3259084000019357,42,ecdb2816fbfecf3ce41ff2e3263e3bdaefd75a5bba81a8e030b7390f03e8d244,cb2cb2e442afa8d7158b02e4fe0114cf68696a9bf9f10f2a89c0ed63bc1301d2,34060e20ca6ca6de13d114a5b1b14cf4e1fd9ffccc3f7ec4453bb00d8b5646f1,5983d10c296cbfd4d9a38496d4b3ee1d8cd6597299e39cf99fe70d83797d763d
reference_iii,4,4;7;8;10,aVL;V2;V3;V5,474,0.9410483927609861,0.7308781869688386,0.9101449275362319,,,binary,,,,,,,,,,,,,,,,,,,,,3.3305890999981784,42,ecdb2816fbfecf3ce41ff2e3263e3bdaefd75a5bba81a8e030b7390f03e8d244,cb2cb2e442afa8d7158b02e4fe0114cf68696a9bf9f10f2a89c0ed63bc1301d2,34060e20ca6ca6de13d114a5b1b14cf4e1fd9ffccc3f7ec4453bb00d8b5646f1,27abd221bca52172fa84c9896c9b9e5c3482fd4f713f0ac401e472f590cd4d14
reference_iii,4,4;7;8;11,aVL;V2;V3;V6,474,0.9388476576218013,0.7563739376770539,0.9056603773584906,,,binary,,,,,,,,,,,,,,,,,,,,,3.3230962000016007,42,ecdb2816fbfecf3ce41ff2e3263e3bdaefd75a5bba81a8e030b7390f03e8d244,cb2cb2e442afa8d7158b02e4fe0114cf68696a9bf9f10f2a89c0ed63bc1301d2,34060e20ca6ca6de13d114a5b1b14cf4e1fd9ffccc3f7ec4453bb00d8b5646f1,80c7a60bc755cdc366378925910f144db08fd90e4c470daf6adf962c717ea4cc
reference_iii,4,4;7;9;10,aVL;V2;V4;V5,474,0.9445367920773535,0.7507082152974505,0.9122302158273381,,,binary,,,,,,,,,,,,,,,,,,,,,3.336204200000793,42,ecdb2816fbfecf3ce41ff2e3263e3bdaefd75a5bba81a8e030b7390f03e8d244,cb2cb2e442afa8d7158b02e4fe0114cf68696a9bf9f10f2a89c0ed63bc1301d2,34060e20ca6ca6de13d114a5b1b14cf4e1fd9ffccc3f7ec4453bb00d8b5646f1,32aa3732fd7f43a42556c70cb06a2e595952fe67a1845fdb15293a408e2fc2db
reference_iii,4,4;7;9;11,aVL;V2;V4;V6,474,0.9420316999508346,0.7592067988668555,0.9088277858176556,,,binary,,,,,,,,,,,,,,,,,,,,,3.3856847999995807,42,ecdb2816fbfecf3ce41ff2e3263e3bdaefd75a5bba81a8e030b7390f03e8d244,cb2cb2e442afa8d7158b02e4fe0114cf68696a9bf9f10f2a89c0ed63bc1301d2,34060e20ca6ca6de13d114a5b1b14cf4e1fd9ffccc3f7ec4453bb00d8b5646f1,5652cc3e1f7ee517143f7778e9a8ec6b56d1c52640805cc24304dddda31d75a0
reference_iii,4,4;7;10;11,aVL;V2;V5;V6,474,0.9445133800014047,0.7535410764872521,0.9059334298118669,,,binary,,,,,,,,,,,,,,,,,,,,,3.3624778000012157,42,ecdb2816fbfecf3ce41ff2e3263e3bdaefd75a5bba81a8e030b7390f03e8d244,cb2cb2e442afa8d7158b02e4fe0114cf68696a9bf9f10f2a89c0ed63bc1301d2,34060e20ca6ca6de13d114a5b1b14cf4e1fd9ffccc3f7ec4453bb00d8b5646f1,cd413462979a328264dfaa7359bbe50782fc1b66f070670d6d5fd8fee0d700bd
reference_iii,4,4;8;9;10,aVL;V3;V4;V5,474,0.941071804836935,0.7393767705382436,0.9074889867841409,,,binary,,,,,,,,,,,,,,,,,,,,,3.3538661999991746,42,ecdb2816fbfecf3ce41ff2e3263e3bdaefd75a5bba81a8e030b7390f03e8d244,cb2cb2e442afa8d7158b02e4fe0114cf68696a9bf9f10f2a89c0ed63bc1301d2,34060e20ca6ca6de13d114a5b1b14cf4e1fd9ffccc3f7ec4453bb00d8b5646f1,8e45e7d387615ef2721f501206ba04dec0125148262fad8adf5bc5a55efa13e2
reference_iii,4,4;8;9;11,aVL;V3;V4;V6,474,0.9390583663053403,0.7450424929178471,0.9008746355685131,,,binary,,,,,,,,,,,,,,,,,,,,,3.3812587000029453,42,ecdb2816fbfecf3ce41ff2e3263e3bdaefd75a5bba81a8e030b7390f03e8d244,cb2cb2e442afa8d7158b02e4fe0114cf68696a9bf9f10f2a89c0ed63bc1301d2,34060e20ca6ca6de13d114a5b1b14cf4e1fd9ffccc3f7ec4453bb00d8b5646f1,9b7e8467e0c0e2320a7917501abbdbde1a699a9f97a68cbf52d610db687379d3
reference_iii,4,4;8;10;11,aVL;V3;V5;V6,474,0.9419380516470396,0.7422096317280453,0.9039881831610044,,,binary,,,,,,,,,,,,,,,,,,,,,3.355094200000167,42,ecdb2816fbfecf3ce41ff2e3263e3bdaefd75a5bba81a8e030b7390f03e8d244,cb2cb2e442afa8d7158b02e4fe0114cf68696a9bf9f10f2a89c0ed63bc1301d2,34060e20ca6ca6de13d114a5b1b14cf4e1fd9ffccc3f7ec4453bb00d8b5646f1,ec9506500d03030ab43c49682d81b9d2db0681af7fa5017734ba97f6d4729fb9
reference_iii,4,4;9;10;11,aVL;V4;V5;V6,474,0.9423828810900662,0.7507082152974505,0.9096209912536443,,,binary,,,,,,,,,,,,,,,,,,,,,3.345982800001366,42,ecdb2816fbfecf3ce41ff2e3263e3bdaefd75a5bba81a8e030b7390f03e8d244,cb2cb2e442afa8d7158b02e4fe0114cf68696a9bf9f10f2a89c0ed63bc1301d2,34060e20ca6ca6de13d114a5b1b14cf4e1fd9ffccc3f7ec4453bb00d8b5646f1,0523ac2d5e29ec6ab998eea634bcd465931bc9457be29508ce20daa5ec2b16b4
reference_iii,4,5;6;7;8,aVF;V1;V2;V3,474,0.9418209912672957,0.773371104815864,0.9112081513828238,,,binary,,,,,,,,,,,,,,,,,,,,,3.336875600001804,42,ecdb2816fbfecf3ce41ff2e3263e3bdaefd75a5bba81a8e030b7390f03e8d244,cb2cb2e442afa8d7158b02e4fe0114cf68696a9bf9f10f2a89c0ed63bc1301d2,34060e20ca6ca6de13d114a5b1b14cf4e1fd9ffccc3f7ec4453bb00d8b5646f1,855ac7fd2a9bb492642055b620120338c41b7f34b16a5e356aa58dc1ee4e5ca5
reference_iii,4,5;6;7;9,aVF;V1;V2;V4,474,0.9469248238241285,0.7903682719546742,0.9077598828696926,,,binary,,,,,,,,,,,,,,,,,,,,,3.352257100003044,42,ecdb2816fbfecf3ce41ff2e3263e3bdaefd75a5bba81a8e030b7390f03e8d244,cb2cb2e442afa8d7158b02e4fe0114cf68696a9bf9f10f2a89c0ed63bc1301d2,34060e20ca6ca6de13d114a5b1b14cf4e1fd9ffccc3f7ec4453bb00d8b5646f1,5dad467ee5c815361d57078f3042cde336b13d8268c09a8ada4ea2cc950695a6
reference_iii,4,5;6;7;10,aVF;V1;V2;V5,474,0.9509751129632664,0.7705382436260623,0.9154518950437318,,,binary,,,,,,,,,,,,,,,,,,,,,3.3248765999996976,42,ecdb2816fbfecf3ce41ff2e3263e3bdaefd75a5bba81a8e030b7390f03e8d244,cb2cb2e442afa8d7158b02e4fe0114cf68696a9bf9f10f2a89c0ed63bc1301d2,34060e20ca6ca6de13d114a5b1b14cf4e1fd9ffccc3f7ec4453bb00d8b5646f1,1f9ed1c5739d4a1be28908fe7b1e119b19547082f45323894c02f0ee4dcfc47d
reference_iii,4,5;6;7;11,aVF;V1;V2;V6,474,0.9505536955961885,0.7818696883852692,0.9147058823529411,,,binary,,,,,,,,,,,,,,,,,,,,,3.3277247000005445,42,ecdb2816fbfecf3ce41ff2e3263e3bdaefd75a5bba81a8e030b7390f03e8d244,cb2cb2e442afa8d7158b02e4fe0114cf68696a9bf9f10f2a89c0ed63bc1301d2,34060e20ca6ca6de13d114a5b1b14cf4e1fd9ffccc3f7ec4453bb00d8b5646f1,b5af37d4fe2d867ff5fb622cf45960797ebc28f726deea2f3dd79cd98c09c312
reference_iii,4,5;6;8;9,aVF;V1;V3;V4,474,0.943974902254583,0.773371104815864,0.910948905109489,,,binary,,,,,,,,,,,,,,,,,,,,,3.3505850000001374,42,ecdb2816fbfecf3ce41ff2e3263e3bdaefd75a5bba81a8e030b7390f03e8d244,cb2cb2e442afa8d7158b02e4fe0114cf68696a9bf9f10f2a89c0ed63bc1301d2,34060e20ca6ca6de13d114a5b1b14cf4e1fd9ffccc3f7ec4453bb00d8b5646f1,8fa644adf400f0dc222aa3ae1e1280eb86783ded5142ce9a1fdd4908529860b6
reference_iii,4,5;6;8;10,aVF;V1;V3;V5,474,0.9469482359000772,0.7932011331444759,0.9154518950437318,,,binary,,,,,,,,,,,,,,,,,,,,,3.34544779999851,42,ecdb2816fbfecf3ce41ff2e3263e3bdaefd75a5bba81a8e030b7390f03e8d244,cb2cb2e442afa8d7158b02e4fe0114cf68696a9bf9f10f2a89c0ed63bc1301d2,34060e20ca6ca6de13d114a5b1b14cf4e1fd9ffccc3f7ec4453bb00d8b5646f1,3c533abdcb534e7943808e0f86ec41c273270e98fecf5ab82b6e41e5ea4b44f4
reference_iii,4,5;6;8;11,aVF;V1;V3;V6,474,0.9474867136468991,0.7790368271954674,0.9138686131386862,,,binary,,,,,,,,,,,,,,,,,,,,,3.327426200001355,42,ecdb2816fbfecf3ce41ff2e3263e3bdaefd75a5bba81a8e030b7390f03e8d244,cb2cb2e442afa8d7158b02e4fe0114cf68696a9bf9f10f2a89c0ed63bc1301d2,34060e20ca6ca6de13d114a5b1b14cf4e1fd9ffccc3f7ec4453bb00d8b5646f1,a75241184fcd84cbd60b323fbac5414e4aab8f8c00d6932ced551736e1fd1641
reference_iii,4,5;6;9;10,aVF;V1;V4;V5,474,0.9488212019759792,0.8045325779036827,0.9149560117302052,,,binary,,,,,,,,,,,,,,,,,,,,,3.325384600000689,42,ecdb2816fbfecf3ce41ff2e3263e3bdaefd75a5bba81a8e030b7390f03e8d244,cb2cb2e442afa8d7158b02e4fe0114cf68696a9bf9f10f2a89c0ed63bc1301d2,34060e20ca6ca6de13d114a5b1b14cf4e1fd9ffccc3f7ec4453bb00d8b5646f1,2099b3ab64f7a24b8f1e2618e1973d244def51ed380022a9131288aa9e42919a
reference_iii,4,5;6;9;11,aVF;V1;V4;V6,474,0.9495001521784937,0.8073654390934845,0.9096209912536443,,,binary,,,,,,,,,,,,,,,,,,,,,3.323453900000459,42,ecdb2816fbfecf3ce41ff2e3263e3bdaefd75a5bba81a8e030b7390f03e8d244,cb2cb2e442afa8d7158b02e4fe0114cf68696a9bf9f10f2a89c0ed63bc1301d2,34060e20ca6ca6de13d114a5b1b14cf4e1fd9ffccc3f7ec4453bb00d8b5646f1,5d765128be8371d2c673aef5a77ee21c72109970ce47462442de2446fd7023ca
reference_iii,4,5;6;10;11,aVF;V1;V5;V6,474,0.9494767401025449,0.7960339943342776,0.910948905109489,,,binary,,,,,,,,,,,,,,,,,,,,,3.3170668999991904,42,ecdb2816fbfecf3ce41ff2e3263e3bdaefd75a5bba81a8e030b7390f03e8d244,cb2cb2e442afa8d7158b02e4fe0114cf68696a9bf9f10f2a89c0ed63bc1301d2,34060e20ca6ca6de13d114a5b1b14cf4e1fd9ffccc3f7ec4453bb00d8b5646f1,b5586acae8a845f565089cf2887d1d869a5196f3d1167a15216472d7593748bc
reference_iii,4,5;7;8;9,aVF;V2;V3;V4,474,0.940861096153396,0.7903682719546742,0.9056603773584906,,,binary,,,,,,,,,,,,,,,,,,,,,3.344226199998957,42,ecdb2816fbfecf3ce41ff2e3263e3bdaefd75a5bba81a8e030b7390f03e8d244,cb2cb2e442afa8d7158b02e4fe0114cf68696a9bf9f10f2a89c0ed63bc1301d2,34060e20ca6ca6de13d114a5b1b14cf4e1fd9ffccc3f7ec4453bb00d8b5646f1,3aa345498f1a9a62205ce58349942fbe966b0a2935317302e28b31e0da327bea
reference_iii,4,5;7;8;10,aVF;V2;V3;V5,474,0.946362934001358,0.7932011331444759,0.9127906976744186,,,binary,,,,,,,,,,,,,,,,,,,,,3.333470599998691,42,ecdb2816fbfecf3ce41ff2e3263e3bdaefd75a5bba81a8e030b7390f03e8d244,cb2cb2e442afa8d7158b02e4fe0114cf68696a9bf9f10f2a89c0ed63bc1301d2,34060e20ca6ca6de13d114a5b1b14cf4e1fd9ffccc3f7ec4453bb00d8b5646f1,dc6df43f5a382bf2f8abe445e3763f4c54b88fe558e38b9978652d2fa8ef79e5
reference_iii,4,5;7;8;11,aVF;V2;V3;V6,474,0.9434364245077611,0.773371104815864,0.9085631349782293,,,binary,,,,,,,,,,,,,,,,,,,,,3.331779500000266,42,ecdb2816fbfecf3ce41ff2e3263e3bdaefd75a5bba81a8e030b7390f03e8d244,cb2cb2e442afa8d7158b02e4fe0114cf68696a9bf9f10f2a89c0ed63bc1301d2,34060e20ca6ca6de13d114a5b1b14cf4e1fd9ffccc3f7ec4453bb00d8b5646f1,eb2212d82fcdd008ad98a6f7505e7847ddbf3faea923e972d627470042901a78
reference_iii,4,5;7;9;10,aVF;V2;V4;V5,474,0.9463395219254092,0.7988668555240793,0.9170305676855895,,,binary,,,,,,,,,,,,,,,,,,,,,3.325782399999298,42,ecdb2816fbfecf3ce41ff2e3263e3bdaefd75a5bba81a8e030b7390f03e8d244,cb2cb2e442afa8d7158b02e4fe0114cf68696a9bf9f10f2a89c0ed63bc1301d2,34060e20ca6ca6de13d114a5b1b14cf4e1fd9ffccc3f7ec4453bb00d8b5646f1,7314aff7394c2178e9446c8aa5213ea01e894c4f7a123a5f164ef48973312529
reference_iii,4,5;7;9;11,aVF;V2;V4;V6,474,0.9453328026596118,0.7847025495750708,0.9106881405563689,,,binary,,,,,,,,,,,,,,,,,,,,,3.326853700000356,42,ecdb2816fbfecf3ce41ff2e3263e3bdaefd75a5bba81a8e030b7390f03e8d244,cb2cb2e442afa8d7158b02e4fe0114cf68696a9bf9f10f2a89c0ed63bc1301d2,34060e20ca6ca6de13d114a5b1b14cf4e1fd9ffccc3f7ec4453bb00d8b5646f1,1b680153033fbe16ef0326d0a6f3c3beb9a8f2c8ae2b1b291fdbfdd60fbb8e4c
reference_iii,4,5;7;10;11,aVF;V2;V5;V6,474,0.9487041415962353,0.7790368271954674,0.9125364431486881,,,binary,,,,,,,,,,,,,,,,,,,,,3.3260707999979786,42,ecdb2816fbfecf3ce41ff2e3263e3bdaefd75a5bba81a8e030b7390f03e8d244,cb2cb2e442afa8d7158b02e4fe0114cf68696a9bf9f10f2a89c0ed63bc1301d2,34060e20ca6ca6de13d114a5b1b14cf4e1fd9ffccc3f7ec4453bb00d8b5646f1,60bf90cf779d4c9f199ba94fc175301fdc393c01f92c63858ea416a0068d73a9
reference_iii,4,5;8;9;10,aVF;V3;V4;V5,474,0.9448177369887388,0.7620396600566572,0.914616497829233,,,binary,,,,,,,,,,,,,,,,,,,,,3.328925000001618,42,ecdb2816fbfecf3ce41ff2e3263e3bdaefd75a5bba81a8e030b7390f03e8d244,cb2cb2e442afa8d7158b02e4fe0114cf68696a9bf9f10f2a89c0ed63bc1301d2,34060e20ca6ca6de13d114a5b1b14cf4e1fd9ffccc3f7ec4453bb00d8b5646f1,5dcbce72ee0207783aae925cdfe6523bc35b39823ce28d10a5f33dd6c3f2b42b
reference_iii,4,5;8;9;11,aVF;V3;V4;V6,474,0.9436705452672488,0.7620396600566572,0.9117221418234442,,,binary,,,,,,,,,,,,,,,,,,,,,3.321455599998444,42,ecdb2816fbfecf3ce41ff2e3263e3bdaefd75a5bba81a8e030b7390f03e8d244,cb2cb2e442afa8d7158b02e4fe0114cf68696a9bf9f10f2a89c0ed63bc1301d2,34060e20ca6ca6de13d114a5b1b14cf4e1fd9ffccc3f7ec4453bb00d8b5646f1,c70121e10cc4f646586d88ca1f7a734d22639d8143c08491be5e6ea0f06cd30f
reference_iii,4,5;8;10;11,aVF;V3;V5;V6,474,0.9470184721279236,0.7620396600566572,0.9101449275362319,,,binary,,,,,,,,,,,,,,,,,,,,,3.3207175999996252,42,ecdb2816fbfecf3ce41ff2e3263e3bdaefd75a5bba81a8e030b7390f03e8d244,cb2cb2e442afa8d7158b02e4fe0114cf68696a9bf9f10f2a89c0ed63bc1301d2,34060e20ca6ca6de13d114a5b1b14cf4e1fd9ffccc3f7ec4453bb00d8b5646f1,3d1ac33d56d2e14d1976924449df559520b17aa6ba87be6b06b6069559104ca9
reference_iii,4,5;9;10;11,aVF;V4;V5;V6,474,0.9458244562545362,0.7847025495750708,0.9143686502177069,,,binary,,,,,,,,,,,,,,,,,,,,,3.325571999997919,42,ecdb2816fbfecf3ce41ff2e3263e3bdaefd75a5bba81a8e030b7390f03e8d244,cb2cb2e442afa8d7158b02e4fe0114cf68696a9bf9f10f2a89c0ed63bc1301d2,34060e20ca6ca6de13d114a5b1b14cf4e1fd9ffccc3f7ec4453bb00d8b5646f1,7680c2faf5a65d2492304633dc26207ffb09e798689274e35a551ec15f6b94ad
reference_iii,4,6;7;8;9,V1;V2;V3;V4,474,0.9379111745838503,0.7875354107648725,0.9042709867452136,,,binary,,,,,,,,,,,,,,,,,,,,,3.3253339000002597,42,ecdb2816fbfecf3ce41ff2e3263e3bdaefd75a5bba81a8e030b7390f03e8d244,cb2cb2e442afa8d7158b02e4fe0114cf68696a9bf9f10f2a89c0ed63bc1301d2,34060e20ca6ca6de13d114a5b1b14cf4e1fd9ffccc3f7ec4453bb00d8b5646f1,876b3ceeae704e6c52c1158e039b942c5f42812486f5ff6952a0e735cdc0c655
reference_iii,4,6;7;8;10,V1;V2;V3;V5,474,0.9417741671153981,0.7507082152974505,0.9106881405563689,,,binary,,,,,,,,,,,,,,,,,,,,,3.3546056999985012,42,ecdb2816fbfecf3ce41ff2e3263e3bdaefd75a5bba81a8e030b7390f03e8d244,cb2cb2e442afa8d7158b02e4fe0114cf68696a9bf9f10f2a89c0ed63bc1301d2,34060e20ca6ca6de13d114a5b1b14cf4e1fd9ffccc3f7ec4453bb00d8b5646f1,10b7069385e60f8f9b59270c41fd3f63debf82549017487de79a969999b19216
reference_iii,4,6;7;8;11,V1;V2;V3;V6,474,0.9403694425584717,0.7563739376770539,0.9029411764705882,,,binary,,,,,,,,,,,,,,,,,,,,,3.324243299997761,42,ecdb2816fbfecf3ce41ff2e3263e3bdaefd75a5bba81a8e030b7390f03e8d244,cb2cb2e442afa8d7158b02e4fe0114cf68696a9bf9f10f2a89c0ed63bc1301d2,34060e20ca6ca6de13d114a5b1b14cf4e1fd9ffccc3f7ec4453bb00d8b5646f1,144c20b7b3c2df6cfb71dcdb4bd174f7f6857a3ca7f515665323207a0632e183
reference_iii,4,6;7;9;10,V1;V2;V4;V5,474,0.9428511226090418,0.7620396600566572,0.9125364431486881,,,binary,,,,,,,,,,,,,,,,,,,,,3.3231417999995756,42,ecdb2816fbfecf3ce41ff2e3263e3bdaefd75a5bba81a8e030b7390f03e8d244,cb2cb2e442afa8d7158b02e4fe0114cf68696a9bf9f10f2a89c0ed63bc1301d2,34060e20ca6ca6de13d114a5b1b14cf4e1fd9ffccc3f7ec4453bb00d8b5646f1,afacbd90f85e08d94e81e0c0c6f8efeff46a2904db2f1081c776d5da4bd8a2c1
reference_iii,4,6;7;9;11,V1;V2;V4;V6,474,0.9428745346849904,0.7563739376770539,0.9082969432314411,,,binary,,,,,,,,,,,,,,,,,,,,,3.3194046999997227,42,ecdb2816fbfecf3ce41ff2e3263e3bdaefd75a5bba81a8e030b7390f03e8d244,cb2cb2e442afa8d7158b02e4fe0114cf68696a9bf9f10f2a89c0ed63bc1301d2,34060e20ca6ca6de13d114a5b1b14cf4e1fd9ffccc3f7ec4453bb00d8b5646f1,daa93042201ec21828b189936eb66c4380a7aba58d45a77dd39857b1544ecbb3
reference_iii,4,6;7;10;11,V1;V2;V5;V6,474,0.9458478683304848,0.7677053824362606,0.9112081513828238,,,binary,,,,,,,,,,,,,,,,,,,,,3.3274789999995846,42,ecdb2816fbfecf3ce41ff2e3263e3bdaefd75a5bba81a8e030b7390f03e8d244,cb2cb2e442afa8d7158b02e4fe0114cf68696a9bf9f10f2a89c0ed63bc1301d2,34060e20ca6ca6de13d114a5b1b14cf4e1fd9ffccc3f7ec4453bb00d8b5646f1,7a1105f886c3a3f9999c7c32c163058755be8ca6cd86cc35940ca09d9333fce6
reference_iii,4,6;8;9;10,V1;V3;V4;V5,474,0.9428511226090418,0.7535410764872521,0.9088235294117647,,,binary,,,,,,,,,,,,,,,,,,,,,3.325914199998806,42,ecdb2816fbfecf3ce41ff2e3263e3bdaefd75a5bba81a8e030b7390f03e8d244,cb2cb2e442afa8d7158b02e4fe0114cf68696a9bf9f10f2a89c0ed63bc1301d2,34060e20ca6ca6de13d114a5b1b14cf4e1fd9ffccc3f7ec4453bb00d8b5646f1,3e193065d11fbbb5d5f5f5417c910afbf33b8d2bb201ee343e06168180b6339e
reference_iii,4,6;8;9;11,V1;V3;V4;V6,474,0.9417741671153982,0.7478753541076487,0.9093567251461988,,,binary,,,,,,,,,,,,,,,,,,,,,3.3300019999987853,42,ecdb2816fbfecf3ce41ff2e3263e3bdaefd75a5bba81a8e030b7390f03e8d244,cb2cb2e442afa8d7158b02e4fe0114cf68696a9bf9f10f2a89c0ed63bc1301d2,34060e20ca6ca6de13d114a5b1b14cf4e1fd9ffccc3f7ec4453bb00d8b5646f1,f3e701709f2e971bb3c3de15461be750354e3ed4e2f00267b755dd35c09cf605
reference_iii,4,6;8;10;11,V1;V3;V5;V6,474,0.9432959520520684,0.7365439093484419,0.9090909090909091,,,binary,,,,,,,,,,,,,,,,,,,,,3.322707100000116,42,ecdb2816fbfecf3ce41ff2e3263e3bdaefd75a5bba81a8e030b7390f03e8d244,cb2cb2e442afa8d7158b02e4fe0114cf68696a9bf9f10f2a89c0ed63bc1301d2,34060e20ca6ca6de13d114a5b1b14cf4e1fd9ffccc3f7ec4453bb00d8b5646f1,6b7991a4ca370adb8f0692a63450deeece96826661b2147abd50ef640219595b
reference_iii,4,6;9;10;11,V1;V4;V5;V6,474,0.9456137475709971,0.7847025495750708,0.9181286549707602,,,binary,,,,,,,,,,,,,,,,,,,,,3.317670000000362,42,ecdb2816fbfecf3ce41ff2e3263e3bdaefd75a5bba81a8e030b7390f03e8d244,cb2cb2e442afa8d7158b02e4fe0114cf68696a9bf9f10f2a89c0ed63bc1301d2,34060e20ca6ca6de13d114a5b1b14cf4e1fd9ffccc3f7ec4453bb00d8b5646f1,dc6674f20c748c69284f002da42ad42e5a968bf73deda9d9f7d71330e361f593
reference_iii,4,7;8;9;10,V2;V3;V4;V5,474,0.9406972116217545,0.7422096317280453,0.9069767441860465,,,binary,,,,,,,,,,,,,,,,,,,,,3.3213430999967386,42,ecdb2816fbfecf3ce41ff2e3263e3bdaefd75a5bba81a8e030b7390f03e8d244,cb2cb2e442afa8d7158b02e4fe0114cf68696a9bf9f10f2a89c0ed63bc1301d2,34060e20ca6ca6de13d114a5b1b14cf4e1fd9ffccc3f7ec4453bb00d8b5646f1,bfa315d1f1fd7fa4cd37398a4c489acea579c215771424bc3d6873f3267f46a3
reference_iii,4,7;8;9;11,V2;V3;V4;V6,474,0.938473064406621,0.7393767705382436,0.9067055393586005,,,binary,,,,,,,,,,,,,,,,,,,,,3.329643799999758,42,ecdb2816fbfecf3ce41ff2e3263e3bdaefd75a5bba81a8e030b7390f03e8d244,cb2cb2e442afa8d7158b02e4fe0114cf68696a9bf9f10f2a89c0ed63bc1301d2,34060e20ca6ca6de13d114a5b1b14cf4e1fd9ffccc3f7ec4453bb00d8b5646f1,1e066943221302c7ee9209b7ce7a933d2115110e957fc688e49cce3872dfb1a7
reference_iii,4,7;8;10;11,V2;V3;V5;V6,474,0.9427106501533491,0.7223796033994334,0.9096209912536443,,,binary,,,,,,,,,,,,,,,,,,,,,3.3282732000006945,42,ecdb2816fbfecf3ce41ff2e3263e3bdaefd75a5bba81a8e030b7390f03e8d244,cb2cb2e442afa8d7158b02e4fe0114cf68696a9bf9f10f2a89c0ed63bc1301d2,34060e20ca6ca6de13d114a5b1b14cf4e1fd9ffccc3f7ec4453bb00d8b5646f1,fa6d69cc7ad26280e9f2529b2aea805b8474433a752be8fe64e3de6293997774
reference_iii,4,7;9;10;11,V2;V4;V5;V6,474,0.946362934001358,0.7648725212464589,0.9127906976744186,,,binary,,,,,,,,,,,,,,,,,,,,,3.3986335000008694,42,ecdb2816fbfecf3ce41ff2e3263e3bdaefd75a5bba81a8e030b7390f03e8d244,cb2cb2e442afa8d7158b02e4fe0114cf68696a9bf9f10f2a89c0ed63bc1301d2,34060e20ca6ca6de13d114a5b1b14cf4e1fd9ffccc3f7ec4453bb00d8b5646f1,8f6cab9e9ad6a5099fcc5a181f1302078f148a6695a26a5d153cbabf43e9468d
reference_iii,4,8;9;10;11,V3;V4;V5;V6,474,0.9441153747102755,0.7308781869688386,0.9106881405563689,,,binary,,,,,,,,,,,,,,,,,,,,,3.3441736999993736,42,ecdb2816fbfecf3ce41ff2e3263e3bdaefd75a5bba81a8e030b7390f03e8d244,cb2cb2e442afa8d7158b02e4fe0114cf68696a9bf9f10f2a89c0ed63bc1301d2,34060e20ca6ca6de13d114a5b1b14cf4e1fd9ffccc3f7ec4453bb00d8b5646f1,baf0b368872fdda3dc1627c2dc57bc467a5aa0562c11f9fbef42dc72a72af155
